lcsc,clase,parte,fabricante,valor,huella,stock,precio,categoria,descripcion
C7955,Basic Component,LM393DR2G,onsemi,LM393DR2G,SOIC-8_L5.0-W4.0-P1.27-LS6.0-BL,353540,0.098USD,"Amplifiers,Comparators",5mV 250nA SOIC-8 Comparators ROHS
C18229,Preferred Component,LM2904DR2G,onsemi,LM2904DR2G,SOIC-8_L4.9-W3.9-P1.27-LS6.0-BL,426404,0.111USD,"Amplifiers,Operational Amplifier",Dual 45nA 1MHz SOIC-8 Operational Amplifier ROHS
C71035,Basic Component,LM324DT,STMicroelectronics,LM324DT,SOIC-14_L8.7-W3.9-P1.27-LS6.0-BL,341576,0.104USD,"Amplifiers,Operational Amplifier",Quad 20nA 0.4V/us 1.3MHz SOIC-14 Operational Amplifier ROHS
C7950,Basic Component,LM358DR2G,onsemi,LM358DR2G,SOIC-8_L5.0-W4.0-P1.27-LS6.0-BL,159870,0.089USD,"Amplifiers,Operational Amplifier",Dual 45nA 1MHz SOIC-8 Operational Amplifier ROHS
C7972,Preferred Component,LMV321IDBVR,Texas Instruments,LMV321IDBVR,SOT-23-5_L3.0-W1.7-P0.95-LS2.8-BR,126769,0.072USD,"Amplifiers,Operational Amplifier",Single 15nA 1V/us 1MHz SOT-23-5 Operational Amplifier ROHS
C7377,Preferred Component,MCP6002T-I/SN,Microchip Tech,MCP6002T,SOIC-8_L4.9-W3.9-P1.27-LS6.0-BL,287887,0.271USD,"Amplifiers,Operational Amplifier",Dual 1pA 0.6V/us 1MHz SOIC-8 Operational Amplifier ROHS
C7426,Basic Component,NE5532DR,Texas Instruments,NE5532DR,SOIC-8_L4.9-W3.9-P1.27-LS6.0-BL,147856,0.153USD,"Amplifiers,Operational Amplifier",Dual 200nA 9V/us 10MHz SOIC-8 Operational Amplifier ROHS
C7433,Basic Component,OP07CDR,Texas Instruments,OP07CDR,SOIC-8_L4.9-W3.9-P1.27-LS6.0-BL,261959,0.120USD,"Amplifiers,Precision OpAmps",600kHz 1.8nA Single Channel SOIC-8 Precision Op Amps ROHS
C6961,Basic Component,TL072CDT,STMicroelectronics,TL072CDT,SOIC-8_L5.0-W4.0-P1.27-LS6.0-BL,515946,0.118USD,"Amplifiers,FET InputAmplifiers",3mV 4MHz 20pA Dual channel SOIC-8 FET Input Amplifiers ROHS
C6521,Preferred Component,CD4052BM96,Texas Instruments,CD4052BM96,SOIC-16_L9.9-W3.9-P1.27-LS6.0-BL,35913,0.177USD,"Interface ICs,Analog Switches / Multiplexers","2 240Ω Single Pole Four Throw (SP4T) SOIC-16 Analog Switches, Multiplexers ROHS"
C21379,Preferred Component,CD4051BM96,Texas Instruments,CD4051BM96,SOIC-16_L9.9-W3.9-P1.27-LS6.0-BL,88146,0.161USD,"Interface ICs,Analog Switches / Multiplexers","1 240Ω SOIC-16-150mil Analog Switches, Multiplexers ROHS"
C1523,Basic Component,0402B102K500NT,FH(Guangdong Fenghua Advanced Tech),1nF,C_0402,4702397,0.004USD,"Capacitors,Multilayer Ceramic Capacitors MLCC - SMD/SMT",50V 1nF X7R ±10% 0402 Multilayer Ceramic Capacitors MLCC - SMD/SMT ROHS
C1525,Basic Component,CL05B104KO5NNNC,Samsung Electro-Mechanics,100nF,C_0402,20208285,0.004USD,"Capacitors,Multilayer Ceramic Capacitors MLCC - SMD/SMT",16V 100nF X7R ±10% 0402 Multilayer Ceramic Capacitors MLCC - SMD/SMT ROHS
C1527,Preferred Component,0402B151K500NT,FH(Guangdong Fenghua Advanced Tech),150pF,C_0402,152964,0.005USD,"Capacitors,Multilayer Ceramic Capacitors MLCC - SMD/SMT",50V 150pF X7R ±10% 0402 Multilayer Ceramic Capacitors MLCC - SMD/SMT ROHS
C1530,Basic Component,0402B221K500NT,FH(Guangdong Fenghua Advanced Tech),220pF,C_0402,427688,0.004USD,"Capacitors,Multilayer Ceramic Capacitors MLCC - SMD/SMT",50V 220pF X7R ±10% 0402 Multilayer Ceramic Capacitors MLCC - SMD/SMT ROHS
C1531,Preferred Component,0402B222K500NT,FH(Guangdong Fenghua Advanced Tech),2.2nF,C_0402,571629,0.004USD,"Capacitors,Multilayer Ceramic Capacitors MLCC - SMD/SMT",50V 2.2nF X7R ±10% 0402 Multilayer Ceramic Capacitors MLCC - SMD/SMT ROHS
C1532,Basic Component,0402B223K500NT,FH(Guangdong Fenghua Advanced Tech),22nF,C_0402,567776,0.005USD,"Capacitors,Multilayer Ceramic Capacitors MLCC - SMD/SMT",50V 22nF X7R ±10% 0402 Multilayer Ceramic Capacitors MLCC - SMD/SMT ROHS
C1537,Preferred Component,0402B471K500NT,FH(Guangdong Fenghua Advanced Tech),470pF,C_0402,200569,0.004USD,"Capacitors,Multilayer Ceramic Capacitors MLCC - SMD/SMT",50V 470pF X7R ±10% 0402 Multilayer Ceramic Capacitors MLCC - SMD/SMT ROHS
C1538,Basic Component,0402B472K500NT,FH(Guangdong Fenghua Advanced Tech),4.7nF,C_0402,401641,0.004USD,"Capacitors,Multilayer Ceramic Capacitors MLCC - SMD/SMT",50V 4.7nF X7R ±10% 0402 Multilayer Ceramic Capacitors MLCC - SMD/SMT ROHS
C1542,Preferred Component,0402B682K500NT,FH(Guangdong Fenghua Advanced Tech),6.8nF,C_0402,72673,0.004USD,"Capacitors,Multilayer Ceramic Capacitors MLCC - SMD/SMT",50V 6.8nF X7R ±10% 0402 Multilayer Ceramic Capacitors MLCC - SMD/SMT ROHS
C1546,Basic Component,0402CG101J500NT,FH(Guangdong Fenghua Advanced Tech),100pF,C_0402,2554383,0.004USD,"Capacitors,Multilayer Ceramic Capacitors MLCC - SMD/SMT",50V 100pF C0G ±5% 0402 Multilayer Ceramic Capacitors MLCC - SMD/SMT ROHS
C1547,Basic Component,0402CG120J500NT,FH(Guangdong Fenghua Advanced Tech),12pF,C_0402,2360965,0.004USD,"Capacitors,Multilayer Ceramic Capacitors MLCC - SMD/SMT",50V 12pF C0G ±5% 0402 Multilayer Ceramic Capacitors MLCC - SMD/SMT ROHS
C1548,Basic Component,0402CG150J500NT,FH(Guangdong Fenghua Advanced Tech),15pF,C_0402,959507,0.004USD,"Capacitors,Multilayer Ceramic Capacitors MLCC - SMD/SMT",50V 15pF C0G ±5% 0402 Multilayer Ceramic Capacitors MLCC - SMD/SMT ROHS
C1549,Basic Component,0402CG180J500NT,FH(Guangdong Fenghua Advanced Tech),18pF,C_0402,619102,0.004USD,"Capacitors,Multilayer Ceramic Capacitors MLCC - SMD/SMT",50V 18pF C0G ±5% 0402 Multilayer Ceramic Capacitors MLCC - SMD/SMT ROHS
C1550,Preferred Component,0402CG1R0C500NT,FH(Guangdong Fenghua Advanced Tech),1pF,C_0402,531558,0.004USD,"Capacitors,Multilayer Ceramic Capacitors MLCC - SMD/SMT",50V 1pF C0G 0402 Multilayer Ceramic Capacitors MLCC - SMD/SMT ROHS
C1552,Preferred Component,0402CG1R5C500NT,FH(Guangdong Fenghua Advanced Tech),1.5pF,C_0402,110435,0.005USD,"Capacitors,Multilayer Ceramic Capacitors MLCC - SMD/SMT",50V 1.5pF C0G 0402 Multilayer Ceramic Capacitors MLCC - SMD/SMT ROHS
C1554,Basic Component,0402CG200J500NT,FH(Guangdong Fenghua Advanced Tech),20pF,C_0402,668698,0.004USD,"Capacitors,Multilayer Ceramic Capacitors MLCC - SMD/SMT",50V 20pF C0G ±5% 0402 Multilayer Ceramic Capacitors MLCC - SMD/SMT ROHS
C1555,Basic Component,0402CG220J500NT,FH(Guangdong Fenghua Advanced Tech),22pF,C_0402,2333179,0.004USD,"Capacitors,Multilayer Ceramic Capacitors MLCC - SMD/SMT",50V 22pF C0G ±5% 0402 Multilayer Ceramic Capacitors MLCC - SMD/SMT ROHS
C1557,Preferred Component,0402CG270J500NT,FH(Guangdong Fenghua Advanced Tech),27pF,C_0402,86667,0.004USD,"Capacitors,Multilayer Ceramic Capacitors MLCC - SMD/SMT",50V 27pF C0G ±5% 0402 Multilayer Ceramic Capacitors MLCC - SMD/SMT ROHS
C1559,Preferred Component,0402CG2R2C500NT,FH(Guangdong Fenghua Advanced Tech),2.2pF,C_0402,134196,0.004USD,"Capacitors,Multilayer Ceramic Capacitors MLCC - SMD/SMT",50V 2.2pF C0G 0402 Multilayer Ceramic Capacitors MLCC - SMD/SMT ROHS
C1561,Preferred Component,0402CG2R7C500NT,FH(Guangdong Fenghua Advanced Tech),2.7pF,C_0402,325387,0.004USD,"Capacitors,Multilayer Ceramic Capacitors MLCC - SMD/SMT",50V 2.7pF C0G 0402 Multilayer Ceramic Capacitors MLCC - SMD/SMT ROHS
C1562,Basic Component,0402CG330J500NT,FH(Guangdong Fenghua Advanced Tech),33pF,C_0402,404899,0.004USD,"Capacitors,Multilayer Ceramic Capacitors MLCC - SMD/SMT",50V 33pF C0G ±5% 0402 Multilayer Ceramic Capacitors MLCC - SMD/SMT ROHS
C1565,Preferred Component,0402CG3R3C500NT,FH(Guangdong Fenghua Advanced Tech),3.3pF,C_0402,59435,0.004USD,"Capacitors,Multilayer Ceramic Capacitors MLCC - SMD/SMT",50V 3.3pF C0G 0402 Multilayer Ceramic Capacitors MLCC - SMD/SMT ROHS
C1567,Basic Component,0402CG470J500NT,FH(Guangdong Fenghua Advanced Tech),47pF,C_0402,516184,0.004USD,"Capacitors,Multilayer Ceramic Capacitors MLCC - SMD/SMT",50V 47pF C0G ±5% 0402 Multilayer Ceramic Capacitors MLCC - SMD/SMT ROHS
C1569,Preferred Component,0402CG4R7C500NT,FH(Guangdong Fenghua Advanced Tech),4.7pF,C_0402,248262,0.004USD,"Capacitors,Multilayer Ceramic Capacitors MLCC - SMD/SMT",50V 4.7pF C0G 0402 Multilayer Ceramic Capacitors MLCC - SMD/SMT ROHS
C1570,Preferred Component,0402CG300J500NT,FH(Guangdong Fenghua Advanced Tech),30pF,C_0402,146971,0.004USD,"Capacitors,Multilayer Ceramic Capacitors MLCC - SMD/SMT",50V 30pF C0G ±5% 0402 Multilayer Ceramic Capacitors MLCC - SMD/SMT ROHS
C1576,Preferred Component,0402CG6R8C500NT,FH(Guangdong Fenghua Advanced Tech),6.8pF,C_0402,110336,0.004USD,"Capacitors,Multilayer Ceramic Capacitors MLCC - SMD/SMT",50V 6.8pF C0G 0402 Multilayer Ceramic Capacitors MLCC - SMD/SMT ROHS
C12530,Basic Component,CL05A225MQ5NSNC,Samsung Electro-Mechanics,2.2uF,C_0402,4528431,0.006USD,"Capacitors,Multilayer Ceramic Capacitors MLCC - SMD/SMT",6.3V 2.2uF X5R ±20% 0402 Multilayer Ceramic Capacitors MLCC - SMD/SMT ROHS
C13533,Preferred Component,CL05C331JB5NNNC,Samsung Electro-Mechanics,330pF,C_0402,117493,0.006USD,"Capacitors,Multilayer Ceramic Capacitors MLCC - SMD/SMT",50V 330pF C0G ±5% 0402 Multilayer Ceramic Capacitors MLCC - SMD/SMT ROHS
C14441,Preferred Component,CL05C680JB5NNNC,Samsung Electro-Mechanics,68pF,C_0402,91265,0.007USD,"Capacitors,Multilayer Ceramic Capacitors MLCC - SMD/SMT",50V 68pF C0G ±5% 0402 Multilayer Ceramic Capacitors MLCC - SMD/SMT ROHS
C15195,Basic Component,CL05B103KB5NNNC,Samsung Electro-Mechanics,10nF,C_0402,4779042,0.005USD,"Capacitors,Multilayer Ceramic Capacitors MLCC - SMD/SMT",50V 10nF X7R ±10% 0402 Multilayer Ceramic Capacitors MLCC - SMD/SMT ROHS
C15525,Basic Component,CL05A106MQ5NUNC,Samsung Electro-Mechanics,10uF,C_0402,3940889,0.009USD,"Capacitors,Multilayer Ceramic Capacitors MLCC - SMD/SMT",6.3V 10uF X5R ±20% 0402 Multilayer Ceramic Capacitors MLCC - SMD/SMT ROHS
C16772,Basic Component,CL05B224KO5NNNC,Samsung Electro-Mechanics,220nF,C_0402,202070,0.007USD,"Capacitors,Multilayer Ceramic Capacitors MLCC - SMD/SMT",16V 220nF X7R ±10% 0402 Multilayer Ceramic Capacitors MLCC - SMD/SMT ROHS
C23733,Basic Component,CL05A475MP5NRNC,Samsung Electro-Mechanics,4.7uF,C_0402,4366811,0.008USD,"Capacitors,Multilayer Ceramic Capacitors MLCC - SMD/SMT",10V 4.7uF X5R ±20% 0402 Multilayer Ceramic Capacitors MLCC - SMD/SMT ROHS
C26404,Preferred Component,CL05B332KB5NNNC,Samsung Electro-Mechanics,3.3nF,C_0402,94965,0.007USD,"Capacitors,Multilayer Ceramic Capacitors MLCC - SMD/SMT",50V 3.3nF X7R ±10% 0402 Multilayer Ceramic Capacitors MLCC - SMD/SMT ROHS
C30274,Preferred Component,0402CG6R0C500NT (SMT业务专用),FH(Guangdong Fenghua Advanced Tech),6pF,C_0402,500545,0.004USD,"Capacitors,Multilayer Ceramic Capacitors MLCC - SMD/SMT",±0.25pF 0402 Multilayer Ceramic Capacitors MLCC - SMD/SMT ROHS
C32949,Basic Component,CL05C100JB5NNNC,Samsung Electro-Mechanics,10pF,C_0402,564575,0.007USD,"Capacitors,Multilayer Ceramic Capacitors MLCC - SMD/SMT",50V 10pF C0G ±5% 0402 Multilayer Ceramic Capacitors MLCC - SMD/SMT ROHS
C47339,Preferred Component,CL05A474KP5NNNC,Samsung Electro-Mechanics,470nF,C_0402,84633,0.007USD,"Capacitors,Multilayer Ceramic Capacitors MLCC - SMD/SMT",10V 470nF X5R ±10% 0402 Multilayer Ceramic Capacitors MLCC - SMD/SMT ROHS
C52923,Basic Component,CL05A105KA5NQNC,Samsung Electro-Mechanics,1uF,C_0402,7021828,0.006USD,"Capacitors,Multilayer Ceramic Capacitors MLCC - SMD/SMT",25V 1uF X5R ±10% 0402 Multilayer Ceramic Capacitors MLCC - SMD/SMT ROHS
C307331,Basic Component,CL05B104KB54PNC,Samsung Electro-Mechanics,100nF,C_0402,8389599,0.008USD,"Capacitors,Multilayer Ceramic Capacitors MLCC - SMD/SMT",50V 100nF X7R ±10% 0402 Multilayer Ceramic Capacitors MLCC - SMD/SMT ROHS
C1588,Basic Component,CL10B102KB8NNNC,Samsung Electro-Mechanics,1nF,C_0603,6068974,0.006USD,"Capacitors,Multilayer Ceramic Capacitors MLCC - SMD/SMT",50V 1nF X7R ±10% 0603 Multilayer Ceramic Capacitors MLCC - SMD/SMT ROHS
C1594,Basic Component,0603B151K500NT,FH(Guangdong Fenghua Advanced Tech),150pF,C_0603,179177,0.006USD,"Capacitors,Multilayer Ceramic Capacitors MLCC - SMD/SMT",50V 150pF X7R ±10% 0603 Multilayer Ceramic Capacitors MLCC - SMD/SMT ROHS
C1595,Preferred Component,0603B152K500NT,FH(Guangdong Fenghua Advanced Tech),1.5nF,C_0603,43967,0.006USD,"Capacitors,Multilayer Ceramic Capacitors MLCC - SMD/SMT",50V 1.5nF X7R ±10% 0603 Multilayer Ceramic Capacitors MLCC - SMD/SMT ROHS
C1596,Preferred Component,0603B153K500NT,FH(Guangdong Fenghua Advanced Tech),15nF,C_0603,38264,0.007USD,"Capacitors,Multilayer Ceramic Capacitors MLCC - SMD/SMT",50V 15nF X7R ±10% 0603 Multilayer Ceramic Capacitors MLCC - SMD/SMT ROHS
C1600,Preferred Component,0603B201K500NT,FH(Guangdong Fenghua Advanced Tech),200pF,C_0603,51518,0.007USD,"Capacitors,Multilayer Ceramic Capacitors MLCC - SMD/SMT",50V 200pF X7R ±10% 0603 Multilayer Ceramic Capacitors MLCC - SMD/SMT ROHS
C1603,Basic Component,CL10B221KB8NNNC,Samsung Electro-Mechanics,220pF,C_0603,220364,0.008USD,"Capacitors,Multilayer Ceramic Capacitors MLCC - SMD/SMT",50V 220pF X7R ±10% 0603 Multilayer Ceramic Capacitors MLCC - SMD/SMT ROHS
C1604,Basic Component,0603B222K500NT,FH(Guangdong Fenghua Advanced Tech),2.2nF,C_0603,619350,0.006USD,"Capacitors,Multilayer Ceramic Capacitors MLCC - SMD/SMT",50V 2.2nF X7R ±10% 0603 Multilayer Ceramic Capacitors MLCC - SMD/SMT ROHS
C1609,Preferred Component,0603B272K500NT,FH(Guangdong Fenghua Advanced Tech),2.7nF,C_0603,42772,0.006USD,"Capacitors,Multilayer Ceramic Capacitors MLCC - SMD/SMT",50V 2.7nF X7R ±10% 0603 Multilayer Ceramic Capacitors MLCC - SMD/SMT ROHS
C1613,Basic Component,CL10B332KB8NNNC,Samsung Electro-Mechanics,3.3nF,C_0603,135772,0.008USD,"Capacitors,Multilayer Ceramic Capacitors MLCC - SMD/SMT",50V 3.3nF X7R ±10% 0603 Multilayer Ceramic Capacitors MLCC - SMD/SMT ROHS
C1615,Preferred Component,0603B334K250NT,FH(Guangdong Fenghua Advanced Tech),330nF,C_0603,77452,0.014USD,"Capacitors,Multilayer Ceramic Capacitors MLCC - SMD/SMT",25V 330nF X7R ±10% 0603 Multilayer Ceramic Capacitors MLCC - SMD/SMT ROHS
C1620,Basic Component,0603B471K500NT,FH(Guangdong Fenghua Advanced Tech),470pF,C_0603,834979,0.006USD,"Capacitors,Multilayer Ceramic Capacitors MLCC - SMD/SMT",50V 470pF X7R ±10% 0603 Multilayer Ceramic Capacitors MLCC - SMD/SMT ROHS
C1622,Basic Component,CL10B473KB8NNNC,Samsung Electro-Mechanics,47nF,C_0603,366842,0.008USD,"Capacitors,Multilayer Ceramic Capacitors MLCC - SMD/SMT",50V 47nF X7R ±10% 0603 Multilayer Ceramic Capacitors MLCC - SMD/SMT ROHS
C1623,Basic Component,CL10B474KA8NNNC,Samsung Electro-Mechanics,470nF,C_0603,567063,0.010USD,"Capacitors,Multilayer Ceramic Capacitors MLCC - SMD/SMT",25V 470nF X7R ±10% 0603 Multilayer Ceramic Capacitors MLCC - SMD/SMT ROHS
C1630,Preferred Component,0603B681K500NT,FH(Guangdong Fenghua Advanced Tech),680pF,C_0603,176816,0.006USD,"Capacitors,Multilayer Ceramic Capacitors MLCC - SMD/SMT",50V 680pF X7R ±10% 0603 Multilayer Ceramic Capacitors MLCC - SMD/SMT ROHS
C1631,Basic Component,0603B682K500NT,FH(Guangdong Fenghua Advanced Tech),6.8nF,C_0603,135842,0.006USD,"Capacitors,Multilayer Ceramic Capacitors MLCC - SMD/SMT",50V 6.8nF X7R ±10% 0603 Multilayer Ceramic Capacitors MLCC - SMD/SMT ROHS
C1634,Basic Component,CL10C100JB8NNNC,Samsung Electro-Mechanics,10pF,C_0603,711396,0.007USD,"Capacitors,Multilayer Ceramic Capacitors MLCC - SMD/SMT",50V 10pF C0G ±5% 0603 Multilayer Ceramic Capacitors MLCC - SMD/SMT ROHS
C1644,Basic Component,CL10C150JB8NNNC,Samsung Electro-Mechanics,15pF,C_0603,530628,0.008USD,"Capacitors,Multilayer Ceramic Capacitors MLCC - SMD/SMT",50V 15pF C0G ±5% 0603 Multilayer Ceramic Capacitors MLCC - SMD/SMT ROHS
C1647,Basic Component,CL10C180JB8NNNC,Samsung Electro-Mechanics,18pF,C_0603,253196,0.008USD,"Capacitors,Multilayer Ceramic Capacitors MLCC - SMD/SMT",50V 18pF C0G ±5% 0603 Multilayer Ceramic Capacitors MLCC - SMD/SMT ROHS
C1648,Basic Component,CL10C200JB8NNNC,Samsung Electro-Mechanics,20pF,C_0603,1264317,0.008USD,"Capacitors,Multilayer Ceramic Capacitors MLCC - SMD/SMT",50V 20pF C0G ±5% 0603 Multilayer Ceramic Capacitors MLCC - SMD/SMT ROHS
C1653,Basic Component,CL10C220JB8NNNC,Samsung Electro-Mechanics,22pF,C_0603,1531147,0.007USD,"Capacitors,Multilayer Ceramic Capacitors MLCC - SMD/SMT",50V 22pF C0G ±5% 0603 Multilayer Ceramic Capacitors MLCC - SMD/SMT ROHS
C1658,Basic Component,0603CG300J500NT,FH(Guangdong Fenghua Advanced Tech),30pF,C_0603,276323,0.006USD,"Capacitors,Multilayer Ceramic Capacitors MLCC - SMD/SMT",50V 30pF C0G ±5% 0603 Multilayer Ceramic Capacitors MLCC - SMD/SMT ROHS
C1663,Basic Component,CL10C330JB8NNNC,Samsung Electro-Mechanics,33pF,C_0603,858224,0.008USD,"Capacitors,Multilayer Ceramic Capacitors MLCC - SMD/SMT",50V 33pF C0G ±5% 0603 Multilayer Ceramic Capacitors MLCC - SMD/SMT ROHS
C1664,Basic Component,CL10C331JB8NNNC,Samsung Electro-Mechanics,330pF,C_0603,352516,0.010USD,"Capacitors,Multilayer Ceramic Capacitors MLCC - SMD/SMT",50V 330pF C0G ±5% 0603 Multilayer Ceramic Capacitors MLCC - SMD/SMT ROHS
C1669,Preferred Component,0603CG4R7C500NT,FH(Guangdong Fenghua Advanced Tech),4.7pF,C_0603,204968,0.006USD,"Capacitors,Multilayer Ceramic Capacitors MLCC - SMD/SMT",50V 4.7pF C0G 0603 Multilayer Ceramic Capacitors MLCC - SMD/SMT ROHS
C1671,Basic Component,CL10C470JB8NNNC,Samsung Electro-Mechanics,47pF,C_0603,828046,0.007USD,"Capacitors,Multilayer Ceramic Capacitors MLCC - SMD/SMT",50V 47pF C0G ±5% 0603 Multilayer Ceramic Capacitors MLCC - SMD/SMT ROHS
C1679,Preferred Component,0603CG6R8C500NT,FH(Guangdong Fenghua Advanced Tech),6.8pF,C_0603,49992,0.005USD,"Capacitors,Multilayer Ceramic Capacitors MLCC - SMD/SMT",50V 6.8pF C0G 0603 Multilayer Ceramic Capacitors MLCC - SMD/SMT ROHS
C1685,Preferred Component,0603CG8R2C500NT,FH(Guangdong Fenghua Advanced Tech),8.2pF,C_0603,54855,0.006USD,"Capacitors,Multilayer Ceramic Capacitors MLCC - SMD/SMT",50V 8.2pF C0G 0603 Multilayer Ceramic Capacitors MLCC - SMD/SMT ROHS
C14663,Basic Component,CC0603KRX7R9BB104,YAGEO,100nF,C_0603,70324515,0.006USD,"Capacitors,Multilayer Ceramic Capacitors MLCC - SMD/SMT",50V 100nF X7R ±10% 0603 Multilayer Ceramic Capacitors MLCC - SMD/SMT ROHS
C14858,Basic Component,CL10C101JB8NNNC,Samsung Electro-Mechanics,100pF,C_0603,2210509,0.007USD,"Capacitors,Multilayer Ceramic Capacitors MLCC - SMD/SMT",50V 100pF C0G ±5% 0603 Multilayer Ceramic Capacitors MLCC - SMD/SMT ROHS
C15849,Basic Component,CL10A105KB8NNNC,Samsung Electro-Mechanics,1uF,C_0603,11535980,0.008USD,"Capacitors,Multilayer Ceramic Capacitors MLCC - SMD/SMT",50V 1uF X5R ±10% 0603 Multilayer Ceramic Capacitors MLCC - SMD/SMT ROHS
C19666,Basic Component,CL10A475KO8NNNC,Samsung Electro-Mechanics,4.7uF,C_0603,4246728,0.013USD,"Capacitors,Multilayer Ceramic Capacitors MLCC - SMD/SMT",16V 4.7uF X5R ±10% 0603 Multilayer Ceramic Capacitors MLCC - SMD/SMT ROHS
C19702,Basic Component,CL10A106KP8NNNC,Samsung Electro-Mechanics,10uF,C_0603,9881407,0.009USD,"Capacitors,Multilayer Ceramic Capacitors MLCC - SMD/SMT",10V 10uF X5R ±10% 0603 Multilayer Ceramic Capacitors MLCC - SMD/SMT ROHS
C21117,Basic Component,CL10B333KB8NNNC,Samsung Electro-Mechanics,33nF,C_0603,718733,0.007USD,"Capacitors,Multilayer Ceramic Capacitors MLCC - SMD/SMT",50V 33nF X7R ±10% 0603 Multilayer Ceramic Capacitors MLCC - SMD/SMT ROHS
C21120,Basic Component,CL10B224KA8NNNC,Samsung Electro-Mechanics,220nF,C_0603,781839,0.009USD,"Capacitors,Multilayer Ceramic Capacitors MLCC - SMD/SMT",25V 220nF X7R ±10% 0603 Multilayer Ceramic Capacitors MLCC - SMD/SMT ROHS
C21122,Basic Component,CL10B223KB8NNNC,Samsung Electro-Mechanics,22nF,C_0603,746157,0.007USD,"Capacitors,Multilayer Ceramic Capacitors MLCC - SMD/SMT",50V 22nF X7R ±10% 0603 Multilayer Ceramic Capacitors MLCC - SMD/SMT ROHS
C23630,Basic Component,CL10A225KO8NNNC,Samsung Electro-Mechanics,2.2uF,C_0603,2585089,0.009USD,"Capacitors,Multilayer Ceramic Capacitors MLCC - SMD/SMT",16V 2.2uF X5R ±10% 0603 Multilayer Ceramic Capacitors MLCC - SMD/SMT ROHS
C28262,Preferred Component,CL10C680JB8NNNC,Samsung Electro-Mechanics,68pF,C_0603,80166,0.007USD,"Capacitors,Multilayer Ceramic Capacitors MLCC - SMD/SMT",50V 68pF C0G ±5% 0603 Multilayer Ceramic Capacitors MLCC - SMD/SMT ROHS
C31658,Preferred Component,CL10B683KB8NNNC,Samsung Electro-Mechanics,68nF,C_0603,87056,0.011USD,"Capacitors,Multilayer Ceramic Capacitors MLCC - SMD/SMT",50V 68nF X7R ±10% 0603 Multilayer Ceramic Capacitors MLCC - SMD/SMT ROHS
C37474,Preferred Component,0603CG6R0C500NT,FH(Guangdong Fenghua Advanced Tech),6pF,C_0603,137009,0.006USD,"Capacitors,Multilayer Ceramic Capacitors MLCC - SMD/SMT",50V 6pF C0G 0603 Multilayer Ceramic Capacitors MLCC - SMD/SMT ROHS
C38523,Basic Component,CL10C120JB8NNNC,Samsung Electro-Mechanics,12pF,C_0603,843507,0.008USD,"Capacitors,Multilayer Ceramic Capacitors MLCC - SMD/SMT",50V 12pF C0G ±5% 0603 Multilayer Ceramic Capacitors MLCC - SMD/SMT ROHS
C46219,Preferred Component,0603CG3R0C500NT,FH(Guangdong Fenghua Advanced Tech),3pF,C_0603,13328,0.006USD,"Capacitors,Multilayer Ceramic Capacitors MLCC - SMD/SMT",50V 3pF C0G 0603 Multilayer Ceramic Capacitors MLCC - SMD/SMT ROHS
C53987,Basic Component,0603B472K500NT,FH(Guangdong Fenghua Advanced Tech),4.7nF,C_0603,745383,0.006USD,"Capacitors,Multilayer Ceramic Capacitors MLCC - SMD/SMT",50V 4.7nF X7R ±10% 0603 Multilayer Ceramic Capacitors MLCC - SMD/SMT ROHS
C57112,Basic Component,0603B103K500NT,FH(Guangdong Fenghua Advanced Tech),10nF,C_0603,5921160,0.005USD,"Capacitors,Multilayer Ceramic Capacitors MLCC - SMD/SMT",50V 10nF X7R ±10% 0603 Multilayer Ceramic Capacitors MLCC - SMD/SMT ROHS
C59461,Basic Component,CL10A226MQ8NRNC,Samsung Electro-Mechanics,22uF,C_0603,5081183,0.012USD,"Capacitors,Multilayer Ceramic Capacitors MLCC - SMD/SMT",6.3V 22uF X5R ±20% 0603 Multilayer Ceramic Capacitors MLCC - SMD/SMT ROHS
C96446,Basic Component,CL10A106MA8NRNC,Samsung Electro-Mechanics,10uF,C_0603,3388297,0.021USD,"Capacitors,Multilayer Ceramic Capacitors MLCC - SMD/SMT",25V 10uF X5R ±20% 0603 Multilayer Ceramic Capacitors MLCC - SMD/SMT ROHS
C107045,Preferred Component,CC0603JRNPO9BN270,YAGEO,27pF,C_0603,63346,0.006USD,"Capacitors,Multilayer Ceramic Capacitors MLCC - SMD/SMT",50V 27pF NP0 ±5% 0603 Multilayer Ceramic Capacitors MLCC - SMD/SMT ROHS
C1322360,Basic Component,0603B822K500NT,FH(Guangdong Fenghua Advanced Tech),8.2nF,C_0603,27606,0.006USD,"Capacitors,Multilayer Ceramic Capacitors MLCC - SMD/SMT",50V 8.2nF X7R ±10% 0603 Multilayer Ceramic Capacitors MLCC - SMD/SMT ROHS
C1710,Basic Component,CL21B103KBANNNC,Samsung Electro-Mechanics,10nF,C_0805,1825184,0.009USD,"Capacitors,Multilayer Ceramic Capacitors MLCC - SMD/SMT",50V 10nF X7R ±10% 0805 Multilayer Ceramic Capacitors MLCC - SMD/SMT ROHS
C1716,Preferred Component,0805B151K500NT,FH(Guangdong Fenghua Advanced Tech),150pF,C_0805,48756,0.008USD,"Capacitors,Multilayer Ceramic Capacitors MLCC - SMD/SMT",50V 150pF X7R ±10% 0805 Multilayer Ceramic Capacitors MLCC - SMD/SMT ROHS
C1717,Preferred Component,0805B152K500NT,FH(Guangdong Fenghua Advanced Tech),1.5nF,C_0805,33139,0.008USD,"Capacitors,Multilayer Ceramic Capacitors MLCC - SMD/SMT",50V 1.5nF X7R ±10% 0805 Multilayer Ceramic Capacitors MLCC - SMD/SMT ROHS
C1729,Basic Component,CL21B223KBANNNC,Samsung Electro-Mechanics,22nF,C_0805,168426,0.011USD,"Capacitors,Multilayer Ceramic Capacitors MLCC - SMD/SMT",50V 22nF X7R ±10% 0805 Multilayer Ceramic Capacitors MLCC - SMD/SMT ROHS
C1739,Basic Component,0805B333K500NT,FH(Guangdong Fenghua Advanced Tech),33nF,C_0805,109582,0.010USD,"Capacitors,Multilayer Ceramic Capacitors MLCC - SMD/SMT",50V 33nF X7R ±10% 0805 Multilayer Ceramic Capacitors MLCC - SMD/SMT ROHS
C1740,Preferred Component,0805B334K500NT,FH(Guangdong Fenghua Advanced Tech),330nF,C_0805,106187,0.014USD,"Capacitors,Multilayer Ceramic Capacitors MLCC - SMD/SMT",50V 330nF X7R ±10% 0805 Multilayer Ceramic Capacitors MLCC - SMD/SMT ROHS
C1743,Basic Component,0805B471K500NT,FH(Guangdong Fenghua Advanced Tech),470pF,C_0805,281499,0.008USD,"Capacitors,Multilayer Ceramic Capacitors MLCC - SMD/SMT",50V 470pF X7R ±10% 0805 Multilayer Ceramic Capacitors MLCC - SMD/SMT ROHS
C1744,Basic Component,0805B472K500NT,FH(Guangdong Fenghua Advanced Tech),4.7nF,C_0805,242770,0.008USD,"Capacitors,Multilayer Ceramic Capacitors MLCC - SMD/SMT",50V 4.7nF X7R ±10% 0805 Multilayer Ceramic Capacitors MLCC - SMD/SMT ROHS
C1755,Preferred Component,0805B682K500NT,FH(Guangdong Fenghua Advanced Tech),6.8nF,C_0805,77594,0.008USD,"Capacitors,Multilayer Ceramic Capacitors MLCC - SMD/SMT",50V 6.8nF X7R ±10% 0805 Multilayer Ceramic Capacitors MLCC - SMD/SMT ROHS
C1779,Basic Component,CL21A475KAQNNNE,Samsung Electro-Mechanics,4.7uF,C_0805,1824431,0.015USD,"Capacitors,Multilayer Ceramic Capacitors MLCC - SMD/SMT",25V 4.7uF X5R ±10% 0805 Multilayer Ceramic Capacitors MLCC - SMD/SMT ROHS
C1790,Basic Component,CL21C101JBANNNC,Samsung Electro-Mechanics,100pF,C_0805,479585,0.011USD,"Capacitors,Multilayer Ceramic Capacitors MLCC - SMD/SMT",50V 100pF C0G ±5% 0805 Multilayer Ceramic Capacitors MLCC - SMD/SMT ROHS
C1792,Preferred Component,0805CG120J500NT,FH(Guangdong Fenghua Advanced Tech),12pF,C_0805,126511,0.008USD,"Capacitors,Multilayer Ceramic Capacitors MLCC - SMD/SMT",50V 12pF C0G ±5% 0805 Multilayer Ceramic Capacitors MLCC - SMD/SMT ROHS
C1797,Preferred Component,0805CG180J500NT,FH(Guangdong Fenghua Advanced Tech),18pF,C_0805,48114,0.007USD,"Capacitors,Multilayer Ceramic Capacitors MLCC - SMD/SMT",50V 18pF C0G ±5% 0805 Multilayer Ceramic Capacitors MLCC - SMD/SMT ROHS
C1798,Basic Component,CL21C200JBANNNC,Samsung Electro-Mechanics,20pF,C_0805,182425,0.017USD,"Capacitors,Multilayer Ceramic Capacitors MLCC - SMD/SMT",50V 20pF C0G ±5% 0805 Multilayer Ceramic Capacitors MLCC - SMD/SMT ROHS
C1804,Basic Component,CL21C220JBANNNC,Samsung Electro-Mechanics,22pF,C_0805,361841,0.012USD,"Capacitors,Multilayer Ceramic Capacitors MLCC - SMD/SMT",50V 22pF C0G ±5% 0805 Multilayer Ceramic Capacitors MLCC - SMD/SMT ROHS
C5378,Basic Component,CL21B224KBFNNNE,Samsung Electro-Mechanics,220nF,C_0805,438651,0.014USD,"Capacitors,Multilayer Ceramic Capacitors MLCC - SMD/SMT",50V 220nF X7R ±10% 0805 Multilayer Ceramic Capacitors MLCC - SMD/SMT ROHS
C13967,Basic Component,CL21B474KBFNNNE,Samsung Electro-Mechanics,470nF,C_0805,382598,0.017USD,"Capacitors,Multilayer Ceramic Capacitors MLCC - SMD/SMT",50V 470nF X7R ±10% 0805 Multilayer Ceramic Capacitors MLCC - SMD/SMT ROHS
C14857,Basic Component,CL21C470JBANNNC,Samsung Electro-Mechanics,47pF,C_0805,157146,0.014USD,"Capacitors,Multilayer Ceramic Capacitors MLCC - SMD/SMT",50V 47pF C0G ±5% 0805 Multilayer Ceramic Capacitors MLCC - SMD/SMT ROHS
C15850,Basic Component,CL21A106KAYNNNE,Samsung Electro-Mechanics,10uF,C_0805,6525809,0.014USD,"Capacitors,Multilayer Ceramic Capacitors MLCC - SMD/SMT",25V 10uF X5R ±10% 0805 Multilayer Ceramic Capacitors MLCC - SMD/SMT ROHS
C16780,Basic Component,CL21A476MQYNNNE,Samsung Electro-Mechanics,47uF,C_0805,1584628,0.030USD,"Capacitors,Multilayer Ceramic Capacitors MLCC - SMD/SMT",6.3V 47uF X5R ±20% 0805 Multilayer Ceramic Capacitors MLCC - SMD/SMT ROHS
C28233,Basic Component,CL21B104KCFNNNE,Samsung Electro-Mechanics,100nF,C_0805,1168020,0.009USD,"Capacitors,Multilayer Ceramic Capacitors MLCC - SMD/SMT",100V 100nF X7R ±10% 0805 Multilayer Ceramic Capacitors MLCC - SMD/SMT ROHS
C28260,Basic Component,CL21C222JBFNNNE,Samsung Electro-Mechanics,2.2nF,C_0805,107552,0.033USD,"Capacitors,Multilayer Ceramic Capacitors MLCC - SMD/SMT",50V 2.2nF C0G ±5% 0805 Multilayer Ceramic Capacitors MLCC - SMD/SMT ROHS
C28323,Basic Component,CL21B105KBFNNNE,Samsung Electro-Mechanics,1uF,C_0805,4334256,0.012USD,"Capacitors,Multilayer Ceramic Capacitors MLCC - SMD/SMT",50V 1uF X7R ±10% 0805 Multilayer Ceramic Capacitors MLCC - SMD/SMT ROHS
C45783,Basic Component,CL21A226MAQNNNE,Samsung Electro-Mechanics,22uF,C_0805,6479946,0.027USD,"Capacitors,Multilayer Ceramic Capacitors MLCC - SMD/SMT",25V 22uF X5R ±20% 0805 Multilayer Ceramic Capacitors MLCC - SMD/SMT ROHS
C46653,Basic Component,CL21B102KBCNNNC,Samsung Electro-Mechanics,1nF,C_0805,1191707,0.011USD,"Capacitors,Multilayer Ceramic Capacitors MLCC - SMD/SMT",50V 1nF X7R ±10% 0805 Multilayer Ceramic Capacitors MLCC - SMD/SMT ROHS
C49678,Basic Component,CC0805KRX7R9BB104,YAGEO,100nF,C_0805,13380467,0.008USD,"Capacitors,Multilayer Ceramic Capacitors MLCC - SMD/SMT",50V 100nF X7R ±10% 0805 Multilayer Ceramic Capacitors MLCC - SMD/SMT ROHS
C53134,Basic Component,CL21B473KBCNNNC,Samsung Electro-Mechanics,47nF,C_0805,246317,0.015USD,"Capacitors,Multilayer Ceramic Capacitors MLCC - SMD/SMT",50V 47nF X7R ±10% 0805 Multilayer Ceramic Capacitors MLCC - SMD/SMT ROHS
C107110,Preferred Component,CC0805JRNPO9BN150,YAGEO,15pF,C_0805,75976,0.009USD,"Capacitors,Multilayer Ceramic Capacitors MLCC - SMD/SMT",50V 15pF NP0 ±5% 0805 Multilayer Ceramic Capacitors MLCC - SMD/SMT ROHS
C107114,Preferred Component,CC0805JRNPO9BN300,YAGEO,30pF,C_0805,6403,0.009USD,"Capacitors,Multilayer Ceramic Capacitors MLCC - SMD/SMT",50V 30pF NP0 ±5% 0805 Multilayer Ceramic Capacitors MLCC - SMD/SMT ROHS
C107115,Preferred Component,CC0805JRNPO9BN330,YAGEO,33pF,C_0805,97581,0.009USD,"Capacitors,Multilayer Ceramic Capacitors MLCC - SMD/SMT",50V 33pF NP0 ±5% 0805 Multilayer Ceramic Capacitors MLCC - SMD/SMT ROHS
C107145,Basic Component,CC0805KRX7R9BB221,YAGEO,220pF,C_0805,110794,0.008USD,"Capacitors,Multilayer Ceramic Capacitors MLCC - SMD/SMT",50V 220pF X7R ±10% 0805 Multilayer Ceramic Capacitors MLCC - SMD/SMT ROHS
C377773,Basic Component,CL21A225KBQNNNE,Samsung Electro-Mechanics,2.2uF,C_0805,356544,0.018USD,"Capacitors,Multilayer Ceramic Capacitors MLCC - SMD/SMT",50V 2.2uF X5R ±10% 0805 Multilayer Ceramic Capacitors MLCC - SMD/SMT ROHS
C440198,Basic Component,GRM21BR61H106KE43L,Murata Electronics,10uF,C_0805,1422246,0.066USD,"Capacitors,Multilayer Ceramic Capacitors MLCC - SMD/SMT",50V 10uF X5R ±10% 0805 Multilayer Ceramic Capacitors MLCC - SMD/SMT ROHS
C1846,Basic Component,1206B103K500NT,FH(Guangdong Fenghua Advanced Tech),10nF,C_1206,156850,0.015USD,"Capacitors,Multilayer Ceramic Capacitors MLCC - SMD/SMT",50V 10nF X7R ±10% 1206 Multilayer Ceramic Capacitors MLCC - SMD/SMT ROHS
C1848,Basic Component,CL31B105KBHNNNE,Samsung Electro-Mechanics,1uF,C_1206,508960,0.022USD,"Capacitors,Multilayer Ceramic Capacitors MLCC - SMD/SMT",50V 1uF X7R ±10% 1206 Multilayer Ceramic Capacitors MLCC - SMD/SMT ROHS
C1857,Preferred Component,1206B224K500NT,FH(Guangdong Fenghua Advanced Tech),220nF,C_1206,48927,0.025USD,"Capacitors,Multilayer Ceramic Capacitors MLCC - SMD/SMT",50V 220nF X7R ±10% 1206 Multilayer Ceramic Capacitors MLCC - SMD/SMT ROHS
C5672,Preferred Component,CL31A226KPHNNNE,Samsung Electro-Mechanics,22uF,C_1206,159278,0.039USD,"Capacitors,Multilayer Ceramic Capacitors MLCC - SMD/SMT",10V 22uF X5R ±10% 1206 Multilayer Ceramic Capacitors MLCC - SMD/SMT ROHS
C9196,Basic Component,1206B102K202NT,FH(Guangdong Fenghua Advanced Tech),1nF,C_1206,2094039,0.011USD,"Capacitors,Multilayer Ceramic Capacitors MLCC - SMD/SMT",2kV 1nF X7R ±10% 1206 Multilayer Ceramic Capacitors MLCC - SMD/SMT ROHS
C12891,Basic Component,CL31A226KAHNNNE,Samsung Electro-Mechanics,22uF,C_1206,2183567,0.046USD,"Capacitors,Multilayer Ceramic Capacitors MLCC - SMD/SMT",25V 22uF X5R ±10% 1206 Multilayer Ceramic Capacitors MLCC - SMD/SMT ROHS
C13585,Basic Component,CL31A106KBHNNNE,Samsung Electro-Mechanics,10uF,C_1206,3698334,0.035USD,"Capacitors,Multilayer Ceramic Capacitors MLCC - SMD/SMT",50V 10uF X5R ±10% 1206 Multilayer Ceramic Capacitors MLCC - SMD/SMT ROHS
C15008,Basic Component,CL31A107MQHNNNE,Samsung Electro-Mechanics,100uF,C_1206,1472723,0.066USD,"Capacitors,Multilayer Ceramic Capacitors MLCC - SMD/SMT",6.3V 100uF X5R ±20% 1206 Multilayer Ceramic Capacitors MLCC - SMD/SMT ROHS
C24497,Basic Component,CL31B104KBCNNNC,Samsung Electro-Mechanics,100nF,C_1206,831517,0.016USD,"Capacitors,Multilayer Ceramic Capacitors MLCC - SMD/SMT",50V 100nF X7R ±10% 1206 Multilayer Ceramic Capacitors MLCC - SMD/SMT ROHS
C29823,Basic Component,1206B475K500NT,FH(Guangdong Fenghua Advanced Tech),4.7uF,C_1206,727299,0.035USD,"Capacitors,Multilayer Ceramic Capacitors MLCC - SMD/SMT",50V 4.7uF X7R ±10% 1206 Multilayer Ceramic Capacitors MLCC - SMD/SMT ROHS
C35216,Preferred Component,CL31B102KGFNNNE,Samsung Electro-Mechanics,1nF,C_1206,16492,0.040USD,"Capacitors,Multilayer Ceramic Capacitors MLCC - SMD/SMT",500V 1nF X7R ±10% 1206 Multilayer Ceramic Capacitors MLCC - SMD/SMT ROHS
C50254,Basic Component,CL31B225KBHNNNE,Samsung Electro-Mechanics,2.2uF,C_1206,180873,0.032USD,"Capacitors,Multilayer Ceramic Capacitors MLCC - SMD/SMT",50V 2.2uF X7R ±10% 1206 Multilayer Ceramic Capacitors MLCC - SMD/SMT ROHS
C96123,Basic Component,CL31A476MPHNNNE,Samsung Electro-Mechanics,47uF,C_1206,413890,0.069USD,"Capacitors,Multilayer Ceramic Capacitors MLCC - SMD/SMT",10V 47uF X5R ±20% 1206 Multilayer Ceramic Capacitors MLCC - SMD/SMT ROHS
C7171,Basic Component,TAJA106K016RNJ,AVX,10uF,C_CASE-A-3216-18(mm),887054,0.133USD,"Capacitors,Tantalum Capacitors",10uF 16V 3Ω@100kHz ±10% CASE-A-3216-18(mm) Tantalum Capacitors ROHS
C16133,Basic Component,TAJB107K006RNJ,AVX,100uF,C_CASE-B-3528-21(mm),294947,0.161USD,"Capacitors,Tantalum Capacitors",100uF 6.3V 1.7Ω@100kHz ±10% CASE-B-3528-21(mm) Tantalum Capacitors ROHS
C720477,Basic Component,TS-1088-AR02016,XUNPU,"Tactile Button, 160gf",SW_TS-1088-AR02016,346801,0.044USD,"Switches,Tactile Switches",Without 50mA 4mm 100MΩ 100000 Times 12V 160gf 3mm 2mm Round Button Standing paste SPST SMD Tactile Switches ROHS
C318884,Basic Component,TS-1187A-B-A-B,XKB Connectivity,"Tactile Button, 160gf",SW-SMD_4P-L5.1-W5.1-P3.70-LS6.5-TL-2,472664,0.025USD,"Switches,Tactile Switches",None Without 50mA 5.1mm 100000 Times 160gf 12V 5.1mm 1.5mm Round Button Standing paste SPST SMD Tactile Switches ROHS
C112574,Preferred Component,X5032110592MSB2GI,Yangxing Tech,X5032110592MSB2GI,OSC-SMD_L5.0-W3.2,561,0.238USD,"Crystals/Oscillators/Resonators,Crystals",11.0592MHz Surface Mount Crystal 20pF ±10ppm ±20ppm SMD5032 Crystals ROHS
C9002,Basic Component,X322512MSB4SI,Yangxing Tech,X322512MSB4SI,CRYSTAL-SMD_4P-L3.2-W2.5-BL,260231,0.068USD,"Crystals/Oscillators/Resonators,Crystals",12MHz Surface Mount Crystal 20pF ±10ppm ±20ppm SMD3225-4P Crystals ROHS
C13738,Basic Component,X322516MLB4SI,Yangxing Tech,X322516MLB4SI,OSC-SMD_4P-L3.2-W2.5-BL,162087,0.068USD,"Crystals/Oscillators/Resonators,Crystals",16MHz Surface Mount Crystal 9pF ±10ppm ±20ppm SMD3225-4P Crystals ROHS
C9006,Basic Component,X322525MOB4SI,Yangxing Tech,X322525MOB4SI,OSC-SMD_4P-L3.2-W2.5-BL,318431,0.068USD,"Crystals/Oscillators/Resonators,Crystals",25MHz Surface Mount Crystal 12pF ±10ppm ±20ppm SMD3225-4P Crystals ROHS
C32346,Basic Component,Q13FC13500004,Seiko Epson,Q13FC1350000400,FC-135R_L3.2-W1.5,736610,0.182USD,"Crystals/Oscillators/Resonators,Crystals",32.768kHz Surface Mount Crystal 12.5pF ±20ppm SMD3215-2P Crystals ROHS
C115962,Basic Component,X50328MSB2GI,Yangxing Tech,X50328MSB2GI,CRYSTAL-SMD_L5.0-W3.2,389366,0.190USD,"Crystals/Oscillators/Resonators,Crystals",8MHz Surface Mount Crystal 20pF ±10ppm ±20ppm SMD5032 Crystals ROHS
C12674,Basic Component,X49SM8MSD2SC,Yangxing Tech,X49SM8MSD2SC,CRYSTAL-SMD_L11.5-W4.8-LS12.7,83690,0.085USD,"Crystals/Oscillators/Resonators,Crystals",8MHz Surface Mount Crystal 20pF ±20ppm ±30ppm HC-49S-SMD Crystals ROHS
C5377,Preferred Component,DB107S,MDD（Microdiode Electronics）,DB107S,DBS_L8.2-W6.4-P5.10-LS10.0-BL,62574,0.059USD,"Diodes,Bridge Rectifiers",30A 1.1V@1A 1A 1kV DBS Bridge Rectifiers ROHS
C2488,Basic Component,MB10S-50MIL,MDD（Microdiode Electronics）,MB10S,MBS_L4.7-W3.8-P2.40-LS7.0-TL,320153,0.029USD,"Diodes,Bridge Rectifiers",35A 1.1V@400mA 1A 1kV MBS Bridge Rectifiers ROHS
C22466376,Preferred Component,BAT54TW,hongjiacheng,BAT54TW,SOT-363-6_L2.0-W1.3-P0.65-LS2.3-BL,36070,0.040USD,"Diodes,Schottky Diodes",30V 3 Independent 200mA 1V@100mA SOT-363 Schottky Diodes ROHS
C7420374,Preferred Component,H5VU25U,hongjiacheng,H5VU25U,DFN2510-10_L2.5-W1.0-P0.50-BL,33889,0.041USD,"TVS/Fuse/Board Level Protection,ESD Protection Devices",4A 14V 56W 6V Unidirectional 5V DFN2510-10L ESD and Surge Protection (TVS/ESD) ROHS
C20615800,Preferred Component,H5VU25UC,hongjiacheng,H5VU25UC,DFN2510-10_L2.5-W1.0-P0.50-BL,24373,0.039USD,"TVS/Fuse/Board Level Protection,Electrostatic And Surge Protection (TVS/ESD)",5A 75W 15V 10V Unidirectional 5V DFN2510-10L ESD and Surge Protection (TVS/ESD) ROHS
C22395520,Preferred Component,H5VUT1B,hongjiacheng,H5VUT1B,SOT-143-4_L2.9-W1.3-P1.90-LS2.4-BL-1,10590,0.054USD,"Circuit Protection,ESD And Surge Protection (TVS/ESD)",5A 75W 15V 6V Bidirectional 5V SOT-143 ESD and Surge Protection (TVS/ESD) ROHS
C20615824,Preferred Component,H5VUT2U,hongjiacheng,H5VUT2U,SOT-23-3_L2.9-W1.5-P1.90-LS2.6-BR,28550,0.032USD,"TVS/Fuse/Board Level Protection,Electrostatic And Surge Protection (TVS/ESD)",5A 16V 80W 9V Unidirectional 5V SOT-23 ESD and Surge Protection (TVS/ESD) ROHS
C20615830,Preferred Component,H5VUT3UA,hongjiacheng,H5VUT3UA,SOT-363_L2.1-W1.3-P0.65-LS2.2-BL,2574,0.072USD,"TVS/Fuse/Board Level Protection,Electrostatic And Surge Protection (TVS/ESD)",5A 75W 15V 6V Unidirectional 5V SOT-363 ESD and Surge Protection (TVS/ESD) ROHS
C15879,Preferred Component,SMF05CT1G,onsemi,SMF05CT1G,SOT-363_L2.0-W1.3-P0.65-LS2.1-BR,18035,0.105USD,"Circuit Protection,ESD Protection Devices",100W 12.5V 6.2V 5V SOT-363-6 ESD and Surge Protection (TVS/ESD) ROHS
C85364,Preferred Component,SRV05-4-P-T7,ProTek Devices,SRV05-4-P-T7,SOT-23-6_L2.9-W1.6-P0.95-LS2.8-BR,43112,0.182USD,"Circuit Protection,TVS",1A@8/20us 12V 6V 5V SOT-23-6 ESD and Surge Protection (TVS/ESD) ROHS
C20615829,Preferred Component,SRV05-4A,hongjiacheng,SRV05-4A_C20615829,SOT-23-6_L2.9-W1.6-P0.95-LS2.9-BL,68123,0.048USD,"TVS/Fuse/Board Level Protection,Electrostatic And Surge Protection (TVS/ESD)",4A 15V 80W 6V Unidirectional 5V SOT-23-6 ESD and Surge Protection (TVS/ESD) ROHS
C7420376,Preferred Component,SRV05-4,hongjiacheng,SRV05-4_C7420376,SOT-23-6_L2.9-W1.6-P0.95-LS2.8-BL-1,110650,0.087USD,"TVS/Fuse/Board Level Protection,ESD Protection Devices",5A 75W 12.5V 6V Bidirectional 5V SOT-23-6 ESD and Surge Protection (TVS/ESD) ROHS
C7502688,Preferred Component,BAS40-04,hongjiacheng,BAS40-04_C7502688,SOT-23-3_L2.9-W1.3-P1.90-LS2.4-BL-1,23390,0.021USD,"Diodes,Schottky Barrier Diodes (SBD)",40V Independent Type 200mA 1V@40mA SOT-23 Schottky Diodes ROHS
C7502685,Preferred Component,BAS40,hongjiacheng,BAS40_C7502685,SOT-23-3_L2.9-W1.3-P1.90-LS2.4-BL-1,8453,0.017USD,"Diodes,Schottky Diodes",40V Independent Type 200mA 1V@40mA SOT-23 Schottky Diodes ROHS
C7502687,Preferred Component,BAS70-04,hongjiacheng,BAS70-04_C7502687,SOT-23-3_L2.9-W1.3-P1.90-LS2.4-BL-1,64975,0.016USD,"Diodes,Schottky Barrier Diodes (SBD)",70V 1 pair in series 1V@15mA 70mA SOT-23 Schottky Diodes ROHS
C22466364,Preferred Component,BAS70-06,hongjiacheng,BAS70-06_C22466364,SOT-23-3_L2.9-W1.4-P1.90-LS2.5-BR,31989,0.020USD,"Diodes,Schottky Diodes",70V Independent Type 1V@15mA 70mA SOT-23 Schottky Diodes ROHS
C22466366,Preferred Component,BAS70W-05,hongjiacheng,BAS70W-05_C22466366,SOT-323-3_L2.0-W1.3-P1.30-LS2.3-BR,1824,0.025USD,"Diodes,Schottky Diodes",70V Independent Type 1V@15mA 70mA SOT-323 Schottky Diodes ROHS
C22466374,Preferred Component,BAT54AW,hongjiacheng,BAT54AW,SOT-323-3_L2.0-W1.3-P1.30-LS2.3-BR,15311,0.022USD,"Diodes,Schottky Diodes",30V 1 pair common anode 200mA 1V@100mA SOT-323 Schottky Diodes ROHS
C37704,Preferred Component,"BAT54C,215",Nexperia,"BAT54C,215",SOT-23-3_L2.9-W1.6-P1.90-LS2.8-BR,160356,0.014USD,"Diodes,Schottky Barrier Diodes (SBD)",30V 1 pair of common cathodes 800mV@100mA 200mA SOT-23 Schottky Diodes ROHS
C22392482,Preferred Component,BAT54CW,hongjiacheng,BAT54CW_C22392482,SOT-323-3_L2.0-W1.3-P1.30-LS2.3-BR,159443,0.023USD,"Diodes,Schottky Diodes",30V 1 pair of common cathodes 200mA 1V@100mA SOT-323 Schottky Diodes ROHS
C22466350,Preferred Component,BAT54C,hongjiacheng,BAT54C_C22466350,SOT-23-3_L2.9-W1.3-P1.90-LS2.8-BR,479691,0.017USD,"Diodes,Schottky Diodes",30V Independent Type 200mA 1V@100mA SOT-23 Schottky Diodes ROHS
C22466373,Preferred Component,BAT54SW,hongjiacheng,BAT54SW_C22466373,SOT-323-3_L2.0-W1.3-P1.30-LS2.1-BR-2,46474,0.022USD,"Diodes,Schottky Diodes",30V 1 pair in series 200mA 1V@100mA SOT-323 Schottky Diodes ROHS
C7420333,Preferred Component,BAT54S,hongjiacheng,BAT54S_C7420333,SOT-23-3_L2.9-W1.3-P1.90-LS2.4-BR,312442,0.016USD,"Diodes,Schottky Barrier Diodes (SBD)",30V 1 pair in series 200mA 400mV@10mA SOT-23 Schottky Diodes ROHS
C7502730,Preferred Component,1SS181,hongjiacheng,1SS181_C7502730,SOT-23-3_L2.9-W1.3-P1.90-LS2.4-BL-1,65471,0.018USD,"Diodes,Switching Diode",80V 1 pair common anode 1.2V@100mA 4ns 100mA SOT-23 Switching Diodes ROHS
C7502726,Preferred Component,BAS21S,hongjiacheng,BAS21S_C7502726,SOT-23-3_L2.9-W1.3-P1.90-LS2.4-BL-1,34444,0.017USD,"Diodes,Switching Diode",250V 1 pair in series 1.25V@200mA 50ns 200mA SOT-23 Switching Diodes ROHS
C68978,Basic Component,BAV70,Changjiang Electronics Tech (CJ),BAV70-C68978,SOT-23-3_L3.0-W1.7-P0.95-LS2.9-BR,115271,0.019USD,"Diodes,Switching Diode",70V 1 pair of common cathodes 1.25V@150mA 6ns 200mA SOT-23 Switching Diodes ROHS
C7420335,Preferred Component,BAV70,hongjiacheng,BAV70_C7420335,SOT-23-3_L2.9-W1.3-P1.90-LS2.4-BR,3064,0.013USD,"Diodes,Switching Diode",100V 1 pair of common cathodes 1.25V@150mA 4ns 200mA SOT-23 Switching Diodes ROHS
C2500,Basic Component,"BAV99,215",Nexperia,"BAV99,215",SOT-23-3_L2.9-W1.6-P1.90-LS2.8-BR,718062,0.012USD,"Diodes,Switching Diode",100V 1 pair in series 1.25V@150mA 4ns 215mA SOT-23 Switching Diodes ROHS
C7420336,Preferred Component,BAV99,hongjiacheng,BAV99_C7420336,SOT-23-3_L2.9-W1.3-P1.90-LS2.4-BR,460805,0.014USD,"Diodes,Switching Diode",70V 1 pair in series 1.25V@150mA 4ns 200mA SOT-23 Switching Diodes ROHS
C20617928,Preferred Component,H15VNT2B,hongjiacheng,H15VNT2B,SOT-23-3_L2.9-W1.3-P0.95-LS2.4-BR,14826,0.044USD,"TVS/Fuse/Board Level Protection,Electrostatic And Surge Protection (TVS/ESD)",8A 38.5V 300W 19V Bidirectional 15V SOT-23 ESD and Surge Protection (TVS/ESD) ROHS
C20615827,Preferred Component,H24VNT2B,hongjiacheng,H24VNT2B,SOT-23-3_L2.9-W1.5-P1.90-LS2.6-BR,4776,0.045USD,"TVS/Fuse/Board Level Protection,Electrostatic And Surge Protection (TVS/ESD)",7A 55V 385W 30V Bidirectional 24V SOT-23 ESD and Surge Protection (TVS/ESD) ROHS
C20615828,Preferred Component,H36VLT2B,hongjiacheng,H36VLT2B,SOT-23-3_L2.9-W1.5-P1.90-LS2.6-BR,9833,0.047USD,"TVS/Fuse/Board Level Protection,Electrostatic And Surge Protection (TVS/ESD)",4A 75V 300W 45V Bidirectional 36V SOT-23 ESD and Surge Protection (TVS/ESD) ROHS
C20617923,Preferred Component,H3V3HT2B,hongjiacheng,H3V3HT2B,SOT-23-3_L2.9-W1.3-P1.90-LS2.4-BR,39386,0.041USD,"TVS/Fuse/Board Level Protection,Electrostatic And Surge Protection (TVS/ESD)",25A 15V 350W 7V Bidirectional 3.3V SOT-23 ESD and Surge Protection (TVS/ESD) ROHS
C22395518,Preferred Component,H4V5H22B,hongjiacheng,H4V5H22B,DFN2020-3_L2.0-W2.0-P1.30-BR-1,4376,0.064USD,"Circuit Protection,ESD And Surge Protection (TVS/ESD)",280A 5880W 21V 6V Bidirectional 4.5V DFN2020-3L ESD and Surge Protection (TVS/ESD) ROHS
C20617926,Preferred Component,H5VHT2B,hongjiacheng,H5VHT2B,SOT-23-3_L2.9-W1.3-P1.90-LS2.4-BR,905,0.047USD,"TVS/Fuse/Board Level Protection,Electrostatic And Surge Protection (TVS/ESD)",25A 415W 16.7V 8V Bidirectional 5V SOT-23 ESD and Surge Protection (TVS/ESD) ROHS
C20617925,Preferred Component,H5VNT2B,hongjiacheng,H5VNT2B,SOT-23-3_L2.9-W1.3-P1.90-LS2.4-BR,11360,0.032USD,"TVS/Fuse/Board Level Protection,Electrostatic And Surge Protection (TVS/ESD)",8A 95W 12V 8V Bidirectional 5V SOT-23 ESD and Surge Protection (TVS/ESD) ROHS
C20615825,Preferred Component,H8VNT2B,hongjiacheng,H8VNT2B,SOT-23-3_L2.9-W1.5-P1.90-LS2.6-BR,16479,0.045USD,"TVS/Fuse/Board Level Protection,Electrostatic And Surge Protection (TVS/ESD)",20A 25V 500W 12V Bidirectional 8V SOT-23 ESD and Surge Protection (TVS/ESD) ROHS
C32677,Basic Component,PSM712-LF-T7,ProTek Devices,PSM712-LF-T7,SOT-23-3_L3.0-W1.7-P0.95-LS2.9-BR,189896,0.304USD,"Circuit Protection,TVS",19V 13.3V 12V SOT-23 ESD and Surge Protection (TVS/ESD) ROHS
C7420375,Preferred Component,SM712,hongjiacheng,SM712,SOT-23-3_L2.9-W1.3-P1.90-LS2.4-BR,204080,0.066USD,"TVS/Fuse/Board Level Protection,ESD Protection Devices",12A 15V 300W Bidirectional SOT-23 ESD and Surge Protection (TVS/ESD) ROHS
C20615799,Preferred Component,H12VH22U,hongjiacheng,H12VH22U,DFN2020-3_L2.0-W2.0-P0.65-BR-1,1689,0.066USD,"TVS/Fuse/Board Level Protection,Electrostatic And Surge Protection (TVS/ESD)",210A 6kW 30V 16.5V Unidirectional 12V DFN2020-3L ESD and Surge Protection (TVS/ESD) ROHS
C20615826,Preferred Component,H12VNT2U,hongjiacheng,H12VNT2U,SOT-23-3_L2.9-W1.5-P1.90-LS2.6-BR,2633,0.024USD,"TVS/Fuse/Board Level Protection,Electrostatic And Surge Protection (TVS/ESD)",35A 1.26kW 36V 16V Unidirectional 12V SOT-23 ESD and Surge Protection (TVS/ESD) ROHS
C20615823,Preferred Component,H5VHT2U,hongjiacheng,H5VHT2U,SOT-23-3_L2.9-W1.5-P1.90-LS2.6-BR,5487,0.030USD,"TVS/Fuse/Board Level Protection,Electrostatic And Surge Protection (TVS/ESD)",25A 14V 350W 9V Unidirectional 5V SOT-23 ESD and Surge Protection (TVS/ESD) ROHS
C20615795,Preferred Component,H5VU13U,hongjiacheng,H5VU13U,DFN1006-3L_L1.0-W0.6-LS1.0-BR,95120,0.028USD,"TVS/Fuse/Board Level Protection,Electrostatic And Surge Protection (TVS/ESD)",5A 75W 15V 9V Unidirectional 5V DFN1006-3L ESD and Surge Protection (TVS/ESD) ROHS
C22395515,Preferred Component,H12VS06B,hongjiacheng,H12VS06B,D_DFN0603-2L,12729,0.021USD,"Circuit Protection,ESD And Surge Protection (TVS/ESD)",3.5A 85W 24V 12V Bidirectional 12V DFN0603-2L ESD and Surge Protection (TVS/ESD) ROHS
C22395516,Preferred Component,H24VN10U,hongjiacheng,H24VN10U,D_DFN1006-2L,4390,0.032USD,"Circuit Protection,ESD And Surge Protection (TVS/ESD)",5A 220W 44V 30V Unidirectional 24V DFN1006-2L ESD and Surge Protection (TVS/ESD) ROHS
C22395519,Preferred Component,H5VU10U,hongjiacheng,H5VU10U,D_DFN1006-2L,29579,0.018USD,"Circuit Protection,ESD And Surge Protection (TVS/ESD)",5A 55W 16V 9V Unidirectional 5V DFN1006-2L ESD and Surge Protection (TVS/ESD) ROHS
C42413893,Preferred Component,H5VL10BH,hongjiacheng,H5VL10BH,D_DFN1006-2L,14609,0.037USD,"Circuit Protection,ESD And Surge Protection (TVS/ESD)",DFN1006-2L ESD and Surge Protection (TVS/ESD)
C22395517,Preferred Component,H4V5H16U,hongjiacheng,H4V5H16U,D_DFN1610-2L,75267,0.046USD,"Circuit Protection,ESD And Surge Protection (TVS/ESD)",185A 2775W 15V 7V Unidirectional 4.5V DFN1610-2L ESD and Surge Protection (TVS/ESD) ROHS
C19077524,Preferred Component,SMAJ5.0CA,hongjiacheng,SMAJ5.0CA,D_SMA,184425,0.038USD,"Circuit Protection,ESD And Surge Protection (TVS/ESD)",43.5A 400W 9.2V 6.4V Bidirectional 5V SMA ESD and Surge Protection (TVS/ESD) ROHS
C41376399,Preferred Component,SMAJ33A,hongjiacheng,SMAJ33A,D_SMA,12850,0.037USD,"Circuit Protection,ESD And Surge Protection (TVS/ESD)",400W 53.3V 40.6V Unidirectional 33V SMA ESD and Surge Protection (TVS/ESD) ROHS
C41376400,Preferred Component,SMAJ43CA,hongjiacheng,SMAJ43CA,D_SMA,52357,0.036USD,"Circuit Protection,ESD And Surge Protection (TVS/ESD)",400W 69.4V 52.8V Bidirectional 43V SMA ESD and Surge Protection (TVS/ESD) ROHS
C41376401,Preferred Component,SMAJ48A,hongjiacheng,SMAJ48A,D_SMA,4010,0.036USD,"Circuit Protection,ESD And Surge Protection (TVS/ESD)",77.4V 400W 58.9V Unidirectional 48V SMA ESD and Surge Protection (TVS/ESD) ROHS
C41376402,Preferred Component,SMAJ43A,hongjiacheng,SMAJ43A,D_SMA,62611,0.035USD,"Circuit Protection,ESD And Surge Protection (TVS/ESD)",400W 69.4V 52.8V Unidirectional 43V SMA ESD and Surge Protection (TVS/ESD) ROHS
C41376403,Preferred Component,SMAJ22A,hongjiacheng,SMAJ22A,D_SMA,10459,0.026USD,"Circuit Protection,ESD And Surge Protection (TVS/ESD)",35.5V 400W 26.9V Unidirectional 22V SMA ESD and Surge Protection (TVS/ESD) ROHS
C41376404,Preferred Component,SMAJ51CA,hongjiacheng,SMAJ51CA,D_SMA,1098,0.036USD,"Circuit Protection,ESD And Surge Protection (TVS/ESD)",4.9A 82.4V 400W 62.7V Bidirectional 51V SMA ESD and Surge Protection (TVS/ESD) ROHS
C41376405,Preferred Component,SMAJ16A,hongjiacheng,SMAJ16A,D_SMA,7028,0.038USD,"Circuit Protection,ESD And Surge Protection (TVS/ESD)",26V 400W 19.7V Unidirectional 16V SMA ESD and Surge Protection (TVS/ESD) ROHS
C41376406,Preferred Component,SMAJ14A,hongjiacheng,SMAJ14A,D_SMA,2438,0.036USD,"Circuit Protection,ESD And Surge Protection (TVS/ESD)",400W 23.2V 17.2V Unidirectional 14V SMA ESD and Surge Protection (TVS/ESD) ROHS
C41376407,Preferred Component,SMAJ10A,hongjiacheng,SMAJ10A,D_SMA,5271,0.036USD,"Circuit Protection,ESD And Surge Protection (TVS/ESD)",17V 400W 12.3V Unidirectional 10V SMA ESD and Surge Protection (TVS/ESD) ROHS
C41376408,Preferred Component,SMAJ20A,hongjiacheng,SMAJ20A,D_SMA,8843,0.037USD,"Circuit Protection,ESD And Surge Protection (TVS/ESD)",400W 32.4V 24.5V Unidirectional 20V SMA ESD and Surge Protection (TVS/ESD) ROHS
C41376409,Preferred Component,SMAJ200A,hongjiacheng,SMAJ200A,D_SMA,11779,0.036USD,"Circuit Protection,ESD And Surge Protection (TVS/ESD)",324V 400W 247V Unidirectional 200V SMA ESD and Surge Protection (TVS/ESD) ROHS
C19077543,Preferred Component,SMAJ26A,hongjiacheng,SMAJ26A,D_SMA,35288,0.035USD,"Circuit Protection,ESD And Surge Protection (TVS/ESD)",9.5A 42.1V 400W 28.9V Unidirectional 26V SMA ESD and Surge Protection (TVS/ESD) ROHS
C19077532,Preferred Component,SMAJ12CA,hongjiacheng,SMAJ12CA,D_SMA,135116,0.030USD,"Circuit Protection,ESD And Surge Protection (TVS/ESD)",20.1A 19.9V 400W 13.3V Bidirectional 12V SMA ESD and Surge Protection (TVS/ESD) ROHS
C19077536,Preferred Component,SMAJ15CA,hongjiacheng,SMAJ15CA,D_SMA,48970,0.037USD,"Circuit Protection,ESD And Surge Protection (TVS/ESD)",16.4A 400W 24.4V 16.7V Bidirectional 15V SMA ESD and Surge Protection (TVS/ESD) ROHS
C41411781,Preferred Component,SMAJ150A,hongjiacheng,SMAJ150A,D_SMA,29989,0.036USD,"Circuit Protection,ESD And Surge Protection (TVS/ESD)",SMA ESD and Surge Protection (TVS/ESD) ROHS
C42394394,Preferred Component,P4SMA6.8A,hongjiacheng,P4SMA6.8A,D_SMA,10610,0.034USD,"Circuit Protection,ESD And Surge Protection (TVS/ESD)",5.8V 10.5V 38.1A 1mA 7.14V 400W -55°C~+150°C SMA ESD and Surge Protection (TVS/ESD)
C42394395,Preferred Component,SMAJ7.0A,hongjiacheng,SMAJ7.0A,D_SMA,3039,0.033USD,"Circuit Protection,ESD And Surge Protection (TVS/ESD)",7V 12V 33.3A 200uA 400W 8.6V -55°C~+150°C SMA ESD and Surge Protection (TVS/ESD)
C42394396,Preferred Component,SMAJ14CA,hongjiacheng,SMAJ14CA,D_SMA,3231,0.036USD,"Circuit Protection,ESD And Surge Protection (TVS/ESD)",14V 23.2V 17.2A 1uA 17.2V 400W -55°C~+150°C SMA ESD and Surge Protection (TVS/ESD)
C42394397,Preferred Component,SMAJ22CA,hongjiacheng,SMAJ22CA,D_SMA,7906,0.035USD,"Circuit Protection,ESD And Surge Protection (TVS/ESD)",SMA ESD and Surge Protection (TVS/ESD)
C42394398,Preferred Component,SMAJ60A,hongjiacheng,SMAJ60A,D_SMA,14987,0.035USD,"Circuit Protection,ESD And Surge Protection (TVS/ESD)",SMA ESD and Surge Protection (TVS/ESD)
C42394399,Preferred Component,SMAJ60CA,hongjiacheng,SMAJ60CA,D_SMA,10371,0.035USD,"Circuit Protection,ESD And Surge Protection (TVS/ESD)",SMA ESD and Surge Protection (TVS/ESD)
C42394400,Preferred Component,SMAJ64A,hongjiacheng,SMAJ64A,D_SMA,3480,0.043USD,"Circuit Protection,ESD And Surge Protection (TVS/ESD)",SMA ESD and Surge Protection (TVS/ESD)
C42394401,Preferred Component,SMAJ85CA,hongjiacheng,SMAJ85CA,D_SMA,4464,0.035USD,"Circuit Protection,ESD And Surge Protection (TVS/ESD)",137V 2.9A 1uA 85V 400W 104V -55°C~+150°C SMA ESD and Surge Protection (TVS/ESD)
C42394402,Preferred Component,SMAJ90CA,hongjiacheng,SMAJ90CA,D_SMA,11608,0.035USD,"Circuit Protection,ESD And Surge Protection (TVS/ESD)",SMA ESD and Surge Protection (TVS/ESD)
C42394403,Preferred Component,SMAJ90A,hongjiacheng,SMAJ90A,D_SMA,13555,0.031USD,"Circuit Protection,ESD And Surge Protection (TVS/ESD)",111V 146V 2.7A 1uA 90V 400W -55°C~+150°C SMA ESD and Surge Protection (TVS/ESD)
C42394406,Preferred Component,SMAJ300CA,hongjiacheng,SMAJ300CA,D_SMA,4710,0.056USD,"Circuit Protection,ESD And Surge Protection (TVS/ESD)",SMA ESD and Surge Protection (TVS/ESD)
C42394399,Preferred Component,SMAJ60CA,hongjiacheng,SMAJ60CA,D_SMA,10371,0.035USD,"Circuit Protection,ESD And Surge Protection (TVS/ESD)",SMA ESD and Surge Protection (TVS/ESD)
C19077531,Preferred Component,SMAJ12A,hongjiacheng,SMAJ12A,D_SMA,39193,0.034USD,"Circuit Protection,ESD And Surge Protection (TVS/ESD)",20.1A 19.9V 400W 13.3V Unidirectional 12V SMA ESD and Surge Protection (TVS/ESD) ROHS
C19077552,Preferred Component,SMAJ40CA,hongjiacheng,SMAJ40CA,D_SMA,44409,0.029USD,"Circuit Protection,ESD And Surge Protection (TVS/ESD)",6.2A 400W 64.5V 44.4V Bidirectional 40V SMA ESD and Surge Protection (TVS/ESD) ROHS
C19077545,Preferred Component,SMAJ28A,hongjiacheng,SMAJ28A,D_SMA,2200,0.032USD,"Circuit Protection,ESD And Surge Protection (TVS/ESD)",8.8A 45.4V 400W 31.1V Unidirectional 28V SMA ESD and Surge Protection (TVS/ESD) ROHS
C19077526,Preferred Component,SMAJ6.0CA,hongjiacheng,SMAJ6.0CA,D_SMA,6194,0.037USD,"Circuit Protection,ESD And Surge Protection (TVS/ESD)",38.8A 10.3V 400W 7.22V Bidirectional 6V SMA ESD and Surge Protection (TVS/ESD) ROHS
C19077526,Preferred Component,SMAJ6.0CA,hongjiacheng,SMAJ6.0CA,D_SMA,6194,0.037USD,"Circuit Protection,ESD And Surge Protection (TVS/ESD)",38.8A 10.3V 400W 7.22V Bidirectional 6V SMA ESD and Surge Protection (TVS/ESD) ROHS
C19077551,Preferred Component,SMAJ36CA,hongjiacheng,SMAJ36CA,D_SMA,22616,0.028USD,"Circuit Protection,ESD And Surge Protection (TVS/ESD)",6.9A 58.1V 400W 40V Bidirectional 36V SMA ESD and Surge Protection (TVS/ESD) ROHS
C19077551,Preferred Component,SMAJ36CA,hongjiacheng,SMAJ36CA,D_SMA,22616,0.028USD,"Circuit Protection,ESD And Surge Protection (TVS/ESD)",6.9A 58.1V 400W 40V Bidirectional 36V SMA ESD and Surge Protection (TVS/ESD) ROHS
C41376097,Preferred Component,SMBJ14CA,hongjiacheng,SMBJ14CA,D_SMB,9292,0.046USD,"Circuit Protection,ESD And Surge Protection (TVS/ESD)",25.86A 600W 23.2V 17.2V Bidirectional 14V SMB ESD and Surge Protection (TVS/ESD) ROHS
C41376098,Preferred Component,SMBJ43CA,hongjiacheng,SMBJ43CA,D_SMB,7603,0.044USD,"Circuit Protection,ESD And Surge Protection (TVS/ESD)",8.65A 600W 69.4V 52.8V Bidirectional 43V SMB ESD and Surge Protection (TVS/ESD) ROHS
C41376099,Preferred Component,SMBJ64CA,hongjiacheng,SMBJ64CA,D_SMB,9797,0.044USD,"Circuit Protection,ESD And Surge Protection (TVS/ESD)",5.83A 600W 103V 78.6V Bidirectional 64V SMB ESD and Surge Protection (TVS/ESD) ROHS
C41376100,Preferred Component,SMBJ8.0CA,hongjiacheng,SMBJ8.0CA,D_SMB,24869,0.047USD,"Circuit Protection,ESD And Surge Protection (TVS/ESD)",44.12A 600W 13.6V 9.83V Bidirectional 8V SMB ESD and Surge Protection (TVS/ESD) ROHS
C41376101,Preferred Component,SMBJ51CA,hongjiacheng,SMBJ51CA,D_SMB,32508,0.044USD,"Circuit Protection,ESD And Surge Protection (TVS/ESD)",7.28A 600W 82.4V 62.7V Bidirectional 51V SMB ESD and Surge Protection (TVS/ESD) ROHS
C41376102,Preferred Component,SMBJ58A,hongjiacheng,SMBJ58A,D_SMB,27406,0.048USD,"Circuit Protection,ESD And Surge Protection (TVS/ESD)",6.41A 600W 93.6V 71.2V Unidirectional 58V SMB ESD and Surge Protection (TVS/ESD) ROHS
C41376398,Preferred Component,SMBJ90CA,hongjiacheng,SMBJ90CA,D_SMB,13321,0.044USD,"Circuit Protection,ESD And Surge Protection (TVS/ESD)",4.11A 600W 146V 111V Bidirectional 90V SMB ESD and Surge Protection (TVS/ESD) ROHS
C41376098,Preferred Component,SMBJ43CA,hongjiacheng,SMBJ43CA,D_SMB,7603,0.044USD,"Circuit Protection,ESD And Surge Protection (TVS/ESD)",8.65A 600W 69.4V 52.8V Bidirectional 43V SMB ESD and Surge Protection (TVS/ESD) ROHS
C41376104,Preferred Component,SMBJ170A,hongjiacheng,SMBJ170A,D_SMB,6097,0.044USD,"Circuit Protection,ESD And Surge Protection (TVS/ESD)",170V 275V 209V 2.18A 5uA 600W Unidirectional TVS Single channel -55°C~+150°C SMB ESD and Surge Protection (TVS/ESD)
C42371743,Preferred Component,SMBJ150CA,hongjiacheng,SMBJ150CA,D_SMB,10289,0.043USD,"Circuit Protection,ESD And Surge Protection (TVS/ESD)",150V 243V 2.47A 5uA 600W 185V -55°C~+150°C SMB ESD and Surge Protection (TVS/ESD)
C42371745,Preferred Component,SMBJ150A,hongjiacheng,SMBJ150A,D_SMB,9625,0.035USD,"Circuit Protection,ESD And Surge Protection (TVS/ESD)",SMB ESD and Surge Protection (TVS/ESD)
C42394408,Preferred Component,P6SMB7.5A,hongjiacheng,P6SMB7.5A,D_SMB,2544,0.049USD,"Circuit Protection,ESD And Surge Protection (TVS/ESD)",6.4V 11.3V 53.1A 500uA 7.88V 600W -55°C~+150°C SMB ESD and Surge Protection (TVS/ESD)
C42394410,Preferred Component,P6SMB39A,hongjiacheng,P6SMB39A,D_SMB,16205,0.045USD,"Circuit Protection,ESD And Surge Protection (TVS/ESD)",SMB ESD and Surge Protection (TVS/ESD)
C42394412,Preferred Component,P6SMB200A,hongjiacheng,P6SMB200A,D_SMB,2233,0.043USD,"Circuit Protection,ESD And Surge Protection (TVS/ESD)",SMB ESD and Surge Protection (TVS/ESD)
C42394417,Preferred Component,SMBJ400CA,hongjiacheng,SMBJ400CA,D_SMB,5370,0.084USD,"Circuit Protection,ESD And Surge Protection (TVS/ESD)",400V 648V 494V 5uA 930mA 600W -55°C~+150°C SMB ESD and Surge Protection (TVS/ESD)
C42371745,Preferred Component,SMBJ150A,hongjiacheng,SMBJ150A,D_SMB,9625,0.035USD,"Circuit Protection,ESD And Surge Protection (TVS/ESD)",SMB ESD and Surge Protection (TVS/ESD)
C19077566,Preferred Component,SMBJ12CA,hongjiacheng,SMBJ12CA,D_SMB,69905,0.046USD,"Circuit Protection,ESD And Surge Protection (TVS/ESD)",30.15A 600W 19.9V 13.3V Bidirectional 12V SMB ESD and Surge Protection (TVS/ESD) ROHS
C19077589,Preferred Component,SMBJ36CA,hongjiacheng,SMBJ36CA,D_SMB,48361,0.036USD,"Circuit Protection,ESD And Surge Protection (TVS/ESD)",10.33A 58.1V 600W 40V Bidirectional 36V SMB ESD and Surge Protection (TVS/ESD) ROHS
C19077579,Preferred Component,SMBJ24CA,hongjiacheng,SMBJ24CA,D_SMB,14376,0.046USD,"Circuit Protection,ESD And Surge Protection (TVS/ESD)",15.42A 600W 38.9V 26.7V Bidirectional 24V SMB ESD and Surge Protection (TVS/ESD) ROHS
C19077579,Preferred Component,SMBJ24CA,hongjiacheng,SMBJ24CA,D_SMB,14376,0.046USD,"Circuit Protection,ESD And Surge Protection (TVS/ESD)",15.42A 600W 38.9V 26.7V Bidirectional 24V SMB ESD and Surge Protection (TVS/ESD) ROHS
C19077561,Preferred Component,SMBJ6.0CA,hongjiacheng,SMBJ6.0CA,D_SMB,27935,0.040USD,"Circuit Protection,ESD And Surge Protection (TVS/ESD)",58.25A 600W 10.3V 6.67V Bidirectional 6V SMB ESD and Surge Protection (TVS/ESD) ROHS
C19077561,Preferred Component,SMBJ6.0CA,hongjiacheng,SMBJ6.0CA,D_SMB,27935,0.040USD,"Circuit Protection,ESD And Surge Protection (TVS/ESD)",58.25A 600W 10.3V 6.67V Bidirectional 6V SMB ESD and Surge Protection (TVS/ESD) ROHS
C19077582,Preferred Component,SMBJ28A,hongjiacheng,SMBJ28A,D_SMB,52473,0.037USD,"Circuit Protection,ESD And Surge Protection (TVS/ESD)",13.22A 600W 45.4V 31.1V Unidirectional 28V SMB ESD and Surge Protection (TVS/ESD) ROHS
C19077585,Preferred Component,SMBJ30CA,hongjiacheng,SMBJ30CA,D_SMB,39024,0.038USD,"Circuit Protection,ESD And Surge Protection (TVS/ESD)",12.4A 48.4V 600W 33.3V Bidirectional 30V SMB ESD and Surge Protection (TVS/ESD) ROHS
C19077581,Preferred Component,SMBJ26CA,hongjiacheng,SMBJ26CA,D_SMB,18321,0.032USD,"Circuit Protection,ESD And Surge Protection (TVS/ESD)",14.25A 600W 42.1V 28.9V Bidirectional 26V SMB ESD and Surge Protection (TVS/ESD) ROHS
C19077605,Preferred Component,SMCJ26CA,hongjiacheng,SMCJ26CA,D_SMC,10974,0.102USD,"Circuit Protection,ESD And Surge Protection (TVS/ESD)",35.7A 42.1V 1.5kW 28.9V Bidirectional 26V SMC ESD and Surge Protection (TVS/ESD) ROHS
C41411747,Preferred Component,SMCJ24CA,hongjiacheng,SMCJ24CA,D_SMC,15128,0.103USD,"Circuit Protection,ESD And Surge Protection (TVS/ESD)",38.6A 1.5kW 38.9V 29.5V Bidirectional 24V SMC ESD and Surge Protection (TVS/ESD) ROHS
C41411748,Preferred Component,SMCJ12CA,hongjiacheng,SMCJ12CA,D_SMC,24705,0.102USD,"Circuit Protection,ESD And Surge Protection (TVS/ESD)",75.4A 19.9V 1.5kW 14.7V Bidirectional 12V SMC ESD and Surge Protection (TVS/ESD) ROHS
C41411750,Preferred Component,SMCJ45CA,hongjiacheng,SMCJ45CA,D_SMC,1979,0.095USD,"Circuit Protection,ESD And Surge Protection (TVS/ESD)",20.6A 72.7V 1.5kW 55.3V Bidirectional 45V SMC ESD and Surge Protection (TVS/ESD) ROHS
C41411752,Preferred Component,SMCJ5.0CA,hongjiacheng,SMCJ5.0CA,D_SMC,10500,0.103USD,"Circuit Protection,ESD And Surge Protection (TVS/ESD)",163A 9.2V 1.5kW 7V Bidirectional 5V SMC ESD and Surge Protection (TVS/ESD) ROHS
C41411753,Preferred Component,SMCJ18CA,hongjiacheng,SMCJ18CA,D_SMC,5268,0.096USD,"Circuit Protection,ESD And Surge Protection (TVS/ESD)",51.4A 29.2V 1.5kW 22.1V Bidirectional 18V SMC ESD and Surge Protection (TVS/ESD) ROHS
C41411754,Preferred Component,SMCJ20CA,hongjiacheng,SMCJ20CA,D_SMC,3929,0.093USD,"Circuit Protection,ESD And Surge Protection (TVS/ESD)",46.3A 1.5kW 32.4V 24.5V Bidirectional 20V SMC ESD and Surge Protection (TVS/ESD) ROHS
C41411756,Preferred Component,SMCJ60CA,hongjiacheng,SMCJ60CA,D_SMC,6567,0.095USD,"Circuit Protection,ESD And Surge Protection (TVS/ESD)",15.5A 96.8V 1.5kW 73.7V Bidirectional 60V SMC ESD and Surge Protection (TVS/ESD) ROHS
C41411764,Preferred Component,SMCJ16CA,hongjiacheng,SMCJ16CA,D_SMC,8346,0.093USD,"Circuit Protection,ESD And Surge Protection (TVS/ESD)",57.7A 26V 1.5kW 19.7V Bidirectional 16V SMC ESD and Surge Protection (TVS/ESD) ROHS
C41411766,Preferred Component,SMCJ7.0CA,hongjiacheng,SMCJ7.0CA,D_SMC,2660,0.102USD,"Circuit Protection,ESD And Surge Protection (TVS/ESD)",125A 12V 1.5kW 8.6V Bidirectional 7V SMC ESD and Surge Protection (TVS/ESD) ROHS
C41376094,Preferred Component,SMCJ6.0CA,hongjiacheng,SMCJ6.0CA,D_SMC,13173,0.106USD,"Circuit Protection,ESD And Surge Protection (TVS/ESD)",6V 10.3V 145.7A 800uA 1.5kW 7.37V Bidirectional TVS Dual channel -55°C~+150°C SMC ESD and Surge Protection (TVS/ESD)
C41411744,Preferred Component,SMCJ100CA,hongjiacheng,SMCJ100CA,D_SMC,2122,0.095USD,"Circuit Protection,ESD And Surge Protection (TVS/ESD)",100V 162V 9.3A 1uA 1.5kW 123V Bidirectional TVS Dual channel -55°C~+150°C SMC ESD and Surge Protection (TVS/ESD)
C41411745,Preferred Component,SMCJ43CA,hongjiacheng,SMCJ43CA,D_SMC,5026,0.094USD,"Circuit Protection,ESD And Surge Protection (TVS/ESD)",43V 69.4V 21.7A 1uA 1.5kW 52.8V Bidirectional TVS Dual channel -55°C~+150°C SMC ESD and Surge Protection (TVS/ESD)
C41411746,Preferred Component,SMCJ70CA,hongjiacheng,SMCJ70CA,D_SMC,9965,0.095USD,"Circuit Protection,ESD And Surge Protection (TVS/ESD)",70V 113V 13.3A 1uA 86V 1.5kW Bidirectional TVS Dual channel -55°C~+150°C SMC ESD and Surge Protection (TVS/ESD)
C41411749,Preferred Component,SMCJ64CA,hongjiacheng,SMCJ64CA,D_SMC,3233,0.093USD,"Circuit Protection,ESD And Surge Protection (TVS/ESD)",64V 103V 14.6A 1uA 1.5kW 78.6V Bidirectional TVS Dual channel -55°C~+150°C SMC ESD and Surge Protection (TVS/ESD)
C41411751,Preferred Component,SMCJ51CA,hongjiacheng,SMCJ51CA,D_SMC,7277,0.094USD,"Circuit Protection,ESD And Surge Protection (TVS/ESD)",51V 82.4V 18.2A 1uA 1.5kW 62.7V Bidirectional TVS Dual channel -55°C~+150°C SMC ESD and Surge Protection (TVS/ESD)
C41411755,Preferred Component,SMCJ75CA,hongjiacheng,SMCJ75CA,D_SMC,2963,0.052USD,"Circuit Protection,ESD And Surge Protection (TVS/ESD)",75V 121V 12.4A 1uA 1.5kW 92.1V Bidirectional TVS Dual channel -55°C~+150°C SMC ESD and Surge Protection (TVS/ESD)
C41411757,Preferred Component,SMCJ150CA,hongjiacheng,SMCJ150CA,D_SMC,8519,0.095USD,"Circuit Protection,ESD And Surge Protection (TVS/ESD)",150V 243V 6.2A 1uA 1.5kW 185V Bidirectional TVS Dual channel -55°C~+150°C SMC ESD and Surge Protection (TVS/ESD)
C41411758,Preferred Component,SMCJ6.5CA,hongjiacheng,SMCJ6.5CA,D_SMC,4818,0.107USD,"Circuit Protection,ESD And Surge Protection (TVS/ESD)",11.2V 134A 500uA 6.5V 1.5kW 7.98V Bidirectional TVS Dual channel -55°C~+150°C SMC ESD and Surge Protection (TVS/ESD)
C41411759,Preferred Component,SMCJ22CA,hongjiacheng,SMCJ22CA,D_SMC,2120,0.094USD,"Circuit Protection,ESD And Surge Protection (TVS/ESD)",22V 35.5V 42.3A 1uA 1.5kW 26.9V Bidirectional TVS Dual channel -55°C~+150°C SMC ESD and Surge Protection (TVS/ESD)
C41411760,Preferred Component,SMCJ10CA,hongjiacheng,SMCJ10CA,D_SMC,8718,0.104USD,"Circuit Protection,ESD And Surge Protection (TVS/ESD)",10V 17V 88.3A 5uA 12.3V 1.5kW Bidirectional TVS Dual channel -55°C~+150°C SMC ESD and Surge Protection (TVS/ESD)
C41411761,Preferred Component,SMCJ54CA,hongjiacheng,SMCJ54CA,D_SMC,4058,0.097USD,"Circuit Protection,ESD And Surge Protection (TVS/ESD)",54V 87.1V 17.3A 1uA 1.5kW 66.3V Bidirectional TVS Dual channel -55°C~+150°C SMC ESD and Surge Protection (TVS/ESD)
C41411763,Preferred Component,SMCJ13CA,hongjiacheng,SMCJ13CA,D_SMC,10806,0.092USD,"Circuit Protection,ESD And Surge Protection (TVS/ESD)",13V 21.5V 69.8A 1uA 1.5kW 15.9V Bidirectional TVS Dual channel -55°C~+150°C SMC ESD and Surge Protection (TVS/ESD)
C41411765,Preferred Component,SMCJ48CA,hongjiacheng,SMCJ48CA,D_SMC,4394,0.096USD,"Circuit Protection,ESD And Surge Protection (TVS/ESD)",48V 77.4V 58.9V 19.4A 1uA 1.5kW Bidirectional TVS Dual channel -55°C~+150°C SMC ESD and Surge Protection (TVS/ESD)
C42371538,Preferred Component,SMCJ28A,hongjiacheng,SMCJ28A,D_SMC,3415,0.094USD,"Circuit Protection,ESD And Surge Protection (TVS/ESD)",28V 45.4V 33.1A 1uA 1.5kW 34.4V -55°C~+150°C SMC ESD and Surge Protection (TVS/ESD)
C42371542,Preferred Component,SMCJ100A,hongjiacheng,SMCJ100A,D_SMC,2112,0.102USD,"Circuit Protection,ESD And Surge Protection (TVS/ESD)",100V 162V 9.3A 1uA 1.5kW 123V -55°C~+150°C SMC ESD and Surge Protection (TVS/ESD)
C42371543,Preferred Component,SMCJ78A,hongjiacheng,SMCJ78A,D_SMC,2911,0.097USD,"Circuit Protection,ESD And Surge Protection (TVS/ESD)",78V 126V 11.9A 1uA 1.5kW 95.8V -55°C~+150°C SMC ESD and Surge Protection (TVS/ESD)
C42371544,Preferred Component,SMCJ22A,hongjiacheng,SMCJ22A,D_SMC,2479,0.097USD,"Circuit Protection,ESD And Surge Protection (TVS/ESD)",22V 35.5V 42.3A 1uA 1.5kW 26.9V -55°C~+150°C SMC ESD and Surge Protection (TVS/ESD)
C42371545,Preferred Component,SMCJ26A,hongjiacheng,SMCJ26A,D_SMC,2275,0.097USD,"Circuit Protection,ESD And Surge Protection (TVS/ESD)",SMC ESD and Surge Protection (TVS/ESD)
C42371547,Preferred Component,SMCJ58A,hongjiacheng,SMCJ58A,D_SMC,2453,0.103USD,"Circuit Protection,ESD And Surge Protection (TVS/ESD)",58V 93.6V 16.1A 1uA 1.5kW 71.2V -55°C~+150°C SMC ESD and Surge Protection (TVS/ESD)
C42371548,Preferred Component,SMCJ33A,hongjiacheng,SMCJ33A,D_SMC,3358,0.097USD,"Circuit Protection,ESD And Surge Protection (TVS/ESD)",SMC ESD and Surge Protection (TVS/ESD)
C42371549,Preferred Component,SMCJ51A,hongjiacheng,SMCJ51A,D_SMC,2450,0.097USD,"Circuit Protection,ESD And Surge Protection (TVS/ESD)",SMC ESD and Surge Protection (TVS/ESD)
C42371550,Preferred Component,SMCJ15A,hongjiacheng,SMCJ15A,D_SMC,4666,0.091USD,"Circuit Protection,ESD And Surge Protection (TVS/ESD)",15V 24.4V 18.5V 61.5A 1uA 1.5kW -55°C~+150°C SMC ESD and Surge Protection (TVS/ESD)
C42371551,Preferred Component,SMDJ64CA,hongjiacheng,SMDJ64CA,D_SMC,4467,0.178USD,"Circuit Protection,ESD And Surge Protection (TVS/ESD)",SMC ESD and Surge Protection (TVS/ESD) ROHS
C42371552,Preferred Component,SMDJ30CA,hongjiacheng,SMDJ30CA,D_SMC,3585,0.192USD,"Circuit Protection,ESD And Surge Protection (TVS/ESD)",30V 48.4V 62A 2uA 3kW 36.8V -55°C~+150°C SMC ESD and Surge Protection (TVS/ESD)
C42371555,Preferred Component,SMDJ33CA,hongjiacheng,SMDJ33CA,D_SMC,17461,0.199USD,"Circuit Protection,ESD And Surge Protection (TVS/ESD)",SMC ESD and Surge Protection (TVS/ESD)
C42371556,Preferred Component,SMDJ36CA,hongjiacheng,SMDJ36CA,D_SMC,6,0.174USD,"Circuit Protection,ESD And Surge Protection (TVS/ESD)",36V 58.1V 51.6A 2uA 3kW 44.2V -55°C~+150°C SMC ESD and Surge Protection (TVS/ESD)
C42371557,Preferred Component,SMDJ40CA,hongjiacheng,SMDJ40CA,D_SMC,1324,0.198USD,"Circuit Protection,ESD And Surge Protection (TVS/ESD)",SMC ESD and Surge Protection (TVS/ESD)
C42371558,Preferred Component,SMDJ85CA,hongjiacheng,SMDJ85CA,D_SMC,1708,0.191USD,"Circuit Protection,ESD And Surge Protection (TVS/ESD)",SMC ESD and Surge Protection (TVS/ESD)
C42371716,Preferred Component,SMDJ26CA,hongjiacheng,SMDJ26CA,D_SMC,6270,0.198USD,"Circuit Protection,ESD And Surge Protection (TVS/ESD)",26V 42.1V 71.3A 2uA 3kW 31.9V -55°C~+150°C SMC ESD and Surge Protection (TVS/ESD)
C42371719,Preferred Component,SMDJ45CA,hongjiacheng,SMDJ45CA,D_SMC,2568,0.215USD,"Circuit Protection,ESD And Surge Protection (TVS/ESD)",45V 72.7V 41.3A 2uA 3kW 55.3V -55°C~+150°C SMC ESD and Surge Protection (TVS/ESD)
C42371721,Preferred Component,SMDJ28A,hongjiacheng,SMDJ28A,D_SMC,2452,0.205USD,"Circuit Protection,ESD And Surge Protection (TVS/ESD)",SMC ESD and Surge Protection (TVS/ESD)
C42371722,Preferred Component,SMDJ24CA,hongjiacheng,SMDJ24CA,D_SMC,4361,0.198USD,"Circuit Protection,ESD And Surge Protection (TVS/ESD)",24V 38.9V 29.5V 77.1A 2uA 3kW -55°C~+150°C SMC ESD and Surge Protection (TVS/ESD)
C42371723,Preferred Component,SMDJ16A,hongjiacheng,SMDJ16A,D_SMC,2892,0.177USD,"Circuit Protection,ESD And Surge Protection (TVS/ESD)",16V 26V 115.4A 2uA 3kW 19.7V -55°C~+150°C SMC ESD and Surge Protection (TVS/ESD)
C42371724,Preferred Component,SMDJ58A,hongjiacheng,SMDJ58A,D_SMC,2973,0.188USD,"Circuit Protection,ESD And Surge Protection (TVS/ESD)",SMC ESD and Surge Protection (TVS/ESD)
C42371725,Preferred Component,SMDJ15CA,hongjiacheng,SMDJ15CA,D_SMC,2434,0.188USD,"Circuit Protection,ESD And Surge Protection (TVS/ESD)",15V 24.4V 18.5V 123A 2uA 3kW -55°C~+150°C SMC ESD and Surge Protection (TVS/ESD)
C42371727,Preferred Component,5.0SMDJ28CA,hongjiacheng,5.0SMDJ28CA,D_SMC,593,0.366USD,"Circuit Protection,ESD And Surge Protection (TVS/ESD)",28V 45.4V 5uA 5kW 110.1A 34.4V -55°C~+150°C SMC ESD and Surge Protection (TVS/ESD)
C42371730,Preferred Component,5.0SMDJ30CA,hongjiacheng,5.0SMDJ30CA,D_SMC,1160,0.272USD,"Circuit Protection,ESD And Surge Protection (TVS/ESD)",SMC ESD and Surge Protection (TVS/ESD)
C42394420,Preferred Component,SMCJ6.0A,hongjiacheng,SMCJ6.0A,D_SMC,5379,0.097USD,"Circuit Protection,ESD And Surge Protection (TVS/ESD)",SMC ESD and Surge Protection (TVS/ESD)
C42394428,Preferred Component,SMCJ85CA,hongjiacheng,SMCJ85CA,D_SMC,4645,0.095USD,"Circuit Protection,ESD And Surge Protection (TVS/ESD)",SMC ESD and Surge Protection (TVS/ESD)
C42394438,Preferred Component,SMDJ60CA,hongjiacheng,SMDJ60CA,D_SMC,1601,0.164USD,"Circuit Protection,ESD And Surge Protection (TVS/ESD)",60V 96.8V 73.7V 31A 2uA 3kW -55°C~+150°C SMC ESD and Surge Protection (TVS/ESD)
C42394457,Preferred Component,5.0SMDJ85CA,hongjiacheng,5.0SMDJ85CA,D_SMC,1070,0.373USD,"Circuit Protection,ESD And Surge Protection (TVS/ESD)",137V 36.5A 5uA 85V 5kW 104V -55°C~+150°C SMC ESD and Surge Protection (TVS/ESD)
C41411758,Preferred Component,SMCJ6.5CA,hongjiacheng,SMCJ6.5CA,D_SMC,4818,0.107USD,"Circuit Protection,ESD And Surge Protection (TVS/ESD)",11.2V 134A 500uA 6.5V 1.5kW 7.98V Bidirectional TVS Dual channel -55°C~+150°C SMC ESD and Surge Protection (TVS/ESD)
C42394438,Preferred Component,SMDJ60CA,hongjiacheng,SMDJ60CA,D_SMC,1601,0.164USD,"Circuit Protection,ESD And Surge Protection (TVS/ESD)",60V 96.8V 73.7V 31A 2uA 3kW -55°C~+150°C SMC ESD and Surge Protection (TVS/ESD)
C19077497,Preferred Component,SMF5.0A,hongjiacheng,SMF5.0A,D_SOD-123FL,158412,0.028USD,"Circuit Protection,ESD And Surge Protection (TVS/ESD)",27.4A 7.3V 200W 6.4V Unidirectional 5V SOD-123FL ESD and Surge Protection (TVS/ESD) ROHS
C19077498,Preferred Component,SMF5.0CA,hongjiacheng,SMF5.0CA,D_SOD-123FL,297684,0.030USD,"Circuit Protection,ESD And Surge Protection (TVS/ESD)",27.4A 7.3V 200W 6.4V Bidirectional 5V SOD-123FL ESD and Surge Protection (TVS/ESD) ROHS
C19077501,Preferred Component,SMF6.5CA,hongjiacheng,SMF6.5CA,D_SOD-123FL,205727,0.030USD,"Circuit Protection,ESD And Surge Protection (TVS/ESD)",17.9A 11.2V 200W 7.22V Bidirectional 6.5V SOD-123FL ESD and Surge Protection (TVS/ESD) ROHS
C19077514,Preferred Component,SMF24A,hongjiacheng,SMF24A,D_SOD-123FL,28838,0.028USD,"Circuit Protection,ESD And Surge Protection (TVS/ESD)",5.1A 38.9V 200W 26.7V Unidirectional 24V SOD-123FL ESD and Surge Protection (TVS/ESD) ROHS
C19077518,Preferred Component,SMF30A,hongjiacheng,SMF30A,D_SOD-123FL,10263,0.027USD,"Circuit Protection,ESD And Surge Protection (TVS/ESD)",4.1A 48.4V 200W 33.3V Unidirectional 30V SOD-123FL ESD and Surge Protection (TVS/ESD) ROHS
C19077499,Preferred Component,SMF6.0A,hongjiacheng,SMF6.0A,D_SOD-123FL,42202,0.029USD,"Circuit Protection,ESD And Surge Protection (TVS/ESD)",19.4A 10.3V 200W 6.67V Unidirectional 6V SOD-123FL ESD and Surge Protection (TVS/ESD) ROHS
C41376087,Preferred Component,SMF13A,hongjiacheng,SMF13A,D_SOD-123FL,11949,0.026USD,"Circuit Protection,ESD And Surge Protection (TVS/ESD)",SOD-123FL ESD and Surge Protection (TVS/ESD) ROHS
C41411783,Preferred Component,SMF14CA,hongjiacheng,SMF14CA,D_SOD-123FL,14346,0.026USD,"Circuit Protection,ESD And Surge Protection (TVS/ESD)",SOD-123FL ESD and Surge Protection (TVS/ESD) ROHS
C41376086,Preferred Component,SMF36A,hongjiacheng,SMF36A,D_SOD-123FL,15722,0.027USD,"Circuit Protection,ESD And Surge Protection (TVS/ESD)",3.44A 58.1V 200W 44.2V Unidirectional 36V SOD-123FL ESD and Surge Protection (TVS/ESD) ROHS
C41376088,Preferred Component,SMF7.0A,hongjiacheng,SMF7.0A,D_SOD-123FL,30107,0.026USD,"Circuit Protection,ESD And Surge Protection (TVS/ESD)",16.67A 12V 200W 8.6V Unidirectional 7V SOD-123FL ESD and Surge Protection (TVS/ESD) ROHS
C19077510,Preferred Component,SMF15CA,hongjiacheng,SMF15CA,D_SOD-123FL,3834,0.026USD,"Circuit Protection,ESD And Surge Protection (TVS/ESD)",3.4A 58.1V 200W 40V Bidirectional 36V SOD-123FL ESD and Surge Protection (TVS/ESD) ROHS
C41376089,Preferred Component,SMF6.5A,hongjiacheng,SMF6.5A,D_SOD-123FL,44033,0.026USD,"Circuit Protection,ESD And Surge Protection (TVS/ESD)",11.2V 17.86A 250uA 6.5V 200W 7.98V Unidirectional TVS Single channel SOD-123FL ESD and Surge Protection (TVS/ESD)
C41376090,Preferred Component,SMF26A,hongjiacheng,SMF26A,D_SOD-123FL,7288,0.026USD,"Circuit Protection,ESD And Surge Protection (TVS/ESD)",26V 42.1V 4.8A 1uA 200W 31.9V Unidirectional TVS Single channel -55°C~+150°C SOD-123FL ESD and Surge Protection (TVS/ESD)
C41376091,Preferred Component,SMF28A,hongjiacheng,SMF28A,D_SOD-123FL,16414,0.026USD,"Circuit Protection,ESD And Surge Protection (TVS/ESD)",28V 45.4V 1uA 4.41A 200W 34.4V Unidirectional TVS Single channel SOD-123FL ESD and Surge Protection (TVS/ESD)
C41376092,Preferred Component,SMF60CA,hongjiacheng,SMF60CA,D_SOD-123FL,16593,0.027USD,"Circuit Protection,ESD And Surge Protection (TVS/ESD)",60V 96.8V 73.7V 2.1A 1uA 200W Bidirectional TVS Dual channel -55°C~+150°C SOD-123FL ESD and Surge Protection (TVS/ESD)
C41411782,Preferred Component,SMF20A,hongjiacheng,SMF20A,D_SOD-123FL,34292,0.026USD,"Circuit Protection,ESD And Surge Protection (TVS/ESD)",SOD-123FL ESD and Surge Protection (TVS/ESD) ROHS
C42371747,Preferred Component,SMF20CA,hongjiacheng,SMF20CA,D_SOD-123FL,10430,0.026USD,"Circuit Protection,ESD And Surge Protection (TVS/ESD)",20V 32.4V 6.2A 1uA 200W 24.5V -55°C~+150°C SOD-123FL ESD and Surge Protection (TVS/ESD)
C42371749,Preferred Component,SMF40CA,hongjiacheng,SMF40CA,D_SOD-123FL,20670,0.024USD,"Circuit Protection,ESD And Surge Protection (TVS/ESD)",40V 64.5V 3.1A 1uA 200W 49.1V -55°C~+150°C SOD-123FL ESD and Surge Protection (TVS/ESD)
C42371750,Preferred Component,SMF7.5A,hongjiacheng,SMF7.5A,D_SOD-123FL,1132,0.028USD,"Circuit Protection,ESD And Surge Protection (TVS/ESD)",7.5V 12.9V 15.5A 50uA 200W 9.21V -55°C~+150°C SOD-123FL ESD and Surge Protection (TVS/ESD)
C42371752,Preferred Component,SMF150CA,hongjiacheng,SMF150CA,D_SOD-123FL,2701,0.025USD,"Circuit Protection,ESD And Surge Protection (TVS/ESD)",150V 243V 1uA 800mA 200W 185V -55°C~+150°C SOD-123FL ESD and Surge Protection (TVS/ESD)
C42371753,Preferred Component,SMF58CA,hongjiacheng,SMF58CA,D_SOD-123FL,6377,0.025USD,"Circuit Protection,ESD And Surge Protection (TVS/ESD)",58V 93.6V 2.1A 1uA 200W 71.2V -55°C~+150°C SOD-123FL ESD and Surge Protection (TVS/ESD)
C42371754,Preferred Component,SMF48A,hongjiacheng,SMF48A,D_SOD-123FL,17988,0.025USD,"Circuit Protection,ESD And Surge Protection (TVS/ESD)",48V 77.4V 58.9V 2.6A 1uA 200W -55°C~+150°C SOD-123FL ESD and Surge Protection (TVS/ESD)
C19077509,Preferred Component,SMF15A,hongjiacheng,SMF15A,D_SOD-123FL,59313,0.026USD,"Circuit Protection,ESD And Surge Protection (TVS/ESD)",8.2A 24.4V 200W 16.7V Unidirectional 15V SOD-123FL ESD and Surge Protection (TVS/ESD) ROHS
C42413887,Preferred Component,H36VND3U,hongjiacheng,H36VND3U,D_SOD-323,4218,0.032USD,"Circuit Protection,ESD And Surge Protection (TVS/ESD)",SOD-323 ESD and Surge Protection (TVS/ESD)
C42413899,Preferred Component,H5VND5BA,hongjiacheng,H5VND5BA,D_SOD-523,10812,0.032USD,"Circuit Protection,ESD And Surge Protection (TVS/ESD)",SOD-523 ESD and Surge Protection (TVS/ESD)
C2925441,Preferred Component,SMBJ30CA,Liown,SMBJ30CA,D_SMB,10796,0.038USD,"Circuit Protection,ESD Protection Devices",12.4A 600W 48.4V 33.3V 30V SMB ESD and Surge Protection (TVS/ESD) ROHS
C2925451,Preferred Component,SMBJ6.0CA,Liown,SMBJ6.0CA,D_SMB,7259,0.039USD,"Circuit Protection,ESD Protection Devices",58.3A 600W 10.3V 6.67V 6V SMB ESD and Surge Protection (TVS/ESD) ROHS
C19077535,Preferred Component,SMAJ15A,hongjiacheng,SMAJ15A,D_SMA,50520,0.036USD,"Circuit Protection,Electrostatic And Surge Protection (TVS/ESD)",16.4A 400W 24.4V 16.7V Unidirectional 15V SMA ESD and Surge Protection (TVS/ESD) ROHS
C19077587,Preferred Component,SMBJ33CA,hongjiacheng,SMBJ33CA,D_SMB,84885,0.047USD,"Circuit Protection,Electrostatic And Surge Protection (TVS/ESD)",11.26A 600W 53.3V 36.7V Bidirectional 33V SMB ESD and Surge Protection (TVS/ESD) ROHS
C2925443,Preferred Component,SMAJ5.0A,Liown,SMAJ5.0A,D_SMA,11815,0.033USD,"Circuit Protection,TVS",43.5A 400W 9.2V 6.4V 5V SMA(DO-214AC) ESD and Surge Protection (TVS/ESD) ROHS
C78395,Basic Component,P6SMB6.8CA/TR13,Brightking Elec (TAIWAN),P6SMB6.8CA/TR13,D_SMB,147592,0.055USD,"Circuit Protection,TVS",58.1A 600W 10.5V 6.45V 5.8V SMB(DO-214AA) ESD and Surge Protection (TVS/ESD) ROHS
C412437,Basic Component,US1M,MDD（Microdiode Electronics）,US1M,D_SMA,786521,0.013USD,"Diodes,Diodes - Fast Recovery Rectifiers",1.65V@1A 75ns Independent Type 1A 1kV SMA Fast Recovery / High Efficiency Diodes ROHS
C7420317,Preferred Component,US1M,hongjiacheng,US1M,D_SMA,168137,0.012USD,"Diodes,Diodes - Fast Recovery Rectifiers",1.7V@1A 75ns Independent Type 1A 1kV SMA(DO-214AC) Fast Recovery / High Efficiency Diodes ROHS
C7420341,Preferred Component,ES2J,hongjiacheng,ES2J,D_SMA,44466,0.019USD,"Diodes,Diodes - Fast Recovery Rectifiers",1.7V@2A 35ns Independent Type 2A 600V SMA(DO-214AC) Fast Recovery / High Efficiency Diodes ROHS
C7420358,Preferred Component,RS1M,hongjiacheng,RS1M,D_SMA,113515,0.013USD,"Diodes,Diodes - Fast Recovery Rectifiers",1.3V@1.0A 500ns Independent Type 1A 1kV SMA(DO-214AC) Fast Recovery / High Efficiency Diodes ROHS
C7420359,Preferred Component,RS2M,hongjiacheng,RS2M,D_SMA,73123,0.017USD,"Diodes,Diodes - Fast Recovery Rectifiers",1.3V@2.0A 500ns Independent Type 2A 1kV SMA(DO-214AC) Fast Recovery / High Efficiency Diodes ROHS
C7420342,Preferred Component,ES2JF,hongjiacheng,ES2JF,D_SMAF,104897,0.016USD,"Diodes,Diodes - Fast Recovery Rectifiers",1.7V@2A 35ns Independent Type 2A 600V SMAF Fast Recovery / High Efficiency Diodes ROHS
C18199144,Preferred Component,ES5DC,hongjiacheng,ES5DC,D_SMC,28602,0.061USD,"Diodes,Diodes - Fast Recovery Rectifiers",1V@5.0A 35ns Independent Type 5A 200V SMC Fast Recovery / High Efficiency Diodes ROHS
C95872,Basic Component,M7,MDD（Microdiode Electronics）,M7,D_SMA,3256855,0.011USD,"Diodes,Diodes - General Purpose",1A Independent Type 1kV 1.1V@1A SMA(DO-214AC) Diodes - General Purpose ROHS
C7420350,Preferred Component,M7,hongjiacheng,M7,D_SMA,146559,0.011USD,"Diodes,Diodes - General Purpose",1A Independent Type 1kV 1.1V@1A SMA(DO-214AC) Diodes - General Purpose ROHS
C18199093,Preferred Component,M1,hongjiacheng,M1,D_SMA,9985,0.010USD,"Diodes,Diodes - General Purpose",Independent Type 1A 1V@1A 50V SMA(DO-214AC) Diodes - General Purpose ROHS
C18199095,Preferred Component,M4,hongjiacheng,M4,D_SMA,129545,0.012USD,"Diodes,Diodes - General Purpose",Independent Type 1A 1V@1A 400V SMA(DO-214AC) Diodes - General Purpose ROHS
C18199098,Preferred Component,M6,hongjiacheng,M6,D_SMA,1776,0.011USD,"Diodes,Diodes - General Purpose",Independent Type 1A 1V@1A 800V SMA(DO-214AC) Diodes - General Purpose ROHS
C18199100,Preferred Component,S2M,hongjiacheng,S2M,D_SMA,33312,0.016USD,"Diodes,Diodes - General Purpose",Independent Type 2A 1kV 1V@2A SMA(DO-214AC) Diodes - General Purpose ROHS
C18199090,Preferred Component,M7F,hongjiacheng,M7F,D_SMAF,12193,0.012USD,"Diodes,Diodes - General Purpose",Independent Type 1A 1kV 1V@1.0A SMAF Diodes - General Purpose ROHS
C18199092,Preferred Component,S3MF,hongjiacheng,S3MF,D_SMAF,16585,0.019USD,"Diodes,Diodes - General Purpose",Independent Type 3A 1kV 1.1V@3.0A SMAF Diodes - General Purpose ROHS
C18199101,Preferred Component,S2MB,hongjiacheng,S2MB,D_SMB,381443,0.020USD,"Diodes,Diodes - General Purpose",Independent Type 2A 1kV 1V@2A SMB Diodes - General Purpose ROHS
C18199102,Preferred Component,S3MB,hongjiacheng,S3MB,D_SMB,24042,0.024USD,"Diodes,Diodes - General Purpose",Independent Type 3A 1V@3A 1kV SMB Diodes - General Purpose ROHS
C18199104,Preferred Component,S5JB,hongjiacheng,S5JB,D_SMB,16040,0.035USD,"Diodes,Diodes - General Purpose",Independent Type 5A 1V@5A 600V SMB Diodes - General Purpose ROHS
C18199105,Preferred Component,S5MB,hongjiacheng,S5MB,D_SMB,53502,0.037USD,"Diodes,Diodes - General Purpose",Independent Type 5A 1kV 1V@5A SMB Diodes - General Purpose ROHS
C18199112,Preferred Component,S5BBF,hongjiacheng,S5BBF,D_SMBF,2866,0.036USD,"Diodes,Diodes - General Purpose",Independent Type 5A 100V 1V@5A SMBF Diodes - General Purpose ROHS
C18199103,Preferred Component,S3MC,hongjiacheng,S3MC,D_SMC,13753,0.045USD,"Diodes,Diodes - General Purpose",Independent Type 3A 1V@3A 1kV SMC Diodes - General Purpose ROHS
C18199106,Preferred Component,S5MC,hongjiacheng,S5MC,D_SMC,12836,0.045USD,"Diodes,Diodes - General Purpose",Independent Type 5A 1kV 1V@5A SMC Diodes - General Purpose ROHS
C18199107,Preferred Component,S6MC,hongjiacheng,S6MC,D_SMC,23378,0.056USD,"Diodes,Diodes - General Purpose",Independent Type 6A 1kV 1.1V@6A SMC Diodes - General Purpose ROHS
C18199108,Preferred Component,S8KC,hongjiacheng,S8KC,D_SMC,31854,0.068USD,"Diodes,Diodes - General Purpose",Independent Type 8A 1V@8A 800V SMC Diodes - General Purpose ROHS
C18199109,Preferred Component,S8MC,hongjiacheng,S8MC,D_SMC,1927,0.058USD,"Diodes,Diodes - General Purpose",Independent Type 8A 1kV 1V@8A SMC Diodes - General Purpose ROHS
C18199110,Preferred Component,S10JC,hongjiacheng,S10JC,D_SMC,21709,0.069USD,"Diodes,Diodes - General Purpose",Independent Type 10A 600V 1V@10A SMC Diodes - General Purpose ROHS
C18199111,Preferred Component,S10MC,hongjiacheng,S10MC,D_SMC,15871,0.073USD,"Diodes,Diodes - General Purpose",Independent Type 10A 1kV 1V@10A SMC Diodes - General Purpose ROHS
C64898,Basic Component,SM4007PL,MDD（Microdiode Electronics）,SM4007PL,D_SOD-123FL,1102945,0.009USD,"Diodes,Diodes - General Purpose",1A Independent Type 1kV 1.1V@1A SOD-123FL Diodes - General Purpose ROHS
C18199086,Preferred Component,1N4002W,hongjiacheng,1N4002W,D_SOD-123FL,40403,0.011USD,"Diodes,Diodes - General Purpose",Independent Type 1A 100V 1V@1.0A SOD-123FL Diodes - General Purpose ROHS
C18199087,Preferred Component,1N4004W,hongjiacheng,1N4004W,D_SOD-123FL,176904,0.011USD,"Diodes,Diodes - General Purpose",Independent Type 1A 400V 1V@1.0A SOD-123FL Diodes - General Purpose ROHS
C18199088,Preferred Component,1N4007W,hongjiacheng,1N4007W,D_SOD-123FL,203539,0.011USD,"Diodes,Diodes - General Purpose",Independent Type 1A 1kV 1V@1.0A SOD-123FL Diodes - General Purpose ROHS
C18199085,Preferred Component,1N4001W,hongjiacheng,1N4001W,D_SOD-123FL,3933,0.008USD,"Diodes,Diodes - General Purpose",Independent Type 1A 50V 1V@1.0A SOD-123FL Diodes - General Purpose ROHS
C18199128,Preferred Component,US1J,hongjiacheng,US1J,D_SMA,19659,0.012USD,"Diodes,Fast Recovery / High Efficiency Diodes",1.7V@1A 75ns Independent Type 1A 600V SMA(DO-214AC) Fast Recovery / High Efficiency Diodes ROHS
C18199127,Preferred Component,US1G,hongjiacheng,US1G,D_SMA,28863,0.014USD,"Diodes,Fast Recovery / High Efficiency Diodes",1.4V@1A 50ns Independent Type 1A 400V SMA(DO-214AC) Fast Recovery / High Efficiency Diodes ROHS
C18199132,Preferred Component,US2M,hongjiacheng,US2M,D_SMA,59325,0.019USD,"Diodes,Fast Recovery / High Efficiency Diodes",1.7V@2A 75ns Independent Type 2A 1kV SMA(DO-214AC) Fast Recovery / High Efficiency Diodes ROHS
C18199133,Preferred Component,US2D,hongjiacheng,US2D,D_SMA,8694,0.018USD,"Diodes,Fast Recovery / High Efficiency Diodes",1V@2A 50ns Independent Type 2A 200V SMA(DO-214AC) Fast Recovery / High Efficiency Diodes ROHS
C18199138,Preferred Component,ES1G,hongjiacheng,ES1G,D_SMA,21950,0.013USD,"Diodes,Fast Recovery / High Efficiency Diodes",1.3V@1A 35ns Independent Type 1A 400V SMA(DO-214AC) Fast Recovery / High Efficiency Diodes ROHS
C18199139,Preferred Component,ES2A,hongjiacheng,ES2A,D_SMA,5500,0.019USD,"Diodes,Fast Recovery / High Efficiency Diodes",1V@2A 35ns Independent Type 2A 50V SMA(DO-214AC) Fast Recovery / High Efficiency Diodes ROHS
C18199140,Preferred Component,ES2G,hongjiacheng,ES2G,D_SMA,14218,0.019USD,"Diodes,Fast Recovery / High Efficiency Diodes",1.3V@2A 35ns Independent Type 2A 400V SMA(DO-214AC) Fast Recovery / High Efficiency Diodes ROHS
C18199157,Preferred Component,ES1B,hongjiacheng,ES1B,D_SMA,28744,0.014USD,"Diodes,Fast Recovery / High Efficiency Diodes",1V@1A 35ns Independent Type 1A 100V SMA(DO-214AC) Fast Recovery / High Efficiency Diodes ROHS
C18199158,Preferred Component,ES1D,hongjiacheng,ES1D,D_SMA,60430,0.014USD,"Diodes,Fast Recovery / High Efficiency Diodes",1V@1A 35ns Independent Type 1A 200V SMA(DO-214AC) Fast Recovery / High Efficiency Diodes ROHS
C18199159,Preferred Component,ES1J,hongjiacheng,ES1J,D_SMA,74442,0.013USD,"Diodes,Fast Recovery / High Efficiency Diodes",1.7V@1A 35ns Independent Type 1A 600V SMA(DO-214AC) Fast Recovery / High Efficiency Diodes ROHS
C18199161,Preferred Component,ES2D,hongjiacheng,ES2D,D_SMA,60880,0.020USD,"Diodes,Fast Recovery / High Efficiency Diodes",1V@2A 35ns Independent Type 2A 200V SMA(DO-214AC) Fast Recovery / High Efficiency Diodes ROHS
C18199160,Preferred Component,ES1M,hongjiacheng,ES1M,D_SMA,52644,0.015USD,"Diodes,Fast Recovery / High Efficiency Diodes",SMA(DO-214AC) Fast Recovery / High Efficiency Diodes ROHS
C18199146,Preferred Component,MURS160,hongjiacheng,MURS160,D_SMA,46556,0.035USD,"Diodes,Fast Recovery / High Efficiency Diodes",1.25V@1.0A 50ns Independent Type 1A 600V SMA(DO-214AC) Fast Recovery / High Efficiency Diodes ROHS
C18199124,Preferred Component,US1MF,hongjiacheng,US1MF,D_SMAF,3785,0.013USD,"Diodes,Fast Recovery / High Efficiency Diodes",1.7V@1A 75ns Independent Type 1A 1kV SMAF Fast Recovery / High Efficiency Diodes ROHS
C41411743,Preferred Component,RS2MF,hongjiacheng,RS2MF,D_SMAF,9508,0.016USD,"Diodes,Fast Recovery / High Efficiency Diodes",SMAF Fast Recovery / High Efficiency Diodes ROHS
C18199116,Preferred Component,RS3MF,hongjiacheng,RS3MF,D_SMAF,31471,0.028USD,"Diodes,Fast Recovery / High Efficiency Diodes",1.3V@3.0A 500ns Independent Type 3A 1kV SMAF Fast Recovery / High Efficiency Diodes ROHS
C18199134,Preferred Component,US2MB,hongjiacheng,US2MB,D_SMB,35717,0.022USD,"Diodes,Fast Recovery / High Efficiency Diodes",1.7V@2A 75ns Independent Type 2A 1kV SMB Fast Recovery / High Efficiency Diodes ROHS
C18199119,Preferred Component,RS3MB,hongjiacheng,RS3MB,D_SMB,8046,0.029USD,"Diodes,Fast Recovery / High Efficiency Diodes",1.3V@3.0A 500ns Independent Type 3A 1kV SMB Fast Recovery / High Efficiency Diodes ROHS
C18199141,Preferred Component,ES2JB,hongjiacheng,ES2JB,D_SMB,21374,0.016USD,"Diodes,Fast Recovery / High Efficiency Diodes",1.7V@2A 35ns Independent Type 2A 600V SMB Fast Recovery / High Efficiency Diodes ROHS
C18199163,Preferred Component,ES3JB,hongjiacheng,ES3JB,D_SMB,15166,0.023USD,"Diodes,Fast Recovery / High Efficiency Diodes",1.7V@3A 35ns Independent Type 3A 600V SMB Fast Recovery / High Efficiency Diodes ROHS
C18199120,Preferred Component,RS3MC,hongjiacheng,RS3MC,D_SMC,2434,0.041USD,"Diodes,Fast Recovery / High Efficiency Diodes",1.3V@3.0A 500ns Independent Type 3A 1kV SMC Fast Recovery / High Efficiency Diodes ROHS
C18199136,Preferred Component,US8MC,hongjiacheng,US8MC,D_SMC,1630,0.081USD,"Diodes,Fast Recovery / High Efficiency Diodes",SMC Fast Recovery / High Efficiency Diodes ROHS
C18199121,Preferred Component,RS5MC,hongjiacheng,RS5MC,D_SMC,18426,0.058USD,"Diodes,Fast Recovery / High Efficiency Diodes",1.3V@5.0A 500ns Independent Type 5A 1kV SMC Fast Recovery / High Efficiency Diodes ROHS
C18199123,Preferred Component,US1MW,hongjiacheng,US1MW,D_SOD-123FL,182932,0.013USD,"Diodes,Fast Recovery / High Efficiency Diodes",1.7V@1A 75ns Independent Type 1A 1kV SOD-123FL Fast Recovery / High Efficiency Diodes ROHS
C18199137,Preferred Component,ES1JW,hongjiacheng,ES1JW,D_SOD-123FL,18460,0.012USD,"Diodes,Fast Recovery / High Efficiency Diodes",1.7V@1A 35ns Independent Type 1A 600V SOD-123FL Fast Recovery / High Efficiency Diodes ROHS
C18199155,Preferred Component,ES1DW,hongjiacheng,ES1DW,D_SOD-123FL,52342,0.012USD,"Diodes,Fast Recovery / High Efficiency Diodes",1V@1A 35ns Independent Type 1A 200V SOD-123FL Fast Recovery / High Efficiency Diodes ROHS
C18199156,Preferred Component,ES2JW,hongjiacheng,ES2JW,D_SOD-123FL,19392,0.018USD,"Diodes,Fast Recovery / High Efficiency Diodes",SOD-123FL Fast Recovery / High Efficiency Diodes ROHS
C18199122,Preferred Component,US1DW,hongjiacheng,US1DW,D_SOD-123FL,20100,0.013USD,"Diodes,Fast Recovery / High Efficiency Diodes",1V@1A 50ns Independent Type 1A 200V SOD-123FL Fast Recovery / High Efficiency Diodes ROHS
C18199114,Preferred Component,FR107W,hongjiacheng,FR107W,D_SOD-123FL,47798,0.011USD,"Diodes,Fast Recovery / High Efficiency Diodes",1.3V@1.0A 500ns Independent Type 1A 1kV SOD-123FL Fast Recovery / High Efficiency Diodes ROHS
C18199117,Preferred Component,RS1G,hongjiacheng,RS1G,D_SMA,13211,0.014USD,"Diodes,Fast Recovery/High Efficiency Diode",1.3V@1.0A 150ns Independent Type 1A 400V SMA(DO-214AC) Fast Recovery / High Efficiency Diodes ROHS
C18199118,Preferred Component,RS1J,hongjiacheng,RS1J,D_SMA,5010,0.014USD,"Diodes,Fast Recovery/High Efficiency Diode",1.3V@1.0A 250ns Independent Type 1A 600V SMA(DO-214AC) Fast Recovery / High Efficiency Diodes ROHS
C18199125,Preferred Component,US1A,hongjiacheng,US1A,D_SMA,6924,0.014USD,"Diodes,Fast Recovery/High Efficiency Diode",1V@1A 50ns Independent Type 1A 50V SMA(DO-214AC) Fast Recovery / High Efficiency Diodes ROHS
C18199126,Preferred Component,US1B,hongjiacheng,US1B,D_SMA,15621,0.013USD,"Diodes,Fast Recovery/High Efficiency Diode",1V@1A 50ns Independent Type 1A 100V SMA(DO-214AC) Fast Recovery / High Efficiency Diodes ROHS
C18199154,Preferred Component,ES5JBF,hongjiacheng,ES5JBF,D_SMBF,26054,0.044USD,"Diodes,Fast Recovery/High Efficiency Diode",1.7V@5.0A 35ns Independent Type 5A 600V SMBF Fast Recovery / High Efficiency Diodes ROHS
C18199164,Preferred Component,ES3DC,hongjiacheng,ES3DC,D_SMC,6776,0.049USD,"Diodes,Fast Recovery/High Efficiency Diode",1V@3.0A 35ns Independent Type 3A 200V SMC Fast Recovery / High Efficiency Diodes ROHS
C2480,Basic Component,SS14,MDD（Microdiode Electronics）,SS14,D_SMA,1115112,0.018USD,"Diodes,Schottky Barrier Diodes (SBD)",40V Independent Type 1A 550mV@1A SMA(DO-214AC) Schottky Diodes ROHS
C8678,Basic Component,SS34,MDD（Microdiode Electronics）,SS34,D_SMA,1971586,0.030USD,"Diodes,Schottky Barrier Diodes (SBD)",40V Independent Type 3A 550mV@3A SMA(DO-214AC) Schottky Diodes ROHS
C14996,Basic Component,SS210,MDD（Microdiode Electronics）,SS210,D_SMA,272493,0.029USD,"Diodes,Schottky Barrier Diodes (SBD)",100V 850mV@2A 2A SMA(DO-214AC) Schottky Diodes ROHS
C22452,Basic Component,SS54,MDD（Microdiode Electronics）,SS54,D_SMA,710485,0.044USD,"Diodes,Schottky Barrier Diodes (SBD)",40V Independent Type 550mV@5A 5A SMA(DO-214AC) Schottky Diodes ROHS
C7420316,Preferred Component,SS14,hongjiacheng,SS14,D_SMA,125485,0.019USD,"Diodes,Schottky Barrier Diodes (SBD)",40V Independent Type 1A 550mV@1.0A SMA(DO-214AC) Schottky Diodes ROHS
C7420361,Preferred Component,SS220,hongjiacheng,SS220,D_SMA,17605,0.033USD,"Diodes,Schottky Barrier Diodes (SBD)",200V Independent Type 950mV@2A 2A SMA(DO-214AC) Schottky Diodes ROHS
C7420362,Preferred Component,SS24,hongjiacheng,SS24,D_SMA,156300,0.025USD,"Diodes,Schottky Barrier Diodes (SBD)",40V Independent Type 550mV@1.0A 2A SMA(DO-214AC) Schottky Diodes ROHS
C7420363,Preferred Component,SS26,hongjiacheng,SS26,D_SMA,114773,0.026USD,"Diodes,Schottky Barrier Diodes (SBD)",60V Independent Type 700mV@2A 2A SMA(DO-214AC) Schottky Diodes ROHS
C7420364,Preferred Component,SS310,hongjiacheng,SS310,D_SMA,103019,0.034USD,"Diodes,Schottky Barrier Diodes (SBD)",100V Independent Type 850mV@3A 3A SMA(DO-214AC) Schottky Diodes ROHS
C7420365,Preferred Component,SS34,hongjiacheng,SS34,D_SMA,209378,0.027USD,"Diodes,Schottky Barrier Diodes (SBD)",40V Independent Type 550mV@3.0A 3A SMA(DO-214AC) Schottky Diodes ROHS
C7420367,Preferred Component,SS36,hongjiacheng,SS36,D_SMA,72745,0.032USD,"Diodes,Schottky Barrier Diodes (SBD)",60V Independent Type 3A 700mV@3.0A SMA(DO-214AC) Schottky Diodes ROHS
C7420369,Preferred Component,SS54,hongjiacheng,SS54,D_SMA,286074,0.041USD,"Diodes,Schottky Barrier Diodes (SBD)",40V Independent Type 550mV@5.0A 5A SMA(DO-214AC) Schottky Diodes ROHS
C18199202,Preferred Component,SS24F,hongjiacheng,SS24F,D_SMAF,15076,0.026USD,"Diodes,Schottky Barrier Diodes (SBD)",40V Independent Type 550mV@2.0A 2A SMAF Schottky Diodes ROHS
C18199203,Preferred Component,SS14F,hongjiacheng,SS14F,D_SMAF,34699,0.017USD,"Diodes,Schottky Barrier Diodes (SBD)",40V Independent Type 1A 550mV@1.0A SMAF Schottky Diodes ROHS
C7420366,Preferred Component,SS34B,hongjiacheng,SS34B,D_SMB,56984,0.039USD,"Diodes,Schottky Barrier Diodes (SBD)",40V Independent Type 550mV@3.0A 3A SMB Schottky Diodes ROHS
C7420368,Preferred Component,SS510B,hongjiacheng,SS510B,D_SMB,75902,0.052USD,"Diodes,Schottky Barrier Diodes (SBD)",100V Independent Type 850mV@5A 5A SMB Schottky Diodes ROHS
C18199183,Preferred Component,SS310B,hongjiacheng,SS310B,D_SMB,30099,0.042USD,"Diodes,Schottky Barrier Diodes (SBD)",100V Independent Type 850mV@3A 3A SMB Schottky Diodes ROHS
C18199206,Preferred Component,SS320B,hongjiacheng,SS320B,D_SMB,4255,0.064USD,"Diodes,Schottky Barrier Diodes (SBD)",200V Independent Type 3A 950mV@3.0A SMB Schottky Diodes ROHS
C18199193,Preferred Component,SK1010C,hongjiacheng,SK1010C,D_SMC,44783,0.169USD,"Diodes,Schottky Barrier Diodes (SBD)",100V Independent Type 10A 850mV@10A SMC Schottky Diodes ROHS
C18199211,Preferred Component,SK104C,hongjiacheng,SK104C,D_SMC,9348,0.161USD,"Diodes,Schottky Barrier Diodes (SBD)",40V Independent Type 10A 550mV@10A SMC Schottky Diodes ROHS
C35722,Preferred Component,SS36-E3/57T,Vishay Intertech,SS36-E3/57T,D_SMC(DO-214AB),20890,0.186USD,"Diodes,Schottky Barrier Diodes (SBD)",60V 750mV@3A 3A SMC(DO-214AB) Schottky Diodes ROHS
C8598,Basic Component,B5819W SL,Changjiang Electronics Tech (CJ),B5819W SL,D_SOD-123,668909,0.024USD,"Diodes,Schottky Barrier Diodes (SBD)",40V 600mV@1A 1A SOD-123 Schottky Diodes ROHS
C64885,Preferred Component,B5819W,MDD（Microdiode Electronics）,B5819W,D_SOD-123,386565,0.019USD,"Diodes,Schottky Barrier Diodes (SBD)",40V Independent Type 900mV@3A 1A SOD-123 Schottky Diodes ROHS
C7420325,Preferred Component,B0540W,hongjiacheng,B0540W,D_SOD-123,91773,0.018USD,"Diodes,Schottky Barrier Diodes (SBD)",40V Independent Type 500mA 510mV@500mA SOD-123 Schottky Diodes ROHS
C7420328,Preferred Component,B5817W,hongjiacheng,B5817W,D_SOD-123,70270,0.020USD,"Diodes,Schottky Barrier Diodes (SBD)",20V Independent Type 1A 450mV@1.0A SOD-123 Schottky Diodes ROHS
C7420330,Preferred Component,B5819W,hongjiacheng,B5819W,D_SOD-123,194575,0.018USD,"Diodes,Schottky Barrier Diodes (SBD)",40V Independent Type 1A 550mV@1.0A SOD-123 Schottky Diodes ROHS
C7420332,Preferred Component,BAT46W,hongjiacheng,BAT46W,D_SOD-123,89631,0.020USD,"Diodes,Schottky Barrier Diodes (SBD)",100V Independent Type 150mA 450mV@10mA SOD-123 Schottky Diodes ROHS
C7502707,Preferred Component,B0520W,hongjiacheng,B0520W,D_SOD-123,34212,0.020USD,"Diodes,Schottky Barrier Diodes (SBD)",20V Independent Type 385mV@500mA 500mA SOD-123 Schottky Diodes ROHS
C7502708,Preferred Component,B0530W,hongjiacheng,B0530W,D_SOD-123,46260,0.019USD,"Diodes,Schottky Barrier Diodes (SBD)",30V Independent Type 500mA 430mV@500mA SOD-123 Schottky Diodes ROHS
C7502710,Preferred Component,B16W,hongjiacheng,B16W,D_SOD-123,31964,0.017USD,"Diodes,Schottky Barrier Diodes (SBD)",60V Independent Type 700mV@1A 1A SOD-123 Schottky Diodes ROHS
C7502713,Preferred Component,DSK210,hongjiacheng,DSK210,D_SOD-123FL,116291,0.027USD,"Diodes,Schottky Barrier Diodes (SBD)",100V Independent Type 850mV@2A 2A SOD-123FL Schottky Diodes ROHS
C64886,Preferred Component,B5819WS,MDD（Microdiode Electronics）,B5819WS,D_SOD-323,97705,0.019USD,"Diodes,Schottky Barrier Diodes (SBD)",40V Independent Type 900mV@3A 1A SOD-323 Schottky Diodes ROHS
C191023,Basic Component,1N5819WS,Guangdong Hottech,1N5819WS,D_SOD-323,1836556,0.013USD,"Diodes,Schottky Barrier Diodes (SBD)",40V 600mV@1A 1A SOD-323 Schottky Diodes ROHS
C7420326,Preferred Component,B0540WS,hongjiacheng,B0540WS,D_SOD-323,261810,0.018USD,"Diodes,Schottky Barrier Diodes (SBD)",40V Independent Type 500mA 510mV@500mA SOD-323 Schottky Diodes ROHS
C7420327,Preferred Component,B16WS,hongjiacheng,B16WS,D_SOD-323,308982,0.021USD,"Diodes,Schottky Barrier Diodes (SBD)",60V Independent Type 700mV@1A 1A SOD-323 Schottky Diodes ROHS
C7420329,Preferred Component,B5817WS,hongjiacheng,B5817WS,D_SOD-323,128508,0.018USD,"Diodes,Schottky Barrier Diodes (SBD)",20V Independent Type 1A 450mV@1.0A SOD-323 Schottky Diodes ROHS
C7420331,Preferred Component,B5819WS,hongjiacheng,B5819WS,D_SOD-323,507223,0.018USD,"Diodes,Schottky Barrier Diodes (SBD)",40V Independent Type 1A 600mV@1.0A SOD-323 Schottky Diodes ROHS
C7420360,Preferred Component,SD103AWS,hongjiacheng,SD103AWS,D_SOD-323,330493,0.011USD,"Diodes,Schottky Barrier Diodes (SBD)",40V Independent Type 350mA 370mV@20mA SOD-323 Schottky Diodes ROHS
C7502691,Preferred Component,RB751V-40,hongjiacheng,RB751V-40,D_SOD-323,18856,0.016USD,"Diodes,Schottky Barrier Diodes (SBD)",40V Independent Type 30mA 370mV@1mA SOD-323 Schottky Diodes ROHS
C7502692,Preferred Component,BAT46WS,hongjiacheng,BAT46WS,D_SOD-323,17254,0.020USD,"Diodes,Schottky Barrier Diodes (SBD)",100V Independent Type 150mA 1V@250mA SOD-323 Schottky Diodes ROHS
C7502693,Preferred Component,BAT43WS,hongjiacheng,BAT43WS,D_SOD-323,57221,0.013USD,"Diodes,Schottky Barrier Diodes (SBD)",30V Independent Type 200mA 1V@0.2A SOD-323 Schottky Diodes ROHS
C7502694,Preferred Component,BAT54WS,hongjiacheng,BAT54WS,D_SOD-323,82421,0.014USD,"Diodes,Schottky Barrier Diodes (SBD)",30V Independent Type 200mA 1V@100mA SOD-323 Schottky Diodes ROHS
C7502695,Preferred Component,BAT60B,hongjiacheng,BAT60B,D_SOD-323,560157,0.023USD,"Diodes,Schottky Barrier Diodes (SBD)",10V Independent Type 600mV@1A 3A SOD-323 Schottky Diodes ROHS
C7502697,Preferred Component,B0530WS,hongjiacheng,B0530WS,D_SOD-323,18805,0.018USD,"Diodes,Schottky Barrier Diodes (SBD)",30V Independent Type 450mV@0.5A 500mA SOD-323 Schottky Diodes ROHS
C7502699,Preferred Component,RB551V-40,hongjiacheng,RB551V-40,D_SOD-323,30141,0.021USD,"Diodes,Schottky Barrier Diodes (SBD)",40V Independent Type 470mV@500mA 500mA SOD-323 Schottky Diodes ROHS
C7502716,Preferred Component,BAS70WS,hongjiacheng,BAS70WS,D_SOD-323,60070,0.016USD,"Diodes,Schottky Barrier Diodes (SBD)",70V Independent Type 1V@15mA 70mA SOD-323 Schottky Diodes ROHS
C7502717,Preferred Component,RB501V-40,hongjiacheng,RB501V-40,D_SOD-323,44335,0.013USD,"Diodes,Schottky Barrier Diodes (SBD)",40V Independent Type 550mV@100mA 100mA SOD-323 Schottky Diodes ROHS
C7502701,Preferred Component,RB520S-30,hongjiacheng,RB520S-30,D_SOD-523,3185,0.019USD,"Diodes,Schottky Barrier Diodes (SBD)",30V Independent Type 200mA 600mV@200mA SOD-523 Schottky Diodes ROHS
C7502702,Preferred Component,RB521S-30,hongjiacheng,RB521S-30,D_SOD-523,85013,0.020USD,"Diodes,Schottky Barrier Diodes (SBD)",30V Independent Type 200mA 500mV@200mA SOD-523 Schottky Diodes ROHS
C7502714,Preferred Component,B5819WT,hongjiacheng,B5819WT,D_SOD-523,45082,0.017USD,"Diodes,Schottky Barrier Diodes (SBD)",40V Independent Type 600mV@200mA 350mA SOD-523 Schottky Diodes ROHS
C28646294,Preferred Component,SS33,hongjiacheng,SS33,D_SMA,16702,0.031USD,"Diodes,Schottky Diodes",30V Independent Type 3A 550mV@3A SMA Schottky Diodes ROHS
C28646298,Preferred Component,SS28,hongjiacheng,SS28,D_SMA,15427,0.027USD,"Diodes,Schottky Diodes",80V Independent Type 2A 850mV@2A SMA Schottky Diodes ROHS
C28646303,Preferred Component,SS18,hongjiacheng,SS18,D_SMA,21311,0.020USD,"Diodes,Schottky Diodes",80V Independent Type 850mV@1A 1A SMA Schottky Diodes ROHS
C28646295,Preferred Component,SS215,hongjiacheng,SS215,D_SMA,7408,0.031USD,"Diodes,Schottky Diodes",150V Independent Type 950mV@2A 2A SMA Schottky Diodes ROHS
C28646286,Preferred Component,SSL36,hongjiacheng,SSL36,D_SMA,2873,0.069USD,"Diodes,Schottky Diodes",60V Independent Type 3A 500mV@3A SMA Schottky Diodes ROHS
C41410770,Preferred Component,SSL54,hongjiacheng,SSL54,D_SMA,4151,0.102USD,"Diodes,Schottky Diodes",40V Independent Type 480mV@5A 5A SMA Schottky Diodes ROHS
C41410771,Preferred Component,SSL34,hongjiacheng,SSL34,D_SMA,4316,0.076USD,"Diodes,Schottky Diodes",3A 40V Independent Type 300uA@40V 0.5V@3.0A SMA Schottky Diodes
C41410773,Preferred Component,SSL310,hongjiacheng,SSL310,D_SMA,46981,0.069USD,"Diodes,Schottky Diodes",3A Independent Type 500uA@100V 100V 0.6V@3.0A SMA Schottky Diodes
C18199168,Preferred Component,SS58,hongjiacheng,SS58,D_SMA,39218,0.051USD,"Diodes,Schottky Diodes",80V Independent Type 850mV@5.0A 5A SMA(DO-214AC) Schottky Diodes ROHS
C18199169,Preferred Component,SS56,hongjiacheng,SS56,D_SMA,133094,0.042USD,"Diodes,Schottky Diodes",60V Independent Type 700mV@5.0A 5A SMA(DO-214AC) Schottky Diodes ROHS
C18199170,Preferred Component,SS520,hongjiacheng,SS520,D_SMA,24195,0.074USD,"Diodes,Schottky Diodes",200V Independent Type 950mV@5.0A 5A SMA(DO-214AC) Schottky Diodes ROHS
C18199171,Preferred Component,SS510,hongjiacheng,SS510,D_SMA,70200,0.058USD,"Diodes,Schottky Diodes",100V Independent Type 850mV@5A 5A SMA(DO-214AC) Schottky Diodes ROHS
C18199172,Preferred Component,SS320,hongjiacheng,SS320,D_SMA,30772,0.055USD,"Diodes,Schottky Diodes",200V Independent Type 3A 950mV@3.0A SMA(DO-214AC) Schottky Diodes ROHS
C18199173,Preferred Component,SS32,hongjiacheng,SS32,D_SMA,34095,0.040USD,"Diodes,Schottky Diodes",20V Independent Type 550mV@3.0A 3A SMA(DO-214AC) Schottky Diodes ROHS
C18199174,Preferred Component,SS315,hongjiacheng,SS315,D_SMA,22658,0.053USD,"Diodes,Schottky Diodes",150V Independent Type 3A 950mV@3.0A SMA(DO-214AC) Schottky Diodes ROHS
C18199175,Preferred Component,SS210,hongjiacheng,SS210,D_SMA,23827,0.030USD,"Diodes,Schottky Diodes",100V Independent Type 850mV@2A 2A SMA(DO-214AC) Schottky Diodes ROHS
C18199176,Preferred Component,SS16,hongjiacheng,SS16,D_SMA,102769,0.019USD,"Diodes,Schottky Diodes",60V Independent Type 700mV@1A 1A SMA(DO-214AC) Schottky Diodes ROHS
C18199177,Preferred Component,SS12,hongjiacheng,SS12,D_SMA,24714,0.021USD,"Diodes,Schottky Diodes",20V Independent Type 1A 550mV@1.0A SMA(DO-214AC) Schottky Diodes ROHS
C18199178,Preferred Component,SS110,hongjiacheng,SS110,D_SMA,24810,0.021USD,"Diodes,Schottky Diodes",100V Independent Type 1A 850mV@1A SMA(DO-214AC) Schottky Diodes ROHS
C18199196,Preferred Component,SS38,hongjiacheng,SS38,D_SMA,85120,0.041USD,"Diodes,Schottky Diodes",80V Independent Type 850mV@3A 3A SMA(DO-214AC) Schottky Diodes ROHS
C18199197,Preferred Component,SS120,hongjiacheng,SS120,D_SMA,14220,0.030USD,"Diodes,Schottky Diodes",200V Independent Type 1A 950mV@1A SMA(DO-214AC) Schottky Diodes ROHS
C18199198,Preferred Component,SS115,hongjiacheng,SS115,D_SMA,37792,0.029USD,"Diodes,Schottky Diodes",150V Independent Type 1A 950mV@1A SMA(DO-214AC) Schottky Diodes ROHS
C28646283,Preferred Component,SSL54F,hongjiacheng,SSL54F,D_SMAF,14040,0.089USD,"Diodes,Schottky Diodes",40V Independent Type 450mV@5A 5A SMAF Schottky Diodes ROHS
C41411770,Preferred Component,SS110F,hongjiacheng,SS110F,D_SMAF,3872,0.020USD,"Diodes,Schottky Diodes",100V Independent Type 850mV@1A 1A SMAF Schottky Diodes ROHS
C41411772,Preferred Component,SS220F,hongjiacheng,SS220F,D_SMAF,8349,0.035USD,"Diodes,Schottky Diodes",200V Independent Type 950mV@2A 2A SMAF Schottky Diodes ROHS
C41411780,Preferred Component,SS310F,hongjiacheng,SS310F,D_SMAF,10691,0.038USD,"Diodes,Schottky Diodes",Independent Type SMAF Schottky Diodes ROHS
C28646281,Preferred Component,SSL36F,hongjiacheng,SSL36F,D_SMAF,5228,0.064USD,"Diodes,Schottky Diodes",60V Independent Type 3A 500mV@3A SMAF Schottky Diodes ROHS
C28646282,Preferred Component,SSL34F,hongjiacheng,SSL34F,D_SMAF,655,0.038USD,"Diodes,Schottky Diodes",40V Independent Type 450mV@3A 3A SMAF Schottky Diodes ROHS
C28646284,Preferred Component,SSL345F,hongjiacheng,SSL345F,D_SMAF,3756,0.064USD,"Diodes,Schottky Diodes",45V Independent Type 450mV@3A 3A SMAF Schottky Diodes ROHS
C41411768,Preferred Component,SS210F,hongjiacheng,SS210F,D_SMAF,7184,0.029USD,"Diodes,Schottky Diodes",Independent Type 50uA@100V 100V 2A 950mV@2.0A SMAF Schottky Diodes
C41411769,Preferred Component,SS16F,hongjiacheng,SS16F,D_SMAF,5739,0.018USD,"Diodes,Schottky Diodes",1A 60V Independent Type 500uA@60V 700mV@1.0A SMAF Schottky Diodes
C41411774,Preferred Component,SS510F,hongjiacheng,SS510F,D_SMAF,9302,0.054USD,"Diodes,Schottky Diodes",5A Independent Type 50uA@100V 100V 850mV@5.0A SMAF Schottky Diodes
C41411775,Preferred Component,SS56F,hongjiacheng,SS56F,D_SMAF,7917,0.043USD,"Diodes,Schottky Diodes",5A 60V Independent Type 850mV@5.0A 0.05mA@60V SMAF Schottky Diodes
C41411776,Preferred Component,SS120F,hongjiacheng,SS120F,D_SMAF,14943,0.027USD,"Diodes,Schottky Diodes",SMAF Schottky Diodes
C41411777,Preferred Component,SSL310F,hongjiacheng,SSL310F,D_SMAF,1674,0.073USD,"Diodes,Schottky Diodes",3A Independent Type 500uA@100V 100V 0.6V@3.0A SMAF Schottky Diodes
C41411778,Preferred Component,SS52F,hongjiacheng,SS52F,D_SMAF,1692,0.040USD,"Diodes,Schottky Diodes",5A 20V Independent Type 500uA@20V 550mV@5.0A SMAF Schottky Diodes
C41411779,Preferred Component,SS36F,hongjiacheng,SS36F,D_SMAF,6625,0.034USD,"Diodes,Schottky Diodes",3A 60V Independent Type 200uA@60V 700mV@3.0A SMAF Schottky Diodes
C41411776,Preferred Component,SS120F,hongjiacheng,SS120F,D_SMAF,14943,0.027USD,"Diodes,Schottky Diodes",SMAF Schottky Diodes
C18199179,Preferred Component,SS54F,hongjiacheng,SS54F,D_SMAF,2162,0.042USD,"Diodes,Schottky Diodes",40V Independent Type 550mV@5.0A 5A SMAF Schottky Diodes ROHS
C28646300,Preferred Component,SK1045B,hongjiacheng,SK1045B,D_SMB,11899,0.126USD,"Diodes,Schottky Diodes",45V Independent Type 10A 550mV@10A SMB Schottky Diodes ROHS
C28646301,Preferred Component,SK106B,hongjiacheng,SK106B,D_SMB,4120,0.131USD,"Diodes,Schottky Diodes",60V Independent Type 10A 700mV@10A SMB Schottky Diodes ROHS
C28646277,Preferred Component,SSL34B,hongjiacheng,SSL34B,D_SMB,1318,0.076USD,"Diodes,Schottky Diodes",40V Independent Type 450mV@3A 3A SMB Schottky Diodes ROHS
C28646299,Preferred Component,SK810B,hongjiacheng,SK810B,D_SMB,3950,0.107USD,"Diodes,Schottky Diodes",100V Independent Type 8A 850mV@8A SMB Schottky Diodes ROHS
C28646302,Preferred Component,SS220B,hongjiacheng,SS220B,D_SMB,3439,0.020USD,"Diodes,Schottky Diodes",200V Independent Type 950mV@2A 2A SMB Schottky Diodes ROHS
C41410781,Preferred Component,SS52B,hongjiacheng,SS52B,D_SMB,7882,0.049USD,"Diodes,Schottky Diodes",20V Independent Type 550mV@5A 5A SMB Schottky Diodes ROHS
C41410782,Preferred Component,SS58B,hongjiacheng,SS58B,D_SMB,2842,0.051USD,"Diodes,Schottky Diodes",80V Independent Type 850mV@5A 5A SMB Schottky Diodes ROHS
C28646278,Preferred Component,SSL54B,hongjiacheng,SSL54B,D_SMB,7299,0.122USD,"Diodes,Schottky Diodes",40V Independent Type 450mV@5A 5A SMB Schottky Diodes ROHS
C28646279,Preferred Component,SSL56B,hongjiacheng,SSL56B,D_SMB,15162,0.121USD,"Diodes,Schottky Diodes",60V Independent Type 500mV@5A 5A SMB Schottky Diodes ROHS
C28646280,Preferred Component,SSL24B,hongjiacheng,SSL24B,D_SMB,720,0.038USD,"Diodes,Schottky Diodes",40V Independent Type 450mV@2A 2A SMB Schottky Diodes ROHS
C41410774,Preferred Component,SK84B,hongjiacheng,SK84B,D_SMB,5683,0.102USD,"Diodes,Schottky Diodes",8A 40V Independent Type 100uA@40V 550mV@8.0A SMB Schottky Diodes
C41410776,Preferred Component,SSL510B,hongjiacheng,SSL510B,D_SMB,3195,0.122USD,"Diodes,Schottky Diodes",5A Independent Type 1mA@100V 100V 0.6V@5.0A SMB Schottky Diodes
C41410780,Preferred Component,SSL310B,hongjiacheng,SSL310B,D_SMB,2462,0.075USD,"Diodes,Schottky Diodes",3A Independent Type 300uA@100V 100V 0.6V@3.0A SMB Schottky Diodes
C41410783,Preferred Component,SS38B,hongjiacheng,SS38B,D_SMB,2436,0.042USD,"Diodes,Schottky Diodes",3A 80V Independent Type 850mV@3.0A 0.2mA@80V SMB Schottky Diodes
C41410788,Preferred Component,SS22B,hongjiacheng,SS22B,D_SMB,2334,0.030USD,"Diodes,Schottky Diodes",20V Independent Type 1mA@20V 2A 550mV@2.0A SMB Schottky Diodes
C41410789,Preferred Component,SS32B,hongjiacheng,SS32B,D_SMB,2044,0.037USD,"Diodes,Schottky Diodes",3A 20V Independent Type 200uA@20V 550mV@3.0A SMB Schottky Diodes
C41410794,Preferred Component,SSL545B,hongjiacheng,SSL545B,D_SMB,2147,0.122USD,"Diodes,Schottky Diodes",5A 45V Independent Type 1mA@45V 0.45V@5.0A SMB Schottky Diodes
C41410776,Preferred Component,SSL510B,hongjiacheng,SSL510B,D_SMB,3195,0.122USD,"Diodes,Schottky Diodes",5A Independent Type 1mA@100V 100V 0.6V@5.0A SMB Schottky Diodes
C18199184,Preferred Component,SS26B,hongjiacheng,SS26B,D_SMB,3521,0.029USD,"Diodes,Schottky Diodes",60V Independent Type 700mV@2A 2A SMB Schottky Diodes ROHS
C18199181,Preferred Component,SS54B,hongjiacheng,SS54B,D_SMB,11872,0.048USD,"Diodes,Schottky Diodes",40V Independent Type 550mV@5.0A 5A SMB Schottky Diodes ROHS
C18199185,Preferred Component,SS24B,hongjiacheng,SS24B,D_SMB,12641,0.027USD,"Diodes,Schottky Diodes",40V Independent Type 550mV@2.0A 2A SMB Schottky Diodes ROHS
C18199194,Preferred Component,SS56BF,hongjiacheng,SS56BF,D_SMBF,16635,0.034USD,"Diodes,Schottky Diodes",60V Independent Type 700mV@5A 5A SMBF Schottky Diodes ROHS
C42371733,Preferred Component,SSL34BF,hongjiacheng,SSL34BF,D_SMBF,2403,0.089USD,"Diodes,Schottky Diodes",3A 40V 450mV@3A 500uA SMBF Schottky Diodes
C42371737,Preferred Component,SSL510BF,hongjiacheng,SSL510BF,D_SMBF,8307,0.105USD,"Diodes,Schottky Diodes",5A 700mV@5A 200uA 100V SMBF Schottky Diodes
C42371738,Preferred Component,SS520BF,hongjiacheng,SS520BF,D_SMBF,2065,0.075USD,"Diodes,Schottky Diodes",5A 950mV@5A 50uA 200V SMBF Schottky Diodes
C42371739,Preferred Component,SS34BF,hongjiacheng,SS34BF,D_SMBF,2822,0.039USD,"Diodes,Schottky Diodes",3A 40V 500uA SMBF Schottky Diodes
C42371741,Preferred Component,SS510BF,hongjiacheng,SS510BF,D_SMBF,6441,0.053USD,"Diodes,Schottky Diodes",5A 950mV@5A 50uA 100V SMBF Schottky Diodes
C18199195,Preferred Component,SS54BF,hongjiacheng,SS54BF,D_SMBF,17791,0.045USD,"Diodes,Schottky Diodes",40V Independent Type 550mV@5.0A 5A SMBF Schottky Diodes ROHS
C18199190,Preferred Component,SS510C,hongjiacheng,SS510C,D_SMC,17508,0.070USD,"Diodes,Schottky Diodes",100V Independent Type 850mV@5A 5A SMC Schottky Diodes ROHS
C18199209,Preferred Component,SK86C,hongjiacheng,SK86C,D_SMC,3406,0.117USD,"Diodes,Schottky Diodes",60V Independent Type 8A 700mV@8.0A SMC Schottky Diodes ROHS
C28646293,Preferred Component,SK84C,hongjiacheng,SK84C,D_SMC,11837,0.120USD,"Diodes,Schottky Diodes",40V Independent Type 8A 550mV@8A SMC Schottky Diodes ROHS
C28646297,Preferred Component,SS320C,hongjiacheng,SS320C,D_SMC,13169,0.066USD,"Diodes,Schottky Diodes",200V Independent Type 3A 950mV@3A SMC Schottky Diodes ROHS
C28646296,Preferred Component,SS515C,hongjiacheng,SS515C,D_SMC,5945,0.095USD,"Diodes,Schottky Diodes",150V Independent Type 950mV@5A 5A SMC Schottky Diodes ROHS
C41410772,Preferred Component,SK810C,hongjiacheng,SK810C,D_SMC,4731,0.116USD,"Diodes,Schottky Diodes",100V Independent Type 8A 850mV@8A SMC Schottky Diodes ROHS
C41410779,Preferred Component,SS32C,hongjiacheng,SS32C,D_SMC,2537,0.055USD,"Diodes,Schottky Diodes",20V Independent Type 3A 550mV@3A SMC Schottky Diodes ROHS
C41410793,Preferred Component,SSL510C,hongjiacheng,SSL510C,D_SMC,6524,0.129USD,"Diodes,Schottky Diodes",100V Independent Type 700mV@5A 5A SMC Schottky Diodes ROHS
C41410784,Preferred Component,SS52C,hongjiacheng,SS52C,D_SMC,2894,0.065USD,"Diodes,Schottky Diodes",5A 20V Independent Type 550mV@5.0A 0.15mA@20V SMC Schottky Diodes
C41410785,Preferred Component,SS58C,hongjiacheng,SS58C,D_SMC,5221,0.075USD,"Diodes,Schottky Diodes",5A 80V Independent Type 850mV@5.0A 0.15mA@80V SMC Schottky Diodes
C18199189,Preferred Component,SS520C,hongjiacheng,SS520C,D_SMC,14201,0.093USD,"Diodes,Schottky Diodes",200V Independent Type 950mV@5.0A 5A SMC Schottky Diodes ROHS
C18199192,Preferred Component,SS34C,hongjiacheng,SS34C,D_SMC,20050,0.047USD,"Diodes,Schottky Diodes",40V Independent Type 550mV@3.0A 3A SMC Schottky Diodes ROHS
C18199187,Preferred Component,SS56C,hongjiacheng,SS56C,D_SMC,4441,0.064USD,"Diodes,Schottky Diodes",60V Independent Type 680mV@5A 5A SMC Schottky Diodes ROHS
C7502715,Preferred Component,RB160M-30,hongjiacheng,RB160M-30,D_SOD-123,12467,0.026USD,"Diodes,Schottky Diodes",30V Independent Type 480mV@1A 1A SOD-123 Schottky Diodes ROHS
C22466358,Preferred Component,BAT43W,hongjiacheng,BAT43W,D_SOD-123,16949,0.018USD,"Diodes,Schottky Diodes",30V Independent Type 200mA 450mV@15mA SOD-123 Schottky Diodes ROHS
C22466362,Preferred Component,BAT42W,hongjiacheng,BAT42W,D_SOD-123,6826,0.017USD,"Diodes,Schottky Diodes",30V Independent Type 200mA 650mV@50mA SOD-123 Schottky Diodes ROHS
C22466365,Preferred Component,B5818W,hongjiacheng,B5818W,D_SOD-123,14544,0.019USD,"Diodes,Schottky Diodes",30V Independent Type 550mV@1A 1A SOD-123 Schottky Diodes ROHS
C22466377,Preferred Component,B1040W,hongjiacheng,B1040W,D_SOD-123,4991,0.028USD,"Diodes,Schottky Diodes",40V Independent Type 1A 550mV@700mA SOD-123 Schottky Diodes ROHS
C7502712,Preferred Component,DSK26,hongjiacheng,DSK26,D_SOD-123FL,21713,0.022USD,"Diodes,Schottky Diodes",60V Independent Type 700mV@2A 2A SOD-123FL Schottky Diodes ROHS
C22466347,Preferred Component,DSL34,hongjiacheng,DSL34,D_SOD-123FL,2179,0.075USD,"Diodes,Schottky Diodes",40V Independent Type 450mV@3A 4A SOD-123FL Schottky Diodes ROHS
C22466348,Preferred Component,DSL16,hongjiacheng,DSL16,D_SOD-123FL,46244,0.039USD,"Diodes,Schottky Diodes",60V Independent Type 1A 500mV@1A SOD-123FL Schottky Diodes ROHS
C22466349,Preferred Component,DSL14,hongjiacheng,DSL14,D_SOD-123FL,17707,0.039USD,"Diodes,Schottky Diodes",40V Independent Type 1A 450mV@1A SOD-123FL Schottky Diodes ROHS
C22466351,Preferred Component,DSK16,hongjiacheng,DSK16,D_SOD-123FL,372184,0.017USD,"Diodes,Schottky Diodes",60V Independent Type 1A 700mV@1A SOD-123FL Schottky Diodes ROHS
C22466352,Preferred Component,DSK24,hongjiacheng,DSK24,D_SOD-123FL,178523,0.023USD,"Diodes,Schottky Diodes",40V Independent Type 550mV@2A 2A SOD-123FL Schottky Diodes ROHS
C22466353,Preferred Component,DSK36,hongjiacheng,DSK36,D_SOD-123FL,27390,0.032USD,"Diodes,Schottky Diodes",60V Independent Type 700mV@3A 3A SOD-123FL Schottky Diodes ROHS
C22466354,Preferred Component,DSK110,hongjiacheng,DSK110,D_SOD-123FL,123813,0.016USD,"Diodes,Schottky Diodes",100V Independent Type 850mV@1A 1A SOD-123FL Schottky Diodes ROHS
C22466355,Preferred Component,DSK120,hongjiacheng,DSK120,D_SOD-123FL,37184,0.023USD,"Diodes,Schottky Diodes",200V Independent Type 1A 900mV@1A SOD-123FL Schottky Diodes ROHS
C22466356,Preferred Component,DSK12,hongjiacheng,DSK12,D_SOD-123FL,18917,0.017USD,"Diodes,Schottky Diodes",20V Independent Type 550mV@1A 1A SOD-123FL Schottky Diodes ROHS
C28646288,Preferred Component,DSK220,hongjiacheng,DSK220,D_SOD-123FL,6077,0.034USD,"Diodes,Schottky Diodes",200V Independent Type 950mV@2A 2A SOD-123FL Schottky Diodes ROHS
C28646289,Preferred Component,DSK310,hongjiacheng,DSK310,D_SOD-123FL,26275,0.035USD,"Diodes,Schottky Diodes",100V Independent Type 3A 850mV@3A SOD-123FL Schottky Diodes ROHS
C28646290,Preferred Component,DSK22,hongjiacheng,DSK22,D_SOD-123FL,862,0.024USD,"Diodes,Schottky Diodes",20V Independent Type 550mV@2A 2A SOD-123FL Schottky Diodes ROHS
C28646291,Preferred Component,DSK38,hongjiacheng,DSK38,D_SOD-123FL,25472,0.030USD,"Diodes,Schottky Diodes",80V Independent Type 3A 850mV@3A SOD-123FL Schottky Diodes ROHS
C28646287,Preferred Component,DSK115,hongjiacheng,DSK115,D_SOD-123FL,14857,0.023USD,"Diodes,Schottky Diodes",150V Independent Type 850mV@1A 1A SOD-123FL Schottky Diodes ROHS
C22466346,Preferred Component,SD107WS,hongjiacheng,SD107WS,D_SOD-323,5628,0.017USD,"Diodes,Schottky Diodes",30V Independent Type 800mV@100mA 100mA SOD-323 Schottky Diodes ROHS
C22466359,Preferred Component,1SS357,hongjiacheng,1SS357,D_SOD-323,1729,0.013USD,"Diodes,Schottky Diodes",45V Independent Type 600mV@100mA 100mA SOD-323 Schottky Diodes ROHS
C22466360,Preferred Component,BAT42WS,hongjiacheng,BAT42WS,D_SOD-323,19317,0.015USD,"Diodes,Schottky Diodes",30V Independent Type 200mA 650mV@50mA SOD-323 Schottky Diodes ROHS
C22466361,Preferred Component,B5818WS,hongjiacheng,B5818WS,D_SOD-323,59256,0.020USD,"Diodes,Schottky Diodes",30V Independent Type 550mV@1A 1A SOD-323 Schottky Diodes ROHS
C22466363,Preferred Component,SD103CWS,hongjiacheng,SD103CWS,D_SOD-323,3925,0.013USD,"Diodes,Schottky Diodes",20V Independent Type 600mV@200mA 350mA SOD-323 Schottky Diodes ROHS
C22466375,Preferred Component,B1040WS,hongjiacheng,B1040WS,D_SOD-323,39958,0.024USD,"Diodes,Schottky Diodes",40V Independent Type 1A 530mV@700mA SOD-323 Schottky Diodes ROHS
C28646260,Preferred Component,BAS40WS,hongjiacheng,BAS40WS,D_SOD-323,8280,0.015USD,"Diodes,Schottky Diodes",40V Independent Type 200mA 1V@40mA SOD-323 Schottky Diodes ROHS
C22466357,Preferred Component,SD103AWT,hongjiacheng,SD103AWT,D_SOD-523,3571,0.016USD,"Diodes,Schottky Diodes",40V Independent Type 600mV@200mA 350mA SOD-523 Schottky Diodes ROHS
C22466367,Preferred Component,BAT46X,hongjiacheng,BAT46X,D_SOD-523,120293,0.020USD,"Diodes,Schottky Diodes",100V Independent Type 150mA 1V@250mA SOD-523 Schottky Diodes ROHS
C22466369,Preferred Component,1SS389,hongjiacheng,1SS389,D_SOD-523,2810,0.016USD,"Diodes,Schottky Diodes",10V Independent Type 500mV@100mA 100mA SOD-523 Schottky Diodes ROHS
C22466370,Preferred Component,BAS40X,hongjiacheng,BAS40X,D_SOD-523,299427,0.019USD,"Diodes,Schottky Diodes",40V Independent Type 200mA 1V@40mA SOD-523 Schottky Diodes ROHS
C22466372,Preferred Component,RB520S-40,hongjiacheng,RB520S-40,D_SOD-523,9649,0.019USD,"Diodes,Schottky Diodes",40V Independent Type 200mA 550mV@100mA SOD-523 Schottky Diodes ROHS
C7502700,Preferred Component,RB751S-40,hongjiacheng,RB751S-40,D_SOD-523,38841,0.018USD,"Diodes,Schottky Diodes",40V Independent Type 30mA 370mV@1mA SOD-523 Schottky Diodes ROHS
C22466368,Preferred Component,BAT54,hongjiacheng,BAT54,D_SOT-23,11561,0.016USD,"Diodes,Schottky Diodes",30V Independent Type 200mA 1V@100mA SOT-23 Schottky Diodes ROHS
C22466371,Preferred Component,BAT720,hongjiacheng,BAT720,D_SOT-23,8401,0.034USD,"Diodes,Schottky Diodes",40V Independent Type 500mA 550mV@500mA SOT-23 Schottky Diodes ROHS
C81598,Basic Component,1N4148W,ST(Semtech),1N4148W,D_SOD-123,2718313,0.013USD,"Diodes,Switching Diode",75V Independent Type 1V@50mA 4ns 150mA SOD-123 Switching Diodes ROHS
C7420318,Preferred Component,1N4148W,hongjiacheng,1N4148W,D_SOD-123,616253,0.009USD,"Diodes,Switching Diode",100V Independent Type 1.25V@150mA 4ns 150mA SOD-123 Switching Diodes ROHS
C2128,Basic Component,1N4148WS,Changjiang Electronics Tech (CJ),1N4148WS,D_SOD-323,4063776,0.012USD,"Diodes,Switching Diode",100V Independent Type 1.25V@150mA 4ns 150mA SOD-323 Switching Diodes ROHS
C437156,Preferred Component,1N4148WS,MDD（Microdiode Electronics）,1N4148WS,D_SOD-323,256108,0.010USD,"Diodes,Switching Diode",100V Independent Type 1.25V@150mA 4ns 150mA SOD-323 Switching Diodes ROHS
C7420319,Preferred Component,1N4148WS,hongjiacheng,1N4148WS,D_SOD-323,344220,0.011USD,"Diodes,Switching Diode",100V Independent Type 1.25V@150mA 4ns 150mA SOD-323 Switching Diodes ROHS
C7502718,Preferred Component,1SS355,hongjiacheng,1SS355,D_SOD-323,10894,0.013USD,"Diodes,Switching Diode",80V Independent Type 1.2V@100mA 4ns 100mA SOD-323 Switching Diodes ROHS
C7502720,Preferred Component,BAS316,hongjiacheng,BAS316,D_SOD-323,79788,0.013USD,"Diodes,Switching Diode",100V Independent Type 1.25V@150mA 4ns 250mA SOD-323 Switching Diodes ROHS
C7420320,Preferred Component,1N4148WT,hongjiacheng,1N4148WT,D_SOD-523,446022,0.014USD,"Diodes,Switching Diode",100V Independent Type 1.25V@150mA 4ns 150mA SOD-523 Switching Diodes ROHS
C7420334,Preferred Component,BAV21WS,hongjiacheng,BAV21WS,D_SOD-323,151392,0.012USD,"Diodes,Switching Diodes",250V Independent Type 1.25V@200mA 50ns 200mA SOD-323 Switching Diodes ROHS
C7502719,Preferred Component,BAS416,hongjiacheng,BAS416,D_SOD-323,75363,0.013USD,"Diodes,Switching Diodes",85V Independent Type 1.25V@150mA 3us 200mA SOD-323 Switching Diodes ROHS
C19077493,Preferred Component,SMBJ5338B,hongjiacheng,SMBJ5338B,D_DO-214AA(SMB),54358,0.148USD,"Diodes,Zener Diodes",Independent Type 5W 4.85V~5.36V 5.1V SMB Zener Diodes ROHS
C19077494,Preferred Component,SMBJ5339B,hongjiacheng,SMBJ5339B,D_DO-214AA(SMB),46181,0.152USD,"Diodes,Zener Diodes",Independent Type 5.32V~5.88V 5W 5.6V SMB Zener Diodes ROHS
C19077495,Preferred Component,SMBJ5349B,hongjiacheng,SMBJ5349B,D_DO-214AA(SMB),7848,0.121USD,"Diodes,Zener Diodes",Independent Type 5W 11.4V~12.6V 12V SMB Zener Diodes ROHS
C19077474,Preferred Component,1SMA4728A,hongjiacheng,1SMA4728A,D_DO-214AC(SMA),15472,0.042USD,"Diodes,Zener Diodes",Independent Type 3.14V~3.47V 1W 3.3V SMA(DO-214AC) Zener Diodes ROHS
C19077475,Preferred Component,1SMA4729A,hongjiacheng,1SMA4729A,D_DO-214AC(SMA),36957,0.040USD,"Diodes,Zener Diodes",Independent Type 3.42V~3.78V 1W 3.6V SMA(DO-214AC) Zener Diodes ROHS
C19077476,Preferred Component,1SMA4733A,hongjiacheng,1SMA4733A,D_DO-214AC(SMA),91851,0.039USD,"Diodes,Zener Diodes",Independent Type 1W 4.85V~5.36V 5.1V SMA(DO-214AC) Zener Diodes ROHS
C19077477,Preferred Component,1SMA4734A,hongjiacheng,1SMA4734A,D_DO-214AC(SMA),18218,0.037USD,"Diodes,Zener Diodes",Independent Type 5.32V~5.88V 1W 5.6V SMA(DO-214AC) Zener Diodes ROHS
C19077478,Preferred Component,1SMA4737A,hongjiacheng,1SMA4737A,D_DO-214AC(SMA),19884,0.028USD,"Diodes,Zener Diodes",Independent Type 7.125V~7.875V 1W 7.5V SMA(DO-214AC) Zener Diodes ROHS
C19077479,Preferred Component,1SMA4740A,hongjiacheng,1SMA4740A,D_DO-214AC(SMA),43058,0.039USD,"Diodes,Zener Diodes",Independent Type 9.5V~10.5V 1W 10V SMA(DO-214AC) Zener Diodes ROHS
C19077480,Preferred Component,1SMA4742A,hongjiacheng,1SMA4742A,D_DO-214AC(SMA),32902,0.038USD,"Diodes,Zener Diodes",Independent Type 11.4V~12.6V 1W 12V SMA(DO-214AC) Zener Diodes ROHS
C19077481,Preferred Component,1SMA4743A,hongjiacheng,1SMA4743A,D_DO-214AC(SMA),54318,0.038USD,"Diodes,Zener Diodes",Independent Type 12.35V~13.65V 1W 13V SMA(DO-214AC) Zener Diodes ROHS
C19077482,Preferred Component,1SMA4744A,hongjiacheng,1SMA4744A,D_DO-214AC(SMA),46570,0.037USD,"Diodes,Zener Diodes",Independent Type 14.25V~15.75V 1W 15V SMA(DO-214AC) Zener Diodes ROHS
C19077484,Preferred Component,1SMA4747A,hongjiacheng,1SMA4747A,D_DO-214AC(SMA),19034,0.037USD,"Diodes,Zener Diodes",Independent Type 19V~21V 1W 20V SMA(DO-214AC) Zener Diodes ROHS
C19077485,Preferred Component,1SMA4749A,hongjiacheng,1SMA4749A,D_DO-214AC(SMA),23201,0.038USD,"Diodes,Zener Diodes",Independent Type 22.8V~25.2V 1W 24V SMA(DO-214AC) Zener Diodes ROHS
C19077487,Preferred Component,1SMA5918A,hongjiacheng,1SMA5918A,D_DO-214AC(SMA),22647,0.076USD,"Diodes,Zener Diodes",Independent Type 4.84V~5.36V 1.5W 5.1V SMA(DO-214AC) Zener Diodes ROHS
C19077489,Preferred Component,1SMA5927A,hongjiacheng,1SMA5927A,D_DO-214AC(SMA),15002,0.053USD,"Diodes,Zener Diodes",Independent Type 11.4V~12.6V 1.5W 12V SMA(DO-214AC) Zener Diodes ROHS
C19077490,Preferred Component,1SMA5928A,hongjiacheng,1SMA5928A,D_DO-214AC(SMA),9710,0.059USD,"Diodes,Zener Diodes",Independent Type 12.35V~13.65V 1.5W 13V SMA(DO-214AC) Zener Diodes ROHS
C19077491,Preferred Component,1SMA5929A,hongjiacheng,1SMA5929A,D_DO-214AC(SMA),33751,0.075USD,"Diodes,Zener Diodes",Independent Type 14.25V~15.75V 1.5W 15V SMA(DO-214AC) Zener Diodes ROHS
C19077488,Preferred Component,1SMA5919A,hongjiacheng,1SMA5919A,D_DO-214AC(SMA),5994,0.090USD,"Diodes,Zener Diodes",Independent Type 5.32V~5.88V 1.5W 5.6V SMA(DO-214AC) Zener Diodes ROHS
C19077483,Preferred Component,1SMA4746A,hongjiacheng,1SMA4746A,D_DO-214AC(SMA),85069,0.038USD,"Diodes,Zener Diodes",Independent Type 1W 17.1V~18.9V 18V SMA(DO-214AC) Zener Diodes ROHS
C19077483,Preferred Component,1SMA4746A,hongjiacheng,1SMA4746A,D_DO-214AC(SMA),85069,0.038USD,"Diodes,Zener Diodes",Independent Type 1W 17.1V~18.9V 18V SMA(DO-214AC) Zener Diodes ROHS
C19077486,Preferred Component,1SMA5913A,hongjiacheng,1SMA5913A,D_DO-214AC(SMA),10138,0.072USD,"Diodes,Zener Diodes",Independent Type 3.13V~3.47V 1.5W 3.3V SMA(DO-214AC) Zener Diodes ROHS
C19077492,Preferred Component,1SMA5930A,hongjiacheng,1SMA5930A,D_DO-214AC(SMA),3957,0.057USD,"Diodes,Zener Diodes",Independent Type 1.5W 15.2V~16.8V 16V SMA(DO-214AC) Zener Diodes ROHS
C41411741,Preferred Component,1SMAF4741A,hongjiacheng,1SMAF4741A,D_SMAF,2947,0.038USD,"Diodes,Zener Diodes",11V Independent Type 8Ω 1W 5uA SMAF Zener Diodes
C41411742,Preferred Component,1SMAF4737A,hongjiacheng,1SMAF4737A,D_SMAF,2822,0.038USD,"Diodes,Zener Diodes",7.5V Independent Type 4Ω 1W SMAF Zener Diodes
C42371731,Preferred Component,1SMAF4747A,hongjiacheng,1SMAF4747A,D_SMAF,20363,0.035USD,"Diodes,Zener Diodes",1W 1W 20V 20V 22Ω 22Ω 19V~21.2V 19V~21.2V 5uA 5uA SMAF Zener Diodes
C41411741,Preferred Component,1SMAF4741A,hongjiacheng,1SMAF4741A,D_SMAF,2947,0.038USD,"Diodes,Zener Diodes",11V Independent Type 8Ω 1W 5uA SMAF Zener Diodes
C19077392,Preferred Component,BZT52B3V3,hongjiacheng,BZT52B3V3,D_SOD-123,34984,0.019USD,"Diodes,Zener Diodes",Independent Type 3.23V~3.37V 500mW 3.3V SOD-123 Zener Diodes ROHS
C19077393,Preferred Component,BZT52B5V1,hongjiacheng,BZT52B5V1,D_SOD-123,191716,0.020USD,"Diodes,Zener Diodes",Independent Type 5V~5.2V 500mW 5.1V SOD-123 Zener Diodes ROHS
C19077394,Preferred Component,BZT52C2V7,hongjiacheng,BZT52C2V7,D_SOD-123,143119,0.018USD,"Diodes,Zener Diodes",Independent Type 2.57V~2.84V 300mW 2.7V SOD-123 Zener Diodes ROHS
C19077395,Preferred Component,BZT52C3V0,hongjiacheng,BZT52C3V0,D_SOD-123,32515,0.016USD,"Diodes,Zener Diodes",Independent Type 2.85V~3.15V 500mW 3V SOD-123 Zener Diodes ROHS
C19077396,Preferred Component,BZT52C3V3,hongjiacheng,BZT52C3V3,D_SOD-123,61842,0.017USD,"Diodes,Zener Diodes",Independent Type 3.14V~3.47V 500mW 3.3V SOD-123 Zener Diodes ROHS
C19077397,Preferred Component,BZT52C3V6,hongjiacheng,BZT52C3V6,D_SOD-123,23913,0.017USD,"Diodes,Zener Diodes",Independent Type 3.42V~3.78V 500mW 3.6V SOD-123 Zener Diodes ROHS
C19077398,Preferred Component,BZT52C3V9,hongjiacheng,BZT52C3V9,D_SOD-123,17330,0.017USD,"Diodes,Zener Diodes",Independent Type 3.71V~4.1V 500mW 3.9V SOD-123 Zener Diodes ROHS
C19077399,Preferred Component,BZT52C4V3,hongjiacheng,BZT52C4V3,D_SOD-123,40252,0.016USD,"Diodes,Zener Diodes",Independent Type 500mW 4.09V~4.52V 4.3V SOD-123 Zener Diodes ROHS
C19077400,Preferred Component,BZT52C4V7,hongjiacheng,BZT52C4V7,D_SOD-123,62316,0.017USD,"Diodes,Zener Diodes",Independent Type 4.47V~4.94V 500mW 4.7V SOD-123 Zener Diodes ROHS
C19077401,Preferred Component,BZT52C5V1,hongjiacheng,BZT52C5V1,D_SOD-123,132890,0.017USD,"Diodes,Zener Diodes",Independent Type 500mW 4.85V~5.36V 5.1V SOD-123 Zener Diodes ROHS
C19077402,Preferred Component,BZT52C5V6,hongjiacheng,BZT52C5V6,D_SOD-123,450562,0.017USD,"Diodes,Zener Diodes",Independent Type 5.32V~5.88V 500mW 5.6V SOD-123 Zener Diodes ROHS
C19077403,Preferred Component,BZT52C6V2,hongjiacheng,BZT52C6V2,D_SOD-123,15838,0.018USD,"Diodes,Zener Diodes",Independent Type 500mW 5.89V~6.51V 6.2V SOD-123 Zener Diodes ROHS
C19077404,Preferred Component,BZT52C6V8,hongjiacheng,BZT52C6V8,D_SOD-123,40945,0.017USD,"Diodes,Zener Diodes",Independent Type 6.46V~7.14V 500mW 6.8V SOD-123 Zener Diodes ROHS
C19077405,Preferred Component,BZT52C7V5,hongjiacheng,BZT52C7V5,D_SOD-123,40357,0.017USD,"Diodes,Zener Diodes",Independent Type 7.13V~7.88V 500mW 7.5V SOD-123 Zener Diodes ROHS
C19077406,Preferred Component,BZT52C8V2,hongjiacheng,BZT52C8V2,D_SOD-123,57074,0.017USD,"Diodes,Zener Diodes",Independent Type 7.79V~8.61V 500mW 8.2V SOD-123 Zener Diodes ROHS
C19077407,Preferred Component,BZT52C9V1,hongjiacheng,BZT52C9V1,D_SOD-123,31676,0.017USD,"Diodes,Zener Diodes",Independent Type 8.65V~9.56V 500mW 9.1V SOD-123 Zener Diodes ROHS
C19077408,Preferred Component,BZT52C10,hongjiacheng,BZT52C10,D_SOD-123,45916,0.017USD,"Diodes,Zener Diodes",Independent Type 9.5V~10.5V 500mW 10V SOD-123 Zener Diodes ROHS
C19077409,Preferred Component,BZT52C11,hongjiacheng,BZT52C11,D_SOD-123,35803,0.017USD,"Diodes,Zener Diodes",Independent Type 500mW 10.45V~11.55V 11V SOD-123 Zener Diodes ROHS
C19077410,Preferred Component,BZT52C12,hongjiacheng,BZT52C12,D_SOD-123,155430,0.017USD,"Diodes,Zener Diodes",Independent Type 11.4V~12.6V 500mW 12V SOD-123 Zener Diodes ROHS
C19077411,Preferred Component,BZT52C13,hongjiacheng,BZT52C13,D_SOD-123,17560,0.017USD,"Diodes,Zener Diodes",Independent Type 12.35V~13.65V 500mW 13V SOD-123 Zener Diodes ROHS
C19077412,Preferred Component,BZT52C15,hongjiacheng,BZT52C15,D_SOD-123,121874,0.017USD,"Diodes,Zener Diodes",Independent Type 14.25V~15.75V 500mW 15V SOD-123 Zener Diodes ROHS
C19077413,Preferred Component,BZT52C16,hongjiacheng,BZT52C16,D_SOD-123,26416,0.017USD,"Diodes,Zener Diodes",Independent Type 500mW 15.2V~16.8V 16V SOD-123 Zener Diodes ROHS
C19077414,Preferred Component,BZT52C18,hongjiacheng,BZT52C18,D_SOD-123,129769,0.016USD,"Diodes,Zener Diodes",Independent Type 500mW 17.1V~18.9V 18V SOD-123 Zener Diodes ROHS
C19077415,Preferred Component,BZT52C20,hongjiacheng,BZT52C20,D_SOD-123,61947,0.017USD,"Diodes,Zener Diodes",Independent Type 19V~21V 500mW 20V SOD-123 Zener Diodes ROHS
C19077416,Preferred Component,BZT52C24,hongjiacheng,BZT52C24,D_SOD-123,21486,0.017USD,"Diodes,Zener Diodes",Independent Type 22.8V~25.2V 500mW 24V SOD-123 Zener Diodes ROHS
C19077417,Preferred Component,BZT52C27,hongjiacheng,BZT52C27,D_SOD-123,35725,0.017USD,"Diodes,Zener Diodes",Independent Type 25.65V~28.35V 300mW 27V SOD-123 Zener Diodes ROHS
C19077418,Preferred Component,BZT52C30,hongjiacheng,BZT52C30,D_SOD-123,107593,0.017USD,"Diodes,Zener Diodes",Independent Type 28.5V~31.5V 500mW 30V SOD-123 Zener Diodes ROHS
C19077419,Preferred Component,BZT52C33,hongjiacheng,BZT52C33,D_SOD-123,60685,0.017USD,"Diodes,Zener Diodes",Independent Type 500mW 31.35V~34.65V 33V SOD-123 Zener Diodes ROHS
C19077420,Preferred Component,BZT52C36,hongjiacheng,BZT52C36,D_SOD-123,25310,0.017USD,"Diodes,Zener Diodes",Independent Type 34.2V~37.8V 500mW 36V SOD-123 Zener Diodes ROHS
C19077421,Preferred Component,MMSZ5226B,hongjiacheng,MMSZ5226B,D_SOD-123,15818,0.021USD,"Diodes,Zener Diodes",Independent Type 3.14V~3.47V 500mW 3.3V SOD-123 Zener Diodes ROHS
C19077422,Preferred Component,MMSZ5231B,hongjiacheng,MMSZ5231B,D_SOD-123,53140,0.022USD,"Diodes,Zener Diodes",Independent Type 500mW 4.85V~5.36V 5.1V SOD-123 Zener Diodes ROHS
C19077423,Preferred Component,MMSZ5232B,hongjiacheng,MMSZ5232B,D_SOD-123,48566,0.020USD,"Diodes,Zener Diodes",Independent Type 5.32V~5.88V 500mW 5.6V SOD-123 Zener Diodes ROHS
C19077424,Preferred Component,MMSZ5235B,hongjiacheng,MMSZ5235B,D_SOD-123,36290,0.021USD,"Diodes,Zener Diodes",Independent Type 6.46V~7.14V 300mW 6.8V SOD-123 Zener Diodes ROHS
C19077425,Preferred Component,MMSZ5240B,hongjiacheng,MMSZ5240B,D_SOD-123,14489,0.021USD,"Diodes,Zener Diodes",Independent Type 9.5V~10.5V 500mW 10V SOD-123 Zener Diodes ROHS
C19077426,Preferred Component,MMSZ5242B,hongjiacheng,MMSZ5242B,D_SOD-123,75839,0.021USD,"Diodes,Zener Diodes",Independent Type 11.4V~12.6V 500mW 12V SOD-123 Zener Diodes ROHS
C19077427,Preferred Component,MMSZ5243B,hongjiacheng,MMSZ5243B,D_SOD-123,48663,0.021USD,"Diodes,Zener Diodes",Independent Type 12.35V~13.65V 500mW 13V SOD-123 Zener Diodes ROHS
C19077428,Preferred Component,MMSZ5245B,hongjiacheng,MMSZ5245B,D_SOD-123,38330,0.023USD,"Diodes,Zener Diodes",Independent Type 14.25V~15.75V 500mW 15V SOD-123 Zener Diodes ROHS
C19077429,Preferred Component,MMSZ5246B,hongjiacheng,MMSZ5246B,D_SOD-123,28003,0.021USD,"Diodes,Zener Diodes",Independent Type 500mW 15.2V~16.8V 16V SOD-123 Zener Diodes ROHS
C19077430,Preferred Component,MMSZ5248B,hongjiacheng,MMSZ5248B,D_SOD-123,9817,0.023USD,"Diodes,Zener Diodes",Independent Type 500mW 17.1V~18.9V 18V SOD-123 Zener Diodes ROHS
C19077431,Preferred Component,MMSZ5250B,hongjiacheng,MMSZ5250B,D_SOD-123,7716,0.023USD,"Diodes,Zener Diodes",Independent Type 19V~21V 500mW 20V SOD-123 Zener Diodes ROHS
C19077432,Preferred Component,MMSZ5252B,hongjiacheng,MMSZ5252B,D_SOD-123,29885,0.021USD,"Diodes,Zener Diodes",Independent Type 22.8V~25.2V 500mW 24V SOD-123 Zener Diodes ROHS
C19077433,Preferred Component,MMSZ5256B,hongjiacheng,MMSZ5256B,D_SOD-123,1575,0.021USD,"Diodes,Zener Diodes",Independent Type 28.5V~31.5V 500mW 30V SOD-123 Zener Diodes ROHS
C22375295,Preferred Component,BZT52C22,hongjiacheng,BZT52C22,D_SOD-123,12332,0.017USD,"Diodes,Zener Diodes",Independent Type 20.8V~23.3V 350mW 22V SOD-123 Zener Diodes ROHS
C22375296,Preferred Component,BZT52C2V4,hongjiacheng,BZT52C2V4,D_SOD-123,34422,0.013USD,"Diodes,Zener Diodes",Independent Type 2.2V~2.6V 350mW 2.4V SOD-123 Zener Diodes ROHS
C22375297,Preferred Component,BZT52C75,hongjiacheng,BZT52C75,D_SOD-123,13381,0.016USD,"Diodes,Zener Diodes",Independent Type 71.25V~78.75V 350mW 75V SOD-123 Zener Diodes ROHS
C22379455,Preferred Component,MM1Z18B,hongjiacheng,MM1Z18B,D_SOD-123,7405,0.018USD,"Diodes,Zener Diodes",Independent Type 17.64V~18.36V 500mW 18V SOD-123 Zener Diodes ROHS
C22379456,Preferred Component,MM1Z3V3,hongjiacheng,MM1Z3V3,D_SOD-123,177832,0.017USD,"Diodes,Zener Diodes",Independent Type 3.1V~3.5V 500mW 3.3V SOD-123 Zener Diodes ROHS
C22379457,Preferred Component,MM1Z3V6,hongjiacheng,MM1Z3V6,D_SOD-123,25132,0.017USD,"Diodes,Zener Diodes",Independent Type 500mW 3.4V~3.8V 3.6V SOD-123 Zener Diodes ROHS
C22379458,Preferred Component,MM1Z4V7,hongjiacheng,MM1Z4V7,D_SOD-123,76030,0.017USD,"Diodes,Zener Diodes",Independent Type 500mW 4.4V~5V 4.7V SOD-123 Zener Diodes ROHS
C22379459,Preferred Component,MM1Z12,hongjiacheng,MM1Z12,D_SOD-123,60650,0.017USD,"Diodes,Zener Diodes",Independent Type 11.4V~12.7V 500mW 12V SOD-123 Zener Diodes ROHS
C22379460,Preferred Component,MM1Z6V8,hongjiacheng,MM1Z6V8,D_SOD-123,33160,0.018USD,"Diodes,Zener Diodes",Independent Type 6.4V~7.2V 500mW 6.8V SOD-123 Zener Diodes ROHS
C22379461,Preferred Component,MM1Z16,hongjiacheng,MM1Z16,D_SOD-123,8189,0.017USD,"Diodes,Zener Diodes",Independent Type 15.3V~17.1V 500mW 16V SOD-123 Zener Diodes ROHS
C22379462,Preferred Component,MM1Z15,hongjiacheng,MM1Z15,D_SOD-123,56955,0.017USD,"Diodes,Zener Diodes",Independent Type 13.8V~15.6V 500mW 15V SOD-123 Zener Diodes ROHS
C22379463,Preferred Component,MM1Z3V0,hongjiacheng,MM1Z3V0,D_SOD-123,5186,0.016USD,"Diodes,Zener Diodes",Independent Type 500mW 2.8V~3.2V 3V SOD-123 Zener Diodes ROHS
C22379464,Preferred Component,MM1Z6V2,hongjiacheng,MM1Z6V2,D_SOD-123,30149,0.017USD,"Diodes,Zener Diodes",Independent Type 500mW 5.8V~6.6V 6.2V SOD-123 Zener Diodes ROHS
C22379465,Preferred Component,MM1Z24,hongjiacheng,MM1Z24,D_SOD-123,20555,0.017USD,"Diodes,Zener Diodes",Independent Type 22.8V~25.6V 500mW 24V SOD-123 Zener Diodes ROHS
C22379466,Preferred Component,MM1Z18,hongjiacheng,MM1Z18,D_SOD-123,21772,0.017USD,"Diodes,Zener Diodes",Independent Type 17.64V~18.36V 500mW 18V SOD-123 Zener Diodes ROHS
C22379467,Preferred Component,MM1Z20,hongjiacheng,MM1Z20,D_SOD-123,12282,0.017USD,"Diodes,Zener Diodes",Independent Type 500mW 18.8V~21.2V 20V SOD-123 Zener Diodes ROHS
C22379468,Preferred Component,MM1Z2V7,hongjiacheng,MM1Z2V7,D_SOD-123,64674,0.018USD,"Diodes,Zener Diodes",Independent Type 2.5V~2.9V 500mW 2.7V SOD-123 Zener Diodes ROHS
C22379469,Preferred Component,MM1Z27,hongjiacheng,MM1Z27,D_SOD-123,39532,0.017USD,"Diodes,Zener Diodes",Independent Type 25.1V~28.9V 500mW 27V SOD-123 Zener Diodes ROHS
C22395523,Preferred Component,MM1W3V3,hongjiacheng,MM1W3V3,D_SOD-123,10046,0.036USD,"Diodes,Zener Diodes",Independent Type 3.1V~3.5V 1W 3.3V SOD-123 Zener Diodes ROHS
C22395524,Preferred Component,MM1W3V6,hongjiacheng,MM1W3V6,D_SOD-123,9136,0.036USD,"Diodes,Zener Diodes",Independent Type 1W 3.4V~3.8V 3.6V SOD-123 Zener Diodes ROHS
C22395525,Preferred Component,MM1W3V9,hongjiacheng,MM1W3V9,D_SOD-123,27068,0.036USD,"Diodes,Zener Diodes",Independent Type 1W 3.7V~4.1V 3.9V SOD-123 Zener Diodes ROHS
C22395526,Preferred Component,MM1W5V1,hongjiacheng,MM1W5V1,D_SOD-123,10923,0.036USD,"Diodes,Zener Diodes",Independent Type 4.84V~5.36V 1W 5.1V SOD-123 Zener Diodes ROHS
C22395527,Preferred Component,MM1W10,hongjiacheng,MM1W10,D_SOD-123,2752,0.034USD,"Diodes,Zener Diodes",Independent Type 9.5V~10.5V 1W 10V SOD-123 Zener Diodes ROHS
C22395528,Preferred Component,MM1W11,hongjiacheng,MM1W11,D_SOD-123,5158,0.020USD,"Diodes,Zener Diodes",Independent Type 10.4V~11.6V 1W 11V SOD-123 Zener Diodes ROHS
C22395529,Preferred Component,MM1W18,hongjiacheng,MM1W18,D_SOD-123,8241,0.035USD,"Diodes,Zener Diodes",Independent Type 16.8V~19.2V 1W 18V SOD-123 Zener Diodes ROHS
C22395530,Preferred Component,MM1W22,hongjiacheng,MM1W22,D_SOD-123,1828,0.021USD,"Diodes,Zener Diodes",Independent Type 20.8V~23.3V 1W 22V SOD-123 Zener Diodes ROHS
C22395531,Preferred Component,MM1W24,hongjiacheng,MM1W24,D_SOD-123,36118,0.036USD,"Diodes,Zener Diodes",Independent Type 22.8V~26V 1W 24V SOD-123 Zener Diodes ROHS
C22395532,Preferred Component,MM1W30,hongjiacheng,MM1W30,D_SOD-123,34948,0.036USD,"Diodes,Zener Diodes",Independent Type 28.2V~32V 1W 30V SOD-123 Zener Diodes ROHS
C22395533,Preferred Component,MM1W82,hongjiacheng,MM1W82,D_SOD-123,20513,0.026USD,"Diodes,Zener Diodes",Independent Type 77.9V~87V 1W 82V SOD-123 Zener Diodes ROHS
C22395534,Preferred Component,MM1Z2V0B,hongjiacheng,MM1Z2V0B,D_SOD-123,4677,0.020USD,"Diodes,Zener Diodes",Independent Type 500mW 1.96V~2.04V 2V SOD-123 Zener Diodes ROHS
C22395535,Preferred Component,MM1Z2V7B,hongjiacheng,MM1Z2V7B,D_SOD-123,5698,0.019USD,"Diodes,Zener Diodes",Independent Type 2.16V~2.24V 500mW 2.7V SOD-123 Zener Diodes ROHS
C22395536,Preferred Component,MM1Z5V6B,hongjiacheng,MM1Z5V6B,D_SOD-123,4365,0.019USD,"Diodes,Zener Diodes",Independent Type 500mW 5.49V~5.71V 5.6V SOD-123 Zener Diodes ROHS
C22395537,Preferred Component,MM1Z7V5B,hongjiacheng,MM1Z7V5B,D_SOD-123,6746,0.019USD,"Diodes,Zener Diodes",Independent Type 7.35V~7.65V 500mW 7.5V SOD-123 Zener Diodes ROHS
C22395538,Preferred Component,MM1Z5V1,hongjiacheng,MM1Z5V1,D_SOD-123,45400,0.018USD,"Diodes,Zener Diodes",Independent Type 4.8V~5.4V 500mW 5.1V SOD-123 Zener Diodes ROHS
C22395539,Preferred Component,MM1Z5V6,hongjiacheng,MM1Z5V6,D_SOD-123,9221,0.018USD,"Diodes,Zener Diodes",Independent Type 5.2V~6V 500mW 5.6V SOD-123 Zener Diodes ROHS
C22395540,Preferred Component,MM1Z62,hongjiacheng,MM1Z62,D_SOD-123,11215,0.018USD,"Diodes,Zener Diodes",Independent Type 58V~66V 500mW 62V SOD-123 Zener Diodes ROHS
C22395541,Preferred Component,MM1W75,hongjiacheng,MM1W75,D_SOD-123,5071,0.020USD,"Diodes,Zener Diodes",Independent Type 71.2V~78.8V 1W 75V SOD-123 Zener Diodes ROHS
C22395546,Preferred Component,MMSZ4685,hongjiacheng,MMSZ4685,D_SOD-123,32133,0.025USD,"Diodes,Zener Diodes",Independent Type 3.42V~3.78V 350mW 3.6V SOD-123 Zener Diodes ROHS
C22395547,Preferred Component,MMSZ4688,hongjiacheng,MMSZ4688,D_SOD-123,1256,0.032USD,"Diodes,Zener Diodes",Independent Type 4.47V~4.94V 350mW 4.7V SOD-123 Zener Diodes ROHS
C22395549,Preferred Component,MMSZ4691,hongjiacheng,MMSZ4691,D_SOD-123,4838,0.023USD,"Diodes,Zener Diodes",Independent Type 5.89V~6.51V 350mW 6.2V SOD-123 Zener Diodes ROHS
C22395550,Preferred Component,MMSZ4692,hongjiacheng,MMSZ4692,D_SOD-123,4099,0.036USD,"Diodes,Zener Diodes",Independent Type 6.46V~7.14V 350mW 6.8V SOD-123 Zener Diodes ROHS
C22395551,Preferred Component,MMSZ4699,hongjiacheng,MMSZ4699,D_SOD-123,5369,0.022USD,"Diodes,Zener Diodes",Independent Type 11.4V~12.6V 350mW 12V SOD-123 Zener Diodes ROHS
C22395553,Preferred Component,MMSZ5227B,hongjiacheng,MMSZ5227B,D_SOD-123,30515,0.021USD,"Diodes,Zener Diodes",Independent Type 3.42V~3.78V 500mW 3.6V SOD-123 Zener Diodes ROHS
C22395554,Preferred Component,MMSZ5230B,hongjiacheng,MMSZ5230B,D_SOD-123,8443,0.023USD,"Diodes,Zener Diodes",Independent Type 4.47V~4.94V 500mW 4.7V SOD-123 Zener Diodes ROHS
C22395555,Preferred Component,MMSZ5234B,hongjiacheng,MMSZ5234B,D_SOD-123,5948,0.023USD,"Diodes,Zener Diodes",Independent Type 500mW 5.89V~6.51V 6.2V SOD-123 Zener Diodes ROHS
C22395556,Preferred Component,MMSZ5236B,hongjiacheng,MMSZ5236B,D_SOD-123,10057,0.018USD,"Diodes,Zener Diodes",Independent Type 7.13V~7.88V 500mW 7.5V SOD-123 Zener Diodes ROHS
C22395557,Preferred Component,MMSZ5237B,hongjiacheng,MMSZ5237B,D_SOD-123,7064,0.018USD,"Diodes,Zener Diodes",Independent Type 7.79V~8.61V 500mW 8.2V SOD-123 Zener Diodes ROHS
C22395558,Preferred Component,MMSZ5239B,hongjiacheng,MMSZ5239B,D_SOD-123,91925,0.023USD,"Diodes,Zener Diodes",Independent Type 8.65V~9.56V 500mW 9.1V SOD-123 Zener Diodes ROHS
C22395559,Preferred Component,MMSZ5241B,hongjiacheng,MMSZ5241B,D_SOD-123,7631,0.018USD,"Diodes,Zener Diodes",Independent Type 500mW 10.45V~11.55V 11V SOD-123 Zener Diodes ROHS
C22395560,Preferred Component,MMSZ5251B,hongjiacheng,MMSZ5251B,D_SOD-123,10457,0.018USD,"Diodes,Zener Diodes",Independent Type 500mW 20.9V~23.1V 22V SOD-123 Zener Diodes ROHS
C22395561,Preferred Component,MMSZ5254B,hongjiacheng,MMSZ5254B,D_SOD-123,3589,0.017USD,"Diodes,Zener Diodes",Independent Type 25.65V~28.35V 500mW 27V SOD-123 Zener Diodes ROHS
C22395568,Preferred Component,BZT52B10,hongjiacheng,BZT52B10,D_SOD-123,9321,0.019USD,"Diodes,Zener Diodes",Independent Type 9.8V~10.2V 500mW 10V SOD-123 Zener Diodes ROHS
C22395569,Preferred Component,BZT52B12,hongjiacheng,BZT52B12,D_SOD-123,12565,0.020USD,"Diodes,Zener Diodes",Independent Type 11.76V~12.24V 500mW 12V SOD-123 Zener Diodes ROHS
C22395570,Preferred Component,BZT52B15,hongjiacheng,BZT52B15,D_SOD-123,104536,0.019USD,"Diodes,Zener Diodes",Independent Type 14.7V~15.3V 500mW 15V SOD-123 Zener Diodes ROHS
C22395571,Preferred Component,BZT52C43,hongjiacheng,BZT52C43,D_SOD-123,14920,0.017USD,"Diodes,Zener Diodes",Independent Type 40.85V~45.15V 350mW 43V SOD-123 Zener Diodes ROHS
C22399881,Preferred Component,BZT52B5V6,hongjiacheng,BZT52B5V6,D_SOD-123,51289,0.020USD,"Diodes,Zener Diodes",Independent Type 500mW 5.49V~5.71V 5.6V SOD-123 Zener Diodes ROHS
C22399882,Preferred Component,BZT52B8V2,hongjiacheng,BZT52B8V2,D_SOD-123,47738,0.023USD,"Diodes,Zener Diodes",Independent Type 8.04V~8.36V 500mW 8.2V SOD-123 Zener Diodes ROHS
C22399883,Preferred Component,BZT52B13,hongjiacheng,BZT52B13,D_SOD-123,11709,0.018USD,"Diodes,Zener Diodes",Independent Type 12.74V~13.26V 500mW 13V SOD-123 Zener Diodes ROHS
C22399887,Preferred Component,BZT52C47,hongjiacheng,BZT52C47,D_SOD-123,16414,0.016USD,"Diodes,Zener Diodes",Independent Type 44.65V~49.35V 350mW 47V SOD-123 Zener Diodes ROHS
C22399894,Preferred Component,MMSZ5225B,hongjiacheng,MMSZ5225B,D_SOD-123,3843,0.018USD,"Diodes,Zener Diodes",Independent Type 2.85V~3.15V 500mW 3V SOD-123 Zener Diodes ROHS
C22399895,Preferred Component,MMSZ5228B,hongjiacheng,MMSZ5228B,D_SOD-123,11960,0.018USD,"Diodes,Zener Diodes",Independent Type 3.71V~4.1V 500mW 3.9V SOD-123 Zener Diodes ROHS
C22399896,Preferred Component,MMSZ5229B,hongjiacheng,MMSZ5229B,D_SOD-123,8970,0.021USD,"Diodes,Zener Diodes",Independent Type 500mW 4.09V~4.52V 4.3V SOD-123 Zener Diodes ROHS
C22399897,Preferred Component,MMSZ5238B,hongjiacheng,MMSZ5238B,D_SOD-123,6743,0.025USD,"Diodes,Zener Diodes",Independent Type 8.27V~9.14V 500mW 8.7V SOD-123 Zener Diodes ROHS
C22399898,Preferred Component,MMSZ5257B,hongjiacheng,MMSZ5257B,D_SOD-123,6908,0.018USD,"Diodes,Zener Diodes",Independent Type 500mW 31.35V~34.65V 33V SOD-123 Zener Diodes ROHS
C22399899,Preferred Component,MMSZ5258B,hongjiacheng,MMSZ5258B,D_SOD-123,10599,0.018USD,"Diodes,Zener Diodes",Independent Type 34.2V~37.8V 500mW 36V SOD-123 Zener Diodes ROHS
C22399900,Preferred Component,MMSZ5259B,hongjiacheng,MMSZ5259B,D_SOD-123,28498,0.024USD,"Diodes,Zener Diodes",Independent Type 37.05V~40.95V 500mW 39V SOD-123 Zener Diodes ROHS
C22435086,Preferred Component,MM1W5V6,hongjiacheng,MM1W5V6,D_SOD-123,47170,0.037USD,"Diodes,Zener Diodes",Independent Type 5.32V~5.92V 1W 5.6V SOD-123 Zener Diodes ROHS
C22435087,Preferred Component,MM1W6V8,hongjiacheng,MM1W6V8,D_SOD-123,7663,0.037USD,"Diodes,Zener Diodes",Independent Type 6.46V~7.18V 1W 6.8V SOD-123 Zener Diodes ROHS
C22435088,Preferred Component,MM1W91,hongjiacheng,MM1W91,D_SOD-123,14027,0.039USD,"Diodes,Zener Diodes",Independent Type 86V~96V 1W 91V SOD-123 Zener Diodes ROHS
C22435089,Preferred Component,MM1W36,hongjiacheng,MM1W36,D_SOD-123,10344,0.037USD,"Diodes,Zener Diodes",Independent Type 34.2V~37.9V 1W 36V SOD-123 Zener Diodes ROHS
C22435090,Preferred Component,MM1W100,hongjiacheng,MM1W100,D_SOD-123,1169,0.021USD,"Diodes,Zener Diodes",Independent Type 95V~105V 1W 100V SOD-123 Zener Diodes ROHS
C22435091,Preferred Component,MM1W6V2,hongjiacheng,MM1W6V2,D_SOD-123,2465,0.037USD,"Diodes,Zener Diodes",Independent Type 5.86V~6.51V 1W 6.2V SOD-123 Zener Diodes ROHS
C22435092,Preferred Component,MM1W12,hongjiacheng,MM1W12,D_SOD-123,8629,0.037USD,"Diodes,Zener Diodes",Independent Type 11.4V~12.6V 1W 12V SOD-123 Zener Diodes ROHS
C22435093,Preferred Component,MM1W20,hongjiacheng,MM1W20,D_SOD-123,61230,0.036USD,"Diodes,Zener Diodes",Independent Type 19V~21.2V 1W 20V SOD-123 Zener Diodes ROHS
C22435094,Preferred Component,MM1W9V1,hongjiacheng,MM1W9V1,D_SOD-123,27751,0.038USD,"Diodes,Zener Diodes",Independent Type 8.6V~9.59V 1W 9.1V SOD-123 Zener Diodes ROHS
C22435095,Preferred Component,MM1W15,hongjiacheng,MM1W15,D_SOD-123,5119,0.037USD,"Diodes,Zener Diodes",Independent Type 13.8V~15.8V 1W 15V SOD-123 Zener Diodes ROHS
C22435096,Preferred Component,MM1W4V7,hongjiacheng,MM1W4V7,D_SOD-123,63661,0.035USD,"Diodes,Zener Diodes",Independent Type 1W 4.5V~4.93V 4.7V SOD-123 Zener Diodes ROHS
C22435097,Preferred Component,MM1W7V5,hongjiacheng,MM1W7V5,D_SOD-123,2026,0.021USD,"Diodes,Zener Diodes",Independent Type 7.12V~7.88V 1W 7.5V SOD-123 Zener Diodes ROHS
C22435098,Preferred Component,MM1W8V2,hongjiacheng,MM1W8V2,D_SOD-123,7056,0.037USD,"Diodes,Zener Diodes",Independent Type 7.79V~8.67V 1W 8.2V SOD-123 Zener Diodes ROHS
C22466338,Preferred Component,MM1Z62B,hongjiacheng,MM1Z62B,D_SOD-123,5710,0.021USD,"Diodes,Zener Diodes",Independent Type 60.76V~63.24V 500mW 62V SOD-123 Zener Diodes ROHS
C22466339,Preferred Component,MM1Z30B,hongjiacheng,MM1Z30B,D_SOD-123,10330,0.019USD,"Diodes,Zener Diodes",Independent Type 29.4V~30.6V 500mW 30V SOD-123 Zener Diodes ROHS
C22466340,Preferred Component,MM1Z3V3B,hongjiacheng,MM1Z3V3B,D_SOD-123,7458,0.019USD,"Diodes,Zener Diodes",Independent Type 3.23V~3.37V 500mW 3.3V SOD-123 Zener Diodes ROHS
C22466341,Preferred Component,MM1Z10B,hongjiacheng,MM1Z10B,D_SOD-123,7100,0.019USD,"Diodes,Zener Diodes",Independent Type 9.8V~10.2V 500mW 10V SOD-123 Zener Diodes ROHS
C22466342,Preferred Component,MM1Z12B,hongjiacheng,MM1Z12B,D_SOD-123,2346,0.019USD,"Diodes,Zener Diodes",Independent Type 11.76V~12.24V 500mW 12V SOD-123 Zener Diodes ROHS
C22466343,Preferred Component,MM1Z5V1B,hongjiacheng,MM1Z5V1B,D_SOD-123,8155,0.019USD,"Diodes,Zener Diodes",Independent Type 5V~5.2V 500mW 5.1V SOD-123 Zener Diodes ROHS
C22466344,Preferred Component,MM1Z6V2B,hongjiacheng,MM1Z6V2B,D_SOD-123,4370,0.019USD,"Diodes,Zener Diodes",Independent Type 6.08V~6.32V 500mW 6.2V SOD-123 Zener Diodes ROHS
C22466345,Preferred Component,MM1Z47B,hongjiacheng,MM1Z47B,D_SOD-123,5300,0.019USD,"Diodes,Zener Diodes",Independent Type 46.06V~47.94V 500mW 47V SOD-123 Zener Diodes ROHS
C41410795,Preferred Component,BZT52C2V0,hongjiacheng,BZT52C2V0,D_SOD-123,55921,0.017USD,"Diodes,Zener Diodes",Independent Type 1.8V~2.15V 350mW 2V SOD-123 Zener Diodes ROHS
C41410796,Preferred Component,MMSZ4693,hongjiacheng,MMSZ4693,D_SOD-123,6026,0.021USD,"Diodes,Zener Diodes",500mW 7.5V Independent Type 7.13V~7.88V 10uA SOD-123 Zener Diodes
C42371755,Preferred Component,MMSZ4680,hongjiacheng,MMSZ4680,D_SOD-123,4505,0.028USD,"Diodes,Zener Diodes",500mW 500mW 2.2V 2.2V 2.09V~2.31V 2.09V~2.31V 4uA 4uA SOD-123 Zener Diodes
C42371756,Preferred Component,MMSZ4696,hongjiacheng,MMSZ4696,D_SOD-123,8045,0.027USD,"Diodes,Zener Diodes",500mW 500mW 9.1V 9.1V 8.65V~9.56V 8.65V~9.56V 1uA 1uA SOD-123 Zener Diodes
C42371757,Preferred Component,MMSZ4697,hongjiacheng,MMSZ4697,D_SOD-123,5720,0.027USD,"Diodes,Zener Diodes",500mW 500mW 10V 10V 9.5V~10.5V 9.5V~10.5V 1uA 1uA SOD-123 Zener Diodes
C42371760,Preferred Component,MMSZ5221B,hongjiacheng,MMSZ5221B,D_SOD-123,5206,0.022USD,"Diodes,Zener Diodes",500mW 500mW 2.4V 2.4V 30Ω 30Ω 2.28V~2.52V 2.28V~2.52V 100uA 100uA SOD-123 Zener Diodes
C42371755,Preferred Component,MMSZ4680,hongjiacheng,MMSZ4680,D_SOD-123,4505,0.028USD,"Diodes,Zener Diodes",500mW 500mW 2.2V 2.2V 2.09V~2.31V 2.09V~2.31V 4uA 4uA SOD-123 Zener Diodes
C19077434,Preferred Component,BZT52B5V1S,hongjiacheng,BZT52B5V1S,D_SOD-323,48099,0.020USD,"Diodes,Zener Diodes",Independent Type 5V~5.2V 200mW 5.1V SOD-323 Zener Diodes ROHS
C19077435,Preferred Component,BZT52B5V6S,hongjiacheng,BZT52B5V6S,D_SOD-323,29181,0.019USD,"Diodes,Zener Diodes",Independent Type 200mW 5.49V~5.71V 5.6V SOD-323 Zener Diodes ROHS
C19077436,Preferred Component,BZT52C3V0S,hongjiacheng,BZT52C3V0S,D_SOD-323,71069,0.018USD,"Diodes,Zener Diodes",Independent Type 200mW 2.8V~3.2V 3V SOD-323 Zener Diodes ROHS
C19077437,Preferred Component,BZT52C3V3S,hongjiacheng,BZT52C3V3S,D_SOD-323,229387,0.018USD,"Diodes,Zener Diodes",Independent Type 200mW 3.1V~3.5V 3.3V SOD-323 Zener Diodes ROHS
C19077438,Preferred Component,BZT52C3V6S,hongjiacheng,BZT52C3V6S,D_SOD-323,158917,0.018USD,"Diodes,Zener Diodes",Independent Type 200mW 3.4V~3.8V 3.6V SOD-323 Zener Diodes ROHS
C19077439,Preferred Component,BZT52C4V7S,hongjiacheng,BZT52C4V7S,D_SOD-323,111908,0.018USD,"Diodes,Zener Diodes",Independent Type 200mW 4.4V~5V 4.7V SOD-323 Zener Diodes ROHS
C19077440,Preferred Component,BZT52C5V1S,hongjiacheng,BZT52C5V1S,D_SOD-323,97193,0.017USD,"Diodes,Zener Diodes",Independent Type 4.8V~5.4V 200mW 5.1V SOD-323 Zener Diodes ROHS
C19077441,Preferred Component,BZT52C5V6S,hongjiacheng,BZT52C5V6S,D_SOD-323,157116,0.019USD,"Diodes,Zener Diodes",Independent Type 5.2V~6V 200mW 5.6V SOD-323 Zener Diodes ROHS
C19077442,Preferred Component,BZT52C6V2S,hongjiacheng,BZT52C6V2S,D_SOD-323,11078,0.017USD,"Diodes,Zener Diodes",Independent Type 200mW 5.8V~6.2V 6.2V SOD-323 Zener Diodes ROHS
C19077443,Preferred Component,BZT52C6V8S,hongjiacheng,BZT52C6V8S,D_SOD-323,74708,0.018USD,"Diodes,Zener Diodes",Independent Type 6.4V~7.2V 200mW 6.8V SOD-323 Zener Diodes ROHS
C19077444,Preferred Component,BZT52C7V5S,hongjiacheng,BZT52C7V5S,D_SOD-323,32063,0.018USD,"Diodes,Zener Diodes",Independent Type 200mW 7V~7.9V 7.5V SOD-323 Zener Diodes ROHS
C19077445,Preferred Component,BZT52C9V1S,hongjiacheng,BZT52C9V1S,D_SOD-323,2989,0.016USD,"Diodes,Zener Diodes",Independent Type 8.5V~9.6V 200mW 9.1V SOD-323 Zener Diodes ROHS
C19077446,Preferred Component,BZT52C10S,hongjiacheng,BZT52C10S,D_SOD-323,173849,0.019USD,"Diodes,Zener Diodes",Independent Type 200mW 9.4V~10.6V 10V SOD-323 Zener Diodes ROHS
C19077447,Preferred Component,BZT52C12S,hongjiacheng,BZT52C12S,D_SOD-323,60444,0.018USD,"Diodes,Zener Diodes",Independent Type 11.4V~12.7V 200mW 12V SOD-323 Zener Diodes ROHS
C19077448,Preferred Component,BZT52C15S,hongjiacheng,BZT52C15S,D_SOD-323,232636,0.018USD,"Diodes,Zener Diodes",Independent Type 200mW 13.8V~15.6V 15V SOD-323 Zener Diodes ROHS
C19077449,Preferred Component,BZT52C16S,hongjiacheng,BZT52C16S,D_SOD-323,52309,0.018USD,"Diodes,Zener Diodes",Independent Type 200mW 15.3V~17.1V 16V SOD-323 Zener Diodes ROHS
C19077450,Preferred Component,BZT52C18S,hongjiacheng,BZT52C18S,D_SOD-323,42995,0.017USD,"Diodes,Zener Diodes",Independent Type 16.8V~19.1V 200mW 18V SOD-323 Zener Diodes ROHS
C19077451,Preferred Component,BZT52C20S,hongjiacheng,BZT52C20S,D_SOD-323,15378,0.017USD,"Diodes,Zener Diodes",Independent Type 200mW 18.8V~21.2V 20V SOD-323 Zener Diodes ROHS
C19077452,Preferred Component,MM3Z3V0,hongjiacheng,MM3Z3V0,D_SOD-323,67456,0.018USD,"Diodes,Zener Diodes",Independent Type 200mW 2.8V~3.2V 3V SOD-323 Zener Diodes ROHS
C19077453,Preferred Component,MM3Z3V3,hongjiacheng,MM3Z3V3,D_SOD-323,64681,0.018USD,"Diodes,Zener Diodes",Independent Type 200mW 3.1V~3.5V 3.3V SOD-323 Zener Diodes ROHS
C19077454,Preferred Component,MM3Z3V6,hongjiacheng,MM3Z3V6,D_SOD-323,12534,0.019USD,"Diodes,Zener Diodes",Independent Type 200mW 3.4V~3.8V 3.6V SOD-323 Zener Diodes ROHS
C19077455,Preferred Component,MM3Z5V1,hongjiacheng,MM3Z5V1,D_SOD-323,153370,0.018USD,"Diodes,Zener Diodes",Independent Type 4.8V~5.4V 200mW 5.1V SOD-323 Zener Diodes ROHS
C19077456,Preferred Component,MM3Z5V6,hongjiacheng,MM3Z5V6,D_SOD-323,19384,0.019USD,"Diodes,Zener Diodes",Independent Type 5.2V~6V 200mW 5.6V SOD-323 Zener Diodes ROHS
C19077457,Preferred Component,MM3Z6V2,hongjiacheng,MM3Z6V2,D_SOD-323,30790,0.019USD,"Diodes,Zener Diodes",Independent Type 200mW 5.8V~6.2V 6.2V SOD-323 Zener Diodes ROHS
C19077458,Preferred Component,MM3Z6V8,hongjiacheng,MM3Z6V8,D_SOD-323,49946,0.018USD,"Diodes,Zener Diodes",Independent Type 6.4V~7.2V 200mW 6.8V SOD-323 Zener Diodes ROHS
C19077459,Preferred Component,MM3Z10,hongjiacheng,MM3Z10,D_SOD-323,50811,0.018USD,"Diodes,Zener Diodes",Independent Type 200mW 9.4V~10.6V 10V SOD-323 Zener Diodes ROHS
C19077460,Preferred Component,MM3Z12,hongjiacheng,MM3Z12,D_SOD-323,7446,0.017USD,"Diodes,Zener Diodes",Independent Type 11.4V~12.7V 200mW 12V SOD-323 Zener Diodes ROHS
C19077461,Preferred Component,MM3Z18,hongjiacheng,MM3Z18,D_SOD-323,10230,0.017USD,"Diodes,Zener Diodes",Independent Type 16.8V~19.1V 200mW 18V SOD-323 Zener Diodes ROHS
C22375287,Preferred Component,BZT52C11S,hongjiacheng,BZT52C11S,D_SOD-323,15032,0.016USD,"Diodes,Zener Diodes",Independent Type 10.4V~11.6V 200mW 11V SOD-323 Zener Diodes ROHS
C22375288,Preferred Component,BZT52C22S,hongjiacheng,BZT52C22S,D_SOD-323,5395,0.017USD,"Diodes,Zener Diodes",Independent Type 20.8V~23.3V 200mW 22V SOD-323 Zener Diodes ROHS
C22375289,Preferred Component,BZT52C24S,hongjiacheng,BZT52C24S,D_SOD-323,32230,0.018USD,"Diodes,Zener Diodes",Independent Type 22.8V~25.6V 200mW 24V SOD-323 Zener Diodes ROHS
C22375290,Preferred Component,BZT52C2V4S,hongjiacheng,BZT52C2V4S,D_SOD-323,5855,0.017USD,"Diodes,Zener Diodes",Independent Type 200mW 2.2V~2.6V 2.4V SOD-323 Zener Diodes ROHS
C22375291,Preferred Component,BZT52C30S,hongjiacheng,BZT52C30S,D_SOD-323,61188,0.017USD,"Diodes,Zener Diodes",Independent Type 200mW 28V~32V 30V SOD-323 Zener Diodes ROHS
C22375292,Preferred Component,BZT52C33S,hongjiacheng,BZT52C33S,D_SOD-323,21300,0.017USD,"Diodes,Zener Diodes",Independent Type 200mW 31V~35V 33V SOD-323 Zener Diodes ROHS
C22375293,Preferred Component,BZT52C36S,hongjiacheng,BZT52C36S,D_SOD-323,375223,0.018USD,"Diodes,Zener Diodes",Independent Type 200mW 34.2V~37.8V 36V SOD-323 Zener Diodes ROHS
C22375294,Preferred Component,BZT52C8V2S,hongjiacheng,BZT52C8V2S,D_SOD-323,57334,0.018USD,"Diodes,Zener Diodes",Independent Type 200mW 7.7V~8.7V 8.2V SOD-323 Zener Diodes ROHS
C22375298,Preferred Component,BZT52C2V7S,hongjiacheng,BZT52C2V7S,D_SOD-323,26763,0.017USD,"Diodes,Zener Diodes",Independent Type 200mW 2.5V~2.9V 2.7V SOD-323 Zener Diodes ROHS
C22375299,Preferred Component,BZT52C3V9S,hongjiacheng,BZT52C3V9S,D_SOD-323,36980,0.016USD,"Diodes,Zener Diodes",Independent Type 200mW 3.7V~4.1V 3.9V SOD-323 Zener Diodes ROHS
C22375300,Preferred Component,BZT52C27S,hongjiacheng,BZT52C27S,D_SOD-323,12829,0.017USD,"Diodes,Zener Diodes",Independent Type 25.1V~28.9V 200mW 27V SOD-323 Zener Diodes ROHS
C22379454,Preferred Component,MM3Z5V1B,hongjiacheng,MM3Z5V1B,D_SOD-323,15380,0.019USD,"Diodes,Zener Diodes",Independent Type 5V~5.2V 300mW 5.1V SOD-323 Zener Diodes ROHS
C22395542,Preferred Component,MM3Z51,hongjiacheng,MM3Z51,D_SOD-323,8010,0.019USD,"Diodes,Zener Diodes",Independent Type 48V~54V 200mW 51V SOD-323 Zener Diodes ROHS
C22395562,Preferred Component,MMSZ5231BS,hongjiacheng,MMSZ5231BS,D_SOD-323,12366,0.019USD,"Diodes,Zener Diodes",Independent Type 200mW 4.85V~5.36V 5.1V SOD-323 Zener Diodes ROHS
C22395563,Preferred Component,MMSZ5232BS,hongjiacheng,MMSZ5232BS,D_SOD-323,5005,0.019USD,"Diodes,Zener Diodes",Independent Type 5.32V~5.88V 200mW 5.6V SOD-323 Zener Diodes ROHS
C22395564,Preferred Component,MMSZ5239BS,hongjiacheng,MMSZ5239BS,D_SOD-323,2879,0.022USD,"Diodes,Zener Diodes",Independent Type 200mW 8.65V~9.56V 9.1V SOD-323 Zener Diodes ROHS
C22395565,Preferred Component,MMSZ5246BS,hongjiacheng,MMSZ5246BS,D_SOD-323,33749,0.019USD,"Diodes,Zener Diodes",Independent Type 200mW 15.2V~16.8V 16V SOD-323 Zener Diodes ROHS
C22395566,Preferred Component,MMSZ5248BS,hongjiacheng,MMSZ5248BS,D_SOD-323,808,0.019USD,"Diodes,Zener Diodes",Independent Type 200mW 17.1V~18.9V 18V SOD-323 Zener Diodes ROHS
C22395567,Preferred Component,MMSZ5250BS,hongjiacheng,MMSZ5250BS,D_SOD-323,5869,0.024USD,"Diodes,Zener Diodes",Independent Type 19V~21V 200mW 20V SOD-323 Zener Diodes ROHS
C22395572,Preferred Component,BZT52B12S,hongjiacheng,BZT52B12S,D_SOD-323,15591,0.020USD,"Diodes,Zener Diodes",Independent Type 200mW 11.76V~12.24V 12V SOD-323 Zener Diodes ROHS
C22399885,Preferred Component,BZT52B9V1S,hongjiacheng,BZT52B9V1S,D_SOD-323,2947,0.018USD,"Diodes,Zener Diodes",Independent Type 8.92V~9.28V 200mW 9.1V SOD-323 Zener Diodes ROHS
C22399886,Preferred Component,BZT52B10S,hongjiacheng,BZT52B10S,D_SOD-323,3176,0.018USD,"Diodes,Zener Diodes",Independent Type 9.8V~10.2V 200mW 10V SOD-323 Zener Diodes ROHS
C22399888,Preferred Component,BZT52C4V3S,hongjiacheng,BZT52C4V3S,D_SOD-323,9559,0.017USD,"Diodes,Zener Diodes",Independent Type 200mW 4V~4.6V 4.3V SOD-323 Zener Diodes ROHS
C22399889,Preferred Component,BZT52C13S,hongjiacheng,BZT52C13S,D_SOD-323,13598,0.017USD,"Diodes,Zener Diodes",Independent Type 200mW 12.4V~14.1V 13V SOD-323 Zener Diodes ROHS
C22399890,Preferred Component,MM3Z15,hongjiacheng,MM3Z15,D_SOD-323,9925,0.018USD,"Diodes,Zener Diodes",Independent Type 200mW 13.8V~15.6V 15V SOD-323 Zener Diodes ROHS
C22399891,Preferred Component,MM3Z4V7,hongjiacheng,MM3Z4V7,D_SOD-323,40689,0.018USD,"Diodes,Zener Diodes",Independent Type 200mW 4.4V~5V 4.7V SOD-323 Zener Diodes ROHS
C22399892,Preferred Component,MM3Z56,hongjiacheng,MM3Z56,D_SOD-323,17416,0.018USD,"Diodes,Zener Diodes",Independent Type 52V~60V 200mW 56V SOD-323 Zener Diodes ROHS
C22399893,Preferred Component,MM3Z9V1,hongjiacheng,MM3Z9V1,D_SOD-323,6924,0.018USD,"Diodes,Zener Diodes",Independent Type 8.5V~9.6V 200mW 9.1V SOD-323 Zener Diodes ROHS
C22399884,Preferred Component,BZT52B8V2S,hongjiacheng,BZT52B8V2S,D_SOD-323,5392,0.018USD,"Diodes,Zener Diodes",Independent Type 200mW 8.04V~8.36V 8.2V SOD-323 Zener Diodes ROHS
C41410801,Preferred Component,MMSZ5234BS,hongjiacheng,MMSZ5234BS,D_SOD-323,16075,0.025USD,"Diodes,Zener Diodes",Independent Type 200mW 5.89V~6.51V 6.2V SOD-323 Zener Diodes ROHS
C41410797,Preferred Component,MMSZ5251BS,hongjiacheng,MMSZ5251BS,D_SOD-323,11018,0.025USD,"Diodes,Zener Diodes",22V 200mW Independent Type 600Ω 20.9V~23.1V 100nA SOD-323 Zener Diodes
C41410798,Preferred Component,MM3Z16,hongjiacheng,MM3Z16,D_SOD-323,3332,0.018USD,"Diodes,Zener Diodes",16V 200mW Independent Type 400Ω 15.3V~17.1V 50nA@11.2V SOD-323 Zener Diodes
C41410799,Preferred Component,MMSZ5245BS,hongjiacheng,MMSZ5245BS,D_SOD-323,7185,0.018USD,"Diodes,Zener Diodes",15V 200mW Independent Type 600Ω 14.25V~15.75V 100nA SOD-323 Zener Diodes
C41410800,Preferred Component,MMSZ5256BS,hongjiacheng,MMSZ5256BS,D_SOD-323,18490,0.024USD,"Diodes,Zener Diodes",30V 200mW Independent Type 49Ω 28.5V~31.5V 100nA SOD-323 Zener Diodes
C41410802,Preferred Component,MMSZ5226BS,hongjiacheng,MMSZ5226BS,D_SOD-323,4407,0.024USD,"Diodes,Zener Diodes",3.3V 200mW Independent Type 28Ω 3.14V~3.47V 25uA SOD-323 Zener Diodes
C42387454,Preferred Component,BZT52B11S,hongjiacheng,BZT52B11S,D_SOD-323,22252,0.018USD,"Diodes,Zener Diodes",200mW 200mW 11V 11V 150Ω 150Ω 100nA 100nA SOD-323 Zener Diodes
C42387454,Preferred Component,BZT52B11S,hongjiacheng,BZT52B11S,D_SOD-323,22252,0.018USD,"Diodes,Zener Diodes",200mW 200mW 11V 11V 150Ω 150Ω 100nA 100nA SOD-323 Zener Diodes
C41410800,Preferred Component,MMSZ5256BS,hongjiacheng,MMSZ5256BS,D_SOD-323,18490,0.024USD,"Diodes,Zener Diodes",30V 200mW Independent Type 49Ω 28.5V~31.5V 100nA SOD-323 Zener Diodes
C19077462,Preferred Component,BZX584C3V3,hongjiacheng,BZX584C3V3,D_SOD-523,32151,0.021USD,"Diodes,Zener Diodes",Independent Type 3.1V~3.5V 150mW 3.3V SOD-523 Zener Diodes ROHS
C19077463,Preferred Component,BZX584C5V1,hongjiacheng,BZX584C5V1,D_SOD-523,6316,0.020USD,"Diodes,Zener Diodes",Independent Type 4.8V~5.4V 150mW 5.1V SOD-523 Zener Diodes ROHS
C19077464,Preferred Component,BZX584C5V6,hongjiacheng,BZX584C5V6,D_SOD-523,54595,0.021USD,"Diodes,Zener Diodes",Independent Type 5.2V~6V 150mW 5.6V SOD-523 Zener Diodes ROHS
C19077465,Preferred Component,BZX584C9V1,hongjiacheng,BZX584C9V1,D_SOD-523,35611,0.020USD,"Diodes,Zener Diodes",Independent Type 8.5V~9.6V 150mW 9.1V SOD-523 Zener Diodes ROHS
C22395573,Preferred Component,BZX584C2V4,hongjiacheng,BZX584C2V4,D_SOD-523,8634,0.020USD,"Diodes,Zener Diodes",Independent Type 2.2V~2.6V 150mW 2.4V SOD-523 Zener Diodes ROHS
C22395574,Preferred Component,BZX584C3V6,hongjiacheng,BZX584C3V6,D_SOD-523,17812,0.020USD,"Diodes,Zener Diodes",Independent Type 150mW 3.4V~3.8V 3.6V SOD-523 Zener Diodes ROHS
C22395575,Preferred Component,BZX584C3V9,hongjiacheng,BZX584C3V9,D_SOD-523,6933,0.020USD,"Diodes,Zener Diodes",Independent Type 150mW 3.7V~4.1V 3.9V SOD-523 Zener Diodes ROHS
C22395576,Preferred Component,BZX584C4V3,hongjiacheng,BZX584C4V3,D_SOD-523,1606,0.020USD,"Diodes,Zener Diodes",Independent Type 4V~4.6V 150mW 4.3V SOD-523 Zener Diodes ROHS
C22395577,Preferred Component,BZX584C10,hongjiacheng,BZX584C10,D_SOD-523,19338,0.021USD,"Diodes,Zener Diodes",Independent Type 9.4V~10.6V 150mW 10V SOD-523 Zener Diodes ROHS
C22395578,Preferred Component,BZX584C11,hongjiacheng,BZX584C11,D_SOD-523,7140,0.020USD,"Diodes,Zener Diodes",Independent Type 10.4V~11.6V 150mW 11V SOD-523 Zener Diodes ROHS
C22395579,Preferred Component,BZX584C12,hongjiacheng,BZX584C12,D_SOD-523,16871,0.023USD,"Diodes,Zener Diodes",Independent Type 11.4V~12.7V 150mW 12V SOD-523 Zener Diodes ROHS
C22395580,Preferred Component,BZX584C13,hongjiacheng,BZX584C13,D_SOD-523,2172,0.012USD,"Diodes,Zener Diodes",Independent Type 12.4V~14.1V 150mW 13V SOD-523 Zener Diodes ROHS
C22395581,Preferred Component,BZX584C18,hongjiacheng,BZX584C18,D_SOD-523,28244,0.020USD,"Diodes,Zener Diodes",Independent Type 16.8V~19.1V 150mW 18V SOD-523 Zener Diodes ROHS
C22395582,Preferred Component,BZX584C39,hongjiacheng,BZX584C39,D_SOD-523,21690,0.020USD,"Diodes,Zener Diodes",Independent Type 37V~41V 150mW 39V SOD-523 Zener Diodes ROHS
C19077466,Preferred Component,BZX584C15,hongjiacheng,BZX584C15,D_SOD-523,37891,0.020USD,"Diodes,Zener Diodes",Independent Type 14.3V~15.8V 150mW 15V SOD-523 Zener Diodes ROHS
C19077467,Preferred Component,BZX84C3V3,hongjiacheng,BZX84C3V3,D_SOT-23,26935,0.020USD,"Diodes,Zener Diodes",Independent Type 300mW 3.1V~3.5V 3.3V SOT-23 Zener Diodes ROHS
C19077468,Preferred Component,BZX84C5V1,hongjiacheng,BZX84C5V1,D_SOT-23,29932,0.019USD,"Diodes,Zener Diodes",Independent Type 4.8V~5.4V 300mW 5.1V SOT-23 Zener Diodes ROHS
C19077469,Preferred Component,BZX84C5V6,hongjiacheng,BZX84C5V6,D_SOT-23,28430,0.019USD,"Diodes,Zener Diodes",Independent Type 5.2V~6V 300mW 5.6V SOT-23 Zener Diodes ROHS
C19077470,Preferred Component,BZX84C10,hongjiacheng,BZX84C10,D_SOT-23,10854,0.021USD,"Diodes,Zener Diodes",Independent Type 300mW 9.4V~10.6V 10V SOT-23 Zener Diodes ROHS
C19077471,Preferred Component,BZX84C12,hongjiacheng,BZX84C12,D_SOT-23,9690,0.019USD,"Diodes,Zener Diodes",Independent Type 11.4V~12.7V 300mW 12V SOT-23 Zener Diodes ROHS
C19077473,Preferred Component,BZX84C18,hongjiacheng,BZX84C18,D_SOT-23,66588,0.020USD,"Diodes,Zener Diodes",Independent Type 16.8V~19.1V 300mW 18V SOT-23 Zener Diodes ROHS
C22379470,Preferred Component,BZX84C7V5,hongjiacheng,BZX84C7V5,D_SOT-23,37522,0.020USD,"Diodes,Zener Diodes",Independent Type 300mW 7V~7.9V 7.5V SOT-23 Zener Diodes ROHS
C22379471,Preferred Component,BZX84C16,hongjiacheng,BZX84C16,D_SOT-23,91735,0.020USD,"Diodes,Zener Diodes",Independent Type 300mW 15.3V~17.1V 16V SOT-23 Zener Diodes ROHS
C22379472,Preferred Component,BZX84C30,hongjiacheng,BZX84C30,D_SOT-23,7181,0.020USD,"Diodes,Zener Diodes",Independent Type 300mW 28V~32V 30V SOT-23 Zener Diodes ROHS
C22379473,Preferred Component,BZX84C6V8,hongjiacheng,BZX84C6V8,D_SOT-23,35252,0.019USD,"Diodes,Zener Diodes",Independent Type 6.4V~7.2V 300mW 6.8V SOT-23 Zener Diodes ROHS
C22379474,Preferred Component,BZX84C33,hongjiacheng,BZX84C33,D_SOT-23,32419,0.020USD,"Diodes,Zener Diodes",Independent Type 300mW 31V~35V 33V SOT-23 Zener Diodes ROHS
C22395521,Preferred Component,BZX84C4V7,hongjiacheng,BZX84C4V7,D_SOT-23,75099,0.018USD,"Diodes,Zener Diodes",Independent Type 300mW 4.4V~5V 4.7V SOT-23 Zener Diodes ROHS
C22395522,Preferred Component,BZX84C8V2,hongjiacheng,BZX84C8V2,D_SOT-23,7573,0.019USD,"Diodes,Zener Diodes",Independent Type 300mW 7.7V~8.7V 8.2V SOT-23 Zener Diodes ROHS
C22395543,Preferred Component,MMBZ5226B,hongjiacheng,MMBZ5226B,D_SOT-23,9270,0.023USD,"Diodes,Zener Diodes",Independent Type 3.14V~3.47V 300mW 3.3V SOT-23 Zener Diodes ROHS
C19077472,Preferred Component,BZX84C15,hongjiacheng,BZX84C15,D_SOT-23,23630,0.021USD,"Diodes,Zener Diodes",Independent Type 300mW 13.8V~15.6V 5.6V SOT-23 Zener Diodes ROHS
C2286,Basic Component,KT-0603R,Hubei KENTO Elec,Red,D_0603,5373336,0.009USD,"Optocouplers & LEDs & Infrared,Light Emitting Diodes (LED)",-40°C~+85°C Red 0603 LED Indication - Discrete ROHS
C2290,Basic Component,KT-0603W,Hubei KENTO Elec,White,D_0603,1189238,0.013USD,"Optocouplers & LEDs & Infrared,Light Emitting Diodes (LED)",White 0603 LED Indication - Discrete ROHS
C2296,Basic Component,KT-0805Y,Hubei KENTO Elec,Yellow,D_0805,662678,0.015USD,"Optocouplers & LEDs & Infrared,Light Emitting Diodes (LED)",Yellow 0805 LED Indication - Discrete ROHS
C34499,Basic Component,KT-0805W,Hubei KENTO Elec,White,D_0805,505726,0.020USD,"Optocouplers & LEDs & Infrared,Light Emitting Diodes (LED)",0805 LED Indication - Discrete ROHS
C89811,Preferred Component,NCD0603Y2,Foshan NationStar Optoelectronics,Yellow,D_0603,109176,0.021USD,"Optoelectronics,Light Emitting Diodes (LED)",25mA 100mcd~220mcd Colorless transparent lens 586nm~595nm -30°C~+85°C Yellow 130° 65mW 1.6V~2.6V 0603 LED Indication - Discrete ROHS
C2297,Basic Component,KT-0805G,Hubei KENTO Elec,Green,D_0805,2062782,0.014USD,"Optoelectronics,Light Emitting Diodes (LED)",Emerald 0805 LED Indication - Discrete ROHS
C84256,Basic Component,NCD0805R1,Foshan NationStar Optoelectronics,Red,D_0805,2976925,0.016USD,"Optoelectronics,Light Emitting Diodes (LED)",25mA Colorless transparent lens 67mcd~195mcd -30°C~+85°C 615nm~630nm Individual diode Red 130° 65mW 1.6V~2.6V 0805 LED Indication - Discrete ROHS
C7420373,Preferred Component,H5VL06B,hongjiacheng,H5VL06B,D_DFN0603-2L,1498314,0.012USD,"TVS/Fuse/Board Level Protection,ESD Protection Devices",8A 10V 80W 5.6V Bidirectional 5V DFN0603-2L ESD and Surge Protection (TVS/ESD) ROHS
C7420372,Preferred Component,H5VL10B,hongjiacheng,H5VL10B,D_DFN1006-2L,87911,0.009USD,"TVS/Fuse/Board Level Protection,ESD Protection Devices",5A 50W 10V 5.6V Bidirectional 5V DFN1006-2L ESD and Surge Protection (TVS/ESD) ROHS
C20615778,Preferred Component,H3V3L06B,hongjiacheng,H3V3L06B,D_DFN0603-2L,6297,0.014USD,"TVS/Fuse/Board Level Protection,Electrostatic And Surge Protection (TVS/ESD)",8A 10V 80W 6V Bidirectional 3.3V DFN0603-2L ESD and Surge Protection (TVS/ESD) ROHS
C20615779,Preferred Component,H5VN06B,hongjiacheng,H5VN06B,D_DFN0603-2L,14115,0.013USD,"TVS/Fuse/Board Level Protection,Electrostatic And Surge Protection (TVS/ESD)",8A 100W 12.5V 9V Bidirectional 5V DFN0603-2L ESD and Surge Protection (TVS/ESD) ROHS
C20615780,Preferred Component,H5VU06B,hongjiacheng,H5VU06B,D_DFN0603-2L,12692,0.022USD,"TVS/Fuse/Board Level Protection,Electrostatic And Surge Protection (TVS/ESD)",5A 25V 125W 9V Bidirectional 5V DFN0603-2L ESD and Surge Protection (TVS/ESD) ROHS
C20617908,Preferred Component,H3V3U06B,hongjiacheng,H3V3U06B,D_DFN0603-2L,14584,0.024USD,"TVS/Fuse/Board Level Protection,Electrostatic And Surge Protection (TVS/ESD)",5A 25V 125W 9V Bidirectional 3.3V DFN0603-2L ESD and Surge Protection (TVS/ESD) ROHS
C20615781,Preferred Component,H3V3L10B,hongjiacheng,H3V3L10B,D_DFN1006-2L,71908,0.014USD,"TVS/Fuse/Board Level Protection,Electrostatic And Surge Protection (TVS/ESD)",8A 11V 85W 5.5V Bidirectional 3.3V DFN1006-2L ESD and Surge Protection (TVS/ESD) ROHS
C20615782,Preferred Component,H3V3U10B,hongjiacheng,H3V3U10B,D_DFN1006-2L,24851,0.030USD,"TVS/Fuse/Board Level Protection,Electrostatic And Surge Protection (TVS/ESD)",5A 25V 125W 9V Bidirectional 3.3V DFN1006-2L ESD and Surge Protection (TVS/ESD) ROHS
C20615783,Preferred Component,H4V5N10B,hongjiacheng,H4V5N10B,D_DFN1006-2L,155250,0.023USD,"TVS/Fuse/Board Level Protection,Electrostatic And Surge Protection (TVS/ESD)",45A 11V 560W 7.5V Bidirectional 4.5V DFN1006-2L ESD and Surge Protection (TVS/ESD) ROHS
C20615784,Preferred Component,H5VL10BC,hongjiacheng,H5VL10BC,D_DFN1006-2L,27225,0.010USD,"TVS/Fuse/Board Level Protection,Electrostatic And Surge Protection (TVS/ESD)",8A 95W 12V 9V Bidirectional 5V DFN1006-2L ESD and Surge Protection (TVS/ESD) ROHS
C20615785,Preferred Component,H5VS10BC,hongjiacheng,H5VS10BC,D_DFN1006-2L,7824,0.013USD,"TVS/Fuse/Board Level Protection,Electrostatic And Surge Protection (TVS/ESD)",2A 12V 25W 10V Bidirectional 5V DFN1006-2L ESD and Surge Protection (TVS/ESD) ROHS
C20615786,Preferred Component,H5VU10BB,hongjiacheng,H5VU10BB,D_DFN1006-2L,49849,0.022USD,"TVS/Fuse/Board Level Protection,Electrostatic And Surge Protection (TVS/ESD)",5A 120W 24V 10V Bidirectional 5V DFN1006-2L ESD and Surge Protection (TVS/ESD) ROHS
C20615787,Preferred Component,H7VL10B,hongjiacheng,H7VL10B,D_DFN1006-2L,60463,0.015USD,"TVS/Fuse/Board Level Protection,Electrostatic And Surge Protection (TVS/ESD)",12A 16.7V 200W 10V Bidirectional 7V DFN1006-2L ESD and Surge Protection (TVS/ESD) ROHS
C20615788,Preferred Component,H7VN10B,hongjiacheng,H7VN10B,D_DFN1006-2L,18694,0.014USD,"TVS/Fuse/Board Level Protection,Electrostatic And Surge Protection (TVS/ESD)",6A 14V 80W 9.6V Bidirectional 7V DFN1006-2L ESD and Surge Protection (TVS/ESD) ROHS
C20615790,Preferred Component,H12VL10B,hongjiacheng,H12VL10B,D_DFN1006-2L,40488,0.014USD,"TVS/Fuse/Board Level Protection,Electrostatic And Surge Protection (TVS/ESD)",8A 25.5V 200W 15.8V Bidirectional 12V DFN1006-2L ESD and Surge Protection (TVS/ESD) ROHS
C20615791,Preferred Component,H15VL10B,hongjiacheng,H15VL10B,D_DFN1006-2L,42523,0.017USD,"TVS/Fuse/Board Level Protection,Electrostatic And Surge Protection (TVS/ESD)",8A 320W 40V 19.5V Bidirectional 15V DFN1006-2L ESD and Surge Protection (TVS/ESD) ROHS
C20615792,Preferred Component,H15VU10B,hongjiacheng,H15VU10B,D_DFN1006-2L,1748,0.022USD,"TVS/Fuse/Board Level Protection,Electrostatic And Surge Protection (TVS/ESD)",2.5A 90W 35V 21.5V Bidirectional 15V DFN1006-2L ESD and Surge Protection (TVS/ESD) ROHS
C20617909,Preferred Component,H3V3N10B,hongjiacheng,H3V3N10B,D_DFN1006-2L,3353,0.016USD,"TVS/Fuse/Board Level Protection,Electrostatic And Surge Protection (TVS/ESD)",8A 10V 80W 6V Bidirectional 3.3V DFN1006-2L ESD and Surge Protection (TVS/ESD) ROHS
C20617910,Preferred Component,H4S5N10B,hongjiacheng,H4S5N10B,D_DFN1006-2L,8745,0.063USD,"TVS/Fuse/Board Level Protection,Electrostatic And Surge Protection (TVS/ESD)",55A 11V 825W 8.5V Bidirectional 4.5V DFN1006-2L ESD and Surge Protection (TVS/ESD) ROHS
C20617911,Preferred Component,H5VS10BA,hongjiacheng,H5VS10BA,D_DFN1006-2L,8288,0.013USD,"TVS/Fuse/Board Level Protection,Electrostatic And Surge Protection (TVS/ESD)",3.5A 35W 10V 8V Bidirectional 5V DFN1006-2L ESD and Surge Protection (TVS/ESD) ROHS
C20617912,Preferred Component,H24VL10B,hongjiacheng,H24VL10B,D_DFN1006-2L,12107,0.027USD,"TVS/Fuse/Board Level Protection,Electrostatic And Surge Protection (TVS/ESD)",8A 60V 480W 31V Bidirectional 24V DFN1006-2L ESD and Surge Protection (TVS/ESD) ROHS
C20615796,Preferred Component,H7VH16U,hongjiacheng,H7VH16U,D_DFN1610-2L,15738,0.040USD,"TVS/Fuse/Board Level Protection,Electrostatic And Surge Protection (TVS/ESD)",115A 2300W 20V 10V Unidirectional 7V DFN1610-2L ESD and Surge Protection (TVS/ESD) ROHS
C20615797,Preferred Component,H10VH16U,hongjiacheng,H10VH16U,D_DFN1610-2L,1432,0.042USD,"TVS/Fuse/Board Level Protection,Electrostatic And Surge Protection (TVS/ESD)",72A 1580W 22V 13.5V Unidirectional 10V DFN1610-2L ESD and Surge Protection (TVS/ESD) ROHS
C20615798,Preferred Component,H12VH16U,hongjiacheng,H12VH16U,D_DFN1610-2L,24644,0.036USD,"TVS/Fuse/Board Level Protection,Electrostatic And Surge Protection (TVS/ESD)",100A 2.5kW 25V 17.8V Unidirectional 12V DFN1610-2L ESD and Surge Protection (TVS/ESD) ROHS
C20617913,Preferred Component,H5VH16U,hongjiacheng,H5VH16U,D_DFN1610-2L,17524,0.045USD,"TVS/Fuse/Board Level Protection,Electrostatic And Surge Protection (TVS/ESD)",130A 1950W 15V 9V Unidirectional 5V DFN1610-2L ESD and Surge Protection (TVS/ESD) ROHS
C20617914,Preferred Component,H20VH16U,hongjiacheng,H20VH16U,D_DFN1610-2L,5324,0.042USD,"TVS/Fuse/Board Level Protection,Electrostatic And Surge Protection (TVS/ESD)",32A 38V 1200W 25.2V Unidirectional 20V DFN1610-2L ESD and Surge Protection (TVS/ESD) ROHS
C19077525,Preferred Component,SMAJ6.0A,hongjiacheng,SMAJ6.0A,D_SMA,52939,0.036USD,"TVS/Fuse/Board Level Protection,Electrostatic And Surge Protection (TVS/ESD)",38.8A 10.3V 400W 7.37V Unidirectional 6V SMA ESD and Surge Protection (TVS/ESD) ROHS
C19077529,Preferred Component,SMAJ7.0CA,hongjiacheng,SMAJ7.0CA,D_SMA,53087,0.038USD,"TVS/Fuse/Board Level Protection,Electrostatic And Surge Protection (TVS/ESD)",33.3A 400W 12V 8.6V Bidirectional 7V SMA ESD and Surge Protection (TVS/ESD) ROHS
C19077530,Preferred Component,SMAJ10CA,hongjiacheng,SMAJ10CA,D_SMA,66145,0.037USD,"TVS/Fuse/Board Level Protection,Electrostatic And Surge Protection (TVS/ESD)",23.5A 17V 400W 12.3V Bidirectional 10V SMA ESD and Surge Protection (TVS/ESD) ROHS
C19077533,Preferred Component,SMAJ13A,hongjiacheng,SMAJ13A,D_SMA,30539,0.035USD,"TVS/Fuse/Board Level Protection,Electrostatic And Surge Protection (TVS/ESD)",18.6A 400W 21.5V 15.9V Unidirectional 13V SMA ESD and Surge Protection (TVS/ESD) ROHS
C19077534,Preferred Component,SMAJ13CA,hongjiacheng,SMAJ13CA,D_SMA,90760,0.037USD,"TVS/Fuse/Board Level Protection,Electrostatic And Surge Protection (TVS/ESD)",18.6A 400W 21.5V 15.9V Bidirectional 13V SMA ESD and Surge Protection (TVS/ESD) ROHS
C19077537,Preferred Component,SMAJ16CA,hongjiacheng,SMAJ16CA,D_SMA,60298,0.037USD,"TVS/Fuse/Board Level Protection,Electrostatic And Surge Protection (TVS/ESD)",15.4A 26V 400W 19.7V Bidirectional 16V SMA ESD and Surge Protection (TVS/ESD) ROHS
C19077539,Preferred Component,SMAJ18CA,hongjiacheng,SMAJ18CA,D_SMA,91082,0.037USD,"TVS/Fuse/Board Level Protection,Electrostatic And Surge Protection (TVS/ESD)",13.7A 29.2V 400W 22.1V Bidirectional 18V SMA ESD and Surge Protection (TVS/ESD) ROHS
C19077540,Preferred Component,SMAJ20CA,hongjiacheng,SMAJ20CA,D_SMA,27913,0.037USD,"TVS/Fuse/Board Level Protection,Electrostatic And Surge Protection (TVS/ESD)",12.3A 400W 32.4V 24.5V Bidirectional 20V SMA ESD and Surge Protection (TVS/ESD) ROHS
C19077541,Preferred Component,SMAJ24A,hongjiacheng,SMAJ24A,D_SMA,31447,0.037USD,"TVS/Fuse/Board Level Protection,Electrostatic And Surge Protection (TVS/ESD)",10.3A 400W 38.9V 29.5V Unidirectional 24V SMA ESD and Surge Protection (TVS/ESD) ROHS
C19077546,Preferred Component,SMAJ28CA,hongjiacheng,SMAJ28CA,D_SMA,103246,0.038USD,"TVS/Fuse/Board Level Protection,Electrostatic And Surge Protection (TVS/ESD)",8.8A 45.4V 400W 34.4V Bidirectional 28V SMA ESD and Surge Protection (TVS/ESD) ROHS
C19077548,Preferred Component,SMAJ30CA,hongjiacheng,SMAJ30CA,D_SMA,95408,0.037USD,"TVS/Fuse/Board Level Protection,Electrostatic And Surge Protection (TVS/ESD)",8.3A 48.4V 400W 36.8V Bidirectional 30V SMA ESD and Surge Protection (TVS/ESD) ROHS
C19077549,Preferred Component,SMAJ33CA,hongjiacheng,SMAJ33CA,D_SMA,86538,0.038USD,"TVS/Fuse/Board Level Protection,Electrostatic And Surge Protection (TVS/ESD)",7.5A 400W 53.3V 40.6V Bidirectional 33V SMA ESD and Surge Protection (TVS/ESD) ROHS
C19077553,Preferred Component,SMAJ48CA,hongjiacheng,SMAJ48CA,D_SMA,45423,0.036USD,"TVS/Fuse/Board Level Protection,Electrostatic And Surge Protection (TVS/ESD)",5.2A 77.4V 400W 58.9V Bidirectional 48V SMA ESD and Surge Protection (TVS/ESD) ROHS
C19077554,Preferred Component,SMAJ58A,hongjiacheng,SMAJ58A,D_SMA,18069,0.046USD,"TVS/Fuse/Board Level Protection,Electrostatic And Surge Protection (TVS/ESD)",4.3A 93.6V 400W 71.2V Unidirectional 58V SMA ESD and Surge Protection (TVS/ESD) ROHS
C19077555,Preferred Component,P4SMA6.8CA,hongjiacheng,P4SMA6.8CA,D_SMA,58355,0.039USD,"TVS/Fuse/Board Level Protection,Electrostatic And Surge Protection (TVS/ESD)",38.1A 10.5V 400W 7.14V Bidirectional 5.8V SMA ESD and Surge Protection (TVS/ESD) ROHS
C19077556,Preferred Component,SMBJ3.3A,hongjiacheng,SMBJ3.3A,D_SMB,35065,0.122USD,"TVS/Fuse/Board Level Protection,Electrostatic And Surge Protection (TVS/ESD)",75A 600W 8V 6.5V Unidirectional 3.3V SMB ESD and Surge Protection (TVS/ESD) ROHS
C19077557,Preferred Component,SMBJ3.3CA,hongjiacheng,SMBJ3.3CA,D_SMB,47919,0.125USD,"TVS/Fuse/Board Level Protection,Electrostatic And Surge Protection (TVS/ESD)",75A 600W 8V 6.5V Bidirectional 3.3V SMB ESD and Surge Protection (TVS/ESD) ROHS
C19077559,Preferred Component,SMBJ5.0CA,hongjiacheng,SMBJ5.0CA,D_SMB,223503,0.052USD,"TVS/Fuse/Board Level Protection,Electrostatic And Surge Protection (TVS/ESD)",65.22A 600W 9.2V 7V Bidirectional 5V SMB ESD and Surge Protection (TVS/ESD) ROHS
C19077560,Preferred Component,SMBJ6.0A,hongjiacheng,SMBJ6.0A,D_SMB,18576,0.051USD,"TVS/Fuse/Board Level Protection,Electrostatic And Surge Protection (TVS/ESD)",58.25A 600W 10.3V 7.37V Unidirectional 6V SMB ESD and Surge Protection (TVS/ESD) ROHS
C19077563,Preferred Component,SMBJ7.0A,hongjiacheng,SMBJ7.0A,D_SMB,31179,0.045USD,"TVS/Fuse/Board Level Protection,Electrostatic And Surge Protection (TVS/ESD)",50A 600W 12V 8.6V Unidirectional 7V SMB ESD and Surge Protection (TVS/ESD) ROHS
C19077564,Preferred Component,SMBJ7.0CA,hongjiacheng,SMBJ7.0CA,D_SMB,33929,0.049USD,"TVS/Fuse/Board Level Protection,Electrostatic And Surge Protection (TVS/ESD)",50A 600W 12V 8.6V Bidirectional 7V SMB ESD and Surge Protection (TVS/ESD) ROHS
C19077565,Preferred Component,SMBJ12A,hongjiacheng,SMBJ12A,D_SMB,15732,0.048USD,"TVS/Fuse/Board Level Protection,Electrostatic And Surge Protection (TVS/ESD)",30.15A 600W 19.9V 14.7V Unidirectional 12V SMB ESD and Surge Protection (TVS/ESD) ROHS
C19077567,Preferred Component,SMBJ13A,hongjiacheng,SMBJ13A,D_SMB,26399,0.046USD,"TVS/Fuse/Board Level Protection,Electrostatic And Surge Protection (TVS/ESD)",27.91A 600W 21.5V 15.9V Unidirectional 13V SMB ESD and Surge Protection (TVS/ESD) ROHS
C19077568,Preferred Component,SMBJ13CA,hongjiacheng,SMBJ13CA,D_SMB,53341,0.051USD,"TVS/Fuse/Board Level Protection,Electrostatic And Surge Protection (TVS/ESD)",27.91A 600W 21.5V 15.9V Bidirectional 13V SMB ESD and Surge Protection (TVS/ESD) ROHS
C19077569,Preferred Component,SMBJ15A,hongjiacheng,SMBJ15A,D_SMB,12790,0.046USD,"TVS/Fuse/Board Level Protection,Electrostatic And Surge Protection (TVS/ESD)",24.59A 600W 24.4V 18.5V Unidirectional 15V SMB ESD and Surge Protection (TVS/ESD) ROHS
C19077570,Preferred Component,SMBJ15CA,hongjiacheng,SMBJ15CA,D_SMB,129596,0.048USD,"TVS/Fuse/Board Level Protection,Electrostatic And Surge Protection (TVS/ESD)",24.59A 600W 24.4V 18.5V Bidirectional 15V SMB ESD and Surge Protection (TVS/ESD) ROHS
C19077571,Preferred Component,SMBJ16A,hongjiacheng,SMBJ16A,D_SMB,5818,0.044USD,"TVS/Fuse/Board Level Protection,Electrostatic And Surge Protection (TVS/ESD)",23.08A 600W 26V 19.7V Unidirectional 16V SMB ESD and Surge Protection (TVS/ESD) ROHS
C19077572,Preferred Component,SMBJ16CA,hongjiacheng,SMBJ16CA,D_SMB,23202,0.048USD,"TVS/Fuse/Board Level Protection,Electrostatic And Surge Protection (TVS/ESD)",23.08A 600W 26V 19.7V Bidirectional 16V SMB ESD and Surge Protection (TVS/ESD) ROHS
C19077573,Preferred Component,SMBJ18A,hongjiacheng,SMBJ18A,D_SMB,53562,0.045USD,"TVS/Fuse/Board Level Protection,Electrostatic And Surge Protection (TVS/ESD)",20.55A 600W 29.2V 22.1V Unidirectional 18V SMB ESD and Surge Protection (TVS/ESD) ROHS
C19077574,Preferred Component,SMBJ18CA,hongjiacheng,SMBJ18CA,D_SMB,46569,0.048USD,"TVS/Fuse/Board Level Protection,Electrostatic And Surge Protection (TVS/ESD)",20.55A 600W 29.2V 22.1V Bidirectional 18V SMB ESD and Surge Protection (TVS/ESD) ROHS
C19077575,Preferred Component,SMBJ20A,hongjiacheng,SMBJ20A,D_SMB,31708,0.045USD,"TVS/Fuse/Board Level Protection,Electrostatic And Surge Protection (TVS/ESD)",18.52A 600W 32.4V 24.5V Unidirectional 20V SMB ESD and Surge Protection (TVS/ESD) ROHS
C19077576,Preferred Component,SMBJ20CA,hongjiacheng,SMBJ20CA,D_SMB,35355,0.047USD,"TVS/Fuse/Board Level Protection,Electrostatic And Surge Protection (TVS/ESD)",18.52A 600W 32.4V 24.5V Bidirectional 20V SMB ESD and Surge Protection (TVS/ESD) ROHS
C19077577,Preferred Component,SMBJ22CA,hongjiacheng,SMBJ22CA,D_SMB,1610,0.046USD,"TVS/Fuse/Board Level Protection,Electrostatic And Surge Protection (TVS/ESD)",16.9A 600W 35.5V 26.9V Bidirectional 22V SMB ESD and Surge Protection (TVS/ESD) ROHS
C19077578,Preferred Component,SMBJ24A,hongjiacheng,SMBJ24A,D_SMB,23166,0.048USD,"TVS/Fuse/Board Level Protection,Electrostatic And Surge Protection (TVS/ESD)",15.42A 600W 38.9V 29.5V Unidirectional 24V SMB ESD and Surge Protection (TVS/ESD) ROHS
C19077580,Preferred Component,SMBJ26A,hongjiacheng,SMBJ26A,D_SMB,15231,0.045USD,"TVS/Fuse/Board Level Protection,Electrostatic And Surge Protection (TVS/ESD)",14.25A 600W 42.1V 31.9V Unidirectional 26V SMB ESD and Surge Protection (TVS/ESD) ROHS
C19077583,Preferred Component,SMBJ28CA,hongjiacheng,SMBJ28CA,D_SMB,75155,0.049USD,"TVS/Fuse/Board Level Protection,Electrostatic And Surge Protection (TVS/ESD)",13.22A 600W 45.4V 34.4V Bidirectional 28V SMB ESD and Surge Protection (TVS/ESD) ROHS
C19077586,Preferred Component,SMBJ33A,hongjiacheng,SMBJ33A,D_SMB,50509,0.046USD,"TVS/Fuse/Board Level Protection,Electrostatic And Surge Protection (TVS/ESD)",11.26A 600W 53.3V 36.7V Unidirectional 33V SMB ESD and Surge Protection (TVS/ESD) ROHS
C19077590,Preferred Component,SMBJ40CA,hongjiacheng,SMBJ40CA,D_SMB,16755,0.047USD,"TVS/Fuse/Board Level Protection,Electrostatic And Surge Protection (TVS/ESD)",9.3A 600W 64.5V 49.1V Bidirectional 40V SMB ESD and Surge Protection (TVS/ESD) ROHS
C19077592,Preferred Component,SMBJ58CA,hongjiacheng,SMBJ58CA,D_SMB,33307,0.048USD,"TVS/Fuse/Board Level Protection,Electrostatic And Surge Protection (TVS/ESD)",6.41A 600W 93.6V 71.2V Bidirectional 58V SMB ESD and Surge Protection (TVS/ESD) ROHS
C19077593,Preferred Component,SMBJ60CA,hongjiacheng,SMBJ60CA,D_SMB,36646,0.047USD,"TVS/Fuse/Board Level Protection,Electrostatic And Surge Protection (TVS/ESD)",6.2A 600W 96.8V 73.7V Bidirectional 60V SMB ESD and Surge Protection (TVS/ESD) ROHS
C19077594,Preferred Component,SMBJ64A,hongjiacheng,SMBJ64A,D_SMB,104643,0.050USD,"TVS/Fuse/Board Level Protection,Electrostatic And Surge Protection (TVS/ESD)",5.83A 600W 103V 78.6V Unidirectional 64V SMB ESD and Surge Protection (TVS/ESD) ROHS
C19077595,Preferred Component,P6SMB6.8A,hongjiacheng,P6SMB6.8A,D_SMB,36434,0.036USD,"TVS/Fuse/Board Level Protection,Electrostatic And Surge Protection (TVS/ESD)",57.1A 600W 10.5V 7.14V Unidirectional 5.8V SMB ESD and Surge Protection (TVS/ESD) ROHS
C19077597,Preferred Component,P6SMB15CA,hongjiacheng,P6SMB15CA,D_SMB,24972,0.047USD,"TVS/Fuse/Board Level Protection,Electrostatic And Surge Protection (TVS/ESD)",28.3A 600W 21.2V 15.75V Bidirectional 12.8V SMB ESD and Surge Protection (TVS/ESD) ROHS
C19077598,Preferred Component,P6SMB16CA,hongjiacheng,P6SMB16CA,D_SMB,104414,0.051USD,"TVS/Fuse/Board Level Protection,Electrostatic And Surge Protection (TVS/ESD)",26.6A 22.5V 600W 16.8V Bidirectional 13.6V SMB ESD and Surge Protection (TVS/ESD) ROHS
C19077599,Preferred Component,P6SMB18CA,hongjiacheng,P6SMB18CA,D_SMB,11649,0.045USD,"TVS/Fuse/Board Level Protection,Electrostatic And Surge Protection (TVS/ESD)",23.8A 600W 25.2V 18.9V Bidirectional 15.3V SMB ESD and Surge Protection (TVS/ESD) ROHS
C19077600,Preferred Component,P6SMB30A,hongjiacheng,P6SMB30A,D_SMB,5134,0.060USD,"TVS/Fuse/Board Level Protection,Electrostatic And Surge Protection (TVS/ESD)",14.5A 600W 41.4V 31.5V Unidirectional 25.6V SMB ESD and Surge Protection (TVS/ESD) ROHS
C19077601,Preferred Component,P6SMB30CA,hongjiacheng,P6SMB30CA,D_SMB,4633,0.048USD,"TVS/Fuse/Board Level Protection,Electrostatic And Surge Protection (TVS/ESD)",14.5A 600W 41.4V 31.5V Bidirectional 25.6V SMB ESD and Surge Protection (TVS/ESD) ROHS
C19077602,Preferred Component,P6SMB36CA,hongjiacheng,P6SMB36CA,D_SMB,35552,0.048USD,"TVS/Fuse/Board Level Protection,Electrostatic And Surge Protection (TVS/ESD)",12A 600W 49.9V 37.8V Bidirectional 30.8V SMB ESD and Surge Protection (TVS/ESD) ROHS
C19077603,Preferred Component,SMCJ15CA,hongjiacheng,SMCJ15CA,D_SMC,15702,0.108USD,"TVS/Fuse/Board Level Protection,Electrostatic And Surge Protection (TVS/ESD)",61.5A 24.4V 1.5kW 18.5V Bidirectional 15V SMC ESD and Surge Protection (TVS/ESD) ROHS
C19077604,Preferred Component,SMCJ24A,hongjiacheng,SMCJ24A,D_SMC,4783,0.092USD,"TVS/Fuse/Board Level Protection,Electrostatic And Surge Protection (TVS/ESD)",38.6A 1.5kW 38.9V 29.5V Unidirectional 24V SMC ESD and Surge Protection (TVS/ESD) ROHS
C19077606,Preferred Component,SMCJ28CA,hongjiacheng,SMCJ28CA,D_SMC,22611,0.105USD,"TVS/Fuse/Board Level Protection,Electrostatic And Surge Protection (TVS/ESD)",33.1A 45.4V 1.5kW 34.4V Bidirectional 28V SMC ESD and Surge Protection (TVS/ESD) ROHS
C19077607,Preferred Component,SMCJ30CA,hongjiacheng,SMCJ30CA,D_SMC,21959,0.106USD,"TVS/Fuse/Board Level Protection,Electrostatic And Surge Protection (TVS/ESD)",31A 48.4V 1.5kW 36.8V Bidirectional 30V SMC ESD and Surge Protection (TVS/ESD) ROHS
C19077608,Preferred Component,SMCJ33CA,hongjiacheng,SMCJ33CA,D_SMC,20420,0.107USD,"TVS/Fuse/Board Level Protection,Electrostatic And Surge Protection (TVS/ESD)",28.2A 53.3V 1.5kW 40.6V Bidirectional 33V SMC ESD and Surge Protection (TVS/ESD) ROHS
C19077609,Preferred Component,SMCJ36CA,hongjiacheng,SMCJ36CA,D_SMC,77755,0.112USD,"TVS/Fuse/Board Level Protection,Electrostatic And Surge Protection (TVS/ESD)",25.9A 58.1V 1.5kW 44.2V Bidirectional 36V SMC ESD and Surge Protection (TVS/ESD) ROHS
C19077610,Preferred Component,SMCJ40CA,hongjiacheng,SMCJ40CA,D_SMC,7262,0.099USD,"TVS/Fuse/Board Level Protection,Electrostatic And Surge Protection (TVS/ESD)",23.3A 1.5kW 64.5V 49.1V Bidirectional 40V SMC ESD and Surge Protection (TVS/ESD) ROHS
C19077611,Preferred Component,SMCJ48A,hongjiacheng,SMCJ48A,D_SMC,12499,0.071USD,"TVS/Fuse/Board Level Protection,Electrostatic And Surge Protection (TVS/ESD)",19.4A 77.4V 1.5kW 58.9V Unidirectional 48V SMC ESD and Surge Protection (TVS/ESD) ROHS
C19077502,Preferred Component,SMF7.0CA,hongjiacheng,SMF7.0CA,D_SOD-123FL,91083,0.028USD,"TVS/Fuse/Board Level Protection,Electrostatic And Surge Protection (TVS/ESD)",16.7A 12V 200W 8.6V Bidirectional 7V SOD-123FL ESD and Surge Protection (TVS/ESD) ROHS
C19077503,Preferred Component,SMF7.5CA,hongjiacheng,SMF7.5CA,D_SOD-123FL,24046,0.028USD,"TVS/Fuse/Board Level Protection,Electrostatic And Surge Protection (TVS/ESD)",15.5A 12.9V 200W 9.21V Bidirectional 7.5V SOD-123FL ESD and Surge Protection (TVS/ESD) ROHS
C19077504,Preferred Component,SMF9.0CA,hongjiacheng,SMF9.0CA,D_SOD-123FL,52772,0.028USD,"TVS/Fuse/Board Level Protection,Electrostatic And Surge Protection (TVS/ESD)",13A 15.4V 200W 11.1V Bidirectional 9V SOD-123FL ESD and Surge Protection (TVS/ESD) ROHS
C19077505,Preferred Component,SMF10CA,hongjiacheng,SMF10CA,D_SOD-123FL,29635,0.027USD,"TVS/Fuse/Board Level Protection,Electrostatic And Surge Protection (TVS/ESD)",11.8A 17V 200W 12.3V Bidirectional 10V SOD-123FL ESD and Surge Protection (TVS/ESD) ROHS
C19077506,Preferred Component,SMF12A,hongjiacheng,SMF12A,D_SOD-123FL,86211,0.027USD,"TVS/Fuse/Board Level Protection,Electrostatic And Surge Protection (TVS/ESD)",10.1A 19.9V 200W 14.7V Unidirectional 12V SOD-123FL ESD and Surge Protection (TVS/ESD) ROHS
C19077507,Preferred Component,SMF12CA,hongjiacheng,SMF12CA,D_SOD-123FL,141382,0.027USD,"TVS/Fuse/Board Level Protection,Electrostatic And Surge Protection (TVS/ESD)",10.1A 19.9V 200W 14.7V Bidirectional 12V SOD-123FL ESD and Surge Protection (TVS/ESD) ROHS
C19077508,Preferred Component,SMF13CA,hongjiacheng,SMF13CA,D_SOD-123FL,49865,0.020USD,"TVS/Fuse/Board Level Protection,Electrostatic And Surge Protection (TVS/ESD)",9.3A 21.5V 200W 15.9V Bidirectional 13V SOD-123FL ESD and Surge Protection (TVS/ESD) ROHS
C19077512,Preferred Component,SMF18A,hongjiacheng,SMF18A,D_SOD-123FL,43774,0.027USD,"TVS/Fuse/Board Level Protection,Electrostatic And Surge Protection (TVS/ESD)",6.8A 29.2V 200W 22.1V Unidirectional 18V SOD-123FL ESD and Surge Protection (TVS/ESD) ROHS
C19077513,Preferred Component,SMF18CA,hongjiacheng,SMF18CA,D_SOD-123FL,42520,0.021USD,"TVS/Fuse/Board Level Protection,Electrostatic And Surge Protection (TVS/ESD)",6.8A 29.2V 200W 20V Bidirectional 18V SOD-123FL ESD and Surge Protection (TVS/ESD) ROHS
C19077515,Preferred Component,SMF24CA,hongjiacheng,SMF24CA,D_SOD-123FL,729157,0.025USD,"TVS/Fuse/Board Level Protection,Electrostatic And Surge Protection (TVS/ESD)",5.1A 38.9V 200W 29.5V Bidirectional 24V SOD-123FL ESD and Surge Protection (TVS/ESD) ROHS
C19077516,Preferred Component,SMF26CA,hongjiacheng,SMF26CA,D_SOD-123FL,70678,0.027USD,"TVS/Fuse/Board Level Protection,Electrostatic And Surge Protection (TVS/ESD)",4.8A 42.1V 200W 31.9V Bidirectional 26V SOD-123FL ESD and Surge Protection (TVS/ESD) ROHS
C19077517,Preferred Component,SMF28CA,hongjiacheng,SMF28CA,D_SOD-123FL,117291,0.028USD,"TVS/Fuse/Board Level Protection,Electrostatic And Surge Protection (TVS/ESD)",4.4A 45.4V 200W 34.4V Bidirectional 28V SOD-123FL ESD and Surge Protection (TVS/ESD) ROHS
C19077519,Preferred Component,SMF30CA,hongjiacheng,SMF30CA,D_SOD-123FL,111857,0.026USD,"TVS/Fuse/Board Level Protection,Electrostatic And Surge Protection (TVS/ESD)",4.1A 48.4V 200W 36.8V Bidirectional 30V SOD-123FL ESD and Surge Protection (TVS/ESD) ROHS
C19077520,Preferred Component,SMF33CA,hongjiacheng,SMF33CA,D_SOD-123FL,41975,0.027USD,"TVS/Fuse/Board Level Protection,Electrostatic And Surge Protection (TVS/ESD)",3.8A 53.3V 200W 40.6V Unidirectional 33V SOD-123FL ESD and Surge Protection (TVS/ESD) ROHS
C19077521,Preferred Component,SMF36CA,hongjiacheng,SMF36CA,D_SOD-123FL,80648,0.027USD,"TVS/Fuse/Board Level Protection,Electrostatic And Surge Protection (TVS/ESD)",3.4A 58.1V 200W 44.2V Bidirectional 36V SOD-123FL ESD and Surge Protection (TVS/ESD) ROHS
C20615801,Preferred Component,H3V3HD3U,hongjiacheng,H3V3HD3U,D_SOD-323,143800,0.022USD,"TVS/Fuse/Board Level Protection,Electrostatic And Surge Protection (TVS/ESD)",20A 14V 300W 7V Unidirectional 3.3V SOD-323 ESD and Surge Protection (TVS/ESD) ROHS
C20615802,Preferred Component,H3V3SD3B,hongjiacheng,H3V3SD3B,D_SOD-323,12277,0.036USD,"TVS/Fuse/Board Level Protection,Electrostatic And Surge Protection (TVS/ESD)",20A 19V 380W 8V Bidirectional 3.3V SOD-323 ESD and Surge Protection (TVS/ESD) ROHS
C20615803,Preferred Component,H4V5HD3B,hongjiacheng,H4V5HD3B,D_SOD-323,16383,0.029USD,"TVS/Fuse/Board Level Protection,Electrostatic And Surge Protection (TVS/ESD)",40A 400W 10V 7V Bidirectional 4.5V SOD-323 ESD and Surge Protection (TVS/ESD) ROHS
C20615804,Preferred Component,H5VHD3BC,hongjiacheng,H5VHD3BC,D_SOD-323,13704,0.029USD,"TVS/Fuse/Board Level Protection,Electrostatic And Surge Protection (TVS/ESD)",25A 16V 400W 9V Bidirectional 5V SOD-323 ESD and Surge Protection (TVS/ESD) ROHS
C20615805,Preferred Component,H5VLD3B,hongjiacheng,H5VLD3B,D_SOD-323,9318,0.020USD,"TVS/Fuse/Board Level Protection,Electrostatic And Surge Protection (TVS/ESD)",8A 95W 12V 9V Bidirectional 5V SOD-323 ESD and Surge Protection (TVS/ESD) ROHS
C20615806,Preferred Component,H5VSD3B,hongjiacheng,H5VSD3B,D_SOD-323,72562,0.037USD,"TVS/Fuse/Board Level Protection,Electrostatic And Surge Protection (TVS/ESD)",25A 20V 500W 9V Bidirectional 5V SOD-323 ESD and Surge Protection (TVS/ESD) ROHS
C20615807,Preferred Component,H7VHD3UA,hongjiacheng,H7VHD3UA,D_SOD-323,122319,0.044USD,"TVS/Fuse/Board Level Protection,Electrostatic And Surge Protection (TVS/ESD)",130A 18V 2340W 9V Unidirectional 7V SOD-323 ESD and Surge Protection (TVS/ESD) ROHS
C20615808,Preferred Component,H8VHD3B,hongjiacheng,H8VHD3B,D_SOD-323,51139,0.022USD,"TVS/Fuse/Board Level Protection,Electrostatic And Surge Protection (TVS/ESD)",20A 25V 500W 11.5V Bidirectional 8V SOD-323 ESD and Surge Protection (TVS/ESD) ROHS
C20615809,Preferred Component,H8VSD3B,hongjiacheng,H8VSD3B,D_SOD-323,27170,0.036USD,"TVS/Fuse/Board Level Protection,Electrostatic And Surge Protection (TVS/ESD)",15A 350W 27V 9V Bidirectional 8V SOD-323 ESD and Surge Protection (TVS/ESD) ROHS
C20615810,Preferred Component,H12VHD3UA,hongjiacheng,H12VHD3UA,D_SOD-323,17856,0.036USD,"TVS/Fuse/Board Level Protection,Electrostatic And Surge Protection (TVS/ESD)",100A 2.5kW 25V 16V Unidirectional 12V SOD-323 ESD and Surge Protection (TVS/ESD) ROHS
C20615811,Preferred Component,H12VSD3B,hongjiacheng,H12VSD3B,D_SOD-323,3655,0.037USD,"TVS/Fuse/Board Level Protection,Electrostatic And Surge Protection (TVS/ESD)",20A 32V 640W 16.5V Bidirectional 12V SOD-323 ESD and Surge Protection (TVS/ESD) ROHS
C20615812,Preferred Component,H15VHD3U,hongjiacheng,H15VHD3U,D_SOD-323,10186,0.027USD,"TVS/Fuse/Board Level Protection,Electrostatic And Surge Protection (TVS/ESD)",120A 4320W 36V 19.3V Unidirectional 15V SOD-323 ESD and Surge Protection (TVS/ESD) ROHS
C20615813,Preferred Component,H15VND3B,hongjiacheng,H15VND3B,D_SOD-323,24411,0.031USD,"TVS/Fuse/Board Level Protection,Electrostatic And Surge Protection (TVS/ESD)",8A 304W 38V 20V Bidirectional 15V SOD-323 ESD and Surge Protection (TVS/ESD) ROHS
C20615814,Preferred Component,H15VSD3B,hongjiacheng,H15VSD3B,D_SOD-323,3418,0.040USD,"TVS/Fuse/Board Level Protection,Electrostatic And Surge Protection (TVS/ESD)",12A 32V 385W 19.5V Bidirectional 15V SOD-323 ESD and Surge Protection (TVS/ESD) ROHS
C20615815,Preferred Component,H24VND3BA,hongjiacheng,H24VND3BA,D_SOD-323,25562,0.029USD,"TVS/Fuse/Board Level Protection,Electrostatic And Surge Protection (TVS/ESD)",7A 50V 350W 31V Bidirectional 24V SOD-323 ESD and Surge Protection (TVS/ESD) ROHS
C20615816,Preferred Component,H36VND3B,hongjiacheng,H36VND3B,D_SOD-323,85357,0.030USD,"TVS/Fuse/Board Level Protection,Electrostatic And Surge Protection (TVS/ESD)",5A 65V 325W 45V Bidirectional 36V SOD-323 ESD and Surge Protection (TVS/ESD) ROHS
C20617915,Preferred Component,H3V3HD3B,hongjiacheng,H3V3HD3B,D_SOD-323,16152,0.027USD,"TVS/Fuse/Board Level Protection,Electrostatic And Surge Protection (TVS/ESD)",25A 375W 15V 8V Bidirectional 3.3V SOD-323 ESD and Surge Protection (TVS/ESD) ROHS
C20617916,Preferred Component,H4V5HD3U,hongjiacheng,H4V5HD3U,D_SOD-323,31237,0.043USD,"TVS/Fuse/Board Level Protection,Electrostatic And Surge Protection (TVS/ESD)",185A 2775W 15V 7V Unidirectional 4.5V SOD-323 ESD and Surge Protection (TVS/ESD) ROHS
C20617917,Preferred Component,H5VHD3UA,hongjiacheng,H5VHD3UA,D_SOD-323,6527,0.039USD,"TVS/Fuse/Board Level Protection,Electrostatic And Surge Protection (TVS/ESD)",130A 2080W 16V 9V Unidirectional 5V SOD-323 ESD and Surge Protection (TVS/ESD) ROHS
C20617918,Preferred Component,H5VHD3U,hongjiacheng,H5VHD3U,D_SOD-323,51314,0.021USD,"TVS/Fuse/Board Level Protection,Electrostatic And Surge Protection (TVS/ESD)",25A 14V 350W 9V Unidirectional 5V SOD-323 ESD and Surge Protection (TVS/ESD) ROHS
C20617919,Preferred Component,H12VHD3U,hongjiacheng,H12VHD3U,D_SOD-323,34380,0.015USD,"TVS/Fuse/Board Level Protection,Electrostatic And Surge Protection (TVS/ESD)",35A 1.26kW 36V 15V Unidirectional 12V SOD-323 ESD and Surge Protection (TVS/ESD) ROHS
C20617920,Preferred Component,H12VND3B,hongjiacheng,H12VND3B,D_SOD-323,35777,0.023USD,"TVS/Fuse/Board Level Protection,Electrostatic And Surge Protection (TVS/ESD)",35A 1.26kW 36V 16.5V Bidirectional 12V SOD-323 ESD and Surge Protection (TVS/ESD) ROHS
C20615817,Preferred Component,H3V3LD5B,hongjiacheng,H3V3LD5B,D_SOD-523,116939,0.017USD,"TVS/Fuse/Board Level Protection,Electrostatic And Surge Protection (TVS/ESD)",8A 100W 12V 6.5V Bidirectional 3.3V SOD-523 ESD and Surge Protection (TVS/ESD) ROHS
C20615818,Preferred Component,H5VND5B,hongjiacheng,H5VND5B,D_SOD-523,108281,0.019USD,"TVS/Fuse/Board Level Protection,Electrostatic And Surge Protection (TVS/ESD)",8A 120W 15V 8V Bidirectional 5V SOD-523 ESD and Surge Protection (TVS/ESD) ROHS
C20615819,Preferred Component,H5VND5UB,hongjiacheng,H5VND5UB,D_SOD-523,3988,0.017USD,"TVS/Fuse/Board Level Protection,Electrostatic And Surge Protection (TVS/ESD)",9A 165W 18.6V 9V Unidirectional 5V SOD-523 ESD and Surge Protection (TVS/ESD) ROHS
C20615820,Preferred Component,H5VUD5BB,hongjiacheng,H5VUD5BB,D_SOD-523,68788,0.033USD,"TVS/Fuse/Board Level Protection,Electrostatic And Surge Protection (TVS/ESD)",5A 25V 125W 10V Bidirectional 5V SOD-523 ESD and Surge Protection (TVS/ESD) ROHS
C20615821,Preferred Component,H7VND5U,hongjiacheng,H7VND5U,D_SOD-523,39270,0.022USD,"TVS/Fuse/Board Level Protection,Electrostatic And Surge Protection (TVS/ESD)",8A 22V 175W 9.5V Unidirectional 7V SOD-523 ESD and Surge Protection (TVS/ESD) ROHS
C20615822,Preferred Component,H36VND5U,hongjiacheng,H36VND5U,D_SOD-523,23667,0.022USD,"TVS/Fuse/Board Level Protection,Electrostatic And Surge Protection (TVS/ESD)",4A 65V 260W 45V Unidirectional 36V SOD-523 ESD and Surge Protection (TVS/ESD) ROHS
C20617921,Preferred Component,H5VUD5U,hongjiacheng,H5VUD5U,D_SOD-523,18119,0.022USD,"TVS/Fuse/Board Level Protection,Electrostatic And Surge Protection (TVS/ESD)",5A 75W 15V 9V Unidirectional 5V SOD-523 ESD and Surge Protection (TVS/ESD) ROHS
C20617922,Preferred Component,H12VND5U,hongjiacheng,H12VND5U,D_SOD-523,84262,0.022USD,"TVS/Fuse/Board Level Protection,Electrostatic And Surge Protection (TVS/ESD)",15A 24V 360W 16V Unidirectional 12V SOD-523 ESD and Surge Protection (TVS/ESD) ROHS
C3019524,Preferred Component,P6SMAJ33CA,Liown,P6SMAJ33CA,D_DO-214AC(SMA),18935,0.052USD,"TVS/Fuse/Board Level Protection,TVS",11.3A 600W 53.3V 36.7V 33V DO-214AC(SMA) ESD and Surge Protection (TVS/ESD) ROHS
C7420377,Basic Component,SMBJ6.5CA,hongjiacheng,SMBJ6.5CA,D_SMB,704142,0.043USD,"TVS/Fuse/Board Level Protection,TVS",53.57A 600W 11.2V 7.22V Bidirectional 6.5V SMB ESD and Surge Protection (TVS/ESD) ROHS
C2990124,Preferred Component,SMCJ6.5CA,Liown,SMCJ6.5CA,D_SMC,7360,0.122USD,"TVS/Fuse/Board Level Protection,TVS",134A 11.2V 1.5kW 7.22V 6.5V SMC ESD and Surge Protection (TVS/ESD) ROHS
C2990261,Preferred Component,SMDJ64CA,Liown,SMDJ64CA,D_SMC,2845,0.189USD,"TVS/Fuse/Board Level Protection,TVS",29.1A 103V 3kW 71.1V 64V SMC ESD and Surge Protection (TVS/ESD) ROHS
C2990414,Preferred Component,5.0SMDJ64CA,Liown,5.0SMDJ64CA,D_SMC,3880,0.336USD,"TVS/Fuse/Board Level Protection,TVS",48.6A 103V 5kW 71.1V 64V SMC ESD and Surge Protection (TVS/ESD) ROHS
C2990416,Preferred Component,5.0SMDJ75CA,Liown,5.0SMDJ75CA,D_SMC,1439,0.322USD,"TVS/Fuse/Board Level Protection,TVS",41.4A 121V 5kW 83.3V 75V SMC ESD and Surge Protection (TVS/ESD) ROHS
C2990473,Preferred Component,SMF6.0CA,Liown,SMF6.0CA,D_SOD-123FL,65890,0.033USD,"TVS/Fuse/Board Level Protection,TVS",19.4A 10.3V 200W 6.67V 6V SOD-123FL ESD and Surge Protection (TVS/ESD) ROHS
C2990493,Preferred Component,SMF30CA,Liown,SMF30CA,D_SOD-123FL,27055,0.030USD,"TVS/Fuse/Board Level Protection,TVS",4.2A 48.4V 200W 33.3V 30V SOD-123FL ESD and Surge Protection (TVS/ESD) ROHS
C193969,,,,ADS1015IDGS,TSSOP-10_3x3mm_P0.5mm,0,,,"Ultra-Small, Low-Power, I2C-Compatible, 3.3-kSPS, 12-Bit ADCs With Internal Reference, Oscillator, and Programmable Comparator, VSSOP-10"
C37593,,,,ADS1115IDGS,TSSOP-10_3x3mm_P0.5mm,0,,,"Ultra-Small, Low-Power, I2C-Compatible, 860-SPS, 16-Bit ADCs With Internal Reference, Oscillator, and Programmable Comparator, VSSOP-10"
C2927039,,,,"Connector, USB-TYPE-C-16P",TYPE-C-SMD_HX-TYPE-C-16PIN,0,,,3A 1 Horizontal attachment 16P Female -25℃~+85℃ Type-C SMD USB Connectors ROHS
C9010,,,," 40MHz, 15pF",OSC-SMD_4P-L3.2-W2.5-BL_SIT8008BI,0,,,40MHz Surface Mount Crystal 15pF ±10ppm ±20ppm SMD3225-4P Crystals ROHS
C5349954,,,,WS2812B,LED-SMD_4P-L1.6-W1.5_XL-1615RGBC-WS2812B,0,,,1615 RGB LEDs(Built-in IC) ROHS
C22461793,,,,WS2812B,LED_WS2812B_PLCC4_5.0x5.0mm_P3.2mm,0,,,RGB LED with integrated controller
C5299908,,,,CH32V003F4U6,QFN-20-1EP_3x3mm_P0.4mm_EP1.65x1.65mm,0,,,"CH32V003 series are industrial-grade general-purpose microcontrollers designed based on 32-bit RISC-V instruction set and architecture. It adopts QingKe V2A core, RV32EC instruction set, and supports 2 levels of interrupt nesting. The series are mounted with rich peripheral interfaces and function modules. Its internal organizational structure meets the low-cost and low-power embedded application scenarios."
C5346354,,,,CH32V003JxMx,SOIC-8_3.9x4.9mm_P1.27mm,0,,,"CH32V003 series are industrial-grade general-purpose microcontrollers designed based on 32-bit RISC-V instruction set and architecture. It adopts QingKe V2A core, RV32EC instruction set, and supports 2 levels of interrupt nesting. The series are mounted with rich peripheral interfaces and function modules. Its internal organizational structure meets the low-cost and low-power embedded application scenarios."
C82891,,,,ESP-12F,ESP-12E,0,,,802.11 b/g/n Wi-Fi Module
C2838500,,,,ESP32-C3,QFN-32-1EP_5x5mm_P0.5mm_EP3.7x3.7mm_ThermalVias,0,,,"RF Module, ESP32 SoC, RISC-V, WiFi 802.11b/n/g, Bluetooth LE 5, QFN32"
C2858491,,,,ESP32-C3FH4,QFN-32-1EP_5x5mm_P0.5mm_EP3.7x3.7mm_ThermalVias,0,,,"RF Module, ESP32 SoC, RISC-V, WiFi 802.11b/n/g, Bluetooth LE 5, QFN32"
C529594,,,,ESP32-S2,QFN-56-1EP_7x7mm_P0.4mm_EP4x4mm_ThermalVias,0,,,"Microcontroller, Wi-Fi 802.11b/g/n, Bluetooth, 32bit"
C2913192,,,,ESP32-S3,QFN-56-1EP_7x7mm_P0.4mm_EP4x4mm_ThermalVias,0,,,"Microcontroller, Wi-Fi 802.11b/g/n, Bluetooth, 32bit"
C2040,,,,RP2040,QFN-56-1EP_7x7mm_P0.4mm_EP3.2x3.2mm_ThermalVias,0,,,A microcontroller by Raspberry Pi
C5137195,,,,U.FL,IPEX-SMD_BWIPX-1-001E,0,,,"coaxial connector (BNC, SMA, SMB, SMC, Cinch/RCA, LEMO, ...)"
C784398,,,,1575.42±5MHz,ANT-TH_L25.0-W25.0,0,,,Antenna with extra pin for shielding
C191341,,,,SX1262IMLTRT,QFN-24-1EP_4x4mm_P0.5mm_EP2.6x2.6mm_ThermalVias,0,,,"150 MHz to 960 MHz Low Power Long Range Transceiver, 22dBm output power, spreading factor from 5 to 12, LoRA, QFN-24"
C92489,,,,BME280,Bosch_LGA-8_2.5x2.5mm_P0.65mm_ClockwisePinNumbering,0,,,"3-in-1 sensor, humidity, pressure, temperature, I2C and SPI interface, 1.71-3.6V, LGA-8"
C364577,,,,LTR-303ALS-01,Lite-On_LTR-303ALS-01,0,,,"ambient light sensor, i2c interface, 0.01 to 64k lux, 2.4-3.6V"
C3659421,,,,SCD40-D-R2,Sensirion_SCD4x-1EP_10.1x10.1mm_P1.25mm_EP4.8x4.8mm,0,,,"Photoacoustic CO2 sensor, 40 000 ppm, I2C, 2.4-5.5 V, Base accuracy  400 - 2000 ppm"
C14267,,,,CH340G,SOIC-16_3.9x9.9mm_P1.27mm,0,,,"USB serial converter, UART, SOIC-16"
C5593,Preferred Component,"74HC08D,653",Nexperia,74HC08D,SOIC-14_L8.7-W3.9-P1.27-LS6.0-BL,72385,0.114USD,"Logic ICs,Gates","2V~6V 2uA 4 15ns@6V,50pF With Door SOIC-14 Logic Gates ROHS"
C5590,Preferred Component,"74HC04D,653",Nexperia,74HC04D,SOIC-14_L8.7-W3.9-P1.27-LS6.0-BL,19175,0.105USD,"Logic ICs,Inverters","6 14ns@6V,50pF 2uA 2V~6V SOIC-14 Inverters ROHS"
C5605,Basic Component,"74HC14D,653",Nexperia,"74HC14D,653",SOIC-14_L8.7-W3.9-P1.27-LS6.0-BL,74252,0.110USD,"Logic ICs,Inverters","Schmitt Trigger 6 21ns@6V,50pF 2uA 2V~6V SOIC-14 Inverters ROHS"
C5625,Preferred Component,"74HC245D,653",Nexperia,74HC245D,SOIC-20_L13.0-W7.6-P1.27-LS10.3-BL,60868,0.239USD,"Logic ICs,Receivers & Transceivers","SOIC-20-300mil Buffers, Drivers, Receivers, Transceivers ROHS"
C7859,Preferred Component,SN74LVC4245APWR,Texas Instruments,SN74LVC4245APWR,TSSOP-24_L7.8-W4.4-P0.65-LS6.4-BL,99800,0.206USD,"Logic ICs,Receivers & Transceivers","2.7V~3.6V 1 8 4.5V~5.5V TSSOP-24 Translators, Level Shifters ROHS"
C7440,Preferred Component,"PCF8563T/5,518",NXP Semicon,PCF8563T,SOIC-8_L5.0-W4.0-P1.27-LS6.0-BL,35129,0.465USD,"Clock and Timing,Real-time Clocks (RTC)",I2C SOIC-8 Real Time Clocks ROHS
C8959,Preferred Component,DS1302Z+T&R,Maxim Integrated,DS1302ZN+,SOIC-8_L4.9-W3.9-P1.27-LS6.0-BL,5692,0.829USD,"Clock and Timing,Real-time Clocks (RTC)",SPI SOIC-8 Real Time Clocks ROHS
C5947,Basic Component,"74HC595D,118",Nexperia,74HC595D,SOIC-16_L9.9-W3.9-P1.27-LS6.0-BL,361838,0.126USD,"Logic ICs,Registers",8 2V~6V 1 Serial to serial or parallel SOIC-16 Shift Registers ROHS
C5613,Preferred Component,"74HC165D,653",Nexperia,74HC165D,SOIC-16_L9.9-W3.9-P1.27-LS6.0-BL,51803,0.128USD,"Logic ICs,Registers",8 2V~6V 1 ParallelorSerialtoSerial SOIC-16 Shift Registers ROHS
C7593,Preferred Component,NE555DR,Texas Instruments,NE555DR,SOIC-8_L4.9-W3.9-P1.27-LS6.0-BL,199053,0.110USD,"Clock and Timing,Timers / Clock Oscillators",100kHz SOIC-8 Timers / Counters ROHS
C1002,Basic Component,GZ1608D601TF,Sunlord,,FB_0603,789150,0.010USD,"Filters/EMI Optimization,Ferrite Beads",450mΩ ±25% 600Ω@100MHz 0603 Ferrite Beads ROHS
C14709,Basic Component,BLM18PG121SN1D,Murata Electronics,,FB_0603,222675,0.009USD,"Filters/EMI Optimization,Ferrite Beads",50mΩ ±25% 120Ω@100MHz 0603 Ferrite Beads ROHS
C1015,Basic Component,GZ2012D101TF,Sunlord,,FB_0805,196104,0.017USD,"Filters/EMI Optimization,Ferrite Beads",±25% 100Ω@100MHz 0805 Ferrite Beads ROHS
C1017,Basic Component,GZ2012D601TF,Sunlord,,FB_0805,519189,0.016USD,"Filters/EMI Optimization,Ferrite Beads",300mΩ ±25% 600Ω@100MHz 0805 Ferrite Beads ROHS
C14033,Preferred Component,SDCL1005C3N9STDF,Sunlord,"3.9nH,300mA",L_0402,24125,0.007USD,"Inductors/Coils/Transformers,Inductors (SMD)",300mA 3.9nH 200mΩ 0402 Inductors (SMD) ROHS
C27143,Preferred Component,SDCL1005C15NJTDF,Sunlord,"15nH,300mA",L_0402,168315,0.007USD,"Inductors/Coils/Transformers,Inductors (SMD)",8@100MHz ±5% 0402 Inductors (SMD)
C27147,Preferred Component,SDCL1005C10NJTDF,Sunlord,"10nH,300mA",L_0402,35613,0.007USD,"Inductors/Coils/Transformers,Inductors (SMD)",300mA 10nH ±5% 400mΩ 0402 Inductors (SMD) ROHS
C1034,Preferred Component,SDFL1608Q4R7KTF,Sunlord,"4.7uH,15mA",L_0603,32738,0.013USD,"Inductors/Coils/Transformers,Inductors (SMD)",15mA 4.7uH ±10% 2.1Ω 0603 Inductors (SMD) ROHS
C1035,Basic Component,SDFL1608S100KTF,Sunlord,"10uH,3mA",L_0603,250198,0.013USD,"Inductors/Coils/Transformers,Inductors (SMD)",3mA 10uH ±10% 1.85Ω 0603 Inductors (SMD) ROHS
C13415,Preferred Component,SDCL1608C68NJTDF,Sunlord,"68nH,300mA",L_0603,37899,0.013USD,"Inductors/Coils/Transformers,Inductors (SMD)",300mA 68nH ±5% 850mΩ 0603 Inductors (SMD) ROHS
C1042,Preferred Component,SDFL2012Q1R0KTF,Sunlord,"1uH,50mA",L_0805,50824,0.020USD,"Inductors/Coils/Transformers,Inductors (SMD)",50mA 1uH ±10% 400mΩ 0805 Inductors (SMD) ROHS
C1043,Preferred Component,CMI201209U2R2KT,FH(Guangdong Fenghua Advanced Tech),"2.2uH,50mA",L_0805,114084,0.011USD,"Inductors/Coils/Transformers,Inductors (SMD)",50mA 2.2uH ±10% 600mΩ 0805 Inductors (SMD) ROHS
C1046,Basic Component,SDFL2012S100KTF,Sunlord,"10uH,15mA",L_0805,109337,0.022USD,"Inductors/Coils/Transformers,Inductors (SMD)",15mA 10uH ±10% 1.15Ω 0805 Inductors (SMD) ROHS
C32375,Preferred Component,SDFL2012T220KTF,Sunlord,"22uH,5mA",L_0805,15454,0.028USD,"Inductors/Coils/Transformers,Inductors (SMD)",5mA 22uH ±10% 1.1Ω 0805 Inductors (SMD) ROHS
C68035,Preferred Component,MLF2012C101KT000,TDK,"100uH,2mA",L_0805,63832,0.043USD,"Inductors/Coils/Transformers,Inductors (SMD)",2mA 100uH ±10% 2.5Ω 0805 Inductors (SMD) ROHS
C1049,Preferred Component,CMI321609U4R7KT,FH(Guangdong Fenghua Advanced Tech),"4.7uH,25mA",L_1206,14122,0.019USD,"Inductors/Coils/Transformers,Inductors (SMD)",25mA 4.7uH ±10% 650mΩ 1206 Inductors (SMD) ROHS
C1051,Preferred Component,CMI321609X100KT,FH(Guangdong Fenghua Advanced Tech),"10uH,25mA",L_1206,110523,0.022USD,"Inductors/Coils/Transformers,Inductors (SMD)",25mA 10uH ±10% 800mΩ 1206 Inductors (SMD) ROHS
C9669,Preferred Component,ADUM1201ARZ-RL7,Analog Devices,ADUM1201ARZ-RL7,SOIC-8_L4.9-W3.9-P1.27-LS6.0-BL,29456,1.396USD,"Interface ICs,Digital Isolators",SOIC-8 Digital Isolators ROHS
C12084,Preferred Component,SN65HVD230DR,Texas Instruments,SN65HVD230DR,SOIC-8_L4.9-W3.9-P1.27-LS6.0-BL,154614,0.474USD,"Interface ICs,CAN ICs",1Mbps Transceiver SOIC-8 CAN Transceivers ROHS
C6952,Preferred Component,"TJA1050T/CM,118",NXP Semicon,"TJA1050T/CM,118",SOIC-8_L5.0-W4.0-P1.27-LS6.0-BL,85735,0.675USD,"Communication Interface Chip/UART/485/232,CAN ICs",Transceiver SOP-8 CAN Transceivers ROHS
C26860,Preferred Component,MAX232ESE+T,Maxim Integrated,MAX232ESE,SOIC-16_L9.9-W3.9-P1.27-LS6.0-BL,6739,1.316USD,"Interface ICs,RS232 ICs",120Kbps Transceiver 2/2 SOIC-16 RS232 ICs ROHS
C13482,Basic Component,SP3232EEY-L/TR,MaxLinear,SP3232EEY,TSSOP-16_L5.0-W4.4-P0.65-LS6.4-BL,56887,0.284USD,"Interface ICs,RS232 ICs",235Kbps Transceiver 2/2 TSSOP-16 RS232 ICs ROHS
C7063,Preferred Component,SN75176BDR,Texas Instruments,SN75176BDR,SOIC-8_L5.0-W4.0-P1.27-LS6.0-BL,133592,0.162USD,"Interface ICs,RS-485/RS-422 ICs",Transceiver 1/1 SOIC-8 RS-485 / RS-422 ICs ROHS
C8963,Basic Component,SP3485EN-L/TR,MaxLinear,SP3485EN,SOIC-8_L5.0-W4.0-P1.27-LS6.0-BL,172212,0.204USD,"Interface ICs,RS-485/RS-422 ICs",Transceiver 10Mbps 1/1 SOIC-8 RS-485 / RS-422 ICs ROHS
C6855,Basic Component,SP485EEN-L/TR,MaxLinear,SP485EEN,SOIC-8_L5.0-W4.0-P1.27-LS6.0-BL,199665,0.246USD,"Interface ICs,RS-485/RS-422 ICs",Transceiver 10Mbps 1/1 SOIC-8 RS-485 / RS-422 ICs ROHS
C7532,Preferred Component,HT1621B,Holtek Semicon,HT1621B,LQFP-48_L7.0-W7.0-P0.50-LS9.0-BL,13072,0.589USD,"Display Modules / LED Drivers / Display Drivers,LCD Drivers",60uA 3-wire serial interface 2.4V~5.2V LQFP-48(7x7) LCD Drivers ROHS
C14877,Preferred Component,ATMEGA328P-AU,Microchip Tech,ATmega328P-AU,TQFP-32_7x7mm_P0.8mm,48553,2.153USD,"Embedded Processors & Controllers,ATMEL & AVR","8Bit, 20MHz, 32kB Flash, 2kB RAM, 1.8-5.5V"
C23922,Preferred Component,STM32F030C8T6,STMicroelectronics,STM32F030C8T6,LQFP-48_7x7mm_P0.5mm,47430,0.864USD,"Embedded Processors & Controllers,ST Microelectronics","32Bit, 48MHz, 64KB Flash, 8KB RAM, 2.4-3.6V"
C8734,Preferred Component,STM32F103C8T6,STMicroelectronics,STM32F103C8T6,LQFP-48_7x7mm_P0.5mm,207004,1.086USD,"Embedded Processors & Controllers,ST Microelectronics","32Bit, 72MHz, 64KB Flash, 20KB RAM, 2.0-3.6V"
C52717,Preferred Component,STM8S003F3P6TR,STMicroelectronics,STM8S003F3P6TR,TSSOP-20_4.4x6.5mm_P0.65mm,124793,0.380USD,"Embedded Processors & Controllers,ST Microelectronics","8Bit, 16MHz, 8KB Flash, 1KB RAM, 3.0-5.5V"
C8254,Preferred Component,STM8S105K6T6C,STMicroelectronics,STM8S105K6T6C,LQFP-32_7x7mm_P0.8mm,3577,0.959USD,"Embedded Processors & Controllers,ST Microelectronics","8Bit, 16MHz, 32KB Flash, 2KB RAM, 3.0-5.5V"
C97521,Basic Component,W25Q128JVSIQ,Winbond Elec,W25Q128,SOIC-8_L5.3-W5.3-P1.27-LS8.0-BL,80440,0.896USD,"Memory,NOR FLASH",128Mbit SOIC-8-208mil NOR FLASH ROHS
C6482,Preferred Component,AT24C256C-SSHL-T,Microchip Tech,AT24C256C,SOIC-8_L4.9-W3.9-P1.27-LS6.0-BL,29745,0.391USD,"Memory,EEPROM",256Kbit I2C SOIC-8 EEPROM ROHS
C79988,Preferred Component,M24C64-RMN6TP,STMicroelectronics,M24C64,SOIC-8_L5.0-W4.0-P1.27-LS6.0-BL,133697,0.119USD,"Memory,EEPROM",64Kbit I2C SOIC-8 EEPROM ROHS
C7562,Preferred Component,M24C02-WMN6TP,STMicroelectronics,M24C02,SOIC-8_L4.9-W3.9-P1.27-LS6.0-BL,572942,0.083USD,"Memory,EEPROM",2Kbit I2C SOIC-8 EEPROM ROHS
C42432283,Preferred Component,ICPL-356-50CEAXW,ISOMICRON,ICPL-356-50CEAXW,SOP-4_3.8x4.1mm_P2.54mm,1415,0.064USD,"Optoisolators,Transistor, Photovoltaic Output Optoisolators","SOP-4 Transistor, Photovoltaic Output Optoisolators"
C115450,Basic Component,LTV-217-B-G,Lite-On,LTV-217-B-G,SOP-4_4.4x2.6mm_P1.27mm,23767,0.064USD,"Optoelectronics,Optocouplers - Phototransistor Output","70V 3kV 50mA 400mV@2.4mA,8mA 1 6V 1.2V DC SOP-4-175mil Transistor, Photovoltaic Output Optoisolators ROHS"
C12044,Preferred Component,TP4057-42-SOT26-R,TOPPOWER(Nanjing Extension Microelectronics),TP4057,SOT-23-6_L2.9-W1.6-P0.95-LS2.8-BL,33476,0.134USD,"Power Management ICs,Battery Management ICs",SOT-23-6 Battery Management ROHS
C32574,Preferred Component,TP4054-42-SOT25R,TOPPOWER(Nanjing Extension Microelectronics),TP4054,SOT-23-5_L3.0-W1.7-P0.95-LS2.8-BL,43240,0.130USD,"Power Management ICs,Battery Management ICs",SOT-23-5 Battery Management ROHS
C16581,Preferred Component,TP4056-42-ESOP8,TOPPOWER(Nanjing Extension Microelectronics),TP4056,ESOP-8_L4.9-W3.9-P1.27-LS6.0-BL-EP,56341,0.179USD,"Power Management ICs,Battery Management ICs",ESOP-8 Battery Management ROHS
C7722,Preferred Component,TPS61040DBVR,Texas Instruments,TPS61040,SOT-23-5_L3.0-W1.7-P0.95-LS2.8-BL,87001,0.242USD,"Power Management ICs,DC-DC Converters",Boost type 28V 1.8V~6V 350mA SOT-23-5 DC-DC Converters ROHS
C9865,Preferred Component,TPS54331DR,Texas Instruments,TPS54331DR,SOIC-8_L5.0-W4.0-P1.27-LS6.0-BL,173408,0.220USD,"Power Management ICs,DC-DC Converters",Step-down type Adjustable 800mV~25V 3A 3.5V~28V SOIC-8 DC-DC Converters ROHS
C74192,Preferred Component,XL1509-ADJE1,XLSEMI,XL1509,SOIC-8_L5.0-W4.0-P1.27-LS6.0-BL,54002,0.263USD,"Power Management ICs,DC-DC Converters",Step-down type 2A 4.5V~40V SOIC-8 DC-DC Converters ROHS
C61063,Basic Component,XL1509-5.0E1,XLSEMI,XL1509,SOIC-8_L5.0-W4.0-P1.27-LS6.0-BL,428679,0.225USD,"Power Management ICs,DC-DC Converters",Step-down type 2A 4.5V~40V SOIC-8 DC-DC Converters ROHS
C34465,Preferred Component,LM2576SX-5.0/NOPB,Texas Instruments,LM2576SX,PG-TO-263-5_L10.2-W8.7-P1.70-LS14.4-BR,3890,1.203USD,"Power Management ICs,DC-DC Converters",Step-down type Fixed 5V 4V~40V 3A TO-263-5 DC-DC Converters ROHS
C10002,Preferred Component,LM2596SX-5.0/NOPB,Texas Instruments,LM2596SX,TO-263-5_L10.2-W8.9-P1.70-TL,26854,0.839USD,"Power Management ICs,DC-DC Converters",Step-down type Fixed 5V 3A 4.5V~40V TO-263-5 DC-DC Converters ROHS
C9864,Basic Component,TPS5430DDAR,Texas Instruments,TPS5430DDAR,ESOP-8_L4.9-W3.9-P1.27-LS6.0-TL-EP,291715,0.300USD,"Power Management ICs,DC-DC Converters",Step-down type Adjustable 1.221V~32.04V 3A 5.5V~36V SOIC-8-EP DC-DC Converters ROHS
C7881,Preferred Component,ICL7660AIBAZA-T,Intersil(Renesas Electronics),ICL7660AIBAZA-T,SOIC-8_L5.0-W4.0-P1.27-LS6.0-BL,3105,0.966USD,"Power Management ICs,DC-DC Converters",SOIC-8 Charge Pumps ROHS
C32078,Preferred Component,MC34063ADR2G,onsemi,MC34063ADR2G,SOIC-8_L5.0-W4.0-P1.27-LS6.0-BL,27691,0.468USD,"Power Management ICs,DC-DC Converters",Adjustable 1.25V~40V 3V~40V 1.5A SOIC-8 DC-DC Converters ROHS
C14289,Basic Component,HT7533-1,Holtek Semicon,HT7533,SOT-89-3_L4.5-W2.5-P1.50-LS4.2-BR,103659,0.113USD,"Power Management ICs,Linear Voltage Regulators (LDO)","100mA Fixed 3.3V Positive electrode 30V SOT-89-3 Voltage Regulators - Linear, Low Drop Out (LDO) Regulators ROHS"
C5446,Basic Component,XC6206P332MR-G,Torex Semicon,XC6206P332MR,SOT-23-3_L2.9-W1.6-P1.90-LS2.8-BR,517770,0.103USD,"Power Management ICs,Linear Voltage Regulators (LDO)","200mA Fixed 3.3V Positive electrode 6V SOT-23-3L Voltage Regulators - Linear, Low Drop Out (LDO) Regulators ROHS"
C6186,Basic Component,AMS1117-3.3,Advanced Monolithic Systems,AMS1117,SOT-223-3_L6.5-W3.4-P2.30-LS7.0-BR,1270542,0.169USD,"Power Management ICs,Linear Voltage Regulators (LDO)","72dB@(120Hz) 1A Fixed 3.3V Positive electrode SOT-223 Voltage Regulators - Linear, Low Drop Out (LDO) Regulators ROHS"
C71136,Basic Component,78L05G-AB3-R,UTC(Unisonic Tech),78L05G,SOT-89-3_L4.5-W2.5-P1.50-LS4.2-BR,93220,0.064USD,"Power Management ICs,Linear Voltage Regulators (LDO)","100mA Fixed 5V Positive electrode 30V SOT-89-3 Voltage Regulators - Linear, Low Drop Out (LDO) Regulators ROHS"
C16106,Preferred Component,HT7550-1,Holtek Semicon,HT7550,SOT-89-3_L4.5-W2.5-P1.50-LS4.2-BR,42874,0.114USD,"Power Management ICs,Linear Voltage Regulators (LDO)","150mA Fixed 5V Positive electrode 30V SOT-89-3 Voltage Regulators - Linear, Low Drop Out (LDO) Regulators ROHS"
C58069,Basic Component,L78M05ABDT-TR,STMicroelectronics,L78M05ABDT-TR,TO-252-2_L6.5-W6.1-P4.58-LS10.0-TL,162133,0.127USD,"Power Management ICs,Linear Voltage Regulators (LDO)","62dB@(120Hz) 500mA Fixed 5V Positive electrode 35V TO-252-2(DPAK) Voltage Regulators - Linear, Low Drop Out (LDO) Regulators ROHS"
C6187,Basic Component,AMS1117-5.0,Advanced Monolithic Systems,AMS1117,SOT-223_L6.5-W3.5-P2.30-LS7.0-BR,118178,0.189USD,"Power Management ICs,Linear Voltage Regulators (LDO)","68dB@(120Hz) 1A Fixed 5V Positive electrode 12V SOT-223 Voltage Regulators - Linear, Low Drop Out (LDO) Regulators ROHS"
C3113,Basic Component,CJ431,Changjiang Electronics Tech (CJ),CJ431,SOT-23-3_L2.9-W1.6-P1.90-LS2.8-BR,279979,0.035USD,"Power Management ICs,Voltage References",2.5V~36V ±0.5% 100mA Adjustable SOT-23 Voltage Reference ROHS
C75510,Preferred Component,LM317AG-TN3-R,UTC(Unisonic Tech),LM317AG,TO-252-2_L6.5-W6.1-P4.58-LS10.0-TL,13939,0.177USD,"Power Management ICs,Linear Voltage Regulators (LDO)","1.5A Adjustable 1.2V~37V Positive electrode 40V TO-252-2(DPAK) Voltage Regulators - Linear, Low Drop Out (LDO) Regulators ROHS"
C4109,Basic Component,0402WGF2001TCE,UNI-ROYAL(Uniroyal Elec),2kΩ,R_0402,1980337,0.004USD,"Resistors,Chip Resistor - Surface Mount",62.5mW Thick Film Resistors 50V ±100ppm/°C ±1% 2kΩ 0402 Chip Resistor - Surface Mount ROHS
C11616,Preferred Component,0402WGF5103TCE,UNI-ROYAL(Uniroyal Elec),510kΩ,R_0402,210646,0.004USD,"Resistors,Chip Resistor - Surface Mount",62.5mW Thick Film Resistors 50V ±100ppm/°C ±1% 510kΩ 0402 Chip Resistor - Surface Mount ROHS
C11702,Basic Component,0402WGF1001TCE,UNI-ROYAL(Uniroyal Elec),1kΩ,R_0402,13226393,0.004USD,"Resistors,Chip Resistor - Surface Mount",62.5mW Thick Film Resistors 50V ±100ppm/°C ±1% 1kΩ 0402 Chip Resistor - Surface Mount ROHS
C17168,Basic Component,0402WGF0000TCE,UNI-ROYAL(Uniroyal Elec),0Ω,R_0402,9510686,0.004USD,"Resistors,Chip Resistor - Surface Mount",62.5mW Thick Film Resistors 50V ±800ppm/°C ±1% 0Ω 0402 Chip Resistor - Surface Mount ROHS
C25076,Basic Component,0402WGF1000TCE,UNI-ROYAL(Uniroyal Elec),100Ω,R_0402,5907585,0.004USD,"Resistors,Chip Resistor - Surface Mount",62.5mW Thick Film Resistors 50V ±1% ±200ppm/°C 100Ω 0402 Chip Resistor - Surface Mount ROHS
C25077,Basic Component,0402WGF100JTCE,UNI-ROYAL(Uniroyal Elec),10Ω,R_0402,4873481,0.004USD,"Resistors,Chip Resistor - Surface Mount",62.5mW Thick Film Resistors 50V ±1% ±200ppm/°C 10Ω 0402 Chip Resistor - Surface Mount ROHS
C25079,Basic Component,0402WGF1200TCE,UNI-ROYAL(Uniroyal Elec),120Ω,R_0402,370600,0.004USD,"Resistors,Chip Resistor - Surface Mount",62.5mW Thick Film Resistors 50V ±100ppm/°C ±1% 120Ω 0402 Chip Resistor - Surface Mount ROHS
C25082,Preferred Component,0402WGF1500TCE,UNI-ROYAL(Uniroyal Elec),150Ω,R_0402,487873,0.004USD,"Resistors,Chip Resistor - Surface Mount",62.5mW Thick Film Resistors 50V ±100ppm/°C ±1% 150Ω 0402 Chip Resistor - Surface Mount ROHS
C25086,Preferred Component,0402WGF100KTCE,UNI-ROYAL(Uniroyal Elec),1Ω,R_0402,305976,0.004USD,"Resistors,Chip Resistor - Surface Mount",62.5mW Thick Film Resistors 50V ±1% ±200ppm/°C 1Ω 0402 Chip Resistor - Surface Mount ROHS
C25087,Basic Component,0402WGF2000TCE,UNI-ROYAL(Uniroyal Elec),200Ω,R_0402,581668,0.004USD,"Resistors,Chip Resistor - Surface Mount",62.5mW Thick Film Resistors 50V ±100ppm/°C ±1% 200Ω 0402 Chip Resistor - Surface Mount ROHS
C25091,Basic Component,0402WGF2200TCE,UNI-ROYAL(Uniroyal Elec),220Ω,R_0402,1127279,0.004USD,"Resistors,Chip Resistor - Surface Mount",62.5mW Thick Film Resistors 50V ±100ppm/°C ±1% 220Ω 0402 Chip Resistor - Surface Mount ROHS
C25092,Basic Component,0402WGF220JTCE,UNI-ROYAL(Uniroyal Elec),22Ω,R_0402,7466061,0.004USD,"Resistors,Chip Resistor - Surface Mount",62.5mW Thick Film Resistors 50V ±1% ±100ppm/°C 22Ω 0402 Chip Resistor - Surface Mount ROHS
C25102,Preferred Component,0402WGF3000TCE,UNI-ROYAL(Uniroyal Elec),300Ω,R_0402,234904,0.004USD,"Resistors,Chip Resistor - Surface Mount",62.5mW Thick Film Resistors 50V ±100ppm/°C ±1% 300Ω 0402 Chip Resistor - Surface Mount ROHS
C25104,Basic Component,0402WGF3300TCE,UNI-ROYAL(Uniroyal Elec),330Ω,R_0402,1159127,0.004USD,"Resistors,Chip Resistor - Surface Mount",62.5mW Thick Film Resistors 50V ±100ppm/°C ±1% 330Ω 0402 Chip Resistor - Surface Mount ROHS
C25105,Basic Component,0402WGF330JTCE,UNI-ROYAL(Uniroyal Elec),33Ω,R_0402,2122900,0.004USD,"Resistors,Chip Resistor - Surface Mount",62.5mW Thick Film Resistors 50V ±100ppm/°C ±1% 33Ω 0402 Chip Resistor - Surface Mount ROHS
C25117,Basic Component,0402WGF4700TCE,UNI-ROYAL(Uniroyal Elec),470Ω,R_0402,1007760,0.004USD,"Resistors,Chip Resistor - Surface Mount",62.5mW Thick Film Resistors 50V ±100ppm/°C ±1% 470Ω 0402 Chip Resistor - Surface Mount ROHS
C25118,Preferred Component,0402WGF470JTCE,UNI-ROYAL(Uniroyal Elec),47Ω,R_0402,468126,0.004USD,"Resistors,Chip Resistor - Surface Mount",62.5mW Thick Film Resistors 50V ±1% ±200ppm/°C 47Ω 0402 Chip Resistor - Surface Mount ROHS
C25120,Basic Component,0402WGF499JTCE,UNI-ROYAL(Uniroyal Elec),49.9Ω,R_0402,464542,0.004USD,"Resistors,Chip Resistor - Surface Mount",62.5mW Thick Film Resistors 50V ±100ppm/°C ±1% 49.9Ω 0402 Chip Resistor - Surface Mount ROHS
C25123,Basic Component,0402WGF5100TCE,UNI-ROYAL(Uniroyal Elec),510Ω,R_0402,2434473,0.004USD,"Resistors,Chip Resistor - Surface Mount",62.5mW Thick Film Resistors 50V ±100ppm/°C ±1% 510Ω 0402 Chip Resistor - Surface Mount ROHS
C25125,Preferred Component,0402WGF510JTCE,UNI-ROYAL(Uniroyal Elec),51Ω,R_0402,741317,0.004USD,"Resistors,Chip Resistor - Surface Mount",62.5mW Thick Film Resistors 50V ±100ppm/°C ±1% 51Ω 0402 Chip Resistor - Surface Mount ROHS
C25130,Preferred Component,0402WGF6800TCE,UNI-ROYAL(Uniroyal Elec),680Ω,R_0402,315941,0.004USD,"Resistors,Chip Resistor - Surface Mount",62.5mW Thick Film Resistors 50V ±100ppm/°C ±1% 680Ω 0402 Chip Resistor - Surface Mount ROHS
C25133,Preferred Component,0402WGF750JTCE,UNI-ROYAL(Uniroyal Elec),75Ω,R_0402,771013,0.004USD,"Resistors,Chip Resistor - Surface Mount",62.5mW Thick Film Resistors 50V ±100ppm/°C ±1% 75Ω 0402 Chip Resistor - Surface Mount ROHS
C25741,Basic Component,0402WGF1003TCE,UNI-ROYAL(Uniroyal Elec),100kΩ,R_0402,6969783,0.004USD,"Resistors,Chip Resistor - Surface Mount",62.5mW Thick Film Resistors 50V ±100ppm/°C ±1% 100kΩ 0402 Chip Resistor - Surface Mount ROHS
C25744,Basic Component,0402WGF1002TCE,UNI-ROYAL(Uniroyal Elec),10kΩ,R_0402,24372091,0.004USD,"Resistors,Chip Resistor - Surface Mount",62.5mW Thick Film Resistors 50V ±100ppm/°C ±1% 10kΩ 0402 Chip Resistor - Surface Mount ROHS
C25750,Preferred Component,0402WGF1203TCE,UNI-ROYAL(Uniroyal Elec),120kΩ,R_0402,278904,0.004USD,"Resistors,Chip Resistor - Surface Mount",62.5mW Thick Film Resistors 50V ±100ppm/°C ±1% 120kΩ 0402 Chip Resistor - Surface Mount ROHS
C25752,Basic Component,0402WGF1202TCE,UNI-ROYAL(Uniroyal Elec),12kΩ,R_0402,342039,0.004USD,"Resistors,Chip Resistor - Surface Mount",62.5mW Thick Film Resistors 50V ±100ppm/°C ±1% 12kΩ 0402 Chip Resistor - Surface Mount ROHS
C25755,Preferred Component,0402WGF1503TCE,UNI-ROYAL(Uniroyal Elec),150kΩ,R_0402,480986,0.004USD,"Resistors,Chip Resistor - Surface Mount",62.5mW Thick Film Resistors 50V ±100ppm/°C ±1% 150kΩ 0402 Chip Resistor - Surface Mount ROHS
C25756,Basic Component,0402WGF1502TCE,UNI-ROYAL(Uniroyal Elec),15kΩ,R_0402,671055,0.004USD,"Resistors,Chip Resistor - Surface Mount",62.5mW Thick Film Resistors 50V ±100ppm/°C ±1% 15kΩ 0402 Chip Resistor - Surface Mount ROHS
C25762,Preferred Component,0402WGF1802TCE,UNI-ROYAL(Uniroyal Elec),18kΩ,R_0402,242369,0.004USD,"Resistors,Chip Resistor - Surface Mount",62.5mW Thick Film Resistors 50V ±100ppm/°C ±1% 18kΩ 0402 Chip Resistor - Surface Mount ROHS
C25764,Basic Component,0402WGF2003TCE,UNI-ROYAL(Uniroyal Elec),200kΩ,R_0402,880535,0.004USD,"Resistors,Chip Resistor - Surface Mount",62.5mW Thick Film Resistors 50V ±100ppm/°C ±1% 200kΩ 0402 Chip Resistor - Surface Mount ROHS
C25765,Basic Component,0402WGF2002TCE,UNI-ROYAL(Uniroyal Elec),20kΩ,R_0402,3268540,0.004USD,"Resistors,Chip Resistor - Surface Mount",62.5mW Thick Film Resistors 50V ±100ppm/°C ±1% 20kΩ 0402 Chip Resistor - Surface Mount ROHS
C25767,Preferred Component,0402WGF2203TCE,UNI-ROYAL(Uniroyal Elec),220kΩ,R_0402,148224,0.004USD,"Resistors,Chip Resistor - Surface Mount",62.5mW Thick Film Resistors 50V ±100ppm/°C ±1% 220kΩ 0402 Chip Resistor - Surface Mount ROHS
C25768,Basic Component,0402WGF2202TCE,UNI-ROYAL(Uniroyal Elec),22kΩ,R_0402,929397,0.004USD,"Resistors,Chip Resistor - Surface Mount",62.5mW Thick Film Resistors 50V ±100ppm/°C ±1% 22kΩ 0402 Chip Resistor - Surface Mount ROHS
C25769,Preferred Component,0402WGF2402TCE,UNI-ROYAL(Uniroyal Elec),24kΩ,R_0402,458300,0.004USD,"Resistors,Chip Resistor - Surface Mount",62.5mW Thick Film Resistors 50V ±100ppm/°C ±1% 24kΩ 0402 Chip Resistor - Surface Mount ROHS
C25771,Preferred Component,0402WGF2702TCE,UNI-ROYAL(Uniroyal Elec),27kΩ,R_0402,203255,0.004USD,"Resistors,Chip Resistor - Surface Mount",62.5mW Thick Film Resistors 50V ±100ppm/°C ±1% 27kΩ 0402 Chip Resistor - Surface Mount ROHS
C25774,Preferred Component,0402WGF3003TCE,UNI-ROYAL(Uniroyal Elec),300kΩ,R_0402,433730,0.004USD,"Resistors,Chip Resistor - Surface Mount",62.5mW Thick Film Resistors 50V ±100ppm/°C ±1% 300kΩ 0402 Chip Resistor - Surface Mount ROHS
C25778,Preferred Component,0402WGF3303TCE,UNI-ROYAL(Uniroyal Elec),330kΩ,R_0402,168091,0.004USD,"Resistors,Chip Resistor - Surface Mount",62.5mW Thick Film Resistors 50V ±100ppm/°C ±1% 330kΩ 0402 Chip Resistor - Surface Mount ROHS
C25779,Basic Component,0402WGF3302TCE,UNI-ROYAL(Uniroyal Elec),33kΩ,R_0402,1069887,0.004USD,"Resistors,Chip Resistor - Surface Mount",62.5mW Thick Film Resistors 50V ±100ppm/°C ±1% 33kΩ 0402 Chip Resistor - Surface Mount ROHS
C25783,Preferred Component,0402WGF3902TCE,UNI-ROYAL(Uniroyal Elec),39kΩ,R_0402,215714,0.004USD,"Resistors,Chip Resistor - Surface Mount",62.5mW Thick Film Resistors 50V ±100ppm/°C ±1% 39kΩ 0402 Chip Resistor - Surface Mount ROHS
C25790,Preferred Component,0402WGF4703TCE,UNI-ROYAL(Uniroyal Elec),470kΩ,R_0402,393095,0.004USD,"Resistors,Chip Resistor - Surface Mount",62.5mW Thick Film Resistors 50V ±100ppm/°C ±1% 470kΩ 0402 Chip Resistor - Surface Mount ROHS
C25792,Basic Component,0402WGF4702TCE,UNI-ROYAL(Uniroyal Elec),47kΩ,R_0402,1792808,0.004USD,"Resistors,Chip Resistor - Surface Mount",62.5mW Thick Film Resistors 50V ±100ppm/°C ±1% 47kΩ 0402 Chip Resistor - Surface Mount ROHS
C25794,Basic Component,0402WGF5102TCE,UNI-ROYAL(Uniroyal Elec),51kΩ,R_0402,1929509,0.004USD,"Resistors,Chip Resistor - Surface Mount",62.5mW Thick Film Resistors 50V ±100ppm/°C ±1% 51kΩ 0402 Chip Resistor - Surface Mount ROHS
C25796,Preferred Component,0402WGF5602TCE,UNI-ROYAL(Uniroyal Elec),56kΩ,R_0402,478348,0.004USD,"Resistors,Chip Resistor - Surface Mount",62.5mW Thick Film Resistors 50V ±100ppm/°C ±1% 56kΩ 0402 Chip Resistor - Surface Mount ROHS
C25798,Preferred Component,0402WGF7502TCE,UNI-ROYAL(Uniroyal Elec),75kΩ,R_0402,274860,0.004USD,"Resistors,Chip Resistor - Surface Mount",62.5mW Thick Film Resistors 50V ±100ppm/°C ±1% 75kΩ 0402 Chip Resistor - Surface Mount ROHS
C25862,Preferred Component,0402WGF1201TCE,UNI-ROYAL(Uniroyal Elec),1.2kΩ,R_0402,157017,0.004USD,"Resistors,Chip Resistor - Surface Mount",62.5mW Thick Film Resistors 50V ±100ppm/°C ±1% 1.2kΩ 0402 Chip Resistor - Surface Mount ROHS
C25867,Basic Component,0402WGF1501TCE,UNI-ROYAL(Uniroyal Elec),1.5kΩ,R_0402,1178558,0.004USD,"Resistors,Chip Resistor - Surface Mount",62.5mW Thick Film Resistors 50V ±100ppm/°C ±1% 1.5kΩ 0402 Chip Resistor - Surface Mount ROHS
C25879,Basic Component,0402WGF2201TCE,UNI-ROYAL(Uniroyal Elec),2.2kΩ,R_0402,1767502,0.004USD,"Resistors,Chip Resistor - Surface Mount",62.5mW Thick Film Resistors 50V ±100ppm/°C ±1% 2.2kΩ 0402 Chip Resistor - Surface Mount ROHS
C25882,Preferred Component,0402WGF2401TCE,UNI-ROYAL(Uniroyal Elec),2.4kΩ,R_0402,521303,0.004USD,"Resistors,Chip Resistor - Surface Mount",62.5mW Thick Film Resistors 50V ±100ppm/°C ±1% 2.4kΩ 0402 Chip Resistor - Surface Mount ROHS
C25890,Basic Component,0402WGF3301TCE,UNI-ROYAL(Uniroyal Elec),3.3kΩ,R_0402,967219,0.004USD,"Resistors,Chip Resistor - Surface Mount",62.5mW Thick Film Resistors 50V ±100ppm/°C ±1% 3.3kΩ 0402 Chip Resistor - Surface Mount ROHS
C25897,Preferred Component,0402WGF4992TCE,UNI-ROYAL(Uniroyal Elec),49.9kΩ,R_0402,115194,0.004USD,"Resistors,Chip Resistor - Surface Mount",62.5mW Thick Film Resistors 50V ±100ppm/°C ±1% 49.9kΩ 0402 Chip Resistor - Surface Mount ROHS
C25900,Basic Component,0402WGF4701TCE,UNI-ROYAL(Uniroyal Elec),4.7kΩ,R_0402,7644059,0.004USD,"Resistors,Chip Resistor - Surface Mount",62.5mW Thick Film Resistors 50V ±100ppm/°C ±1% 4.7kΩ 0402 Chip Resistor - Surface Mount ROHS
C25905,Basic Component,0402WGF5101TCE,UNI-ROYAL(Uniroyal Elec),5.1kΩ,R_0402,3534773,0.004USD,"Resistors,Chip Resistor - Surface Mount",62.5mW Thick Film Resistors 50V ±100ppm/°C ±1% 5.1kΩ 0402 Chip Resistor - Surface Mount ROHS
C25908,Preferred Component,0402WGF5601TCE,UNI-ROYAL(Uniroyal Elec),5.6kΩ,R_0402,256483,0.004USD,"Resistors,Chip Resistor - Surface Mount",62.5mW Thick Film Resistors 50V ±100ppm/°C ±1% 5.6kΩ 0402 Chip Resistor - Surface Mount ROHS
C25917,Preferred Component,0402WGF6801TCE,UNI-ROYAL(Uniroyal Elec),6.8kΩ,R_0402,453111,0.004USD,"Resistors,Chip Resistor - Surface Mount",62.5mW Thick Film Resistors 50V ±100ppm/°C ±1% 6.8kΩ 0402 Chip Resistor - Surface Mount ROHS
C25918,Preferred Component,0402WGF7501TCE,UNI-ROYAL(Uniroyal Elec),7.5kΩ,R_0402,105011,0.004USD,"Resistors,Chip Resistor - Surface Mount",62.5mW Thick Film Resistors 50V ±100ppm/°C ±1% 7.5kΩ 0402 Chip Resistor - Surface Mount ROHS
C25924,Preferred Component,0402WGF8201TCE,UNI-ROYAL(Uniroyal Elec),8.2kΩ,R_0402,403898,0.004USD,"Resistors,Chip Resistor - Surface Mount",62.5mW Thick Film Resistors 50V ±100ppm/°C ±1% 8.2kΩ 0402 Chip Resistor - Surface Mount ROHS
C26082,Preferred Component,0402WGF1005TCE,UNI-ROYAL(Uniroyal Elec),10MΩ,R_0402,141887,0.004USD,"Resistors,Chip Resistor - Surface Mount",62.5mW Thick Film Resistors 50V ±1% ±200ppm/°C 10MΩ 0402 Chip Resistor - Surface Mount ROHS
C26083,Basic Component,0402WGF1004TCE,UNI-ROYAL(Uniroyal Elec),1MΩ,R_0402,2969173,0.004USD,"Resistors,Chip Resistor - Surface Mount",62.5mW Thick Film Resistors 50V ±100ppm/°C ±1% 1MΩ 0402 Chip Resistor - Surface Mount ROHS
C36871,Preferred Component,0402WGF6802TCE,UNI-ROYAL(Uniroyal Elec),68kΩ,R_0402,128172,0.004USD,"Resistors,Chip Resistor - Surface Mount",62.5mW Thick Film Resistors 50V ±100ppm/°C ±1% 68kΩ 0402 Chip Resistor - Surface Mount ROHS
C51721,Preferred Component,0402WGF3901TCE,UNI-ROYAL(Uniroyal Elec),3.9kΩ,R_0402,174986,0.004USD,"Resistors,Chip Resistor - Surface Mount",62.5mW Thick Film Resistors 50V ±100ppm/°C ±1% 3.9kΩ 0402 Chip Resistor - Surface Mount ROHS
C4172,Preferred Component,0603WAF1504T5E,UNI-ROYAL(Uniroyal Elec),1.5MΩ,R_0603,30462,0.005USD,"Resistors,Chip Resistor - Surface Mount",100mW Thick Film Resistors 75V ±100ppm/°C ±1% 1.5MΩ 0603 Chip Resistor - Surface Mount ROHS
C4177,Basic Component,0603WAF1801T5E,UNI-ROYAL(Uniroyal Elec),1.8kΩ,R_0603,554337,0.004USD,"Resistors,Chip Resistor - Surface Mount",100mW Thick Film Resistors 75V ±100ppm/°C ±1% 1.8kΩ 0603 Chip Resistor - Surface Mount ROHS
C4184,Basic Component,0603WAF2002T5E,UNI-ROYAL(Uniroyal Elec),20kΩ,R_0603,3333761,0.004USD,"Resistors,Chip Resistor - Surface Mount",100mW Thick Film Resistors 75V ±100ppm/°C ±1% 20kΩ 0603 Chip Resistor - Surface Mount ROHS
C4190,Basic Component,0603WAF2201T5E,UNI-ROYAL(Uniroyal Elec),2.2kΩ,R_0603,3259603,0.004USD,"Resistors,Chip Resistor - Surface Mount",100mW Thick Film Resistors 75V ±100ppm/°C ±1% 2.2kΩ 0603 Chip Resistor - Surface Mount ROHS
C4197,Preferred Component,0603WAF2403T5E,UNI-ROYAL(Uniroyal Elec),240kΩ,R_0603,130165,0.004USD,"Resistors,Chip Resistor - Surface Mount",100mW Thick Film Resistors 75V ±100ppm/°C ±1% 240kΩ 0603 Chip Resistor - Surface Mount ROHS
C4211,Basic Component,0603WAF3001T5E,UNI-ROYAL(Uniroyal Elec),3kΩ,R_0603,5406016,0.004USD,"Resistors,Chip Resistor - Surface Mount",100mW Thick Film Resistors 75V ±100ppm/°C ±1% 3kΩ 0603 Chip Resistor - Surface Mount ROHS
C4216,Basic Component,0603WAF3302T5E,UNI-ROYAL(Uniroyal Elec),33kΩ,R_0603,975745,0.004USD,"Resistors,Chip Resistor - Surface Mount",100mW Thick Film Resistors 75V ±100ppm/°C ±1% 33kΩ 0603 Chip Resistor - Surface Mount ROHS
C4260,Basic Component,0603WAF6201T5E,UNI-ROYAL(Uniroyal Elec),6.2kΩ,R_0603,445556,0.004USD,"Resistors,Chip Resistor - Surface Mount",100mW Thick Film Resistors 75V ±100ppm/°C ±1% 6.2kΩ 0603 Chip Resistor - Surface Mount ROHS
C4275,Basic Component,0603WAF750JT5E,UNI-ROYAL(Uniroyal Elec),75Ω,R_0603,985553,0.004USD,"Resistors,Chip Resistor - Surface Mount",100mW Thick Film Resistors 75V ±1% ±200ppm/°C 75Ω 0603 Chip Resistor - Surface Mount ROHS
C7250,Basic Component,0603WAF1005T5E,UNI-ROYAL(Uniroyal Elec),10MΩ,R_0603,524440,0.005USD,"Resistors,Chip Resistor - Surface Mount",100mW Thick Film Resistors 75V ±100ppm/°C ±1% 10MΩ 0603 Chip Resistor - Surface Mount ROHS
C8218,Basic Component,0603WAF2000T5E,UNI-ROYAL(Uniroyal Elec),200Ω,R_0603,2444311,0.004USD,"Resistors,Chip Resistor - Surface Mount",100mW Thick Film Resistors 75V ±100ppm/°C ±1% 200Ω 0603 Chip Resistor - Surface Mount ROHS
C12447,Preferred Component,0603WAF4022T5E,UNI-ROYAL(Uniroyal Elec),40.2kΩ,R_0603,153876,0.004USD,"Resistors,Chip Resistor - Surface Mount",100mW Thick Film Resistors 75V ±100ppm/°C ±1% 40.2kΩ 0603 Chip Resistor - Surface Mount ROHS
C13167,Basic Component,0603WAF2701T5E,UNI-ROYAL(Uniroyal Elec),2.7kΩ,R_0603,1077645,0.004USD,"Resistors,Chip Resistor - Surface Mount",100mW Thick Film Resistors 75V ±100ppm/°C ±1% 2.7kΩ 0603 Chip Resistor - Surface Mount ROHS
C13320,Preferred Component,0603WAF5104T5E,UNI-ROYAL(Uniroyal Elec),5.1MΩ,R_0603,26000,0.005USD,"Resistors,Chip Resistor - Surface Mount",100mW Thick Film Resistors 75V ±100ppm/°C ±1% 5.1MΩ 0603 Chip Resistor - Surface Mount ROHS
C21189,Basic Component,0603WAF0000T5E,UNI-ROYAL(Uniroyal Elec),0Ω,R_0603,7706573,0.004USD,"Resistors,Chip Resistor - Surface Mount",100mW Thick Film Resistors 75V ±1% 0Ω 0603 Chip Resistor - Surface Mount ROHS
C21190,Basic Component,0603WAF1001T5E,UNI-ROYAL(Uniroyal Elec),1kΩ,R_0603,27538425,0.004USD,"Resistors,Chip Resistor - Surface Mount",100mW Thick Film Resistors 75V ±100ppm/°C ±1% 1kΩ 0603 Chip Resistor - Surface Mount ROHS
C22764,Preferred Component,0603WAF1101T5E,UNI-ROYAL(Uniroyal Elec),1.1kΩ,R_0603,156127,0.004USD,"Resistors,Chip Resistor - Surface Mount",100mW Thick Film Resistors 75V ±100ppm/°C ±1% 1.1kΩ 0603 Chip Resistor - Surface Mount ROHS
C22765,Basic Component,0603WAF1201T5E,UNI-ROYAL(Uniroyal Elec),1.2kΩ,R_0603,940358,0.004USD,"Resistors,Chip Resistor - Surface Mount",100mW Thick Film Resistors 75V ±100ppm/°C ±1% 1.2kΩ 0603 Chip Resistor - Surface Mount ROHS
C22775,Basic Component,0603WAF1000T5E,UNI-ROYAL(Uniroyal Elec),100Ω,R_0603,8202320,0.004USD,"Resistors,Chip Resistor - Surface Mount",100mW Thick Film Resistors 75V ±1% ±200ppm/°C 100Ω 0603 Chip Resistor - Surface Mount ROHS
C22787,Basic Component,0603WAF1200T5E,UNI-ROYAL(Uniroyal Elec),120Ω,R_0603,1670032,0.004USD,"Resistors,Chip Resistor - Surface Mount",100mW Thick Film Resistors 75V ±100ppm/°C ±1% 120Ω 0603 Chip Resistor - Surface Mount ROHS
C22790,Basic Component,0603WAF1202T5E,UNI-ROYAL(Uniroyal Elec),12kΩ,R_0603,998337,0.004USD,"Resistors,Chip Resistor - Surface Mount",100mW Thick Film Resistors 75V ±100ppm/°C ±1% 12kΩ 0603 Chip Resistor - Surface Mount ROHS
C22795,Preferred Component,0603WAF1303T5E,UNI-ROYAL(Uniroyal Elec),130kΩ,R_0603,153357,0.004USD,"Resistors,Chip Resistor - Surface Mount",100mW Thick Film Resistors 75V ±100ppm/°C ±1% 130kΩ 0603 Chip Resistor - Surface Mount ROHS
C22797,Basic Component,0603WAF1302T5E,UNI-ROYAL(Uniroyal Elec),13kΩ,R_0603,264187,0.004USD,"Resistors,Chip Resistor - Surface Mount",100mW Thick Film Resistors 75V ±100ppm/°C ±1% 13kΩ 0603 Chip Resistor - Surface Mount ROHS
C22807,Basic Component,0603WAF1503T5E,UNI-ROYAL(Uniroyal Elec),150kΩ,R_0603,1206473,0.004USD,"Resistors,Chip Resistor - Surface Mount",100mW Thick Film Resistors 75V ±100ppm/°C ±1% 150kΩ 0603 Chip Resistor - Surface Mount ROHS
C22808,Basic Component,0603WAF1500T5E,UNI-ROYAL(Uniroyal Elec),150Ω,R_0603,598005,0.004USD,"Resistors,Chip Resistor - Surface Mount",100mW Thick Film Resistors 75V ±100ppm/°C ±1% 150Ω 0603 Chip Resistor - Surface Mount ROHS
C22809,Basic Component,0603WAF1502T5E,UNI-ROYAL(Uniroyal Elec),15kΩ,R_0603,1478337,0.004USD,"Resistors,Chip Resistor - Surface Mount",100mW Thick Film Resistors 75V ±100ppm/°C ±1% 15kΩ 0603 Chip Resistor - Surface Mount ROHS
C22810,Preferred Component,0603WAF150JT5E,UNI-ROYAL(Uniroyal Elec),15Ω,R_0603,140540,0.004USD,"Resistors,Chip Resistor - Surface Mount",100mW Thick Film Resistors 75V ±100ppm/°C ±1% 15Ω 0603 Chip Resistor - Surface Mount ROHS
C22813,Preferred Component,0603WAF1603T5E,UNI-ROYAL(Uniroyal Elec),160kΩ,R_0603,66800,0.004USD,"Resistors,Chip Resistor - Surface Mount",100mW Thick Film Resistors 75V ±100ppm/°C ±1% 160kΩ 0603 Chip Resistor - Surface Mount ROHS
C22827,Preferred Component,0603WAF1803T5E,UNI-ROYAL(Uniroyal Elec),180kΩ,R_0603,453075,0.004USD,"Resistors,Chip Resistor - Surface Mount",100mW Thick Film Resistors 75V ±100ppm/°C ±1% 180kΩ 0603 Chip Resistor - Surface Mount ROHS
C22828,Preferred Component,0603WAF1800T5E,UNI-ROYAL(Uniroyal Elec),180Ω,R_0603,68342,0.004USD,"Resistors,Chip Resistor - Surface Mount",100mW Thick Film Resistors 75V ±100ppm/°C ±1% 180Ω 0603 Chip Resistor - Surface Mount ROHS
C22843,Basic Component,0603WAF1501T5E,UNI-ROYAL(Uniroyal Elec),1.5kΩ,R_0603,2582969,0.004USD,"Resistors,Chip Resistor - Surface Mount",100mW Thick Film Resistors 75V ±100ppm/°C ±1% 1.5kΩ 0603 Chip Resistor - Surface Mount ROHS
C22859,Basic Component,0603WAF100JT5E,UNI-ROYAL(Uniroyal Elec),10Ω,R_0603,5764851,0.004USD,"Resistors,Chip Resistor - Surface Mount",100mW Thick Film Resistors 75V ±1% ±400ppm/°C 10Ω 0603 Chip Resistor - Surface Mount ROHS
C22935,Basic Component,0603WAF1004T5E,UNI-ROYAL(Uniroyal Elec),1MΩ,R_0603,3961571,0.004USD,"Resistors,Chip Resistor - Surface Mount",100mW Thick Film Resistors 75V ±100ppm/°C ±1% 1MΩ 0603 Chip Resistor - Surface Mount ROHS
C22936,Basic Component,0603WAF100KT5E,UNI-ROYAL(Uniroyal Elec),1Ω,R_0603,632912,0.005USD,"Resistors,Chip Resistor - Surface Mount",100mW Thick Film Resistors 75V ±1% ±400ppm/°C 1Ω 0603 Chip Resistor - Surface Mount ROHS
C22938,Preferred Component,0603WAF2204T5E,UNI-ROYAL(Uniroyal Elec),2.2MΩ,R_0603,98495,0.005USD,"Resistors,Chip Resistor - Surface Mount",100mW Thick Film Resistors 75V ±100ppm/°C ±1% 2.2MΩ 0603 Chip Resistor - Surface Mount ROHS
C22939,Basic Component,0603WAF220KT5E,UNI-ROYAL(Uniroyal Elec),2.2Ω,R_0603,488876,0.005USD,"Resistors,Chip Resistor - Surface Mount",100mW Thick Film Resistors 75V ±1% ±400ppm/°C 2.2Ω 0603 Chip Resistor - Surface Mount ROHS
C22940,Basic Component,0603WAF2401T5E,UNI-ROYAL(Uniroyal Elec),2.4kΩ,R_0603,281990,0.004USD,"Resistors,Chip Resistor - Surface Mount",100mW Thick Film Resistors 75V ±100ppm/°C ±1% 2.4kΩ 0603 Chip Resistor - Surface Mount ROHS
C22950,Basic Component,0603WAF200JT5E,UNI-ROYAL(Uniroyal Elec),20Ω,R_0603,614702,0.004USD,"Resistors,Chip Resistor - Surface Mount",100mW Thick Film Resistors 75V ±100ppm/°C ±1% 20Ω 0603 Chip Resistor - Surface Mount ROHS
C22961,Basic Component,0603WAF2203T5E,UNI-ROYAL(Uniroyal Elec),220kΩ,R_0603,482243,0.004USD,"Resistors,Chip Resistor - Surface Mount",100mW Thick Film Resistors 75V ±100ppm/°C ±1% 220kΩ 0603 Chip Resistor - Surface Mount ROHS
C22962,Basic Component,0603WAF2200T5E,UNI-ROYAL(Uniroyal Elec),220Ω,R_0603,3019407,0.004USD,"Resistors,Chip Resistor - Surface Mount",100mW Thick Film Resistors 75V ±100ppm/°C ±1% 220Ω 0603 Chip Resistor - Surface Mount ROHS
C22965,Preferred Component,0603WAF2703T5E,UNI-ROYAL(Uniroyal Elec),270kΩ,R_0603,115407,0.004USD,"Resistors,Chip Resistor - Surface Mount",100mW Thick Film Resistors 75V ±100ppm/°C ±1% 270kΩ 0603 Chip Resistor - Surface Mount ROHS
C22966,Basic Component,0603WAF2700T5E,UNI-ROYAL(Uniroyal Elec),270Ω,R_0603,208522,0.004USD,"Resistors,Chip Resistor - Surface Mount",100mW Thick Film Resistors 75V ±100ppm/°C ±1% 270Ω 0603 Chip Resistor - Surface Mount ROHS
C22967,Basic Component,0603WAF2702T5E,UNI-ROYAL(Uniroyal Elec),27kΩ,R_0603,708507,0.004USD,"Resistors,Chip Resistor - Surface Mount",100mW Thick Film Resistors 75V ±100ppm/°C ±1% 27kΩ 0603 Chip Resistor - Surface Mount ROHS
C22975,Basic Component,0603WAF2001T5E,UNI-ROYAL(Uniroyal Elec),2kΩ,R_0603,5644078,0.004USD,"Resistors,Chip Resistor - Surface Mount",100mW Thick Film Resistors 75V ±100ppm/°C ±1% 2kΩ 0603 Chip Resistor - Surface Mount ROHS
C22976,Basic Component,0603WAF2004T5E,UNI-ROYAL(Uniroyal Elec),2MΩ,R_0603,331035,0.005USD,"Resistors,Chip Resistor - Surface Mount",100mW Thick Film Resistors 75V ±100ppm/°C ±1% 2MΩ 0603 Chip Resistor - Surface Mount ROHS
C22977,Basic Component,0603WAF200KT5E,UNI-ROYAL(Uniroyal Elec),2Ω,R_0603,880724,0.005USD,"Resistors,Chip Resistor - Surface Mount",100mW Thick Film Resistors 75V ±1% ±200ppm/°C 2Ω 0603 Chip Resistor - Surface Mount ROHS
C22978,Basic Component,0603WAF3301T5E,UNI-ROYAL(Uniroyal Elec),3.3kΩ,R_0603,2152628,0.004USD,"Resistors,Chip Resistor - Surface Mount",100mW Thick Film Resistors 75V ±100ppm/°C ±1% 3.3kΩ 0603 Chip Resistor - Surface Mount ROHS
C22980,Basic Component,0603WAF3601T5E,UNI-ROYAL(Uniroyal Elec),3.6kΩ,R_0603,276439,0.004USD,"Resistors,Chip Resistor - Surface Mount",100mW Thick Film Resistors 75V ±100ppm/°C ±1% 3.6kΩ 0603 Chip Resistor - Surface Mount ROHS
C22984,Basic Component,0603WAF3002T5E,UNI-ROYAL(Uniroyal Elec),30kΩ,R_0603,753239,0.004USD,"Resistors,Chip Resistor - Surface Mount",100mW Thick Film Resistors 75V ±100ppm/°C ±1% 30kΩ 0603 Chip Resistor - Surface Mount ROHS
C23018,Basic Component,0603WAF3901T5E,UNI-ROYAL(Uniroyal Elec),3.9kΩ,R_0603,421083,0.004USD,"Resistors,Chip Resistor - Surface Mount",100mW Thick Film Resistors 75V ±100ppm/°C ±1% 3.9kΩ 0603 Chip Resistor - Surface Mount ROHS
C23024,Basic Component,0603WAF3003T5E,UNI-ROYAL(Uniroyal Elec),300kΩ,R_0603,458576,0.004USD,"Resistors,Chip Resistor - Surface Mount",100mW Thick Film Resistors 75V ±100ppm/°C ±1% 300kΩ 0603 Chip Resistor - Surface Mount ROHS
C23025,Basic Component,0603WAF3000T5E,UNI-ROYAL(Uniroyal Elec),300Ω,R_0603,372967,0.004USD,"Resistors,Chip Resistor - Surface Mount",100mW Thick Film Resistors 75V ±100ppm/°C ±1% 300Ω 0603 Chip Resistor - Surface Mount ROHS
C23046,Basic Component,0603WAF4991T5E,UNI-ROYAL(Uniroyal Elec),4.99kΩ,R_0603,396374,0.004USD,"Resistors,Chip Resistor - Surface Mount",100mW Thick Film Resistors 75V ±100ppm/°C ±1% 4.99kΩ 0603 Chip Resistor - Surface Mount ROHS
C23137,Basic Component,0603WAF3303T5E,UNI-ROYAL(Uniroyal Elec),330kΩ,R_0603,575096,0.004USD,"Resistors,Chip Resistor - Surface Mount",100mW Thick Film Resistors 75V ±100ppm/°C ±1% 330kΩ 0603 Chip Resistor - Surface Mount ROHS
C23138,Basic Component,0603WAF3300T5E,UNI-ROYAL(Uniroyal Elec),330Ω,R_0603,2977706,0.004USD,"Resistors,Chip Resistor - Surface Mount",100mW Thick Film Resistors 75V ±100ppm/°C ±1% 330Ω 0603 Chip Resistor - Surface Mount ROHS
C23140,Basic Component,0603WAF330JT5E,UNI-ROYAL(Uniroyal Elec),33Ω,R_0603,2319032,0.004USD,"Resistors,Chip Resistor - Surface Mount",100mW Thick Film Resistors 75V ±100ppm/°C ±1% 33Ω 0603 Chip Resistor - Surface Mount ROHS
C23146,Preferred Component,0603WAF3603T5E,UNI-ROYAL(Uniroyal Elec),360kΩ,R_0603,94390,0.004USD,"Resistors,Chip Resistor - Surface Mount",100mW Thick Film Resistors 75V ±100ppm/°C ±1% 360kΩ 0603 Chip Resistor - Surface Mount ROHS
C23147,Preferred Component,0603WAF3602T5E,UNI-ROYAL(Uniroyal Elec),36kΩ,R_0603,258935,0.004USD,"Resistors,Chip Resistor - Surface Mount",100mW Thick Film Resistors 75V ±100ppm/°C ±1% 36kΩ 0603 Chip Resistor - Surface Mount ROHS
C23150,Preferred Component,0603WAF3903T5E,UNI-ROYAL(Uniroyal Elec),390kΩ,R_0603,247465,0.004USD,"Resistors,Chip Resistor - Surface Mount",100mW Thick Film Resistors 75V ±100ppm/°C ±1% 390kΩ 0603 Chip Resistor - Surface Mount ROHS
C23151,Basic Component,0603WAF3900T5E,UNI-ROYAL(Uniroyal Elec),390Ω,R_0603,1050775,0.004USD,"Resistors,Chip Resistor - Surface Mount",100mW Thick Film Resistors 75V ±100ppm/°C ±1% 390Ω 0603 Chip Resistor - Surface Mount ROHS
C23153,Basic Component,0603WAF3902T5E,UNI-ROYAL(Uniroyal Elec),39kΩ,R_0603,323259,0.004USD,"Resistors,Chip Resistor - Surface Mount",100mW Thick Film Resistors 75V ±100ppm/°C ±1% 39kΩ 0603 Chip Resistor - Surface Mount ROHS
C23156,Preferred Component,0603WAF3004T5E,UNI-ROYAL(Uniroyal Elec),3MΩ,R_0603,74853,0.005USD,"Resistors,Chip Resistor - Surface Mount",100mW Thick Film Resistors 75V ±100ppm/°C ±1% 3MΩ 0603 Chip Resistor - Surface Mount ROHS
C23159,Preferred Component,0603WAF4301T5E,UNI-ROYAL(Uniroyal Elec),4.3kΩ,R_0603,410019,0.004USD,"Resistors,Chip Resistor - Surface Mount",100mW Thick Film Resistors 75V ±100ppm/°C ±1% 4.3kΩ 0603 Chip Resistor - Surface Mount ROHS
C23162,Basic Component,0603WAF4701T5E,UNI-ROYAL(Uniroyal Elec),4.7kΩ,R_0603,11302490,0.004USD,"Resistors,Chip Resistor - Surface Mount",100mW Thick Film Resistors 75V ±100ppm/°C ±1% 4.7kΩ 0603 Chip Resistor - Surface Mount ROHS
C23163,Preferred Component,0603WAF4704T5E,UNI-ROYAL(Uniroyal Elec),4.7MΩ,R_0603,143642,0.005USD,"Resistors,Chip Resistor - Surface Mount",100mW Thick Film Resistors 75V ±100ppm/°C ±1% 4.7MΩ 0603 Chip Resistor - Surface Mount ROHS
C23164,Basic Component,0603WAF470KT5E,UNI-ROYAL(Uniroyal Elec),4.7Ω,R_0603,508307,0.005USD,"Resistors,Chip Resistor - Surface Mount",100mW Thick Film Resistors 75V ±1% ±400ppm/°C 4.7Ω 0603 Chip Resistor - Surface Mount ROHS
C23170,Preferred Component,0603WAF4300T5E,UNI-ROYAL(Uniroyal Elec),430Ω,R_0603,231507,0.004USD,"Resistors,Chip Resistor - Surface Mount",100mW Thick Film Resistors 75V ±100ppm/°C ±1% 430Ω 0603 Chip Resistor - Surface Mount ROHS
C23172,Preferred Component,0603WAF4302T5E,UNI-ROYAL(Uniroyal Elec),43kΩ,R_0603,270552,0.004USD,"Resistors,Chip Resistor - Surface Mount",100mW Thick Film Resistors 75V ±100ppm/°C ±1% 43kΩ 0603 Chip Resistor - Surface Mount ROHS
C23178,Basic Component,0603WAF4703T5E,UNI-ROYAL(Uniroyal Elec),470kΩ,R_0603,603438,0.004USD,"Resistors,Chip Resistor - Surface Mount",100mW Thick Film Resistors 75V ±100ppm/°C ±1% 470kΩ 0603 Chip Resistor - Surface Mount ROHS
C23179,Basic Component,0603WAF4700T5E,UNI-ROYAL(Uniroyal Elec),470Ω,R_0603,3910258,0.004USD,"Resistors,Chip Resistor - Surface Mount",100mW Thick Film Resistors 75V ±100ppm/°C ±1% 470Ω 0603 Chip Resistor - Surface Mount ROHS
C23182,Basic Component,0603WAF470JT5E,UNI-ROYAL(Uniroyal Elec),47Ω,R_0603,1005542,0.004USD,"Resistors,Chip Resistor - Surface Mount",100mW Thick Film Resistors 75V ±100ppm/°C ±1% 47Ω 0603 Chip Resistor - Surface Mount ROHS
C23184,Basic Component,0603WAF4992T5E,UNI-ROYAL(Uniroyal Elec),49.9kΩ,R_0603,559073,0.004USD,"Resistors,Chip Resistor - Surface Mount",100mW Thick Film Resistors 75V ±100ppm/°C ±1% 49.9kΩ 0603 Chip Resistor - Surface Mount ROHS
C23185,Basic Component,0603WAF499JT5E,UNI-ROYAL(Uniroyal Elec),49.9Ω,R_0603,983409,0.004USD,"Resistors,Chip Resistor - Surface Mount",100mW Thick Film Resistors 75V ±100ppm/°C ±1% 49.9Ω 0603 Chip Resistor - Surface Mount ROHS
C23186,Basic Component,0603WAF5101T5E,UNI-ROYAL(Uniroyal Elec),5.1kΩ,R_0603,9223405,0.004USD,"Resistors,Chip Resistor - Surface Mount",100mW Thick Film Resistors 75V ±100ppm/°C ±1% 5.1kΩ 0603 Chip Resistor - Surface Mount ROHS
C23189,Basic Component,0603WAF5601T5E,UNI-ROYAL(Uniroyal Elec),5.6kΩ,R_0603,401557,0.004USD,"Resistors,Chip Resistor - Surface Mount",100mW Thick Film Resistors 75V ±100ppm/°C ±1% 5.6kΩ 0603 Chip Resistor - Surface Mount ROHS
C23192,Basic Component,0603WAF5103T5E,UNI-ROYAL(Uniroyal Elec),510kΩ,R_0603,371680,0.004USD,"Resistors,Chip Resistor - Surface Mount",100mW Thick Film Resistors 75V ±100ppm/°C ±1% 510kΩ 0603 Chip Resistor - Surface Mount ROHS
C23193,Basic Component,0603WAF5100T5E,UNI-ROYAL(Uniroyal Elec),510Ω,R_0603,3422166,0.004USD,"Resistors,Chip Resistor - Surface Mount",100mW Thick Film Resistors 75V ±100ppm/°C ±1% 510Ω 0603 Chip Resistor - Surface Mount ROHS
C23196,Basic Component,0603WAF5102T5E,UNI-ROYAL(Uniroyal Elec),51kΩ,R_0603,1964861,0.004USD,"Resistors,Chip Resistor - Surface Mount",100mW Thick Film Resistors 75V ±100ppm/°C ±1% 51kΩ 0603 Chip Resistor - Surface Mount ROHS
C23197,Basic Component,0603WAF510JT5E,UNI-ROYAL(Uniroyal Elec),51Ω,R_0603,880163,0.004USD,"Resistors,Chip Resistor - Surface Mount",100mW Thick Film Resistors 75V ±100ppm/°C ±1% 51Ω 0603 Chip Resistor - Surface Mount ROHS
C23203,Preferred Component,0603WAF5603T5E,UNI-ROYAL(Uniroyal Elec),560kΩ,R_0603,214588,0.004USD,"Resistors,Chip Resistor - Surface Mount",100mW Thick Film Resistors 75V ±100ppm/°C ±1% 560kΩ 0603 Chip Resistor - Surface Mount ROHS
C23204,Basic Component,0603WAF5600T5E,UNI-ROYAL(Uniroyal Elec),560Ω,R_0603,1013712,0.004USD,"Resistors,Chip Resistor - Surface Mount",100mW Thick Film Resistors 75V ±100ppm/°C ±1% 560Ω 0603 Chip Resistor - Surface Mount ROHS
C23206,Basic Component,0603WAF5602T5E,UNI-ROYAL(Uniroyal Elec),56kΩ,R_0603,358487,0.004USD,"Resistors,Chip Resistor - Surface Mount",100mW Thick Film Resistors 75V ±100ppm/°C ±1% 56kΩ 0603 Chip Resistor - Surface Mount ROHS
C23212,Basic Component,0603WAF6801T5E,UNI-ROYAL(Uniroyal Elec),6.8kΩ,R_0603,843789,0.004USD,"Resistors,Chip Resistor - Surface Mount",100mW Thick Film Resistors 75V ±100ppm/°C ±1% 6.8kΩ 0603 Chip Resistor - Surface Mount ROHS
C23220,Preferred Component,0603WAF6200T5E,UNI-ROYAL(Uniroyal Elec),620Ω,R_0603,229300,0.004USD,"Resistors,Chip Resistor - Surface Mount",100mW Thick Film Resistors 75V ±100ppm/°C ±1% 620Ω 0603 Chip Resistor - Surface Mount ROHS
C23221,Preferred Component,0603WAF6202T5E,UNI-ROYAL(Uniroyal Elec),62kΩ,R_0603,245816,0.004USD,"Resistors,Chip Resistor - Surface Mount",100mW Thick Film Resistors 75V ±100ppm/°C ±1% 62kΩ 0603 Chip Resistor - Surface Mount ROHS
C23228,Basic Component,0603WAF6800T5E,UNI-ROYAL(Uniroyal Elec),680Ω,R_0603,1146230,0.004USD,"Resistors,Chip Resistor - Surface Mount",100mW Thick Film Resistors 75V ±100ppm/°C ±1% 680Ω 0603 Chip Resistor - Surface Mount ROHS
C23231,Basic Component,0603WAF6802T5E,UNI-ROYAL(Uniroyal Elec),68kΩ,R_0603,702877,0.004USD,"Resistors,Chip Resistor - Surface Mount",100mW Thick Film Resistors 75V ±100ppm/°C ±1% 68kΩ 0603 Chip Resistor - Surface Mount ROHS
C23234,Basic Component,0603WAF7501T5E,UNI-ROYAL(Uniroyal Elec),7.5kΩ,R_0603,575684,0.004USD,"Resistors,Chip Resistor - Surface Mount",100mW Thick Film Resistors 75V ±100ppm/°C ±1% 7.5kΩ 0603 Chip Resistor - Surface Mount ROHS
C23240,Preferred Component,0603WAF7503T5E,UNI-ROYAL(Uniroyal Elec),750kΩ,R_0603,75852,0.004USD,"Resistors,Chip Resistor - Surface Mount",100mW Thick Film Resistors 75V ±100ppm/°C ±1% 750kΩ 0603 Chip Resistor - Surface Mount ROHS
C23241,Preferred Component,0603WAF7500T5E,UNI-ROYAL(Uniroyal Elec),750Ω,R_0603,190986,0.004USD,"Resistors,Chip Resistor - Surface Mount",100mW Thick Film Resistors 75V ±100ppm/°C ±1% 750Ω 0603 Chip Resistor - Surface Mount ROHS
C23242,Basic Component,0603WAF7502T5E,UNI-ROYAL(Uniroyal Elec),75kΩ,R_0603,435734,0.004USD,"Resistors,Chip Resistor - Surface Mount",100mW Thick Film Resistors 75V ±100ppm/°C ±1% 75kΩ 0603 Chip Resistor - Surface Mount ROHS
C23253,Basic Component,0603WAF8200T5E,UNI-ROYAL(Uniroyal Elec),820Ω,R_0603,695376,0.004USD,"Resistors,Chip Resistor - Surface Mount",100mW Thick Film Resistors 75V ±100ppm/°C ±1% 820Ω 0603 Chip Resistor - Surface Mount ROHS
C23254,Basic Component,0603WAF8202T5E,UNI-ROYAL(Uniroyal Elec),82kΩ,R_0603,541726,0.004USD,"Resistors,Chip Resistor - Surface Mount",100mW Thick Film Resistors 75V ±100ppm/°C ±1% 82kΩ 0603 Chip Resistor - Surface Mount ROHS
C23255,Preferred Component,0603WAF820JT5E,UNI-ROYAL(Uniroyal Elec),82Ω,R_0603,197735,0.004USD,"Resistors,Chip Resistor - Surface Mount",100mW Thick Film Resistors 75V ±100ppm/°C ±1% 82Ω 0603 Chip Resistor - Surface Mount ROHS
C23260,Basic Component,0603WAF9101T5E,UNI-ROYAL(Uniroyal Elec),9.1kΩ,R_0603,391306,0.004USD,"Resistors,Chip Resistor - Surface Mount",100mW Thick Film Resistors 75V ±100ppm/°C ±1% 9.1kΩ 0603 Chip Resistor - Surface Mount ROHS
C23265,Preferred Component,0603WAF9102T5E,UNI-ROYAL(Uniroyal Elec),91kΩ,R_0603,346638,0.004USD,"Resistors,Chip Resistor - Surface Mount",100mW Thick Film Resistors 75V ±100ppm/°C ±1% 91kΩ 0603 Chip Resistor - Surface Mount ROHS
C23345,Basic Component,0603WAF220JT5E,UNI-ROYAL(Uniroyal Elec),22Ω,R_0603,4414856,0.004USD,"Resistors,Chip Resistor - Surface Mount",100mW Thick Film Resistors 75V ±100ppm/°C ±1% 22Ω 0603 Chip Resistor - Surface Mount ROHS
C23350,Preferred Component,0603WAF2400T5E,UNI-ROYAL(Uniroyal Elec),240Ω,R_0603,583835,0.004USD,"Resistors,Chip Resistor - Surface Mount",100mW Thick Film Resistors 75V ±100ppm/°C ±1% 240Ω 0603 Chip Resistor - Surface Mount ROHS
C23352,Basic Component,0603WAF2402T5E,UNI-ROYAL(Uniroyal Elec),24kΩ,R_0603,610277,0.004USD,"Resistors,Chip Resistor - Surface Mount",100mW Thick Film Resistors 75V ±100ppm/°C ±1% 24kΩ 0603 Chip Resistor - Surface Mount ROHS
C25190,Preferred Component,0603WAF270JT5E,UNI-ROYAL(Uniroyal Elec),27Ω,R_0603,142317,0.004USD,"Resistors,Chip Resistor - Surface Mount",100mW Thick Film Resistors 75V ±1% ±200ppm/°C 27Ω 0603 Chip Resistor - Surface Mount ROHS
C25194,Preferred Component,0603WAF3600T5E,UNI-ROYAL(Uniroyal Elec),360Ω,R_0603,443035,0.004USD,"Resistors,Chip Resistor - Surface Mount",100mW Thick Film Resistors 75V ±100ppm/°C ±1% 360Ω 0603 Chip Resistor - Surface Mount ROHS
C25196,Preferred Component,0603WAF560JT5E,UNI-ROYAL(Uniroyal Elec),56Ω,R_0603,115138,0.004USD,"Resistors,Chip Resistor - Surface Mount",100mW Thick Film Resistors 75V ±1% ±200ppm/°C 56Ω 0603 Chip Resistor - Surface Mount ROHS
C25197,Basic Component,0603WAF510KT5E,UNI-ROYAL(Uniroyal Elec),5.1Ω,R_0603,349072,0.005USD,"Resistors,Chip Resistor - Surface Mount",100mW Thick Film Resistors 75V ±1% ±200ppm/°C 5.1Ω 0603 Chip Resistor - Surface Mount ROHS
C25803,Basic Component,0603WAF1003T5E,UNI-ROYAL(Uniroyal Elec),100kΩ,R_0603,7820113,0.004USD,"Resistors,Chip Resistor - Surface Mount",100mW Thick Film Resistors 75V ±100ppm/°C ±1% 100kΩ 0603 Chip Resistor - Surface Mount ROHS
C25804,Basic Component,0603WAF1002T5E,UNI-ROYAL(Uniroyal Elec),10kΩ,R_0603,51181774,0.004USD,"Resistors,Chip Resistor - Surface Mount",100mW Thick Film Resistors 75V ±100ppm/°C ±1% 10kΩ 0603 Chip Resistor - Surface Mount ROHS
C25805,Preferred Component,0603WAF1103T5E,UNI-ROYAL(Uniroyal Elec),110kΩ,R_0603,108480,0.004USD,"Resistors,Chip Resistor - Surface Mount",100mW Thick Film Resistors 75V ±100ppm/°C ±1% 110kΩ 0603 Chip Resistor - Surface Mount ROHS
C25808,Basic Component,0603WAF1203T5E,UNI-ROYAL(Uniroyal Elec),120kΩ,R_0603,1004070,0.004USD,"Resistors,Chip Resistor - Surface Mount",100mW Thick Film Resistors 75V ±100ppm/°C ±1% 120kΩ 0603 Chip Resistor - Surface Mount ROHS
C25810,Basic Component,0603WAF1802T5E,UNI-ROYAL(Uniroyal Elec),18kΩ,R_0603,574660,0.004USD,"Resistors,Chip Resistor - Surface Mount",100mW Thick Film Resistors 75V ±100ppm/°C ±1% 18kΩ 0603 Chip Resistor - Surface Mount ROHS
C25811,Basic Component,0603WAF2003T5E,UNI-ROYAL(Uniroyal Elec),200kΩ,R_0603,1426208,0.004USD,"Resistors,Chip Resistor - Surface Mount",100mW Thick Film Resistors 75V ±100ppm/°C ±1% 200kΩ 0603 Chip Resistor - Surface Mount ROHS
C25819,Basic Component,0603WAF4702T5E,UNI-ROYAL(Uniroyal Elec),47kΩ,R_0603,2267414,0.004USD,"Resistors,Chip Resistor - Surface Mount",100mW Thick Film Resistors 75V ±100ppm/°C ±1% 47kΩ 0603 Chip Resistor - Surface Mount ROHS
C25822,Preferred Component,0603WAF6803T5E,UNI-ROYAL(Uniroyal Elec),680kΩ,R_0603,105039,0.004USD,"Resistors,Chip Resistor - Surface Mount",100mW Thick Film Resistors 75V ±100ppm/°C ±1% 680kΩ 0603 Chip Resistor - Surface Mount ROHS
C25950,Preferred Component,0603WAF1102T5E,UNI-ROYAL(Uniroyal Elec),11kΩ,R_0603,332012,0.004USD,"Resistors,Chip Resistor - Surface Mount",100mW Thick Film Resistors 75V ±100ppm/°C ±1% 11kΩ 0603 Chip Resistor - Surface Mount ROHS
C25969,Preferred Component,0603WAF4303T5E,UNI-ROYAL(Uniroyal Elec),430kΩ,R_0603,6088,0.004USD,"Resistors,Chip Resistor - Surface Mount",100mW Thick Film Resistors 75V ±100ppm/°C ±1% 430kΩ 0603 Chip Resistor - Surface Mount ROHS
C25981,Basic Component,0603WAF8201T5E,UNI-ROYAL(Uniroyal Elec),8.2kΩ,R_0603,452135,0.004USD,"Resistors,Chip Resistor - Surface Mount",100mW Thick Film Resistors 75V ±100ppm/°C ±1% 8.2kΩ 0603 Chip Resistor - Surface Mount ROHS
C27592,Preferred Component,0603WAF680JT5E,UNI-ROYAL(Uniroyal Elec),68Ω,R_0603,1424068,0.004USD,"Resistors,Chip Resistor - Surface Mount",100mW Thick Film Resistors 75V ±100ppm/°C ±1% 68Ω 0603 Chip Resistor - Surface Mount ROHS
C31850,Basic Component,0603WAF2202T5E,UNI-ROYAL(Uniroyal Elec),22kΩ,R_0603,1601895,0.004USD,"Resistors,Chip Resistor - Surface Mount",100mW Thick Film Resistors 75V ±100ppm/°C ±1% 22kΩ 0603 Chip Resistor - Surface Mount ROHS
C4310,Basic Component,0805W8F1501T5E,UNI-ROYAL(Uniroyal Elec),1.5kΩ,R_0805,447558,0.005USD,"Resistors,Chip Resistor - Surface Mount",125mW Thick Film Resistors 150V ±100ppm/°C ±1% 1.5kΩ 0805 Chip Resistor - Surface Mount ROHS
C4328,Basic Component,0805W8F2002T5E,UNI-ROYAL(Uniroyal Elec),20kΩ,R_0805,1613783,0.005USD,"Resistors,Chip Resistor - Surface Mount",125mW Thick Film Resistors 150V ±100ppm/°C ±1% 20kΩ 0805 Chip Resistor - Surface Mount ROHS
C4360,Preferred Component,0805W8F3602T5E,UNI-ROYAL(Uniroyal Elec),36kΩ,R_0805,70931,0.005USD,"Resistors,Chip Resistor - Surface Mount",125mW Thick Film Resistors 150V ±100ppm/°C ±1% 36kΩ 0805 Chip Resistor - Surface Mount ROHS
C4382,Basic Component,0805W8F5601T5E,UNI-ROYAL(Uniroyal Elec),5.6kΩ,R_0805,625371,0.005USD,"Resistors,Chip Resistor - Surface Mount",125mW Thick Film Resistors 150V ±100ppm/°C ±1% 5.6kΩ 0805 Chip Resistor - Surface Mount ROHS
C17379,Basic Component,0805W8F1201T5E,UNI-ROYAL(Uniroyal Elec),1.2kΩ,R_0805,288664,0.005USD,"Resistors,Chip Resistor - Surface Mount",125mW Thick Film Resistors 150V ±100ppm/°C ±1% 1.2kΩ 0805 Chip Resistor - Surface Mount ROHS
C17398,Preferred Component,0805W8F1801T5E,UNI-ROYAL(Uniroyal Elec),1.8kΩ,R_0805,170330,0.005USD,"Resistors,Chip Resistor - Surface Mount",125mW Thick Film Resistors 150V ±100ppm/°C ±1% 1.8kΩ 0805 Chip Resistor - Surface Mount ROHS
C17408,Basic Component,0805W8F1000T5E,UNI-ROYAL(Uniroyal Elec),100Ω,R_0805,3356429,0.005USD,"Resistors,Chip Resistor - Surface Mount",125mW Thick Film Resistors 150V ±100ppm/°C ±1% 100Ω 0805 Chip Resistor - Surface Mount ROHS
C17414,Basic Component,0805W8F1002T5E,UNI-ROYAL(Uniroyal Elec),10kΩ,R_0805,12301172,0.005USD,"Resistors,Chip Resistor - Surface Mount",125mW Thick Film Resistors 150V ±100ppm/°C ±1% 10kΩ 0805 Chip Resistor - Surface Mount ROHS
C17415,Basic Component,0805W8F100JT5E,UNI-ROYAL(Uniroyal Elec),10Ω,R_0805,3283689,0.005USD,"Resistors,Chip Resistor - Surface Mount",125mW Thick Film Resistors 150V ±1% ±200ppm/°C 10Ω 0805 Chip Resistor - Surface Mount ROHS
C17429,Preferred Component,0805W8F1102T5E,UNI-ROYAL(Uniroyal Elec),11kΩ,R_0805,118701,0.005USD,"Resistors,Chip Resistor - Surface Mount",125mW Thick Film Resistors 150V ±100ppm/°C ±1% 11kΩ 0805 Chip Resistor - Surface Mount ROHS
C17436,Preferred Component,0805W8F1203T5E,UNI-ROYAL(Uniroyal Elec),120kΩ,R_0805,71133,0.005USD,"Resistors,Chip Resistor - Surface Mount",125mW Thick Film Resistors 150V ±100ppm/°C ±1% 120kΩ 0805 Chip Resistor - Surface Mount ROHS
C17437,Basic Component,0805W8F1200T5E,UNI-ROYAL(Uniroyal Elec),120Ω,R_0805,640221,0.005USD,"Resistors,Chip Resistor - Surface Mount",125mW Thick Film Resistors 150V ±100ppm/°C ±1% 120Ω 0805 Chip Resistor - Surface Mount ROHS
C17444,Basic Component,0805W8F1202T5E,UNI-ROYAL(Uniroyal Elec),12kΩ,R_0805,204708,0.005USD,"Resistors,Chip Resistor - Surface Mount",125mW Thick Film Resistors 150V ±100ppm/°C ±1% 12kΩ 0805 Chip Resistor - Surface Mount ROHS
C17455,Preferred Component,0805W8F1302T5E,UNI-ROYAL(Uniroyal Elec),13kΩ,R_0805,50580,0.005USD,"Resistors,Chip Resistor - Surface Mount",125mW Thick Film Resistors 150V ±100ppm/°C ±1% 13kΩ 0805 Chip Resistor - Surface Mount ROHS
C17470,Basic Component,0805W8F1503T5E,UNI-ROYAL(Uniroyal Elec),150kΩ,R_0805,266545,0.005USD,"Resistors,Chip Resistor - Surface Mount",125mW Thick Film Resistors 150V ±100ppm/°C ±1% 150kΩ 0805 Chip Resistor - Surface Mount ROHS
C17471,Basic Component,0805W8F1500T5E,UNI-ROYAL(Uniroyal Elec),150Ω,R_0805,290540,0.005USD,"Resistors,Chip Resistor - Surface Mount",125mW Thick Film Resistors 150V ±100ppm/°C ±1% 150Ω 0805 Chip Resistor - Surface Mount ROHS
C17475,Basic Component,0805W8F1502T5E,UNI-ROYAL(Uniroyal Elec),15kΩ,R_0805,496149,0.005USD,"Resistors,Chip Resistor - Surface Mount",125mW Thick Film Resistors 150V ±100ppm/°C ±1% 15kΩ 0805 Chip Resistor - Surface Mount ROHS
C17477,Basic Component,0805W8F0000T5E,UNI-ROYAL(Uniroyal Elec),0Ω,R_0805,7792489,0.005USD,"Resistors,Chip Resistor - Surface Mount",125mW Thick Film Resistors 150V ±800ppm/°C ±1% 0Ω 0805 Chip Resistor - Surface Mount ROHS
C17480,Preferred Component,0805W8F150JT5E,UNI-ROYAL(Uniroyal Elec),15Ω,R_0805,232229,0.005USD,"Resistors,Chip Resistor - Surface Mount",125mW Thick Film Resistors 150V ±100ppm/°C ±1% 15Ω 0805 Chip Resistor - Surface Mount ROHS
C17490,Preferred Component,0805W8F1602T5E,UNI-ROYAL(Uniroyal Elec),16kΩ,R_0805,53053,0.005USD,"Resistors,Chip Resistor - Surface Mount",125mW Thick Film Resistors 150V ±100ppm/°C ±1% 16kΩ 0805 Chip Resistor - Surface Mount ROHS
C17501,Preferred Component,0805W8F1803T5E,UNI-ROYAL(Uniroyal Elec),180kΩ,R_0805,131260,0.005USD,"Resistors,Chip Resistor - Surface Mount",125mW Thick Film Resistors 150V ±100ppm/°C ±1% 180kΩ 0805 Chip Resistor - Surface Mount ROHS
C17506,Preferred Component,0805W8F1802T5E,UNI-ROYAL(Uniroyal Elec),18kΩ,R_0805,194835,0.005USD,"Resistors,Chip Resistor - Surface Mount",125mW Thick Film Resistors 150V ±100ppm/°C ±1% 18kΩ 0805 Chip Resistor - Surface Mount ROHS
C17513,Basic Component,0805W8F1001T5E,UNI-ROYAL(Uniroyal Elec),1kΩ,R_0805,7431283,0.005USD,"Resistors,Chip Resistor - Surface Mount",125mW Thick Film Resistors 150V ±100ppm/°C ±1% 1kΩ 0805 Chip Resistor - Surface Mount ROHS
C17514,Basic Component,0805W8F1004T5E,UNI-ROYAL(Uniroyal Elec),1MΩ,R_0805,859014,0.005USD,"Resistors,Chip Resistor - Surface Mount",125mW Thick Film Resistors 150V ±100ppm/°C ±1% 1MΩ 0805 Chip Resistor - Surface Mount ROHS
C17520,Basic Component,0805W8F2201T5E,UNI-ROYAL(Uniroyal Elec),2.2kΩ,R_0805,1012630,0.005USD,"Resistors,Chip Resistor - Surface Mount",125mW Thick Film Resistors 150V ±100ppm/°C ±1% 2.2kΩ 0805 Chip Resistor - Surface Mount ROHS
C17521,Basic Component,0805W8F220KT5E,UNI-ROYAL(Uniroyal Elec),2.2Ω,R_0805,143756,0.006USD,"Resistors,Chip Resistor - Surface Mount",125mW Thick Film Resistors 150V ±1% ±400ppm/°C 2.2Ω 0805 Chip Resistor - Surface Mount ROHS
C17526,Basic Component,0805W8F2401T5E,UNI-ROYAL(Uniroyal Elec),2.4kΩ,R_0805,163917,0.005USD,"Resistors,Chip Resistor - Surface Mount",125mW Thick Film Resistors 150V ±100ppm/°C ±1% 2.4kΩ 0805 Chip Resistor - Surface Mount ROHS
C17530,Basic Component,0805W8F2701T5E,UNI-ROYAL(Uniroyal Elec),2.7kΩ,R_0805,243860,0.005USD,"Resistors,Chip Resistor - Surface Mount",125mW Thick Film Resistors 150V ±100ppm/°C ±1% 2.7kΩ 0805 Chip Resistor - Surface Mount ROHS
C17539,Basic Component,0805W8F2003T5E,UNI-ROYAL(Uniroyal Elec),200kΩ,R_0805,672838,0.005USD,"Resistors,Chip Resistor - Surface Mount",125mW Thick Film Resistors 150V ±100ppm/°C ±1% 200kΩ 0805 Chip Resistor - Surface Mount ROHS
C17540,Basic Component,0805W8F2000T5E,UNI-ROYAL(Uniroyal Elec),200Ω,R_0805,552886,0.005USD,"Resistors,Chip Resistor - Surface Mount",125mW Thick Film Resistors 150V ±100ppm/°C ±1% 200Ω 0805 Chip Resistor - Surface Mount ROHS
C17544,Basic Component,0805W8F200JT5E,UNI-ROYAL(Uniroyal Elec),20Ω,R_0805,881217,0.005USD,"Resistors,Chip Resistor - Surface Mount",125mW Thick Film Resistors 150V ±1% ±200ppm/°C 20Ω 0805 Chip Resistor - Surface Mount ROHS
C17556,Basic Component,0805W8F2203T5E,UNI-ROYAL(Uniroyal Elec),220kΩ,R_0805,148221,0.005USD,"Resistors,Chip Resistor - Surface Mount",125mW Thick Film Resistors 150V ±100ppm/°C ±1% 220kΩ 0805 Chip Resistor - Surface Mount ROHS
C17557,Basic Component,0805W8F2200T5E,UNI-ROYAL(Uniroyal Elec),220Ω,R_0805,655642,0.005USD,"Resistors,Chip Resistor - Surface Mount",125mW Thick Film Resistors 150V ±100ppm/°C ±1% 220Ω 0805 Chip Resistor - Surface Mount ROHS
C17560,Basic Component,0805W8F2202T5E,UNI-ROYAL(Uniroyal Elec),22kΩ,R_0805,534855,0.005USD,"Resistors,Chip Resistor - Surface Mount",125mW Thick Film Resistors 150V ±100ppm/°C ±1% 22kΩ 0805 Chip Resistor - Surface Mount ROHS
C17561,Basic Component,0805W8F220JT5E,UNI-ROYAL(Uniroyal Elec),22Ω,R_0805,551567,0.005USD,"Resistors,Chip Resistor - Surface Mount",125mW Thick Film Resistors 150V ±100ppm/°C ±1% 22Ω 0805 Chip Resistor - Surface Mount ROHS
C17572,Preferred Component,0805W8F2400T5E,UNI-ROYAL(Uniroyal Elec),240Ω,R_0805,474310,0.005USD,"Resistors,Chip Resistor - Surface Mount",125mW Thick Film Resistors 150V ±100ppm/°C ±1% 240Ω 0805 Chip Resistor - Surface Mount ROHS
C17575,Basic Component,0805W8F2402T5E,UNI-ROYAL(Uniroyal Elec),24kΩ,R_0805,128783,0.005USD,"Resistors,Chip Resistor - Surface Mount",125mW Thick Film Resistors 150V ±100ppm/°C ±1% 24kΩ 0805 Chip Resistor - Surface Mount ROHS
C17589,Preferred Component,0805W8F2703T5E,UNI-ROYAL(Uniroyal Elec),270kΩ,R_0805,57280,0.005USD,"Resistors,Chip Resistor - Surface Mount",125mW Thick Film Resistors 150V ±100ppm/°C ±1% 270kΩ 0805 Chip Resistor - Surface Mount ROHS
C17590,Preferred Component,0805W8F2700T5E,UNI-ROYAL(Uniroyal Elec),270Ω,R_0805,203958,0.005USD,"Resistors,Chip Resistor - Surface Mount",125mW Thick Film Resistors 150V ±100ppm/°C ±1% 270Ω 0805 Chip Resistor - Surface Mount ROHS
C17593,Basic Component,0805W8F2702T5E,UNI-ROYAL(Uniroyal Elec),27kΩ,R_0805,133568,0.005USD,"Resistors,Chip Resistor - Surface Mount",125mW Thick Film Resistors 150V ±100ppm/°C ±1% 27kΩ 0805 Chip Resistor - Surface Mount ROHS
C17594,Preferred Component,0805W8F270JT5E,UNI-ROYAL(Uniroyal Elec),27Ω,R_0805,157013,0.005USD,"Resistors,Chip Resistor - Surface Mount",125mW Thick Film Resistors 150V ±100ppm/°C ±1% 27Ω 0805 Chip Resistor - Surface Mount ROHS
C17604,Basic Component,0805W8F2001T5E,UNI-ROYAL(Uniroyal Elec),2kΩ,R_0805,2296950,0.005USD,"Resistors,Chip Resistor - Surface Mount",125mW Thick Film Resistors 150V ±100ppm/°C ±1% 2kΩ 0805 Chip Resistor - Surface Mount ROHS
C17606,Preferred Component,0805W8F200KT5E,UNI-ROYAL(Uniroyal Elec),2Ω,R_0805,148342,0.006USD,"Resistors,Chip Resistor - Surface Mount",125mW Thick Film Resistors 150V ±1% ±400ppm/°C 2Ω 0805 Chip Resistor - Surface Mount ROHS
C17614,Basic Component,0805W8F3901T5E,UNI-ROYAL(Uniroyal Elec),3.9kΩ,R_0805,340795,0.005USD,"Resistors,Chip Resistor - Surface Mount",125mW Thick Film Resistors 150V ±100ppm/°C ±1% 3.9kΩ 0805 Chip Resistor - Surface Mount ROHS
C17616,Preferred Component,0805W8F3003T5E,UNI-ROYAL(Uniroyal Elec),300kΩ,R_0805,110469,0.005USD,"Resistors,Chip Resistor - Surface Mount",125mW Thick Film Resistors 150V ±100ppm/°C ±1% 300kΩ 0805 Chip Resistor - Surface Mount ROHS
C17617,Basic Component,0805W8F3000T5E,UNI-ROYAL(Uniroyal Elec),300Ω,R_0805,492419,0.005USD,"Resistors,Chip Resistor - Surface Mount",125mW Thick Film Resistors 150V ±100ppm/°C ±1% 300Ω 0805 Chip Resistor - Surface Mount ROHS
C17621,Basic Component,0805W8F3002T5E,UNI-ROYAL(Uniroyal Elec),30kΩ,R_0805,535723,0.005USD,"Resistors,Chip Resistor - Surface Mount",125mW Thick Film Resistors 150V ±100ppm/°C ±1% 30kΩ 0805 Chip Resistor - Surface Mount ROHS
C17629,Preferred Component,0805W8F3303T5E,UNI-ROYAL(Uniroyal Elec),330kΩ,R_0805,127293,0.005USD,"Resistors,Chip Resistor - Surface Mount",125mW Thick Film Resistors 150V ±100ppm/°C ±1% 330kΩ 0805 Chip Resistor - Surface Mount ROHS
C17630,Basic Component,0805W8F3300T5E,UNI-ROYAL(Uniroyal Elec),330Ω,R_0805,1207392,0.005USD,"Resistors,Chip Resistor - Surface Mount",125mW Thick Film Resistors 150V ±100ppm/°C ±1% 330Ω 0805 Chip Resistor - Surface Mount ROHS
C17633,Basic Component,0805W8F3302T5E,UNI-ROYAL(Uniroyal Elec),33kΩ,R_0805,342884,0.005USD,"Resistors,Chip Resistor - Surface Mount",125mW Thick Film Resistors 150V ±100ppm/°C ±1% 33kΩ 0805 Chip Resistor - Surface Mount ROHS
C17634,Basic Component,0805W8F330JT5E,UNI-ROYAL(Uniroyal Elec),33Ω,R_0805,335994,0.005USD,"Resistors,Chip Resistor - Surface Mount",125mW Thick Film Resistors 150V ±1% ±200ppm/°C 33Ω 0805 Chip Resistor - Surface Mount ROHS
C17655,Basic Component,0805W8F3900T5E,UNI-ROYAL(Uniroyal Elec),390Ω,R_0805,187349,0.005USD,"Resistors,Chip Resistor - Surface Mount",125mW Thick Film Resistors 150V ±100ppm/°C ±1% 390Ω 0805 Chip Resistor - Surface Mount ROHS
C17656,Preferred Component,0805W8F3903T5E,UNI-ROYAL(Uniroyal Elec),390kΩ,R_0805,116598,0.005USD,"Resistors,Chip Resistor - Surface Mount",125mW Thick Film Resistors 150V ±100ppm/°C ±1% 390kΩ 0805 Chip Resistor - Surface Mount ROHS
C17661,Basic Component,0805W8F3001T5E,UNI-ROYAL(Uniroyal Elec),3kΩ,R_0805,597931,0.005USD,"Resistors,Chip Resistor - Surface Mount",125mW Thick Film Resistors 150V ±100ppm/°C ±1% 3kΩ 0805 Chip Resistor - Surface Mount ROHS
C17667,Preferred Component,0805W8F4301T5E,UNI-ROYAL(Uniroyal Elec),4.3kΩ,R_0805,275716,0.005USD,"Resistors,Chip Resistor - Surface Mount",125mW Thick Film Resistors 150V ±100ppm/°C ±1% 4.3kΩ 0805 Chip Resistor - Surface Mount ROHS
C17673,Basic Component,0805W8F4701T5E,UNI-ROYAL(Uniroyal Elec),4.7kΩ,R_0805,4733934,0.005USD,"Resistors,Chip Resistor - Surface Mount",125mW Thick Film Resistors 150V ±100ppm/°C ±1% 4.7kΩ 0805 Chip Resistor - Surface Mount ROHS
C17675,Basic Component,0805W8F470KT5E,UNI-ROYAL(Uniroyal Elec),4.7Ω,R_0805,295040,0.006USD,"Resistors,Chip Resistor - Surface Mount",125mW Thick Film Resistors 150V ±1% ±200ppm/°C 4.7Ω 0805 Chip Resistor - Surface Mount ROHS
C17677,Preferred Component,0805W8F4991T5E,UNI-ROYAL(Uniroyal Elec),4.99kΩ,R_0805,80110,0.005USD,"Resistors,Chip Resistor - Surface Mount",125mW Thick Film Resistors 150V ±100ppm/°C ±1% 4.99kΩ 0805 Chip Resistor - Surface Mount ROHS
C17695,Preferred Component,0805W8F4302T5E,UNI-ROYAL(Uniroyal Elec),43kΩ,R_0805,35372,0.005USD,"Resistors,Chip Resistor - Surface Mount",125mW Thick Film Resistors 150V ±100ppm/°C ±1% 43kΩ 0805 Chip Resistor - Surface Mount ROHS
C17709,Basic Component,0805W8F4703T5E,UNI-ROYAL(Uniroyal Elec),470kΩ,R_0805,467369,0.005USD,"Resistors,Chip Resistor - Surface Mount",125mW Thick Film Resistors 150V ±100ppm/°C ±1% 470kΩ 0805 Chip Resistor - Surface Mount ROHS
C17710,Basic Component,0805W8F4700T5E,UNI-ROYAL(Uniroyal Elec),470Ω,R_0805,931415,0.005USD,"Resistors,Chip Resistor - Surface Mount",125mW Thick Film Resistors 150V ±100ppm/°C ±1% 470Ω 0805 Chip Resistor - Surface Mount ROHS
C17713,Basic Component,0805W8F4702T5E,UNI-ROYAL(Uniroyal Elec),47kΩ,R_0805,900883,0.005USD,"Resistors,Chip Resistor - Surface Mount",125mW Thick Film Resistors 150V ±100ppm/°C ±1% 47kΩ 0805 Chip Resistor - Surface Mount ROHS
C17714,Basic Component,0805W8F470JT5E,UNI-ROYAL(Uniroyal Elec),47Ω,R_0805,284364,0.005USD,"Resistors,Chip Resistor - Surface Mount",125mW Thick Film Resistors 150V ±1% ±200ppm/°C 47Ω 0805 Chip Resistor - Surface Mount ROHS
C17719,Preferred Component,0805W8F4992T5E,UNI-ROYAL(Uniroyal Elec),49.9kΩ,R_0805,94407,0.005USD,"Resistors,Chip Resistor - Surface Mount",125mW Thick Film Resistors 150V ±100ppm/°C ±1% 49.9kΩ 0805 Chip Resistor - Surface Mount ROHS
C17720,Basic Component,0805W8F499JT5E,UNI-ROYAL(Uniroyal Elec),49.9Ω,R_0805,207522,0.005USD,"Resistors,Chip Resistor - Surface Mount",125mW Thick Film Resistors 150V ±100ppm/°C ±1% 49.9Ω 0805 Chip Resistor - Surface Mount ROHS
C17724,Basic Component,0805W8F510KT5E,UNI-ROYAL(Uniroyal Elec),5.1Ω,R_0805,209883,0.006USD,"Resistors,Chip Resistor - Surface Mount",125mW Thick Film Resistors 150V ±1% ±400ppm/°C 5.1Ω 0805 Chip Resistor - Surface Mount ROHS
C17733,Preferred Component,0805W8F5103T5E,UNI-ROYAL(Uniroyal Elec),510kΩ,R_0805,205137,0.005USD,"Resistors,Chip Resistor - Surface Mount",125mW Thick Film Resistors 150V ±100ppm/°C ±1% 510kΩ 0805 Chip Resistor - Surface Mount ROHS
C17734,Basic Component,0805W8F5100T5E,UNI-ROYAL(Uniroyal Elec),510Ω,R_0805,1161108,0.005USD,"Resistors,Chip Resistor - Surface Mount",125mW Thick Film Resistors 150V ±100ppm/°C ±1% 510Ω 0805 Chip Resistor - Surface Mount ROHS
C17737,Basic Component,0805W8F5102T5E,UNI-ROYAL(Uniroyal Elec),51kΩ,R_0805,572610,0.005USD,"Resistors,Chip Resistor - Surface Mount",125mW Thick Film Resistors 150V ±100ppm/°C ±1% 51kΩ 0805 Chip Resistor - Surface Mount ROHS
C17738,Basic Component,0805W8F510JT5E,UNI-ROYAL(Uniroyal Elec),51Ω,R_0805,285810,0.005USD,"Resistors,Chip Resistor - Surface Mount",125mW Thick Film Resistors 150V ±100ppm/°C ±1% 51Ω 0805 Chip Resistor - Surface Mount ROHS
C17756,Preferred Component,0805W8F5602T5E,UNI-ROYAL(Uniroyal Elec),56kΩ,R_0805,156287,0.005USD,"Resistors,Chip Resistor - Surface Mount",125mW Thick Film Resistors 150V ±100ppm/°C ±1% 56kΩ 0805 Chip Resistor - Surface Mount ROHS
C17757,Preferred Component,0805W8F560JT5E,UNI-ROYAL(Uniroyal Elec),56Ω,R_0805,62727,0.005USD,"Resistors,Chip Resistor - Surface Mount",125mW Thick Film Resistors 150V ±100ppm/°C ±1% 56Ω 0805 Chip Resistor - Surface Mount ROHS
C17767,Preferred Component,0805W8F6201T5E,UNI-ROYAL(Uniroyal Elec),6.2kΩ,R_0805,49886,0.005USD,"Resistors,Chip Resistor - Surface Mount",125mW Thick Film Resistors 150V ±100ppm/°C ±1% 6.2kΩ 0805 Chip Resistor - Surface Mount ROHS
C17772,Basic Component,0805W8F6801T5E,UNI-ROYAL(Uniroyal Elec),6.8kΩ,R_0805,198793,0.005USD,"Resistors,Chip Resistor - Surface Mount",125mW Thick Film Resistors 150V ±100ppm/°C ±1% 6.8kΩ 0805 Chip Resistor - Surface Mount ROHS
C17783,Preferred Component,0805W8F6202T5E,UNI-ROYAL(Uniroyal Elec),62kΩ,R_0805,53461,0.005USD,"Resistors,Chip Resistor - Surface Mount",125mW Thick Film Resistors 150V ±100ppm/°C ±1% 62kΩ 0805 Chip Resistor - Surface Mount ROHS
C17797,Preferred Component,0805W8F6803T5E,UNI-ROYAL(Uniroyal Elec),680kΩ,R_0805,83051,0.005USD,"Resistors,Chip Resistor - Surface Mount",125mW Thick Film Resistors 150V ±100ppm/°C ±1% 680kΩ 0805 Chip Resistor - Surface Mount ROHS
C17798,Basic Component,0805W8F6800T5E,UNI-ROYAL(Uniroyal Elec),680Ω,R_0805,294352,0.005USD,"Resistors,Chip Resistor - Surface Mount",125mW Thick Film Resistors 150V ±100ppm/°C ±1% 680Ω 0805 Chip Resistor - Surface Mount ROHS
C17801,Basic Component,0805W8F6802T5E,UNI-ROYAL(Uniroyal Elec),68kΩ,R_0805,215870,0.005USD,"Resistors,Chip Resistor - Surface Mount",125mW Thick Film Resistors 150V ±100ppm/°C ±1% 68kΩ 0805 Chip Resistor - Surface Mount ROHS
C17802,Preferred Component,0805W8F680JT5E,UNI-ROYAL(Uniroyal Elec),68Ω,R_0805,258215,0.005USD,"Resistors,Chip Resistor - Surface Mount",125mW Thick Film Resistors 150V ±1% ±200ppm/°C 68Ω 0805 Chip Resistor - Surface Mount ROHS
C17807,Preferred Component,0805W8F7501T5E,UNI-ROYAL(Uniroyal Elec),7.5kΩ,R_0805,161187,0.005USD,"Resistors,Chip Resistor - Surface Mount",125mW Thick Film Resistors 150V ±100ppm/°C ±1% 7.5kΩ 0805 Chip Resistor - Surface Mount ROHS
C17818,Preferred Component,0805W8F7500T5E,UNI-ROYAL(Uniroyal Elec),750Ω,R_0805,114026,0.005USD,"Resistors,Chip Resistor - Surface Mount",125mW Thick Film Resistors 150V ±100ppm/°C ±1% 750Ω 0805 Chip Resistor - Surface Mount ROHS
C17819,Preferred Component,0805W8F7502T5E,UNI-ROYAL(Uniroyal Elec),75kΩ,R_0805,314874,0.005USD,"Resistors,Chip Resistor - Surface Mount",125mW Thick Film Resistors 150V ±100ppm/°C ±1% 75kΩ 0805 Chip Resistor - Surface Mount ROHS
C17828,Basic Component,0805W8F8201T5E,UNI-ROYAL(Uniroyal Elec),8.2kΩ,R_0805,239068,0.005USD,"Resistors,Chip Resistor - Surface Mount",125mW Thick Film Resistors 150V ±100ppm/°C ±1% 8.2kΩ 0805 Chip Resistor - Surface Mount ROHS
C17837,Preferred Component,0805W8F8200T5E,UNI-ROYAL(Uniroyal Elec),820Ω,R_0805,155965,0.005USD,"Resistors,Chip Resistor - Surface Mount",125mW Thick Film Resistors 150V ±100ppm/°C ±1% 820Ω 0805 Chip Resistor - Surface Mount ROHS
C17840,Preferred Component,0805W8F8202T5E,UNI-ROYAL(Uniroyal Elec),82kΩ,R_0805,147954,0.005USD,"Resistors,Chip Resistor - Surface Mount",125mW Thick Film Resistors 150V ±100ppm/°C ±1% 82kΩ 0805 Chip Resistor - Surface Mount ROHS
C17855,Preferred Component,0805W8F9101T5E,UNI-ROYAL(Uniroyal Elec),9.1kΩ,R_0805,124720,0.005USD,"Resistors,Chip Resistor - Surface Mount",125mW Thick Film Resistors 150V ±100ppm/°C ±1% 9.1kΩ 0805 Chip Resistor - Surface Mount ROHS
C18359,Preferred Component,0805W8F3601T5E,UNI-ROYAL(Uniroyal Elec),3.6kΩ,R_0805,139568,0.005USD,"Resistors,Chip Resistor - Surface Mount",125mW Thick Film Resistors 150V ±100ppm/°C ±1% 3.6kΩ 0805 Chip Resistor - Surface Mount ROHS
C25270,Preferred Component,0805W8F1800T5E,UNI-ROYAL(Uniroyal Elec),180Ω,R_0805,224837,0.005USD,"Resistors,Chip Resistor - Surface Mount",125mW Thick Film Resistors 150V ±100ppm/°C ±1% 180Ω 0805 Chip Resistor - Surface Mount ROHS
C25271,Basic Component,0805W8F100KT5E,UNI-ROYAL(Uniroyal Elec),1Ω,R_0805,413540,0.006USD,"Resistors,Chip Resistor - Surface Mount",125mW Thick Film Resistors 150V ±1% ±400ppm/°C 1Ω 0805 Chip Resistor - Surface Mount ROHS
C25826,Preferred Component,0805W8F3902T5E,UNI-ROYAL(Uniroyal Elec),39kΩ,R_0805,231700,0.005USD,"Resistors,Chip Resistor - Surface Mount",125mW Thick Film Resistors 150V ±100ppm/°C ±1% 39kΩ 0805 Chip Resistor - Surface Mount ROHS
C26010,Basic Component,0805W8F3301T5E,UNI-ROYAL(Uniroyal Elec),3.3kΩ,R_0805,1045666,0.005USD,"Resistors,Chip Resistor - Surface Mount",125mW Thick Film Resistors 150V ±100ppm/°C ±1% 3.3kΩ 0805 Chip Resistor - Surface Mount ROHS
C26108,Preferred Component,0805W8F1005T5E,UNI-ROYAL(Uniroyal Elec),10MΩ,R_0805,385494,0.006USD,"Resistors,Chip Resistor - Surface Mount",125mW Thick Film Resistors 150V ±100ppm/°C ±1% 10MΩ 0805 Chip Resistor - Surface Mount ROHS
C26112,Preferred Component,0805W8F2004T5E,UNI-ROYAL(Uniroyal Elec),2MΩ,R_0805,313064,0.006USD,"Resistors,Chip Resistor - Surface Mount",125mW Thick Film Resistors 150V ±100ppm/°C ±1% 2MΩ 0805 Chip Resistor - Surface Mount ROHS
C26113,Preferred Component,0805W8F2204T5E,UNI-ROYAL(Uniroyal Elec),2.2MΩ,R_0805,134996,0.006USD,"Resistors,Chip Resistor - Surface Mount",125mW Thick Film Resistors 150V ±100ppm/°C ±1% 2.2MΩ 0805 Chip Resistor - Surface Mount ROHS
C27834,Basic Component,0805W8F5101T5E,UNI-ROYAL(Uniroyal Elec),5.1kΩ,R_0805,2790335,0.005USD,"Resistors,Chip Resistor - Surface Mount",125mW Thick Film Resistors 150V ±100ppm/°C ±1% 5.1kΩ 0805 Chip Resistor - Surface Mount ROHS
C28636,Basic Component,0805W8F5600T5E,UNI-ROYAL(Uniroyal Elec),560Ω,R_0805,185663,0.005USD,"Resistors,Chip Resistor - Surface Mount",125mW Thick Film Resistors 150V ±100ppm/°C ±1% 560Ω 0805 Chip Resistor - Surface Mount ROHS
C149504,Basic Component,0805W8F1003T5E,UNI-ROYAL(Uniroyal Elec),100kΩ,R_0805,3946237,0.005USD,"Resistors,Chip Resistor - Surface Mount",125mW Thick Film Resistors 150V ±100ppm/°C ±1% 100kΩ 0805 Chip Resistor - Surface Mount ROHS
C4410,Basic Component,1206W4F1001T5E,UNI-ROYAL(Uniroyal Elec),1kΩ,R_1206,1172991,0.006USD,"Resistors,Chip Resistor - Surface Mount",250mW Thick Film Resistors 200V ±1% 1kΩ 1206 Chip Resistor - Surface Mount ROHS
C17887,Basic Component,1206W4F3000T5E,UNI-ROYAL(Uniroyal Elec),300Ω,R_1206,183685,0.006USD,"Resistors,Chip Resistor - Surface Mount",250mW Thick Film Resistors 200V ±100ppm/°C ±1% 300Ω 1206 Chip Resistor - Surface Mount ROHS
C17888,Basic Component,1206W4F0000T5E,UNI-ROYAL(Uniroyal Elec),0Ω,R_1206,2371618,0.006USD,"Resistors,Chip Resistor - Surface Mount",250mW Thick Film Resistors 200V ±800ppm/°C ±1% 0Ω 1206 Chip Resistor - Surface Mount ROHS
C17900,Basic Component,1206W4F1003T5E,UNI-ROYAL(Uniroyal Elec),100kΩ,R_1206,822878,0.006USD,"Resistors,Chip Resistor - Surface Mount",250mW Thick Film Resistors 200V ±100ppm/°C ±1% 100kΩ 1206 Chip Resistor - Surface Mount ROHS
C17901,Basic Component,1206W4F1000T5E,UNI-ROYAL(Uniroyal Elec),100Ω,R_1206,1560750,0.006USD,"Resistors,Chip Resistor - Surface Mount",250mW Thick Film Resistors 200V ±100ppm/°C ±1% 100Ω 1206 Chip Resistor - Surface Mount ROHS
C17902,Basic Component,1206W4F1002T5E,UNI-ROYAL(Uniroyal Elec),10kΩ,R_1206,1031548,0.006USD,"Resistors,Chip Resistor - Surface Mount",250mW Thick Film Resistors 200V ±100ppm/°C ±1% 10kΩ 1206 Chip Resistor - Surface Mount ROHS
C17903,Basic Component,1206W4F100JT5E,UNI-ROYAL(Uniroyal Elec),10Ω,R_1206,1202175,0.006USD,"Resistors,Chip Resistor - Surface Mount",250mW Thick Film Resistors 200V ±1% ±400ppm/°C 10Ω 1206 Chip Resistor - Surface Mount ROHS
C17909,Basic Component,1206W4F1200T5E,UNI-ROYAL(Uniroyal Elec),120Ω,R_1206,622568,0.007USD,"Resistors,Chip Resistor - Surface Mount",250mW Thick Film Resistors 200V ±100ppm/°C ±1% 120Ω 1206 Chip Resistor - Surface Mount ROHS
C17924,Preferred Component,1206W4F1800T5E,UNI-ROYAL(Uniroyal Elec),180Ω,R_1206,39904,0.006USD,"Resistors,Chip Resistor - Surface Mount",250mW Thick Film Resistors 200V ±100ppm/°C ±1% 180Ω 1206 Chip Resistor - Surface Mount ROHS
C17927,Basic Component,1206W4F1004T5E,UNI-ROYAL(Uniroyal Elec),1MΩ,R_1206,754135,0.006USD,"Resistors,Chip Resistor - Surface Mount",250mW Thick Film Resistors 200V ±100ppm/°C ±1% 1MΩ 1206 Chip Resistor - Surface Mount ROHS
C17928,Basic Component,1206W4F100KT5E,UNI-ROYAL(Uniroyal Elec),1Ω,R_1206,682251,0.008USD,"Resistors,Chip Resistor - Surface Mount",250mW Thick Film Resistors 200V ±800ppm/°C ±1% 1Ω 1206 Chip Resistor - Surface Mount ROHS
C17936,Basic Component,1206W4F4701T5E,UNI-ROYAL(Uniroyal Elec),4.7kΩ,R_1206,1093461,0.006USD,"Resistors,Chip Resistor - Surface Mount",250mW Thick Film Resistors 200V ±100ppm/°C ±1% 4.7kΩ 1206 Chip Resistor - Surface Mount ROHS
C17944,Basic Component,1206W4F2001T5E,UNI-ROYAL(Uniroyal Elec),2kΩ,R_1206,389229,0.006USD,"Resistors,Chip Resistor - Surface Mount",250mW Thick Film Resistors 200V ±100ppm/°C ±1% 2kΩ 1206 Chip Resistor - Surface Mount ROHS
C17955,Basic Component,1206W4F200JT5E,UNI-ROYAL(Uniroyal Elec),20Ω,R_1206,414765,0.007USD,"Resistors,Chip Resistor - Surface Mount",250mW Thick Film Resistors 200V ±100ppm/°C ±1% 20Ω 1206 Chip Resistor - Surface Mount ROHS
C17958,Basic Component,1206W4F220JT5E,UNI-ROYAL(Uniroyal Elec),22Ω,R_1206,334730,0.007USD,"Resistors,Chip Resistor - Surface Mount",250mW Thick Film Resistors 200V ±100ppm/°C ±1% 22Ω 1206 Chip Resistor - Surface Mount ROHS
C17985,Preferred Component,1206W4F7500T5E,UNI-ROYAL(Uniroyal Elec),750Ω,R_1206,53051,0.006USD,"Resistors,Chip Resistor - Surface Mount",250mW Thick Film Resistors 200V ±100ppm/°C ±1% 750Ω 1206 Chip Resistor - Surface Mount ROHS
C22107,Preferred Component,1206W4F1204T5E,UNI-ROYAL(Uniroyal Elec),1.2MΩ,R_1206,62033,0.007USD,"Resistors,Chip Resistor - Surface Mount",250mW Thick Film Resistors 200V ±100ppm/°C ±1% 1.2MΩ 1206 Chip Resistor - Surface Mount ROHS
C25334,Basic Component,1206W4F100LT5E,UNI-ROYAL(Uniroyal Elec),100mΩ,R_1206,221617,0.008USD,"Resistors,Chip Resistor - Surface Mount",250mW Thick Film Resistors 200V ±800ppm/°C ±1% 100mΩ 1206 Chip Resistor - Surface Mount ROHS
C25725,Preferred Component,4D02WGJ0103TCE,UNI-ROYAL(Uniroyal Elec),10kΩ,R_0402x4,62997,0.018USD,"Resistors,Resistor Networks & Arrays","4 ±5% 10kΩ 62.5mW ±200ppm/°C 0402x4 Resistor Networks, Arrays ROHS"
C1980,Basic Component,4D03WGJ0472T5E,UNI-ROYAL(Uniroyal Elec),4.7kΩ,R_0603x4,419361,0.019USD,"Resistors,Resistor Networks & Arrays","4 ±5% 4.7kΩ 62.5mW ±200ppm/°C 0603x4 Resistor Networks, Arrays ROHS"
C20197,Basic Component,4D03WGJ0102T5E,UNI-ROYAL(Uniroyal Elec),1kΩ,R_0603x4,465547,0.019USD,"Resistors,Resistor Networks & Arrays","4 ±5% 1kΩ 62.5mW ±200ppm/°C 0603x4 Resistor Networks, Arrays ROHS"
C25510,Preferred Component,4D03WGJ0471T5E,UNI-ROYAL(Uniroyal Elec),470Ω,R_0603x4,135957,0.019USD,"Resistors,Resistor Networks & Arrays","4 ±5% 470Ω 62.5mW ±200ppm/°C 0603x4 Resistor Networks, Arrays ROHS"
C29718,Basic Component,4D03WGJ0103T5E,UNI-ROYAL(Uniroyal Elec),10kΩ,R_0603x4,929788,0.019USD,"Resistors,Resistor Networks & Arrays","4 ±5% 10kΩ 62.5mW ±200ppm/°C 0603x4 Resistor Networks, Arrays ROHS"
C7512,Basic Component,ULN2003ADR,Texas Instruments,ULN2003ADR,SOIC-16_L9.9-W3.9-P1.27-LS6.0-BL,414440,0.159USD,"Transistors,Darlington Transistor Arrays",Seven channels 50V 500mA SOIC-16 Darlington Transistor Arrays ROHS
C20069150,Preferred Component,HJ8205,hongjiacheng,HJ8205,SOT-23-6_L2.9-W1.6-P0.95-LS2.8-BR,10725,0.053USD,"Triode/MOS Tube/Transistor,MOSFETs","20V 4.3A 1.25W 0.3Ω@4.0V,4.3A 1V 1PCSNChannel SOT-23-6L MOSFETs ROHS"
C41375125,Preferred Component,MMDT3904,hongjiacheng,MMDT3904,SOT-363_SC-70-6,119589,0.033USD,"Transistors/Thyristors,Bipolar (BJT)",NPN SOT-363 Bipolar (BJT) ROHS
C41375116,Preferred Component,MMDT5551,hongjiacheng,MMDT5551,SOT-363_SC-70-6,53867,0.047USD,"Transistors/Thyristors,Bipolar (BJT)",NPN SOT-363 Bipolar (BJT) ROHS
C41375126,Preferred Component,BC847BS,hongjiacheng,BC847BS,SOT-363_SC-70-6,13866,0.032USD,"Transistors/Thyristors,Bipolar (BJT)",SOT-363 Bipolar (BJT) ROHS
C2145,Basic Component,MMBT5551(RANGE:200-300),Changjiang Electronics Tech (CJ),MMBT5551 200-300,Q_SOT-23,2016329,0.017USD,"Transistors,Bipolar Transistors - BJT","160V 300mW 200@10mA,5V 600mA NPN SOT-23 Bipolar (BJT) ROHS"
C2146,Basic Component,S8050 J3Y(RANGE:200-350),Changjiang Electronics Tech (CJ),S8050 J3Y 200-350,Q_SOT-23,1211209,0.017USD,"Transistors,Bipolar Transistors - BJT","25V 300mW 200@50mA,1V 500mA NPN SOT-23 Bipolar (BJT) ROHS"
C2149,Preferred Component,S9015(RANGE:300-400),Changjiang Electronics Tech (CJ),S9015 300-400,Q_SOT-23,167275,0.017USD,"Transistors,Bipolar Transistors - BJT","45V 200mW 300@1mA,5V 100mA PNP SOT-23 Bipolar (BJT) ROHS"
C2150,Basic Component,SS8050(RANGE:200-350),Changjiang Electronics Tech (CJ),SS8050 200-350,Q_SOT-23,2356144,0.017USD,"Transistors,Bipolar Transistors - BJT","25V 300mW 200@100mA,1V 1.5A NPN SOT-23 Bipolar (BJT) ROHS"
C6749,Basic Component,S9013 J3(RANGE:200-350),Changjiang Electronics Tech (CJ),S9013 J3 200-350,Q_SOT-23,717080,0.017USD,"Transistors,Bipolar Transistors - BJT","25V 300mW 200@50mA,1V 500mA NPN SOT-23 Bipolar (BJT) ROHS"
C8326,Basic Component,MMBT5401(RANGE:200-300),Changjiang Electronics Tech (CJ),MMBT5401 200-300,Q_SOT-23,626128,0.017USD,"Transistors,Bipolar Transistors - BJT","150V 300mW 200@10mA,5V 600mA PNP SOT-23 Bipolar (BJT) ROHS"
C8512,Basic Component,MMBT2222A 1P,Changjiang Electronics Tech (CJ),MMBT2222A 1P,Q_SOT-23,287458,0.018USD,"Transistors,Bipolar Transistors - BJT",40V 300mW 600mA NPN SOT-23 Bipolar (BJT) ROHS
C8542,Basic Component,SS8550 Y2(RANGE:200-350),Changjiang Electronics Tech (CJ),SS8550 Y2 200-350,Q_SOT-23,1165634,0.018USD,"Transistors,Bipolar Transistors - BJT","25V 300mW 200@100mA,1V 1.5A PNP SOT-23 Bipolar (BJT) ROHS"
C8543,Basic Component,S9012 2T1(RANGE:200-350),Changjiang Electronics Tech (CJ),S9012 2T1 200-350,Q_SOT-23,194719,0.017USD,"Transistors,Bipolar Transistors - BJT","25V 300mW 200@50mA,1V 500mA PNP SOT-23 Bipolar (BJT) ROHS"
C20526,Basic Component,MMBT3904(RANGE:100-300),Changjiang Electronics Tech (CJ),MMBT3904 100-300,Q_SOT-23,1202131,0.014USD,"Transistors,Bipolar Transistors - BJT","40V 200mW 100@10mA,1V 200mA NPN SOT-23 Bipolar (BJT) ROHS"
C105432,Basic Component,S8550(RANGE:120-200),Changjiang Electronics Tech (CJ),S8550 120-200,Q_SOT-23,617595,0.018USD,"Transistors,Bipolar Transistors - BJT","25V 300mW 120@50mA,1V 500mA PNP SOT-23 Bipolar (BJT) ROHS"
C364310,Preferred Component,MMBT3904-1AM(RANGE:100-300),MDD（Microdiode Electronics）,MMBT3904-1AM 100-300,Q_SOT-23,29051,0.011USD,"Transistors,Bipolar Transistors - BJT","40V 200mW 100@10mA,1V 200mA NPN SOT-23 Bipolar (BJT) ROHS"
C364312,Preferred Component,S8050,MDD（Microdiode Electronics）,S8050,Q_SOT-23,567929,0.013USD,"Transistors,Bipolar Transistors - BJT","25V 300mW 120@50mA,1V 500mA NPN SOT-23 Bipolar (BJT) ROHS"
C408396,Preferred Component,MMBT5551,MDD（Microdiode Electronics）,MMBT5551,Q_SOT-23,23660,0.016USD,"Transistors,Bipolar Transistors - BJT","160V 300mW 100@10mA,5V 600mA NPN SOT-23 Bipolar (BJT) ROHS"
C431710,Preferred Component,SS8050,MDD（Microdiode Electronics）,SS8050,Q_SOT-23,2856,0.015USD,"Transistors,Bipolar Transistors - BJT","25V 300mW 120@100mA,1V 1.5A NPN SOT-23 Bipolar (BJT) ROHS"
C9634,Basic Component,D882(RANGE:160-320),Changjiang Electronics Tech (CJ),D882 160-320,Q_SOT-89,150367,0.052USD,"Transistors,Bipolar Transistors - BJT",30V 500mW 3A NPN SOT-89-3 Bipolar (BJT) ROHS
C24278,Preferred Component,B772(RANGE:160-320),Changjiang Electronics Tech (CJ),B772 160-320,Q_SOT-89,29137,0.054USD,"Transistors,Bipolar Transistors - BJT",30V 500mW 3A PNP SOT-89-3 Bipolar (BJT) ROHS
C8492,Preferred Component,LBSS84LT1G,LRC,LBSS84LT1G,Q_SOT-23,80022,0.023USD,"Transistors,MOSFETs","50V 130mA 225mW 10Ω@5V,100mA 2V@250uA 1 Piece P-Channel SOT-23 MOSFETs ROHS"
C8545,Basic Component,2N7002,Changjiang Electronics Tech (CJ),2N7002,Q_SOT-23,1078050,0.019USD,"Transistors,MOSFETs","60V 115mA 200mW 7.5Ω@10V,500mA 2.5V@250uA 1 N-Channel SOT-23 MOSFETs ROHS"
C10487,Basic Component,SI2301CDS-T1-GE3,Vishay Intertech,SI2301CDS-T1-GE3,Q_SOT-23,476267,0.058USD,"Transistors,MOSFETs","20V 3.1A 112mΩ@4.5V,2.8A 1V@250uA 1 Piece P-Channel SOT-23 MOSFETs ROHS"
C15127,Basic Component,AO3401A,Alpha & Omega Semicon,AO3401A,Q_SOT-23,443240,0.061USD,"Transistors,MOSFETs","30V 4A 44mΩ@10V,4.3A 1.4W 1.3V@250uA 1 Piece P-Channel SOT-23 MOSFETs ROHS"
C427383,Preferred Component,MDD3401,MDD（Microdiode Electronics）,MDD3401,Q_SOT-23,7228,0.034USD,"Transistors,MOSFETs","30V 4.2A 45mΩ@10V,4.1A 1.2W 800mV@250uA 1 Piece P-Channel SOT-23 MOSFETs ROHS"
C427390,Preferred Component,MDD2302,MDD（Microdiode Electronics）,MDD2302,Q_SOT-23,223903,0.023USD,"Transistors,MOSFETs","20V 3A 28mΩ@4.5V,3A 1.2W 600mV@250uA 1 N-Channel SOT-23 MOSFETs ROHS"
C427391,Preferred Component,MDD2301,MDD（Microdiode Electronics）,MDD2301,Q_SOT-23,36931,0.022USD,"Transistors,MOSFETs","20V 3A 70mΩ@4.5V,3A 1.2W 700mV@250uA 1 Piece P-Channel SOT-23 MOSFETs ROHS"
C20917,Basic Component,AO3400A,Alpha & Omega Semicon,AO3400A,Q_SOT-23,463122,0.074USD,"Transistors,MOSFETs","30V 5.7A 26.5mΩ@10V,5.7A 1.4W 1.5V@250uA 1 N-Channel SOT-23-3L MOSFETs ROHS"
C7420323,Preferred Component,2SA812,hongjiacheng,2SA812,Q_SOT-23,50849,0.014USD,"Transistors/Thyristors,Bipolar (BJT)","50V 200mW 90@1.0mA,6.0V 100mA PNP SOT-23 Bipolar (BJT) ROHS"
C7420324,Preferred Component,2SC1623,hongjiacheng,2SC1623,Q_SOT-23,42275,0.014USD,"Transistors/Thyristors,Bipolar (BJT)","50V 200mW 135@1.0mA,6.0V 100mA NPN SOT-23 Bipolar (BJT) ROHS"
C7420355,Preferred Component,MMBT4401,hongjiacheng,MMBT4401,Q_SOT-23,128557,0.017USD,"Transistors/Thyristors,Bipolar (BJT)","40V 300mW 100@150mA,1.0V 600mA NPN SOT-23 Bipolar (BJT) ROHS"
C28646266,Preferred Component,2SC3356,hongjiacheng,2SC3356,Q_SOT-23,52512,0.031USD,"Transistors/Thyristors,Bipolar (BJT)","12V 200mW 250@20mA,10V 100mA NPN SOT-23 Bipolar (BJT) ROHS"
C28646275,Preferred Component,FMMT493,hongjiacheng,FMMT493,Q_SOT-23,81766,0.045USD,"Transistors/Thyristors,Bipolar (BJT)","100V 500mW 100@1mA,10V 1A NPN SOT-23 Bipolar (BJT) ROHS"
C41375113,Preferred Component,MMBTA94,hongjiacheng,MMBTA94,Q_SOT-23,30374,0.046USD,"Transistors/Thyristors,Bipolar (BJT)","400V 350mW 300@10mA,10V 200mA PNP SOT-23 Bipolar (BJT) ROHS"
C41375115,Preferred Component,MMBTA55,hongjiacheng,MMBTA55,Q_SOT-23,5590,0.029USD,"Transistors/Thyristors,Bipolar (BJT)","60V 225mW 400@10mA,1V 500mA PNP SOT-23 Bipolar (BJT) ROHS"
C41375128,Preferred Component,FMMT491,hongjiacheng,FMMT491,Q_SOT-23,3834,0.038USD,"Transistors/Thyristors,Bipolar (BJT)","60V 250mW 300@500mA,5V 1A NPN SOT-23 Bipolar (BJT) ROHS"
C41375129,Preferred Component,A1015,hongjiacheng,A1015,Q_SOT-23,11199,0.013USD,"Transistors/Thyristors,Bipolar (BJT)","50V 200mW 400@2mA,6V 150mA PNP SOT-23 Bipolar (BJT) ROHS"
C41375130,Preferred Component,S9018,hongjiacheng,S9018,Q_SOT-23,33362,0.017USD,"Transistors/Thyristors,Bipolar (BJT)","15V 200mW 200@1mA,5V 50mA NPN SOT-23 Bipolar (BJT) ROHS"
C41375133,Preferred Component,BC807-16,hongjiacheng,BC807-16,Q_SOT-23,13680,0.020USD,"Transistors/Thyristors,Bipolar (BJT)","45V 300mW 250@100mA,1V 500mA PNP SOT-23 Bipolar (BJT) ROHS"
C41375114,Preferred Component,MMBTA05,hongjiacheng,MMBTA05,Q_SOT-23,47103,0.027USD,"Transistors/Thyristors,Bipolar (BJT)","60V 300mW 400@10mA,1V 500mA NPN SOT-23 Bipolar (BJT) ROHS"
C41375131,Preferred Component,2SC2412,hongjiacheng,2SC2412,Q_SOT-23,53607,0.015USD,"Transistors/Thyristors,Bipolar (BJT)","50V 200mW 560@1A,6V 150mA NPN SOT-23 Bipolar (BJT) ROHS"
C41375132,Preferred Component,FMMT591,hongjiacheng,FMMT591,Q_SOT-23,27769,0.038USD,"Transistors/Thyristors,Bipolar (BJT)","60V 250mW 300@500mA,5V 1A PNP SOT-23 Bipolar (BJT) ROHS"
C22388837,Preferred Component,MMST3904,hongjiacheng,MMST3904,Q_SOT-323,37219,0.017USD,"Transistors/Thyristors,Bipolar (BJT)","40V 200mW 40@0.1mA,1.0V 200mA NPN SOT-323 Bipolar (BJT) ROHS"
C28646267,Preferred Component,2SC4672,hongjiacheng,2SC4672,Q_SOT-89,10968,0.060USD,"Transistors/Thyristors,Bipolar (BJT)","50V 500mW 390@500mA,2V 2A NPN SOT-89 Bipolar (BJT) ROHS"
C28646276,Preferred Component,2SC2884,hongjiacheng,2SC2884,Q_SOT-89,11516,0.035USD,"Transistors/Thyristors,Bipolar (BJT)","30V 500mW 320@100mA,1V 800mA NPN SOT-89 Bipolar (BJT) ROHS"
C41375139,Preferred Component,2SA1013,hongjiacheng,2SA1013,Q_SOT-89,62412,0.058USD,"Transistors/Thyristors,Bipolar (BJT)",SOT-89 Bipolar (BJT) ROHS
C41375127,Preferred Component,2SD2391,hongjiacheng,2SD2391,Q_SOT-89,17793,0.048USD,"Transistors/Thyristors,Bipolar (BJT)","60V 500mW 390@500mA,2V 2A NPN SOT-89 Bipolar (BJT) ROHS"
C41375134,Preferred Component,B772,hongjiacheng,B772,Q_SOT-89,18967,0.048USD,"Transistors/Thyristors,Bipolar (BJT)","30V 500mW 400@1A,2V 3A PNP SOT-89 Bipolar (BJT) ROHS"
C41375135,Preferred Component,BCX53-16,hongjiacheng,BCX53-16,Q_SOT-89,11134,0.048USD,"Transistors/Thyristors,Bipolar (BJT)","80V 1.3W 250@150mA,2V 1A PNP SOT-89 Bipolar (BJT) ROHS"
C41375136,Preferred Component,PXT8050,hongjiacheng,PXT8050,Q_SOT-89,6146,0.026USD,"Transistors/Thyristors,Bipolar (BJT)","25V 500mW 400@100mA,1V 1.5A NPN SOT-89 Bipolar (BJT) ROHS"
C41375138,Preferred Component,CXT5551,hongjiacheng,CXT5551,Q_SOT-89,38691,0.029USD,"Transistors/Thyristors,Bipolar (BJT)","160V 500mW 300@10mA,5V 600mA NPN SOT-89 Bipolar (BJT) ROHS"
C41375119,Preferred Component,2SD1664,hongjiacheng,2SD1664,Q_SOT-89,4375,0.049USD,"Transistors/Thyristors,Bipolar (BJT)","32V 500mW 390@500mA,3V 1A NPN SOT-89 Bipolar (BJT) ROHS"
C41375120,Preferred Component,BCX55-16,hongjiacheng,BCX55-16,Q_SOT-89,3234,0.055USD,"Transistors/Thyristors,Bipolar (BJT)","60V 500mW 250@150mA,2V 1A NPN SOT-89 Bipolar (BJT) ROHS"
C41375121,Preferred Component,2SA1201,hongjiacheng,2SA1201,Q_SOT-89,1516,0.071USD,"Transistors/Thyristors,Bipolar (BJT)","120V 500mW 240@100mA,5V 800mA PNP SOT-89 Bipolar (BJT) ROHS"
C41375123,Preferred Component,D882H,hongjiacheng,D882H,Q_SOT-89,7029,0.065USD,"Transistors/Thyristors,Bipolar (BJT)","70V 500mW 320@1mA,2V 3A NPN SOT-89 Bipolar (BJT) ROHS"
C41375140,Preferred Component,2SD965A,hongjiacheng,2SD965A,Q_SOT-89,3506,0.065USD,"Transistors/Thyristors,Bipolar (BJT)","30V 750mW 800@500mA,2V 5A NPN SOT-89 Bipolar (BJT) ROHS"
C41375121,Preferred Component,2SA1201,hongjiacheng,2SA1201,Q_SOT-89,1516,0.071USD,"Transistors/Thyristors,Bipolar (BJT)","120V 500mW 240@100mA,5V 800mA PNP SOT-89 Bipolar (BJT) ROHS"
C7420347,Preferred Component,HL2310A,hongjiacheng,HL2310A,Q_SOT-23,16566,0.037USD,"Transistors/Thyristors,MOSFETs","60V 3A 1.2W 105mΩ@10V,3.0A 2V@250uA 1 N-Channel SOT-23 MOSFETs ROHS"
C22469448,Preferred Component,HL3400,hongjiacheng,HL3400,Q_SOT-23,74251,0.032USD,"Transistors/Thyristors,MOSFETs","30V 5.6A 1.2W 21mΩ@10V,5.6A 900mV@250uA 1 N-Channel SOT-23 MOSFETs ROHS"
C22469449,Preferred Component,HL3401,hongjiacheng,HL3401,Q_SOT-23,11178,0.035USD,"Transistors/Thyristors,MOSFETs","30V 4.4A 1.2W 55mΩ@10V,4.4A 900mV@250uA 1 Piece P-Channel SOT-23 MOSFETs ROHS"
C28646261,Preferred Component,HL2305,hongjiacheng,HL2305,Q_SOT-23,8811,0.039USD,"Transistors/Thyristors,MOSFETs","12V 3.6A 30mΩ@4.5V,2.6A 1.25W 900mV@250uA 1 Piece P-Channel SOT-23 MOSFETs ROHS"
C28646262,Preferred Component,HL2306,hongjiacheng,HL2306,Q_SOT-23,3161,0.019USD,"Transistors/Thyristors,MOSFETs","30V 3.5A 1.25W 29.5mΩ@10V,3A 2.2V@250uA 1 N-Channel SOT-23 MOSFETs ROHS"
C28646263,Preferred Component,HL2309,hongjiacheng,HL2309,Q_SOT-23,88690,0.061USD,"Transistors/Thyristors,MOSFETs","60V 1.25A 340mΩ@10V,1.25A 1.25W 3V@250uA 1 Piece P-Channel SOT-23 MOSFETs ROHS"
C28646264,Preferred Component,HL6042,hongjiacheng,HL6042,Q_SOT-23,53619,0.038USD,"Transistors/Thyristors,MOSFETs","20V 4A 1.5W 43mΩ@4.5V,4A 900mV@250uA 1 Piece P-Channel SOT-23 MOSFETs ROHS"
C28646268,Preferred Component,HL2302,hongjiacheng,HL2302,Q_SOT-23,11494,0.025USD,"Transistors/Thyristors,MOSFETs","20V 3A 700mW 55mΩ@4.5V,2.5A 750mV@250uA 1 N-Channel SOT-23 MOSFETs ROHS"
C28646269,Preferred Component,HL3407A,hongjiacheng,HL3407A,Q_SOT-23,17362,0.039USD,"Transistors/Thyristors,MOSFETs","30V 4.1A 1.2W 55mΩ@10V,4.1A 2.4V@250uA 1 Piece P-Channel SOT-23 MOSFETs ROHS"
C28646270,Preferred Component,HL3415A,hongjiacheng,HL3415A,Q_SOT-23,7358,0.040USD,"Transistors/Thyristors,MOSFETs","20V 5.6A 42mΩ@4.5V,5A 1.3W 620mV@250uA 1 Piece P-Channel SOT-23 MOSFETs ROHS"
C28646271,Preferred Component,HL3402,hongjiacheng,HL3402,Q_SOT-23,8151,0.038USD,"Transistors/Thyristors,MOSFETs","30V 2.5A 50mΩ@10V,2.5A 1W 1.5V@250uA 1 N-Channel SOT-23 MOSFETs ROHS"
C28646272,Preferred Component,HL2312,hongjiacheng,HL2312,Q_SOT-23,459,0.019USD,"Transistors/Thyristors,MOSFETs","20V 5.5A 1.2W 25mΩ@4.5V,4.5A 620mV@250uA 1 N-Channel SOT-23 MOSFETs ROHS"
C28646273,Preferred Component,HL3416,hongjiacheng,HL3416,Q_SOT-23,11621,0.048USD,"Transistors/Thyristors,MOSFETs","20V 6.5A 22mΩ@4.5V,6.5A 1.3W 620mV@250uA 1 N-Channel SOT-23 MOSFETs ROHS"
C28646274,Preferred Component,HL2307,hongjiacheng,HL2307,Q_SOT-23,5327,0.034USD,"Transistors/Thyristors,MOSFETs","30V 2.6A 90mΩ@10V,2.6A 1W 2.2V@250uA 1 Piece P-Channel SOT-23 MOSFETs ROHS"
C28646265,Preferred Component,BSS138W,hongjiacheng,BSS138W,Q_SOT-323,43933,0.025USD,"Transistors/Thyristors,MOSFETs","50V 220mA 3.5Ω@10V,0.22A 300mW 1.5V@250uA 1 N-Channel SOT-323 MOSFETs ROHS"
C7420337,Preferred Component,BC847C,hongjiacheng,BC847C,Q_SOT-23,182819,0.014USD,"Triode/MOS Tube/Transistor,Bipolar Transistors - BJT","45V 200mW 420@2mA,5.0V 100mA NPN SOT-23 Bipolar (BJT) ROHS"
C7420351,Preferred Component,MMBT2222A,hongjiacheng,MMBT2222A,Q_SOT-23,66231,0.018USD,"Triode/MOS Tube/Transistor,Bipolar Transistors - BJT","40V 300mW 100@150mA,10V 600mA NPN SOT-23 Bipolar (BJT) ROHS"
C7420352,Preferred Component,MMBT2907A,hongjiacheng,MMBT2907A,Q_SOT-23,50684,0.017USD,"Triode/MOS Tube/Transistor,Bipolar Transistors - BJT","60V 300mW 100@10mA,10V 600mA PNP SOT-23 Bipolar (BJT) ROHS"
C7420353,Preferred Component,MMBT3904,hongjiacheng,MMBT3904,Q_SOT-23,856306,0.013USD,"Triode/MOS Tube/Transistor,Bipolar Transistors - BJT","40V 200mW 100@10mA,1.0V 200mA NPN SOT-23 Bipolar (BJT) ROHS"
C7420354,Preferred Component,MMBT3906,hongjiacheng,MMBT3906,Q_SOT-23,195358,0.013USD,"Triode/MOS Tube/Transistor,Bipolar Transistors - BJT","40V 300mW 100@10mA,1.0V 200mA PNP SOT-23 Bipolar (BJT) ROHS"
C7420356,Preferred Component,MMBT5401,hongjiacheng,MMBT5401,Q_SOT-23,406595,0.016USD,"Triode/MOS Tube/Transistor,Bipolar Transistors - BJT","160V 300mW 100@10mA,5.0V 600mA PNP SOT-23 Bipolar (BJT) ROHS"
C7420357,Preferred Component,MMBT5551,hongjiacheng,MMBT5551,Q_SOT-23,282378,0.015USD,"Triode/MOS Tube/Transistor,Bipolar Transistors - BJT","160V 300mW 100@10mA,5.0V 600mA NPN SOT-23 Bipolar (BJT) ROHS"
C7420370,Preferred Component,SS8050,hongjiacheng,SS8050,Q_SOT-23,1475671,0.015USD,"Triode/MOS Tube/Transistor,Bipolar Transistors - BJT","25V 300mW 120@100mA,1.0V 1.5A NPN SOT-23 Bipolar (BJT) ROHS"
C7420371,Preferred Component,SS8550,hongjiacheng,SS8550,Q_SOT-23,453985,0.014USD,"Triode/MOS Tube/Transistor,Bipolar Transistors - BJT","25V 300mW 120@100mA,1.0V 1.5A PNP SOT-23 Bipolar (BJT) ROHS"
C20069125,Preferred Component,S8050,hongjiacheng,S8050,Q_SOT-23,1175805,0.014USD,"Triode/MOS Tube/Transistor,Bipolar Transistors - BJT","25V 300mW 120@50mA,1.0V 500mA NPN SOT-23 Bipolar (BJT) ROHS"
C20069126,Preferred Component,S8550,hongjiacheng,S8550,Q_SOT-23,475002,0.014USD,"Triode/MOS Tube/Transistor,Bipolar Transistors - BJT","25V 300mW 120@500mA,1.0V 500mA PNP SOT-23 Bipolar (BJT) ROHS"
C20069127,Preferred Component,S9013,hongjiacheng,S9013,Q_SOT-23,379944,0.016USD,"Triode/MOS Tube/Transistor,Bipolar Transistors - BJT","25V 300mW 120@50mA,1.0V 500mA NPN SOT-23 Bipolar (BJT) ROHS"
C20069129,Preferred Component,S9012,hongjiacheng,S9012,Q_SOT-23,87142,0.016USD,"Triode/MOS Tube/Transistor,Bipolar Transistors - BJT","25V 300mW 120@500mA,1.0V 500mA PNP SOT-23 Bipolar (BJT) ROHS"
C20069130,Preferred Component,S9014,hongjiacheng,S9014,Q_SOT-23,120152,0.014USD,"Triode/MOS Tube/Transistor,Bipolar Transistors - BJT","45V 200mW 200@1.0mA,5.0V 100mA NPN SOT-23 Bipolar (BJT) ROHS"
C20069131,Preferred Component,S9015,hongjiacheng,S9015,Q_SOT-23,95591,0.014USD,"Triode/MOS Tube/Transistor,Bipolar Transistors - BJT","45V 200mW 200@1.0mA,5.0V 100mA PNP SOT-23 Bipolar (BJT) ROHS"
C20069132,Preferred Component,BC817-16,hongjiacheng,BC817-16,Q_SOT-23,11965,0.022USD,"Triode/MOS Tube/Transistor,Bipolar Transistors - BJT","45V 300mW 100@100mA,1.0V 500mA NPN SOT-23 Bipolar (BJT) ROHS"
C20069134,Preferred Component,BC846B,hongjiacheng,BC846B,Q_SOT-23,39549,0.015USD,"Triode/MOS Tube/Transistor,Bipolar Transistors - BJT","65V 200mW 200@2.0mA,5.0V 100mA NPN SOT-23 Bipolar (BJT) ROHS"
C20069135,Preferred Component,BC847B,hongjiacheng,BC847B,Q_SOT-23,46745,0.015USD,"Triode/MOS Tube/Transistor,Bipolar Transistors - BJT","45V 200mW 200@2.0mA,5.0V 100mA NPN SOT-23 Bipolar (BJT) ROHS"
C20069136,Preferred Component,BC856B,hongjiacheng,BC856B,Q_SOT-23,2672,0.015USD,"Triode/MOS Tube/Transistor,Bipolar Transistors - BJT","65V 200mW 220@2.0mA,5.0V 100mA PNP SOT-23 Bipolar (BJT) ROHS"
C20069137,Preferred Component,BC857C,hongjiacheng,BC857C,Q_SOT-23,135569,0.017USD,"Triode/MOS Tube/Transistor,Bipolar Transistors - BJT","45V 200mW 420@2.0mA,5.0V 100mA PNP SOT-23 Bipolar (BJT) ROHS"
C20069138,Preferred Component,MMBTA42,hongjiacheng,MMBTA42,Q_SOT-23,108035,0.029USD,"Triode/MOS Tube/Transistor,Bipolar Transistors - BJT","300V 350mW 100@10mA,10V 500mA NPN SOT-23 Bipolar (BJT) ROHS"
C20069139,Preferred Component,MMBTA06,hongjiacheng,MMBTA06,Q_SOT-23,24246,0.028USD,"Triode/MOS Tube/Transistor,Bipolar Transistors - BJT","80V 300mW 100@100mA,1.0V 500mA NPN SOT-23 Bipolar (BJT) ROHS"
C20069140,Preferred Component,MMBT4403,hongjiacheng,MMBT4403,Q_SOT-23,37952,0.023USD,"Triode/MOS Tube/Transistor,Bipolar Transistors - BJT","40V 300mW 100@10mA,1.0V 600mA PNP SOT-23 Bipolar (BJT) ROHS"
C20069141,Preferred Component,MMBTA44,hongjiacheng,MMBTA44,Q_SOT-23,29561,0.045USD,"Triode/MOS Tube/Transistor,Bipolar Transistors - BJT","400V 350mW 50@1.0mA,10V 200mA NPN SOT-23 Bipolar (BJT) ROHS"
C20069142,Preferred Component,BC807-40,hongjiacheng,BC807-40,Q_SOT-23,34681,0.023USD,"Triode/MOS Tube/Transistor,Bipolar Transistors - BJT","45V 300mW 40@500mA,1.0V 500mA PNP SOT-23 Bipolar (BJT) ROHS"
C20069143,Preferred Component,2SC1815,hongjiacheng,2SC1815,Q_SOT-23,39372,0.014USD,"Triode/MOS Tube/Transistor,Bipolar Transistors - BJT","50V 200mW 130@2.0mA,6.0V 150mA NPN SOT-23 Bipolar (BJT) ROHS"
C20069146,Preferred Component,MMBTA92,hongjiacheng,MMBTA92,Q_SOT-23,77570,0.029USD,"Triode/MOS Tube/Transistor,Bipolar Transistors - BJT","300V 350mW 60@1.0mA,10V 500mA PNP SOT-23 Bipolar (BJT) ROHS"
C20069147,Preferred Component,MMBTA56,hongjiacheng,MMBTA56,Q_SOT-23,20473,0.030USD,"Triode/MOS Tube/Transistor,Bipolar Transistors - BJT","80V 225mW 100@10mA,1.0V 500mA PNP SOT-23 Bipolar (BJT) ROHS"
C20069154,Preferred Component,BC817-25,hongjiacheng,BC817-25,Q_SOT-23,97229,0.022USD,"Triode/MOS Tube/Transistor,Bipolar Transistors - BJT","45V 300mW 100@100mA,1.0V 500mA NPN SOT-23 Bipolar (BJT) ROHS"
C20069155,Preferred Component,BC817-40,hongjiacheng,BC817-40,Q_SOT-23,200211,0.022USD,"Triode/MOS Tube/Transistor,Bipolar Transistors - BJT","45V 300mW 100@100mA,1.0V 500mA NPN SOT-23 Bipolar (BJT) ROHS"
C20069128,Preferred Component,D882,hongjiacheng,D882,Q_SOT-89,20326,0.064USD,"Triode/MOS Tube/Transistor,Bipolar Transistors - BJT","30V 500mW 60@1.0mA,2.0V 3A NPN SOT-89 Bipolar (BJT) ROHS"
C20069133,Preferred Component,BCX56-16,hongjiacheng,BCX56-16,Q_SOT-89,69505,0.060USD,"Triode/MOS Tube/Transistor,Bipolar Transistors - BJT","80V 500mW 40@500mA,2.0V 1A NPN SOT-89 Bipolar (BJT) ROHS"
C20069144,Preferred Component,2SA1213,hongjiacheng,2SA1213,Q_SOT-89,15718,0.062USD,"Triode/MOS Tube/Transistor,Bipolar Transistors - BJT","50V 500mW 70@500mmA,2.0V 2A PNP SOT-89 Bipolar (BJT) ROHS"
C20069145,Preferred Component,2SC2873,hongjiacheng,2SC2873,Q_SOT-89,62562,0.064USD,"Triode/MOS Tube/Transistor,Bipolar Transistors - BJT","50V 500mW 70@500mmA,2.0V 2A NPN SOT-89 Bipolar (BJT) ROHS"
C20069156,Preferred Component,BCX56-10,hongjiacheng,BCX56-10,Q_SOT-89,3117,0.059USD,"Triode/MOS Tube/Transistor,Bipolar Transistors - BJT","80V 500mW 40@500mA,2.0V 1A NPN SOT-89 Bipolar (BJT) ROHS"
C7420321,Preferred Component,2N7002,hongjiacheng,2N7002,Q_SOT-23,279939,0.019USD,"Triode/MOS Tube/Transistor,MOSFETs","60V 115mA 5Ω@10V,0.5A 225mW 2.5V@250uA 1PCSNChannel SOT-23 MOSFETs ROHS"
C7420338,Preferred Component,BSS123,hongjiacheng,BSS123,Q_SOT-23,175530,0.021USD,"Triode/MOS Tube/Transistor,MOSFETs","100V 200mA 5Ω@10V,0.2A 350mW 2.5V@250uA 1PCSNChannel SOT-23 MOSFETs ROHS"
C7420339,Preferred Component,BSS138,hongjiacheng,BSS138,Q_SOT-23,257620,0.021USD,"Triode/MOS Tube/Transistor,MOSFETs","50V 340mA 2.5Ω@10V,0.34A 350mW 1.6V@250uA 1PCSNChannel SOT-23 MOSFETs ROHS"
C7420340,Preferred Component,BSS84,hongjiacheng,BSS84,Q_SOT-23,146200,0.021USD,"Triode/MOS Tube/Transistor,MOSFETs","60V 170mA 8Ω@10V,0.17A 225mW 2V@250uA 1PCSPChannel SOT-23 MOSFETs ROHS"
C7420343,Preferred Component,HL2300,hongjiacheng,HL2300,Q_SOT-23,29985,0.031USD,"Triode/MOS Tube/Transistor,MOSFETs","20V 4.5A 25mΩ@4.5V,4.5A 1W 1V@250uA 1PCSNChannel SOT-23 MOSFETs ROHS"
C7420344,Preferred Component,HL2301A,hongjiacheng,HL2301A,Q_SOT-23,198612,0.033USD,"Triode/MOS Tube/Transistor,MOSFETs","20V 2.3A 700mW 112mΩ@4.5V,2.3A 1V@250uA 1PCSPChannel SOT-23 MOSFETs ROHS"
C7420345,Preferred Component,HL2303,hongjiacheng,HL2303,Q_SOT-23,14928,0.027USD,"Triode/MOS Tube/Transistor,MOSFETs","30V 1.9A 350mW 190mΩ@10V,1.9A 3V@250uA 1PCSPChannel SOT-23 MOSFETs ROHS"
C7420346,Preferred Component,HL2304,hongjiacheng,HL2304,Q_SOT-23,4834,0.032USD,"Triode/MOS Tube/Transistor,MOSFETs","30V 3.6A 60mΩ@10V,3.6A 1W 2.2V@250uA 1PCSNChannel SOT-23 MOSFETs ROHS"
C7420348,Preferred Component,HL3400A,hongjiacheng,HL3400A,Q_SOT-23,96222,0.031USD,"Triode/MOS Tube/Transistor,MOSFETs","30V 5.8A 350mW 35mΩ@10V,5.6A 1.5V@250uA 1PCSNChannel SOT-23 MOSFETs ROHS"
C7420349,Preferred Component,HL3401A,hongjiacheng,HL3401A,Q_SOT-23,94936,0.034USD,"Triode/MOS Tube/Transistor,MOSFETs","30V 4.2A 350mW 55mΩ@10V,4.2A 1.4V@250uA 1PCSPChannel SOT-23 MOSFETs ROHS"
C20069148,Preferred Component,2SK3018,hongjiacheng,2SK3018,Q_SOT-23,97499,0.025USD,"Triode/MOS Tube/Transistor,MOSFETs","30V 100mA 8Ω@4.0V,10mA 200mW 1.5V 1PCSNChannel SOT-23 MOSFETs ROHS"
C20069151,Preferred Component,FDV301N,hongjiacheng,FDV301N,Q_SOT-23,26509,0.043USD,"Triode/MOS Tube/Transistor,MOSFETs","25V 220mA 4Ω@4.5V,0.2A 350mW 800mV 1PCSNChannel SOT-23 MOSFETs ROHS"
C22379475,Preferred Component,2N7002K,hongjiacheng,2N7002K,Q_SOT-23,82639,0.019USD,"Triode/MOS Tube/Transistor,MOSFETs","60V 340mA 350mW 900mΩ@10V,500mA 2.5V@1mA 1PCSNChannel SOT-23 MOSFETs ROHS"
C7420322,Preferred Component,2N7002W,hongjiacheng,2N7002W,Q_SOT-323,57330,0.022USD,"Triode/MOS Tube/Transistor,MOSFETs","60V 115mA 5Ω@10V,0.5A 200mW 2.5V@250uA 1PCSNChannel SOT-323 MOSFETs ROHS"
C20069149,Preferred Component,2SK3018W,hongjiacheng,2SK3018W,Q_SOT-323,195505,0.027USD,"Triode/MOS Tube/Transistor,MOSFETs","30V 100mA 8Ω@4.0V,10mA 200mW 1.5V 1PCSNChannel SOT-323 MOSFETs ROHS"
