ISO-10303-21;
HEADER;
FILE_DESCRIPTION(('KiCad electronic assembly'),'2;1');
FILE_NAME('AP_Dist4.step','2026-10-06T22:23:39',('Pcbnew'),('Kicad'),
  'Open CASCADE STEP processor 7.6','KiCad to STEP converter','Unknown'
  );
FILE_SCHEMA(('AUTOMOTIVE_DESIGN { 1 0 10303 214 1 1 1 1 }'));
ENDSEC;
DATA;
#1 = APPLICATION_PROTOCOL_DEFINITION('international standard',
  'automotive_design',2000,#2);
#2 = APPLICATION_CONTEXT(
  'core data for automotive mechanical design processes');
#3 = SHAPE_DEFINITION_REPRESENTATION(#4,#10);
#4 = PRODUCT_DEFINITION_SHAPE('','',#5);
#5 = PRODUCT_DEFINITION('design','',#6,#9);
#6 = PRODUCT_DEFINITION_FORMATION('','',#7);
#7 = PRODUCT('AP_Dist4 1','AP_Dist4 1','',(#8));
#8 = PRODUCT_CONTEXT('',#2,'mechanical');
#9 = PRODUCT_DEFINITION_CONTEXT('part definition',#2,'design');
#10 = SHAPE_REPRESENTATION('',(#11,#15,#19,#23,#27,#31,#35,#39,#43,#47,
    #51,#55,#59,#63,#67,#71,#75,#79,#83,#87,#91,#95,#99,#103,#107,#111,
    #115,#119,#123,#127,#131,#135,#139,#143,#147,#151,#155,#159,#163,
    #167,#171,#175,#179,#183,#187,#191,#195),#199);
#11 = AXIS2_PLACEMENT_3D('',#12,#13,#14);
#12 = CARTESIAN_POINT('',(0.,0.,0.));
#13 = DIRECTION('',(0.,0.,1.));
#14 = DIRECTION('',(1.,0.,-0.));
#15 = AXIS2_PLACEMENT_3D('',#16,#17,#18);
#16 = CARTESIAN_POINT('',(144.,-104.,1.595));
#17 = DIRECTION('',(0.,-0.,1.));
#18 = DIRECTION('',(1.110223024625E-16,1.,0.));
#19 = AXIS2_PLACEMENT_3D('',#20,#21,#22);
#20 = CARTESIAN_POINT('',(163.2,-115.25,1.595));
#21 = DIRECTION('',(0.,-0.,1.));
#22 = DIRECTION('',(1.110223024625E-16,1.,0.));
#23 = AXIS2_PLACEMENT_3D('',#24,#25,#26);
#24 = CARTESIAN_POINT('',(145.7,-120.9,1.595));
#25 = DIRECTION('',(0.,0.,1.));
#26 = DIRECTION('',(1.,0.,0.));
#27 = AXIS2_PLACEMENT_3D('',#28,#29,#30);
#28 = CARTESIAN_POINT('',(148.7,-130.,1.595));
#29 = DIRECTION('',(0.,-0.,1.));
#30 = DIRECTION('',(1.110223024625E-16,1.,0.));
#31 = AXIS2_PLACEMENT_3D('',#32,#33,#34);
#32 = CARTESIAN_POINT('',(136.,-111.,1.595));
#33 = DIRECTION('',(0.,0.,1.));
#34 = DIRECTION('',(1.,0.,0.));
#35 = AXIS2_PLACEMENT_3D('',#36,#37,#38);
#36 = CARTESIAN_POINT('',(132.7,-134.6,1.595));
#37 = DIRECTION('',(0.,-0.,1.));
#38 = DIRECTION('',(1.110223024625E-16,1.,0.));
#39 = AXIS2_PLACEMENT_3D('',#40,#41,#42);
#40 = CARTESIAN_POINT('',(164.7,-130.,1.595));
#41 = DIRECTION('',(0.,-0.,1.));
#42 = DIRECTION('',(1.110223024625E-16,1.,0.));
#43 = AXIS2_PLACEMENT_3D('',#44,#45,#46);
#44 = CARTESIAN_POINT('',(129.7,-134.6,1.595));
#45 = DIRECTION('',(0.,-0.,1.));
#46 = DIRECTION('',(1.110223024625E-16,1.,0.));
#47 = AXIS2_PLACEMENT_3D('',#48,#49,#50);
#48 = CARTESIAN_POINT('',(110.,-108.8,1.595));
#49 = DIRECTION('',(0.,-0.,1.));
#50 = DIRECTION('',(1.110223024625E-16,1.,0.));
#51 = AXIS2_PLACEMENT_3D('',#52,#53,#54);
#52 = CARTESIAN_POINT('',(171.,-106.,1.595));
#53 = DIRECTION('',(0.,0.,1.));
#54 = DIRECTION('',(1.,0.,0.));
#55 = AXIS2_PLACEMENT_3D('',#56,#57,#58);
#56 = CARTESIAN_POINT('',(147.2,-115.25,1.595));
#57 = DIRECTION('',(0.,-0.,1.));
#58 = DIRECTION('',(1.110223024625E-16,1.,0.));
#59 = AXIS2_PLACEMENT_3D('',#60,#61,#62);
#60 = CARTESIAN_POINT('',(164.7,-134.6,1.595));
#61 = DIRECTION('',(0.,-0.,1.));
#62 = DIRECTION('',(1.110223024625E-16,1.,0.));
#63 = AXIS2_PLACEMENT_3D('',#64,#65,#66);
#64 = CARTESIAN_POINT('',(161.7,-120.9,1.595));
#65 = DIRECTION('',(0.,0.,1.));
#66 = DIRECTION('',(1.,0.,0.));
#67 = AXIS2_PLACEMENT_3D('',#68,#69,#70);
#68 = CARTESIAN_POINT('',(148.7,-134.6,1.595));
#69 = DIRECTION('',(0.,-0.,1.));
#70 = DIRECTION('',(1.110223024625E-16,1.,0.));
#71 = AXIS2_PLACEMENT_3D('',#72,#73,#74);
#72 = CARTESIAN_POINT('',(163.2,-108.8,1.595));
#73 = DIRECTION('',(0.,-0.,1.));
#74 = DIRECTION('',(1.110223024625E-16,1.,0.));
#75 = AXIS2_PLACEMENT_3D('',#76,#77,#78);
#76 = CARTESIAN_POINT('',(157.2,-124.,1.595));
#77 = DIRECTION('',(-0.,0.,1.));
#78 = DIRECTION('',(1.110223024625E-16,-1.,0.));
#79 = AXIS2_PLACEMENT_3D('',#80,#81,#82);
#80 = CARTESIAN_POINT('',(179.2,-108.8,1.595));
#81 = DIRECTION('',(0.,-0.,1.));
#82 = DIRECTION('',(1.110223024625E-16,1.,0.));
#83 = AXIS2_PLACEMENT_3D('',#84,#85,#86);
#84 = CARTESIAN_POINT('',(145.7,-134.6,1.595));
#85 = DIRECTION('',(0.,-0.,1.));
#86 = DIRECTION('',(1.110223024625E-16,1.,0.));
#87 = AXIS2_PLACEMENT_3D('',#88,#89,#90);
#88 = CARTESIAN_POINT('',(131.2,-115.25,1.595));
#89 = DIRECTION('',(0.,-0.,1.));
#90 = DIRECTION('',(1.110223024625E-16,1.,0.));
#91 = AXIS2_PLACEMENT_3D('',#92,#93,#94);
#92 = CARTESIAN_POINT('',(129.7,-130.,1.595));
#93 = DIRECTION('',(0.,-0.,1.));
#94 = DIRECTION('',(1.110223024625E-16,1.,0.));
#95 = AXIS2_PLACEMENT_3D('',#96,#97,#98);
#96 = CARTESIAN_POINT('',(161.7,-134.6,1.595));
#97 = DIRECTION('',(0.,-0.,1.));
#98 = DIRECTION('',(1.110223024625E-16,1.,0.));
#99 = AXIS2_PLACEMENT_3D('',#100,#101,#102);
#100 = CARTESIAN_POINT('',(141.2,-124.,1.595));
#101 = DIRECTION('',(-0.,0.,1.));
#102 = DIRECTION('',(1.110223024625E-16,-1.,0.));
#103 = AXIS2_PLACEMENT_3D('',#104,#105,#106);
#104 = CARTESIAN_POINT('',(131.2,-108.8,1.595));
#105 = DIRECTION('',(0.,-0.,1.));
#106 = DIRECTION('',(1.110223024625E-16,1.,0.));
#107 = AXIS2_PLACEMENT_3D('',#108,#109,#110);
#108 = CARTESIAN_POINT('',(125.2,-124.,1.595));
#109 = DIRECTION('',(-0.,0.,1.));
#110 = DIRECTION('',(1.110223024625E-16,-1.,0.));
#111 = AXIS2_PLACEMENT_3D('',#112,#113,#114);
#112 = CARTESIAN_POINT('',(133.8,-120.9,1.595));
#113 = DIRECTION('',(0.,0.,1.));
#114 = DIRECTION('',(1.,0.,0.));
#115 = AXIS2_PLACEMENT_3D('',#116,#117,#118);
#116 = CARTESIAN_POINT('',(177.7,-130.,1.595));
#117 = DIRECTION('',(0.,-0.,1.));
#118 = DIRECTION('',(1.110223024625E-16,1.,0.));
#119 = AXIS2_PLACEMENT_3D('',#120,#121,#122);
#120 = CARTESIAN_POINT('',(180.7,-130.,1.595));
#121 = DIRECTION('',(0.,-0.,1.));
#122 = DIRECTION('',(1.110223024625E-16,1.,0.));
#123 = AXIS2_PLACEMENT_3D('',#124,#125,#126);
#124 = CARTESIAN_POINT('',(179.2,-115.25,1.595));
#125 = DIRECTION('',(0.,-0.,1.));
#126 = DIRECTION('',(1.110223024625E-16,1.,0.));
#127 = AXIS2_PLACEMENT_3D('',#128,#129,#130);
#128 = CARTESIAN_POINT('',(113.,-120.9,1.595));
#129 = DIRECTION('',(0.,0.,1.));
#130 = DIRECTION('',(1.,0.,0.));
#131 = AXIS2_PLACEMENT_3D('',#132,#133,#134);
#132 = CARTESIAN_POINT('',(177.7,-134.6,1.595));
#133 = DIRECTION('',(0.,-0.,1.));
#134 = DIRECTION('',(1.110223024625E-16,1.,0.));
#135 = AXIS2_PLACEMENT_3D('',#136,#137,#138);
#136 = CARTESIAN_POINT('',(171.,-109.5,1.595));
#137 = DIRECTION('',(0.,0.,1.));
#138 = DIRECTION('',(1.,0.,0.));
#139 = AXIS2_PLACEMENT_3D('',#140,#141,#142);
#140 = CARTESIAN_POINT('',(129.7,-120.9,1.595));
#141 = DIRECTION('',(0.,0.,1.));
#142 = DIRECTION('',(1.,0.,0.));
#143 = AXIS2_PLACEMENT_3D('',#144,#145,#146);
#144 = CARTESIAN_POINT('',(181.8,-120.9,1.595));
#145 = DIRECTION('',(0.,0.,1.));
#146 = DIRECTION('',(1.,0.,0.));
#147 = AXIS2_PLACEMENT_3D('',#148,#149,#150);
#148 = CARTESIAN_POINT('',(149.8,-120.9,1.595));
#149 = DIRECTION('',(0.,0.,1.));
#150 = DIRECTION('',(1.,0.,0.));
#151 = AXIS2_PLACEMENT_3D('',#152,#153,#154);
#152 = CARTESIAN_POINT('',(180.7,-134.6,1.595));
#153 = DIRECTION('',(0.,-0.,1.));
#154 = DIRECTION('',(1.110223024625E-16,1.,0.));
#155 = AXIS2_PLACEMENT_3D('',#156,#157,#158);
#156 = CARTESIAN_POINT('',(145.7,-130.,1.595));
#157 = DIRECTION('',(0.,-0.,1.));
#158 = DIRECTION('',(1.110223024625E-16,1.,0.));
#159 = AXIS2_PLACEMENT_3D('',#160,#161,#162);
#160 = CARTESIAN_POINT('',(165.8,-120.9,1.595));
#161 = DIRECTION('',(0.,0.,1.));
#162 = DIRECTION('',(1.,0.,0.));
#163 = AXIS2_PLACEMENT_3D('',#164,#165,#166);
#164 = CARTESIAN_POINT('',(136.,-106.5,1.595));
#165 = DIRECTION('',(0.,0.,1.));
#166 = DIRECTION('',(1.,0.,0.));
#167 = AXIS2_PLACEMENT_3D('',#168,#169,#170);
#168 = CARTESIAN_POINT('',(173.2,-124.,1.595));
#169 = DIRECTION('',(-0.,0.,1.));
#170 = DIRECTION('',(1.110223024625E-16,-1.,0.));
#171 = AXIS2_PLACEMENT_3D('',#172,#173,#174);
#172 = CARTESIAN_POINT('',(161.7,-130.,1.595));
#173 = DIRECTION('',(0.,-0.,1.));
#174 = DIRECTION('',(1.110223024625E-16,1.,0.));
#175 = AXIS2_PLACEMENT_3D('',#176,#177,#178);
#176 = CARTESIAN_POINT('',(147.2,-108.8,1.595));
#177 = DIRECTION('',(0.,-0.,1.));
#178 = DIRECTION('',(1.110223024625E-16,1.,0.));
#179 = AXIS2_PLACEMENT_3D('',#180,#181,#182);
#180 = CARTESIAN_POINT('',(132.7,-130.,1.595));
#181 = DIRECTION('',(0.,-0.,1.));
#182 = DIRECTION('',(1.110223024625E-16,1.,0.));
#183 = AXIS2_PLACEMENT_3D('',#184,#185,#186);
#184 = CARTESIAN_POINT('',(108.5,-120.9,1.595));
#185 = DIRECTION('',(0.,0.,1.));
#186 = DIRECTION('',(1.,0.,0.));
#187 = AXIS2_PLACEMENT_3D('',#188,#189,#190);
#188 = CARTESIAN_POINT('',(110.,-115.25,1.595));
#189 = DIRECTION('',(0.,-0.,1.));
#190 = DIRECTION('',(1.110223024625E-16,1.,0.));
#191 = AXIS2_PLACEMENT_3D('',#192,#193,#194);
#192 = CARTESIAN_POINT('',(177.7,-120.9,1.595));
#193 = DIRECTION('',(0.,0.,1.));
#194 = DIRECTION('',(1.,0.,0.));
#195 = AXIS2_PLACEMENT_3D('',#196,#197,#198);
#196 = CARTESIAN_POINT('',(0.,0.,0.));
#197 = DIRECTION('',(0.,0.,1.));
#198 = DIRECTION('',(1.,0.,-0.));
#199 = ( GEOMETRIC_REPRESENTATION_CONTEXT(3) 
GLOBAL_UNCERTAINTY_ASSIGNED_CONTEXT((#203)) GLOBAL_UNIT_ASSIGNED_CONTEXT
((#200,#201,#202)) REPRESENTATION_CONTEXT('Context #1',
  '3D Context with UNIT and UNCERTAINTY') );
#200 = ( LENGTH_UNIT() NAMED_UNIT(*) SI_UNIT(.MILLI.,.METRE.) );
#201 = ( NAMED_UNIT(*) PLANE_ANGLE_UNIT() SI_UNIT($,.RADIAN.) );
#202 = ( NAMED_UNIT(*) SI_UNIT($,.STERADIAN.) SOLID_ANGLE_UNIT() );
#203 = UNCERTAINTY_MEASURE_WITH_UNIT(LENGTH_MEASURE(5.E-07),#200,
  'distance_accuracy_value','confusion accuracy');
#204 = PRODUCT_RELATED_PRODUCT_CATEGORY('part',$,(#7));
#205 = SHAPE_DEFINITION_REPRESENTATION(#206,#212);
#206 = PRODUCT_DEFINITION_SHAPE('','',#207);
#207 = PRODUCT_DEFINITION('design','',#208,#211);
#208 = PRODUCT_DEFINITION_FORMATION('','',#209);
#209 = PRODUCT('R_0603_1608Metric','R_0603_1608Metric','',(#210));
#210 = PRODUCT_CONTEXT('',#2,'mechanical');
#211 = PRODUCT_DEFINITION_CONTEXT('part definition',#2,'design');
#212 = ADVANCED_BREP_SHAPE_REPRESENTATION('',(#11,#213),#1003);
#213 = MANIFOLD_SOLID_BREP('',#214);
#214 = CLOSED_SHELL('',(#215,#255,#338,#363,#388,#455,#472,#489,#538,
    #555,#572,#621,#638,#707,#738,#762,#831,#855,#872,#889,#906,#923,
    #940,#957,#974,#991));
#215 = ADVANCED_FACE('',(#216),#250,.F.);
#216 = FACE_BOUND('',#217,.F.);
#217 = EDGE_LOOP('',(#218,#228,#236,#244));
#218 = ORIENTED_EDGE('',*,*,#219,.F.);
#219 = EDGE_CURVE('',#220,#222,#224,.T.);
#220 = VERTEX_POINT('',#221);
#221 = CARTESIAN_POINT('',(-0.8,-0.4,4.5E-02));
#222 = VERTEX_POINT('',#223);
#223 = CARTESIAN_POINT('',(-0.8,-0.4,0.405));
#224 = LINE('',#225,#226);
#225 = CARTESIAN_POINT('',(-0.8,-0.4,0.));
#226 = VECTOR('',#227,1.);
#227 = DIRECTION('',(0.,0.,1.));
#228 = ORIENTED_EDGE('',*,*,#229,.T.);
#229 = EDGE_CURVE('',#220,#230,#232,.T.);
#230 = VERTEX_POINT('',#231);
#231 = CARTESIAN_POINT('',(-0.8,0.4,4.5E-02));
#232 = LINE('',#233,#234);
#233 = CARTESIAN_POINT('',(-0.8,-0.4,4.5E-02));
#234 = VECTOR('',#235,1.);
#235 = DIRECTION('',(0.,1.,0.));
#236 = ORIENTED_EDGE('',*,*,#237,.T.);
#237 = EDGE_CURVE('',#230,#238,#240,.T.);
#238 = VERTEX_POINT('',#239);
#239 = CARTESIAN_POINT('',(-0.8,0.4,0.405));
#240 = LINE('',#241,#242);
#241 = CARTESIAN_POINT('',(-0.8,0.4,0.));
#242 = VECTOR('',#243,1.);
#243 = DIRECTION('',(0.,0.,1.));
#244 = ORIENTED_EDGE('',*,*,#245,.F.);
#245 = EDGE_CURVE('',#222,#238,#246,.T.);
#246 = LINE('',#247,#248);
#247 = CARTESIAN_POINT('',(-0.8,-0.4,0.405));
#248 = VECTOR('',#249,1.);
#249 = DIRECTION('',(0.,1.,0.));
#250 = PLANE('',#251);
#251 = AXIS2_PLACEMENT_3D('',#252,#253,#254);
#252 = CARTESIAN_POINT('',(-0.8,-0.4,0.));
#253 = DIRECTION('',(1.,0.,0.));
#254 = DIRECTION('',(0.,0.,1.));
#255 = ADVANCED_FACE('',(#256),#333,.F.);
#256 = FACE_BOUND('',#257,.F.);
#257 = EDGE_LOOP('',(#258,#268,#275,#276,#285,#293,#302,#310,#318,#326)
  );
#258 = ORIENTED_EDGE('',*,*,#259,.F.);
#259 = EDGE_CURVE('',#260,#262,#264,.T.);
#260 = VERTEX_POINT('',#261);
#261 = CARTESIAN_POINT('',(-0.755,-0.4,-2.775557561563E-17));
#262 = VERTEX_POINT('',#263);
#263 = CARTESIAN_POINT('',(-0.545,-0.4,-2.775557561563E-17));
#264 = LINE('',#265,#266);
#265 = CARTESIAN_POINT('',(-0.8,-0.4,0.));
#266 = VECTOR('',#267,1.);
#267 = DIRECTION('',(1.,0.,0.));
#268 = ORIENTED_EDGE('',*,*,#269,.F.);
#269 = EDGE_CURVE('',#220,#260,#270,.T.);
#270 = CIRCLE('',#271,4.5E-02);
#271 = AXIS2_PLACEMENT_3D('',#272,#273,#274);
#272 = CARTESIAN_POINT('',(-0.755,-0.4,4.5E-02));
#273 = DIRECTION('',(0.,-1.,0.));
#274 = DIRECTION('',(0.,0.,1.));
#275 = ORIENTED_EDGE('',*,*,#219,.T.);
#276 = ORIENTED_EDGE('',*,*,#277,.T.);
#277 = EDGE_CURVE('',#222,#278,#280,.T.);
#278 = VERTEX_POINT('',#279);
#279 = CARTESIAN_POINT('',(-0.755,-0.4,0.45));
#280 = CIRCLE('',#281,4.5E-02);
#281 = AXIS2_PLACEMENT_3D('',#282,#283,#284);
#282 = CARTESIAN_POINT('',(-0.755,-0.4,0.405));
#283 = DIRECTION('',(0.,1.,0.));
#284 = DIRECTION('',(0.,-0.,1.));
#285 = ORIENTED_EDGE('',*,*,#286,.T.);
#286 = EDGE_CURVE('',#278,#287,#289,.T.);
#287 = VERTEX_POINT('',#288);
#288 = CARTESIAN_POINT('',(-0.545,-0.4,0.45));
#289 = LINE('',#290,#291);
#290 = CARTESIAN_POINT('',(-0.8,-0.4,0.45));
#291 = VECTOR('',#292,1.);
#292 = DIRECTION('',(1.,0.,0.));
#293 = ORIENTED_EDGE('',*,*,#294,.F.);
#294 = EDGE_CURVE('',#295,#287,#297,.T.);
#295 = VERTEX_POINT('',#296);
#296 = CARTESIAN_POINT('',(-0.5,-0.4,0.405));
#297 = CIRCLE('',#298,4.5E-02);
#298 = AXIS2_PLACEMENT_3D('',#299,#300,#301);
#299 = CARTESIAN_POINT('',(-0.545,-0.4,0.405));
#300 = DIRECTION('',(0.,-1.,0.));
#301 = DIRECTION('',(0.,0.,1.));
#302 = ORIENTED_EDGE('',*,*,#303,.F.);
#303 = EDGE_CURVE('',#304,#295,#306,.T.);
#304 = VERTEX_POINT('',#305);
#305 = CARTESIAN_POINT('',(-0.755,-0.4,0.405));
#306 = LINE('',#307,#308);
#307 = CARTESIAN_POINT('',(-0.755,-0.4,0.405));
#308 = VECTOR('',#309,1.);
#309 = DIRECTION('',(1.,0.,0.));
#310 = ORIENTED_EDGE('',*,*,#311,.F.);
#311 = EDGE_CURVE('',#312,#304,#314,.T.);
#312 = VERTEX_POINT('',#313);
#313 = CARTESIAN_POINT('',(-0.755,-0.4,4.5E-02));
#314 = LINE('',#315,#316);
#315 = CARTESIAN_POINT('',(-0.755,-0.4,4.5E-02));
#316 = VECTOR('',#317,1.);
#317 = DIRECTION('',(0.,0.,1.));
#318 = ORIENTED_EDGE('',*,*,#319,.T.);
#319 = EDGE_CURVE('',#312,#320,#322,.T.);
#320 = VERTEX_POINT('',#321);
#321 = CARTESIAN_POINT('',(-0.5,-0.4,4.5E-02));
#322 = LINE('',#323,#324);
#323 = CARTESIAN_POINT('',(-0.755,-0.4,4.5E-02));
#324 = VECTOR('',#325,1.);
#325 = DIRECTION('',(1.,0.,0.));
#326 = ORIENTED_EDGE('',*,*,#327,.T.);
#327 = EDGE_CURVE('',#320,#262,#328,.T.);
#328 = CIRCLE('',#329,4.5E-02);
#329 = AXIS2_PLACEMENT_3D('',#330,#331,#332);
#330 = CARTESIAN_POINT('',(-0.545,-0.4,4.5E-02));
#331 = DIRECTION('',(0.,1.,0.));
#332 = DIRECTION('',(0.,-0.,1.));
#333 = PLANE('',#334);
#334 = AXIS2_PLACEMENT_3D('',#335,#336,#337);
#335 = CARTESIAN_POINT('',(-0.8,-0.4,0.));
#336 = DIRECTION('',(0.,1.,0.));
#337 = DIRECTION('',(0.,-0.,1.));
#338 = ADVANCED_FACE('',(#339),#358,.T.);
#339 = FACE_BOUND('',#340,.T.);
#340 = EDGE_LOOP('',(#341,#342,#351,#357));
#341 = ORIENTED_EDGE('',*,*,#229,.T.);
#342 = ORIENTED_EDGE('',*,*,#343,.T.);
#343 = EDGE_CURVE('',#230,#344,#346,.T.);
#344 = VERTEX_POINT('',#345);
#345 = CARTESIAN_POINT('',(-0.755,0.4,-2.775557561563E-17));
#346 = CIRCLE('',#347,4.5E-02);
#347 = AXIS2_PLACEMENT_3D('',#348,#349,#350);
#348 = CARTESIAN_POINT('',(-0.755,0.4,4.5E-02));
#349 = DIRECTION('',(0.,-1.,0.));
#350 = DIRECTION('',(0.,0.,1.));
#351 = ORIENTED_EDGE('',*,*,#352,.F.);
#352 = EDGE_CURVE('',#260,#344,#353,.T.);
#353 = LINE('',#354,#355);
#354 = CARTESIAN_POINT('',(-0.755,-0.4,-2.775557561563E-17));
#355 = VECTOR('',#356,1.);
#356 = DIRECTION('',(0.,1.,0.));
#357 = ORIENTED_EDGE('',*,*,#269,.F.);
#358 = CYLINDRICAL_SURFACE('',#359,4.5E-02);
#359 = AXIS2_PLACEMENT_3D('',#360,#361,#362);
#360 = CARTESIAN_POINT('',(-0.755,-0.4,4.5E-02));
#361 = DIRECTION('',(0.,1.,0.));
#362 = DIRECTION('',(-1.,0.,0.));
#363 = ADVANCED_FACE('',(#364),#383,.T.);
#364 = FACE_BOUND('',#365,.T.);
#365 = EDGE_LOOP('',(#366,#367,#375,#382));
#366 = ORIENTED_EDGE('',*,*,#277,.T.);
#367 = ORIENTED_EDGE('',*,*,#368,.T.);
#368 = EDGE_CURVE('',#278,#369,#371,.T.);
#369 = VERTEX_POINT('',#370);
#370 = CARTESIAN_POINT('',(-0.755,0.4,0.45));
#371 = LINE('',#372,#373);
#372 = CARTESIAN_POINT('',(-0.755,-0.4,0.45));
#373 = VECTOR('',#374,1.);
#374 = DIRECTION('',(0.,1.,0.));
#375 = ORIENTED_EDGE('',*,*,#376,.F.);
#376 = EDGE_CURVE('',#238,#369,#377,.T.);
#377 = CIRCLE('',#378,4.5E-02);
#378 = AXIS2_PLACEMENT_3D('',#379,#380,#381);
#379 = CARTESIAN_POINT('',(-0.755,0.4,0.405));
#380 = DIRECTION('',(0.,1.,0.));
#381 = DIRECTION('',(0.,-0.,1.));
#382 = ORIENTED_EDGE('',*,*,#245,.F.);
#383 = CYLINDRICAL_SURFACE('',#384,4.5E-02);
#384 = AXIS2_PLACEMENT_3D('',#385,#386,#387);
#385 = CARTESIAN_POINT('',(-0.755,-0.4,0.405));
#386 = DIRECTION('',(0.,1.,0.));
#387 = DIRECTION('',(-1.,0.,0.));
#388 = ADVANCED_FACE('',(#389),#450,.T.);
#389 = FACE_BOUND('',#390,.T.);
#390 = EDGE_LOOP('',(#391,#399,#400,#401,#402,#410,#419,#427,#435,#443)
  );
#391 = ORIENTED_EDGE('',*,*,#392,.F.);
#392 = EDGE_CURVE('',#344,#393,#395,.T.);
#393 = VERTEX_POINT('',#394);
#394 = CARTESIAN_POINT('',(-0.545,0.4,-2.775557561563E-17));
#395 = LINE('',#396,#397);
#396 = CARTESIAN_POINT('',(-0.8,0.4,0.));
#397 = VECTOR('',#398,1.);
#398 = DIRECTION('',(1.,0.,0.));
#399 = ORIENTED_EDGE('',*,*,#343,.F.);
#400 = ORIENTED_EDGE('',*,*,#237,.T.);
#401 = ORIENTED_EDGE('',*,*,#376,.T.);
#402 = ORIENTED_EDGE('',*,*,#403,.T.);
#403 = EDGE_CURVE('',#369,#404,#406,.T.);
#404 = VERTEX_POINT('',#405);
#405 = CARTESIAN_POINT('',(-0.545,0.4,0.45));
#406 = LINE('',#407,#408);
#407 = CARTESIAN_POINT('',(-0.8,0.4,0.45));
#408 = VECTOR('',#409,1.);
#409 = DIRECTION('',(1.,0.,0.));
#410 = ORIENTED_EDGE('',*,*,#411,.F.);
#411 = EDGE_CURVE('',#412,#404,#414,.T.);
#412 = VERTEX_POINT('',#413);
#413 = CARTESIAN_POINT('',(-0.5,0.4,0.405));
#414 = CIRCLE('',#415,4.5E-02);
#415 = AXIS2_PLACEMENT_3D('',#416,#417,#418);
#416 = CARTESIAN_POINT('',(-0.545,0.4,0.405));
#417 = DIRECTION('',(0.,-1.,0.));
#418 = DIRECTION('',(0.,0.,1.));
#419 = ORIENTED_EDGE('',*,*,#420,.F.);
#420 = EDGE_CURVE('',#421,#412,#423,.T.);
#421 = VERTEX_POINT('',#422);
#422 = CARTESIAN_POINT('',(-0.755,0.4,0.405));
#423 = LINE('',#424,#425);
#424 = CARTESIAN_POINT('',(-0.755,0.4,0.405));
#425 = VECTOR('',#426,1.);
#426 = DIRECTION('',(1.,0.,0.));
#427 = ORIENTED_EDGE('',*,*,#428,.F.);
#428 = EDGE_CURVE('',#429,#421,#431,.T.);
#429 = VERTEX_POINT('',#430);
#430 = CARTESIAN_POINT('',(-0.755,0.4,4.5E-02));
#431 = LINE('',#432,#433);
#432 = CARTESIAN_POINT('',(-0.755,0.4,4.5E-02));
#433 = VECTOR('',#434,1.);
#434 = DIRECTION('',(0.,0.,1.));
#435 = ORIENTED_EDGE('',*,*,#436,.T.);
#436 = EDGE_CURVE('',#429,#437,#439,.T.);
#437 = VERTEX_POINT('',#438);
#438 = CARTESIAN_POINT('',(-0.5,0.4,4.5E-02));
#439 = LINE('',#440,#441);
#440 = CARTESIAN_POINT('',(-0.755,0.4,4.5E-02));
#441 = VECTOR('',#442,1.);
#442 = DIRECTION('',(1.,0.,0.));
#443 = ORIENTED_EDGE('',*,*,#444,.T.);
#444 = EDGE_CURVE('',#437,#393,#445,.T.);
#445 = CIRCLE('',#446,4.5E-02);
#446 = AXIS2_PLACEMENT_3D('',#447,#448,#449);
#447 = CARTESIAN_POINT('',(-0.545,0.4,4.5E-02));
#448 = DIRECTION('',(0.,1.,0.));
#449 = DIRECTION('',(0.,-0.,1.));
#450 = PLANE('',#451);
#451 = AXIS2_PLACEMENT_3D('',#452,#453,#454);
#452 = CARTESIAN_POINT('',(-0.8,0.4,0.));
#453 = DIRECTION('',(0.,1.,0.));
#454 = DIRECTION('',(0.,-0.,1.));
#455 = ADVANCED_FACE('',(#456),#467,.F.);
#456 = FACE_BOUND('',#457,.F.);
#457 = EDGE_LOOP('',(#458,#459,#460,#461));
#458 = ORIENTED_EDGE('',*,*,#392,.F.);
#459 = ORIENTED_EDGE('',*,*,#352,.F.);
#460 = ORIENTED_EDGE('',*,*,#259,.T.);
#461 = ORIENTED_EDGE('',*,*,#462,.T.);
#462 = EDGE_CURVE('',#262,#393,#463,.T.);
#463 = LINE('',#464,#465);
#464 = CARTESIAN_POINT('',(-0.545,-0.4,-2.775557561563E-17));
#465 = VECTOR('',#466,1.);
#466 = DIRECTION('',(0.,1.,0.));
#467 = PLANE('',#468);
#468 = AXIS2_PLACEMENT_3D('',#469,#470,#471);
#469 = CARTESIAN_POINT('',(-0.8,-0.4,0.));
#470 = DIRECTION('',(0.,0.,1.));
#471 = DIRECTION('',(1.,0.,-0.));
#472 = ADVANCED_FACE('',(#473),#484,.T.);
#473 = FACE_BOUND('',#474,.T.);
#474 = EDGE_LOOP('',(#475,#476,#477,#478));
#475 = ORIENTED_EDGE('',*,*,#327,.T.);
#476 = ORIENTED_EDGE('',*,*,#462,.T.);
#477 = ORIENTED_EDGE('',*,*,#444,.F.);
#478 = ORIENTED_EDGE('',*,*,#479,.F.);
#479 = EDGE_CURVE('',#320,#437,#480,.T.);
#480 = LINE('',#481,#482);
#481 = CARTESIAN_POINT('',(-0.5,-0.4,4.5E-02));
#482 = VECTOR('',#483,1.);
#483 = DIRECTION('',(0.,1.,0.));
#484 = CYLINDRICAL_SURFACE('',#485,4.5E-02);
#485 = AXIS2_PLACEMENT_3D('',#486,#487,#488);
#486 = CARTESIAN_POINT('',(-0.545,-0.4,4.5E-02));
#487 = DIRECTION('',(0.,1.,0.));
#488 = DIRECTION('',(1.,0.,0.));
#489 = ADVANCED_FACE('',(#490),#533,.F.);
#490 = FACE_BOUND('',#491,.F.);
#491 = EDGE_LOOP('',(#492,#493,#494,#495,#503,#511,#519,#527));
#492 = ORIENTED_EDGE('',*,*,#319,.F.);
#493 = ORIENTED_EDGE('',*,*,#311,.T.);
#494 = ORIENTED_EDGE('',*,*,#303,.T.);
#495 = ORIENTED_EDGE('',*,*,#496,.T.);
#496 = EDGE_CURVE('',#295,#497,#499,.T.);
#497 = VERTEX_POINT('',#498);
#498 = CARTESIAN_POINT('',(0.5,-0.4,0.405));
#499 = LINE('',#500,#501);
#500 = CARTESIAN_POINT('',(-0.5,-0.4,0.405));
#501 = VECTOR('',#502,1.);
#502 = DIRECTION('',(1.,0.,0.));
#503 = ORIENTED_EDGE('',*,*,#504,.T.);
#504 = EDGE_CURVE('',#497,#505,#507,.T.);
#505 = VERTEX_POINT('',#506);
#506 = CARTESIAN_POINT('',(0.755,-0.4,0.405));
#507 = LINE('',#508,#509);
#508 = CARTESIAN_POINT('',(-0.755,-0.4,0.405));
#509 = VECTOR('',#510,1.);
#510 = DIRECTION('',(1.,0.,0.));
#511 = ORIENTED_EDGE('',*,*,#512,.F.);
#512 = EDGE_CURVE('',#513,#505,#515,.T.);
#513 = VERTEX_POINT('',#514);
#514 = CARTESIAN_POINT('',(0.755,-0.4,4.5E-02));
#515 = LINE('',#516,#517);
#516 = CARTESIAN_POINT('',(0.755,-0.4,4.5E-02));
#517 = VECTOR('',#518,1.);
#518 = DIRECTION('',(0.,0.,1.));
#519 = ORIENTED_EDGE('',*,*,#520,.F.);
#520 = EDGE_CURVE('',#521,#513,#523,.T.);
#521 = VERTEX_POINT('',#522);
#522 = CARTESIAN_POINT('',(0.5,-0.4,4.5E-02));
#523 = LINE('',#524,#525);
#524 = CARTESIAN_POINT('',(-0.755,-0.4,4.5E-02));
#525 = VECTOR('',#526,1.);
#526 = DIRECTION('',(1.,0.,0.));
#527 = ORIENTED_EDGE('',*,*,#528,.F.);
#528 = EDGE_CURVE('',#320,#521,#529,.T.);
#529 = LINE('',#530,#531);
#530 = CARTESIAN_POINT('',(-0.755,-0.4,4.5E-02));
#531 = VECTOR('',#532,1.);
#532 = DIRECTION('',(1.,0.,0.));
#533 = PLANE('',#534);
#534 = AXIS2_PLACEMENT_3D('',#535,#536,#537);
#535 = CARTESIAN_POINT('',(-0.755,-0.4,4.5E-02));
#536 = DIRECTION('',(0.,1.,0.));
#537 = DIRECTION('',(0.,-0.,1.));
#538 = ADVANCED_FACE('',(#539),#550,.T.);
#539 = FACE_BOUND('',#540,.T.);
#540 = EDGE_LOOP('',(#541,#542,#543,#544));
#541 = ORIENTED_EDGE('',*,*,#403,.F.);
#542 = ORIENTED_EDGE('',*,*,#368,.F.);
#543 = ORIENTED_EDGE('',*,*,#286,.T.);
#544 = ORIENTED_EDGE('',*,*,#545,.T.);
#545 = EDGE_CURVE('',#287,#404,#546,.T.);
#546 = LINE('',#547,#548);
#547 = CARTESIAN_POINT('',(-0.545,-0.4,0.45));
#548 = VECTOR('',#549,1.);
#549 = DIRECTION('',(0.,1.,0.));
#550 = PLANE('',#551);
#551 = AXIS2_PLACEMENT_3D('',#552,#553,#554);
#552 = CARTESIAN_POINT('',(-0.8,-0.4,0.45));
#553 = DIRECTION('',(0.,0.,1.));
#554 = DIRECTION('',(1.,0.,-0.));
#555 = ADVANCED_FACE('',(#556),#567,.T.);
#556 = FACE_BOUND('',#557,.T.);
#557 = EDGE_LOOP('',(#558,#564,#565,#566));
#558 = ORIENTED_EDGE('',*,*,#559,.T.);
#559 = EDGE_CURVE('',#295,#412,#560,.T.);
#560 = LINE('',#561,#562);
#561 = CARTESIAN_POINT('',(-0.5,-0.4,0.405));
#562 = VECTOR('',#563,1.);
#563 = DIRECTION('',(0.,1.,0.));
#564 = ORIENTED_EDGE('',*,*,#411,.T.);
#565 = ORIENTED_EDGE('',*,*,#545,.F.);
#566 = ORIENTED_EDGE('',*,*,#294,.F.);
#567 = CYLINDRICAL_SURFACE('',#568,4.5E-02);
#568 = AXIS2_PLACEMENT_3D('',#569,#570,#571);
#569 = CARTESIAN_POINT('',(-0.545,-0.4,0.405));
#570 = DIRECTION('',(0.,1.,0.));
#571 = DIRECTION('',(1.,0.,0.));
#572 = ADVANCED_FACE('',(#573),#616,.T.);
#573 = FACE_BOUND('',#574,.T.);
#574 = EDGE_LOOP('',(#575,#576,#577,#578,#586,#594,#602,#610));
#575 = ORIENTED_EDGE('',*,*,#436,.F.);
#576 = ORIENTED_EDGE('',*,*,#428,.T.);
#577 = ORIENTED_EDGE('',*,*,#420,.T.);
#578 = ORIENTED_EDGE('',*,*,#579,.T.);
#579 = EDGE_CURVE('',#412,#580,#582,.T.);
#580 = VERTEX_POINT('',#581);
#581 = CARTESIAN_POINT('',(0.5,0.4,0.405));
#582 = LINE('',#583,#584);
#583 = CARTESIAN_POINT('',(-0.5,0.4,0.405));
#584 = VECTOR('',#585,1.);
#585 = DIRECTION('',(1.,0.,0.));
#586 = ORIENTED_EDGE('',*,*,#587,.T.);
#587 = EDGE_CURVE('',#580,#588,#590,.T.);
#588 = VERTEX_POINT('',#589);
#589 = CARTESIAN_POINT('',(0.755,0.4,0.405));
#590 = LINE('',#591,#592);
#591 = CARTESIAN_POINT('',(-0.755,0.4,0.405));
#592 = VECTOR('',#593,1.);
#593 = DIRECTION('',(1.,0.,0.));
#594 = ORIENTED_EDGE('',*,*,#595,.F.);
#595 = EDGE_CURVE('',#596,#588,#598,.T.);
#596 = VERTEX_POINT('',#597);
#597 = CARTESIAN_POINT('',(0.755,0.4,4.5E-02));
#598 = LINE('',#599,#600);
#599 = CARTESIAN_POINT('',(0.755,0.4,4.5E-02));
#600 = VECTOR('',#601,1.);
#601 = DIRECTION('',(0.,0.,1.));
#602 = ORIENTED_EDGE('',*,*,#603,.F.);
#603 = EDGE_CURVE('',#604,#596,#606,.T.);
#604 = VERTEX_POINT('',#605);
#605 = CARTESIAN_POINT('',(0.5,0.4,4.5E-02));
#606 = LINE('',#607,#608);
#607 = CARTESIAN_POINT('',(-0.755,0.4,4.5E-02));
#608 = VECTOR('',#609,1.);
#609 = DIRECTION('',(1.,0.,0.));
#610 = ORIENTED_EDGE('',*,*,#611,.F.);
#611 = EDGE_CURVE('',#437,#604,#612,.T.);
#612 = LINE('',#613,#614);
#613 = CARTESIAN_POINT('',(-0.755,0.4,4.5E-02));
#614 = VECTOR('',#615,1.);
#615 = DIRECTION('',(1.,0.,0.));
#616 = PLANE('',#617);
#617 = AXIS2_PLACEMENT_3D('',#618,#619,#620);
#618 = CARTESIAN_POINT('',(-0.755,0.4,4.5E-02));
#619 = DIRECTION('',(0.,1.,0.));
#620 = DIRECTION('',(0.,-0.,1.));
#621 = ADVANCED_FACE('',(#622),#633,.F.);
#622 = FACE_BOUND('',#623,.F.);
#623 = EDGE_LOOP('',(#624,#625,#626,#632));
#624 = ORIENTED_EDGE('',*,*,#479,.F.);
#625 = ORIENTED_EDGE('',*,*,#528,.T.);
#626 = ORIENTED_EDGE('',*,*,#627,.T.);
#627 = EDGE_CURVE('',#521,#604,#628,.T.);
#628 = LINE('',#629,#630);
#629 = CARTESIAN_POINT('',(0.5,-0.4,4.5E-02));
#630 = VECTOR('',#631,1.);
#631 = DIRECTION('',(0.,1.,0.));
#632 = ORIENTED_EDGE('',*,*,#611,.F.);
#633 = PLANE('',#634);
#634 = AXIS2_PLACEMENT_3D('',#635,#636,#637);
#635 = CARTESIAN_POINT('',(-0.755,-0.4,4.5E-02));
#636 = DIRECTION('',(0.,0.,1.));
#637 = DIRECTION('',(1.,0.,-0.));
#638 = ADVANCED_FACE('',(#639),#702,.F.);
#639 = FACE_BOUND('',#640,.F.);
#640 = EDGE_LOOP('',(#641,#651,#658,#659,#660,#661,#670,#678,#687,#695)
  );
#641 = ORIENTED_EDGE('',*,*,#642,.F.);
#642 = EDGE_CURVE('',#643,#645,#647,.T.);
#643 = VERTEX_POINT('',#644);
#644 = CARTESIAN_POINT('',(0.545,-0.4,-2.775557561563E-17));
#645 = VERTEX_POINT('',#646);
#646 = CARTESIAN_POINT('',(0.755,-0.4,-2.775557561563E-17));
#647 = LINE('',#648,#649);
#648 = CARTESIAN_POINT('',(0.5,-0.4,0.));
#649 = VECTOR('',#650,1.);
#650 = DIRECTION('',(1.,0.,0.));
#651 = ORIENTED_EDGE('',*,*,#652,.F.);
#652 = EDGE_CURVE('',#521,#643,#653,.T.);
#653 = CIRCLE('',#654,4.5E-02);
#654 = AXIS2_PLACEMENT_3D('',#655,#656,#657);
#655 = CARTESIAN_POINT('',(0.545,-0.4,4.5E-02));
#656 = DIRECTION('',(0.,-1.,0.));
#657 = DIRECTION('',(0.,0.,1.));
#658 = ORIENTED_EDGE('',*,*,#520,.T.);
#659 = ORIENTED_EDGE('',*,*,#512,.T.);
#660 = ORIENTED_EDGE('',*,*,#504,.F.);
#661 = ORIENTED_EDGE('',*,*,#662,.T.);
#662 = EDGE_CURVE('',#497,#663,#665,.T.);
#663 = VERTEX_POINT('',#664);
#664 = CARTESIAN_POINT('',(0.545,-0.4,0.45));
#665 = CIRCLE('',#666,4.5E-02);
#666 = AXIS2_PLACEMENT_3D('',#667,#668,#669);
#667 = CARTESIAN_POINT('',(0.545,-0.4,0.405));
#668 = DIRECTION('',(0.,1.,0.));
#669 = DIRECTION('',(0.,-0.,1.));
#670 = ORIENTED_EDGE('',*,*,#671,.T.);
#671 = EDGE_CURVE('',#663,#672,#674,.T.);
#672 = VERTEX_POINT('',#673);
#673 = CARTESIAN_POINT('',(0.755,-0.4,0.45));
#674 = LINE('',#675,#676);
#675 = CARTESIAN_POINT('',(0.5,-0.4,0.45));
#676 = VECTOR('',#677,1.);
#677 = DIRECTION('',(1.,0.,0.));
#678 = ORIENTED_EDGE('',*,*,#679,.F.);
#679 = EDGE_CURVE('',#680,#672,#682,.T.);
#680 = VERTEX_POINT('',#681);
#681 = CARTESIAN_POINT('',(0.8,-0.4,0.405));
#682 = CIRCLE('',#683,4.5E-02);
#683 = AXIS2_PLACEMENT_3D('',#684,#685,#686);
#684 = CARTESIAN_POINT('',(0.755,-0.4,0.405));
#685 = DIRECTION('',(0.,-1.,0.));
#686 = DIRECTION('',(0.,0.,1.));
#687 = ORIENTED_EDGE('',*,*,#688,.F.);
#688 = EDGE_CURVE('',#689,#680,#691,.T.);
#689 = VERTEX_POINT('',#690);
#690 = CARTESIAN_POINT('',(0.8,-0.4,4.5E-02));
#691 = LINE('',#692,#693);
#692 = CARTESIAN_POINT('',(0.8,-0.4,0.));
#693 = VECTOR('',#694,1.);
#694 = DIRECTION('',(0.,0.,1.));
#695 = ORIENTED_EDGE('',*,*,#696,.T.);
#696 = EDGE_CURVE('',#689,#645,#697,.T.);
#697 = CIRCLE('',#698,4.5E-02);
#698 = AXIS2_PLACEMENT_3D('',#699,#700,#701);
#699 = CARTESIAN_POINT('',(0.755,-0.4,4.5E-02));
#700 = DIRECTION('',(0.,1.,0.));
#701 = DIRECTION('',(0.,-0.,1.));
#702 = PLANE('',#703);
#703 = AXIS2_PLACEMENT_3D('',#704,#705,#706);
#704 = CARTESIAN_POINT('',(0.5,-0.4,0.));
#705 = DIRECTION('',(0.,1.,0.));
#706 = DIRECTION('',(0.,-0.,1.));
#707 = ADVANCED_FACE('',(#708),#733,.F.);
#708 = FACE_BOUND('',#709,.F.);
#709 = EDGE_LOOP('',(#710,#711,#719,#727));
#710 = ORIENTED_EDGE('',*,*,#496,.F.);
#711 = ORIENTED_EDGE('',*,*,#712,.T.);
#712 = EDGE_CURVE('',#295,#713,#715,.T.);
#713 = VERTEX_POINT('',#714);
#714 = CARTESIAN_POINT('',(-0.5,-0.4,0.45));
#715 = LINE('',#716,#717);
#716 = CARTESIAN_POINT('',(-0.5,-0.4,0.405));
#717 = VECTOR('',#718,1.);
#718 = DIRECTION('',(0.,0.,1.));
#719 = ORIENTED_EDGE('',*,*,#720,.T.);
#720 = EDGE_CURVE('',#713,#721,#723,.T.);
#721 = VERTEX_POINT('',#722);
#722 = CARTESIAN_POINT('',(0.5,-0.4,0.45));
#723 = LINE('',#724,#725);
#724 = CARTESIAN_POINT('',(-0.5,-0.4,0.45));
#725 = VECTOR('',#726,1.);
#726 = DIRECTION('',(1.,0.,0.));
#727 = ORIENTED_EDGE('',*,*,#728,.F.);
#728 = EDGE_CURVE('',#497,#721,#729,.T.);
#729 = LINE('',#730,#731);
#730 = CARTESIAN_POINT('',(0.5,-0.4,0.405));
#731 = VECTOR('',#732,1.);
#732 = DIRECTION('',(0.,0.,1.));
#733 = PLANE('',#734);
#734 = AXIS2_PLACEMENT_3D('',#735,#736,#737);
#735 = CARTESIAN_POINT('',(-0.5,-0.4,0.405));
#736 = DIRECTION('',(0.,1.,0.));
#737 = DIRECTION('',(0.,-0.,1.));
#738 = ADVANCED_FACE('',(#739),#757,.F.);
#739 = FACE_BOUND('',#740,.F.);
#740 = EDGE_LOOP('',(#741,#742,#743,#751));
#741 = ORIENTED_EDGE('',*,*,#712,.F.);
#742 = ORIENTED_EDGE('',*,*,#559,.T.);
#743 = ORIENTED_EDGE('',*,*,#744,.T.);
#744 = EDGE_CURVE('',#412,#745,#747,.T.);
#745 = VERTEX_POINT('',#746);
#746 = CARTESIAN_POINT('',(-0.5,0.4,0.45));
#747 = LINE('',#748,#749);
#748 = CARTESIAN_POINT('',(-0.5,0.4,0.405));
#749 = VECTOR('',#750,1.);
#750 = DIRECTION('',(0.,0.,1.));
#751 = ORIENTED_EDGE('',*,*,#752,.F.);
#752 = EDGE_CURVE('',#713,#745,#753,.T.);
#753 = LINE('',#754,#755);
#754 = CARTESIAN_POINT('',(-0.5,-0.4,0.45));
#755 = VECTOR('',#756,1.);
#756 = DIRECTION('',(0.,1.,0.));
#757 = PLANE('',#758);
#758 = AXIS2_PLACEMENT_3D('',#759,#760,#761);
#759 = CARTESIAN_POINT('',(-0.5,-0.4,0.405));
#760 = DIRECTION('',(1.,0.,0.));
#761 = DIRECTION('',(0.,0.,1.));
#762 = ADVANCED_FACE('',(#763),#826,.T.);
#763 = FACE_BOUND('',#764,.T.);
#764 = EDGE_LOOP('',(#765,#775,#782,#783,#784,#785,#794,#802,#811,#819)
  );
#765 = ORIENTED_EDGE('',*,*,#766,.F.);
#766 = EDGE_CURVE('',#767,#769,#771,.T.);
#767 = VERTEX_POINT('',#768);
#768 = CARTESIAN_POINT('',(0.545,0.4,-2.775557561563E-17));
#769 = VERTEX_POINT('',#770);
#770 = CARTESIAN_POINT('',(0.755,0.4,-2.775557561563E-17));
#771 = LINE('',#772,#773);
#772 = CARTESIAN_POINT('',(0.5,0.4,0.));
#773 = VECTOR('',#774,1.);
#774 = DIRECTION('',(1.,0.,0.));
#775 = ORIENTED_EDGE('',*,*,#776,.F.);
#776 = EDGE_CURVE('',#604,#767,#777,.T.);
#777 = CIRCLE('',#778,4.5E-02);
#778 = AXIS2_PLACEMENT_3D('',#779,#780,#781);
#779 = CARTESIAN_POINT('',(0.545,0.4,4.5E-02));
#780 = DIRECTION('',(0.,-1.,0.));
#781 = DIRECTION('',(0.,0.,1.));
#782 = ORIENTED_EDGE('',*,*,#603,.T.);
#783 = ORIENTED_EDGE('',*,*,#595,.T.);
#784 = ORIENTED_EDGE('',*,*,#587,.F.);
#785 = ORIENTED_EDGE('',*,*,#786,.T.);
#786 = EDGE_CURVE('',#580,#787,#789,.T.);
#787 = VERTEX_POINT('',#788);
#788 = CARTESIAN_POINT('',(0.545,0.4,0.45));
#789 = CIRCLE('',#790,4.5E-02);
#790 = AXIS2_PLACEMENT_3D('',#791,#792,#793);
#791 = CARTESIAN_POINT('',(0.545,0.4,0.405));
#792 = DIRECTION('',(0.,1.,0.));
#793 = DIRECTION('',(0.,-0.,1.));
#794 = ORIENTED_EDGE('',*,*,#795,.T.);
#795 = EDGE_CURVE('',#787,#796,#798,.T.);
#796 = VERTEX_POINT('',#797);
#797 = CARTESIAN_POINT('',(0.755,0.4,0.45));
#798 = LINE('',#799,#800);
#799 = CARTESIAN_POINT('',(0.5,0.4,0.45));
#800 = VECTOR('',#801,1.);
#801 = DIRECTION('',(1.,0.,0.));
#802 = ORIENTED_EDGE('',*,*,#803,.F.);
#803 = EDGE_CURVE('',#804,#796,#806,.T.);
#804 = VERTEX_POINT('',#805);
#805 = CARTESIAN_POINT('',(0.8,0.4,0.405));
#806 = CIRCLE('',#807,4.5E-02);
#807 = AXIS2_PLACEMENT_3D('',#808,#809,#810);
#808 = CARTESIAN_POINT('',(0.755,0.4,0.405));
#809 = DIRECTION('',(0.,-1.,0.));
#810 = DIRECTION('',(0.,0.,1.));
#811 = ORIENTED_EDGE('',*,*,#812,.F.);
#812 = EDGE_CURVE('',#813,#804,#815,.T.);
#813 = VERTEX_POINT('',#814);
#814 = CARTESIAN_POINT('',(0.8,0.4,4.5E-02));
#815 = LINE('',#816,#817);
#816 = CARTESIAN_POINT('',(0.8,0.4,0.));
#817 = VECTOR('',#818,1.);
#818 = DIRECTION('',(0.,0.,1.));
#819 = ORIENTED_EDGE('',*,*,#820,.T.);
#820 = EDGE_CURVE('',#813,#769,#821,.T.);
#821 = CIRCLE('',#822,4.5E-02);
#822 = AXIS2_PLACEMENT_3D('',#823,#824,#825);
#823 = CARTESIAN_POINT('',(0.755,0.4,4.5E-02));
#824 = DIRECTION('',(0.,1.,0.));
#825 = DIRECTION('',(0.,-0.,1.));
#826 = PLANE('',#827);
#827 = AXIS2_PLACEMENT_3D('',#828,#829,#830);
#828 = CARTESIAN_POINT('',(0.5,0.4,0.));
#829 = DIRECTION('',(0.,1.,0.));
#830 = DIRECTION('',(0.,-0.,1.));
#831 = ADVANCED_FACE('',(#832),#850,.T.);
#832 = FACE_BOUND('',#833,.T.);
#833 = EDGE_LOOP('',(#834,#835,#836,#844));
#834 = ORIENTED_EDGE('',*,*,#579,.F.);
#835 = ORIENTED_EDGE('',*,*,#744,.T.);
#836 = ORIENTED_EDGE('',*,*,#837,.T.);
#837 = EDGE_CURVE('',#745,#838,#840,.T.);
#838 = VERTEX_POINT('',#839);
#839 = CARTESIAN_POINT('',(0.5,0.4,0.45));
#840 = LINE('',#841,#842);
#841 = CARTESIAN_POINT('',(-0.5,0.4,0.45));
#842 = VECTOR('',#843,1.);
#843 = DIRECTION('',(1.,0.,0.));
#844 = ORIENTED_EDGE('',*,*,#845,.F.);
#845 = EDGE_CURVE('',#580,#838,#846,.T.);
#846 = LINE('',#847,#848);
#847 = CARTESIAN_POINT('',(0.5,0.4,0.405));
#848 = VECTOR('',#849,1.);
#849 = DIRECTION('',(0.,0.,1.));
#850 = PLANE('',#851);
#851 = AXIS2_PLACEMENT_3D('',#852,#853,#854);
#852 = CARTESIAN_POINT('',(-0.5,0.4,0.405));
#853 = DIRECTION('',(0.,1.,0.));
#854 = DIRECTION('',(0.,-0.,1.));
#855 = ADVANCED_FACE('',(#856),#867,.T.);
#856 = FACE_BOUND('',#857,.T.);
#857 = EDGE_LOOP('',(#858,#859,#860,#866));
#858 = ORIENTED_EDGE('',*,*,#627,.T.);
#859 = ORIENTED_EDGE('',*,*,#776,.T.);
#860 = ORIENTED_EDGE('',*,*,#861,.F.);
#861 = EDGE_CURVE('',#643,#767,#862,.T.);
#862 = LINE('',#863,#864);
#863 = CARTESIAN_POINT('',(0.545,-0.4,-2.775557561563E-17));
#864 = VECTOR('',#865,1.);
#865 = DIRECTION('',(0.,1.,0.));
#866 = ORIENTED_EDGE('',*,*,#652,.F.);
#867 = CYLINDRICAL_SURFACE('',#868,4.5E-02);
#868 = AXIS2_PLACEMENT_3D('',#869,#870,#871);
#869 = CARTESIAN_POINT('',(0.545,-0.4,4.5E-02));
#870 = DIRECTION('',(0.,1.,0.));
#871 = DIRECTION('',(-1.,0.,0.));
#872 = ADVANCED_FACE('',(#873),#884,.F.);
#873 = FACE_BOUND('',#874,.F.);
#874 = EDGE_LOOP('',(#875,#876,#877,#878));
#875 = ORIENTED_EDGE('',*,*,#766,.F.);
#876 = ORIENTED_EDGE('',*,*,#861,.F.);
#877 = ORIENTED_EDGE('',*,*,#642,.T.);
#878 = ORIENTED_EDGE('',*,*,#879,.T.);
#879 = EDGE_CURVE('',#645,#769,#880,.T.);
#880 = LINE('',#881,#882);
#881 = CARTESIAN_POINT('',(0.755,-0.4,-2.775557561563E-17));
#882 = VECTOR('',#883,1.);
#883 = DIRECTION('',(0.,1.,0.));
#884 = PLANE('',#885);
#885 = AXIS2_PLACEMENT_3D('',#886,#887,#888);
#886 = CARTESIAN_POINT('',(0.5,-0.4,0.));
#887 = DIRECTION('',(0.,0.,1.));
#888 = DIRECTION('',(1.,0.,-0.));
#889 = ADVANCED_FACE('',(#890),#901,.T.);
#890 = FACE_BOUND('',#891,.T.);
#891 = EDGE_LOOP('',(#892,#893,#894,#895));
#892 = ORIENTED_EDGE('',*,*,#696,.T.);
#893 = ORIENTED_EDGE('',*,*,#879,.T.);
#894 = ORIENTED_EDGE('',*,*,#820,.F.);
#895 = ORIENTED_EDGE('',*,*,#896,.F.);
#896 = EDGE_CURVE('',#689,#813,#897,.T.);
#897 = LINE('',#898,#899);
#898 = CARTESIAN_POINT('',(0.8,-0.4,4.5E-02));
#899 = VECTOR('',#900,1.);
#900 = DIRECTION('',(0.,1.,0.));
#901 = CYLINDRICAL_SURFACE('',#902,4.5E-02);
#902 = AXIS2_PLACEMENT_3D('',#903,#904,#905);
#903 = CARTESIAN_POINT('',(0.755,-0.4,4.5E-02));
#904 = DIRECTION('',(0.,1.,0.));
#905 = DIRECTION('',(1.,0.,0.));
#906 = ADVANCED_FACE('',(#907),#918,.T.);
#907 = FACE_BOUND('',#908,.T.);
#908 = EDGE_LOOP('',(#909,#910,#911,#912));
#909 = ORIENTED_EDGE('',*,*,#688,.F.);
#910 = ORIENTED_EDGE('',*,*,#896,.T.);
#911 = ORIENTED_EDGE('',*,*,#812,.T.);
#912 = ORIENTED_EDGE('',*,*,#913,.F.);
#913 = EDGE_CURVE('',#680,#804,#914,.T.);
#914 = LINE('',#915,#916);
#915 = CARTESIAN_POINT('',(0.8,-0.4,0.405));
#916 = VECTOR('',#917,1.);
#917 = DIRECTION('',(0.,1.,0.));
#918 = PLANE('',#919);
#919 = AXIS2_PLACEMENT_3D('',#920,#921,#922);
#920 = CARTESIAN_POINT('',(0.8,-0.4,0.));
#921 = DIRECTION('',(1.,0.,0.));
#922 = DIRECTION('',(0.,0.,1.));
#923 = ADVANCED_FACE('',(#924),#935,.T.);
#924 = FACE_BOUND('',#925,.T.);
#925 = EDGE_LOOP('',(#926,#927,#928,#934));
#926 = ORIENTED_EDGE('',*,*,#913,.T.);
#927 = ORIENTED_EDGE('',*,*,#803,.T.);
#928 = ORIENTED_EDGE('',*,*,#929,.F.);
#929 = EDGE_CURVE('',#672,#796,#930,.T.);
#930 = LINE('',#931,#932);
#931 = CARTESIAN_POINT('',(0.755,-0.4,0.45));
#932 = VECTOR('',#933,1.);
#933 = DIRECTION('',(0.,1.,0.));
#934 = ORIENTED_EDGE('',*,*,#679,.F.);
#935 = CYLINDRICAL_SURFACE('',#936,4.5E-02);
#936 = AXIS2_PLACEMENT_3D('',#937,#938,#939);
#937 = CARTESIAN_POINT('',(0.755,-0.4,0.405));
#938 = DIRECTION('',(0.,1.,0.));
#939 = DIRECTION('',(1.,0.,0.));
#940 = ADVANCED_FACE('',(#941),#952,.T.);
#941 = FACE_BOUND('',#942,.T.);
#942 = EDGE_LOOP('',(#943,#944,#950,#951));
#943 = ORIENTED_EDGE('',*,*,#795,.F.);
#944 = ORIENTED_EDGE('',*,*,#945,.F.);
#945 = EDGE_CURVE('',#663,#787,#946,.T.);
#946 = LINE('',#947,#948);
#947 = CARTESIAN_POINT('',(0.545,-0.4,0.45));
#948 = VECTOR('',#949,1.);
#949 = DIRECTION('',(0.,1.,0.));
#950 = ORIENTED_EDGE('',*,*,#671,.T.);
#951 = ORIENTED_EDGE('',*,*,#929,.T.);
#952 = PLANE('',#953);
#953 = AXIS2_PLACEMENT_3D('',#954,#955,#956);
#954 = CARTESIAN_POINT('',(0.5,-0.4,0.45));
#955 = DIRECTION('',(0.,0.,1.));
#956 = DIRECTION('',(1.,0.,-0.));
#957 = ADVANCED_FACE('',(#958),#969,.T.);
#958 = FACE_BOUND('',#959,.T.);
#959 = EDGE_LOOP('',(#960,#961,#962,#963));
#960 = ORIENTED_EDGE('',*,*,#662,.T.);
#961 = ORIENTED_EDGE('',*,*,#945,.T.);
#962 = ORIENTED_EDGE('',*,*,#786,.F.);
#963 = ORIENTED_EDGE('',*,*,#964,.F.);
#964 = EDGE_CURVE('',#497,#580,#965,.T.);
#965 = LINE('',#966,#967);
#966 = CARTESIAN_POINT('',(0.5,-0.4,0.405));
#967 = VECTOR('',#968,1.);
#968 = DIRECTION('',(0.,1.,0.));
#969 = CYLINDRICAL_SURFACE('',#970,4.5E-02);
#970 = AXIS2_PLACEMENT_3D('',#971,#972,#973);
#971 = CARTESIAN_POINT('',(0.545,-0.4,0.405));
#972 = DIRECTION('',(0.,1.,0.));
#973 = DIRECTION('',(-1.,0.,0.));
#974 = ADVANCED_FACE('',(#975),#986,.T.);
#975 = FACE_BOUND('',#976,.T.);
#976 = EDGE_LOOP('',(#977,#978,#979,#980));
#977 = ORIENTED_EDGE('',*,*,#728,.F.);
#978 = ORIENTED_EDGE('',*,*,#964,.T.);
#979 = ORIENTED_EDGE('',*,*,#845,.T.);
#980 = ORIENTED_EDGE('',*,*,#981,.F.);
#981 = EDGE_CURVE('',#721,#838,#982,.T.);
#982 = LINE('',#983,#984);
#983 = CARTESIAN_POINT('',(0.5,-0.4,0.45));
#984 = VECTOR('',#985,1.);
#985 = DIRECTION('',(0.,1.,0.));
#986 = PLANE('',#987);
#987 = AXIS2_PLACEMENT_3D('',#988,#989,#990);
#988 = CARTESIAN_POINT('',(0.5,-0.4,0.405));
#989 = DIRECTION('',(1.,0.,0.));
#990 = DIRECTION('',(0.,0.,1.));
#991 = ADVANCED_FACE('',(#992),#998,.T.);
#992 = FACE_BOUND('',#993,.T.);
#993 = EDGE_LOOP('',(#994,#995,#996,#997));
#994 = ORIENTED_EDGE('',*,*,#752,.F.);
#995 = ORIENTED_EDGE('',*,*,#720,.T.);
#996 = ORIENTED_EDGE('',*,*,#981,.T.);
#997 = ORIENTED_EDGE('',*,*,#837,.F.);
#998 = PLANE('',#999);
#999 = AXIS2_PLACEMENT_3D('',#1000,#1001,#1002);
#1000 = CARTESIAN_POINT('',(-0.5,-0.4,0.45));
#1001 = DIRECTION('',(0.,0.,1.));
#1002 = DIRECTION('',(1.,0.,-0.));
#1003 = ( GEOMETRIC_REPRESENTATION_CONTEXT(3) 
GLOBAL_UNCERTAINTY_ASSIGNED_CONTEXT((#1007)) 
GLOBAL_UNIT_ASSIGNED_CONTEXT((#1004,#1005,#1006)) REPRESENTATION_CONTEXT
('Context #1','3D Context with UNIT and UNCERTAINTY') );
#1004 = ( LENGTH_UNIT() NAMED_UNIT(*) SI_UNIT(.MILLI.,.METRE.) );
#1005 = ( NAMED_UNIT(*) PLANE_ANGLE_UNIT() SI_UNIT($,.RADIAN.) );
#1006 = ( NAMED_UNIT(*) SI_UNIT($,.STERADIAN.) SOLID_ANGLE_UNIT() );
#1007 = UNCERTAINTY_MEASURE_WITH_UNIT(LENGTH_MEASURE(1.E-07),#1004,
  'distance_accuracy_value','confusion accuracy');
#1008 = CONTEXT_DEPENDENT_SHAPE_REPRESENTATION(#1009,#1011);
#1009 = ( REPRESENTATION_RELATIONSHIP('','',#212,#10) 
REPRESENTATION_RELATIONSHIP_WITH_TRANSFORMATION(#1010) 
SHAPE_REPRESENTATION_RELATIONSHIP() );
#1010 = ITEM_DEFINED_TRANSFORMATION('','',#11,#15);
#1011 = PRODUCT_DEFINITION_SHAPE('Placement','Placement of an item',
  #1012);
#1012 = NEXT_ASSEMBLY_USAGE_OCCURRENCE('1','RF','',#5,#207,$);
#1013 = PRODUCT_RELATED_PRODUCT_CATEGORY('part',$,(#209));
#1014 = SHAPE_DEFINITION_REPRESENTATION(#1015,#1021);
#1015 = PRODUCT_DEFINITION_SHAPE('','',#1016);
#1016 = PRODUCT_DEFINITION('design','',#1017,#1020);
#1017 = PRODUCT_DEFINITION_FORMATION('','',#1018);
#1018 = PRODUCT('SOP-4_4.4x2.6mm_P1.27mm','SOP-4_4.4x2.6mm_P1.27mm','',(
    #1019));
#1019 = PRODUCT_CONTEXT('',#2,'mechanical');
#1020 = PRODUCT_DEFINITION_CONTEXT('part definition',#2,'design');
#1021 = ADVANCED_BREP_SHAPE_REPRESENTATION('',(#11,#1022),#3761);
#1022 = MANIFOLD_SOLID_BREP('',#1023);
#1023 = CLOSED_SHELL('',(#1024,#1064,#1163,#1188,#1279,#1340,#1363,#1401
    ,#1418,#1435,#1452,#1469,#1486,#1503,#1520,#1532,#1556,#1619,#1642,
    #1673,#1703,#1726,#1749,#1772,#1826,#1843,#1935,#1958,#1981,#2004,
    #2059,#2076,#2099,#2124,#2208,#2229,#2252,#2275,#2294,#2324,#2391,
    #2407,#2424,#2441,#2458,#2475,#2492,#2509,#2526,#2538,#2561,#2584,
    #2608,#2639,#2670,#2701,#2731,#2748,#2764,#2787,#2810,#2826,#2849,
    #2904,#2921,#2946,#2962,#2978,#2995,#3087,#3112,#3196,#3218,#3310,
    #3335,#3419,#3440,#3452,#3471,#3490,#3499,#3516,#3533,#3550,#3567,
    #3584,#3601,#3618,#3630,#3647,#3664,#3681,#3698,#3715,#3732,#3749));
#1024 = ADVANCED_FACE('',(#1025),#1059,.F.);
#1025 = FACE_BOUND('',#1026,.F.);
#1026 = EDGE_LOOP('',(#1027,#1037,#1045,#1053));
#1027 = ORIENTED_EDGE('',*,*,#1028,.F.);
#1028 = EDGE_CURVE('',#1029,#1031,#1033,.T.);
#1029 = VERTEX_POINT('',#1030);
#1030 = CARTESIAN_POINT('',(2.2,0.835,1.));
#1031 = VERTEX_POINT('',#1032);
#1032 = CARTESIAN_POINT('',(2.4,0.835,1.));
#1033 = LINE('',#1034,#1035);
#1034 = CARTESIAN_POINT('',(2.05,0.835,1.));
#1035 = VECTOR('',#1036,1.);
#1036 = DIRECTION('',(1.,-2.22044604925E-16,0.));
#1037 = ORIENTED_EDGE('',*,*,#1038,.T.);
#1038 = EDGE_CURVE('',#1029,#1039,#1041,.T.);
#1039 = VERTEX_POINT('',#1040);
#1040 = CARTESIAN_POINT('',(2.2,0.435,1.));
#1041 = LINE('',#1042,#1043);
#1042 = CARTESIAN_POINT('',(2.2,1.125,1.));
#1043 = VECTOR('',#1044,1.);
#1044 = DIRECTION('',(-2.22044604925E-16,-1.,0.));
#1045 = ORIENTED_EDGE('',*,*,#1046,.T.);
#1046 = EDGE_CURVE('',#1039,#1047,#1049,.T.);
#1047 = VERTEX_POINT('',#1048);
#1048 = CARTESIAN_POINT('',(2.4,0.435,1.));
#1049 = LINE('',#1050,#1051);
#1050 = CARTESIAN_POINT('',(2.05,0.435,1.));
#1051 = VECTOR('',#1052,1.);
#1052 = DIRECTION('',(1.,-2.22044604925E-16,0.));
#1053 = ORIENTED_EDGE('',*,*,#1054,.F.);
#1054 = EDGE_CURVE('',#1031,#1047,#1055,.T.);
#1055 = LINE('',#1056,#1057);
#1056 = CARTESIAN_POINT('',(2.4,0.835,1.));
#1057 = VECTOR('',#1058,1.);
#1058 = DIRECTION('',(-2.22044604925E-16,-1.,0.));
#1059 = PLANE('',#1060);
#1060 = AXIS2_PLACEMENT_3D('',#1061,#1062,#1063);
#1061 = CARTESIAN_POINT('',(2.05,0.835,1.));
#1062 = DIRECTION('',(0.,0.,1.));
#1063 = DIRECTION('',(1.,-2.22044604925E-16,0.));
#1064 = ADVANCED_FACE('',(#1065),#1158,.F.);
#1065 = FACE_BOUND('',#1066,.F.);
#1066 = EDGE_LOOP('',(#1067,#1075,#1076,#1085,#1093,#1102,#1110,#1118,
    #1126,#1135,#1143,#1152));
#1067 = ORIENTED_EDGE('',*,*,#1068,.F.);
#1068 = EDGE_CURVE('',#1029,#1069,#1071,.T.);
#1069 = VERTEX_POINT('',#1070);
#1070 = CARTESIAN_POINT('',(2.2,0.835,1.2));
#1071 = LINE('',#1072,#1073);
#1072 = CARTESIAN_POINT('',(2.2,0.835,0.864591609657));
#1073 = VECTOR('',#1074,1.);
#1074 = DIRECTION('',(0.,0.,1.));
#1075 = ORIENTED_EDGE('',*,*,#1028,.T.);
#1076 = ORIENTED_EDGE('',*,*,#1077,.T.);
#1077 = EDGE_CURVE('',#1031,#1078,#1080,.T.);
#1078 = VERTEX_POINT('',#1079);
#1079 = CARTESIAN_POINT('',(2.5,0.835,0.9));
#1080 = CIRCLE('',#1081,0.1);
#1081 = AXIS2_PLACEMENT_3D('',#1082,#1083,#1084);
#1082 = CARTESIAN_POINT('',(2.4,0.835,0.9));
#1083 = DIRECTION('',(2.22044604925E-16,1.,-0.));
#1084 = DIRECTION('',(0.,0.,1.));
#1085 = ORIENTED_EDGE('',*,*,#1086,.T.);
#1086 = EDGE_CURVE('',#1078,#1087,#1089,.T.);
#1087 = VERTEX_POINT('',#1088);
#1088 = CARTESIAN_POINT('',(2.5,0.835,0.3));
#1089 = LINE('',#1090,#1091);
#1090 = CARTESIAN_POINT('',(2.5,0.835,0.9));
#1091 = VECTOR('',#1092,1.);
#1092 = DIRECTION('',(0.,-0.,-1.));
#1093 = ORIENTED_EDGE('',*,*,#1094,.T.);
#1094 = EDGE_CURVE('',#1087,#1095,#1097,.T.);
#1095 = VERTEX_POINT('',#1096);
#1096 = CARTESIAN_POINT('',(2.8,0.835,1.110223024625E-16));
#1097 = CIRCLE('',#1098,0.3);
#1098 = AXIS2_PLACEMENT_3D('',#1099,#1100,#1101);
#1099 = CARTESIAN_POINT('',(2.8,0.835,0.3));
#1100 = DIRECTION('',(-2.22044604925E-16,-1.,0.));
#1101 = DIRECTION('',(-1.,2.22044604925E-16,-1.295260195396E-15));
#1102 = ORIENTED_EDGE('',*,*,#1103,.T.);
#1103 = EDGE_CURVE('',#1095,#1104,#1106,.T.);
#1104 = VERTEX_POINT('',#1105);
#1105 = CARTESIAN_POINT('',(3.5,0.835,1.110223024625E-16));
#1106 = LINE('',#1107,#1108);
#1107 = CARTESIAN_POINT('',(2.8,0.835,1.110223024625E-16));
#1108 = VECTOR('',#1109,1.);
#1109 = DIRECTION('',(1.,-2.22044604925E-16,0.));
#1110 = ORIENTED_EDGE('',*,*,#1111,.T.);
#1111 = EDGE_CURVE('',#1104,#1112,#1114,.T.);
#1112 = VERTEX_POINT('',#1113);
#1113 = CARTESIAN_POINT('',(3.5,0.835,0.2));
#1114 = LINE('',#1115,#1116);
#1115 = CARTESIAN_POINT('',(3.5,0.835,1.110223024625E-16));
#1116 = VECTOR('',#1117,1.);
#1117 = DIRECTION('',(0.,0.,1.));
#1118 = ORIENTED_EDGE('',*,*,#1119,.T.);
#1119 = EDGE_CURVE('',#1112,#1120,#1122,.T.);
#1120 = VERTEX_POINT('',#1121);
#1121 = CARTESIAN_POINT('',(2.8,0.835,0.2));
#1122 = LINE('',#1123,#1124);
#1123 = CARTESIAN_POINT('',(3.5,0.835,0.2));
#1124 = VECTOR('',#1125,1.);
#1125 = DIRECTION('',(-1.,2.22044604925E-16,0.));
#1126 = ORIENTED_EDGE('',*,*,#1127,.T.);
#1127 = EDGE_CURVE('',#1120,#1128,#1130,.T.);
#1128 = VERTEX_POINT('',#1129);
#1129 = CARTESIAN_POINT('',(2.7,0.835,0.3));
#1130 = CIRCLE('',#1131,0.1);
#1131 = AXIS2_PLACEMENT_3D('',#1132,#1133,#1134);
#1132 = CARTESIAN_POINT('',(2.8,0.835,0.3));
#1133 = DIRECTION('',(2.22044604925E-16,1.,0.));
#1134 = DIRECTION('',(0.,0.,-1.));
#1135 = ORIENTED_EDGE('',*,*,#1136,.T.);
#1136 = EDGE_CURVE('',#1128,#1137,#1139,.T.);
#1137 = VERTEX_POINT('',#1138);
#1138 = CARTESIAN_POINT('',(2.7,0.835,0.9));
#1139 = LINE('',#1140,#1141);
#1140 = CARTESIAN_POINT('',(2.7,0.835,0.3));
#1141 = VECTOR('',#1142,1.);
#1142 = DIRECTION('',(0.,0.,1.));
#1143 = ORIENTED_EDGE('',*,*,#1144,.T.);
#1144 = EDGE_CURVE('',#1137,#1145,#1147,.T.);
#1145 = VERTEX_POINT('',#1146);
#1146 = CARTESIAN_POINT('',(2.4,0.835,1.2));
#1147 = CIRCLE('',#1148,0.3);
#1148 = AXIS2_PLACEMENT_3D('',#1149,#1150,#1151);
#1149 = CARTESIAN_POINT('',(2.4,0.835,0.9));
#1150 = DIRECTION('',(-2.22044604925E-16,-1.,0.));
#1151 = DIRECTION('',(1.,-2.22044604925E-16,7.401486830834E-16));
#1152 = ORIENTED_EDGE('',*,*,#1153,.T.);
#1153 = EDGE_CURVE('',#1145,#1069,#1154,.T.);
#1154 = LINE('',#1155,#1156);
#1155 = CARTESIAN_POINT('',(2.4,0.835,1.2));
#1156 = VECTOR('',#1157,1.);
#1157 = DIRECTION('',(-1.,2.22044604925E-16,0.));
#1158 = PLANE('',#1159);
#1159 = AXIS2_PLACEMENT_3D('',#1160,#1161,#1162);
#1160 = CARTESIAN_POINT('',(2.716847688132,0.835,0.529183219314));
#1161 = DIRECTION('',(-2.22044604925E-16,-1.,0.));
#1162 = DIRECTION('',(0.,0.,1.));
#1163 = ADVANCED_FACE('',(#1164),#1183,.F.);
#1164 = FACE_BOUND('',#1165,.F.);
#1165 = EDGE_LOOP('',(#1166,#1167,#1176,#1182));
#1166 = ORIENTED_EDGE('',*,*,#1054,.T.);
#1167 = ORIENTED_EDGE('',*,*,#1168,.T.);
#1168 = EDGE_CURVE('',#1047,#1169,#1171,.T.);
#1169 = VERTEX_POINT('',#1170);
#1170 = CARTESIAN_POINT('',(2.5,0.435,0.9));
#1171 = CIRCLE('',#1172,0.1);
#1172 = AXIS2_PLACEMENT_3D('',#1173,#1174,#1175);
#1173 = CARTESIAN_POINT('',(2.4,0.435,0.9));
#1174 = DIRECTION('',(2.22044604925E-16,1.,-0.));
#1175 = DIRECTION('',(0.,0.,1.));
#1176 = ORIENTED_EDGE('',*,*,#1177,.F.);
#1177 = EDGE_CURVE('',#1078,#1169,#1178,.T.);
#1178 = LINE('',#1179,#1180);
#1179 = CARTESIAN_POINT('',(2.5,0.835,0.9));
#1180 = VECTOR('',#1181,1.);
#1181 = DIRECTION('',(-2.22044604925E-16,-1.,0.));
#1182 = ORIENTED_EDGE('',*,*,#1077,.F.);
#1183 = CYLINDRICAL_SURFACE('',#1184,0.1);
#1184 = AXIS2_PLACEMENT_3D('',#1185,#1186,#1187);
#1185 = CARTESIAN_POINT('',(2.4,0.835,0.9));
#1186 = DIRECTION('',(2.22044604925E-16,1.,0.));
#1187 = DIRECTION('',(0.,-0.,1.));
#1188 = ADVANCED_FACE('',(#1189),#1274,.T.);
#1189 = FACE_BOUND('',#1190,.T.);
#1190 = EDGE_LOOP('',(#1191,#1199,#1200,#1201,#1209,#1218,#1226,#1234,
    #1242,#1251,#1259,#1268));
#1191 = ORIENTED_EDGE('',*,*,#1192,.F.);
#1192 = EDGE_CURVE('',#1039,#1193,#1195,.T.);
#1193 = VERTEX_POINT('',#1194);
#1194 = CARTESIAN_POINT('',(2.2,0.435,1.2));
#1195 = LINE('',#1196,#1197);
#1196 = CARTESIAN_POINT('',(2.2,0.435,0.864591609657));
#1197 = VECTOR('',#1198,1.);
#1198 = DIRECTION('',(0.,0.,1.));
#1199 = ORIENTED_EDGE('',*,*,#1046,.T.);
#1200 = ORIENTED_EDGE('',*,*,#1168,.T.);
#1201 = ORIENTED_EDGE('',*,*,#1202,.T.);
#1202 = EDGE_CURVE('',#1169,#1203,#1205,.T.);
#1203 = VERTEX_POINT('',#1204);
#1204 = CARTESIAN_POINT('',(2.5,0.435,0.3));
#1205 = LINE('',#1206,#1207);
#1206 = CARTESIAN_POINT('',(2.5,0.435,0.9));
#1207 = VECTOR('',#1208,1.);
#1208 = DIRECTION('',(0.,-0.,-1.));
#1209 = ORIENTED_EDGE('',*,*,#1210,.T.);
#1210 = EDGE_CURVE('',#1203,#1211,#1213,.T.);
#1211 = VERTEX_POINT('',#1212);
#1212 = CARTESIAN_POINT('',(2.8,0.435,1.110223024625E-16));
#1213 = CIRCLE('',#1214,0.3);
#1214 = AXIS2_PLACEMENT_3D('',#1215,#1216,#1217);
#1215 = CARTESIAN_POINT('',(2.8,0.435,0.3));
#1216 = DIRECTION('',(-2.22044604925E-16,-1.,0.));
#1217 = DIRECTION('',(-1.,2.22044604925E-16,-1.295260195396E-15));
#1218 = ORIENTED_EDGE('',*,*,#1219,.T.);
#1219 = EDGE_CURVE('',#1211,#1220,#1222,.T.);
#1220 = VERTEX_POINT('',#1221);
#1221 = CARTESIAN_POINT('',(3.5,0.435,1.110223024625E-16));
#1222 = LINE('',#1223,#1224);
#1223 = CARTESIAN_POINT('',(2.8,0.435,1.110223024625E-16));
#1224 = VECTOR('',#1225,1.);
#1225 = DIRECTION('',(1.,-2.22044604925E-16,0.));
#1226 = ORIENTED_EDGE('',*,*,#1227,.T.);
#1227 = EDGE_CURVE('',#1220,#1228,#1230,.T.);
#1228 = VERTEX_POINT('',#1229);
#1229 = CARTESIAN_POINT('',(3.5,0.435,0.2));
#1230 = LINE('',#1231,#1232);
#1231 = CARTESIAN_POINT('',(3.5,0.435,1.110223024625E-16));
#1232 = VECTOR('',#1233,1.);
#1233 = DIRECTION('',(0.,0.,1.));
#1234 = ORIENTED_EDGE('',*,*,#1235,.T.);
#1235 = EDGE_CURVE('',#1228,#1236,#1238,.T.);
#1236 = VERTEX_POINT('',#1237);
#1237 = CARTESIAN_POINT('',(2.8,0.435,0.2));
#1238 = LINE('',#1239,#1240);
#1239 = CARTESIAN_POINT('',(3.5,0.435,0.2));
#1240 = VECTOR('',#1241,1.);
#1241 = DIRECTION('',(-1.,2.22044604925E-16,0.));
#1242 = ORIENTED_EDGE('',*,*,#1243,.T.);
#1243 = EDGE_CURVE('',#1236,#1244,#1246,.T.);
#1244 = VERTEX_POINT('',#1245);
#1245 = CARTESIAN_POINT('',(2.7,0.435,0.3));
#1246 = CIRCLE('',#1247,0.1);
#1247 = AXIS2_PLACEMENT_3D('',#1248,#1249,#1250);
#1248 = CARTESIAN_POINT('',(2.8,0.435,0.3));
#1249 = DIRECTION('',(2.22044604925E-16,1.,0.));
#1250 = DIRECTION('',(0.,0.,-1.));
#1251 = ORIENTED_EDGE('',*,*,#1252,.T.);
#1252 = EDGE_CURVE('',#1244,#1253,#1255,.T.);
#1253 = VERTEX_POINT('',#1254);
#1254 = CARTESIAN_POINT('',(2.7,0.435,0.9));
#1255 = LINE('',#1256,#1257);
#1256 = CARTESIAN_POINT('',(2.7,0.435,0.3));
#1257 = VECTOR('',#1258,1.);
#1258 = DIRECTION('',(0.,0.,1.));
#1259 = ORIENTED_EDGE('',*,*,#1260,.T.);
#1260 = EDGE_CURVE('',#1253,#1261,#1263,.T.);
#1261 = VERTEX_POINT('',#1262);
#1262 = CARTESIAN_POINT('',(2.4,0.435,1.2));
#1263 = CIRCLE('',#1264,0.3);
#1264 = AXIS2_PLACEMENT_3D('',#1265,#1266,#1267);
#1265 = CARTESIAN_POINT('',(2.4,0.435,0.9));
#1266 = DIRECTION('',(-2.22044604925E-16,-1.,0.));
#1267 = DIRECTION('',(1.,-2.22044604925E-16,7.401486830834E-16));
#1268 = ORIENTED_EDGE('',*,*,#1269,.T.);
#1269 = EDGE_CURVE('',#1261,#1193,#1270,.T.);
#1270 = LINE('',#1271,#1272);
#1271 = CARTESIAN_POINT('',(2.4,0.435,1.2));
#1272 = VECTOR('',#1273,1.);
#1273 = DIRECTION('',(-1.,2.22044604925E-16,0.));
#1274 = PLANE('',#1275);
#1275 = AXIS2_PLACEMENT_3D('',#1276,#1277,#1278);
#1276 = CARTESIAN_POINT('',(2.716847688132,0.435,0.529183219314));
#1277 = DIRECTION('',(-2.22044604925E-16,-1.,0.));
#1278 = DIRECTION('',(0.,0.,1.));
#1279 = ADVANCED_FACE('',(#1280),#1335,.F.);
#1280 = FACE_BOUND('',#1281,.F.);
#1281 = EDGE_LOOP('',(#1282,#1292,#1299,#1307,#1315,#1321,#1322,#1330));
#1282 = ORIENTED_EDGE('',*,*,#1283,.T.);
#1283 = EDGE_CURVE('',#1284,#1286,#1288,.T.);
#1284 = VERTEX_POINT('',#1285);
#1285 = CARTESIAN_POINT('',(2.008699094497,1.029349547248,0.1));
#1286 = VERTEX_POINT('',#1287);
#1287 = CARTESIAN_POINT('',(2.008699094497,-1.029349547248,0.1));
#1288 = LINE('',#1289,#1290);
#1289 = CARTESIAN_POINT('',(2.008699094497,1.029349547248,0.1));
#1290 = VECTOR('',#1291,1.);
#1291 = DIRECTION('',(-2.22044604925E-16,-1.,0.));
#1292 = ORIENTED_EDGE('',*,*,#1293,.T.);
#1293 = EDGE_CURVE('',#1286,#1294,#1296,.T.);
#1294 = VERTEX_POINT('',#1295);
#1295 = CARTESIAN_POINT('',(2.2,-1.125,1.));
#1296 = B_SPLINE_CURVE_WITH_KNOTS('',1,(#1297,#1298),.UNSPECIFIED.,.F.,
  .F.,(2,2),(0.,1.),.PIECEWISE_BEZIER_KNOTS.);
#1297 = CARTESIAN_POINT('',(2.008699094497,-1.029349547248,0.1));
#1298 = CARTESIAN_POINT('',(2.2,-1.125,1.));
#1299 = ORIENTED_EDGE('',*,*,#1300,.F.);
#1300 = EDGE_CURVE('',#1301,#1294,#1303,.T.);
#1301 = VERTEX_POINT('',#1302);
#1302 = CARTESIAN_POINT('',(2.2,-0.835,1.));
#1303 = LINE('',#1304,#1305);
#1304 = CARTESIAN_POINT('',(2.2,1.125,1.));
#1305 = VECTOR('',#1306,1.);
#1306 = DIRECTION('',(-2.22044604925E-16,-1.,0.));
#1307 = ORIENTED_EDGE('',*,*,#1308,.F.);
#1308 = EDGE_CURVE('',#1309,#1301,#1311,.T.);
#1309 = VERTEX_POINT('',#1310);
#1310 = CARTESIAN_POINT('',(2.2,-0.435,1.));
#1311 = LINE('',#1312,#1313);
#1312 = CARTESIAN_POINT('',(2.2,1.125,1.));
#1313 = VECTOR('',#1314,1.);
#1314 = DIRECTION('',(-2.22044604925E-16,-1.,0.));
#1315 = ORIENTED_EDGE('',*,*,#1316,.F.);
#1316 = EDGE_CURVE('',#1039,#1309,#1317,.T.);
#1317 = LINE('',#1318,#1319);
#1318 = CARTESIAN_POINT('',(2.2,1.125,1.));
#1319 = VECTOR('',#1320,1.);
#1320 = DIRECTION('',(-2.22044604925E-16,-1.,0.));
#1321 = ORIENTED_EDGE('',*,*,#1038,.F.);
#1322 = ORIENTED_EDGE('',*,*,#1323,.F.);
#1323 = EDGE_CURVE('',#1324,#1029,#1326,.T.);
#1324 = VERTEX_POINT('',#1325);
#1325 = CARTESIAN_POINT('',(2.2,1.125,1.));
#1326 = LINE('',#1327,#1328);
#1327 = CARTESIAN_POINT('',(2.2,1.125,1.));
#1328 = VECTOR('',#1329,1.);
#1329 = DIRECTION('',(-2.22044604925E-16,-1.,0.));
#1330 = ORIENTED_EDGE('',*,*,#1331,.F.);
#1331 = EDGE_CURVE('',#1284,#1324,#1332,.T.);
#1332 = B_SPLINE_CURVE_WITH_KNOTS('',1,(#1333,#1334),.UNSPECIFIED.,.F.,
  .F.,(2,2),(0.,1.),.PIECEWISE_BEZIER_KNOTS.);
#1333 = CARTESIAN_POINT('',(2.008699094497,1.029349547248,0.1));
#1334 = CARTESIAN_POINT('',(2.2,1.125,1.));
#1335 = B_SPLINE_SURFACE_WITH_KNOTS('',1,1,(
    (#1336,#1337)
    ,(#1338,#1339
    )),.UNSPECIFIED.,.F.,.F.,.F.,(2,2),(2,2),(0.,2.25),(0.,1.),
  .PIECEWISE_BEZIER_KNOTS.);
#1336 = CARTESIAN_POINT('',(2.008699094497,1.029349547248,0.1));
#1337 = CARTESIAN_POINT('',(2.2,1.125,1.));
#1338 = CARTESIAN_POINT('',(2.008699094497,-1.029349547248,0.1));
#1339 = CARTESIAN_POINT('',(2.2,-1.125,1.));
#1340 = ADVANCED_FACE('',(#1341),#1358,.F.);
#1341 = FACE_BOUND('',#1342,.F.);
#1342 = EDGE_LOOP('',(#1343,#1350,#1351,#1352));
#1343 = ORIENTED_EDGE('',*,*,#1344,.F.);
#1344 = EDGE_CURVE('',#1324,#1345,#1347,.T.);
#1345 = VERTEX_POINT('',#1346);
#1346 = CARTESIAN_POINT('',(2.2,1.125,1.2));
#1347 = B_SPLINE_CURVE_WITH_KNOTS('',1,(#1348,#1349),.UNSPECIFIED.,.F.,
  .F.,(2,2),(0.,1.),.PIECEWISE_BEZIER_KNOTS.);
#1348 = CARTESIAN_POINT('',(2.2,1.125,1.));
#1349 = CARTESIAN_POINT('',(2.2,1.125,1.2));
#1350 = ORIENTED_EDGE('',*,*,#1323,.T.);
#1351 = ORIENTED_EDGE('',*,*,#1068,.T.);
#1352 = ORIENTED_EDGE('',*,*,#1353,.F.);
#1353 = EDGE_CURVE('',#1345,#1069,#1354,.T.);
#1354 = LINE('',#1355,#1356);
#1355 = CARTESIAN_POINT('',(2.2,1.125,1.2));
#1356 = VECTOR('',#1357,1.);
#1357 = DIRECTION('',(-2.22044604925E-16,-1.,0.));
#1358 = PLANE('',#1359);
#1359 = AXIS2_PLACEMENT_3D('',#1360,#1361,#1362);
#1360 = CARTESIAN_POINT('',(2.2,1.125,1.2));
#1361 = DIRECTION('',(-1.,2.22044604925E-16,0.));
#1362 = DIRECTION('',(-2.22044604925E-16,-1.,0.));
#1363 = ADVANCED_FACE('',(#1364),#1396,.F.);
#1364 = FACE_BOUND('',#1365,.F.);
#1365 = EDGE_LOOP('',(#1366,#1367,#1373,#1374,#1382,#1390));
#1366 = ORIENTED_EDGE('',*,*,#1153,.F.);
#1367 = ORIENTED_EDGE('',*,*,#1368,.T.);
#1368 = EDGE_CURVE('',#1145,#1261,#1369,.T.);
#1369 = LINE('',#1370,#1371);
#1370 = CARTESIAN_POINT('',(2.4,0.835,1.2));
#1371 = VECTOR('',#1372,1.);
#1372 = DIRECTION('',(-2.22044604925E-16,-1.,0.));
#1373 = ORIENTED_EDGE('',*,*,#1269,.T.);
#1374 = ORIENTED_EDGE('',*,*,#1375,.T.);
#1375 = EDGE_CURVE('',#1193,#1376,#1378,.T.);
#1376 = VERTEX_POINT('',#1377);
#1377 = CARTESIAN_POINT('',(2.125,0.435,1.2));
#1378 = LINE('',#1379,#1380);
#1379 = CARTESIAN_POINT('',(2.4,0.435,1.2));
#1380 = VECTOR('',#1381,1.);
#1381 = DIRECTION('',(-1.,2.22044604925E-16,0.));
#1382 = ORIENTED_EDGE('',*,*,#1383,.F.);
#1383 = EDGE_CURVE('',#1384,#1376,#1386,.T.);
#1384 = VERTEX_POINT('',#1385);
#1385 = CARTESIAN_POINT('',(2.125,0.835,1.2));
#1386 = LINE('',#1387,#1388);
#1387 = CARTESIAN_POINT('',(2.125,1.0875,1.2));
#1388 = VECTOR('',#1389,1.);
#1389 = DIRECTION('',(-2.22044604925E-16,-1.,0.));
#1390 = ORIENTED_EDGE('',*,*,#1391,.F.);
#1391 = EDGE_CURVE('',#1069,#1384,#1392,.T.);
#1392 = LINE('',#1393,#1394);
#1393 = CARTESIAN_POINT('',(2.4,0.835,1.2));
#1394 = VECTOR('',#1395,1.);
#1395 = DIRECTION('',(-1.,2.22044604925E-16,0.));
#1396 = PLANE('',#1397);
#1397 = AXIS2_PLACEMENT_3D('',#1398,#1399,#1400);
#1398 = CARTESIAN_POINT('',(2.4,0.835,1.2));
#1399 = DIRECTION('',(0.,-0.,-1.));
#1400 = DIRECTION('',(-1.,2.22044604925E-16,-0.));
#1401 = ADVANCED_FACE('',(#1402),#1413,.T.);
#1402 = FACE_BOUND('',#1403,.T.);
#1403 = EDGE_LOOP('',(#1404,#1405,#1406,#1407));
#1404 = ORIENTED_EDGE('',*,*,#1144,.T.);
#1405 = ORIENTED_EDGE('',*,*,#1368,.T.);
#1406 = ORIENTED_EDGE('',*,*,#1260,.F.);
#1407 = ORIENTED_EDGE('',*,*,#1408,.F.);
#1408 = EDGE_CURVE('',#1137,#1253,#1409,.T.);
#1409 = LINE('',#1410,#1411);
#1410 = CARTESIAN_POINT('',(2.7,0.835,0.9));
#1411 = VECTOR('',#1412,1.);
#1412 = DIRECTION('',(-2.22044604925E-16,-1.,0.));
#1413 = CYLINDRICAL_SURFACE('',#1414,0.3);
#1414 = AXIS2_PLACEMENT_3D('',#1415,#1416,#1417);
#1415 = CARTESIAN_POINT('',(2.4,0.835,0.9));
#1416 = DIRECTION('',(2.22044604925E-16,1.,-0.));
#1417 = DIRECTION('',(1.,-2.22044604925E-16,7.401486830834E-16));
#1418 = ADVANCED_FACE('',(#1419),#1430,.F.);
#1419 = FACE_BOUND('',#1420,.F.);
#1420 = EDGE_LOOP('',(#1421,#1427,#1428,#1429));
#1421 = ORIENTED_EDGE('',*,*,#1422,.T.);
#1422 = EDGE_CURVE('',#1128,#1244,#1423,.T.);
#1423 = LINE('',#1424,#1425);
#1424 = CARTESIAN_POINT('',(2.7,0.835,0.3));
#1425 = VECTOR('',#1426,1.);
#1426 = DIRECTION('',(-2.22044604925E-16,-1.,0.));
#1427 = ORIENTED_EDGE('',*,*,#1252,.T.);
#1428 = ORIENTED_EDGE('',*,*,#1408,.F.);
#1429 = ORIENTED_EDGE('',*,*,#1136,.F.);
#1430 = PLANE('',#1431);
#1431 = AXIS2_PLACEMENT_3D('',#1432,#1433,#1434);
#1432 = CARTESIAN_POINT('',(2.7,0.835,0.3));
#1433 = DIRECTION('',(-1.,2.22044604925E-16,0.));
#1434 = DIRECTION('',(0.,0.,1.));
#1435 = ADVANCED_FACE('',(#1436),#1447,.F.);
#1436 = FACE_BOUND('',#1437,.F.);
#1437 = EDGE_LOOP('',(#1438,#1444,#1445,#1446));
#1438 = ORIENTED_EDGE('',*,*,#1439,.T.);
#1439 = EDGE_CURVE('',#1120,#1236,#1440,.T.);
#1440 = LINE('',#1441,#1442);
#1441 = CARTESIAN_POINT('',(2.8,0.835,0.2));
#1442 = VECTOR('',#1443,1.);
#1443 = DIRECTION('',(-2.22044604925E-16,-1.,0.));
#1444 = ORIENTED_EDGE('',*,*,#1243,.T.);
#1445 = ORIENTED_EDGE('',*,*,#1422,.F.);
#1446 = ORIENTED_EDGE('',*,*,#1127,.F.);
#1447 = CYLINDRICAL_SURFACE('',#1448,0.1);
#1448 = AXIS2_PLACEMENT_3D('',#1449,#1450,#1451);
#1449 = CARTESIAN_POINT('',(2.8,0.835,0.3));
#1450 = DIRECTION('',(2.22044604925E-16,1.,0.));
#1451 = DIRECTION('',(0.,0.,-1.));
#1452 = ADVANCED_FACE('',(#1453),#1464,.F.);
#1453 = FACE_BOUND('',#1454,.F.);
#1454 = EDGE_LOOP('',(#1455,#1461,#1462,#1463));
#1455 = ORIENTED_EDGE('',*,*,#1456,.T.);
#1456 = EDGE_CURVE('',#1112,#1228,#1457,.T.);
#1457 = LINE('',#1458,#1459);
#1458 = CARTESIAN_POINT('',(3.5,0.835,0.2));
#1459 = VECTOR('',#1460,1.);
#1460 = DIRECTION('',(-2.22044604925E-16,-1.,0.));
#1461 = ORIENTED_EDGE('',*,*,#1235,.T.);
#1462 = ORIENTED_EDGE('',*,*,#1439,.F.);
#1463 = ORIENTED_EDGE('',*,*,#1119,.F.);
#1464 = PLANE('',#1465);
#1465 = AXIS2_PLACEMENT_3D('',#1466,#1467,#1468);
#1466 = CARTESIAN_POINT('',(3.5,0.835,0.2));
#1467 = DIRECTION('',(0.,-0.,-1.));
#1468 = DIRECTION('',(-1.,2.22044604925E-16,-0.));
#1469 = ADVANCED_FACE('',(#1470),#1481,.F.);
#1470 = FACE_BOUND('',#1471,.F.);
#1471 = EDGE_LOOP('',(#1472,#1478,#1479,#1480));
#1472 = ORIENTED_EDGE('',*,*,#1473,.T.);
#1473 = EDGE_CURVE('',#1104,#1220,#1474,.T.);
#1474 = LINE('',#1475,#1476);
#1475 = CARTESIAN_POINT('',(3.5,0.835,1.110223024625E-16));
#1476 = VECTOR('',#1477,1.);
#1477 = DIRECTION('',(-2.22044604925E-16,-1.,0.));
#1478 = ORIENTED_EDGE('',*,*,#1227,.T.);
#1479 = ORIENTED_EDGE('',*,*,#1456,.F.);
#1480 = ORIENTED_EDGE('',*,*,#1111,.F.);
#1481 = PLANE('',#1482);
#1482 = AXIS2_PLACEMENT_3D('',#1483,#1484,#1485);
#1483 = CARTESIAN_POINT('',(3.5,0.835,1.110223024625E-16));
#1484 = DIRECTION('',(-1.,2.22044604925E-16,0.));
#1485 = DIRECTION('',(0.,0.,1.));
#1486 = ADVANCED_FACE('',(#1487),#1498,.F.);
#1487 = FACE_BOUND('',#1488,.F.);
#1488 = EDGE_LOOP('',(#1489,#1495,#1496,#1497));
#1489 = ORIENTED_EDGE('',*,*,#1490,.T.);
#1490 = EDGE_CURVE('',#1095,#1211,#1491,.T.);
#1491 = LINE('',#1492,#1493);
#1492 = CARTESIAN_POINT('',(2.8,0.835,1.110223024625E-16));
#1493 = VECTOR('',#1494,1.);
#1494 = DIRECTION('',(-2.22044604925E-16,-1.,0.));
#1495 = ORIENTED_EDGE('',*,*,#1219,.T.);
#1496 = ORIENTED_EDGE('',*,*,#1473,.F.);
#1497 = ORIENTED_EDGE('',*,*,#1103,.F.);
#1498 = PLANE('',#1499);
#1499 = AXIS2_PLACEMENT_3D('',#1500,#1501,#1502);
#1500 = CARTESIAN_POINT('',(2.8,0.835,1.110223024625E-16));
#1501 = DIRECTION('',(0.,0.,1.));
#1502 = DIRECTION('',(1.,-2.22044604925E-16,0.));
#1503 = ADVANCED_FACE('',(#1504),#1515,.T.);
#1504 = FACE_BOUND('',#1505,.T.);
#1505 = EDGE_LOOP('',(#1506,#1507,#1508,#1509));
#1506 = ORIENTED_EDGE('',*,*,#1094,.T.);
#1507 = ORIENTED_EDGE('',*,*,#1490,.T.);
#1508 = ORIENTED_EDGE('',*,*,#1210,.F.);
#1509 = ORIENTED_EDGE('',*,*,#1510,.F.);
#1510 = EDGE_CURVE('',#1087,#1203,#1511,.T.);
#1511 = LINE('',#1512,#1513);
#1512 = CARTESIAN_POINT('',(2.5,0.835,0.3));
#1513 = VECTOR('',#1514,1.);
#1514 = DIRECTION('',(-2.22044604925E-16,-1.,0.));
#1515 = CYLINDRICAL_SURFACE('',#1516,0.3);
#1516 = AXIS2_PLACEMENT_3D('',#1517,#1518,#1519);
#1517 = CARTESIAN_POINT('',(2.8,0.835,0.3));
#1518 = DIRECTION('',(2.22044604925E-16,1.,-0.));
#1519 = DIRECTION('',(-1.,2.22044604925E-16,-1.295260195396E-15));
#1520 = ADVANCED_FACE('',(#1521),#1527,.F.);
#1521 = FACE_BOUND('',#1522,.F.);
#1522 = EDGE_LOOP('',(#1523,#1524,#1525,#1526));
#1523 = ORIENTED_EDGE('',*,*,#1177,.T.);
#1524 = ORIENTED_EDGE('',*,*,#1202,.T.);
#1525 = ORIENTED_EDGE('',*,*,#1510,.F.);
#1526 = ORIENTED_EDGE('',*,*,#1086,.F.);
#1527 = PLANE('',#1528);
#1528 = AXIS2_PLACEMENT_3D('',#1529,#1530,#1531);
#1529 = CARTESIAN_POINT('',(2.5,0.835,0.9));
#1530 = DIRECTION('',(1.,-2.22044604925E-16,0.));
#1531 = DIRECTION('',(0.,-0.,-1.));
#1532 = ADVANCED_FACE('',(#1533),#1551,.F.);
#1533 = FACE_BOUND('',#1534,.F.);
#1534 = EDGE_LOOP('',(#1535,#1536,#1537,#1545));
#1535 = ORIENTED_EDGE('',*,*,#1192,.F.);
#1536 = ORIENTED_EDGE('',*,*,#1316,.T.);
#1537 = ORIENTED_EDGE('',*,*,#1538,.T.);
#1538 = EDGE_CURVE('',#1309,#1539,#1541,.T.);
#1539 = VERTEX_POINT('',#1540);
#1540 = CARTESIAN_POINT('',(2.2,-0.435,1.2));
#1541 = LINE('',#1542,#1543);
#1542 = CARTESIAN_POINT('',(2.2,-0.435,0.864591609657));
#1543 = VECTOR('',#1544,1.);
#1544 = DIRECTION('',(0.,0.,1.));
#1545 = ORIENTED_EDGE('',*,*,#1546,.F.);
#1546 = EDGE_CURVE('',#1193,#1539,#1547,.T.);
#1547 = LINE('',#1548,#1549);
#1548 = CARTESIAN_POINT('',(2.2,1.125,1.2));
#1549 = VECTOR('',#1550,1.);
#1550 = DIRECTION('',(-2.22044604925E-16,-1.,0.));
#1551 = PLANE('',#1552);
#1552 = AXIS2_PLACEMENT_3D('',#1553,#1554,#1555);
#1553 = CARTESIAN_POINT('',(2.2,1.125,1.2));
#1554 = DIRECTION('',(-1.,2.22044604925E-16,0.));
#1555 = DIRECTION('',(-2.22044604925E-16,-1.,0.));
#1556 = ADVANCED_FACE('',(#1557),#1614,.T.);
#1557 = FACE_BOUND('',#1558,.T.);
#1558 = EDGE_LOOP('',(#1559,#1569,#1575,#1576,#1584,#1592,#1600,#1608));
#1559 = ORIENTED_EDGE('',*,*,#1560,.T.);
#1560 = EDGE_CURVE('',#1561,#1563,#1565,.T.);
#1561 = VERTEX_POINT('',#1562);
#1562 = CARTESIAN_POINT('',(-1.929349547248,1.108699094497,0.1));
#1563 = VERTEX_POINT('',#1564);
#1564 = CARTESIAN_POINT('',(1.929349547248,1.108699094497,0.1));
#1565 = LINE('',#1566,#1567);
#1566 = CARTESIAN_POINT('',(-1.929349547248,1.108699094497,0.1));
#1567 = VECTOR('',#1568,1.);
#1568 = DIRECTION('',(1.,-2.22044604925E-16,0.));
#1569 = ORIENTED_EDGE('',*,*,#1570,.T.);
#1570 = EDGE_CURVE('',#1563,#1284,#1571,.T.);
#1571 = LINE('',#1572,#1573);
#1572 = CARTESIAN_POINT('',(1.929349547248,1.108699094497,0.1));
#1573 = VECTOR('',#1574,1.);
#1574 = DIRECTION('',(0.707106781187,-0.707106781187,0.));
#1575 = ORIENTED_EDGE('',*,*,#1283,.T.);
#1576 = ORIENTED_EDGE('',*,*,#1577,.T.);
#1577 = EDGE_CURVE('',#1286,#1578,#1580,.T.);
#1578 = VERTEX_POINT('',#1579);
#1579 = CARTESIAN_POINT('',(1.929349547248,-1.108699094497,0.1));
#1580 = LINE('',#1581,#1582);
#1581 = CARTESIAN_POINT('',(2.008699094497,-1.029349547248,0.1));
#1582 = VECTOR('',#1583,1.);
#1583 = DIRECTION('',(-0.707106781187,-0.707106781187,0.));
#1584 = ORIENTED_EDGE('',*,*,#1585,.T.);
#1585 = EDGE_CURVE('',#1578,#1586,#1588,.T.);
#1586 = VERTEX_POINT('',#1587);
#1587 = CARTESIAN_POINT('',(-1.929349547248,-1.108699094497,0.1));
#1588 = LINE('',#1589,#1590);
#1589 = CARTESIAN_POINT('',(1.929349547248,-1.108699094497,0.1));
#1590 = VECTOR('',#1591,1.);
#1591 = DIRECTION('',(-1.,2.22044604925E-16,0.));
#1592 = ORIENTED_EDGE('',*,*,#1593,.T.);
#1593 = EDGE_CURVE('',#1586,#1594,#1596,.T.);
#1594 = VERTEX_POINT('',#1595);
#1595 = CARTESIAN_POINT('',(-2.008699094497,-1.029349547248,0.1));
#1596 = LINE('',#1597,#1598);
#1597 = CARTESIAN_POINT('',(-1.929349547248,-1.108699094497,0.1));
#1598 = VECTOR('',#1599,1.);
#1599 = DIRECTION('',(-0.707106781187,0.707106781187,0.));
#1600 = ORIENTED_EDGE('',*,*,#1601,.T.);
#1601 = EDGE_CURVE('',#1594,#1602,#1604,.T.);
#1602 = VERTEX_POINT('',#1603);
#1603 = CARTESIAN_POINT('',(-2.008699094497,1.029349547248,0.1));
#1604 = LINE('',#1605,#1606);
#1605 = CARTESIAN_POINT('',(-2.008699094497,-1.029349547248,0.1));
#1606 = VECTOR('',#1607,1.);
#1607 = DIRECTION('',(2.22044604925E-16,1.,0.));
#1608 = ORIENTED_EDGE('',*,*,#1609,.T.);
#1609 = EDGE_CURVE('',#1602,#1561,#1610,.T.);
#1610 = LINE('',#1611,#1612);
#1611 = CARTESIAN_POINT('',(-2.008699094497,1.029349547248,0.1));
#1612 = VECTOR('',#1613,1.);
#1613 = DIRECTION('',(0.707106781187,0.707106781187,0.));
#1614 = PLANE('',#1615);
#1615 = AXIS2_PLACEMENT_3D('',#1616,#1617,#1618);
#1616 = CARTESIAN_POINT('',(-1.929349547248,1.108699094497,0.1));
#1617 = DIRECTION('',(0.,-0.,-1.));
#1618 = DIRECTION('',(0.878829962227,-0.477135093545,0.));
#1619 = ADVANCED_FACE('',(#1620),#1637,.F.);
#1620 = FACE_BOUND('',#1621,.F.);
#1621 = EDGE_LOOP('',(#1622,#1623,#1630,#1636));
#1622 = ORIENTED_EDGE('',*,*,#1577,.T.);
#1623 = ORIENTED_EDGE('',*,*,#1624,.T.);
#1624 = EDGE_CURVE('',#1578,#1625,#1627,.T.);
#1625 = VERTEX_POINT('',#1626);
#1626 = CARTESIAN_POINT('',(2.025,-1.3,1.));
#1627 = B_SPLINE_CURVE_WITH_KNOTS('',1,(#1628,#1629),.UNSPECIFIED.,.F.,
  .F.,(2,2),(0.,1.),.PIECEWISE_BEZIER_KNOTS.);
#1628 = CARTESIAN_POINT('',(1.929349547248,-1.108699094497,0.1));
#1629 = CARTESIAN_POINT('',(2.025,-1.3,1.));
#1630 = ORIENTED_EDGE('',*,*,#1631,.F.);
#1631 = EDGE_CURVE('',#1294,#1625,#1632,.T.);
#1632 = LINE('',#1633,#1634);
#1633 = CARTESIAN_POINT('',(2.2,-1.125,1.));
#1634 = VECTOR('',#1635,1.);
#1635 = DIRECTION('',(-0.707106781187,-0.707106781187,0.));
#1636 = ORIENTED_EDGE('',*,*,#1293,.F.);
#1637 = B_SPLINE_SURFACE_WITH_KNOTS('',1,1,(
    (#1638,#1639)
    ,(#1640,#1641
    )),.UNSPECIFIED.,.F.,.F.,.F.,(2,2),(2,2),(0.,0.247487373415),(0.,1.)
  ,.PIECEWISE_BEZIER_KNOTS.);
#1638 = CARTESIAN_POINT('',(2.008699094497,-1.029349547248,0.1));
#1639 = CARTESIAN_POINT('',(2.2,-1.125,1.));
#1640 = CARTESIAN_POINT('',(1.929349547248,-1.108699094497,0.1));
#1641 = CARTESIAN_POINT('',(2.025,-1.3,1.));
#1642 = ADVANCED_FACE('',(#1643),#1668,.F.);
#1643 = FACE_BOUND('',#1644,.F.);
#1644 = EDGE_LOOP('',(#1645,#1653,#1654,#1662));
#1645 = ORIENTED_EDGE('',*,*,#1646,.F.);
#1646 = EDGE_CURVE('',#1309,#1647,#1649,.T.);
#1647 = VERTEX_POINT('',#1648);
#1648 = CARTESIAN_POINT('',(2.4,-0.435,1.));
#1649 = LINE('',#1650,#1651);
#1650 = CARTESIAN_POINT('',(2.05,-0.435,1.));
#1651 = VECTOR('',#1652,1.);
#1652 = DIRECTION('',(1.,-2.22044604925E-16,0.));
#1653 = ORIENTED_EDGE('',*,*,#1308,.T.);
#1654 = ORIENTED_EDGE('',*,*,#1655,.T.);
#1655 = EDGE_CURVE('',#1301,#1656,#1658,.T.);
#1656 = VERTEX_POINT('',#1657);
#1657 = CARTESIAN_POINT('',(2.4,-0.835,1.));
#1658 = LINE('',#1659,#1660);
#1659 = CARTESIAN_POINT('',(2.05,-0.835,1.));
#1660 = VECTOR('',#1661,1.);
#1661 = DIRECTION('',(1.,-2.22044604925E-16,0.));
#1662 = ORIENTED_EDGE('',*,*,#1663,.F.);
#1663 = EDGE_CURVE('',#1647,#1656,#1664,.T.);
#1664 = LINE('',#1665,#1666);
#1665 = CARTESIAN_POINT('',(2.4,-0.435,1.));
#1666 = VECTOR('',#1667,1.);
#1667 = DIRECTION('',(-2.22044604925E-16,-1.,0.));
#1668 = PLANE('',#1669);
#1669 = AXIS2_PLACEMENT_3D('',#1670,#1671,#1672);
#1670 = CARTESIAN_POINT('',(2.05,-0.435,1.));
#1671 = DIRECTION('',(0.,0.,1.));
#1672 = DIRECTION('',(1.,-2.22044604925E-16,0.));
#1673 = ADVANCED_FACE('',(#1674),#1698,.F.);
#1674 = FACE_BOUND('',#1675,.F.);
#1675 = EDGE_LOOP('',(#1676,#1684,#1685,#1692));
#1676 = ORIENTED_EDGE('',*,*,#1677,.F.);
#1677 = EDGE_CURVE('',#1301,#1678,#1680,.T.);
#1678 = VERTEX_POINT('',#1679);
#1679 = CARTESIAN_POINT('',(2.2,-0.835,1.2));
#1680 = LINE('',#1681,#1682);
#1681 = CARTESIAN_POINT('',(2.2,-0.835,0.864591609657));
#1682 = VECTOR('',#1683,1.);
#1683 = DIRECTION('',(0.,0.,1.));
#1684 = ORIENTED_EDGE('',*,*,#1300,.T.);
#1685 = ORIENTED_EDGE('',*,*,#1686,.T.);
#1686 = EDGE_CURVE('',#1294,#1687,#1689,.T.);
#1687 = VERTEX_POINT('',#1688);
#1688 = CARTESIAN_POINT('',(2.2,-1.125,1.2));
#1689 = B_SPLINE_CURVE_WITH_KNOTS('',1,(#1690,#1691),.UNSPECIFIED.,.F.,
  .F.,(2,2),(0.,1.),.PIECEWISE_BEZIER_KNOTS.);
#1690 = CARTESIAN_POINT('',(2.2,-1.125,1.));
#1691 = CARTESIAN_POINT('',(2.2,-1.125,1.2));
#1692 = ORIENTED_EDGE('',*,*,#1693,.F.);
#1693 = EDGE_CURVE('',#1678,#1687,#1694,.T.);
#1694 = LINE('',#1695,#1696);
#1695 = CARTESIAN_POINT('',(2.2,1.125,1.2));
#1696 = VECTOR('',#1697,1.);
#1697 = DIRECTION('',(-2.22044604925E-16,-1.,0.));
#1698 = PLANE('',#1699);
#1699 = AXIS2_PLACEMENT_3D('',#1700,#1701,#1702);
#1700 = CARTESIAN_POINT('',(2.2,1.125,1.2));
#1701 = DIRECTION('',(-1.,2.22044604925E-16,0.));
#1702 = DIRECTION('',(-2.22044604925E-16,-1.,0.));
#1703 = ADVANCED_FACE('',(#1704),#1721,.F.);
#1704 = FACE_BOUND('',#1705,.F.);
#1705 = EDGE_LOOP('',(#1706,#1707,#1708,#1716));
#1706 = ORIENTED_EDGE('',*,*,#1570,.T.);
#1707 = ORIENTED_EDGE('',*,*,#1331,.T.);
#1708 = ORIENTED_EDGE('',*,*,#1709,.F.);
#1709 = EDGE_CURVE('',#1710,#1324,#1712,.T.);
#1710 = VERTEX_POINT('',#1711);
#1711 = CARTESIAN_POINT('',(2.025,1.3,1.));
#1712 = LINE('',#1713,#1714);
#1713 = CARTESIAN_POINT('',(2.025,1.3,1.));
#1714 = VECTOR('',#1715,1.);
#1715 = DIRECTION('',(0.707106781187,-0.707106781187,0.));
#1716 = ORIENTED_EDGE('',*,*,#1717,.F.);
#1717 = EDGE_CURVE('',#1563,#1710,#1718,.T.);
#1718 = B_SPLINE_CURVE_WITH_KNOTS('',1,(#1719,#1720),.UNSPECIFIED.,.F.,
  .F.,(2,2),(0.,1.),.PIECEWISE_BEZIER_KNOTS.);
#1719 = CARTESIAN_POINT('',(1.929349547248,1.108699094497,0.1));
#1720 = CARTESIAN_POINT('',(2.025,1.3,1.));
#1721 = B_SPLINE_SURFACE_WITH_KNOTS('',1,1,(
    (#1722,#1723)
    ,(#1724,#1725
    )),.UNSPECIFIED.,.F.,.F.,.F.,(2,2),(2,2),(0.,0.247487373415),(0.,1.)
  ,.PIECEWISE_BEZIER_KNOTS.);
#1722 = CARTESIAN_POINT('',(1.929349547248,1.108699094497,0.1));
#1723 = CARTESIAN_POINT('',(2.025,1.3,1.));
#1724 = CARTESIAN_POINT('',(2.008699094497,1.029349547248,0.1));
#1725 = CARTESIAN_POINT('',(2.2,1.125,1.));
#1726 = ADVANCED_FACE('',(#1727),#1744,.F.);
#1727 = FACE_BOUND('',#1728,.F.);
#1728 = EDGE_LOOP('',(#1729,#1730,#1731,#1739));
#1729 = ORIENTED_EDGE('',*,*,#1709,.T.);
#1730 = ORIENTED_EDGE('',*,*,#1344,.T.);
#1731 = ORIENTED_EDGE('',*,*,#1732,.F.);
#1732 = EDGE_CURVE('',#1733,#1345,#1735,.T.);
#1733 = VERTEX_POINT('',#1734);
#1734 = CARTESIAN_POINT('',(2.025,1.3,1.2));
#1735 = LINE('',#1736,#1737);
#1736 = CARTESIAN_POINT('',(2.025,1.3,1.2));
#1737 = VECTOR('',#1738,1.);
#1738 = DIRECTION('',(0.707106781187,-0.707106781187,0.));
#1739 = ORIENTED_EDGE('',*,*,#1740,.F.);
#1740 = EDGE_CURVE('',#1710,#1733,#1741,.T.);
#1741 = B_SPLINE_CURVE_WITH_KNOTS('',1,(#1742,#1743),.UNSPECIFIED.,.F.,
  .F.,(2,2),(0.,1.),.PIECEWISE_BEZIER_KNOTS.);
#1742 = CARTESIAN_POINT('',(2.025,1.3,1.));
#1743 = CARTESIAN_POINT('',(2.025,1.3,1.2));
#1744 = PLANE('',#1745);
#1745 = AXIS2_PLACEMENT_3D('',#1746,#1747,#1748);
#1746 = CARTESIAN_POINT('',(2.025,1.3,1.2));
#1747 = DIRECTION('',(-0.707106781187,-0.707106781187,0.));
#1748 = DIRECTION('',(0.707106781187,-0.707106781187,0.));
#1749 = ADVANCED_FACE('',(#1750),#1767,.F.);
#1750 = FACE_BOUND('',#1751,.F.);
#1751 = EDGE_LOOP('',(#1752,#1759,#1760,#1761));
#1752 = ORIENTED_EDGE('',*,*,#1753,.F.);
#1753 = EDGE_CURVE('',#1345,#1754,#1756,.T.);
#1754 = VERTEX_POINT('',#1755);
#1755 = CARTESIAN_POINT('',(2.125,1.0875,1.2));
#1756 = B_SPLINE_CURVE_WITH_KNOTS('',1,(#1757,#1758),.UNSPECIFIED.,.F.,
  .F.,(2,2),(0.,1.),.PIECEWISE_BEZIER_KNOTS.);
#1757 = CARTESIAN_POINT('',(2.2,1.125,1.2));
#1758 = CARTESIAN_POINT('',(2.125,1.0875,1.2));
#1759 = ORIENTED_EDGE('',*,*,#1353,.T.);
#1760 = ORIENTED_EDGE('',*,*,#1391,.T.);
#1761 = ORIENTED_EDGE('',*,*,#1762,.F.);
#1762 = EDGE_CURVE('',#1754,#1384,#1763,.T.);
#1763 = LINE('',#1764,#1765);
#1764 = CARTESIAN_POINT('',(2.125,1.0875,1.2));
#1765 = VECTOR('',#1766,1.);
#1766 = DIRECTION('',(-2.22044604925E-16,-1.,0.));
#1767 = B_SPLINE_SURFACE_WITH_KNOTS('',1,1,(
    (#1768,#1769)
    ,(#1770,#1771
    )),.UNSPECIFIED.,.F.,.F.,.F.,(2,2),(2,2),(0.,2.25),(0.,1.),
  .PIECEWISE_BEZIER_KNOTS.);
#1768 = CARTESIAN_POINT('',(2.2,1.125,1.2));
#1769 = CARTESIAN_POINT('',(2.125,1.0875,1.2));
#1770 = CARTESIAN_POINT('',(2.2,-1.125,1.2));
#1771 = CARTESIAN_POINT('',(2.125,-1.0875,1.2));
#1772 = ADVANCED_FACE('',(#1773),#1821,.F.);
#1773 = FACE_BOUND('',#1774,.F.);
#1774 = EDGE_LOOP('',(#1775,#1776,#1777,#1785,#1793,#1801,#1808,#1816));
#1775 = ORIENTED_EDGE('',*,*,#1762,.T.);
#1776 = ORIENTED_EDGE('',*,*,#1383,.T.);
#1777 = ORIENTED_EDGE('',*,*,#1778,.T.);
#1778 = EDGE_CURVE('',#1376,#1779,#1781,.T.);
#1779 = VERTEX_POINT('',#1780);
#1780 = CARTESIAN_POINT('',(2.125,-0.435,1.2));
#1781 = LINE('',#1782,#1783);
#1782 = CARTESIAN_POINT('',(2.125,1.0875,1.2));
#1783 = VECTOR('',#1784,1.);
#1784 = DIRECTION('',(-2.22044604925E-16,-1.,0.));
#1785 = ORIENTED_EDGE('',*,*,#1786,.T.);
#1786 = EDGE_CURVE('',#1779,#1787,#1789,.T.);
#1787 = VERTEX_POINT('',#1788);
#1788 = CARTESIAN_POINT('',(2.125,-0.835,1.2));
#1789 = LINE('',#1790,#1791);
#1790 = CARTESIAN_POINT('',(2.125,1.0875,1.2));
#1791 = VECTOR('',#1792,1.);
#1792 = DIRECTION('',(-2.22044604925E-16,-1.,0.));
#1793 = ORIENTED_EDGE('',*,*,#1794,.T.);
#1794 = EDGE_CURVE('',#1787,#1795,#1797,.T.);
#1795 = VERTEX_POINT('',#1796);
#1796 = CARTESIAN_POINT('',(2.125,-1.0875,1.2));
#1797 = LINE('',#1798,#1799);
#1798 = CARTESIAN_POINT('',(2.125,1.0875,1.2));
#1799 = VECTOR('',#1800,1.);
#1800 = DIRECTION('',(-2.22044604925E-16,-1.,0.));
#1801 = ORIENTED_EDGE('',*,*,#1802,.T.);
#1802 = EDGE_CURVE('',#1795,#1803,#1805,.T.);
#1803 = VERTEX_POINT('',#1804);
#1804 = CARTESIAN_POINT('',(1.933699094497,-0.991849547248,2.1));
#1805 = B_SPLINE_CURVE_WITH_KNOTS('',1,(#1806,#1807),.UNSPECIFIED.,.F.,
  .F.,(2,2),(0.,1.),.PIECEWISE_BEZIER_KNOTS.);
#1806 = CARTESIAN_POINT('',(2.125,-1.0875,1.2));
#1807 = CARTESIAN_POINT('',(1.933699094497,-0.991849547248,2.1));
#1808 = ORIENTED_EDGE('',*,*,#1809,.F.);
#1809 = EDGE_CURVE('',#1810,#1803,#1812,.T.);
#1810 = VERTEX_POINT('',#1811);
#1811 = CARTESIAN_POINT('',(1.933699094497,0.991849547248,2.1));
#1812 = LINE('',#1813,#1814);
#1813 = CARTESIAN_POINT('',(1.933699094497,0.991849547248,2.1));
#1814 = VECTOR('',#1815,1.);
#1815 = DIRECTION('',(-2.22044604925E-16,-1.,0.));
#1816 = ORIENTED_EDGE('',*,*,#1817,.F.);
#1817 = EDGE_CURVE('',#1754,#1810,#1818,.T.);
#1818 = B_SPLINE_CURVE_WITH_KNOTS('',1,(#1819,#1820),.UNSPECIFIED.,.F.,
  .F.,(2,2),(0.,1.),.PIECEWISE_BEZIER_KNOTS.);
#1819 = CARTESIAN_POINT('',(2.125,1.0875,1.2));
#1820 = CARTESIAN_POINT('',(1.933699094497,0.991849547248,2.1));
#1821 = B_SPLINE_SURFACE_WITH_KNOTS('',1,1,(
    (#1822,#1823)
    ,(#1824,#1825
    )),.UNSPECIFIED.,.F.,.F.,.F.,(2,2),(2,2),(0.,2.175),(0.,1.),
  .PIECEWISE_BEZIER_KNOTS.);
#1822 = CARTESIAN_POINT('',(2.125,1.0875,1.2));
#1823 = CARTESIAN_POINT('',(1.933699094497,0.991849547248,2.1));
#1824 = CARTESIAN_POINT('',(2.125,-1.0875,1.2));
#1825 = CARTESIAN_POINT('',(1.933699094497,-0.991849547248,2.1));
#1826 = ADVANCED_FACE('',(#1827),#1838,.F.);
#1827 = FACE_BOUND('',#1828,.F.);
#1828 = EDGE_LOOP('',(#1829,#1830,#1831,#1837));
#1829 = ORIENTED_EDGE('',*,*,#1375,.F.);
#1830 = ORIENTED_EDGE('',*,*,#1546,.T.);
#1831 = ORIENTED_EDGE('',*,*,#1832,.T.);
#1832 = EDGE_CURVE('',#1539,#1779,#1833,.T.);
#1833 = LINE('',#1834,#1835);
#1834 = CARTESIAN_POINT('',(2.4,-0.435,1.2));
#1835 = VECTOR('',#1836,1.);
#1836 = DIRECTION('',(-1.,2.22044604925E-16,0.));
#1837 = ORIENTED_EDGE('',*,*,#1778,.F.);
#1838 = B_SPLINE_SURFACE_WITH_KNOTS('',1,1,(
    (#1839,#1840)
    ,(#1841,#1842
    )),.UNSPECIFIED.,.F.,.F.,.F.,(2,2),(2,2),(0.,2.25),(0.,1.),
  .PIECEWISE_BEZIER_KNOTS.);
#1839 = CARTESIAN_POINT('',(2.2,1.125,1.2));
#1840 = CARTESIAN_POINT('',(2.125,1.0875,1.2));
#1841 = CARTESIAN_POINT('',(2.2,-1.125,1.2));
#1842 = CARTESIAN_POINT('',(2.125,-1.0875,1.2));
#1843 = ADVANCED_FACE('',(#1844),#1930,.F.);
#1844 = FACE_BOUND('',#1845,.F.);
#1845 = EDGE_LOOP('',(#1846,#1847,#1848,#1857,#1865,#1874,#1882,#1890,
    #1898,#1907,#1915,#1924));
#1846 = ORIENTED_EDGE('',*,*,#1538,.F.);
#1847 = ORIENTED_EDGE('',*,*,#1646,.T.);
#1848 = ORIENTED_EDGE('',*,*,#1849,.T.);
#1849 = EDGE_CURVE('',#1647,#1850,#1852,.T.);
#1850 = VERTEX_POINT('',#1851);
#1851 = CARTESIAN_POINT('',(2.5,-0.435,0.9));
#1852 = CIRCLE('',#1853,0.1);
#1853 = AXIS2_PLACEMENT_3D('',#1854,#1855,#1856);
#1854 = CARTESIAN_POINT('',(2.4,-0.435,0.9));
#1855 = DIRECTION('',(2.22044604925E-16,1.,-0.));
#1856 = DIRECTION('',(0.,0.,1.));
#1857 = ORIENTED_EDGE('',*,*,#1858,.T.);
#1858 = EDGE_CURVE('',#1850,#1859,#1861,.T.);
#1859 = VERTEX_POINT('',#1860);
#1860 = CARTESIAN_POINT('',(2.5,-0.435,0.3));
#1861 = LINE('',#1862,#1863);
#1862 = CARTESIAN_POINT('',(2.5,-0.435,0.9));
#1863 = VECTOR('',#1864,1.);
#1864 = DIRECTION('',(0.,-0.,-1.));
#1865 = ORIENTED_EDGE('',*,*,#1866,.T.);
#1866 = EDGE_CURVE('',#1859,#1867,#1869,.T.);
#1867 = VERTEX_POINT('',#1868);
#1868 = CARTESIAN_POINT('',(2.8,-0.435,1.110223024625E-16));
#1869 = CIRCLE('',#1870,0.3);
#1870 = AXIS2_PLACEMENT_3D('',#1871,#1872,#1873);
#1871 = CARTESIAN_POINT('',(2.8,-0.435,0.3));
#1872 = DIRECTION('',(-2.22044604925E-16,-1.,0.));
#1873 = DIRECTION('',(-1.,2.22044604925E-16,-1.295260195396E-15));
#1874 = ORIENTED_EDGE('',*,*,#1875,.T.);
#1875 = EDGE_CURVE('',#1867,#1876,#1878,.T.);
#1876 = VERTEX_POINT('',#1877);
#1877 = CARTESIAN_POINT('',(3.5,-0.435,1.110223024625E-16));
#1878 = LINE('',#1879,#1880);
#1879 = CARTESIAN_POINT('',(2.8,-0.435,1.110223024625E-16));
#1880 = VECTOR('',#1881,1.);
#1881 = DIRECTION('',(1.,-2.22044604925E-16,0.));
#1882 = ORIENTED_EDGE('',*,*,#1883,.T.);
#1883 = EDGE_CURVE('',#1876,#1884,#1886,.T.);
#1884 = VERTEX_POINT('',#1885);
#1885 = CARTESIAN_POINT('',(3.5,-0.435,0.2));
#1886 = LINE('',#1887,#1888);
#1887 = CARTESIAN_POINT('',(3.5,-0.435,1.110223024625E-16));
#1888 = VECTOR('',#1889,1.);
#1889 = DIRECTION('',(0.,0.,1.));
#1890 = ORIENTED_EDGE('',*,*,#1891,.T.);
#1891 = EDGE_CURVE('',#1884,#1892,#1894,.T.);
#1892 = VERTEX_POINT('',#1893);
#1893 = CARTESIAN_POINT('',(2.8,-0.435,0.2));
#1894 = LINE('',#1895,#1896);
#1895 = CARTESIAN_POINT('',(3.5,-0.435,0.2));
#1896 = VECTOR('',#1897,1.);
#1897 = DIRECTION('',(-1.,2.22044604925E-16,0.));
#1898 = ORIENTED_EDGE('',*,*,#1899,.T.);
#1899 = EDGE_CURVE('',#1892,#1900,#1902,.T.);
#1900 = VERTEX_POINT('',#1901);
#1901 = CARTESIAN_POINT('',(2.7,-0.435,0.3));
#1902 = CIRCLE('',#1903,0.1);
#1903 = AXIS2_PLACEMENT_3D('',#1904,#1905,#1906);
#1904 = CARTESIAN_POINT('',(2.8,-0.435,0.3));
#1905 = DIRECTION('',(2.22044604925E-16,1.,0.));
#1906 = DIRECTION('',(0.,0.,-1.));
#1907 = ORIENTED_EDGE('',*,*,#1908,.T.);
#1908 = EDGE_CURVE('',#1900,#1909,#1911,.T.);
#1909 = VERTEX_POINT('',#1910);
#1910 = CARTESIAN_POINT('',(2.7,-0.435,0.9));
#1911 = LINE('',#1912,#1913);
#1912 = CARTESIAN_POINT('',(2.7,-0.435,0.3));
#1913 = VECTOR('',#1914,1.);
#1914 = DIRECTION('',(0.,0.,1.));
#1915 = ORIENTED_EDGE('',*,*,#1916,.T.);
#1916 = EDGE_CURVE('',#1909,#1917,#1919,.T.);
#1917 = VERTEX_POINT('',#1918);
#1918 = CARTESIAN_POINT('',(2.4,-0.435,1.2));
#1919 = CIRCLE('',#1920,0.3);
#1920 = AXIS2_PLACEMENT_3D('',#1921,#1922,#1923);
#1921 = CARTESIAN_POINT('',(2.4,-0.435,0.9));
#1922 = DIRECTION('',(-2.22044604925E-16,-1.,0.));
#1923 = DIRECTION('',(1.,-2.22044604925E-16,7.401486830834E-16));
#1924 = ORIENTED_EDGE('',*,*,#1925,.T.);
#1925 = EDGE_CURVE('',#1917,#1539,#1926,.T.);
#1926 = LINE('',#1927,#1928);
#1927 = CARTESIAN_POINT('',(2.4,-0.435,1.2));
#1928 = VECTOR('',#1929,1.);
#1929 = DIRECTION('',(-1.,2.22044604925E-16,0.));
#1930 = PLANE('',#1931);
#1931 = AXIS2_PLACEMENT_3D('',#1932,#1933,#1934);
#1932 = CARTESIAN_POINT('',(2.716847688132,-0.435,0.529183219314));
#1933 = DIRECTION('',(-2.22044604925E-16,-1.,0.));
#1934 = DIRECTION('',(0.,0.,1.));
#1935 = ADVANCED_FACE('',(#1936),#1953,.F.);
#1936 = FACE_BOUND('',#1937,.F.);
#1937 = EDGE_LOOP('',(#1938,#1939,#1940,#1948));
#1938 = ORIENTED_EDGE('',*,*,#1560,.T.);
#1939 = ORIENTED_EDGE('',*,*,#1717,.T.);
#1940 = ORIENTED_EDGE('',*,*,#1941,.F.);
#1941 = EDGE_CURVE('',#1942,#1710,#1944,.T.);
#1942 = VERTEX_POINT('',#1943);
#1943 = CARTESIAN_POINT('',(-2.025,1.3,1.));
#1944 = LINE('',#1945,#1946);
#1945 = CARTESIAN_POINT('',(-2.025,1.3,1.));
#1946 = VECTOR('',#1947,1.);
#1947 = DIRECTION('',(1.,-2.22044604925E-16,0.));
#1948 = ORIENTED_EDGE('',*,*,#1949,.F.);
#1949 = EDGE_CURVE('',#1561,#1942,#1950,.T.);
#1950 = B_SPLINE_CURVE_WITH_KNOTS('',1,(#1951,#1952),.UNSPECIFIED.,.F.,
  .F.,(2,2),(0.,1.),.PIECEWISE_BEZIER_KNOTS.);
#1951 = CARTESIAN_POINT('',(-1.929349547248,1.108699094497,0.1));
#1952 = CARTESIAN_POINT('',(-2.025,1.3,1.));
#1953 = B_SPLINE_SURFACE_WITH_KNOTS('',1,1,(
    (#1954,#1955)
    ,(#1956,#1957
    )),.UNSPECIFIED.,.F.,.F.,.F.,(2,2),(2,2),(0.,4.05),(0.,1.),
  .PIECEWISE_BEZIER_KNOTS.);
#1954 = CARTESIAN_POINT('',(-1.929349547248,1.108699094497,0.1));
#1955 = CARTESIAN_POINT('',(-2.025,1.3,1.));
#1956 = CARTESIAN_POINT('',(1.929349547248,1.108699094497,0.1));
#1957 = CARTESIAN_POINT('',(2.025,1.3,1.));
#1958 = ADVANCED_FACE('',(#1959),#1976,.F.);
#1959 = FACE_BOUND('',#1960,.F.);
#1960 = EDGE_LOOP('',(#1961,#1962,#1969,#1975));
#1961 = ORIENTED_EDGE('',*,*,#1585,.T.);
#1962 = ORIENTED_EDGE('',*,*,#1963,.T.);
#1963 = EDGE_CURVE('',#1586,#1964,#1966,.T.);
#1964 = VERTEX_POINT('',#1965);
#1965 = CARTESIAN_POINT('',(-2.025,-1.3,1.));
#1966 = B_SPLINE_CURVE_WITH_KNOTS('',1,(#1967,#1968),.UNSPECIFIED.,.F.,
  .F.,(2,2),(0.,1.),.PIECEWISE_BEZIER_KNOTS.);
#1967 = CARTESIAN_POINT('',(-1.929349547248,-1.108699094497,0.1));
#1968 = CARTESIAN_POINT('',(-2.025,-1.3,1.));
#1969 = ORIENTED_EDGE('',*,*,#1970,.F.);
#1970 = EDGE_CURVE('',#1625,#1964,#1971,.T.);
#1971 = LINE('',#1972,#1973);
#1972 = CARTESIAN_POINT('',(2.025,-1.3,1.));
#1973 = VECTOR('',#1974,1.);
#1974 = DIRECTION('',(-1.,2.22044604925E-16,0.));
#1975 = ORIENTED_EDGE('',*,*,#1624,.F.);
#1976 = B_SPLINE_SURFACE_WITH_KNOTS('',1,1,(
    (#1977,#1978)
    ,(#1979,#1980
    )),.UNSPECIFIED.,.F.,.F.,.F.,(2,2),(2,2),(0.,4.05),(0.,1.),
  .PIECEWISE_BEZIER_KNOTS.);
#1977 = CARTESIAN_POINT('',(1.929349547248,-1.108699094497,0.1));
#1978 = CARTESIAN_POINT('',(2.025,-1.3,1.));
#1979 = CARTESIAN_POINT('',(-1.929349547248,-1.108699094497,0.1));
#1980 = CARTESIAN_POINT('',(-2.025,-1.3,1.));
#1981 = ADVANCED_FACE('',(#1982),#1999,.F.);
#1982 = FACE_BOUND('',#1983,.F.);
#1983 = EDGE_LOOP('',(#1984,#1985,#1992,#1998));
#1984 = ORIENTED_EDGE('',*,*,#1593,.T.);
#1985 = ORIENTED_EDGE('',*,*,#1986,.T.);
#1986 = EDGE_CURVE('',#1594,#1987,#1989,.T.);
#1987 = VERTEX_POINT('',#1988);
#1988 = CARTESIAN_POINT('',(-2.2,-1.125,1.));
#1989 = B_SPLINE_CURVE_WITH_KNOTS('',1,(#1990,#1991),.UNSPECIFIED.,.F.,
  .F.,(2,2),(0.,1.),.PIECEWISE_BEZIER_KNOTS.);
#1990 = CARTESIAN_POINT('',(-2.008699094497,-1.029349547248,0.1));
#1991 = CARTESIAN_POINT('',(-2.2,-1.125,1.));
#1992 = ORIENTED_EDGE('',*,*,#1993,.F.);
#1993 = EDGE_CURVE('',#1964,#1987,#1994,.T.);
#1994 = LINE('',#1995,#1996);
#1995 = CARTESIAN_POINT('',(-2.025,-1.3,1.));
#1996 = VECTOR('',#1997,1.);
#1997 = DIRECTION('',(-0.707106781187,0.707106781187,0.));
#1998 = ORIENTED_EDGE('',*,*,#1963,.F.);
#1999 = B_SPLINE_SURFACE_WITH_KNOTS('',1,1,(
    (#2000,#2001)
    ,(#2002,#2003
    )),.UNSPECIFIED.,.F.,.F.,.F.,(2,2),(2,2),(0.,0.247487373415),(0.,1.)
  ,.PIECEWISE_BEZIER_KNOTS.);
#2000 = CARTESIAN_POINT('',(-1.929349547248,-1.108699094497,0.1));
#2001 = CARTESIAN_POINT('',(-2.025,-1.3,1.));
#2002 = CARTESIAN_POINT('',(-2.008699094497,-1.029349547248,0.1));
#2003 = CARTESIAN_POINT('',(-2.2,-1.125,1.));
#2004 = ADVANCED_FACE('',(#2005),#2054,.F.);
#2005 = FACE_BOUND('',#2006,.F.);
#2006 = EDGE_LOOP('',(#2007,#2008,#2015,#2023,#2031,#2039,#2047,#2053));
#2007 = ORIENTED_EDGE('',*,*,#1601,.T.);
#2008 = ORIENTED_EDGE('',*,*,#2009,.T.);
#2009 = EDGE_CURVE('',#1602,#2010,#2012,.T.);
#2010 = VERTEX_POINT('',#2011);
#2011 = CARTESIAN_POINT('',(-2.2,1.125,1.));
#2012 = B_SPLINE_CURVE_WITH_KNOTS('',1,(#2013,#2014),.UNSPECIFIED.,.F.,
  .F.,(2,2),(0.,1.),.PIECEWISE_BEZIER_KNOTS.);
#2013 = CARTESIAN_POINT('',(-2.008699094497,1.029349547248,0.1));
#2014 = CARTESIAN_POINT('',(-2.2,1.125,1.));
#2015 = ORIENTED_EDGE('',*,*,#2016,.F.);
#2016 = EDGE_CURVE('',#2017,#2010,#2019,.T.);
#2017 = VERTEX_POINT('',#2018);
#2018 = CARTESIAN_POINT('',(-2.2,0.835,1.));
#2019 = LINE('',#2020,#2021);
#2020 = CARTESIAN_POINT('',(-2.2,-1.125,1.));
#2021 = VECTOR('',#2022,1.);
#2022 = DIRECTION('',(2.22044604925E-16,1.,0.));
#2023 = ORIENTED_EDGE('',*,*,#2024,.F.);
#2024 = EDGE_CURVE('',#2025,#2017,#2027,.T.);
#2025 = VERTEX_POINT('',#2026);
#2026 = CARTESIAN_POINT('',(-2.2,0.435,1.));
#2027 = LINE('',#2028,#2029);
#2028 = CARTESIAN_POINT('',(-2.2,-1.125,1.));
#2029 = VECTOR('',#2030,1.);
#2030 = DIRECTION('',(2.22044604925E-16,1.,0.));
#2031 = ORIENTED_EDGE('',*,*,#2032,.F.);
#2032 = EDGE_CURVE('',#2033,#2025,#2035,.T.);
#2033 = VERTEX_POINT('',#2034);
#2034 = CARTESIAN_POINT('',(-2.2,-0.435,1.));
#2035 = LINE('',#2036,#2037);
#2036 = CARTESIAN_POINT('',(-2.2,-1.125,1.));
#2037 = VECTOR('',#2038,1.);
#2038 = DIRECTION('',(2.22044604925E-16,1.,0.));
#2039 = ORIENTED_EDGE('',*,*,#2040,.F.);
#2040 = EDGE_CURVE('',#2041,#2033,#2043,.T.);
#2041 = VERTEX_POINT('',#2042);
#2042 = CARTESIAN_POINT('',(-2.2,-0.835,1.));
#2043 = LINE('',#2044,#2045);
#2044 = CARTESIAN_POINT('',(-2.2,-1.125,1.));
#2045 = VECTOR('',#2046,1.);
#2046 = DIRECTION('',(2.22044604925E-16,1.,0.));
#2047 = ORIENTED_EDGE('',*,*,#2048,.F.);
#2048 = EDGE_CURVE('',#1987,#2041,#2049,.T.);
#2049 = LINE('',#2050,#2051);
#2050 = CARTESIAN_POINT('',(-2.2,-1.125,1.));
#2051 = VECTOR('',#2052,1.);
#2052 = DIRECTION('',(2.22044604925E-16,1.,0.));
#2053 = ORIENTED_EDGE('',*,*,#1986,.F.);
#2054 = B_SPLINE_SURFACE_WITH_KNOTS('',1,1,(
    (#2055,#2056)
    ,(#2057,#2058
    )),.UNSPECIFIED.,.F.,.F.,.F.,(2,2),(2,2),(0.,2.25),(0.,1.),
  .PIECEWISE_BEZIER_KNOTS.);
#2055 = CARTESIAN_POINT('',(-2.008699094497,-1.029349547248,0.1));
#2056 = CARTESIAN_POINT('',(-2.2,-1.125,1.));
#2057 = CARTESIAN_POINT('',(-2.008699094497,1.029349547248,0.1));
#2058 = CARTESIAN_POINT('',(-2.2,1.125,1.));
#2059 = ADVANCED_FACE('',(#2060),#2071,.F.);
#2060 = FACE_BOUND('',#2061,.F.);
#2061 = EDGE_LOOP('',(#2062,#2063,#2064,#2070));
#2062 = ORIENTED_EDGE('',*,*,#1609,.T.);
#2063 = ORIENTED_EDGE('',*,*,#1949,.T.);
#2064 = ORIENTED_EDGE('',*,*,#2065,.F.);
#2065 = EDGE_CURVE('',#2010,#1942,#2066,.T.);
#2066 = LINE('',#2067,#2068);
#2067 = CARTESIAN_POINT('',(-2.2,1.125,1.));
#2068 = VECTOR('',#2069,1.);
#2069 = DIRECTION('',(0.707106781187,0.707106781187,0.));
#2070 = ORIENTED_EDGE('',*,*,#2009,.F.);
#2071 = B_SPLINE_SURFACE_WITH_KNOTS('',1,1,(
    (#2072,#2073)
    ,(#2074,#2075
    )),.UNSPECIFIED.,.F.,.F.,.F.,(2,2),(2,2),(0.,0.247487373415),(0.,1.)
  ,.PIECEWISE_BEZIER_KNOTS.);
#2072 = CARTESIAN_POINT('',(-2.008699094497,1.029349547248,0.1));
#2073 = CARTESIAN_POINT('',(-2.2,1.125,1.));
#2074 = CARTESIAN_POINT('',(-1.929349547248,1.108699094497,0.1));
#2075 = CARTESIAN_POINT('',(-2.025,1.3,1.));
#2076 = ADVANCED_FACE('',(#2077),#2094,.F.);
#2077 = FACE_BOUND('',#2078,.F.);
#2078 = EDGE_LOOP('',(#2079,#2080,#2087,#2093));
#2079 = ORIENTED_EDGE('',*,*,#1631,.T.);
#2080 = ORIENTED_EDGE('',*,*,#2081,.T.);
#2081 = EDGE_CURVE('',#1625,#2082,#2084,.T.);
#2082 = VERTEX_POINT('',#2083);
#2083 = CARTESIAN_POINT('',(2.025,-1.3,1.2));
#2084 = B_SPLINE_CURVE_WITH_KNOTS('',1,(#2085,#2086),.UNSPECIFIED.,.F.,
  .F.,(2,2),(0.,1.),.PIECEWISE_BEZIER_KNOTS.);
#2085 = CARTESIAN_POINT('',(2.025,-1.3,1.));
#2086 = CARTESIAN_POINT('',(2.025,-1.3,1.2));
#2087 = ORIENTED_EDGE('',*,*,#2088,.F.);
#2088 = EDGE_CURVE('',#1687,#2082,#2089,.T.);
#2089 = LINE('',#2090,#2091);
#2090 = CARTESIAN_POINT('',(2.2,-1.125,1.2));
#2091 = VECTOR('',#2092,1.);
#2092 = DIRECTION('',(-0.707106781187,-0.707106781187,0.));
#2093 = ORIENTED_EDGE('',*,*,#1686,.F.);
#2094 = PLANE('',#2095);
#2095 = AXIS2_PLACEMENT_3D('',#2096,#2097,#2098);
#2096 = CARTESIAN_POINT('',(2.2,-1.125,1.2));
#2097 = DIRECTION('',(-0.707106781187,0.707106781187,0.));
#2098 = DIRECTION('',(-0.707106781187,-0.707106781187,0.));
#2099 = ADVANCED_FACE('',(#2100),#2119,.F.);
#2100 = FACE_BOUND('',#2101,.F.);
#2101 = EDGE_LOOP('',(#2102,#2103,#2112,#2118));
#2102 = ORIENTED_EDGE('',*,*,#1663,.T.);
#2103 = ORIENTED_EDGE('',*,*,#2104,.T.);
#2104 = EDGE_CURVE('',#1656,#2105,#2107,.T.);
#2105 = VERTEX_POINT('',#2106);
#2106 = CARTESIAN_POINT('',(2.5,-0.835,0.9));
#2107 = CIRCLE('',#2108,0.1);
#2108 = AXIS2_PLACEMENT_3D('',#2109,#2110,#2111);
#2109 = CARTESIAN_POINT('',(2.4,-0.835,0.9));
#2110 = DIRECTION('',(2.22044604925E-16,1.,-0.));
#2111 = DIRECTION('',(0.,0.,1.));
#2112 = ORIENTED_EDGE('',*,*,#2113,.F.);
#2113 = EDGE_CURVE('',#1850,#2105,#2114,.T.);
#2114 = LINE('',#2115,#2116);
#2115 = CARTESIAN_POINT('',(2.5,-0.435,0.9));
#2116 = VECTOR('',#2117,1.);
#2117 = DIRECTION('',(-2.22044604925E-16,-1.,0.));
#2118 = ORIENTED_EDGE('',*,*,#1849,.F.);
#2119 = CYLINDRICAL_SURFACE('',#2120,0.1);
#2120 = AXIS2_PLACEMENT_3D('',#2121,#2122,#2123);
#2121 = CARTESIAN_POINT('',(2.4,-0.435,0.9));
#2122 = DIRECTION('',(2.22044604925E-16,1.,0.));
#2123 = DIRECTION('',(0.,-0.,1.));
#2124 = ADVANCED_FACE('',(#2125),#2203,.T.);
#2125 = FACE_BOUND('',#2126,.T.);
#2126 = EDGE_LOOP('',(#2127,#2128,#2129,#2130,#2138,#2147,#2155,#2163,
    #2171,#2180,#2188,#2197));
#2127 = ORIENTED_EDGE('',*,*,#1677,.F.);
#2128 = ORIENTED_EDGE('',*,*,#1655,.T.);
#2129 = ORIENTED_EDGE('',*,*,#2104,.T.);
#2130 = ORIENTED_EDGE('',*,*,#2131,.T.);
#2131 = EDGE_CURVE('',#2105,#2132,#2134,.T.);
#2132 = VERTEX_POINT('',#2133);
#2133 = CARTESIAN_POINT('',(2.5,-0.835,0.3));
#2134 = LINE('',#2135,#2136);
#2135 = CARTESIAN_POINT('',(2.5,-0.835,0.9));
#2136 = VECTOR('',#2137,1.);
#2137 = DIRECTION('',(0.,-0.,-1.));
#2138 = ORIENTED_EDGE('',*,*,#2139,.T.);
#2139 = EDGE_CURVE('',#2132,#2140,#2142,.T.);
#2140 = VERTEX_POINT('',#2141);
#2141 = CARTESIAN_POINT('',(2.8,-0.835,1.110223024625E-16));
#2142 = CIRCLE('',#2143,0.3);
#2143 = AXIS2_PLACEMENT_3D('',#2144,#2145,#2146);
#2144 = CARTESIAN_POINT('',(2.8,-0.835,0.3));
#2145 = DIRECTION('',(-2.22044604925E-16,-1.,0.));
#2146 = DIRECTION('',(-1.,2.22044604925E-16,-1.295260195396E-15));
#2147 = ORIENTED_EDGE('',*,*,#2148,.T.);
#2148 = EDGE_CURVE('',#2140,#2149,#2151,.T.);
#2149 = VERTEX_POINT('',#2150);
#2150 = CARTESIAN_POINT('',(3.5,-0.835,1.110223024625E-16));
#2151 = LINE('',#2152,#2153);
#2152 = CARTESIAN_POINT('',(2.8,-0.835,1.110223024625E-16));
#2153 = VECTOR('',#2154,1.);
#2154 = DIRECTION('',(1.,-2.22044604925E-16,0.));
#2155 = ORIENTED_EDGE('',*,*,#2156,.T.);
#2156 = EDGE_CURVE('',#2149,#2157,#2159,.T.);
#2157 = VERTEX_POINT('',#2158);
#2158 = CARTESIAN_POINT('',(3.5,-0.835,0.2));
#2159 = LINE('',#2160,#2161);
#2160 = CARTESIAN_POINT('',(3.5,-0.835,1.110223024625E-16));
#2161 = VECTOR('',#2162,1.);
#2162 = DIRECTION('',(0.,0.,1.));
#2163 = ORIENTED_EDGE('',*,*,#2164,.T.);
#2164 = EDGE_CURVE('',#2157,#2165,#2167,.T.);
#2165 = VERTEX_POINT('',#2166);
#2166 = CARTESIAN_POINT('',(2.8,-0.835,0.2));
#2167 = LINE('',#2168,#2169);
#2168 = CARTESIAN_POINT('',(3.5,-0.835,0.2));
#2169 = VECTOR('',#2170,1.);
#2170 = DIRECTION('',(-1.,2.22044604925E-16,0.));
#2171 = ORIENTED_EDGE('',*,*,#2172,.T.);
#2172 = EDGE_CURVE('',#2165,#2173,#2175,.T.);
#2173 = VERTEX_POINT('',#2174);
#2174 = CARTESIAN_POINT('',(2.7,-0.835,0.3));
#2175 = CIRCLE('',#2176,0.1);
#2176 = AXIS2_PLACEMENT_3D('',#2177,#2178,#2179);
#2177 = CARTESIAN_POINT('',(2.8,-0.835,0.3));
#2178 = DIRECTION('',(2.22044604925E-16,1.,0.));
#2179 = DIRECTION('',(0.,0.,-1.));
#2180 = ORIENTED_EDGE('',*,*,#2181,.T.);
#2181 = EDGE_CURVE('',#2173,#2182,#2184,.T.);
#2182 = VERTEX_POINT('',#2183);
#2183 = CARTESIAN_POINT('',(2.7,-0.835,0.9));
#2184 = LINE('',#2185,#2186);
#2185 = CARTESIAN_POINT('',(2.7,-0.835,0.3));
#2186 = VECTOR('',#2187,1.);
#2187 = DIRECTION('',(0.,0.,1.));
#2188 = ORIENTED_EDGE('',*,*,#2189,.T.);
#2189 = EDGE_CURVE('',#2182,#2190,#2192,.T.);
#2190 = VERTEX_POINT('',#2191);
#2191 = CARTESIAN_POINT('',(2.4,-0.835,1.2));
#2192 = CIRCLE('',#2193,0.3);
#2193 = AXIS2_PLACEMENT_3D('',#2194,#2195,#2196);
#2194 = CARTESIAN_POINT('',(2.4,-0.835,0.9));
#2195 = DIRECTION('',(-2.22044604925E-16,-1.,0.));
#2196 = DIRECTION('',(1.,-2.22044604925E-16,7.401486830834E-16));
#2197 = ORIENTED_EDGE('',*,*,#2198,.T.);
#2198 = EDGE_CURVE('',#2190,#1678,#2199,.T.);
#2199 = LINE('',#2200,#2201);
#2200 = CARTESIAN_POINT('',(2.4,-0.835,1.2));
#2201 = VECTOR('',#2202,1.);
#2202 = DIRECTION('',(-1.,2.22044604925E-16,0.));
#2203 = PLANE('',#2204);
#2204 = AXIS2_PLACEMENT_3D('',#2205,#2206,#2207);
#2205 = CARTESIAN_POINT('',(2.716847688132,-0.835,0.529183219314));
#2206 = DIRECTION('',(-2.22044604925E-16,-1.,0.));
#2207 = DIRECTION('',(0.,0.,1.));
#2208 = ADVANCED_FACE('',(#2209),#2224,.F.);
#2209 = FACE_BOUND('',#2210,.F.);
#2210 = EDGE_LOOP('',(#2211,#2217,#2218,#2223));
#2211 = ORIENTED_EDGE('',*,*,#2212,.F.);
#2212 = EDGE_CURVE('',#1678,#1787,#2213,.T.);
#2213 = LINE('',#2214,#2215);
#2214 = CARTESIAN_POINT('',(2.4,-0.835,1.2));
#2215 = VECTOR('',#2216,1.);
#2216 = DIRECTION('',(-1.,2.22044604925E-16,0.));
#2217 = ORIENTED_EDGE('',*,*,#1693,.T.);
#2218 = ORIENTED_EDGE('',*,*,#2219,.T.);
#2219 = EDGE_CURVE('',#1687,#1795,#2220,.T.);
#2220 = B_SPLINE_CURVE_WITH_KNOTS('',1,(#2221,#2222),.UNSPECIFIED.,.F.,
  .F.,(2,2),(0.,1.),.PIECEWISE_BEZIER_KNOTS.);
#2221 = CARTESIAN_POINT('',(2.2,-1.125,1.2));
#2222 = CARTESIAN_POINT('',(2.125,-1.0875,1.2));
#2223 = ORIENTED_EDGE('',*,*,#1794,.F.);
#2224 = B_SPLINE_SURFACE_WITH_KNOTS('',1,1,(
    (#2225,#2226)
    ,(#2227,#2228
    )),.UNSPECIFIED.,.F.,.F.,.F.,(2,2),(2,2),(0.,2.25),(0.,1.),
  .PIECEWISE_BEZIER_KNOTS.);
#2225 = CARTESIAN_POINT('',(2.2,1.125,1.2));
#2226 = CARTESIAN_POINT('',(2.125,1.0875,1.2));
#2227 = CARTESIAN_POINT('',(2.2,-1.125,1.2));
#2228 = CARTESIAN_POINT('',(2.125,-1.0875,1.2));
#2229 = ADVANCED_FACE('',(#2230),#2247,.F.);
#2230 = FACE_BOUND('',#2231,.F.);
#2231 = EDGE_LOOP('',(#2232,#2233,#2234,#2242));
#2232 = ORIENTED_EDGE('',*,*,#1732,.T.);
#2233 = ORIENTED_EDGE('',*,*,#1753,.T.);
#2234 = ORIENTED_EDGE('',*,*,#2235,.F.);
#2235 = EDGE_CURVE('',#2236,#1754,#2238,.T.);
#2236 = VERTEX_POINT('',#2237);
#2237 = CARTESIAN_POINT('',(1.9875,1.225,1.2));
#2238 = LINE('',#2239,#2240);
#2239 = CARTESIAN_POINT('',(1.9875,1.225,1.2));
#2240 = VECTOR('',#2241,1.);
#2241 = DIRECTION('',(0.707106781187,-0.707106781187,0.));
#2242 = ORIENTED_EDGE('',*,*,#2243,.F.);
#2243 = EDGE_CURVE('',#1733,#2236,#2244,.T.);
#2244 = B_SPLINE_CURVE_WITH_KNOTS('',1,(#2245,#2246),.UNSPECIFIED.,.F.,
  .F.,(2,2),(0.,1.),.PIECEWISE_BEZIER_KNOTS.);
#2245 = CARTESIAN_POINT('',(2.025,1.3,1.2));
#2246 = CARTESIAN_POINT('',(1.9875,1.225,1.2));
#2247 = B_SPLINE_SURFACE_WITH_KNOTS('',1,1,(
    (#2248,#2249)
    ,(#2250,#2251
    )),.UNSPECIFIED.,.F.,.F.,.F.,(2,2),(2,2),(0.,0.247487373415),(0.,1.)
  ,.PIECEWISE_BEZIER_KNOTS.);
#2248 = CARTESIAN_POINT('',(2.025,1.3,1.2));
#2249 = CARTESIAN_POINT('',(1.9875,1.225,1.2));
#2250 = CARTESIAN_POINT('',(2.2,1.125,1.2));
#2251 = CARTESIAN_POINT('',(2.125,1.0875,1.2));
#2252 = ADVANCED_FACE('',(#2253),#2270,.F.);
#2253 = FACE_BOUND('',#2254,.F.);
#2254 = EDGE_LOOP('',(#2255,#2256,#2257,#2265));
#2255 = ORIENTED_EDGE('',*,*,#1941,.T.);
#2256 = ORIENTED_EDGE('',*,*,#1740,.T.);
#2257 = ORIENTED_EDGE('',*,*,#2258,.F.);
#2258 = EDGE_CURVE('',#2259,#1733,#2261,.T.);
#2259 = VERTEX_POINT('',#2260);
#2260 = CARTESIAN_POINT('',(-2.025,1.3,1.2));
#2261 = LINE('',#2262,#2263);
#2262 = CARTESIAN_POINT('',(-2.025,1.3,1.2));
#2263 = VECTOR('',#2264,1.);
#2264 = DIRECTION('',(1.,-2.22044604925E-16,0.));
#2265 = ORIENTED_EDGE('',*,*,#2266,.F.);
#2266 = EDGE_CURVE('',#1942,#2259,#2267,.T.);
#2267 = B_SPLINE_CURVE_WITH_KNOTS('',1,(#2268,#2269),.UNSPECIFIED.,.F.,
  .F.,(2,2),(0.,1.),.PIECEWISE_BEZIER_KNOTS.);
#2268 = CARTESIAN_POINT('',(-2.025,1.3,1.));
#2269 = CARTESIAN_POINT('',(-2.025,1.3,1.2));
#2270 = PLANE('',#2271);
#2271 = AXIS2_PLACEMENT_3D('',#2272,#2273,#2274);
#2272 = CARTESIAN_POINT('',(-2.025,1.3,1.2));
#2273 = DIRECTION('',(-2.22044604925E-16,-1.,0.));
#2274 = DIRECTION('',(1.,-2.22044604925E-16,0.));
#2275 = ADVANCED_FACE('',(#2276),#2289,.F.);
#2276 = FACE_BOUND('',#2277,.F.);
#2277 = EDGE_LOOP('',(#2278,#2279,#2285,#2286,#2287,#2288));
#2278 = ORIENTED_EDGE('',*,*,#1925,.F.);
#2279 = ORIENTED_EDGE('',*,*,#2280,.T.);
#2280 = EDGE_CURVE('',#1917,#2190,#2281,.T.);
#2281 = LINE('',#2282,#2283);
#2282 = CARTESIAN_POINT('',(2.4,-0.435,1.2));
#2283 = VECTOR('',#2284,1.);
#2284 = DIRECTION('',(-2.22044604925E-16,-1.,0.));
#2285 = ORIENTED_EDGE('',*,*,#2198,.T.);
#2286 = ORIENTED_EDGE('',*,*,#2212,.T.);
#2287 = ORIENTED_EDGE('',*,*,#1786,.F.);
#2288 = ORIENTED_EDGE('',*,*,#1832,.F.);
#2289 = PLANE('',#2290);
#2290 = AXIS2_PLACEMENT_3D('',#2291,#2292,#2293);
#2291 = CARTESIAN_POINT('',(2.4,-0.435,1.2));
#2292 = DIRECTION('',(0.,-0.,-1.));
#2293 = DIRECTION('',(-1.,2.22044604925E-16,-0.));
#2294 = ADVANCED_FACE('',(#2295),#2319,.F.);
#2295 = FACE_BOUND('',#2296,.F.);
#2296 = EDGE_LOOP('',(#2297,#2305,#2312,#2318));
#2297 = ORIENTED_EDGE('',*,*,#2298,.T.);
#2298 = EDGE_CURVE('',#1795,#2299,#2301,.T.);
#2299 = VERTEX_POINT('',#2300);
#2300 = CARTESIAN_POINT('',(1.9875,-1.225,1.2));
#2301 = LINE('',#2302,#2303);
#2302 = CARTESIAN_POINT('',(2.125,-1.0875,1.2));
#2303 = VECTOR('',#2304,1.);
#2304 = DIRECTION('',(-0.707106781187,-0.707106781187,0.));
#2305 = ORIENTED_EDGE('',*,*,#2306,.T.);
#2306 = EDGE_CURVE('',#2299,#2307,#2309,.T.);
#2307 = VERTEX_POINT('',#2308);
#2308 = CARTESIAN_POINT('',(1.891849547248,-1.033699094497,2.1));
#2309 = B_SPLINE_CURVE_WITH_KNOTS('',1,(#2310,#2311),.UNSPECIFIED.,.F.,
  .F.,(2,2),(0.,1.),.PIECEWISE_BEZIER_KNOTS.);
#2310 = CARTESIAN_POINT('',(1.9875,-1.225,1.2));
#2311 = CARTESIAN_POINT('',(1.891849547248,-1.033699094497,2.1));
#2312 = ORIENTED_EDGE('',*,*,#2313,.F.);
#2313 = EDGE_CURVE('',#1803,#2307,#2314,.T.);
#2314 = LINE('',#2315,#2316);
#2315 = CARTESIAN_POINT('',(1.933699094497,-0.991849547248,2.1));
#2316 = VECTOR('',#2317,1.);
#2317 = DIRECTION('',(-0.707106781187,-0.707106781187,0.));
#2318 = ORIENTED_EDGE('',*,*,#1802,.F.);
#2319 = B_SPLINE_SURFACE_WITH_KNOTS('',1,1,(
    (#2320,#2321)
    ,(#2322,#2323
    )),.UNSPECIFIED.,.F.,.F.,.F.,(2,2),(2,2),(0.,0.194454364826),(0.,1.)
  ,.PIECEWISE_BEZIER_KNOTS.);
#2320 = CARTESIAN_POINT('',(2.125,-1.0875,1.2));
#2321 = CARTESIAN_POINT('',(1.933699094497,-0.991849547248,2.1));
#2322 = CARTESIAN_POINT('',(1.9875,-1.225,1.2));
#2323 = CARTESIAN_POINT('',(1.891849547248,-1.033699094497,2.1));
#2324 = ADVANCED_FACE('',(#2325,#2375),#2386,.F.);
#2325 = FACE_BOUND('',#2326,.F.);
#2326 = EDGE_LOOP('',(#2327,#2337,#2343,#2344,#2345,#2353,#2361,#2369));
#2327 = ORIENTED_EDGE('',*,*,#2328,.T.);
#2328 = EDGE_CURVE('',#2329,#2331,#2333,.T.);
#2329 = VERTEX_POINT('',#2330);
#2330 = CARTESIAN_POINT('',(-1.891849547248,1.033699094497,2.1));
#2331 = VERTEX_POINT('',#2332);
#2332 = CARTESIAN_POINT('',(1.891849547248,1.033699094497,2.1));
#2333 = LINE('',#2334,#2335);
#2334 = CARTESIAN_POINT('',(-1.891849547248,1.033699094497,2.1));
#2335 = VECTOR('',#2336,1.);
#2336 = DIRECTION('',(1.,-2.22044604925E-16,0.));
#2337 = ORIENTED_EDGE('',*,*,#2338,.T.);
#2338 = EDGE_CURVE('',#2331,#1810,#2339,.T.);
#2339 = LINE('',#2340,#2341);
#2340 = CARTESIAN_POINT('',(1.891849547248,1.033699094497,2.1));
#2341 = VECTOR('',#2342,1.);
#2342 = DIRECTION('',(0.707106781187,-0.707106781187,0.));
#2343 = ORIENTED_EDGE('',*,*,#1809,.T.);
#2344 = ORIENTED_EDGE('',*,*,#2313,.T.);
#2345 = ORIENTED_EDGE('',*,*,#2346,.T.);
#2346 = EDGE_CURVE('',#2307,#2347,#2349,.T.);
#2347 = VERTEX_POINT('',#2348);
#2348 = CARTESIAN_POINT('',(-1.891849547248,-1.033699094497,2.1));
#2349 = LINE('',#2350,#2351);
#2350 = CARTESIAN_POINT('',(1.891849547248,-1.033699094497,2.1));
#2351 = VECTOR('',#2352,1.);
#2352 = DIRECTION('',(-1.,2.22044604925E-16,0.));
#2353 = ORIENTED_EDGE('',*,*,#2354,.T.);
#2354 = EDGE_CURVE('',#2347,#2355,#2357,.T.);
#2355 = VERTEX_POINT('',#2356);
#2356 = CARTESIAN_POINT('',(-1.933699094497,-0.991849547248,2.1));
#2357 = LINE('',#2358,#2359);
#2358 = CARTESIAN_POINT('',(-1.891849547248,-1.033699094497,2.1));
#2359 = VECTOR('',#2360,1.);
#2360 = DIRECTION('',(-0.707106781187,0.707106781187,0.));
#2361 = ORIENTED_EDGE('',*,*,#2362,.T.);
#2362 = EDGE_CURVE('',#2355,#2363,#2365,.T.);
#2363 = VERTEX_POINT('',#2364);
#2364 = CARTESIAN_POINT('',(-1.933699094497,0.991849547248,2.1));
#2365 = LINE('',#2366,#2367);
#2366 = CARTESIAN_POINT('',(-1.933699094497,-0.991849547248,2.1));
#2367 = VECTOR('',#2368,1.);
#2368 = DIRECTION('',(2.22044604925E-16,1.,0.));
#2369 = ORIENTED_EDGE('',*,*,#2370,.T.);
#2370 = EDGE_CURVE('',#2363,#2329,#2371,.T.);
#2371 = LINE('',#2372,#2373);
#2372 = CARTESIAN_POINT('',(-1.933699094497,0.991849547248,2.1));
#2373 = VECTOR('',#2374,1.);
#2374 = DIRECTION('',(0.707106781187,0.707106781187,0.));
#2375 = FACE_BOUND('',#2376,.F.);
#2376 = EDGE_LOOP('',(#2377));
#2377 = ORIENTED_EDGE('',*,*,#2378,.T.);
#2378 = EDGE_CURVE('',#2379,#2379,#2381,.T.);
#2379 = VERTEX_POINT('',#2380);
#2380 = CARTESIAN_POINT('',(-1.233699094497,8.369909449698E-02,2.1));
#2381 = CIRCLE('',#2382,0.25);
#2382 = AXIS2_PLACEMENT_3D('',#2383,#2384,#2385);
#2383 = CARTESIAN_POINT('',(-1.233699094497,0.333699094497,2.1));
#2384 = DIRECTION('',(0.,0.,1.));
#2385 = DIRECTION('',(-2.22044604925E-16,-1.,0.));
#2386 = PLANE('',#2387);
#2387 = AXIS2_PLACEMENT_3D('',#2388,#2389,#2390);
#2388 = CARTESIAN_POINT('',(-1.891849547248,1.033699094497,2.1));
#2389 = DIRECTION('',(0.,-0.,-1.));
#2390 = DIRECTION('',(0.883763251215,-0.467934307144,0.));
#2391 = ADVANCED_FACE('',(#2392),#2402,.F.);
#2392 = FACE_BOUND('',#2393,.F.);
#2393 = EDGE_LOOP('',(#2394,#2395,#2396,#2397));
#2394 = ORIENTED_EDGE('',*,*,#2235,.T.);
#2395 = ORIENTED_EDGE('',*,*,#1817,.T.);
#2396 = ORIENTED_EDGE('',*,*,#2338,.F.);
#2397 = ORIENTED_EDGE('',*,*,#2398,.F.);
#2398 = EDGE_CURVE('',#2236,#2331,#2399,.T.);
#2399 = B_SPLINE_CURVE_WITH_KNOTS('',1,(#2400,#2401),.UNSPECIFIED.,.F.,
  .F.,(2,2),(0.,1.),.PIECEWISE_BEZIER_KNOTS.);
#2400 = CARTESIAN_POINT('',(1.9875,1.225,1.2));
#2401 = CARTESIAN_POINT('',(1.891849547248,1.033699094497,2.1));
#2402 = B_SPLINE_SURFACE_WITH_KNOTS('',1,1,(
    (#2403,#2404)
    ,(#2405,#2406
    )),.UNSPECIFIED.,.F.,.F.,.F.,(2,2),(2,2),(0.,0.194454364826),(0.,1.)
  ,.PIECEWISE_BEZIER_KNOTS.);
#2403 = CARTESIAN_POINT('',(1.9875,1.225,1.2));
#2404 = CARTESIAN_POINT('',(1.891849547248,1.033699094497,2.1));
#2405 = CARTESIAN_POINT('',(2.125,1.0875,1.2));
#2406 = CARTESIAN_POINT('',(1.933699094497,0.991849547248,2.1));
#2407 = ADVANCED_FACE('',(#2408),#2419,.T.);
#2408 = FACE_BOUND('',#2409,.T.);
#2409 = EDGE_LOOP('',(#2410,#2411,#2412,#2413));
#2410 = ORIENTED_EDGE('',*,*,#1916,.T.);
#2411 = ORIENTED_EDGE('',*,*,#2280,.T.);
#2412 = ORIENTED_EDGE('',*,*,#2189,.F.);
#2413 = ORIENTED_EDGE('',*,*,#2414,.F.);
#2414 = EDGE_CURVE('',#1909,#2182,#2415,.T.);
#2415 = LINE('',#2416,#2417);
#2416 = CARTESIAN_POINT('',(2.7,-0.435,0.9));
#2417 = VECTOR('',#2418,1.);
#2418 = DIRECTION('',(-2.22044604925E-16,-1.,0.));
#2419 = CYLINDRICAL_SURFACE('',#2420,0.3);
#2420 = AXIS2_PLACEMENT_3D('',#2421,#2422,#2423);
#2421 = CARTESIAN_POINT('',(2.4,-0.435,0.9));
#2422 = DIRECTION('',(2.22044604925E-16,1.,-0.));
#2423 = DIRECTION('',(1.,-2.22044604925E-16,7.401486830834E-16));
#2424 = ADVANCED_FACE('',(#2425),#2436,.F.);
#2425 = FACE_BOUND('',#2426,.F.);
#2426 = EDGE_LOOP('',(#2427,#2433,#2434,#2435));
#2427 = ORIENTED_EDGE('',*,*,#2428,.T.);
#2428 = EDGE_CURVE('',#1900,#2173,#2429,.T.);
#2429 = LINE('',#2430,#2431);
#2430 = CARTESIAN_POINT('',(2.7,-0.435,0.3));
#2431 = VECTOR('',#2432,1.);
#2432 = DIRECTION('',(-2.22044604925E-16,-1.,0.));
#2433 = ORIENTED_EDGE('',*,*,#2181,.T.);
#2434 = ORIENTED_EDGE('',*,*,#2414,.F.);
#2435 = ORIENTED_EDGE('',*,*,#1908,.F.);
#2436 = PLANE('',#2437);
#2437 = AXIS2_PLACEMENT_3D('',#2438,#2439,#2440);
#2438 = CARTESIAN_POINT('',(2.7,-0.435,0.3));
#2439 = DIRECTION('',(-1.,2.22044604925E-16,0.));
#2440 = DIRECTION('',(0.,0.,1.));
#2441 = ADVANCED_FACE('',(#2442),#2453,.F.);
#2442 = FACE_BOUND('',#2443,.F.);
#2443 = EDGE_LOOP('',(#2444,#2450,#2451,#2452));
#2444 = ORIENTED_EDGE('',*,*,#2445,.T.);
#2445 = EDGE_CURVE('',#1892,#2165,#2446,.T.);
#2446 = LINE('',#2447,#2448);
#2447 = CARTESIAN_POINT('',(2.8,-0.435,0.2));
#2448 = VECTOR('',#2449,1.);
#2449 = DIRECTION('',(-2.22044604925E-16,-1.,0.));
#2450 = ORIENTED_EDGE('',*,*,#2172,.T.);
#2451 = ORIENTED_EDGE('',*,*,#2428,.F.);
#2452 = ORIENTED_EDGE('',*,*,#1899,.F.);
#2453 = CYLINDRICAL_SURFACE('',#2454,0.1);
#2454 = AXIS2_PLACEMENT_3D('',#2455,#2456,#2457);
#2455 = CARTESIAN_POINT('',(2.8,-0.435,0.3));
#2456 = DIRECTION('',(2.22044604925E-16,1.,0.));
#2457 = DIRECTION('',(0.,0.,-1.));
#2458 = ADVANCED_FACE('',(#2459),#2470,.F.);
#2459 = FACE_BOUND('',#2460,.F.);
#2460 = EDGE_LOOP('',(#2461,#2467,#2468,#2469));
#2461 = ORIENTED_EDGE('',*,*,#2462,.T.);
#2462 = EDGE_CURVE('',#1884,#2157,#2463,.T.);
#2463 = LINE('',#2464,#2465);
#2464 = CARTESIAN_POINT('',(3.5,-0.435,0.2));
#2465 = VECTOR('',#2466,1.);
#2466 = DIRECTION('',(-2.22044604925E-16,-1.,0.));
#2467 = ORIENTED_EDGE('',*,*,#2164,.T.);
#2468 = ORIENTED_EDGE('',*,*,#2445,.F.);
#2469 = ORIENTED_EDGE('',*,*,#1891,.F.);
#2470 = PLANE('',#2471);
#2471 = AXIS2_PLACEMENT_3D('',#2472,#2473,#2474);
#2472 = CARTESIAN_POINT('',(3.5,-0.435,0.2));
#2473 = DIRECTION('',(0.,-0.,-1.));
#2474 = DIRECTION('',(-1.,2.22044604925E-16,-0.));
#2475 = ADVANCED_FACE('',(#2476),#2487,.F.);
#2476 = FACE_BOUND('',#2477,.F.);
#2477 = EDGE_LOOP('',(#2478,#2484,#2485,#2486));
#2478 = ORIENTED_EDGE('',*,*,#2479,.T.);
#2479 = EDGE_CURVE('',#1876,#2149,#2480,.T.);
#2480 = LINE('',#2481,#2482);
#2481 = CARTESIAN_POINT('',(3.5,-0.435,1.110223024625E-16));
#2482 = VECTOR('',#2483,1.);
#2483 = DIRECTION('',(-2.22044604925E-16,-1.,0.));
#2484 = ORIENTED_EDGE('',*,*,#2156,.T.);
#2485 = ORIENTED_EDGE('',*,*,#2462,.F.);
#2486 = ORIENTED_EDGE('',*,*,#1883,.F.);
#2487 = PLANE('',#2488);
#2488 = AXIS2_PLACEMENT_3D('',#2489,#2490,#2491);
#2489 = CARTESIAN_POINT('',(3.5,-0.435,1.110223024625E-16));
#2490 = DIRECTION('',(-1.,2.22044604925E-16,0.));
#2491 = DIRECTION('',(0.,0.,1.));
#2492 = ADVANCED_FACE('',(#2493),#2504,.F.);
#2493 = FACE_BOUND('',#2494,.F.);
#2494 = EDGE_LOOP('',(#2495,#2501,#2502,#2503));
#2495 = ORIENTED_EDGE('',*,*,#2496,.T.);
#2496 = EDGE_CURVE('',#1867,#2140,#2497,.T.);
#2497 = LINE('',#2498,#2499);
#2498 = CARTESIAN_POINT('',(2.8,-0.435,1.110223024625E-16));
#2499 = VECTOR('',#2500,1.);
#2500 = DIRECTION('',(-2.22044604925E-16,-1.,0.));
#2501 = ORIENTED_EDGE('',*,*,#2148,.T.);
#2502 = ORIENTED_EDGE('',*,*,#2479,.F.);
#2503 = ORIENTED_EDGE('',*,*,#1875,.F.);
#2504 = PLANE('',#2505);
#2505 = AXIS2_PLACEMENT_3D('',#2506,#2507,#2508);
#2506 = CARTESIAN_POINT('',(2.8,-0.435,1.110223024625E-16));
#2507 = DIRECTION('',(0.,0.,1.));
#2508 = DIRECTION('',(1.,-2.22044604925E-16,0.));
#2509 = ADVANCED_FACE('',(#2510),#2521,.T.);
#2510 = FACE_BOUND('',#2511,.T.);
#2511 = EDGE_LOOP('',(#2512,#2513,#2514,#2515));
#2512 = ORIENTED_EDGE('',*,*,#1866,.T.);
#2513 = ORIENTED_EDGE('',*,*,#2496,.T.);
#2514 = ORIENTED_EDGE('',*,*,#2139,.F.);
#2515 = ORIENTED_EDGE('',*,*,#2516,.F.);
#2516 = EDGE_CURVE('',#1859,#2132,#2517,.T.);
#2517 = LINE('',#2518,#2519);
#2518 = CARTESIAN_POINT('',(2.5,-0.435,0.3));
#2519 = VECTOR('',#2520,1.);
#2520 = DIRECTION('',(-2.22044604925E-16,-1.,0.));
#2521 = CYLINDRICAL_SURFACE('',#2522,0.3);
#2522 = AXIS2_PLACEMENT_3D('',#2523,#2524,#2525);
#2523 = CARTESIAN_POINT('',(2.8,-0.435,0.3));
#2524 = DIRECTION('',(2.22044604925E-16,1.,-0.));
#2525 = DIRECTION('',(-1.,2.22044604925E-16,-1.295260195396E-15));
#2526 = ADVANCED_FACE('',(#2527),#2533,.F.);
#2527 = FACE_BOUND('',#2528,.F.);
#2528 = EDGE_LOOP('',(#2529,#2530,#2531,#2532));
#2529 = ORIENTED_EDGE('',*,*,#2113,.T.);
#2530 = ORIENTED_EDGE('',*,*,#2131,.T.);
#2531 = ORIENTED_EDGE('',*,*,#2516,.F.);
#2532 = ORIENTED_EDGE('',*,*,#1858,.F.);
#2533 = PLANE('',#2534);
#2534 = AXIS2_PLACEMENT_3D('',#2535,#2536,#2537);
#2535 = CARTESIAN_POINT('',(2.5,-0.435,0.9));
#2536 = DIRECTION('',(1.,-2.22044604925E-16,0.));
#2537 = DIRECTION('',(0.,-0.,-1.));
#2538 = ADVANCED_FACE('',(#2539),#2556,.F.);
#2539 = FACE_BOUND('',#2540,.F.);
#2540 = EDGE_LOOP('',(#2541,#2542,#2549,#2555));
#2541 = ORIENTED_EDGE('',*,*,#1970,.T.);
#2542 = ORIENTED_EDGE('',*,*,#2543,.T.);
#2543 = EDGE_CURVE('',#1964,#2544,#2546,.T.);
#2544 = VERTEX_POINT('',#2545);
#2545 = CARTESIAN_POINT('',(-2.025,-1.3,1.2));
#2546 = B_SPLINE_CURVE_WITH_KNOTS('',1,(#2547,#2548),.UNSPECIFIED.,.F.,
  .F.,(2,2),(0.,1.),.PIECEWISE_BEZIER_KNOTS.);
#2547 = CARTESIAN_POINT('',(-2.025,-1.3,1.));
#2548 = CARTESIAN_POINT('',(-2.025,-1.3,1.2));
#2549 = ORIENTED_EDGE('',*,*,#2550,.F.);
#2550 = EDGE_CURVE('',#2082,#2544,#2551,.T.);
#2551 = LINE('',#2552,#2553);
#2552 = CARTESIAN_POINT('',(2.025,-1.3,1.2));
#2553 = VECTOR('',#2554,1.);
#2554 = DIRECTION('',(-1.,2.22044604925E-16,0.));
#2555 = ORIENTED_EDGE('',*,*,#2081,.F.);
#2556 = PLANE('',#2557);
#2557 = AXIS2_PLACEMENT_3D('',#2558,#2559,#2560);
#2558 = CARTESIAN_POINT('',(2.025,-1.3,1.2));
#2559 = DIRECTION('',(2.22044604925E-16,1.,0.));
#2560 = DIRECTION('',(-1.,2.22044604925E-16,0.));
#2561 = ADVANCED_FACE('',(#2562),#2579,.F.);
#2562 = FACE_BOUND('',#2563,.F.);
#2563 = EDGE_LOOP('',(#2564,#2565,#2572,#2578));
#2564 = ORIENTED_EDGE('',*,*,#1993,.T.);
#2565 = ORIENTED_EDGE('',*,*,#2566,.T.);
#2566 = EDGE_CURVE('',#1987,#2567,#2569,.T.);
#2567 = VERTEX_POINT('',#2568);
#2568 = CARTESIAN_POINT('',(-2.2,-1.125,1.2));
#2569 = B_SPLINE_CURVE_WITH_KNOTS('',1,(#2570,#2571),.UNSPECIFIED.,.F.,
  .F.,(2,2),(0.,1.),.PIECEWISE_BEZIER_KNOTS.);
#2570 = CARTESIAN_POINT('',(-2.2,-1.125,1.));
#2571 = CARTESIAN_POINT('',(-2.2,-1.125,1.2));
#2572 = ORIENTED_EDGE('',*,*,#2573,.F.);
#2573 = EDGE_CURVE('',#2544,#2567,#2574,.T.);
#2574 = LINE('',#2575,#2576);
#2575 = CARTESIAN_POINT('',(-2.025,-1.3,1.2));
#2576 = VECTOR('',#2577,1.);
#2577 = DIRECTION('',(-0.707106781187,0.707106781187,0.));
#2578 = ORIENTED_EDGE('',*,*,#2543,.F.);
#2579 = PLANE('',#2580);
#2580 = AXIS2_PLACEMENT_3D('',#2581,#2582,#2583);
#2581 = CARTESIAN_POINT('',(-2.025,-1.3,1.2));
#2582 = DIRECTION('',(0.707106781187,0.707106781187,0.));
#2583 = DIRECTION('',(-0.707106781187,0.707106781187,0.));
#2584 = ADVANCED_FACE('',(#2585),#2603,.F.);
#2585 = FACE_BOUND('',#2586,.F.);
#2586 = EDGE_LOOP('',(#2587,#2588,#2589,#2597));
#2587 = ORIENTED_EDGE('',*,*,#2566,.F.);
#2588 = ORIENTED_EDGE('',*,*,#2048,.T.);
#2589 = ORIENTED_EDGE('',*,*,#2590,.T.);
#2590 = EDGE_CURVE('',#2041,#2591,#2593,.T.);
#2591 = VERTEX_POINT('',#2592);
#2592 = CARTESIAN_POINT('',(-2.2,-0.835,1.2));
#2593 = LINE('',#2594,#2595);
#2594 = CARTESIAN_POINT('',(-2.2,-0.835,0.864591609657));
#2595 = VECTOR('',#2596,1.);
#2596 = DIRECTION('',(0.,0.,1.));
#2597 = ORIENTED_EDGE('',*,*,#2598,.F.);
#2598 = EDGE_CURVE('',#2567,#2591,#2599,.T.);
#2599 = LINE('',#2600,#2601);
#2600 = CARTESIAN_POINT('',(-2.2,-1.125,1.2));
#2601 = VECTOR('',#2602,1.);
#2602 = DIRECTION('',(2.22044604925E-16,1.,0.));
#2603 = PLANE('',#2604);
#2604 = AXIS2_PLACEMENT_3D('',#2605,#2606,#2607);
#2605 = CARTESIAN_POINT('',(-2.2,-1.125,1.2));
#2606 = DIRECTION('',(1.,-2.22044604925E-16,0.));
#2607 = DIRECTION('',(2.22044604925E-16,1.,0.));
#2608 = ADVANCED_FACE('',(#2609),#2634,.F.);
#2609 = FACE_BOUND('',#2610,.F.);
#2610 = EDGE_LOOP('',(#2611,#2619,#2620,#2628));
#2611 = ORIENTED_EDGE('',*,*,#2612,.F.);
#2612 = EDGE_CURVE('',#2041,#2613,#2615,.T.);
#2613 = VERTEX_POINT('',#2614);
#2614 = CARTESIAN_POINT('',(-2.4,-0.835,1.));
#2615 = LINE('',#2616,#2617);
#2616 = CARTESIAN_POINT('',(-2.05,-0.835,1.));
#2617 = VECTOR('',#2618,1.);
#2618 = DIRECTION('',(-1.,3.445092848398E-16,0.));
#2619 = ORIENTED_EDGE('',*,*,#2040,.T.);
#2620 = ORIENTED_EDGE('',*,*,#2621,.T.);
#2621 = EDGE_CURVE('',#2033,#2622,#2624,.T.);
#2622 = VERTEX_POINT('',#2623);
#2623 = CARTESIAN_POINT('',(-2.4,-0.435,1.));
#2624 = LINE('',#2625,#2626);
#2625 = CARTESIAN_POINT('',(-2.05,-0.435,1.));
#2626 = VECTOR('',#2627,1.);
#2627 = DIRECTION('',(-1.,3.445092848398E-16,0.));
#2628 = ORIENTED_EDGE('',*,*,#2629,.F.);
#2629 = EDGE_CURVE('',#2613,#2622,#2630,.T.);
#2630 = LINE('',#2631,#2632);
#2631 = CARTESIAN_POINT('',(-2.4,-0.835,1.));
#2632 = VECTOR('',#2633,1.);
#2633 = DIRECTION('',(3.445092848398E-16,1.,0.));
#2634 = PLANE('',#2635);
#2635 = AXIS2_PLACEMENT_3D('',#2636,#2637,#2638);
#2636 = CARTESIAN_POINT('',(-2.05,-0.835,1.));
#2637 = DIRECTION('',(0.,0.,1.));
#2638 = DIRECTION('',(-1.,3.445092848398E-16,0.));
#2639 = ADVANCED_FACE('',(#2640),#2665,.F.);
#2640 = FACE_BOUND('',#2641,.F.);
#2641 = EDGE_LOOP('',(#2642,#2650,#2651,#2659));
#2642 = ORIENTED_EDGE('',*,*,#2643,.F.);
#2643 = EDGE_CURVE('',#2033,#2644,#2646,.T.);
#2644 = VERTEX_POINT('',#2645);
#2645 = CARTESIAN_POINT('',(-2.2,-0.435,1.2));
#2646 = LINE('',#2647,#2648);
#2647 = CARTESIAN_POINT('',(-2.2,-0.435,0.864591609657));
#2648 = VECTOR('',#2649,1.);
#2649 = DIRECTION('',(0.,0.,1.));
#2650 = ORIENTED_EDGE('',*,*,#2032,.T.);
#2651 = ORIENTED_EDGE('',*,*,#2652,.T.);
#2652 = EDGE_CURVE('',#2025,#2653,#2655,.T.);
#2653 = VERTEX_POINT('',#2654);
#2654 = CARTESIAN_POINT('',(-2.2,0.435,1.2));
#2655 = LINE('',#2656,#2657);
#2656 = CARTESIAN_POINT('',(-2.2,0.435,0.864591609657));
#2657 = VECTOR('',#2658,1.);
#2658 = DIRECTION('',(0.,0.,1.));
#2659 = ORIENTED_EDGE('',*,*,#2660,.F.);
#2660 = EDGE_CURVE('',#2644,#2653,#2661,.T.);
#2661 = LINE('',#2662,#2663);
#2662 = CARTESIAN_POINT('',(-2.2,-1.125,1.2));
#2663 = VECTOR('',#2664,1.);
#2664 = DIRECTION('',(2.22044604925E-16,1.,0.));
#2665 = PLANE('',#2666);
#2666 = AXIS2_PLACEMENT_3D('',#2667,#2668,#2669);
#2667 = CARTESIAN_POINT('',(-2.2,-1.125,1.2));
#2668 = DIRECTION('',(1.,-2.22044604925E-16,0.));
#2669 = DIRECTION('',(2.22044604925E-16,1.,0.));
#2670 = ADVANCED_FACE('',(#2671),#2696,.F.);
#2671 = FACE_BOUND('',#2672,.F.);
#2672 = EDGE_LOOP('',(#2673,#2681,#2682,#2690));
#2673 = ORIENTED_EDGE('',*,*,#2674,.F.);
#2674 = EDGE_CURVE('',#2025,#2675,#2677,.T.);
#2675 = VERTEX_POINT('',#2676);
#2676 = CARTESIAN_POINT('',(-2.4,0.435,1.));
#2677 = LINE('',#2678,#2679);
#2678 = CARTESIAN_POINT('',(-2.05,0.435,1.));
#2679 = VECTOR('',#2680,1.);
#2680 = DIRECTION('',(-1.,3.445092848398E-16,0.));
#2681 = ORIENTED_EDGE('',*,*,#2024,.T.);
#2682 = ORIENTED_EDGE('',*,*,#2683,.T.);
#2683 = EDGE_CURVE('',#2017,#2684,#2686,.T.);
#2684 = VERTEX_POINT('',#2685);
#2685 = CARTESIAN_POINT('',(-2.4,0.835,1.));
#2686 = LINE('',#2687,#2688);
#2687 = CARTESIAN_POINT('',(-2.05,0.835,1.));
#2688 = VECTOR('',#2689,1.);
#2689 = DIRECTION('',(-1.,3.445092848398E-16,0.));
#2690 = ORIENTED_EDGE('',*,*,#2691,.F.);
#2691 = EDGE_CURVE('',#2675,#2684,#2692,.T.);
#2692 = LINE('',#2693,#2694);
#2693 = CARTESIAN_POINT('',(-2.4,0.435,1.));
#2694 = VECTOR('',#2695,1.);
#2695 = DIRECTION('',(3.445092848398E-16,1.,0.));
#2696 = PLANE('',#2697);
#2697 = AXIS2_PLACEMENT_3D('',#2698,#2699,#2700);
#2698 = CARTESIAN_POINT('',(-2.05,0.435,1.));
#2699 = DIRECTION('',(0.,0.,1.));
#2700 = DIRECTION('',(-1.,3.445092848398E-16,0.));
#2701 = ADVANCED_FACE('',(#2702),#2726,.F.);
#2702 = FACE_BOUND('',#2703,.F.);
#2703 = EDGE_LOOP('',(#2704,#2712,#2713,#2720));
#2704 = ORIENTED_EDGE('',*,*,#2705,.F.);
#2705 = EDGE_CURVE('',#2017,#2706,#2708,.T.);
#2706 = VERTEX_POINT('',#2707);
#2707 = CARTESIAN_POINT('',(-2.2,0.835,1.2));
#2708 = LINE('',#2709,#2710);
#2709 = CARTESIAN_POINT('',(-2.2,0.835,0.864591609657));
#2710 = VECTOR('',#2711,1.);
#2711 = DIRECTION('',(0.,0.,1.));
#2712 = ORIENTED_EDGE('',*,*,#2016,.T.);
#2713 = ORIENTED_EDGE('',*,*,#2714,.T.);
#2714 = EDGE_CURVE('',#2010,#2715,#2717,.T.);
#2715 = VERTEX_POINT('',#2716);
#2716 = CARTESIAN_POINT('',(-2.2,1.125,1.2));
#2717 = B_SPLINE_CURVE_WITH_KNOTS('',1,(#2718,#2719),.UNSPECIFIED.,.F.,
  .F.,(2,2),(0.,1.),.PIECEWISE_BEZIER_KNOTS.);
#2718 = CARTESIAN_POINT('',(-2.2,1.125,1.));
#2719 = CARTESIAN_POINT('',(-2.2,1.125,1.2));
#2720 = ORIENTED_EDGE('',*,*,#2721,.F.);
#2721 = EDGE_CURVE('',#2706,#2715,#2722,.T.);
#2722 = LINE('',#2723,#2724);
#2723 = CARTESIAN_POINT('',(-2.2,-1.125,1.2));
#2724 = VECTOR('',#2725,1.);
#2725 = DIRECTION('',(2.22044604925E-16,1.,0.));
#2726 = PLANE('',#2727);
#2727 = AXIS2_PLACEMENT_3D('',#2728,#2729,#2730);
#2728 = CARTESIAN_POINT('',(-2.2,-1.125,1.2));
#2729 = DIRECTION('',(1.,-2.22044604925E-16,0.));
#2730 = DIRECTION('',(2.22044604925E-16,1.,0.));
#2731 = ADVANCED_FACE('',(#2732),#2743,.F.);
#2732 = FACE_BOUND('',#2733,.F.);
#2733 = EDGE_LOOP('',(#2734,#2735,#2736,#2742));
#2734 = ORIENTED_EDGE('',*,*,#2065,.T.);
#2735 = ORIENTED_EDGE('',*,*,#2266,.T.);
#2736 = ORIENTED_EDGE('',*,*,#2737,.F.);
#2737 = EDGE_CURVE('',#2715,#2259,#2738,.T.);
#2738 = LINE('',#2739,#2740);
#2739 = CARTESIAN_POINT('',(-2.2,1.125,1.2));
#2740 = VECTOR('',#2741,1.);
#2741 = DIRECTION('',(0.707106781187,0.707106781187,0.));
#2742 = ORIENTED_EDGE('',*,*,#2714,.F.);
#2743 = PLANE('',#2744);
#2744 = AXIS2_PLACEMENT_3D('',#2745,#2746,#2747);
#2745 = CARTESIAN_POINT('',(-2.2,1.125,1.2));
#2746 = DIRECTION('',(0.707106781187,-0.707106781187,0.));
#2747 = DIRECTION('',(0.707106781187,0.707106781187,0.));
#2748 = ADVANCED_FACE('',(#2749),#2759,.F.);
#2749 = FACE_BOUND('',#2750,.F.);
#2750 = EDGE_LOOP('',(#2751,#2752,#2757,#2758));
#2751 = ORIENTED_EDGE('',*,*,#2088,.T.);
#2752 = ORIENTED_EDGE('',*,*,#2753,.T.);
#2753 = EDGE_CURVE('',#2082,#2299,#2754,.T.);
#2754 = B_SPLINE_CURVE_WITH_KNOTS('',1,(#2755,#2756),.UNSPECIFIED.,.F.,
  .F.,(2,2),(0.,1.),.PIECEWISE_BEZIER_KNOTS.);
#2755 = CARTESIAN_POINT('',(2.025,-1.3,1.2));
#2756 = CARTESIAN_POINT('',(1.9875,-1.225,1.2));
#2757 = ORIENTED_EDGE('',*,*,#2298,.F.);
#2758 = ORIENTED_EDGE('',*,*,#2219,.F.);
#2759 = B_SPLINE_SURFACE_WITH_KNOTS('',1,1,(
    (#2760,#2761)
    ,(#2762,#2763
    )),.UNSPECIFIED.,.F.,.F.,.F.,(2,2),(2,2),(0.,0.247487373415),(0.,1.)
  ,.PIECEWISE_BEZIER_KNOTS.);
#2760 = CARTESIAN_POINT('',(2.2,-1.125,1.2));
#2761 = CARTESIAN_POINT('',(2.125,-1.0875,1.2));
#2762 = CARTESIAN_POINT('',(2.025,-1.3,1.2));
#2763 = CARTESIAN_POINT('',(1.9875,-1.225,1.2));
#2764 = ADVANCED_FACE('',(#2765),#2782,.F.);
#2765 = FACE_BOUND('',#2766,.F.);
#2766 = EDGE_LOOP('',(#2767,#2768,#2769,#2777));
#2767 = ORIENTED_EDGE('',*,*,#2258,.T.);
#2768 = ORIENTED_EDGE('',*,*,#2243,.T.);
#2769 = ORIENTED_EDGE('',*,*,#2770,.F.);
#2770 = EDGE_CURVE('',#2771,#2236,#2773,.T.);
#2771 = VERTEX_POINT('',#2772);
#2772 = CARTESIAN_POINT('',(-1.9875,1.225,1.2));
#2773 = LINE('',#2774,#2775);
#2774 = CARTESIAN_POINT('',(-1.9875,1.225,1.2));
#2775 = VECTOR('',#2776,1.);
#2776 = DIRECTION('',(1.,-2.22044604925E-16,0.));
#2777 = ORIENTED_EDGE('',*,*,#2778,.F.);
#2778 = EDGE_CURVE('',#2259,#2771,#2779,.T.);
#2779 = B_SPLINE_CURVE_WITH_KNOTS('',1,(#2780,#2781),.UNSPECIFIED.,.F.,
  .F.,(2,2),(0.,1.),.PIECEWISE_BEZIER_KNOTS.);
#2780 = CARTESIAN_POINT('',(-2.025,1.3,1.2));
#2781 = CARTESIAN_POINT('',(-1.9875,1.225,1.2));
#2782 = B_SPLINE_SURFACE_WITH_KNOTS('',1,1,(
    (#2783,#2784)
    ,(#2785,#2786
    )),.UNSPECIFIED.,.F.,.F.,.F.,(2,2),(2,2),(0.,4.05),(0.,1.),
  .PIECEWISE_BEZIER_KNOTS.);
#2783 = CARTESIAN_POINT('',(-2.025,1.3,1.2));
#2784 = CARTESIAN_POINT('',(-1.9875,1.225,1.2));
#2785 = CARTESIAN_POINT('',(2.025,1.3,1.2));
#2786 = CARTESIAN_POINT('',(1.9875,1.225,1.2));
#2787 = ADVANCED_FACE('',(#2788),#2805,.F.);
#2788 = FACE_BOUND('',#2789,.F.);
#2789 = EDGE_LOOP('',(#2790,#2798,#2803,#2804));
#2790 = ORIENTED_EDGE('',*,*,#2791,.T.);
#2791 = EDGE_CURVE('',#2299,#2792,#2794,.T.);
#2792 = VERTEX_POINT('',#2793);
#2793 = CARTESIAN_POINT('',(-1.9875,-1.225,1.2));
#2794 = LINE('',#2795,#2796);
#2795 = CARTESIAN_POINT('',(1.9875,-1.225,1.2));
#2796 = VECTOR('',#2797,1.);
#2797 = DIRECTION('',(-1.,2.22044604925E-16,0.));
#2798 = ORIENTED_EDGE('',*,*,#2799,.T.);
#2799 = EDGE_CURVE('',#2792,#2347,#2800,.T.);
#2800 = B_SPLINE_CURVE_WITH_KNOTS('',1,(#2801,#2802),.UNSPECIFIED.,.F.,
  .F.,(2,2),(0.,1.),.PIECEWISE_BEZIER_KNOTS.);
#2801 = CARTESIAN_POINT('',(-1.9875,-1.225,1.2));
#2802 = CARTESIAN_POINT('',(-1.891849547248,-1.033699094497,2.1));
#2803 = ORIENTED_EDGE('',*,*,#2346,.F.);
#2804 = ORIENTED_EDGE('',*,*,#2306,.F.);
#2805 = B_SPLINE_SURFACE_WITH_KNOTS('',1,1,(
    (#2806,#2807)
    ,(#2808,#2809
    )),.UNSPECIFIED.,.F.,.F.,.F.,(2,2),(2,2),(0.,3.975),(0.,1.),
  .PIECEWISE_BEZIER_KNOTS.);
#2806 = CARTESIAN_POINT('',(1.9875,-1.225,1.2));
#2807 = CARTESIAN_POINT('',(1.891849547248,-1.033699094497,2.1));
#2808 = CARTESIAN_POINT('',(-1.9875,-1.225,1.2));
#2809 = CARTESIAN_POINT('',(-1.891849547248,-1.033699094497,2.1));
#2810 = ADVANCED_FACE('',(#2811),#2821,.F.);
#2811 = FACE_BOUND('',#2812,.F.);
#2812 = EDGE_LOOP('',(#2813,#2814,#2815,#2816));
#2813 = ORIENTED_EDGE('',*,*,#2770,.T.);
#2814 = ORIENTED_EDGE('',*,*,#2398,.T.);
#2815 = ORIENTED_EDGE('',*,*,#2328,.F.);
#2816 = ORIENTED_EDGE('',*,*,#2817,.F.);
#2817 = EDGE_CURVE('',#2771,#2329,#2818,.T.);
#2818 = B_SPLINE_CURVE_WITH_KNOTS('',1,(#2819,#2820),.UNSPECIFIED.,.F.,
  .F.,(2,2),(0.,1.),.PIECEWISE_BEZIER_KNOTS.);
#2819 = CARTESIAN_POINT('',(-1.9875,1.225,1.2));
#2820 = CARTESIAN_POINT('',(-1.891849547248,1.033699094497,2.1));
#2821 = B_SPLINE_SURFACE_WITH_KNOTS('',1,1,(
    (#2822,#2823)
    ,(#2824,#2825
    )),.UNSPECIFIED.,.F.,.F.,.F.,(2,2),(2,2),(0.,3.975),(0.,1.),
  .PIECEWISE_BEZIER_KNOTS.);
#2822 = CARTESIAN_POINT('',(-1.9875,1.225,1.2));
#2823 = CARTESIAN_POINT('',(-1.891849547248,1.033699094497,2.1));
#2824 = CARTESIAN_POINT('',(1.9875,1.225,1.2));
#2825 = CARTESIAN_POINT('',(1.891849547248,1.033699094497,2.1));
#2826 = ADVANCED_FACE('',(#2827),#2844,.F.);
#2827 = FACE_BOUND('',#2828,.F.);
#2828 = EDGE_LOOP('',(#2829,#2837,#2838,#2839));
#2829 = ORIENTED_EDGE('',*,*,#2830,.T.);
#2830 = EDGE_CURVE('',#2831,#2771,#2833,.T.);
#2831 = VERTEX_POINT('',#2832);
#2832 = CARTESIAN_POINT('',(-2.125,1.0875,1.2));
#2833 = LINE('',#2834,#2835);
#2834 = CARTESIAN_POINT('',(-2.125,1.0875,1.2));
#2835 = VECTOR('',#2836,1.);
#2836 = DIRECTION('',(0.707106781187,0.707106781187,0.));
#2837 = ORIENTED_EDGE('',*,*,#2817,.T.);
#2838 = ORIENTED_EDGE('',*,*,#2370,.F.);
#2839 = ORIENTED_EDGE('',*,*,#2840,.F.);
#2840 = EDGE_CURVE('',#2831,#2363,#2841,.T.);
#2841 = B_SPLINE_CURVE_WITH_KNOTS('',1,(#2842,#2843),.UNSPECIFIED.,.F.,
  .F.,(2,2),(0.,1.),.PIECEWISE_BEZIER_KNOTS.);
#2842 = CARTESIAN_POINT('',(-2.125,1.0875,1.2));
#2843 = CARTESIAN_POINT('',(-1.933699094497,0.991849547248,2.1));
#2844 = B_SPLINE_SURFACE_WITH_KNOTS('',1,1,(
    (#2845,#2846)
    ,(#2847,#2848
    )),.UNSPECIFIED.,.F.,.F.,.F.,(2,2),(2,2),(0.,0.194454364826),(0.,1.)
  ,.PIECEWISE_BEZIER_KNOTS.);
#2845 = CARTESIAN_POINT('',(-2.125,1.0875,1.2));
#2846 = CARTESIAN_POINT('',(-1.933699094497,0.991849547248,2.1));
#2847 = CARTESIAN_POINT('',(-1.9875,1.225,1.2));
#2848 = CARTESIAN_POINT('',(-1.891849547248,1.033699094497,2.1));
#2849 = ADVANCED_FACE('',(#2850),#2899,.F.);
#2850 = FACE_BOUND('',#2851,.F.);
#2851 = EDGE_LOOP('',(#2852,#2862,#2870,#2878,#2886,#2892,#2893,#2894));
#2852 = ORIENTED_EDGE('',*,*,#2853,.T.);
#2853 = EDGE_CURVE('',#2854,#2856,#2858,.T.);
#2854 = VERTEX_POINT('',#2855);
#2855 = CARTESIAN_POINT('',(-2.125,-1.0875,1.2));
#2856 = VERTEX_POINT('',#2857);
#2857 = CARTESIAN_POINT('',(-2.125,-0.835,1.2));
#2858 = LINE('',#2859,#2860);
#2859 = CARTESIAN_POINT('',(-2.125,-1.0875,1.2));
#2860 = VECTOR('',#2861,1.);
#2861 = DIRECTION('',(2.22044604925E-16,1.,0.));
#2862 = ORIENTED_EDGE('',*,*,#2863,.T.);
#2863 = EDGE_CURVE('',#2856,#2864,#2866,.T.);
#2864 = VERTEX_POINT('',#2865);
#2865 = CARTESIAN_POINT('',(-2.125,-0.435,1.2));
#2866 = LINE('',#2867,#2868);
#2867 = CARTESIAN_POINT('',(-2.125,-1.0875,1.2));
#2868 = VECTOR('',#2869,1.);
#2869 = DIRECTION('',(2.22044604925E-16,1.,0.));
#2870 = ORIENTED_EDGE('',*,*,#2871,.T.);
#2871 = EDGE_CURVE('',#2864,#2872,#2874,.T.);
#2872 = VERTEX_POINT('',#2873);
#2873 = CARTESIAN_POINT('',(-2.125,0.435,1.2));
#2874 = LINE('',#2875,#2876);
#2875 = CARTESIAN_POINT('',(-2.125,-1.0875,1.2));
#2876 = VECTOR('',#2877,1.);
#2877 = DIRECTION('',(2.22044604925E-16,1.,0.));
#2878 = ORIENTED_EDGE('',*,*,#2879,.T.);
#2879 = EDGE_CURVE('',#2872,#2880,#2882,.T.);
#2880 = VERTEX_POINT('',#2881);
#2881 = CARTESIAN_POINT('',(-2.125,0.835,1.2));
#2882 = LINE('',#2883,#2884);
#2883 = CARTESIAN_POINT('',(-2.125,-1.0875,1.2));
#2884 = VECTOR('',#2885,1.);
#2885 = DIRECTION('',(2.22044604925E-16,1.,0.));
#2886 = ORIENTED_EDGE('',*,*,#2887,.T.);
#2887 = EDGE_CURVE('',#2880,#2831,#2888,.T.);
#2888 = LINE('',#2889,#2890);
#2889 = CARTESIAN_POINT('',(-2.125,-1.0875,1.2));
#2890 = VECTOR('',#2891,1.);
#2891 = DIRECTION('',(2.22044604925E-16,1.,0.));
#2892 = ORIENTED_EDGE('',*,*,#2840,.T.);
#2893 = ORIENTED_EDGE('',*,*,#2362,.F.);
#2894 = ORIENTED_EDGE('',*,*,#2895,.F.);
#2895 = EDGE_CURVE('',#2854,#2355,#2896,.T.);
#2896 = B_SPLINE_CURVE_WITH_KNOTS('',1,(#2897,#2898),.UNSPECIFIED.,.F.,
  .F.,(2,2),(0.,1.),.PIECEWISE_BEZIER_KNOTS.);
#2897 = CARTESIAN_POINT('',(-2.125,-1.0875,1.2));
#2898 = CARTESIAN_POINT('',(-1.933699094497,-0.991849547248,2.1));
#2899 = B_SPLINE_SURFACE_WITH_KNOTS('',1,1,(
    (#2900,#2901)
    ,(#2902,#2903
    )),.UNSPECIFIED.,.F.,.F.,.F.,(2,2),(2,2),(0.,2.175),(0.,1.),
  .PIECEWISE_BEZIER_KNOTS.);
#2900 = CARTESIAN_POINT('',(-2.125,-1.0875,1.2));
#2901 = CARTESIAN_POINT('',(-1.933699094497,-0.991849547248,2.1));
#2902 = CARTESIAN_POINT('',(-2.125,1.0875,1.2));
#2903 = CARTESIAN_POINT('',(-1.933699094497,0.991849547248,2.1));
#2904 = ADVANCED_FACE('',(#2905),#2916,.F.);
#2905 = FACE_BOUND('',#2906,.F.);
#2906 = EDGE_LOOP('',(#2907,#2913,#2914,#2915));
#2907 = ORIENTED_EDGE('',*,*,#2908,.T.);
#2908 = EDGE_CURVE('',#2792,#2854,#2909,.T.);
#2909 = LINE('',#2910,#2911);
#2910 = CARTESIAN_POINT('',(-1.9875,-1.225,1.2));
#2911 = VECTOR('',#2912,1.);
#2912 = DIRECTION('',(-0.707106781187,0.707106781187,0.));
#2913 = ORIENTED_EDGE('',*,*,#2895,.T.);
#2914 = ORIENTED_EDGE('',*,*,#2354,.F.);
#2915 = ORIENTED_EDGE('',*,*,#2799,.F.);
#2916 = B_SPLINE_SURFACE_WITH_KNOTS('',1,1,(
    (#2917,#2918)
    ,(#2919,#2920
    )),.UNSPECIFIED.,.F.,.F.,.F.,(2,2),(2,2),(0.,0.194454364826),(0.,1.)
  ,.PIECEWISE_BEZIER_KNOTS.);
#2917 = CARTESIAN_POINT('',(-1.9875,-1.225,1.2));
#2918 = CARTESIAN_POINT('',(-1.891849547248,-1.033699094497,2.1));
#2919 = CARTESIAN_POINT('',(-2.125,-1.0875,1.2));
#2920 = CARTESIAN_POINT('',(-1.933699094497,-0.991849547248,2.1));
#2921 = ADVANCED_FACE('',(#2922),#2941,.F.);
#2922 = FACE_BOUND('',#2923,.F.);
#2923 = EDGE_LOOP('',(#2924,#2932,#2939,#2940));
#2924 = ORIENTED_EDGE('',*,*,#2925,.T.);
#2925 = EDGE_CURVE('',#2379,#2926,#2928,.T.);
#2926 = VERTEX_POINT('',#2927);
#2927 = CARTESIAN_POINT('',(-1.233699094497,8.369909449698E-02,2.));
#2928 = LINE('',#2929,#2930);
#2929 = CARTESIAN_POINT('',(-1.233699094497,8.369909449698E-02,2.1));
#2930 = VECTOR('',#2931,1.);
#2931 = DIRECTION('',(-0.,0.,-1.));
#2932 = ORIENTED_EDGE('',*,*,#2933,.T.);
#2933 = EDGE_CURVE('',#2926,#2926,#2934,.T.);
#2934 = CIRCLE('',#2935,0.25);
#2935 = AXIS2_PLACEMENT_3D('',#2936,#2937,#2938);
#2936 = CARTESIAN_POINT('',(-1.233699094497,0.333699094497,2.));
#2937 = DIRECTION('',(0.,0.,1.));
#2938 = DIRECTION('',(-2.22044604925E-16,-1.,0.));
#2939 = ORIENTED_EDGE('',*,*,#2925,.F.);
#2940 = ORIENTED_EDGE('',*,*,#2378,.F.);
#2941 = CYLINDRICAL_SURFACE('',#2942,0.25);
#2942 = AXIS2_PLACEMENT_3D('',#2943,#2944,#2945);
#2943 = CARTESIAN_POINT('',(-1.233699094497,0.333699094497,2.1));
#2944 = DIRECTION('',(0.,0.,-1.));
#2945 = DIRECTION('',(-2.22044604925E-16,-1.,-0.));
#2946 = ADVANCED_FACE('',(#2947),#2957,.F.);
#2947 = FACE_BOUND('',#2948,.F.);
#2948 = EDGE_LOOP('',(#2949,#2950,#2955,#2956));
#2949 = ORIENTED_EDGE('',*,*,#2550,.T.);
#2950 = ORIENTED_EDGE('',*,*,#2951,.T.);
#2951 = EDGE_CURVE('',#2544,#2792,#2952,.T.);
#2952 = B_SPLINE_CURVE_WITH_KNOTS('',1,(#2953,#2954),.UNSPECIFIED.,.F.,
  .F.,(2,2),(0.,1.),.PIECEWISE_BEZIER_KNOTS.);
#2953 = CARTESIAN_POINT('',(-2.025,-1.3,1.2));
#2954 = CARTESIAN_POINT('',(-1.9875,-1.225,1.2));
#2955 = ORIENTED_EDGE('',*,*,#2791,.F.);
#2956 = ORIENTED_EDGE('',*,*,#2753,.F.);
#2957 = B_SPLINE_SURFACE_WITH_KNOTS('',1,1,(
    (#2958,#2959)
    ,(#2960,#2961
    )),.UNSPECIFIED.,.F.,.F.,.F.,(2,2),(2,2),(0.,4.05),(0.,1.),
  .PIECEWISE_BEZIER_KNOTS.);
#2958 = CARTESIAN_POINT('',(2.025,-1.3,1.2));
#2959 = CARTESIAN_POINT('',(1.9875,-1.225,1.2));
#2960 = CARTESIAN_POINT('',(-2.025,-1.3,1.2));
#2961 = CARTESIAN_POINT('',(-1.9875,-1.225,1.2));
#2962 = ADVANCED_FACE('',(#2963),#2973,.F.);
#2963 = FACE_BOUND('',#2964,.F.);
#2964 = EDGE_LOOP('',(#2965,#2966,#2971,#2972));
#2965 = ORIENTED_EDGE('',*,*,#2573,.T.);
#2966 = ORIENTED_EDGE('',*,*,#2967,.T.);
#2967 = EDGE_CURVE('',#2567,#2854,#2968,.T.);
#2968 = B_SPLINE_CURVE_WITH_KNOTS('',1,(#2969,#2970),.UNSPECIFIED.,.F.,
  .F.,(2,2),(0.,1.),.PIECEWISE_BEZIER_KNOTS.);
#2969 = CARTESIAN_POINT('',(-2.2,-1.125,1.2));
#2970 = CARTESIAN_POINT('',(-2.125,-1.0875,1.2));
#2971 = ORIENTED_EDGE('',*,*,#2908,.F.);
#2972 = ORIENTED_EDGE('',*,*,#2951,.F.);
#2973 = B_SPLINE_SURFACE_WITH_KNOTS('',1,1,(
    (#2974,#2975)
    ,(#2976,#2977
    )),.UNSPECIFIED.,.F.,.F.,.F.,(2,2),(2,2),(0.,0.247487373415),(0.,1.)
  ,.PIECEWISE_BEZIER_KNOTS.);
#2974 = CARTESIAN_POINT('',(-2.025,-1.3,1.2));
#2975 = CARTESIAN_POINT('',(-1.9875,-1.225,1.2));
#2976 = CARTESIAN_POINT('',(-2.2,-1.125,1.2));
#2977 = CARTESIAN_POINT('',(-2.125,-1.0875,1.2));
#2978 = ADVANCED_FACE('',(#2979),#2990,.F.);
#2979 = FACE_BOUND('',#2980,.F.);
#2980 = EDGE_LOOP('',(#2981,#2982,#2983,#2989));
#2981 = ORIENTED_EDGE('',*,*,#2967,.F.);
#2982 = ORIENTED_EDGE('',*,*,#2598,.T.);
#2983 = ORIENTED_EDGE('',*,*,#2984,.T.);
#2984 = EDGE_CURVE('',#2591,#2856,#2985,.T.);
#2985 = LINE('',#2986,#2987);
#2986 = CARTESIAN_POINT('',(-2.4,-0.835,1.2));
#2987 = VECTOR('',#2988,1.);
#2988 = DIRECTION('',(1.,-3.445092848398E-16,0.));
#2989 = ORIENTED_EDGE('',*,*,#2853,.F.);
#2990 = B_SPLINE_SURFACE_WITH_KNOTS('',1,1,(
    (#2991,#2992)
    ,(#2993,#2994
    )),.UNSPECIFIED.,.F.,.F.,.F.,(2,2),(2,2),(0.,2.25),(0.,1.),
  .PIECEWISE_BEZIER_KNOTS.);
#2991 = CARTESIAN_POINT('',(-2.2,-1.125,1.2));
#2992 = CARTESIAN_POINT('',(-2.125,-1.0875,1.2));
#2993 = CARTESIAN_POINT('',(-2.2,1.125,1.2));
#2994 = CARTESIAN_POINT('',(-2.125,1.0875,1.2));
#2995 = ADVANCED_FACE('',(#2996),#3082,.F.);
#2996 = FACE_BOUND('',#2997,.F.);
#2997 = EDGE_LOOP('',(#2998,#2999,#3000,#3009,#3017,#3026,#3034,#3042,
    #3050,#3059,#3067,#3076));
#2998 = ORIENTED_EDGE('',*,*,#2590,.F.);
#2999 = ORIENTED_EDGE('',*,*,#2612,.T.);
#3000 = ORIENTED_EDGE('',*,*,#3001,.T.);
#3001 = EDGE_CURVE('',#2613,#3002,#3004,.T.);
#3002 = VERTEX_POINT('',#3003);
#3003 = CARTESIAN_POINT('',(-2.5,-0.835,0.9));
#3004 = CIRCLE('',#3005,0.1);
#3005 = AXIS2_PLACEMENT_3D('',#3006,#3007,#3008);
#3006 = CARTESIAN_POINT('',(-2.4,-0.835,0.9));
#3007 = DIRECTION('',(-3.445092848398E-16,-1.,0.));
#3008 = DIRECTION('',(0.,0.,1.));
#3009 = ORIENTED_EDGE('',*,*,#3010,.T.);
#3010 = EDGE_CURVE('',#3002,#3011,#3013,.T.);
#3011 = VERTEX_POINT('',#3012);
#3012 = CARTESIAN_POINT('',(-2.5,-0.835,0.3));
#3013 = LINE('',#3014,#3015);
#3014 = CARTESIAN_POINT('',(-2.5,-0.835,0.9));
#3015 = VECTOR('',#3016,1.);
#3016 = DIRECTION('',(0.,0.,-1.));
#3017 = ORIENTED_EDGE('',*,*,#3018,.T.);
#3018 = EDGE_CURVE('',#3011,#3019,#3021,.T.);
#3019 = VERTEX_POINT('',#3020);
#3020 = CARTESIAN_POINT('',(-2.8,-0.835,1.110223024625E-16));
#3021 = CIRCLE('',#3022,0.3);
#3022 = AXIS2_PLACEMENT_3D('',#3023,#3024,#3025);
#3023 = CARTESIAN_POINT('',(-2.8,-0.835,0.3));
#3024 = DIRECTION('',(3.445092848398E-16,1.,0.));
#3025 = DIRECTION('',(1.,-3.445092848398E-16,-1.295260195396E-15));
#3026 = ORIENTED_EDGE('',*,*,#3027,.T.);
#3027 = EDGE_CURVE('',#3019,#3028,#3030,.T.);
#3028 = VERTEX_POINT('',#3029);
#3029 = CARTESIAN_POINT('',(-3.5,-0.835,1.110223024625E-16));
#3030 = LINE('',#3031,#3032);
#3031 = CARTESIAN_POINT('',(-2.8,-0.835,1.110223024625E-16));
#3032 = VECTOR('',#3033,1.);
#3033 = DIRECTION('',(-1.,3.445092848398E-16,0.));
#3034 = ORIENTED_EDGE('',*,*,#3035,.T.);
#3035 = EDGE_CURVE('',#3028,#3036,#3038,.T.);
#3036 = VERTEX_POINT('',#3037);
#3037 = CARTESIAN_POINT('',(-3.5,-0.835,0.2));
#3038 = LINE('',#3039,#3040);
#3039 = CARTESIAN_POINT('',(-3.5,-0.835,1.110223024625E-16));
#3040 = VECTOR('',#3041,1.);
#3041 = DIRECTION('',(0.,0.,1.));
#3042 = ORIENTED_EDGE('',*,*,#3043,.T.);
#3043 = EDGE_CURVE('',#3036,#3044,#3046,.T.);
#3044 = VERTEX_POINT('',#3045);
#3045 = CARTESIAN_POINT('',(-2.8,-0.835,0.2));
#3046 = LINE('',#3047,#3048);
#3047 = CARTESIAN_POINT('',(-3.5,-0.835,0.2));
#3048 = VECTOR('',#3049,1.);
#3049 = DIRECTION('',(1.,-3.445092848398E-16,0.));
#3050 = ORIENTED_EDGE('',*,*,#3051,.T.);
#3051 = EDGE_CURVE('',#3044,#3052,#3054,.T.);
#3052 = VERTEX_POINT('',#3053);
#3053 = CARTESIAN_POINT('',(-2.7,-0.835,0.3));
#3054 = CIRCLE('',#3055,0.1);
#3055 = AXIS2_PLACEMENT_3D('',#3056,#3057,#3058);
#3056 = CARTESIAN_POINT('',(-2.8,-0.835,0.3));
#3057 = DIRECTION('',(-3.445092848398E-16,-1.,-0.));
#3058 = DIRECTION('',(0.,0.,-1.));
#3059 = ORIENTED_EDGE('',*,*,#3060,.T.);
#3060 = EDGE_CURVE('',#3052,#3061,#3063,.T.);
#3061 = VERTEX_POINT('',#3062);
#3062 = CARTESIAN_POINT('',(-2.7,-0.835,0.9));
#3063 = LINE('',#3064,#3065);
#3064 = CARTESIAN_POINT('',(-2.7,-0.835,0.3));
#3065 = VECTOR('',#3066,1.);
#3066 = DIRECTION('',(0.,0.,1.));
#3067 = ORIENTED_EDGE('',*,*,#3068,.T.);
#3068 = EDGE_CURVE('',#3061,#3069,#3071,.T.);
#3069 = VERTEX_POINT('',#3070);
#3070 = CARTESIAN_POINT('',(-2.4,-0.835,1.2));
#3071 = CIRCLE('',#3072,0.3);
#3072 = AXIS2_PLACEMENT_3D('',#3073,#3074,#3075);
#3073 = CARTESIAN_POINT('',(-2.4,-0.835,0.9));
#3074 = DIRECTION('',(3.445092848398E-16,1.,0.));
#3075 = DIRECTION('',(-1.,3.445092848398E-16,7.401486830834E-16));
#3076 = ORIENTED_EDGE('',*,*,#3077,.T.);
#3077 = EDGE_CURVE('',#3069,#2591,#3078,.T.);
#3078 = LINE('',#3079,#3080);
#3079 = CARTESIAN_POINT('',(-2.4,-0.835,1.2));
#3080 = VECTOR('',#3081,1.);
#3081 = DIRECTION('',(1.,-3.445092848398E-16,0.));
#3082 = PLANE('',#3083);
#3083 = AXIS2_PLACEMENT_3D('',#3084,#3085,#3086);
#3084 = CARTESIAN_POINT('',(-2.716847688132,-0.835,0.529183219314));
#3085 = DIRECTION('',(3.445092848398E-16,1.,0.));
#3086 = DIRECTION('',(0.,-0.,1.));
#3087 = ADVANCED_FACE('',(#3088),#3107,.F.);
#3088 = FACE_BOUND('',#3089,.F.);
#3089 = EDGE_LOOP('',(#3090,#3091,#3100,#3106));
#3090 = ORIENTED_EDGE('',*,*,#2629,.T.);
#3091 = ORIENTED_EDGE('',*,*,#3092,.T.);
#3092 = EDGE_CURVE('',#2622,#3093,#3095,.T.);
#3093 = VERTEX_POINT('',#3094);
#3094 = CARTESIAN_POINT('',(-2.5,-0.435,0.9));
#3095 = CIRCLE('',#3096,0.1);
#3096 = AXIS2_PLACEMENT_3D('',#3097,#3098,#3099);
#3097 = CARTESIAN_POINT('',(-2.4,-0.435,0.9));
#3098 = DIRECTION('',(-3.445092848398E-16,-1.,0.));
#3099 = DIRECTION('',(0.,0.,1.));
#3100 = ORIENTED_EDGE('',*,*,#3101,.F.);
#3101 = EDGE_CURVE('',#3002,#3093,#3102,.T.);
#3102 = LINE('',#3103,#3104);
#3103 = CARTESIAN_POINT('',(-2.5,-0.835,0.9));
#3104 = VECTOR('',#3105,1.);
#3105 = DIRECTION('',(3.445092848398E-16,1.,0.));
#3106 = ORIENTED_EDGE('',*,*,#3001,.F.);
#3107 = CYLINDRICAL_SURFACE('',#3108,0.1);
#3108 = AXIS2_PLACEMENT_3D('',#3109,#3110,#3111);
#3109 = CARTESIAN_POINT('',(-2.4,-0.835,0.9));
#3110 = DIRECTION('',(-3.445092848398E-16,-1.,0.));
#3111 = DIRECTION('',(0.,0.,1.));
#3112 = ADVANCED_FACE('',(#3113),#3191,.T.);
#3113 = FACE_BOUND('',#3114,.T.);
#3114 = EDGE_LOOP('',(#3115,#3116,#3117,#3118,#3126,#3135,#3143,#3151,
    #3159,#3168,#3176,#3185));
#3115 = ORIENTED_EDGE('',*,*,#2643,.F.);
#3116 = ORIENTED_EDGE('',*,*,#2621,.T.);
#3117 = ORIENTED_EDGE('',*,*,#3092,.T.);
#3118 = ORIENTED_EDGE('',*,*,#3119,.T.);
#3119 = EDGE_CURVE('',#3093,#3120,#3122,.T.);
#3120 = VERTEX_POINT('',#3121);
#3121 = CARTESIAN_POINT('',(-2.5,-0.435,0.3));
#3122 = LINE('',#3123,#3124);
#3123 = CARTESIAN_POINT('',(-2.5,-0.435,0.9));
#3124 = VECTOR('',#3125,1.);
#3125 = DIRECTION('',(0.,0.,-1.));
#3126 = ORIENTED_EDGE('',*,*,#3127,.T.);
#3127 = EDGE_CURVE('',#3120,#3128,#3130,.T.);
#3128 = VERTEX_POINT('',#3129);
#3129 = CARTESIAN_POINT('',(-2.8,-0.435,1.110223024625E-16));
#3130 = CIRCLE('',#3131,0.3);
#3131 = AXIS2_PLACEMENT_3D('',#3132,#3133,#3134);
#3132 = CARTESIAN_POINT('',(-2.8,-0.435,0.3));
#3133 = DIRECTION('',(3.445092848398E-16,1.,0.));
#3134 = DIRECTION('',(1.,-3.445092848398E-16,-1.295260195396E-15));
#3135 = ORIENTED_EDGE('',*,*,#3136,.T.);
#3136 = EDGE_CURVE('',#3128,#3137,#3139,.T.);
#3137 = VERTEX_POINT('',#3138);
#3138 = CARTESIAN_POINT('',(-3.5,-0.435,1.110223024625E-16));
#3139 = LINE('',#3140,#3141);
#3140 = CARTESIAN_POINT('',(-2.8,-0.435,1.110223024625E-16));
#3141 = VECTOR('',#3142,1.);
#3142 = DIRECTION('',(-1.,3.445092848398E-16,0.));
#3143 = ORIENTED_EDGE('',*,*,#3144,.T.);
#3144 = EDGE_CURVE('',#3137,#3145,#3147,.T.);
#3145 = VERTEX_POINT('',#3146);
#3146 = CARTESIAN_POINT('',(-3.5,-0.435,0.2));
#3147 = LINE('',#3148,#3149);
#3148 = CARTESIAN_POINT('',(-3.5,-0.435,1.110223024625E-16));
#3149 = VECTOR('',#3150,1.);
#3150 = DIRECTION('',(0.,0.,1.));
#3151 = ORIENTED_EDGE('',*,*,#3152,.T.);
#3152 = EDGE_CURVE('',#3145,#3153,#3155,.T.);
#3153 = VERTEX_POINT('',#3154);
#3154 = CARTESIAN_POINT('',(-2.8,-0.435,0.2));
#3155 = LINE('',#3156,#3157);
#3156 = CARTESIAN_POINT('',(-3.5,-0.435,0.2));
#3157 = VECTOR('',#3158,1.);
#3158 = DIRECTION('',(1.,-3.445092848398E-16,0.));
#3159 = ORIENTED_EDGE('',*,*,#3160,.T.);
#3160 = EDGE_CURVE('',#3153,#3161,#3163,.T.);
#3161 = VERTEX_POINT('',#3162);
#3162 = CARTESIAN_POINT('',(-2.7,-0.435,0.3));
#3163 = CIRCLE('',#3164,0.1);
#3164 = AXIS2_PLACEMENT_3D('',#3165,#3166,#3167);
#3165 = CARTESIAN_POINT('',(-2.8,-0.435,0.3));
#3166 = DIRECTION('',(-3.445092848398E-16,-1.,-0.));
#3167 = DIRECTION('',(0.,0.,-1.));
#3168 = ORIENTED_EDGE('',*,*,#3169,.T.);
#3169 = EDGE_CURVE('',#3161,#3170,#3172,.T.);
#3170 = VERTEX_POINT('',#3171);
#3171 = CARTESIAN_POINT('',(-2.7,-0.435,0.9));
#3172 = LINE('',#3173,#3174);
#3173 = CARTESIAN_POINT('',(-2.7,-0.435,0.3));
#3174 = VECTOR('',#3175,1.);
#3175 = DIRECTION('',(0.,0.,1.));
#3176 = ORIENTED_EDGE('',*,*,#3177,.T.);
#3177 = EDGE_CURVE('',#3170,#3178,#3180,.T.);
#3178 = VERTEX_POINT('',#3179);
#3179 = CARTESIAN_POINT('',(-2.4,-0.435,1.2));
#3180 = CIRCLE('',#3181,0.3);
#3181 = AXIS2_PLACEMENT_3D('',#3182,#3183,#3184);
#3182 = CARTESIAN_POINT('',(-2.4,-0.435,0.9));
#3183 = DIRECTION('',(3.445092848398E-16,1.,0.));
#3184 = DIRECTION('',(-1.,3.445092848398E-16,7.401486830834E-16));
#3185 = ORIENTED_EDGE('',*,*,#3186,.T.);
#3186 = EDGE_CURVE('',#3178,#2644,#3187,.T.);
#3187 = LINE('',#3188,#3189);
#3188 = CARTESIAN_POINT('',(-2.4,-0.435,1.2));
#3189 = VECTOR('',#3190,1.);
#3190 = DIRECTION('',(1.,-3.445092848398E-16,0.));
#3191 = PLANE('',#3192);
#3192 = AXIS2_PLACEMENT_3D('',#3193,#3194,#3195);
#3193 = CARTESIAN_POINT('',(-2.716847688132,-0.435,0.529183219314));
#3194 = DIRECTION('',(3.445092848398E-16,1.,0.));
#3195 = DIRECTION('',(0.,-0.,1.));
#3196 = ADVANCED_FACE('',(#3197),#3213,.F.);
#3197 = FACE_BOUND('',#3198,.F.);
#3198 = EDGE_LOOP('',(#3199,#3205,#3206,#3212));
#3199 = ORIENTED_EDGE('',*,*,#3200,.F.);
#3200 = EDGE_CURVE('',#2644,#2864,#3201,.T.);
#3201 = LINE('',#3202,#3203);
#3202 = CARTESIAN_POINT('',(-2.4,-0.435,1.2));
#3203 = VECTOR('',#3204,1.);
#3204 = DIRECTION('',(1.,-3.445092848398E-16,0.));
#3205 = ORIENTED_EDGE('',*,*,#2660,.T.);
#3206 = ORIENTED_EDGE('',*,*,#3207,.T.);
#3207 = EDGE_CURVE('',#2653,#2872,#3208,.T.);
#3208 = LINE('',#3209,#3210);
#3209 = CARTESIAN_POINT('',(-2.4,0.435,1.2));
#3210 = VECTOR('',#3211,1.);
#3211 = DIRECTION('',(1.,-3.445092848398E-16,0.));
#3212 = ORIENTED_EDGE('',*,*,#2871,.F.);
#3213 = B_SPLINE_SURFACE_WITH_KNOTS('',1,1,(
    (#3214,#3215)
    ,(#3216,#3217
    )),.UNSPECIFIED.,.F.,.F.,.F.,(2,2),(2,2),(0.,2.25),(0.,1.),
  .PIECEWISE_BEZIER_KNOTS.);
#3214 = CARTESIAN_POINT('',(-2.2,-1.125,1.2));
#3215 = CARTESIAN_POINT('',(-2.125,-1.0875,1.2));
#3216 = CARTESIAN_POINT('',(-2.2,1.125,1.2));
#3217 = CARTESIAN_POINT('',(-2.125,1.0875,1.2));
#3218 = ADVANCED_FACE('',(#3219),#3305,.F.);
#3219 = FACE_BOUND('',#3220,.F.);
#3220 = EDGE_LOOP('',(#3221,#3222,#3223,#3232,#3240,#3249,#3257,#3265,
    #3273,#3282,#3290,#3299));
#3221 = ORIENTED_EDGE('',*,*,#2652,.F.);
#3222 = ORIENTED_EDGE('',*,*,#2674,.T.);
#3223 = ORIENTED_EDGE('',*,*,#3224,.T.);
#3224 = EDGE_CURVE('',#2675,#3225,#3227,.T.);
#3225 = VERTEX_POINT('',#3226);
#3226 = CARTESIAN_POINT('',(-2.5,0.435,0.9));
#3227 = CIRCLE('',#3228,0.1);
#3228 = AXIS2_PLACEMENT_3D('',#3229,#3230,#3231);
#3229 = CARTESIAN_POINT('',(-2.4,0.435,0.9));
#3230 = DIRECTION('',(-3.445092848398E-16,-1.,0.));
#3231 = DIRECTION('',(0.,0.,1.));
#3232 = ORIENTED_EDGE('',*,*,#3233,.T.);
#3233 = EDGE_CURVE('',#3225,#3234,#3236,.T.);
#3234 = VERTEX_POINT('',#3235);
#3235 = CARTESIAN_POINT('',(-2.5,0.435,0.3));
#3236 = LINE('',#3237,#3238);
#3237 = CARTESIAN_POINT('',(-2.5,0.435,0.9));
#3238 = VECTOR('',#3239,1.);
#3239 = DIRECTION('',(0.,0.,-1.));
#3240 = ORIENTED_EDGE('',*,*,#3241,.T.);
#3241 = EDGE_CURVE('',#3234,#3242,#3244,.T.);
#3242 = VERTEX_POINT('',#3243);
#3243 = CARTESIAN_POINT('',(-2.8,0.435,1.110223024625E-16));
#3244 = CIRCLE('',#3245,0.3);
#3245 = AXIS2_PLACEMENT_3D('',#3246,#3247,#3248);
#3246 = CARTESIAN_POINT('',(-2.8,0.435,0.3));
#3247 = DIRECTION('',(3.445092848398E-16,1.,0.));
#3248 = DIRECTION('',(1.,-3.445092848398E-16,-1.295260195396E-15));
#3249 = ORIENTED_EDGE('',*,*,#3250,.T.);
#3250 = EDGE_CURVE('',#3242,#3251,#3253,.T.);
#3251 = VERTEX_POINT('',#3252);
#3252 = CARTESIAN_POINT('',(-3.5,0.435,1.110223024625E-16));
#3253 = LINE('',#3254,#3255);
#3254 = CARTESIAN_POINT('',(-2.8,0.435,1.110223024625E-16));
#3255 = VECTOR('',#3256,1.);
#3256 = DIRECTION('',(-1.,3.445092848398E-16,0.));
#3257 = ORIENTED_EDGE('',*,*,#3258,.T.);
#3258 = EDGE_CURVE('',#3251,#3259,#3261,.T.);
#3259 = VERTEX_POINT('',#3260);
#3260 = CARTESIAN_POINT('',(-3.5,0.435,0.2));
#3261 = LINE('',#3262,#3263);
#3262 = CARTESIAN_POINT('',(-3.5,0.435,1.110223024625E-16));
#3263 = VECTOR('',#3264,1.);
#3264 = DIRECTION('',(0.,0.,1.));
#3265 = ORIENTED_EDGE('',*,*,#3266,.T.);
#3266 = EDGE_CURVE('',#3259,#3267,#3269,.T.);
#3267 = VERTEX_POINT('',#3268);
#3268 = CARTESIAN_POINT('',(-2.8,0.435,0.2));
#3269 = LINE('',#3270,#3271);
#3270 = CARTESIAN_POINT('',(-3.5,0.435,0.2));
#3271 = VECTOR('',#3272,1.);
#3272 = DIRECTION('',(1.,-3.445092848398E-16,0.));
#3273 = ORIENTED_EDGE('',*,*,#3274,.T.);
#3274 = EDGE_CURVE('',#3267,#3275,#3277,.T.);
#3275 = VERTEX_POINT('',#3276);
#3276 = CARTESIAN_POINT('',(-2.7,0.435,0.3));
#3277 = CIRCLE('',#3278,0.1);
#3278 = AXIS2_PLACEMENT_3D('',#3279,#3280,#3281);
#3279 = CARTESIAN_POINT('',(-2.8,0.435,0.3));
#3280 = DIRECTION('',(-3.445092848398E-16,-1.,-0.));
#3281 = DIRECTION('',(0.,0.,-1.));
#3282 = ORIENTED_EDGE('',*,*,#3283,.T.);
#3283 = EDGE_CURVE('',#3275,#3284,#3286,.T.);
#3284 = VERTEX_POINT('',#3285);
#3285 = CARTESIAN_POINT('',(-2.7,0.435,0.9));
#3286 = LINE('',#3287,#3288);
#3287 = CARTESIAN_POINT('',(-2.7,0.435,0.3));
#3288 = VECTOR('',#3289,1.);
#3289 = DIRECTION('',(0.,0.,1.));
#3290 = ORIENTED_EDGE('',*,*,#3291,.T.);
#3291 = EDGE_CURVE('',#3284,#3292,#3294,.T.);
#3292 = VERTEX_POINT('',#3293);
#3293 = CARTESIAN_POINT('',(-2.4,0.435,1.2));
#3294 = CIRCLE('',#3295,0.3);
#3295 = AXIS2_PLACEMENT_3D('',#3296,#3297,#3298);
#3296 = CARTESIAN_POINT('',(-2.4,0.435,0.9));
#3297 = DIRECTION('',(3.445092848398E-16,1.,0.));
#3298 = DIRECTION('',(-1.,3.445092848398E-16,7.401486830834E-16));
#3299 = ORIENTED_EDGE('',*,*,#3300,.T.);
#3300 = EDGE_CURVE('',#3292,#2653,#3301,.T.);
#3301 = LINE('',#3302,#3303);
#3302 = CARTESIAN_POINT('',(-2.4,0.435,1.2));
#3303 = VECTOR('',#3304,1.);
#3304 = DIRECTION('',(1.,-3.445092848398E-16,0.));
#3305 = PLANE('',#3306);
#3306 = AXIS2_PLACEMENT_3D('',#3307,#3308,#3309);
#3307 = CARTESIAN_POINT('',(-2.716847688132,0.435,0.529183219314));
#3308 = DIRECTION('',(3.445092848398E-16,1.,0.));
#3309 = DIRECTION('',(0.,-0.,1.));
#3310 = ADVANCED_FACE('',(#3311),#3330,.F.);
#3311 = FACE_BOUND('',#3312,.F.);
#3312 = EDGE_LOOP('',(#3313,#3314,#3323,#3329));
#3313 = ORIENTED_EDGE('',*,*,#2691,.T.);
#3314 = ORIENTED_EDGE('',*,*,#3315,.T.);
#3315 = EDGE_CURVE('',#2684,#3316,#3318,.T.);
#3316 = VERTEX_POINT('',#3317);
#3317 = CARTESIAN_POINT('',(-2.5,0.835,0.9));
#3318 = CIRCLE('',#3319,0.1);
#3319 = AXIS2_PLACEMENT_3D('',#3320,#3321,#3322);
#3320 = CARTESIAN_POINT('',(-2.4,0.835,0.9));
#3321 = DIRECTION('',(-3.445092848398E-16,-1.,0.));
#3322 = DIRECTION('',(0.,0.,1.));
#3323 = ORIENTED_EDGE('',*,*,#3324,.F.);
#3324 = EDGE_CURVE('',#3225,#3316,#3325,.T.);
#3325 = LINE('',#3326,#3327);
#3326 = CARTESIAN_POINT('',(-2.5,0.435,0.9));
#3327 = VECTOR('',#3328,1.);
#3328 = DIRECTION('',(3.445092848398E-16,1.,0.));
#3329 = ORIENTED_EDGE('',*,*,#3224,.F.);
#3330 = CYLINDRICAL_SURFACE('',#3331,0.1);
#3331 = AXIS2_PLACEMENT_3D('',#3332,#3333,#3334);
#3332 = CARTESIAN_POINT('',(-2.4,0.435,0.9));
#3333 = DIRECTION('',(-3.445092848398E-16,-1.,0.));
#3334 = DIRECTION('',(0.,0.,1.));
#3335 = ADVANCED_FACE('',(#3336),#3414,.T.);
#3336 = FACE_BOUND('',#3337,.T.);
#3337 = EDGE_LOOP('',(#3338,#3339,#3340,#3341,#3349,#3358,#3366,#3374,
    #3382,#3391,#3399,#3408));
#3338 = ORIENTED_EDGE('',*,*,#2705,.F.);
#3339 = ORIENTED_EDGE('',*,*,#2683,.T.);
#3340 = ORIENTED_EDGE('',*,*,#3315,.T.);
#3341 = ORIENTED_EDGE('',*,*,#3342,.T.);
#3342 = EDGE_CURVE('',#3316,#3343,#3345,.T.);
#3343 = VERTEX_POINT('',#3344);
#3344 = CARTESIAN_POINT('',(-2.5,0.835,0.3));
#3345 = LINE('',#3346,#3347);
#3346 = CARTESIAN_POINT('',(-2.5,0.835,0.9));
#3347 = VECTOR('',#3348,1.);
#3348 = DIRECTION('',(0.,0.,-1.));
#3349 = ORIENTED_EDGE('',*,*,#3350,.T.);
#3350 = EDGE_CURVE('',#3343,#3351,#3353,.T.);
#3351 = VERTEX_POINT('',#3352);
#3352 = CARTESIAN_POINT('',(-2.8,0.835,1.110223024625E-16));
#3353 = CIRCLE('',#3354,0.3);
#3354 = AXIS2_PLACEMENT_3D('',#3355,#3356,#3357);
#3355 = CARTESIAN_POINT('',(-2.8,0.835,0.3));
#3356 = DIRECTION('',(3.445092848398E-16,1.,0.));
#3357 = DIRECTION('',(1.,-3.445092848398E-16,-1.295260195396E-15));
#3358 = ORIENTED_EDGE('',*,*,#3359,.T.);
#3359 = EDGE_CURVE('',#3351,#3360,#3362,.T.);
#3360 = VERTEX_POINT('',#3361);
#3361 = CARTESIAN_POINT('',(-3.5,0.835,1.110223024625E-16));
#3362 = LINE('',#3363,#3364);
#3363 = CARTESIAN_POINT('',(-2.8,0.835,1.110223024625E-16));
#3364 = VECTOR('',#3365,1.);
#3365 = DIRECTION('',(-1.,3.445092848398E-16,0.));
#3366 = ORIENTED_EDGE('',*,*,#3367,.T.);
#3367 = EDGE_CURVE('',#3360,#3368,#3370,.T.);
#3368 = VERTEX_POINT('',#3369);
#3369 = CARTESIAN_POINT('',(-3.5,0.835,0.2));
#3370 = LINE('',#3371,#3372);
#3371 = CARTESIAN_POINT('',(-3.5,0.835,1.110223024625E-16));
#3372 = VECTOR('',#3373,1.);
#3373 = DIRECTION('',(0.,0.,1.));
#3374 = ORIENTED_EDGE('',*,*,#3375,.T.);
#3375 = EDGE_CURVE('',#3368,#3376,#3378,.T.);
#3376 = VERTEX_POINT('',#3377);
#3377 = CARTESIAN_POINT('',(-2.8,0.835,0.2));
#3378 = LINE('',#3379,#3380);
#3379 = CARTESIAN_POINT('',(-3.5,0.835,0.2));
#3380 = VECTOR('',#3381,1.);
#3381 = DIRECTION('',(1.,-3.445092848398E-16,0.));
#3382 = ORIENTED_EDGE('',*,*,#3383,.T.);
#3383 = EDGE_CURVE('',#3376,#3384,#3386,.T.);
#3384 = VERTEX_POINT('',#3385);
#3385 = CARTESIAN_POINT('',(-2.7,0.835,0.3));
#3386 = CIRCLE('',#3387,0.1);
#3387 = AXIS2_PLACEMENT_3D('',#3388,#3389,#3390);
#3388 = CARTESIAN_POINT('',(-2.8,0.835,0.3));
#3389 = DIRECTION('',(-3.445092848398E-16,-1.,-0.));
#3390 = DIRECTION('',(0.,0.,-1.));
#3391 = ORIENTED_EDGE('',*,*,#3392,.T.);
#3392 = EDGE_CURVE('',#3384,#3393,#3395,.T.);
#3393 = VERTEX_POINT('',#3394);
#3394 = CARTESIAN_POINT('',(-2.7,0.835,0.9));
#3395 = LINE('',#3396,#3397);
#3396 = CARTESIAN_POINT('',(-2.7,0.835,0.3));
#3397 = VECTOR('',#3398,1.);
#3398 = DIRECTION('',(0.,0.,1.));
#3399 = ORIENTED_EDGE('',*,*,#3400,.T.);
#3400 = EDGE_CURVE('',#3393,#3401,#3403,.T.);
#3401 = VERTEX_POINT('',#3402);
#3402 = CARTESIAN_POINT('',(-2.4,0.835,1.2));
#3403 = CIRCLE('',#3404,0.3);
#3404 = AXIS2_PLACEMENT_3D('',#3405,#3406,#3407);
#3405 = CARTESIAN_POINT('',(-2.4,0.835,0.9));
#3406 = DIRECTION('',(3.445092848398E-16,1.,0.));
#3407 = DIRECTION('',(-1.,3.445092848398E-16,7.401486830834E-16));
#3408 = ORIENTED_EDGE('',*,*,#3409,.T.);
#3409 = EDGE_CURVE('',#3401,#2706,#3410,.T.);
#3410 = LINE('',#3411,#3412);
#3411 = CARTESIAN_POINT('',(-2.4,0.835,1.2));
#3412 = VECTOR('',#3413,1.);
#3413 = DIRECTION('',(1.,-3.445092848398E-16,0.));
#3414 = PLANE('',#3415);
#3415 = AXIS2_PLACEMENT_3D('',#3416,#3417,#3418);
#3416 = CARTESIAN_POINT('',(-2.716847688132,0.835,0.529183219314));
#3417 = DIRECTION('',(3.445092848398E-16,1.,0.));
#3418 = DIRECTION('',(0.,-0.,1.));
#3419 = ADVANCED_FACE('',(#3420),#3435,.F.);
#3420 = FACE_BOUND('',#3421,.F.);
#3421 = EDGE_LOOP('',(#3422,#3428,#3429,#3434));
#3422 = ORIENTED_EDGE('',*,*,#3423,.F.);
#3423 = EDGE_CURVE('',#2706,#2880,#3424,.T.);
#3424 = LINE('',#3425,#3426);
#3425 = CARTESIAN_POINT('',(-2.4,0.835,1.2));
#3426 = VECTOR('',#3427,1.);
#3427 = DIRECTION('',(1.,-3.445092848398E-16,0.));
#3428 = ORIENTED_EDGE('',*,*,#2721,.T.);
#3429 = ORIENTED_EDGE('',*,*,#3430,.T.);
#3430 = EDGE_CURVE('',#2715,#2831,#3431,.T.);
#3431 = B_SPLINE_CURVE_WITH_KNOTS('',1,(#3432,#3433),.UNSPECIFIED.,.F.,
  .F.,(2,2),(0.,1.),.PIECEWISE_BEZIER_KNOTS.);
#3432 = CARTESIAN_POINT('',(-2.2,1.125,1.2));
#3433 = CARTESIAN_POINT('',(-2.125,1.0875,1.2));
#3434 = ORIENTED_EDGE('',*,*,#2887,.F.);
#3435 = B_SPLINE_SURFACE_WITH_KNOTS('',1,1,(
    (#3436,#3437)
    ,(#3438,#3439
    )),.UNSPECIFIED.,.F.,.F.,.F.,(2,2),(2,2),(0.,2.25),(0.,1.),
  .PIECEWISE_BEZIER_KNOTS.);
#3436 = CARTESIAN_POINT('',(-2.2,-1.125,1.2));
#3437 = CARTESIAN_POINT('',(-2.125,-1.0875,1.2));
#3438 = CARTESIAN_POINT('',(-2.2,1.125,1.2));
#3439 = CARTESIAN_POINT('',(-2.125,1.0875,1.2));
#3440 = ADVANCED_FACE('',(#3441),#3447,.F.);
#3441 = FACE_BOUND('',#3442,.F.);
#3442 = EDGE_LOOP('',(#3443,#3444,#3445,#3446));
#3443 = ORIENTED_EDGE('',*,*,#2737,.T.);
#3444 = ORIENTED_EDGE('',*,*,#2778,.T.);
#3445 = ORIENTED_EDGE('',*,*,#2830,.F.);
#3446 = ORIENTED_EDGE('',*,*,#3430,.F.);
#3447 = B_SPLINE_SURFACE_WITH_KNOTS('',1,1,(
    (#3448,#3449)
    ,(#3450,#3451
    )),.UNSPECIFIED.,.F.,.F.,.F.,(2,2),(2,2),(0.,0.247487373415),(0.,1.)
  ,.PIECEWISE_BEZIER_KNOTS.);
#3448 = CARTESIAN_POINT('',(-2.2,1.125,1.2));
#3449 = CARTESIAN_POINT('',(-2.125,1.0875,1.2));
#3450 = CARTESIAN_POINT('',(-2.025,1.3,1.2));
#3451 = CARTESIAN_POINT('',(-1.9875,1.225,1.2));
#3452 = ADVANCED_FACE('',(#3453),#3466,.F.);
#3453 = FACE_BOUND('',#3454,.F.);
#3454 = EDGE_LOOP('',(#3455,#3456,#3462,#3463,#3464,#3465));
#3455 = ORIENTED_EDGE('',*,*,#3077,.F.);
#3456 = ORIENTED_EDGE('',*,*,#3457,.T.);
#3457 = EDGE_CURVE('',#3069,#3178,#3458,.T.);
#3458 = LINE('',#3459,#3460);
#3459 = CARTESIAN_POINT('',(-2.4,-0.835,1.2));
#3460 = VECTOR('',#3461,1.);
#3461 = DIRECTION('',(3.445092848398E-16,1.,0.));
#3462 = ORIENTED_EDGE('',*,*,#3186,.T.);
#3463 = ORIENTED_EDGE('',*,*,#3200,.T.);
#3464 = ORIENTED_EDGE('',*,*,#2863,.F.);
#3465 = ORIENTED_EDGE('',*,*,#2984,.F.);
#3466 = PLANE('',#3467);
#3467 = AXIS2_PLACEMENT_3D('',#3468,#3469,#3470);
#3468 = CARTESIAN_POINT('',(-2.4,-0.835,1.2));
#3469 = DIRECTION('',(0.,0.,-1.));
#3470 = DIRECTION('',(1.,-3.445092848398E-16,0.));
#3471 = ADVANCED_FACE('',(#3472),#3485,.F.);
#3472 = FACE_BOUND('',#3473,.F.);
#3473 = EDGE_LOOP('',(#3474,#3475,#3481,#3482,#3483,#3484));
#3474 = ORIENTED_EDGE('',*,*,#3300,.F.);
#3475 = ORIENTED_EDGE('',*,*,#3476,.T.);
#3476 = EDGE_CURVE('',#3292,#3401,#3477,.T.);
#3477 = LINE('',#3478,#3479);
#3478 = CARTESIAN_POINT('',(-2.4,0.435,1.2));
#3479 = VECTOR('',#3480,1.);
#3480 = DIRECTION('',(3.445092848398E-16,1.,0.));
#3481 = ORIENTED_EDGE('',*,*,#3409,.T.);
#3482 = ORIENTED_EDGE('',*,*,#3423,.T.);
#3483 = ORIENTED_EDGE('',*,*,#2879,.F.);
#3484 = ORIENTED_EDGE('',*,*,#3207,.F.);
#3485 = PLANE('',#3486);
#3486 = AXIS2_PLACEMENT_3D('',#3487,#3488,#3489);
#3487 = CARTESIAN_POINT('',(-2.4,0.435,1.2));
#3488 = DIRECTION('',(0.,0.,-1.));
#3489 = DIRECTION('',(1.,-3.445092848398E-16,0.));
#3490 = ADVANCED_FACE('',(#3491),#3494,.T.);
#3491 = FACE_BOUND('',#3492,.T.);
#3492 = EDGE_LOOP('',(#3493));
#3493 = ORIENTED_EDGE('',*,*,#2933,.T.);
#3494 = PLANE('',#3495);
#3495 = AXIS2_PLACEMENT_3D('',#3496,#3497,#3498);
#3496 = CARTESIAN_POINT('',(-1.233699094497,0.333699094497,2.));
#3497 = DIRECTION('',(0.,0.,1.));
#3498 = DIRECTION('',(-2.22044604925E-16,-1.,0.));
#3499 = ADVANCED_FACE('',(#3500),#3511,.T.);
#3500 = FACE_BOUND('',#3501,.T.);
#3501 = EDGE_LOOP('',(#3502,#3503,#3504,#3505));
#3502 = ORIENTED_EDGE('',*,*,#3068,.T.);
#3503 = ORIENTED_EDGE('',*,*,#3457,.T.);
#3504 = ORIENTED_EDGE('',*,*,#3177,.F.);
#3505 = ORIENTED_EDGE('',*,*,#3506,.F.);
#3506 = EDGE_CURVE('',#3061,#3170,#3507,.T.);
#3507 = LINE('',#3508,#3509);
#3508 = CARTESIAN_POINT('',(-2.7,-0.835,0.9));
#3509 = VECTOR('',#3510,1.);
#3510 = DIRECTION('',(3.445092848398E-16,1.,0.));
#3511 = CYLINDRICAL_SURFACE('',#3512,0.3);
#3512 = AXIS2_PLACEMENT_3D('',#3513,#3514,#3515);
#3513 = CARTESIAN_POINT('',(-2.4,-0.835,0.9));
#3514 = DIRECTION('',(-3.445092848398E-16,-1.,-0.));
#3515 = DIRECTION('',(-1.,3.445092848398E-16,7.401486830834E-16));
#3516 = ADVANCED_FACE('',(#3517),#3528,.F.);
#3517 = FACE_BOUND('',#3518,.F.);
#3518 = EDGE_LOOP('',(#3519,#3525,#3526,#3527));
#3519 = ORIENTED_EDGE('',*,*,#3520,.T.);
#3520 = EDGE_CURVE('',#3052,#3161,#3521,.T.);
#3521 = LINE('',#3522,#3523);
#3522 = CARTESIAN_POINT('',(-2.7,-0.835,0.3));
#3523 = VECTOR('',#3524,1.);
#3524 = DIRECTION('',(3.445092848398E-16,1.,0.));
#3525 = ORIENTED_EDGE('',*,*,#3169,.T.);
#3526 = ORIENTED_EDGE('',*,*,#3506,.F.);
#3527 = ORIENTED_EDGE('',*,*,#3060,.F.);
#3528 = PLANE('',#3529);
#3529 = AXIS2_PLACEMENT_3D('',#3530,#3531,#3532);
#3530 = CARTESIAN_POINT('',(-2.7,-0.835,0.3));
#3531 = DIRECTION('',(1.,-3.445092848398E-16,0.));
#3532 = DIRECTION('',(0.,0.,1.));
#3533 = ADVANCED_FACE('',(#3534),#3545,.F.);
#3534 = FACE_BOUND('',#3535,.F.);
#3535 = EDGE_LOOP('',(#3536,#3542,#3543,#3544));
#3536 = ORIENTED_EDGE('',*,*,#3537,.T.);
#3537 = EDGE_CURVE('',#3044,#3153,#3538,.T.);
#3538 = LINE('',#3539,#3540);
#3539 = CARTESIAN_POINT('',(-2.8,-0.835,0.2));
#3540 = VECTOR('',#3541,1.);
#3541 = DIRECTION('',(3.445092848398E-16,1.,0.));
#3542 = ORIENTED_EDGE('',*,*,#3160,.T.);
#3543 = ORIENTED_EDGE('',*,*,#3520,.F.);
#3544 = ORIENTED_EDGE('',*,*,#3051,.F.);
#3545 = CYLINDRICAL_SURFACE('',#3546,0.1);
#3546 = AXIS2_PLACEMENT_3D('',#3547,#3548,#3549);
#3547 = CARTESIAN_POINT('',(-2.8,-0.835,0.3));
#3548 = DIRECTION('',(-3.445092848398E-16,-1.,0.));
#3549 = DIRECTION('',(-0.,0.,-1.));
#3550 = ADVANCED_FACE('',(#3551),#3562,.F.);
#3551 = FACE_BOUND('',#3552,.F.);
#3552 = EDGE_LOOP('',(#3553,#3559,#3560,#3561));
#3553 = ORIENTED_EDGE('',*,*,#3554,.T.);
#3554 = EDGE_CURVE('',#3036,#3145,#3555,.T.);
#3555 = LINE('',#3556,#3557);
#3556 = CARTESIAN_POINT('',(-3.5,-0.835,0.2));
#3557 = VECTOR('',#3558,1.);
#3558 = DIRECTION('',(3.445092848398E-16,1.,0.));
#3559 = ORIENTED_EDGE('',*,*,#3152,.T.);
#3560 = ORIENTED_EDGE('',*,*,#3537,.F.);
#3561 = ORIENTED_EDGE('',*,*,#3043,.F.);
#3562 = PLANE('',#3563);
#3563 = AXIS2_PLACEMENT_3D('',#3564,#3565,#3566);
#3564 = CARTESIAN_POINT('',(-3.5,-0.835,0.2));
#3565 = DIRECTION('',(0.,0.,-1.));
#3566 = DIRECTION('',(1.,-3.445092848398E-16,0.));
#3567 = ADVANCED_FACE('',(#3568),#3579,.F.);
#3568 = FACE_BOUND('',#3569,.F.);
#3569 = EDGE_LOOP('',(#3570,#3576,#3577,#3578));
#3570 = ORIENTED_EDGE('',*,*,#3571,.T.);
#3571 = EDGE_CURVE('',#3028,#3137,#3572,.T.);
#3572 = LINE('',#3573,#3574);
#3573 = CARTESIAN_POINT('',(-3.5,-0.835,1.110223024625E-16));
#3574 = VECTOR('',#3575,1.);
#3575 = DIRECTION('',(3.445092848398E-16,1.,0.));
#3576 = ORIENTED_EDGE('',*,*,#3144,.T.);
#3577 = ORIENTED_EDGE('',*,*,#3554,.F.);
#3578 = ORIENTED_EDGE('',*,*,#3035,.F.);
#3579 = PLANE('',#3580);
#3580 = AXIS2_PLACEMENT_3D('',#3581,#3582,#3583);
#3581 = CARTESIAN_POINT('',(-3.5,-0.835,1.110223024625E-16));
#3582 = DIRECTION('',(1.,-3.445092848398E-16,0.));
#3583 = DIRECTION('',(0.,0.,1.));
#3584 = ADVANCED_FACE('',(#3585),#3596,.F.);
#3585 = FACE_BOUND('',#3586,.F.);
#3586 = EDGE_LOOP('',(#3587,#3593,#3594,#3595));
#3587 = ORIENTED_EDGE('',*,*,#3588,.T.);
#3588 = EDGE_CURVE('',#3019,#3128,#3589,.T.);
#3589 = LINE('',#3590,#3591);
#3590 = CARTESIAN_POINT('',(-2.8,-0.835,1.110223024625E-16));
#3591 = VECTOR('',#3592,1.);
#3592 = DIRECTION('',(3.445092848398E-16,1.,0.));
#3593 = ORIENTED_EDGE('',*,*,#3136,.T.);
#3594 = ORIENTED_EDGE('',*,*,#3571,.F.);
#3595 = ORIENTED_EDGE('',*,*,#3027,.F.);
#3596 = PLANE('',#3597);
#3597 = AXIS2_PLACEMENT_3D('',#3598,#3599,#3600);
#3598 = CARTESIAN_POINT('',(-2.8,-0.835,1.110223024625E-16));
#3599 = DIRECTION('',(0.,0.,1.));
#3600 = DIRECTION('',(-1.,3.445092848398E-16,0.));
#3601 = ADVANCED_FACE('',(#3602),#3613,.T.);
#3602 = FACE_BOUND('',#3603,.T.);
#3603 = EDGE_LOOP('',(#3604,#3605,#3606,#3607));
#3604 = ORIENTED_EDGE('',*,*,#3018,.T.);
#3605 = ORIENTED_EDGE('',*,*,#3588,.T.);
#3606 = ORIENTED_EDGE('',*,*,#3127,.F.);
#3607 = ORIENTED_EDGE('',*,*,#3608,.F.);
#3608 = EDGE_CURVE('',#3011,#3120,#3609,.T.);
#3609 = LINE('',#3610,#3611);
#3610 = CARTESIAN_POINT('',(-2.5,-0.835,0.3));
#3611 = VECTOR('',#3612,1.);
#3612 = DIRECTION('',(3.445092848398E-16,1.,0.));
#3613 = CYLINDRICAL_SURFACE('',#3614,0.3);
#3614 = AXIS2_PLACEMENT_3D('',#3615,#3616,#3617);
#3615 = CARTESIAN_POINT('',(-2.8,-0.835,0.3));
#3616 = DIRECTION('',(-3.445092848398E-16,-1.,-0.));
#3617 = DIRECTION('',(1.,-3.445092848398E-16,-1.295260195396E-15));
#3618 = ADVANCED_FACE('',(#3619),#3625,.F.);
#3619 = FACE_BOUND('',#3620,.F.);
#3620 = EDGE_LOOP('',(#3621,#3622,#3623,#3624));
#3621 = ORIENTED_EDGE('',*,*,#3101,.T.);
#3622 = ORIENTED_EDGE('',*,*,#3119,.T.);
#3623 = ORIENTED_EDGE('',*,*,#3608,.F.);
#3624 = ORIENTED_EDGE('',*,*,#3010,.F.);
#3625 = PLANE('',#3626);
#3626 = AXIS2_PLACEMENT_3D('',#3627,#3628,#3629);
#3627 = CARTESIAN_POINT('',(-2.5,-0.835,0.9));
#3628 = DIRECTION('',(-1.,3.445092848398E-16,0.));
#3629 = DIRECTION('',(0.,0.,-1.));
#3630 = ADVANCED_FACE('',(#3631),#3642,.T.);
#3631 = FACE_BOUND('',#3632,.T.);
#3632 = EDGE_LOOP('',(#3633,#3634,#3635,#3636));
#3633 = ORIENTED_EDGE('',*,*,#3291,.T.);
#3634 = ORIENTED_EDGE('',*,*,#3476,.T.);
#3635 = ORIENTED_EDGE('',*,*,#3400,.F.);
#3636 = ORIENTED_EDGE('',*,*,#3637,.F.);
#3637 = EDGE_CURVE('',#3284,#3393,#3638,.T.);
#3638 = LINE('',#3639,#3640);
#3639 = CARTESIAN_POINT('',(-2.7,0.435,0.9));
#3640 = VECTOR('',#3641,1.);
#3641 = DIRECTION('',(3.445092848398E-16,1.,0.));
#3642 = CYLINDRICAL_SURFACE('',#3643,0.3);
#3643 = AXIS2_PLACEMENT_3D('',#3644,#3645,#3646);
#3644 = CARTESIAN_POINT('',(-2.4,0.435,0.9));
#3645 = DIRECTION('',(-3.445092848398E-16,-1.,-0.));
#3646 = DIRECTION('',(-1.,3.445092848398E-16,7.401486830834E-16));
#3647 = ADVANCED_FACE('',(#3648),#3659,.F.);
#3648 = FACE_BOUND('',#3649,.F.);
#3649 = EDGE_LOOP('',(#3650,#3656,#3657,#3658));
#3650 = ORIENTED_EDGE('',*,*,#3651,.T.);
#3651 = EDGE_CURVE('',#3275,#3384,#3652,.T.);
#3652 = LINE('',#3653,#3654);
#3653 = CARTESIAN_POINT('',(-2.7,0.435,0.3));
#3654 = VECTOR('',#3655,1.);
#3655 = DIRECTION('',(3.445092848398E-16,1.,0.));
#3656 = ORIENTED_EDGE('',*,*,#3392,.T.);
#3657 = ORIENTED_EDGE('',*,*,#3637,.F.);
#3658 = ORIENTED_EDGE('',*,*,#3283,.F.);
#3659 = PLANE('',#3660);
#3660 = AXIS2_PLACEMENT_3D('',#3661,#3662,#3663);
#3661 = CARTESIAN_POINT('',(-2.7,0.435,0.3));
#3662 = DIRECTION('',(1.,-3.445092848398E-16,0.));
#3663 = DIRECTION('',(0.,0.,1.));
#3664 = ADVANCED_FACE('',(#3665),#3676,.F.);
#3665 = FACE_BOUND('',#3666,.F.);
#3666 = EDGE_LOOP('',(#3667,#3673,#3674,#3675));
#3667 = ORIENTED_EDGE('',*,*,#3668,.T.);
#3668 = EDGE_CURVE('',#3267,#3376,#3669,.T.);
#3669 = LINE('',#3670,#3671);
#3670 = CARTESIAN_POINT('',(-2.8,0.435,0.2));
#3671 = VECTOR('',#3672,1.);
#3672 = DIRECTION('',(3.445092848398E-16,1.,0.));
#3673 = ORIENTED_EDGE('',*,*,#3383,.T.);
#3674 = ORIENTED_EDGE('',*,*,#3651,.F.);
#3675 = ORIENTED_EDGE('',*,*,#3274,.F.);
#3676 = CYLINDRICAL_SURFACE('',#3677,0.1);
#3677 = AXIS2_PLACEMENT_3D('',#3678,#3679,#3680);
#3678 = CARTESIAN_POINT('',(-2.8,0.435,0.3));
#3679 = DIRECTION('',(-3.445092848398E-16,-1.,0.));
#3680 = DIRECTION('',(-0.,0.,-1.));
#3681 = ADVANCED_FACE('',(#3682),#3693,.F.);
#3682 = FACE_BOUND('',#3683,.F.);
#3683 = EDGE_LOOP('',(#3684,#3690,#3691,#3692));
#3684 = ORIENTED_EDGE('',*,*,#3685,.T.);
#3685 = EDGE_CURVE('',#3259,#3368,#3686,.T.);
#3686 = LINE('',#3687,#3688);
#3687 = CARTESIAN_POINT('',(-3.5,0.435,0.2));
#3688 = VECTOR('',#3689,1.);
#3689 = DIRECTION('',(3.445092848398E-16,1.,0.));
#3690 = ORIENTED_EDGE('',*,*,#3375,.T.);
#3691 = ORIENTED_EDGE('',*,*,#3668,.F.);
#3692 = ORIENTED_EDGE('',*,*,#3266,.F.);
#3693 = PLANE('',#3694);
#3694 = AXIS2_PLACEMENT_3D('',#3695,#3696,#3697);
#3695 = CARTESIAN_POINT('',(-3.5,0.435,0.2));
#3696 = DIRECTION('',(0.,0.,-1.));
#3697 = DIRECTION('',(1.,-3.445092848398E-16,0.));
#3698 = ADVANCED_FACE('',(#3699),#3710,.F.);
#3699 = FACE_BOUND('',#3700,.F.);
#3700 = EDGE_LOOP('',(#3701,#3707,#3708,#3709));
#3701 = ORIENTED_EDGE('',*,*,#3702,.T.);
#3702 = EDGE_CURVE('',#3251,#3360,#3703,.T.);
#3703 = LINE('',#3704,#3705);
#3704 = CARTESIAN_POINT('',(-3.5,0.435,1.110223024625E-16));
#3705 = VECTOR('',#3706,1.);
#3706 = DIRECTION('',(3.445092848398E-16,1.,0.));
#3707 = ORIENTED_EDGE('',*,*,#3367,.T.);
#3708 = ORIENTED_EDGE('',*,*,#3685,.F.);
#3709 = ORIENTED_EDGE('',*,*,#3258,.F.);
#3710 = PLANE('',#3711);
#3711 = AXIS2_PLACEMENT_3D('',#3712,#3713,#3714);
#3712 = CARTESIAN_POINT('',(-3.5,0.435,1.110223024625E-16));
#3713 = DIRECTION('',(1.,-3.445092848398E-16,0.));
#3714 = DIRECTION('',(0.,0.,1.));
#3715 = ADVANCED_FACE('',(#3716),#3727,.F.);
#3716 = FACE_BOUND('',#3717,.F.);
#3717 = EDGE_LOOP('',(#3718,#3724,#3725,#3726));
#3718 = ORIENTED_EDGE('',*,*,#3719,.T.);
#3719 = EDGE_CURVE('',#3242,#3351,#3720,.T.);
#3720 = LINE('',#3721,#3722);
#3721 = CARTESIAN_POINT('',(-2.8,0.435,1.110223024625E-16));
#3722 = VECTOR('',#3723,1.);
#3723 = DIRECTION('',(3.445092848398E-16,1.,0.));
#3724 = ORIENTED_EDGE('',*,*,#3359,.T.);
#3725 = ORIENTED_EDGE('',*,*,#3702,.F.);
#3726 = ORIENTED_EDGE('',*,*,#3250,.F.);
#3727 = PLANE('',#3728);
#3728 = AXIS2_PLACEMENT_3D('',#3729,#3730,#3731);
#3729 = CARTESIAN_POINT('',(-2.8,0.435,1.110223024625E-16));
#3730 = DIRECTION('',(0.,0.,1.));
#3731 = DIRECTION('',(-1.,3.445092848398E-16,0.));
#3732 = ADVANCED_FACE('',(#3733),#3744,.T.);
#3733 = FACE_BOUND('',#3734,.T.);
#3734 = EDGE_LOOP('',(#3735,#3736,#3737,#3738));
#3735 = ORIENTED_EDGE('',*,*,#3241,.T.);
#3736 = ORIENTED_EDGE('',*,*,#3719,.T.);
#3737 = ORIENTED_EDGE('',*,*,#3350,.F.);
#3738 = ORIENTED_EDGE('',*,*,#3739,.F.);
#3739 = EDGE_CURVE('',#3234,#3343,#3740,.T.);
#3740 = LINE('',#3741,#3742);
#3741 = CARTESIAN_POINT('',(-2.5,0.435,0.3));
#3742 = VECTOR('',#3743,1.);
#3743 = DIRECTION('',(3.445092848398E-16,1.,0.));
#3744 = CYLINDRICAL_SURFACE('',#3745,0.3);
#3745 = AXIS2_PLACEMENT_3D('',#3746,#3747,#3748);
#3746 = CARTESIAN_POINT('',(-2.8,0.435,0.3));
#3747 = DIRECTION('',(-3.445092848398E-16,-1.,-0.));
#3748 = DIRECTION('',(1.,-3.445092848398E-16,-1.295260195396E-15));
#3749 = ADVANCED_FACE('',(#3750),#3756,.F.);
#3750 = FACE_BOUND('',#3751,.F.);
#3751 = EDGE_LOOP('',(#3752,#3753,#3754,#3755));
#3752 = ORIENTED_EDGE('',*,*,#3324,.T.);
#3753 = ORIENTED_EDGE('',*,*,#3342,.T.);
#3754 = ORIENTED_EDGE('',*,*,#3739,.F.);
#3755 = ORIENTED_EDGE('',*,*,#3233,.F.);
#3756 = PLANE('',#3757);
#3757 = AXIS2_PLACEMENT_3D('',#3758,#3759,#3760);
#3758 = CARTESIAN_POINT('',(-2.5,0.435,0.9));
#3759 = DIRECTION('',(-1.,3.445092848398E-16,0.));
#3760 = DIRECTION('',(0.,0.,-1.));
#3761 = ( GEOMETRIC_REPRESENTATION_CONTEXT(3) 
GLOBAL_UNCERTAINTY_ASSIGNED_CONTEXT((#3765)) 
GLOBAL_UNIT_ASSIGNED_CONTEXT((#3762,#3763,#3764)) REPRESENTATION_CONTEXT
('Context #1','3D Context with UNIT and UNCERTAINTY') );
#3762 = ( LENGTH_UNIT() NAMED_UNIT(*) SI_UNIT(.MILLI.,.METRE.) );
#3763 = ( NAMED_UNIT(*) PLANE_ANGLE_UNIT() SI_UNIT($,.RADIAN.) );
#3764 = ( NAMED_UNIT(*) SI_UNIT($,.STERADIAN.) SOLID_ANGLE_UNIT() );
#3765 = UNCERTAINTY_MEASURE_WITH_UNIT(LENGTH_MEASURE(1.E-07),#3762,
  'distance_accuracy_value','confusion accuracy');
#3766 = CONTEXT_DEPENDENT_SHAPE_REPRESENTATION(#3767,#3769);
#3767 = ( REPRESENTATION_RELATIONSHIP('','',#1021,#10) 
REPRESENTATION_RELATIONSHIP_WITH_TRANSFORMATION(#3768) 
SHAPE_REPRESENTATION_RELATIONSHIP() );
#3768 = ITEM_DEFINED_TRANSFORMATION('','',#11,#19);
#3769 = PRODUCT_DEFINITION_SHAPE('Placement','Placement of an item',
  #3770);
#3770 = NEXT_ASSEMBLY_USAGE_OCCURRENCE('2','OK3','',#5,#1016,$);
#3771 = PRODUCT_RELATED_PRODUCT_CATEGORY('part',$,(#1018));
#3772 = SHAPE_DEFINITION_REPRESENTATION(#3773,#3779);
#3773 = PRODUCT_DEFINITION_SHAPE('','',#3774);
#3774 = PRODUCT_DEFINITION('design','',#3775,#3778);
#3775 = PRODUCT_DEFINITION_FORMATION('','',#3776);
#3776 = PRODUCT('R_1206_3216Metric','R_1206_3216Metric','',(#3777));
#3777 = PRODUCT_CONTEXT('',#2,'mechanical');
#3778 = PRODUCT_DEFINITION_CONTEXT('part definition',#2,'design');
#3779 = ADVANCED_BREP_SHAPE_REPRESENTATION('',(#11,#3780),#4570);
#3780 = MANIFOLD_SOLID_BREP('',#3781);
#3781 = CLOSED_SHELL('',(#3782,#3822,#3905,#3930,#3955,#4022,#4039,#4056
    ,#4105,#4122,#4139,#4188,#4205,#4274,#4305,#4329,#4398,#4422,#4439,
    #4456,#4473,#4490,#4507,#4524,#4541,#4558));
#3782 = ADVANCED_FACE('',(#3783),#3817,.F.);
#3783 = FACE_BOUND('',#3784,.F.);
#3784 = EDGE_LOOP('',(#3785,#3795,#3803,#3811));
#3785 = ORIENTED_EDGE('',*,*,#3786,.F.);
#3786 = EDGE_CURVE('',#3787,#3789,#3791,.T.);
#3787 = VERTEX_POINT('',#3788);
#3788 = CARTESIAN_POINT('',(-1.6,-0.8,5.5E-02));
#3789 = VERTEX_POINT('',#3790);
#3790 = CARTESIAN_POINT('',(-1.6,-0.8,0.495));
#3791 = LINE('',#3792,#3793);
#3792 = CARTESIAN_POINT('',(-1.6,-0.8,0.));
#3793 = VECTOR('',#3794,1.);
#3794 = DIRECTION('',(0.,0.,1.));
#3795 = ORIENTED_EDGE('',*,*,#3796,.T.);
#3796 = EDGE_CURVE('',#3787,#3797,#3799,.T.);
#3797 = VERTEX_POINT('',#3798);
#3798 = CARTESIAN_POINT('',(-1.6,0.8,5.5E-02));
#3799 = LINE('',#3800,#3801);
#3800 = CARTESIAN_POINT('',(-1.6,-0.8,5.5E-02));
#3801 = VECTOR('',#3802,1.);
#3802 = DIRECTION('',(0.,1.,0.));
#3803 = ORIENTED_EDGE('',*,*,#3804,.T.);
#3804 = EDGE_CURVE('',#3797,#3805,#3807,.T.);
#3805 = VERTEX_POINT('',#3806);
#3806 = CARTESIAN_POINT('',(-1.6,0.8,0.495));
#3807 = LINE('',#3808,#3809);
#3808 = CARTESIAN_POINT('',(-1.6,0.8,0.));
#3809 = VECTOR('',#3810,1.);
#3810 = DIRECTION('',(0.,0.,1.));
#3811 = ORIENTED_EDGE('',*,*,#3812,.F.);
#3812 = EDGE_CURVE('',#3789,#3805,#3813,.T.);
#3813 = LINE('',#3814,#3815);
#3814 = CARTESIAN_POINT('',(-1.6,-0.8,0.495));
#3815 = VECTOR('',#3816,1.);
#3816 = DIRECTION('',(0.,1.,0.));
#3817 = PLANE('',#3818);
#3818 = AXIS2_PLACEMENT_3D('',#3819,#3820,#3821);
#3819 = CARTESIAN_POINT('',(-1.6,-0.8,0.));
#3820 = DIRECTION('',(1.,0.,0.));
#3821 = DIRECTION('',(0.,0.,1.));
#3822 = ADVANCED_FACE('',(#3823),#3900,.F.);
#3823 = FACE_BOUND('',#3824,.F.);
#3824 = EDGE_LOOP('',(#3825,#3835,#3842,#3843,#3852,#3860,#3869,#3877,
    #3885,#3893));
#3825 = ORIENTED_EDGE('',*,*,#3826,.F.);
#3826 = EDGE_CURVE('',#3827,#3829,#3831,.T.);
#3827 = VERTEX_POINT('',#3828);
#3828 = CARTESIAN_POINT('',(-1.545,-0.8,0.));
#3829 = VERTEX_POINT('',#3830);
#3830 = CARTESIAN_POINT('',(-1.255,-0.8,0.));
#3831 = LINE('',#3832,#3833);
#3832 = CARTESIAN_POINT('',(-1.6,-0.8,0.));
#3833 = VECTOR('',#3834,1.);
#3834 = DIRECTION('',(1.,0.,0.));
#3835 = ORIENTED_EDGE('',*,*,#3836,.F.);
#3836 = EDGE_CURVE('',#3787,#3827,#3837,.T.);
#3837 = CIRCLE('',#3838,5.5E-02);
#3838 = AXIS2_PLACEMENT_3D('',#3839,#3840,#3841);
#3839 = CARTESIAN_POINT('',(-1.545,-0.8,5.5E-02));
#3840 = DIRECTION('',(0.,-1.,0.));
#3841 = DIRECTION('',(0.,0.,1.));
#3842 = ORIENTED_EDGE('',*,*,#3786,.T.);
#3843 = ORIENTED_EDGE('',*,*,#3844,.T.);
#3844 = EDGE_CURVE('',#3789,#3845,#3847,.T.);
#3845 = VERTEX_POINT('',#3846);
#3846 = CARTESIAN_POINT('',(-1.545,-0.8,0.55));
#3847 = CIRCLE('',#3848,5.5E-02);
#3848 = AXIS2_PLACEMENT_3D('',#3849,#3850,#3851);
#3849 = CARTESIAN_POINT('',(-1.545,-0.8,0.495));
#3850 = DIRECTION('',(0.,1.,0.));
#3851 = DIRECTION('',(0.,-0.,1.));
#3852 = ORIENTED_EDGE('',*,*,#3853,.T.);
#3853 = EDGE_CURVE('',#3845,#3854,#3856,.T.);
#3854 = VERTEX_POINT('',#3855);
#3855 = CARTESIAN_POINT('',(-1.255,-0.8,0.55));
#3856 = LINE('',#3857,#3858);
#3857 = CARTESIAN_POINT('',(-1.6,-0.8,0.55));
#3858 = VECTOR('',#3859,1.);
#3859 = DIRECTION('',(1.,0.,0.));
#3860 = ORIENTED_EDGE('',*,*,#3861,.F.);
#3861 = EDGE_CURVE('',#3862,#3854,#3864,.T.);
#3862 = VERTEX_POINT('',#3863);
#3863 = CARTESIAN_POINT('',(-1.2,-0.8,0.495));
#3864 = CIRCLE('',#3865,5.5E-02);
#3865 = AXIS2_PLACEMENT_3D('',#3866,#3867,#3868);
#3866 = CARTESIAN_POINT('',(-1.255,-0.8,0.495));
#3867 = DIRECTION('',(0.,-1.,0.));
#3868 = DIRECTION('',(0.,0.,1.));
#3869 = ORIENTED_EDGE('',*,*,#3870,.F.);
#3870 = EDGE_CURVE('',#3871,#3862,#3873,.T.);
#3871 = VERTEX_POINT('',#3872);
#3872 = CARTESIAN_POINT('',(-1.545,-0.8,0.495));
#3873 = LINE('',#3874,#3875);
#3874 = CARTESIAN_POINT('',(-1.545,-0.8,0.495));
#3875 = VECTOR('',#3876,1.);
#3876 = DIRECTION('',(1.,0.,0.));
#3877 = ORIENTED_EDGE('',*,*,#3878,.F.);
#3878 = EDGE_CURVE('',#3879,#3871,#3881,.T.);
#3879 = VERTEX_POINT('',#3880);
#3880 = CARTESIAN_POINT('',(-1.545,-0.8,5.5E-02));
#3881 = LINE('',#3882,#3883);
#3882 = CARTESIAN_POINT('',(-1.545,-0.8,5.5E-02));
#3883 = VECTOR('',#3884,1.);
#3884 = DIRECTION('',(0.,0.,1.));
#3885 = ORIENTED_EDGE('',*,*,#3886,.T.);
#3886 = EDGE_CURVE('',#3879,#3887,#3889,.T.);
#3887 = VERTEX_POINT('',#3888);
#3888 = CARTESIAN_POINT('',(-1.2,-0.8,5.5E-02));
#3889 = LINE('',#3890,#3891);
#3890 = CARTESIAN_POINT('',(-1.545,-0.8,5.5E-02));
#3891 = VECTOR('',#3892,1.);
#3892 = DIRECTION('',(1.,0.,0.));
#3893 = ORIENTED_EDGE('',*,*,#3894,.T.);
#3894 = EDGE_CURVE('',#3887,#3829,#3895,.T.);
#3895 = CIRCLE('',#3896,5.5E-02);
#3896 = AXIS2_PLACEMENT_3D('',#3897,#3898,#3899);
#3897 = CARTESIAN_POINT('',(-1.255,-0.8,5.5E-02));
#3898 = DIRECTION('',(0.,1.,0.));
#3899 = DIRECTION('',(0.,-0.,1.));
#3900 = PLANE('',#3901);
#3901 = AXIS2_PLACEMENT_3D('',#3902,#3903,#3904);
#3902 = CARTESIAN_POINT('',(-1.6,-0.8,0.));
#3903 = DIRECTION('',(0.,1.,0.));
#3904 = DIRECTION('',(0.,-0.,1.));
#3905 = ADVANCED_FACE('',(#3906),#3925,.T.);
#3906 = FACE_BOUND('',#3907,.T.);
#3907 = EDGE_LOOP('',(#3908,#3909,#3918,#3924));
#3908 = ORIENTED_EDGE('',*,*,#3796,.T.);
#3909 = ORIENTED_EDGE('',*,*,#3910,.T.);
#3910 = EDGE_CURVE('',#3797,#3911,#3913,.T.);
#3911 = VERTEX_POINT('',#3912);
#3912 = CARTESIAN_POINT('',(-1.545,0.8,0.));
#3913 = CIRCLE('',#3914,5.5E-02);
#3914 = AXIS2_PLACEMENT_3D('',#3915,#3916,#3917);
#3915 = CARTESIAN_POINT('',(-1.545,0.8,5.5E-02));
#3916 = DIRECTION('',(0.,-1.,0.));
#3917 = DIRECTION('',(0.,0.,1.));
#3918 = ORIENTED_EDGE('',*,*,#3919,.F.);
#3919 = EDGE_CURVE('',#3827,#3911,#3920,.T.);
#3920 = LINE('',#3921,#3922);
#3921 = CARTESIAN_POINT('',(-1.545,-0.8,0.));
#3922 = VECTOR('',#3923,1.);
#3923 = DIRECTION('',(0.,1.,0.));
#3924 = ORIENTED_EDGE('',*,*,#3836,.F.);
#3925 = CYLINDRICAL_SURFACE('',#3926,5.5E-02);
#3926 = AXIS2_PLACEMENT_3D('',#3927,#3928,#3929);
#3927 = CARTESIAN_POINT('',(-1.545,-0.8,5.5E-02));
#3928 = DIRECTION('',(0.,1.,0.));
#3929 = DIRECTION('',(-1.,0.,0.));
#3930 = ADVANCED_FACE('',(#3931),#3950,.T.);
#3931 = FACE_BOUND('',#3932,.T.);
#3932 = EDGE_LOOP('',(#3933,#3934,#3942,#3949));
#3933 = ORIENTED_EDGE('',*,*,#3844,.T.);
#3934 = ORIENTED_EDGE('',*,*,#3935,.T.);
#3935 = EDGE_CURVE('',#3845,#3936,#3938,.T.);
#3936 = VERTEX_POINT('',#3937);
#3937 = CARTESIAN_POINT('',(-1.545,0.8,0.55));
#3938 = LINE('',#3939,#3940);
#3939 = CARTESIAN_POINT('',(-1.545,-0.8,0.55));
#3940 = VECTOR('',#3941,1.);
#3941 = DIRECTION('',(0.,1.,0.));
#3942 = ORIENTED_EDGE('',*,*,#3943,.F.);
#3943 = EDGE_CURVE('',#3805,#3936,#3944,.T.);
#3944 = CIRCLE('',#3945,5.5E-02);
#3945 = AXIS2_PLACEMENT_3D('',#3946,#3947,#3948);
#3946 = CARTESIAN_POINT('',(-1.545,0.8,0.495));
#3947 = DIRECTION('',(0.,1.,0.));
#3948 = DIRECTION('',(0.,-0.,1.));
#3949 = ORIENTED_EDGE('',*,*,#3812,.F.);
#3950 = CYLINDRICAL_SURFACE('',#3951,5.5E-02);
#3951 = AXIS2_PLACEMENT_3D('',#3952,#3953,#3954);
#3952 = CARTESIAN_POINT('',(-1.545,-0.8,0.495));
#3953 = DIRECTION('',(0.,1.,0.));
#3954 = DIRECTION('',(-1.,0.,0.));
#3955 = ADVANCED_FACE('',(#3956),#4017,.T.);
#3956 = FACE_BOUND('',#3957,.T.);
#3957 = EDGE_LOOP('',(#3958,#3966,#3967,#3968,#3969,#3977,#3986,#3994,
    #4002,#4010));
#3958 = ORIENTED_EDGE('',*,*,#3959,.F.);
#3959 = EDGE_CURVE('',#3911,#3960,#3962,.T.);
#3960 = VERTEX_POINT('',#3961);
#3961 = CARTESIAN_POINT('',(-1.255,0.8,0.));
#3962 = LINE('',#3963,#3964);
#3963 = CARTESIAN_POINT('',(-1.6,0.8,0.));
#3964 = VECTOR('',#3965,1.);
#3965 = DIRECTION('',(1.,0.,0.));
#3966 = ORIENTED_EDGE('',*,*,#3910,.F.);
#3967 = ORIENTED_EDGE('',*,*,#3804,.T.);
#3968 = ORIENTED_EDGE('',*,*,#3943,.T.);
#3969 = ORIENTED_EDGE('',*,*,#3970,.T.);
#3970 = EDGE_CURVE('',#3936,#3971,#3973,.T.);
#3971 = VERTEX_POINT('',#3972);
#3972 = CARTESIAN_POINT('',(-1.255,0.8,0.55));
#3973 = LINE('',#3974,#3975);
#3974 = CARTESIAN_POINT('',(-1.6,0.8,0.55));
#3975 = VECTOR('',#3976,1.);
#3976 = DIRECTION('',(1.,0.,0.));
#3977 = ORIENTED_EDGE('',*,*,#3978,.F.);
#3978 = EDGE_CURVE('',#3979,#3971,#3981,.T.);
#3979 = VERTEX_POINT('',#3980);
#3980 = CARTESIAN_POINT('',(-1.2,0.8,0.495));
#3981 = CIRCLE('',#3982,5.5E-02);
#3982 = AXIS2_PLACEMENT_3D('',#3983,#3984,#3985);
#3983 = CARTESIAN_POINT('',(-1.255,0.8,0.495));
#3984 = DIRECTION('',(0.,-1.,0.));
#3985 = DIRECTION('',(0.,0.,1.));
#3986 = ORIENTED_EDGE('',*,*,#3987,.F.);
#3987 = EDGE_CURVE('',#3988,#3979,#3990,.T.);
#3988 = VERTEX_POINT('',#3989);
#3989 = CARTESIAN_POINT('',(-1.545,0.8,0.495));
#3990 = LINE('',#3991,#3992);
#3991 = CARTESIAN_POINT('',(-1.545,0.8,0.495));
#3992 = VECTOR('',#3993,1.);
#3993 = DIRECTION('',(1.,0.,0.));
#3994 = ORIENTED_EDGE('',*,*,#3995,.F.);
#3995 = EDGE_CURVE('',#3996,#3988,#3998,.T.);
#3996 = VERTEX_POINT('',#3997);
#3997 = CARTESIAN_POINT('',(-1.545,0.8,5.5E-02));
#3998 = LINE('',#3999,#4000);
#3999 = CARTESIAN_POINT('',(-1.545,0.8,5.5E-02));
#4000 = VECTOR('',#4001,1.);
#4001 = DIRECTION('',(0.,0.,1.));
#4002 = ORIENTED_EDGE('',*,*,#4003,.T.);
#4003 = EDGE_CURVE('',#3996,#4004,#4006,.T.);
#4004 = VERTEX_POINT('',#4005);
#4005 = CARTESIAN_POINT('',(-1.2,0.8,5.5E-02));
#4006 = LINE('',#4007,#4008);
#4007 = CARTESIAN_POINT('',(-1.545,0.8,5.5E-02));
#4008 = VECTOR('',#4009,1.);
#4009 = DIRECTION('',(1.,0.,0.));
#4010 = ORIENTED_EDGE('',*,*,#4011,.T.);
#4011 = EDGE_CURVE('',#4004,#3960,#4012,.T.);
#4012 = CIRCLE('',#4013,5.5E-02);
#4013 = AXIS2_PLACEMENT_3D('',#4014,#4015,#4016);
#4014 = CARTESIAN_POINT('',(-1.255,0.8,5.5E-02));
#4015 = DIRECTION('',(0.,1.,0.));
#4016 = DIRECTION('',(0.,-0.,1.));
#4017 = PLANE('',#4018);
#4018 = AXIS2_PLACEMENT_3D('',#4019,#4020,#4021);
#4019 = CARTESIAN_POINT('',(-1.6,0.8,0.));
#4020 = DIRECTION('',(0.,1.,0.));
#4021 = DIRECTION('',(0.,-0.,1.));
#4022 = ADVANCED_FACE('',(#4023),#4034,.F.);
#4023 = FACE_BOUND('',#4024,.F.);
#4024 = EDGE_LOOP('',(#4025,#4026,#4027,#4028));
#4025 = ORIENTED_EDGE('',*,*,#3959,.F.);
#4026 = ORIENTED_EDGE('',*,*,#3919,.F.);
#4027 = ORIENTED_EDGE('',*,*,#3826,.T.);
#4028 = ORIENTED_EDGE('',*,*,#4029,.T.);
#4029 = EDGE_CURVE('',#3829,#3960,#4030,.T.);
#4030 = LINE('',#4031,#4032);
#4031 = CARTESIAN_POINT('',(-1.255,-0.8,0.));
#4032 = VECTOR('',#4033,1.);
#4033 = DIRECTION('',(0.,1.,0.));
#4034 = PLANE('',#4035);
#4035 = AXIS2_PLACEMENT_3D('',#4036,#4037,#4038);
#4036 = CARTESIAN_POINT('',(-1.6,-0.8,0.));
#4037 = DIRECTION('',(0.,0.,1.));
#4038 = DIRECTION('',(1.,0.,-0.));
#4039 = ADVANCED_FACE('',(#4040),#4051,.T.);
#4040 = FACE_BOUND('',#4041,.T.);
#4041 = EDGE_LOOP('',(#4042,#4043,#4044,#4045));
#4042 = ORIENTED_EDGE('',*,*,#3894,.T.);
#4043 = ORIENTED_EDGE('',*,*,#4029,.T.);
#4044 = ORIENTED_EDGE('',*,*,#4011,.F.);
#4045 = ORIENTED_EDGE('',*,*,#4046,.F.);
#4046 = EDGE_CURVE('',#3887,#4004,#4047,.T.);
#4047 = LINE('',#4048,#4049);
#4048 = CARTESIAN_POINT('',(-1.2,-0.8,5.5E-02));
#4049 = VECTOR('',#4050,1.);
#4050 = DIRECTION('',(0.,1.,0.));
#4051 = CYLINDRICAL_SURFACE('',#4052,5.5E-02);
#4052 = AXIS2_PLACEMENT_3D('',#4053,#4054,#4055);
#4053 = CARTESIAN_POINT('',(-1.255,-0.8,5.5E-02));
#4054 = DIRECTION('',(0.,1.,0.));
#4055 = DIRECTION('',(1.,0.,0.));
#4056 = ADVANCED_FACE('',(#4057),#4100,.F.);
#4057 = FACE_BOUND('',#4058,.F.);
#4058 = EDGE_LOOP('',(#4059,#4060,#4061,#4062,#4070,#4078,#4086,#4094));
#4059 = ORIENTED_EDGE('',*,*,#3886,.F.);
#4060 = ORIENTED_EDGE('',*,*,#3878,.T.);
#4061 = ORIENTED_EDGE('',*,*,#3870,.T.);
#4062 = ORIENTED_EDGE('',*,*,#4063,.T.);
#4063 = EDGE_CURVE('',#3862,#4064,#4066,.T.);
#4064 = VERTEX_POINT('',#4065);
#4065 = CARTESIAN_POINT('',(1.2,-0.8,0.495));
#4066 = LINE('',#4067,#4068);
#4067 = CARTESIAN_POINT('',(-1.2,-0.8,0.495));
#4068 = VECTOR('',#4069,1.);
#4069 = DIRECTION('',(1.,0.,0.));
#4070 = ORIENTED_EDGE('',*,*,#4071,.T.);
#4071 = EDGE_CURVE('',#4064,#4072,#4074,.T.);
#4072 = VERTEX_POINT('',#4073);
#4073 = CARTESIAN_POINT('',(1.545,-0.8,0.495));
#4074 = LINE('',#4075,#4076);
#4075 = CARTESIAN_POINT('',(-1.545,-0.8,0.495));
#4076 = VECTOR('',#4077,1.);
#4077 = DIRECTION('',(1.,0.,0.));
#4078 = ORIENTED_EDGE('',*,*,#4079,.F.);
#4079 = EDGE_CURVE('',#4080,#4072,#4082,.T.);
#4080 = VERTEX_POINT('',#4081);
#4081 = CARTESIAN_POINT('',(1.545,-0.8,5.5E-02));
#4082 = LINE('',#4083,#4084);
#4083 = CARTESIAN_POINT('',(1.545,-0.8,5.5E-02));
#4084 = VECTOR('',#4085,1.);
#4085 = DIRECTION('',(0.,0.,1.));
#4086 = ORIENTED_EDGE('',*,*,#4087,.F.);
#4087 = EDGE_CURVE('',#4088,#4080,#4090,.T.);
#4088 = VERTEX_POINT('',#4089);
#4089 = CARTESIAN_POINT('',(1.2,-0.8,5.5E-02));
#4090 = LINE('',#4091,#4092);
#4091 = CARTESIAN_POINT('',(-1.545,-0.8,5.5E-02));
#4092 = VECTOR('',#4093,1.);
#4093 = DIRECTION('',(1.,0.,0.));
#4094 = ORIENTED_EDGE('',*,*,#4095,.F.);
#4095 = EDGE_CURVE('',#3887,#4088,#4096,.T.);
#4096 = LINE('',#4097,#4098);
#4097 = CARTESIAN_POINT('',(-1.545,-0.8,5.5E-02));
#4098 = VECTOR('',#4099,1.);
#4099 = DIRECTION('',(1.,0.,0.));
#4100 = PLANE('',#4101);
#4101 = AXIS2_PLACEMENT_3D('',#4102,#4103,#4104);
#4102 = CARTESIAN_POINT('',(-1.545,-0.8,5.5E-02));
#4103 = DIRECTION('',(0.,1.,0.));
#4104 = DIRECTION('',(0.,-0.,1.));
#4105 = ADVANCED_FACE('',(#4106),#4117,.T.);
#4106 = FACE_BOUND('',#4107,.T.);
#4107 = EDGE_LOOP('',(#4108,#4109,#4110,#4111));
#4108 = ORIENTED_EDGE('',*,*,#3970,.F.);
#4109 = ORIENTED_EDGE('',*,*,#3935,.F.);
#4110 = ORIENTED_EDGE('',*,*,#3853,.T.);
#4111 = ORIENTED_EDGE('',*,*,#4112,.T.);
#4112 = EDGE_CURVE('',#3854,#3971,#4113,.T.);
#4113 = LINE('',#4114,#4115);
#4114 = CARTESIAN_POINT('',(-1.255,-0.8,0.55));
#4115 = VECTOR('',#4116,1.);
#4116 = DIRECTION('',(0.,1.,0.));
#4117 = PLANE('',#4118);
#4118 = AXIS2_PLACEMENT_3D('',#4119,#4120,#4121);
#4119 = CARTESIAN_POINT('',(-1.6,-0.8,0.55));
#4120 = DIRECTION('',(0.,0.,1.));
#4121 = DIRECTION('',(1.,0.,-0.));
#4122 = ADVANCED_FACE('',(#4123),#4134,.T.);
#4123 = FACE_BOUND('',#4124,.T.);
#4124 = EDGE_LOOP('',(#4125,#4131,#4132,#4133));
#4125 = ORIENTED_EDGE('',*,*,#4126,.T.);
#4126 = EDGE_CURVE('',#3862,#3979,#4127,.T.);
#4127 = LINE('',#4128,#4129);
#4128 = CARTESIAN_POINT('',(-1.2,-0.8,0.495));
#4129 = VECTOR('',#4130,1.);
#4130 = DIRECTION('',(0.,1.,0.));
#4131 = ORIENTED_EDGE('',*,*,#3978,.T.);
#4132 = ORIENTED_EDGE('',*,*,#4112,.F.);
#4133 = ORIENTED_EDGE('',*,*,#3861,.F.);
#4134 = CYLINDRICAL_SURFACE('',#4135,5.5E-02);
#4135 = AXIS2_PLACEMENT_3D('',#4136,#4137,#4138);
#4136 = CARTESIAN_POINT('',(-1.255,-0.8,0.495));
#4137 = DIRECTION('',(0.,1.,0.));
#4138 = DIRECTION('',(1.,0.,0.));
#4139 = ADVANCED_FACE('',(#4140),#4183,.T.);
#4140 = FACE_BOUND('',#4141,.T.);
#4141 = EDGE_LOOP('',(#4142,#4143,#4144,#4145,#4153,#4161,#4169,#4177));
#4142 = ORIENTED_EDGE('',*,*,#4003,.F.);
#4143 = ORIENTED_EDGE('',*,*,#3995,.T.);
#4144 = ORIENTED_EDGE('',*,*,#3987,.T.);
#4145 = ORIENTED_EDGE('',*,*,#4146,.T.);
#4146 = EDGE_CURVE('',#3979,#4147,#4149,.T.);
#4147 = VERTEX_POINT('',#4148);
#4148 = CARTESIAN_POINT('',(1.2,0.8,0.495));
#4149 = LINE('',#4150,#4151);
#4150 = CARTESIAN_POINT('',(-1.2,0.8,0.495));
#4151 = VECTOR('',#4152,1.);
#4152 = DIRECTION('',(1.,0.,0.));
#4153 = ORIENTED_EDGE('',*,*,#4154,.T.);
#4154 = EDGE_CURVE('',#4147,#4155,#4157,.T.);
#4155 = VERTEX_POINT('',#4156);
#4156 = CARTESIAN_POINT('',(1.545,0.8,0.495));
#4157 = LINE('',#4158,#4159);
#4158 = CARTESIAN_POINT('',(-1.545,0.8,0.495));
#4159 = VECTOR('',#4160,1.);
#4160 = DIRECTION('',(1.,0.,0.));
#4161 = ORIENTED_EDGE('',*,*,#4162,.F.);
#4162 = EDGE_CURVE('',#4163,#4155,#4165,.T.);
#4163 = VERTEX_POINT('',#4164);
#4164 = CARTESIAN_POINT('',(1.545,0.8,5.5E-02));
#4165 = LINE('',#4166,#4167);
#4166 = CARTESIAN_POINT('',(1.545,0.8,5.5E-02));
#4167 = VECTOR('',#4168,1.);
#4168 = DIRECTION('',(0.,0.,1.));
#4169 = ORIENTED_EDGE('',*,*,#4170,.F.);
#4170 = EDGE_CURVE('',#4171,#4163,#4173,.T.);
#4171 = VERTEX_POINT('',#4172);
#4172 = CARTESIAN_POINT('',(1.2,0.8,5.5E-02));
#4173 = LINE('',#4174,#4175);
#4174 = CARTESIAN_POINT('',(-1.545,0.8,5.5E-02));
#4175 = VECTOR('',#4176,1.);
#4176 = DIRECTION('',(1.,0.,0.));
#4177 = ORIENTED_EDGE('',*,*,#4178,.F.);
#4178 = EDGE_CURVE('',#4004,#4171,#4179,.T.);
#4179 = LINE('',#4180,#4181);
#4180 = CARTESIAN_POINT('',(-1.545,0.8,5.5E-02));
#4181 = VECTOR('',#4182,1.);
#4182 = DIRECTION('',(1.,0.,0.));
#4183 = PLANE('',#4184);
#4184 = AXIS2_PLACEMENT_3D('',#4185,#4186,#4187);
#4185 = CARTESIAN_POINT('',(-1.545,0.8,5.5E-02));
#4186 = DIRECTION('',(0.,1.,0.));
#4187 = DIRECTION('',(0.,-0.,1.));
#4188 = ADVANCED_FACE('',(#4189),#4200,.F.);
#4189 = FACE_BOUND('',#4190,.F.);
#4190 = EDGE_LOOP('',(#4191,#4192,#4193,#4199));
#4191 = ORIENTED_EDGE('',*,*,#4046,.F.);
#4192 = ORIENTED_EDGE('',*,*,#4095,.T.);
#4193 = ORIENTED_EDGE('',*,*,#4194,.T.);
#4194 = EDGE_CURVE('',#4088,#4171,#4195,.T.);
#4195 = LINE('',#4196,#4197);
#4196 = CARTESIAN_POINT('',(1.2,-0.8,5.5E-02));
#4197 = VECTOR('',#4198,1.);
#4198 = DIRECTION('',(0.,1.,0.));
#4199 = ORIENTED_EDGE('',*,*,#4178,.F.);
#4200 = PLANE('',#4201);
#4201 = AXIS2_PLACEMENT_3D('',#4202,#4203,#4204);
#4202 = CARTESIAN_POINT('',(-1.545,-0.8,5.5E-02));
#4203 = DIRECTION('',(0.,0.,1.));
#4204 = DIRECTION('',(1.,0.,-0.));
#4205 = ADVANCED_FACE('',(#4206),#4269,.F.);
#4206 = FACE_BOUND('',#4207,.F.);
#4207 = EDGE_LOOP('',(#4208,#4218,#4225,#4226,#4227,#4228,#4237,#4245,
    #4254,#4262));
#4208 = ORIENTED_EDGE('',*,*,#4209,.F.);
#4209 = EDGE_CURVE('',#4210,#4212,#4214,.T.);
#4210 = VERTEX_POINT('',#4211);
#4211 = CARTESIAN_POINT('',(1.255,-0.8,0.));
#4212 = VERTEX_POINT('',#4213);
#4213 = CARTESIAN_POINT('',(1.545,-0.8,0.));
#4214 = LINE('',#4215,#4216);
#4215 = CARTESIAN_POINT('',(1.2,-0.8,0.));
#4216 = VECTOR('',#4217,1.);
#4217 = DIRECTION('',(1.,0.,0.));
#4218 = ORIENTED_EDGE('',*,*,#4219,.F.);
#4219 = EDGE_CURVE('',#4088,#4210,#4220,.T.);
#4220 = CIRCLE('',#4221,5.5E-02);
#4221 = AXIS2_PLACEMENT_3D('',#4222,#4223,#4224);
#4222 = CARTESIAN_POINT('',(1.255,-0.8,5.5E-02));
#4223 = DIRECTION('',(0.,-1.,0.));
#4224 = DIRECTION('',(0.,0.,1.));
#4225 = ORIENTED_EDGE('',*,*,#4087,.T.);
#4226 = ORIENTED_EDGE('',*,*,#4079,.T.);
#4227 = ORIENTED_EDGE('',*,*,#4071,.F.);
#4228 = ORIENTED_EDGE('',*,*,#4229,.T.);
#4229 = EDGE_CURVE('',#4064,#4230,#4232,.T.);
#4230 = VERTEX_POINT('',#4231);
#4231 = CARTESIAN_POINT('',(1.255,-0.8,0.55));
#4232 = CIRCLE('',#4233,5.5E-02);
#4233 = AXIS2_PLACEMENT_3D('',#4234,#4235,#4236);
#4234 = CARTESIAN_POINT('',(1.255,-0.8,0.495));
#4235 = DIRECTION('',(0.,1.,0.));
#4236 = DIRECTION('',(0.,-0.,1.));
#4237 = ORIENTED_EDGE('',*,*,#4238,.T.);
#4238 = EDGE_CURVE('',#4230,#4239,#4241,.T.);
#4239 = VERTEX_POINT('',#4240);
#4240 = CARTESIAN_POINT('',(1.545,-0.8,0.55));
#4241 = LINE('',#4242,#4243);
#4242 = CARTESIAN_POINT('',(1.2,-0.8,0.55));
#4243 = VECTOR('',#4244,1.);
#4244 = DIRECTION('',(1.,0.,0.));
#4245 = ORIENTED_EDGE('',*,*,#4246,.F.);
#4246 = EDGE_CURVE('',#4247,#4239,#4249,.T.);
#4247 = VERTEX_POINT('',#4248);
#4248 = CARTESIAN_POINT('',(1.6,-0.8,0.495));
#4249 = CIRCLE('',#4250,5.5E-02);
#4250 = AXIS2_PLACEMENT_3D('',#4251,#4252,#4253);
#4251 = CARTESIAN_POINT('',(1.545,-0.8,0.495));
#4252 = DIRECTION('',(0.,-1.,0.));
#4253 = DIRECTION('',(0.,0.,1.));
#4254 = ORIENTED_EDGE('',*,*,#4255,.F.);
#4255 = EDGE_CURVE('',#4256,#4247,#4258,.T.);
#4256 = VERTEX_POINT('',#4257);
#4257 = CARTESIAN_POINT('',(1.6,-0.8,5.5E-02));
#4258 = LINE('',#4259,#4260);
#4259 = CARTESIAN_POINT('',(1.6,-0.8,0.));
#4260 = VECTOR('',#4261,1.);
#4261 = DIRECTION('',(0.,0.,1.));
#4262 = ORIENTED_EDGE('',*,*,#4263,.T.);
#4263 = EDGE_CURVE('',#4256,#4212,#4264,.T.);
#4264 = CIRCLE('',#4265,5.5E-02);
#4265 = AXIS2_PLACEMENT_3D('',#4266,#4267,#4268);
#4266 = CARTESIAN_POINT('',(1.545,-0.8,5.5E-02));
#4267 = DIRECTION('',(0.,1.,0.));
#4268 = DIRECTION('',(0.,-0.,1.));
#4269 = PLANE('',#4270);
#4270 = AXIS2_PLACEMENT_3D('',#4271,#4272,#4273);
#4271 = CARTESIAN_POINT('',(1.2,-0.8,0.));
#4272 = DIRECTION('',(0.,1.,0.));
#4273 = DIRECTION('',(0.,-0.,1.));
#4274 = ADVANCED_FACE('',(#4275),#4300,.F.);
#4275 = FACE_BOUND('',#4276,.F.);
#4276 = EDGE_LOOP('',(#4277,#4278,#4286,#4294));
#4277 = ORIENTED_EDGE('',*,*,#4063,.F.);
#4278 = ORIENTED_EDGE('',*,*,#4279,.T.);
#4279 = EDGE_CURVE('',#3862,#4280,#4282,.T.);
#4280 = VERTEX_POINT('',#4281);
#4281 = CARTESIAN_POINT('',(-1.2,-0.8,0.55));
#4282 = LINE('',#4283,#4284);
#4283 = CARTESIAN_POINT('',(-1.2,-0.8,0.495));
#4284 = VECTOR('',#4285,1.);
#4285 = DIRECTION('',(0.,0.,1.));
#4286 = ORIENTED_EDGE('',*,*,#4287,.T.);
#4287 = EDGE_CURVE('',#4280,#4288,#4290,.T.);
#4288 = VERTEX_POINT('',#4289);
#4289 = CARTESIAN_POINT('',(1.2,-0.8,0.55));
#4290 = LINE('',#4291,#4292);
#4291 = CARTESIAN_POINT('',(-1.2,-0.8,0.55));
#4292 = VECTOR('',#4293,1.);
#4293 = DIRECTION('',(1.,0.,0.));
#4294 = ORIENTED_EDGE('',*,*,#4295,.F.);
#4295 = EDGE_CURVE('',#4064,#4288,#4296,.T.);
#4296 = LINE('',#4297,#4298);
#4297 = CARTESIAN_POINT('',(1.2,-0.8,0.495));
#4298 = VECTOR('',#4299,1.);
#4299 = DIRECTION('',(0.,0.,1.));
#4300 = PLANE('',#4301);
#4301 = AXIS2_PLACEMENT_3D('',#4302,#4303,#4304);
#4302 = CARTESIAN_POINT('',(-1.2,-0.8,0.495));
#4303 = DIRECTION('',(0.,1.,0.));
#4304 = DIRECTION('',(0.,-0.,1.));
#4305 = ADVANCED_FACE('',(#4306),#4324,.F.);
#4306 = FACE_BOUND('',#4307,.F.);
#4307 = EDGE_LOOP('',(#4308,#4309,#4310,#4318));
#4308 = ORIENTED_EDGE('',*,*,#4279,.F.);
#4309 = ORIENTED_EDGE('',*,*,#4126,.T.);
#4310 = ORIENTED_EDGE('',*,*,#4311,.T.);
#4311 = EDGE_CURVE('',#3979,#4312,#4314,.T.);
#4312 = VERTEX_POINT('',#4313);
#4313 = CARTESIAN_POINT('',(-1.2,0.8,0.55));
#4314 = LINE('',#4315,#4316);
#4315 = CARTESIAN_POINT('',(-1.2,0.8,0.495));
#4316 = VECTOR('',#4317,1.);
#4317 = DIRECTION('',(0.,0.,1.));
#4318 = ORIENTED_EDGE('',*,*,#4319,.F.);
#4319 = EDGE_CURVE('',#4280,#4312,#4320,.T.);
#4320 = LINE('',#4321,#4322);
#4321 = CARTESIAN_POINT('',(-1.2,-0.8,0.55));
#4322 = VECTOR('',#4323,1.);
#4323 = DIRECTION('',(0.,1.,0.));
#4324 = PLANE('',#4325);
#4325 = AXIS2_PLACEMENT_3D('',#4326,#4327,#4328);
#4326 = CARTESIAN_POINT('',(-1.2,-0.8,0.495));
#4327 = DIRECTION('',(1.,0.,0.));
#4328 = DIRECTION('',(0.,0.,1.));
#4329 = ADVANCED_FACE('',(#4330),#4393,.T.);
#4330 = FACE_BOUND('',#4331,.T.);
#4331 = EDGE_LOOP('',(#4332,#4342,#4349,#4350,#4351,#4352,#4361,#4369,
    #4378,#4386));
#4332 = ORIENTED_EDGE('',*,*,#4333,.F.);
#4333 = EDGE_CURVE('',#4334,#4336,#4338,.T.);
#4334 = VERTEX_POINT('',#4335);
#4335 = CARTESIAN_POINT('',(1.255,0.8,0.));
#4336 = VERTEX_POINT('',#4337);
#4337 = CARTESIAN_POINT('',(1.545,0.8,0.));
#4338 = LINE('',#4339,#4340);
#4339 = CARTESIAN_POINT('',(1.2,0.8,0.));
#4340 = VECTOR('',#4341,1.);
#4341 = DIRECTION('',(1.,0.,0.));
#4342 = ORIENTED_EDGE('',*,*,#4343,.F.);
#4343 = EDGE_CURVE('',#4171,#4334,#4344,.T.);
#4344 = CIRCLE('',#4345,5.5E-02);
#4345 = AXIS2_PLACEMENT_3D('',#4346,#4347,#4348);
#4346 = CARTESIAN_POINT('',(1.255,0.8,5.5E-02));
#4347 = DIRECTION('',(0.,-1.,0.));
#4348 = DIRECTION('',(0.,0.,1.));
#4349 = ORIENTED_EDGE('',*,*,#4170,.T.);
#4350 = ORIENTED_EDGE('',*,*,#4162,.T.);
#4351 = ORIENTED_EDGE('',*,*,#4154,.F.);
#4352 = ORIENTED_EDGE('',*,*,#4353,.T.);
#4353 = EDGE_CURVE('',#4147,#4354,#4356,.T.);
#4354 = VERTEX_POINT('',#4355);
#4355 = CARTESIAN_POINT('',(1.255,0.8,0.55));
#4356 = CIRCLE('',#4357,5.5E-02);
#4357 = AXIS2_PLACEMENT_3D('',#4358,#4359,#4360);
#4358 = CARTESIAN_POINT('',(1.255,0.8,0.495));
#4359 = DIRECTION('',(0.,1.,0.));
#4360 = DIRECTION('',(0.,-0.,1.));
#4361 = ORIENTED_EDGE('',*,*,#4362,.T.);
#4362 = EDGE_CURVE('',#4354,#4363,#4365,.T.);
#4363 = VERTEX_POINT('',#4364);
#4364 = CARTESIAN_POINT('',(1.545,0.8,0.55));
#4365 = LINE('',#4366,#4367);
#4366 = CARTESIAN_POINT('',(1.2,0.8,0.55));
#4367 = VECTOR('',#4368,1.);
#4368 = DIRECTION('',(1.,0.,0.));
#4369 = ORIENTED_EDGE('',*,*,#4370,.F.);
#4370 = EDGE_CURVE('',#4371,#4363,#4373,.T.);
#4371 = VERTEX_POINT('',#4372);
#4372 = CARTESIAN_POINT('',(1.6,0.8,0.495));
#4373 = CIRCLE('',#4374,5.5E-02);
#4374 = AXIS2_PLACEMENT_3D('',#4375,#4376,#4377);
#4375 = CARTESIAN_POINT('',(1.545,0.8,0.495));
#4376 = DIRECTION('',(0.,-1.,0.));
#4377 = DIRECTION('',(0.,0.,1.));
#4378 = ORIENTED_EDGE('',*,*,#4379,.F.);
#4379 = EDGE_CURVE('',#4380,#4371,#4382,.T.);
#4380 = VERTEX_POINT('',#4381);
#4381 = CARTESIAN_POINT('',(1.6,0.8,5.5E-02));
#4382 = LINE('',#4383,#4384);
#4383 = CARTESIAN_POINT('',(1.6,0.8,0.));
#4384 = VECTOR('',#4385,1.);
#4385 = DIRECTION('',(0.,0.,1.));
#4386 = ORIENTED_EDGE('',*,*,#4387,.T.);
#4387 = EDGE_CURVE('',#4380,#4336,#4388,.T.);
#4388 = CIRCLE('',#4389,5.5E-02);
#4389 = AXIS2_PLACEMENT_3D('',#4390,#4391,#4392);
#4390 = CARTESIAN_POINT('',(1.545,0.8,5.5E-02));
#4391 = DIRECTION('',(0.,1.,0.));
#4392 = DIRECTION('',(0.,-0.,1.));
#4393 = PLANE('',#4394);
#4394 = AXIS2_PLACEMENT_3D('',#4395,#4396,#4397);
#4395 = CARTESIAN_POINT('',(1.2,0.8,0.));
#4396 = DIRECTION('',(0.,1.,0.));
#4397 = DIRECTION('',(0.,-0.,1.));
#4398 = ADVANCED_FACE('',(#4399),#4417,.T.);
#4399 = FACE_BOUND('',#4400,.T.);
#4400 = EDGE_LOOP('',(#4401,#4402,#4403,#4411));
#4401 = ORIENTED_EDGE('',*,*,#4146,.F.);
#4402 = ORIENTED_EDGE('',*,*,#4311,.T.);
#4403 = ORIENTED_EDGE('',*,*,#4404,.T.);
#4404 = EDGE_CURVE('',#4312,#4405,#4407,.T.);
#4405 = VERTEX_POINT('',#4406);
#4406 = CARTESIAN_POINT('',(1.2,0.8,0.55));
#4407 = LINE('',#4408,#4409);
#4408 = CARTESIAN_POINT('',(-1.2,0.8,0.55));
#4409 = VECTOR('',#4410,1.);
#4410 = DIRECTION('',(1.,0.,0.));
#4411 = ORIENTED_EDGE('',*,*,#4412,.F.);
#4412 = EDGE_CURVE('',#4147,#4405,#4413,.T.);
#4413 = LINE('',#4414,#4415);
#4414 = CARTESIAN_POINT('',(1.2,0.8,0.495));
#4415 = VECTOR('',#4416,1.);
#4416 = DIRECTION('',(0.,0.,1.));
#4417 = PLANE('',#4418);
#4418 = AXIS2_PLACEMENT_3D('',#4419,#4420,#4421);
#4419 = CARTESIAN_POINT('',(-1.2,0.8,0.495));
#4420 = DIRECTION('',(0.,1.,0.));
#4421 = DIRECTION('',(0.,-0.,1.));
#4422 = ADVANCED_FACE('',(#4423),#4434,.T.);
#4423 = FACE_BOUND('',#4424,.T.);
#4424 = EDGE_LOOP('',(#4425,#4426,#4427,#4433));
#4425 = ORIENTED_EDGE('',*,*,#4194,.T.);
#4426 = ORIENTED_EDGE('',*,*,#4343,.T.);
#4427 = ORIENTED_EDGE('',*,*,#4428,.F.);
#4428 = EDGE_CURVE('',#4210,#4334,#4429,.T.);
#4429 = LINE('',#4430,#4431);
#4430 = CARTESIAN_POINT('',(1.255,-0.8,0.));
#4431 = VECTOR('',#4432,1.);
#4432 = DIRECTION('',(0.,1.,0.));
#4433 = ORIENTED_EDGE('',*,*,#4219,.F.);
#4434 = CYLINDRICAL_SURFACE('',#4435,5.5E-02);
#4435 = AXIS2_PLACEMENT_3D('',#4436,#4437,#4438);
#4436 = CARTESIAN_POINT('',(1.255,-0.8,5.5E-02));
#4437 = DIRECTION('',(0.,1.,0.));
#4438 = DIRECTION('',(-1.,0.,0.));
#4439 = ADVANCED_FACE('',(#4440),#4451,.F.);
#4440 = FACE_BOUND('',#4441,.F.);
#4441 = EDGE_LOOP('',(#4442,#4443,#4444,#4445));
#4442 = ORIENTED_EDGE('',*,*,#4333,.F.);
#4443 = ORIENTED_EDGE('',*,*,#4428,.F.);
#4444 = ORIENTED_EDGE('',*,*,#4209,.T.);
#4445 = ORIENTED_EDGE('',*,*,#4446,.T.);
#4446 = EDGE_CURVE('',#4212,#4336,#4447,.T.);
#4447 = LINE('',#4448,#4449);
#4448 = CARTESIAN_POINT('',(1.545,-0.8,0.));
#4449 = VECTOR('',#4450,1.);
#4450 = DIRECTION('',(0.,1.,0.));
#4451 = PLANE('',#4452);
#4452 = AXIS2_PLACEMENT_3D('',#4453,#4454,#4455);
#4453 = CARTESIAN_POINT('',(1.2,-0.8,0.));
#4454 = DIRECTION('',(0.,0.,1.));
#4455 = DIRECTION('',(1.,0.,-0.));
#4456 = ADVANCED_FACE('',(#4457),#4468,.T.);
#4457 = FACE_BOUND('',#4458,.T.);
#4458 = EDGE_LOOP('',(#4459,#4460,#4461,#4462));
#4459 = ORIENTED_EDGE('',*,*,#4263,.T.);
#4460 = ORIENTED_EDGE('',*,*,#4446,.T.);
#4461 = ORIENTED_EDGE('',*,*,#4387,.F.);
#4462 = ORIENTED_EDGE('',*,*,#4463,.F.);
#4463 = EDGE_CURVE('',#4256,#4380,#4464,.T.);
#4464 = LINE('',#4465,#4466);
#4465 = CARTESIAN_POINT('',(1.6,-0.8,5.5E-02));
#4466 = VECTOR('',#4467,1.);
#4467 = DIRECTION('',(0.,1.,0.));
#4468 = CYLINDRICAL_SURFACE('',#4469,5.5E-02);
#4469 = AXIS2_PLACEMENT_3D('',#4470,#4471,#4472);
#4470 = CARTESIAN_POINT('',(1.545,-0.8,5.5E-02));
#4471 = DIRECTION('',(0.,1.,0.));
#4472 = DIRECTION('',(1.,0.,0.));
#4473 = ADVANCED_FACE('',(#4474),#4485,.T.);
#4474 = FACE_BOUND('',#4475,.T.);
#4475 = EDGE_LOOP('',(#4476,#4477,#4478,#4479));
#4476 = ORIENTED_EDGE('',*,*,#4255,.F.);
#4477 = ORIENTED_EDGE('',*,*,#4463,.T.);
#4478 = ORIENTED_EDGE('',*,*,#4379,.T.);
#4479 = ORIENTED_EDGE('',*,*,#4480,.F.);
#4480 = EDGE_CURVE('',#4247,#4371,#4481,.T.);
#4481 = LINE('',#4482,#4483);
#4482 = CARTESIAN_POINT('',(1.6,-0.8,0.495));
#4483 = VECTOR('',#4484,1.);
#4484 = DIRECTION('',(0.,1.,0.));
#4485 = PLANE('',#4486);
#4486 = AXIS2_PLACEMENT_3D('',#4487,#4488,#4489);
#4487 = CARTESIAN_POINT('',(1.6,-0.8,0.));
#4488 = DIRECTION('',(1.,0.,0.));
#4489 = DIRECTION('',(0.,0.,1.));
#4490 = ADVANCED_FACE('',(#4491),#4502,.T.);
#4491 = FACE_BOUND('',#4492,.T.);
#4492 = EDGE_LOOP('',(#4493,#4494,#4495,#4501));
#4493 = ORIENTED_EDGE('',*,*,#4480,.T.);
#4494 = ORIENTED_EDGE('',*,*,#4370,.T.);
#4495 = ORIENTED_EDGE('',*,*,#4496,.F.);
#4496 = EDGE_CURVE('',#4239,#4363,#4497,.T.);
#4497 = LINE('',#4498,#4499);
#4498 = CARTESIAN_POINT('',(1.545,-0.8,0.55));
#4499 = VECTOR('',#4500,1.);
#4500 = DIRECTION('',(0.,1.,0.));
#4501 = ORIENTED_EDGE('',*,*,#4246,.F.);
#4502 = CYLINDRICAL_SURFACE('',#4503,5.5E-02);
#4503 = AXIS2_PLACEMENT_3D('',#4504,#4505,#4506);
#4504 = CARTESIAN_POINT('',(1.545,-0.8,0.495));
#4505 = DIRECTION('',(0.,1.,0.));
#4506 = DIRECTION('',(1.,0.,0.));
#4507 = ADVANCED_FACE('',(#4508),#4519,.T.);
#4508 = FACE_BOUND('',#4509,.T.);
#4509 = EDGE_LOOP('',(#4510,#4511,#4517,#4518));
#4510 = ORIENTED_EDGE('',*,*,#4362,.F.);
#4511 = ORIENTED_EDGE('',*,*,#4512,.F.);
#4512 = EDGE_CURVE('',#4230,#4354,#4513,.T.);
#4513 = LINE('',#4514,#4515);
#4514 = CARTESIAN_POINT('',(1.255,-0.8,0.55));
#4515 = VECTOR('',#4516,1.);
#4516 = DIRECTION('',(0.,1.,0.));
#4517 = ORIENTED_EDGE('',*,*,#4238,.T.);
#4518 = ORIENTED_EDGE('',*,*,#4496,.T.);
#4519 = PLANE('',#4520);
#4520 = AXIS2_PLACEMENT_3D('',#4521,#4522,#4523);
#4521 = CARTESIAN_POINT('',(1.2,-0.8,0.55));
#4522 = DIRECTION('',(0.,0.,1.));
#4523 = DIRECTION('',(1.,0.,-0.));
#4524 = ADVANCED_FACE('',(#4525),#4536,.T.);
#4525 = FACE_BOUND('',#4526,.T.);
#4526 = EDGE_LOOP('',(#4527,#4528,#4529,#4530));
#4527 = ORIENTED_EDGE('',*,*,#4229,.T.);
#4528 = ORIENTED_EDGE('',*,*,#4512,.T.);
#4529 = ORIENTED_EDGE('',*,*,#4353,.F.);
#4530 = ORIENTED_EDGE('',*,*,#4531,.F.);
#4531 = EDGE_CURVE('',#4064,#4147,#4532,.T.);
#4532 = LINE('',#4533,#4534);
#4533 = CARTESIAN_POINT('',(1.2,-0.8,0.495));
#4534 = VECTOR('',#4535,1.);
#4535 = DIRECTION('',(0.,1.,0.));
#4536 = CYLINDRICAL_SURFACE('',#4537,5.5E-02);
#4537 = AXIS2_PLACEMENT_3D('',#4538,#4539,#4540);
#4538 = CARTESIAN_POINT('',(1.255,-0.8,0.495));
#4539 = DIRECTION('',(0.,1.,0.));
#4540 = DIRECTION('',(-1.,0.,0.));
#4541 = ADVANCED_FACE('',(#4542),#4553,.T.);
#4542 = FACE_BOUND('',#4543,.T.);
#4543 = EDGE_LOOP('',(#4544,#4545,#4546,#4547));
#4544 = ORIENTED_EDGE('',*,*,#4295,.F.);
#4545 = ORIENTED_EDGE('',*,*,#4531,.T.);
#4546 = ORIENTED_EDGE('',*,*,#4412,.T.);
#4547 = ORIENTED_EDGE('',*,*,#4548,.F.);
#4548 = EDGE_CURVE('',#4288,#4405,#4549,.T.);
#4549 = LINE('',#4550,#4551);
#4550 = CARTESIAN_POINT('',(1.2,-0.8,0.55));
#4551 = VECTOR('',#4552,1.);
#4552 = DIRECTION('',(0.,1.,0.));
#4553 = PLANE('',#4554);
#4554 = AXIS2_PLACEMENT_3D('',#4555,#4556,#4557);
#4555 = CARTESIAN_POINT('',(1.2,-0.8,0.495));
#4556 = DIRECTION('',(1.,0.,0.));
#4557 = DIRECTION('',(0.,0.,1.));
#4558 = ADVANCED_FACE('',(#4559),#4565,.T.);
#4559 = FACE_BOUND('',#4560,.T.);
#4560 = EDGE_LOOP('',(#4561,#4562,#4563,#4564));
#4561 = ORIENTED_EDGE('',*,*,#4319,.F.);
#4562 = ORIENTED_EDGE('',*,*,#4287,.T.);
#4563 = ORIENTED_EDGE('',*,*,#4548,.T.);
#4564 = ORIENTED_EDGE('',*,*,#4404,.F.);
#4565 = PLANE('',#4566);
#4566 = AXIS2_PLACEMENT_3D('',#4567,#4568,#4569);
#4567 = CARTESIAN_POINT('',(-1.2,-0.8,0.55));
#4568 = DIRECTION('',(0.,0.,1.));
#4569 = DIRECTION('',(1.,0.,-0.));
#4570 = ( GEOMETRIC_REPRESENTATION_CONTEXT(3) 
GLOBAL_UNCERTAINTY_ASSIGNED_CONTEXT((#4574)) 
GLOBAL_UNIT_ASSIGNED_CONTEXT((#4571,#4572,#4573)) REPRESENTATION_CONTEXT
('Context #1','3D Context with UNIT and UNCERTAINTY') );
#4571 = ( LENGTH_UNIT() NAMED_UNIT(*) SI_UNIT(.MILLI.,.METRE.) );
#4572 = ( NAMED_UNIT(*) PLANE_ANGLE_UNIT() SI_UNIT($,.RADIAN.) );
#4573 = ( NAMED_UNIT(*) SI_UNIT($,.STERADIAN.) SOLID_ANGLE_UNIT() );
#4574 = UNCERTAINTY_MEASURE_WITH_UNIT(LENGTH_MEASURE(1.E-07),#4571,
  'distance_accuracy_value','confusion accuracy');
#4575 = CONTEXT_DEPENDENT_SHAPE_REPRESENTATION(#4576,#4578);
#4576 = ( REPRESENTATION_RELATIONSHIP('','',#3779,#10) 
REPRESENTATION_RELATIONSHIP_WITH_TRANSFORMATION(#4577) 
SHAPE_REPRESENTATION_RELATIONSHIP() );
#4577 = ITEM_DEFINED_TRANSFORMATION('','',#11,#23);
#4578 = PRODUCT_DEFINITION_SHAPE('Placement','Placement of an item',
  #4579);
#4579 = NEXT_ASSEMBLY_USAGE_OCCURRENCE('3','RI2','',#5,#3774,$);
#4580 = PRODUCT_RELATED_PRODUCT_CATEGORY('part',$,(#3776));
#4581 = CONTEXT_DEPENDENT_SHAPE_REPRESENTATION(#4582,#4584);
#4582 = ( REPRESENTATION_RELATIONSHIP('','',#3779,#10) 
REPRESENTATION_RELATIONSHIP_WITH_TRANSFORMATION(#4583) 
SHAPE_REPRESENTATION_RELATIONSHIP() );
#4583 = ITEM_DEFINED_TRANSFORMATION('','',#11,#27);
#4584 = PRODUCT_DEFINITION_SHAPE('Placement','Placement of an item',
  #4585);
#4585 = NEXT_ASSEMBLY_USAGE_OCCURRENCE('4','RG2','',#5,#3774,$);
#4586 = SHAPE_DEFINITION_REPRESENTATION(#4587,#4593);
#4587 = PRODUCT_DEFINITION_SHAPE('','',#4588);
#4588 = PRODUCT_DEFINITION('design','',#4589,#4592);
#4589 = PRODUCT_DEFINITION_FORMATION('','',#4590);
#4590 = PRODUCT('C_0603_1608Metric','C_0603_1608Metric','',(#4591));
#4591 = PRODUCT_CONTEXT('',#2,'mechanical');
#4592 = PRODUCT_DEFINITION_CONTEXT('part definition',#2,'design');
#4593 = ADVANCED_BREP_SHAPE_REPRESENTATION('',(#11,#4594),#5448);
#4594 = MANIFOLD_SOLID_BREP('',#4595);
#4595 = CLOSED_SHELL('',(#4596,#4672,#4703,#4728,#4753,#4777,#4801,#4826
    ,#4851,#4868,#4954,#4986,#5010,#5035,#5059,#5084,#5108,#5133,#5150,
    #5236,#5267,#5292,#5317,#5341,#5365,#5390,#5415,#5432));
#4596 = ADVANCED_FACE('',(#4597),#4667,.F.);
#4597 = FACE_BOUND('',#4598,.F.);
#4598 = EDGE_LOOP('',(#4599,#4609,#4618,#4626,#4635,#4643,#4652,#4660));
#4599 = ORIENTED_EDGE('',*,*,#4600,.F.);
#4600 = EDGE_CURVE('',#4601,#4603,#4605,.T.);
#4601 = VERTEX_POINT('',#4602);
#4602 = CARTESIAN_POINT('',(-0.8,-0.4,3.E-02));
#4603 = VERTEX_POINT('',#4604);
#4604 = CARTESIAN_POINT('',(-0.8,-0.4,0.77));
#4605 = LINE('',#4606,#4607);
#4606 = CARTESIAN_POINT('',(-0.8,-0.4,0.));
#4607 = VECTOR('',#4608,1.);
#4608 = DIRECTION('',(0.,0.,1.));
#4609 = ORIENTED_EDGE('',*,*,#4610,.T.);
#4610 = EDGE_CURVE('',#4601,#4611,#4613,.T.);
#4611 = VERTEX_POINT('',#4612);
#4612 = CARTESIAN_POINT('',(-0.8,-0.37,0.));
#4613 = CIRCLE('',#4614,3.E-02);
#4614 = AXIS2_PLACEMENT_3D('',#4615,#4616,#4617);
#4615 = CARTESIAN_POINT('',(-0.8,-0.37,3.E-02));
#4616 = DIRECTION('',(1.,0.,-0.));
#4617 = DIRECTION('',(0.,0.,1.));
#4618 = ORIENTED_EDGE('',*,*,#4619,.T.);
#4619 = EDGE_CURVE('',#4611,#4620,#4622,.T.);
#4620 = VERTEX_POINT('',#4621);
#4621 = CARTESIAN_POINT('',(-0.8,0.37,0.));
#4622 = LINE('',#4623,#4624);
#4623 = CARTESIAN_POINT('',(-0.8,-0.4,0.));
#4624 = VECTOR('',#4625,1.);
#4625 = DIRECTION('',(0.,1.,0.));
#4626 = ORIENTED_EDGE('',*,*,#4627,.F.);
#4627 = EDGE_CURVE('',#4628,#4620,#4630,.T.);
#4628 = VERTEX_POINT('',#4629);
#4629 = CARTESIAN_POINT('',(-0.8,0.4,3.E-02));
#4630 = CIRCLE('',#4631,3.E-02);
#4631 = AXIS2_PLACEMENT_3D('',#4632,#4633,#4634);
#4632 = CARTESIAN_POINT('',(-0.8,0.37,3.E-02));
#4633 = DIRECTION('',(-1.,0.,0.));
#4634 = DIRECTION('',(0.,0.,1.));
#4635 = ORIENTED_EDGE('',*,*,#4636,.T.);
#4636 = EDGE_CURVE('',#4628,#4637,#4639,.T.);
#4637 = VERTEX_POINT('',#4638);
#4638 = CARTESIAN_POINT('',(-0.8,0.4,0.77));
#4639 = LINE('',#4640,#4641);
#4640 = CARTESIAN_POINT('',(-0.8,0.4,0.));
#4641 = VECTOR('',#4642,1.);
#4642 = DIRECTION('',(0.,0.,1.));
#4643 = ORIENTED_EDGE('',*,*,#4644,.T.);
#4644 = EDGE_CURVE('',#4637,#4645,#4647,.T.);
#4645 = VERTEX_POINT('',#4646);
#4646 = CARTESIAN_POINT('',(-0.8,0.37,0.8));
#4647 = CIRCLE('',#4648,3.E-02);
#4648 = AXIS2_PLACEMENT_3D('',#4649,#4650,#4651);
#4649 = CARTESIAN_POINT('',(-0.8,0.37,0.77));
#4650 = DIRECTION('',(1.,0.,-0.));
#4651 = DIRECTION('',(0.,0.,1.));
#4652 = ORIENTED_EDGE('',*,*,#4653,.F.);
#4653 = EDGE_CURVE('',#4654,#4645,#4656,.T.);
#4654 = VERTEX_POINT('',#4655);
#4655 = CARTESIAN_POINT('',(-0.8,-0.37,0.8));
#4656 = LINE('',#4657,#4658);
#4657 = CARTESIAN_POINT('',(-0.8,-0.4,0.8));
#4658 = VECTOR('',#4659,1.);
#4659 = DIRECTION('',(0.,1.,0.));
#4660 = ORIENTED_EDGE('',*,*,#4661,.F.);
#4661 = EDGE_CURVE('',#4603,#4654,#4662,.T.);
#4662 = CIRCLE('',#4663,3.E-02);
#4663 = AXIS2_PLACEMENT_3D('',#4664,#4665,#4666);
#4664 = CARTESIAN_POINT('',(-0.8,-0.37,0.77));
#4665 = DIRECTION('',(-1.,0.,0.));
#4666 = DIRECTION('',(0.,0.,1.));
#4667 = PLANE('',#4668);
#4668 = AXIS2_PLACEMENT_3D('',#4669,#4670,#4671);
#4669 = CARTESIAN_POINT('',(-0.8,-0.4,0.));
#4670 = DIRECTION('',(1.,0.,0.));
#4671 = DIRECTION('',(0.,0.,1.));
#4672 = ADVANCED_FACE('',(#4673),#4698,.F.);
#4673 = FACE_BOUND('',#4674,.F.);
#4674 = EDGE_LOOP('',(#4675,#4685,#4691,#4692));
#4675 = ORIENTED_EDGE('',*,*,#4676,.F.);
#4676 = EDGE_CURVE('',#4677,#4679,#4681,.T.);
#4677 = VERTEX_POINT('',#4678);
#4678 = CARTESIAN_POINT('',(-0.5,-0.4,3.E-02));
#4679 = VERTEX_POINT('',#4680);
#4680 = CARTESIAN_POINT('',(-0.5,-0.4,0.77));
#4681 = LINE('',#4682,#4683);
#4682 = CARTESIAN_POINT('',(-0.5,-0.4,0.));
#4683 = VECTOR('',#4684,1.);
#4684 = DIRECTION('',(0.,0.,1.));
#4685 = ORIENTED_EDGE('',*,*,#4686,.F.);
#4686 = EDGE_CURVE('',#4601,#4677,#4687,.T.);
#4687 = LINE('',#4688,#4689);
#4688 = CARTESIAN_POINT('',(-0.8,-0.4,3.E-02));
#4689 = VECTOR('',#4690,1.);
#4690 = DIRECTION('',(1.,0.,0.));
#4691 = ORIENTED_EDGE('',*,*,#4600,.T.);
#4692 = ORIENTED_EDGE('',*,*,#4693,.T.);
#4693 = EDGE_CURVE('',#4603,#4679,#4694,.T.);
#4694 = LINE('',#4695,#4696);
#4695 = CARTESIAN_POINT('',(-0.8,-0.4,0.77));
#4696 = VECTOR('',#4697,1.);
#4697 = DIRECTION('',(1.,0.,0.));
#4698 = PLANE('',#4699);
#4699 = AXIS2_PLACEMENT_3D('',#4700,#4701,#4702);
#4700 = CARTESIAN_POINT('',(-0.8,-0.4,0.));
#4701 = DIRECTION('',(0.,1.,0.));
#4702 = DIRECTION('',(0.,-0.,1.));
#4703 = ADVANCED_FACE('',(#4704),#4723,.T.);
#4704 = FACE_BOUND('',#4705,.T.);
#4705 = EDGE_LOOP('',(#4706,#4707,#4715,#4722));
#4706 = ORIENTED_EDGE('',*,*,#4610,.T.);
#4707 = ORIENTED_EDGE('',*,*,#4708,.T.);
#4708 = EDGE_CURVE('',#4611,#4709,#4711,.T.);
#4709 = VERTEX_POINT('',#4710);
#4710 = CARTESIAN_POINT('',(-0.5,-0.37,0.));
#4711 = LINE('',#4712,#4713);
#4712 = CARTESIAN_POINT('',(-0.8,-0.37,0.));
#4713 = VECTOR('',#4714,1.);
#4714 = DIRECTION('',(1.,0.,0.));
#4715 = ORIENTED_EDGE('',*,*,#4716,.F.);
#4716 = EDGE_CURVE('',#4677,#4709,#4717,.T.);
#4717 = CIRCLE('',#4718,3.E-02);
#4718 = AXIS2_PLACEMENT_3D('',#4719,#4720,#4721);
#4719 = CARTESIAN_POINT('',(-0.5,-0.37,3.E-02));
#4720 = DIRECTION('',(1.,0.,-0.));
#4721 = DIRECTION('',(0.,0.,1.));
#4722 = ORIENTED_EDGE('',*,*,#4686,.F.);
#4723 = CYLINDRICAL_SURFACE('',#4724,3.E-02);
#4724 = AXIS2_PLACEMENT_3D('',#4725,#4726,#4727);
#4725 = CARTESIAN_POINT('',(-0.8,-0.37,3.E-02));
#4726 = DIRECTION('',(1.,0.,0.));
#4727 = DIRECTION('',(0.,-1.,0.));
#4728 = ADVANCED_FACE('',(#4729),#4748,.T.);
#4729 = FACE_BOUND('',#4730,.T.);
#4730 = EDGE_LOOP('',(#4731,#4732,#4741,#4747));
#4731 = ORIENTED_EDGE('',*,*,#4693,.T.);
#4732 = ORIENTED_EDGE('',*,*,#4733,.T.);
#4733 = EDGE_CURVE('',#4679,#4734,#4736,.T.);
#4734 = VERTEX_POINT('',#4735);
#4735 = CARTESIAN_POINT('',(-0.5,-0.37,0.8));
#4736 = CIRCLE('',#4737,3.E-02);
#4737 = AXIS2_PLACEMENT_3D('',#4738,#4739,#4740);
#4738 = CARTESIAN_POINT('',(-0.5,-0.37,0.77));
#4739 = DIRECTION('',(-1.,0.,0.));
#4740 = DIRECTION('',(0.,0.,1.));
#4741 = ORIENTED_EDGE('',*,*,#4742,.F.);
#4742 = EDGE_CURVE('',#4654,#4734,#4743,.T.);
#4743 = LINE('',#4744,#4745);
#4744 = CARTESIAN_POINT('',(-0.8,-0.37,0.8));
#4745 = VECTOR('',#4746,1.);
#4746 = DIRECTION('',(1.,0.,0.));
#4747 = ORIENTED_EDGE('',*,*,#4661,.F.);
#4748 = CYLINDRICAL_SURFACE('',#4749,3.E-02);
#4749 = AXIS2_PLACEMENT_3D('',#4750,#4751,#4752);
#4750 = CARTESIAN_POINT('',(-0.8,-0.37,0.77));
#4751 = DIRECTION('',(1.,0.,0.));
#4752 = DIRECTION('',(0.,-1.,0.));
#4753 = ADVANCED_FACE('',(#4754),#4772,.F.);
#4754 = FACE_BOUND('',#4755,.F.);
#4755 = EDGE_LOOP('',(#4756,#4757,#4758,#4766));
#4756 = ORIENTED_EDGE('',*,*,#4619,.F.);
#4757 = ORIENTED_EDGE('',*,*,#4708,.T.);
#4758 = ORIENTED_EDGE('',*,*,#4759,.T.);
#4759 = EDGE_CURVE('',#4709,#4760,#4762,.T.);
#4760 = VERTEX_POINT('',#4761);
#4761 = CARTESIAN_POINT('',(-0.5,0.37,0.));
#4762 = LINE('',#4763,#4764);
#4763 = CARTESIAN_POINT('',(-0.5,-0.4,0.));
#4764 = VECTOR('',#4765,1.);
#4765 = DIRECTION('',(0.,1.,0.));
#4766 = ORIENTED_EDGE('',*,*,#4767,.F.);
#4767 = EDGE_CURVE('',#4620,#4760,#4768,.T.);
#4768 = LINE('',#4769,#4770);
#4769 = CARTESIAN_POINT('',(-0.8,0.37,0.));
#4770 = VECTOR('',#4771,1.);
#4771 = DIRECTION('',(1.,0.,0.));
#4772 = PLANE('',#4773);
#4773 = AXIS2_PLACEMENT_3D('',#4774,#4775,#4776);
#4774 = CARTESIAN_POINT('',(-0.8,-0.4,0.));
#4775 = DIRECTION('',(0.,0.,1.));
#4776 = DIRECTION('',(1.,0.,-0.));
#4777 = ADVANCED_FACE('',(#4778),#4796,.T.);
#4778 = FACE_BOUND('',#4779,.T.);
#4779 = EDGE_LOOP('',(#4780,#4781,#4782,#4790));
#4780 = ORIENTED_EDGE('',*,*,#4653,.F.);
#4781 = ORIENTED_EDGE('',*,*,#4742,.T.);
#4782 = ORIENTED_EDGE('',*,*,#4783,.T.);
#4783 = EDGE_CURVE('',#4734,#4784,#4786,.T.);
#4784 = VERTEX_POINT('',#4785);
#4785 = CARTESIAN_POINT('',(-0.5,0.37,0.8));
#4786 = LINE('',#4787,#4788);
#4787 = CARTESIAN_POINT('',(-0.5,-0.4,0.8));
#4788 = VECTOR('',#4789,1.);
#4789 = DIRECTION('',(0.,1.,0.));
#4790 = ORIENTED_EDGE('',*,*,#4791,.F.);
#4791 = EDGE_CURVE('',#4645,#4784,#4792,.T.);
#4792 = LINE('',#4793,#4794);
#4793 = CARTESIAN_POINT('',(-0.8,0.37,0.8));
#4794 = VECTOR('',#4795,1.);
#4795 = DIRECTION('',(1.,0.,0.));
#4796 = PLANE('',#4797);
#4797 = AXIS2_PLACEMENT_3D('',#4798,#4799,#4800);
#4798 = CARTESIAN_POINT('',(-0.8,-0.4,0.8));
#4799 = DIRECTION('',(0.,0.,1.));
#4800 = DIRECTION('',(1.,0.,-0.));
#4801 = ADVANCED_FACE('',(#4802),#4821,.T.);
#4802 = FACE_BOUND('',#4803,.T.);
#4803 = EDGE_LOOP('',(#4804,#4812,#4819,#4820));
#4804 = ORIENTED_EDGE('',*,*,#4805,.T.);
#4805 = EDGE_CURVE('',#4628,#4806,#4808,.T.);
#4806 = VERTEX_POINT('',#4807);
#4807 = CARTESIAN_POINT('',(-0.5,0.4,3.E-02));
#4808 = LINE('',#4809,#4810);
#4809 = CARTESIAN_POINT('',(-0.8,0.4,3.E-02));
#4810 = VECTOR('',#4811,1.);
#4811 = DIRECTION('',(1.,0.,0.));
#4812 = ORIENTED_EDGE('',*,*,#4813,.T.);
#4813 = EDGE_CURVE('',#4806,#4760,#4814,.T.);
#4814 = CIRCLE('',#4815,3.E-02);
#4815 = AXIS2_PLACEMENT_3D('',#4816,#4817,#4818);
#4816 = CARTESIAN_POINT('',(-0.5,0.37,3.E-02));
#4817 = DIRECTION('',(-1.,0.,0.));
#4818 = DIRECTION('',(0.,0.,1.));
#4819 = ORIENTED_EDGE('',*,*,#4767,.F.);
#4820 = ORIENTED_EDGE('',*,*,#4627,.F.);
#4821 = CYLINDRICAL_SURFACE('',#4822,3.E-02);
#4822 = AXIS2_PLACEMENT_3D('',#4823,#4824,#4825);
#4823 = CARTESIAN_POINT('',(-0.8,0.37,3.E-02));
#4824 = DIRECTION('',(1.,0.,0.));
#4825 = DIRECTION('',(-0.,1.,0.));
#4826 = ADVANCED_FACE('',(#4827),#4846,.T.);
#4827 = FACE_BOUND('',#4828,.T.);
#4828 = EDGE_LOOP('',(#4829,#4830,#4831,#4840));
#4829 = ORIENTED_EDGE('',*,*,#4644,.T.);
#4830 = ORIENTED_EDGE('',*,*,#4791,.T.);
#4831 = ORIENTED_EDGE('',*,*,#4832,.F.);
#4832 = EDGE_CURVE('',#4833,#4784,#4835,.T.);
#4833 = VERTEX_POINT('',#4834);
#4834 = CARTESIAN_POINT('',(-0.5,0.4,0.77));
#4835 = CIRCLE('',#4836,3.E-02);
#4836 = AXIS2_PLACEMENT_3D('',#4837,#4838,#4839);
#4837 = CARTESIAN_POINT('',(-0.5,0.37,0.77));
#4838 = DIRECTION('',(1.,0.,-0.));
#4839 = DIRECTION('',(0.,0.,1.));
#4840 = ORIENTED_EDGE('',*,*,#4841,.F.);
#4841 = EDGE_CURVE('',#4637,#4833,#4842,.T.);
#4842 = LINE('',#4843,#4844);
#4843 = CARTESIAN_POINT('',(-0.8,0.4,0.77));
#4844 = VECTOR('',#4845,1.);
#4845 = DIRECTION('',(1.,0.,0.));
#4846 = CYLINDRICAL_SURFACE('',#4847,3.E-02);
#4847 = AXIS2_PLACEMENT_3D('',#4848,#4849,#4850);
#4848 = CARTESIAN_POINT('',(-0.8,0.37,0.77));
#4849 = DIRECTION('',(1.,0.,0.));
#4850 = DIRECTION('',(-0.,1.,0.));
#4851 = ADVANCED_FACE('',(#4852),#4863,.T.);
#4852 = FACE_BOUND('',#4853,.T.);
#4853 = EDGE_LOOP('',(#4854,#4860,#4861,#4862));
#4854 = ORIENTED_EDGE('',*,*,#4855,.F.);
#4855 = EDGE_CURVE('',#4806,#4833,#4856,.T.);
#4856 = LINE('',#4857,#4858);
#4857 = CARTESIAN_POINT('',(-0.5,0.4,0.));
#4858 = VECTOR('',#4859,1.);
#4859 = DIRECTION('',(0.,0.,1.));
#4860 = ORIENTED_EDGE('',*,*,#4805,.F.);
#4861 = ORIENTED_EDGE('',*,*,#4636,.T.);
#4862 = ORIENTED_EDGE('',*,*,#4841,.T.);
#4863 = PLANE('',#4864);
#4864 = AXIS2_PLACEMENT_3D('',#4865,#4866,#4867);
#4865 = CARTESIAN_POINT('',(-0.8,0.4,0.));
#4866 = DIRECTION('',(0.,1.,0.));
#4867 = DIRECTION('',(0.,-0.,1.));
#4868 = ADVANCED_FACE('',(#4869,#4879),#4949,.T.);
#4869 = FACE_BOUND('',#4870,.T.);
#4870 = EDGE_LOOP('',(#4871,#4872,#4873,#4874,#4875,#4876,#4877,#4878));
#4871 = ORIENTED_EDGE('',*,*,#4676,.F.);
#4872 = ORIENTED_EDGE('',*,*,#4716,.T.);
#4873 = ORIENTED_EDGE('',*,*,#4759,.T.);
#4874 = ORIENTED_EDGE('',*,*,#4813,.F.);
#4875 = ORIENTED_EDGE('',*,*,#4855,.T.);
#4876 = ORIENTED_EDGE('',*,*,#4832,.T.);
#4877 = ORIENTED_EDGE('',*,*,#4783,.F.);
#4878 = ORIENTED_EDGE('',*,*,#4733,.F.);
#4879 = FACE_BOUND('',#4880,.T.);
#4880 = EDGE_LOOP('',(#4881,#4892,#4900,#4909,#4917,#4926,#4934,#4943));
#4881 = ORIENTED_EDGE('',*,*,#4882,.F.);
#4882 = EDGE_CURVE('',#4883,#4885,#4887,.T.);
#4883 = VERTEX_POINT('',#4884);
#4884 = CARTESIAN_POINT('',(-0.5,-0.37,6.E-02));
#4885 = VERTEX_POINT('',#4886);
#4886 = CARTESIAN_POINT('',(-0.5,-0.34,3.E-02));
#4887 = CIRCLE('',#4888,3.E-02);
#4888 = AXIS2_PLACEMENT_3D('',#4889,#4890,#4891);
#4889 = CARTESIAN_POINT('',(-0.5,-0.34,6.E-02));
#4890 = DIRECTION('',(1.,0.,-0.));
#4891 = DIRECTION('',(0.,0.,1.));
#4892 = ORIENTED_EDGE('',*,*,#4893,.T.);
#4893 = EDGE_CURVE('',#4883,#4894,#4896,.T.);
#4894 = VERTEX_POINT('',#4895);
#4895 = CARTESIAN_POINT('',(-0.5,-0.37,0.74));
#4896 = LINE('',#4897,#4898);
#4897 = CARTESIAN_POINT('',(-0.5,-0.37,3.E-02));
#4898 = VECTOR('',#4899,1.);
#4899 = DIRECTION('',(0.,0.,1.));
#4900 = ORIENTED_EDGE('',*,*,#4901,.T.);
#4901 = EDGE_CURVE('',#4894,#4902,#4904,.T.);
#4902 = VERTEX_POINT('',#4903);
#4903 = CARTESIAN_POINT('',(-0.5,-0.34,0.77));
#4904 = CIRCLE('',#4905,3.E-02);
#4905 = AXIS2_PLACEMENT_3D('',#4906,#4907,#4908);
#4906 = CARTESIAN_POINT('',(-0.5,-0.34,0.74));
#4907 = DIRECTION('',(-1.,0.,0.));
#4908 = DIRECTION('',(0.,0.,1.));
#4909 = ORIENTED_EDGE('',*,*,#4910,.T.);
#4910 = EDGE_CURVE('',#4902,#4911,#4913,.T.);
#4911 = VERTEX_POINT('',#4912);
#4912 = CARTESIAN_POINT('',(-0.5,0.34,0.77));
#4913 = LINE('',#4914,#4915);
#4914 = CARTESIAN_POINT('',(-0.5,-0.37,0.77));
#4915 = VECTOR('',#4916,1.);
#4916 = DIRECTION('',(0.,1.,0.));
#4917 = ORIENTED_EDGE('',*,*,#4918,.F.);
#4918 = EDGE_CURVE('',#4919,#4911,#4921,.T.);
#4919 = VERTEX_POINT('',#4920);
#4920 = CARTESIAN_POINT('',(-0.5,0.37,0.74));
#4921 = CIRCLE('',#4922,3.E-02);
#4922 = AXIS2_PLACEMENT_3D('',#4923,#4924,#4925);
#4923 = CARTESIAN_POINT('',(-0.5,0.34,0.74));
#4924 = DIRECTION('',(1.,0.,-0.));
#4925 = DIRECTION('',(0.,0.,1.));
#4926 = ORIENTED_EDGE('',*,*,#4927,.F.);
#4927 = EDGE_CURVE('',#4928,#4919,#4930,.T.);
#4928 = VERTEX_POINT('',#4929);
#4929 = CARTESIAN_POINT('',(-0.5,0.37,6.E-02));
#4930 = LINE('',#4931,#4932);
#4931 = CARTESIAN_POINT('',(-0.5,0.37,3.E-02));
#4932 = VECTOR('',#4933,1.);
#4933 = DIRECTION('',(0.,0.,1.));
#4934 = ORIENTED_EDGE('',*,*,#4935,.T.);
#4935 = EDGE_CURVE('',#4928,#4936,#4938,.T.);
#4936 = VERTEX_POINT('',#4937);
#4937 = CARTESIAN_POINT('',(-0.5,0.34,3.E-02));
#4938 = CIRCLE('',#4939,3.E-02);
#4939 = AXIS2_PLACEMENT_3D('',#4940,#4941,#4942);
#4940 = CARTESIAN_POINT('',(-0.5,0.34,6.E-02));
#4941 = DIRECTION('',(-1.,0.,0.));
#4942 = DIRECTION('',(0.,0.,1.));
#4943 = ORIENTED_EDGE('',*,*,#4944,.F.);
#4944 = EDGE_CURVE('',#4885,#4936,#4945,.T.);
#4945 = LINE('',#4946,#4947);
#4946 = CARTESIAN_POINT('',(-0.5,-0.37,3.E-02));
#4947 = VECTOR('',#4948,1.);
#4948 = DIRECTION('',(0.,1.,0.));
#4949 = PLANE('',#4950);
#4950 = AXIS2_PLACEMENT_3D('',#4951,#4952,#4953);
#4951 = CARTESIAN_POINT('',(-0.5,-0.4,0.));
#4952 = DIRECTION('',(1.,0.,0.));
#4953 = DIRECTION('',(0.,0.,1.));
#4954 = ADVANCED_FACE('',(#4955),#4981,.T.);
#4955 = FACE_BOUND('',#4956,.T.);
#4956 = EDGE_LOOP('',(#4957,#4958,#4966,#4975));
#4957 = ORIENTED_EDGE('',*,*,#4882,.T.);
#4958 = ORIENTED_EDGE('',*,*,#4959,.T.);
#4959 = EDGE_CURVE('',#4885,#4960,#4962,.T.);
#4960 = VERTEX_POINT('',#4961);
#4961 = CARTESIAN_POINT('',(0.5,-0.34,3.E-02));
#4962 = LINE('',#4963,#4964);
#4963 = CARTESIAN_POINT('',(-0.5,-0.34,3.E-02));
#4964 = VECTOR('',#4965,1.);
#4965 = DIRECTION('',(1.,0.,0.));
#4966 = ORIENTED_EDGE('',*,*,#4967,.F.);
#4967 = EDGE_CURVE('',#4968,#4960,#4970,.T.);
#4968 = VERTEX_POINT('',#4969);
#4969 = CARTESIAN_POINT('',(0.5,-0.37,6.E-02));
#4970 = CIRCLE('',#4971,3.E-02);
#4971 = AXIS2_PLACEMENT_3D('',#4972,#4973,#4974);
#4972 = CARTESIAN_POINT('',(0.5,-0.34,6.E-02));
#4973 = DIRECTION('',(1.,0.,-0.));
#4974 = DIRECTION('',(0.,0.,1.));
#4975 = ORIENTED_EDGE('',*,*,#4976,.F.);
#4976 = EDGE_CURVE('',#4883,#4968,#4977,.T.);
#4977 = LINE('',#4978,#4979);
#4978 = CARTESIAN_POINT('',(-0.5,-0.37,6.E-02));
#4979 = VECTOR('',#4980,1.);
#4980 = DIRECTION('',(1.,0.,0.));
#4981 = CYLINDRICAL_SURFACE('',#4982,3.E-02);
#4982 = AXIS2_PLACEMENT_3D('',#4983,#4984,#4985);
#4983 = CARTESIAN_POINT('',(-0.5,-0.34,6.E-02));
#4984 = DIRECTION('',(1.,0.,0.));
#4985 = DIRECTION('',(0.,-1.,0.));
#4986 = ADVANCED_FACE('',(#4987),#5005,.F.);
#4987 = FACE_BOUND('',#4988,.F.);
#4988 = EDGE_LOOP('',(#4989,#4990,#4991,#4999));
#4989 = ORIENTED_EDGE('',*,*,#4944,.F.);
#4990 = ORIENTED_EDGE('',*,*,#4959,.T.);
#4991 = ORIENTED_EDGE('',*,*,#4992,.T.);
#4992 = EDGE_CURVE('',#4960,#4993,#4995,.T.);
#4993 = VERTEX_POINT('',#4994);
#4994 = CARTESIAN_POINT('',(0.5,0.34,3.E-02));
#4995 = LINE('',#4996,#4997);
#4996 = CARTESIAN_POINT('',(0.5,-0.37,3.E-02));
#4997 = VECTOR('',#4998,1.);
#4998 = DIRECTION('',(0.,1.,0.));
#4999 = ORIENTED_EDGE('',*,*,#5000,.F.);
#5000 = EDGE_CURVE('',#4936,#4993,#5001,.T.);
#5001 = LINE('',#5002,#5003);
#5002 = CARTESIAN_POINT('',(-0.5,0.34,3.E-02));
#5003 = VECTOR('',#5004,1.);
#5004 = DIRECTION('',(1.,0.,0.));
#5005 = PLANE('',#5006);
#5006 = AXIS2_PLACEMENT_3D('',#5007,#5008,#5009);
#5007 = CARTESIAN_POINT('',(-0.5,-0.37,3.E-02));
#5008 = DIRECTION('',(0.,0.,1.));
#5009 = DIRECTION('',(1.,0.,-0.));
#5010 = ADVANCED_FACE('',(#5011),#5030,.T.);
#5011 = FACE_BOUND('',#5012,.T.);
#5012 = EDGE_LOOP('',(#5013,#5021,#5028,#5029));
#5013 = ORIENTED_EDGE('',*,*,#5014,.T.);
#5014 = EDGE_CURVE('',#4928,#5015,#5017,.T.);
#5015 = VERTEX_POINT('',#5016);
#5016 = CARTESIAN_POINT('',(0.5,0.37,6.E-02));
#5017 = LINE('',#5018,#5019);
#5018 = CARTESIAN_POINT('',(-0.5,0.37,6.E-02));
#5019 = VECTOR('',#5020,1.);
#5020 = DIRECTION('',(1.,0.,0.));
#5021 = ORIENTED_EDGE('',*,*,#5022,.T.);
#5022 = EDGE_CURVE('',#5015,#4993,#5023,.T.);
#5023 = CIRCLE('',#5024,3.E-02);
#5024 = AXIS2_PLACEMENT_3D('',#5025,#5026,#5027);
#5025 = CARTESIAN_POINT('',(0.5,0.34,6.E-02));
#5026 = DIRECTION('',(-1.,0.,0.));
#5027 = DIRECTION('',(0.,0.,1.));
#5028 = ORIENTED_EDGE('',*,*,#5000,.F.);
#5029 = ORIENTED_EDGE('',*,*,#4935,.F.);
#5030 = CYLINDRICAL_SURFACE('',#5031,3.E-02);
#5031 = AXIS2_PLACEMENT_3D('',#5032,#5033,#5034);
#5032 = CARTESIAN_POINT('',(-0.5,0.34,6.E-02));
#5033 = DIRECTION('',(1.,0.,0.));
#5034 = DIRECTION('',(-0.,1.,0.));
#5035 = ADVANCED_FACE('',(#5036),#5054,.T.);
#5036 = FACE_BOUND('',#5037,.T.);
#5037 = EDGE_LOOP('',(#5038,#5046,#5047,#5048));
#5038 = ORIENTED_EDGE('',*,*,#5039,.F.);
#5039 = EDGE_CURVE('',#5015,#5040,#5042,.T.);
#5040 = VERTEX_POINT('',#5041);
#5041 = CARTESIAN_POINT('',(0.5,0.37,0.74));
#5042 = LINE('',#5043,#5044);
#5043 = CARTESIAN_POINT('',(0.5,0.37,3.E-02));
#5044 = VECTOR('',#5045,1.);
#5045 = DIRECTION('',(0.,0.,1.));
#5046 = ORIENTED_EDGE('',*,*,#5014,.F.);
#5047 = ORIENTED_EDGE('',*,*,#4927,.T.);
#5048 = ORIENTED_EDGE('',*,*,#5049,.T.);
#5049 = EDGE_CURVE('',#4919,#5040,#5050,.T.);
#5050 = LINE('',#5051,#5052);
#5051 = CARTESIAN_POINT('',(-0.5,0.37,0.74));
#5052 = VECTOR('',#5053,1.);
#5053 = DIRECTION('',(1.,0.,0.));
#5054 = PLANE('',#5055);
#5055 = AXIS2_PLACEMENT_3D('',#5056,#5057,#5058);
#5056 = CARTESIAN_POINT('',(-0.5,0.37,3.E-02));
#5057 = DIRECTION('',(0.,1.,0.));
#5058 = DIRECTION('',(0.,-0.,1.));
#5059 = ADVANCED_FACE('',(#5060),#5079,.T.);
#5060 = FACE_BOUND('',#5061,.T.);
#5061 = EDGE_LOOP('',(#5062,#5063,#5071,#5078));
#5062 = ORIENTED_EDGE('',*,*,#4918,.T.);
#5063 = ORIENTED_EDGE('',*,*,#5064,.T.);
#5064 = EDGE_CURVE('',#4911,#5065,#5067,.T.);
#5065 = VERTEX_POINT('',#5066);
#5066 = CARTESIAN_POINT('',(0.5,0.34,0.77));
#5067 = LINE('',#5068,#5069);
#5068 = CARTESIAN_POINT('',(-0.5,0.34,0.77));
#5069 = VECTOR('',#5070,1.);
#5070 = DIRECTION('',(1.,0.,0.));
#5071 = ORIENTED_EDGE('',*,*,#5072,.F.);
#5072 = EDGE_CURVE('',#5040,#5065,#5073,.T.);
#5073 = CIRCLE('',#5074,3.E-02);
#5074 = AXIS2_PLACEMENT_3D('',#5075,#5076,#5077);
#5075 = CARTESIAN_POINT('',(0.5,0.34,0.74));
#5076 = DIRECTION('',(1.,0.,-0.));
#5077 = DIRECTION('',(0.,0.,1.));
#5078 = ORIENTED_EDGE('',*,*,#5049,.F.);
#5079 = CYLINDRICAL_SURFACE('',#5080,3.E-02);
#5080 = AXIS2_PLACEMENT_3D('',#5081,#5082,#5083);
#5081 = CARTESIAN_POINT('',(-0.5,0.34,0.74));
#5082 = DIRECTION('',(1.,0.,0.));
#5083 = DIRECTION('',(-0.,1.,0.));
#5084 = ADVANCED_FACE('',(#5085),#5103,.T.);
#5085 = FACE_BOUND('',#5086,.T.);
#5086 = EDGE_LOOP('',(#5087,#5088,#5096,#5102));
#5087 = ORIENTED_EDGE('',*,*,#4910,.F.);
#5088 = ORIENTED_EDGE('',*,*,#5089,.T.);
#5089 = EDGE_CURVE('',#4902,#5090,#5092,.T.);
#5090 = VERTEX_POINT('',#5091);
#5091 = CARTESIAN_POINT('',(0.5,-0.34,0.77));
#5092 = LINE('',#5093,#5094);
#5093 = CARTESIAN_POINT('',(-0.5,-0.34,0.77));
#5094 = VECTOR('',#5095,1.);
#5095 = DIRECTION('',(1.,0.,0.));
#5096 = ORIENTED_EDGE('',*,*,#5097,.T.);
#5097 = EDGE_CURVE('',#5090,#5065,#5098,.T.);
#5098 = LINE('',#5099,#5100);
#5099 = CARTESIAN_POINT('',(0.5,-0.37,0.77));
#5100 = VECTOR('',#5101,1.);
#5101 = DIRECTION('',(0.,1.,0.));
#5102 = ORIENTED_EDGE('',*,*,#5064,.F.);
#5103 = PLANE('',#5104);
#5104 = AXIS2_PLACEMENT_3D('',#5105,#5106,#5107);
#5105 = CARTESIAN_POINT('',(-0.5,-0.37,0.77));
#5106 = DIRECTION('',(0.,0.,1.));
#5107 = DIRECTION('',(1.,0.,-0.));
#5108 = ADVANCED_FACE('',(#5109),#5128,.T.);
#5109 = FACE_BOUND('',#5110,.T.);
#5110 = EDGE_LOOP('',(#5111,#5119,#5126,#5127));
#5111 = ORIENTED_EDGE('',*,*,#5112,.T.);
#5112 = EDGE_CURVE('',#4894,#5113,#5115,.T.);
#5113 = VERTEX_POINT('',#5114);
#5114 = CARTESIAN_POINT('',(0.5,-0.37,0.74));
#5115 = LINE('',#5116,#5117);
#5116 = CARTESIAN_POINT('',(-0.5,-0.37,0.74));
#5117 = VECTOR('',#5118,1.);
#5118 = DIRECTION('',(1.,0.,0.));
#5119 = ORIENTED_EDGE('',*,*,#5120,.T.);
#5120 = EDGE_CURVE('',#5113,#5090,#5121,.T.);
#5121 = CIRCLE('',#5122,3.E-02);
#5122 = AXIS2_PLACEMENT_3D('',#5123,#5124,#5125);
#5123 = CARTESIAN_POINT('',(0.5,-0.34,0.74));
#5124 = DIRECTION('',(-1.,0.,0.));
#5125 = DIRECTION('',(0.,0.,1.));
#5126 = ORIENTED_EDGE('',*,*,#5089,.F.);
#5127 = ORIENTED_EDGE('',*,*,#4901,.F.);
#5128 = CYLINDRICAL_SURFACE('',#5129,3.E-02);
#5129 = AXIS2_PLACEMENT_3D('',#5130,#5131,#5132);
#5130 = CARTESIAN_POINT('',(-0.5,-0.34,0.74));
#5131 = DIRECTION('',(1.,0.,0.));
#5132 = DIRECTION('',(0.,-1.,0.));
#5133 = ADVANCED_FACE('',(#5134),#5145,.F.);
#5134 = FACE_BOUND('',#5135,.F.);
#5135 = EDGE_LOOP('',(#5136,#5142,#5143,#5144));
#5136 = ORIENTED_EDGE('',*,*,#5137,.F.);
#5137 = EDGE_CURVE('',#4968,#5113,#5138,.T.);
#5138 = LINE('',#5139,#5140);
#5139 = CARTESIAN_POINT('',(0.5,-0.37,3.E-02));
#5140 = VECTOR('',#5141,1.);
#5141 = DIRECTION('',(0.,0.,1.));
#5142 = ORIENTED_EDGE('',*,*,#4976,.F.);
#5143 = ORIENTED_EDGE('',*,*,#4893,.T.);
#5144 = ORIENTED_EDGE('',*,*,#5112,.T.);
#5145 = PLANE('',#5146);
#5146 = AXIS2_PLACEMENT_3D('',#5147,#5148,#5149);
#5147 = CARTESIAN_POINT('',(-0.5,-0.37,3.E-02));
#5148 = DIRECTION('',(0.,1.,0.));
#5149 = DIRECTION('',(0.,-0.,1.));
#5150 = ADVANCED_FACE('',(#5151,#5221),#5231,.F.);
#5151 = FACE_BOUND('',#5152,.F.);
#5152 = EDGE_LOOP('',(#5153,#5163,#5172,#5180,#5189,#5197,#5206,#5214));
#5153 = ORIENTED_EDGE('',*,*,#5154,.F.);
#5154 = EDGE_CURVE('',#5155,#5157,#5159,.T.);
#5155 = VERTEX_POINT('',#5156);
#5156 = CARTESIAN_POINT('',(0.5,-0.4,3.E-02));
#5157 = VERTEX_POINT('',#5158);
#5158 = CARTESIAN_POINT('',(0.5,-0.4,0.77));
#5159 = LINE('',#5160,#5161);
#5160 = CARTESIAN_POINT('',(0.5,-0.4,0.));
#5161 = VECTOR('',#5162,1.);
#5162 = DIRECTION('',(0.,0.,1.));
#5163 = ORIENTED_EDGE('',*,*,#5164,.T.);
#5164 = EDGE_CURVE('',#5155,#5165,#5167,.T.);
#5165 = VERTEX_POINT('',#5166);
#5166 = CARTESIAN_POINT('',(0.5,-0.37,0.));
#5167 = CIRCLE('',#5168,3.E-02);
#5168 = AXIS2_PLACEMENT_3D('',#5169,#5170,#5171);
#5169 = CARTESIAN_POINT('',(0.5,-0.37,3.E-02));
#5170 = DIRECTION('',(1.,0.,-0.));
#5171 = DIRECTION('',(0.,0.,1.));
#5172 = ORIENTED_EDGE('',*,*,#5173,.T.);
#5173 = EDGE_CURVE('',#5165,#5174,#5176,.T.);
#5174 = VERTEX_POINT('',#5175);
#5175 = CARTESIAN_POINT('',(0.5,0.37,0.));
#5176 = LINE('',#5177,#5178);
#5177 = CARTESIAN_POINT('',(0.5,-0.4,0.));
#5178 = VECTOR('',#5179,1.);
#5179 = DIRECTION('',(0.,1.,0.));
#5180 = ORIENTED_EDGE('',*,*,#5181,.F.);
#5181 = EDGE_CURVE('',#5182,#5174,#5184,.T.);
#5182 = VERTEX_POINT('',#5183);
#5183 = CARTESIAN_POINT('',(0.5,0.4,3.E-02));
#5184 = CIRCLE('',#5185,3.E-02);
#5185 = AXIS2_PLACEMENT_3D('',#5186,#5187,#5188);
#5186 = CARTESIAN_POINT('',(0.5,0.37,3.E-02));
#5187 = DIRECTION('',(-1.,0.,0.));
#5188 = DIRECTION('',(0.,0.,1.));
#5189 = ORIENTED_EDGE('',*,*,#5190,.T.);
#5190 = EDGE_CURVE('',#5182,#5191,#5193,.T.);
#5191 = VERTEX_POINT('',#5192);
#5192 = CARTESIAN_POINT('',(0.5,0.4,0.77));
#5193 = LINE('',#5194,#5195);
#5194 = CARTESIAN_POINT('',(0.5,0.4,0.));
#5195 = VECTOR('',#5196,1.);
#5196 = DIRECTION('',(0.,0.,1.));
#5197 = ORIENTED_EDGE('',*,*,#5198,.T.);
#5198 = EDGE_CURVE('',#5191,#5199,#5201,.T.);
#5199 = VERTEX_POINT('',#5200);
#5200 = CARTESIAN_POINT('',(0.5,0.37,0.8));
#5201 = CIRCLE('',#5202,3.E-02);
#5202 = AXIS2_PLACEMENT_3D('',#5203,#5204,#5205);
#5203 = CARTESIAN_POINT('',(0.5,0.37,0.77));
#5204 = DIRECTION('',(1.,0.,-0.));
#5205 = DIRECTION('',(0.,0.,1.));
#5206 = ORIENTED_EDGE('',*,*,#5207,.F.);
#5207 = EDGE_CURVE('',#5208,#5199,#5210,.T.);
#5208 = VERTEX_POINT('',#5209);
#5209 = CARTESIAN_POINT('',(0.5,-0.37,0.8));
#5210 = LINE('',#5211,#5212);
#5211 = CARTESIAN_POINT('',(0.5,-0.4,0.8));
#5212 = VECTOR('',#5213,1.);
#5213 = DIRECTION('',(0.,1.,0.));
#5214 = ORIENTED_EDGE('',*,*,#5215,.F.);
#5215 = EDGE_CURVE('',#5157,#5208,#5216,.T.);
#5216 = CIRCLE('',#5217,3.E-02);
#5217 = AXIS2_PLACEMENT_3D('',#5218,#5219,#5220);
#5218 = CARTESIAN_POINT('',(0.5,-0.37,0.77));
#5219 = DIRECTION('',(-1.,0.,0.));
#5220 = DIRECTION('',(0.,0.,1.));
#5221 = FACE_BOUND('',#5222,.F.);
#5222 = EDGE_LOOP('',(#5223,#5224,#5225,#5226,#5227,#5228,#5229,#5230));
#5223 = ORIENTED_EDGE('',*,*,#4967,.F.);
#5224 = ORIENTED_EDGE('',*,*,#5137,.T.);
#5225 = ORIENTED_EDGE('',*,*,#5120,.T.);
#5226 = ORIENTED_EDGE('',*,*,#5097,.T.);
#5227 = ORIENTED_EDGE('',*,*,#5072,.F.);
#5228 = ORIENTED_EDGE('',*,*,#5039,.F.);
#5229 = ORIENTED_EDGE('',*,*,#5022,.T.);
#5230 = ORIENTED_EDGE('',*,*,#4992,.F.);
#5231 = PLANE('',#5232);
#5232 = AXIS2_PLACEMENT_3D('',#5233,#5234,#5235);
#5233 = CARTESIAN_POINT('',(0.5,-0.4,0.));
#5234 = DIRECTION('',(1.,0.,0.));
#5235 = DIRECTION('',(0.,0.,1.));
#5236 = ADVANCED_FACE('',(#5237),#5262,.F.);
#5237 = FACE_BOUND('',#5238,.F.);
#5238 = EDGE_LOOP('',(#5239,#5249,#5255,#5256));
#5239 = ORIENTED_EDGE('',*,*,#5240,.F.);
#5240 = EDGE_CURVE('',#5241,#5243,#5245,.T.);
#5241 = VERTEX_POINT('',#5242);
#5242 = CARTESIAN_POINT('',(0.8,-0.4,3.E-02));
#5243 = VERTEX_POINT('',#5244);
#5244 = CARTESIAN_POINT('',(0.8,-0.4,0.77));
#5245 = LINE('',#5246,#5247);
#5246 = CARTESIAN_POINT('',(0.8,-0.4,0.));
#5247 = VECTOR('',#5248,1.);
#5248 = DIRECTION('',(0.,0.,1.));
#5249 = ORIENTED_EDGE('',*,*,#5250,.F.);
#5250 = EDGE_CURVE('',#5155,#5241,#5251,.T.);
#5251 = LINE('',#5252,#5253);
#5252 = CARTESIAN_POINT('',(0.5,-0.4,3.E-02));
#5253 = VECTOR('',#5254,1.);
#5254 = DIRECTION('',(1.,0.,0.));
#5255 = ORIENTED_EDGE('',*,*,#5154,.T.);
#5256 = ORIENTED_EDGE('',*,*,#5257,.T.);
#5257 = EDGE_CURVE('',#5157,#5243,#5258,.T.);
#5258 = LINE('',#5259,#5260);
#5259 = CARTESIAN_POINT('',(0.5,-0.4,0.77));
#5260 = VECTOR('',#5261,1.);
#5261 = DIRECTION('',(1.,0.,0.));
#5262 = PLANE('',#5263);
#5263 = AXIS2_PLACEMENT_3D('',#5264,#5265,#5266);
#5264 = CARTESIAN_POINT('',(0.5,-0.4,0.));
#5265 = DIRECTION('',(0.,1.,0.));
#5266 = DIRECTION('',(0.,-0.,1.));
#5267 = ADVANCED_FACE('',(#5268),#5287,.T.);
#5268 = FACE_BOUND('',#5269,.T.);
#5269 = EDGE_LOOP('',(#5270,#5271,#5279,#5286));
#5270 = ORIENTED_EDGE('',*,*,#5164,.T.);
#5271 = ORIENTED_EDGE('',*,*,#5272,.T.);
#5272 = EDGE_CURVE('',#5165,#5273,#5275,.T.);
#5273 = VERTEX_POINT('',#5274);
#5274 = CARTESIAN_POINT('',(0.8,-0.37,0.));
#5275 = LINE('',#5276,#5277);
#5276 = CARTESIAN_POINT('',(0.5,-0.37,0.));
#5277 = VECTOR('',#5278,1.);
#5278 = DIRECTION('',(1.,0.,0.));
#5279 = ORIENTED_EDGE('',*,*,#5280,.F.);
#5280 = EDGE_CURVE('',#5241,#5273,#5281,.T.);
#5281 = CIRCLE('',#5282,3.E-02);
#5282 = AXIS2_PLACEMENT_3D('',#5283,#5284,#5285);
#5283 = CARTESIAN_POINT('',(0.8,-0.37,3.E-02));
#5284 = DIRECTION('',(1.,0.,-0.));
#5285 = DIRECTION('',(0.,0.,1.));
#5286 = ORIENTED_EDGE('',*,*,#5250,.F.);
#5287 = CYLINDRICAL_SURFACE('',#5288,3.E-02);
#5288 = AXIS2_PLACEMENT_3D('',#5289,#5290,#5291);
#5289 = CARTESIAN_POINT('',(0.5,-0.37,3.E-02));
#5290 = DIRECTION('',(1.,0.,0.));
#5291 = DIRECTION('',(0.,-1.,0.));
#5292 = ADVANCED_FACE('',(#5293),#5312,.T.);
#5293 = FACE_BOUND('',#5294,.T.);
#5294 = EDGE_LOOP('',(#5295,#5296,#5305,#5311));
#5295 = ORIENTED_EDGE('',*,*,#5257,.T.);
#5296 = ORIENTED_EDGE('',*,*,#5297,.T.);
#5297 = EDGE_CURVE('',#5243,#5298,#5300,.T.);
#5298 = VERTEX_POINT('',#5299);
#5299 = CARTESIAN_POINT('',(0.8,-0.37,0.8));
#5300 = CIRCLE('',#5301,3.E-02);
#5301 = AXIS2_PLACEMENT_3D('',#5302,#5303,#5304);
#5302 = CARTESIAN_POINT('',(0.8,-0.37,0.77));
#5303 = DIRECTION('',(-1.,0.,0.));
#5304 = DIRECTION('',(0.,0.,1.));
#5305 = ORIENTED_EDGE('',*,*,#5306,.F.);
#5306 = EDGE_CURVE('',#5208,#5298,#5307,.T.);
#5307 = LINE('',#5308,#5309);
#5308 = CARTESIAN_POINT('',(0.5,-0.37,0.8));
#5309 = VECTOR('',#5310,1.);
#5310 = DIRECTION('',(1.,0.,0.));
#5311 = ORIENTED_EDGE('',*,*,#5215,.F.);
#5312 = CYLINDRICAL_SURFACE('',#5313,3.E-02);
#5313 = AXIS2_PLACEMENT_3D('',#5314,#5315,#5316);
#5314 = CARTESIAN_POINT('',(0.5,-0.37,0.77));
#5315 = DIRECTION('',(1.,0.,0.));
#5316 = DIRECTION('',(0.,-1.,0.));
#5317 = ADVANCED_FACE('',(#5318),#5336,.F.);
#5318 = FACE_BOUND('',#5319,.F.);
#5319 = EDGE_LOOP('',(#5320,#5321,#5322,#5330));
#5320 = ORIENTED_EDGE('',*,*,#5173,.F.);
#5321 = ORIENTED_EDGE('',*,*,#5272,.T.);
#5322 = ORIENTED_EDGE('',*,*,#5323,.T.);
#5323 = EDGE_CURVE('',#5273,#5324,#5326,.T.);
#5324 = VERTEX_POINT('',#5325);
#5325 = CARTESIAN_POINT('',(0.8,0.37,0.));
#5326 = LINE('',#5327,#5328);
#5327 = CARTESIAN_POINT('',(0.8,-0.4,0.));
#5328 = VECTOR('',#5329,1.);
#5329 = DIRECTION('',(0.,1.,0.));
#5330 = ORIENTED_EDGE('',*,*,#5331,.F.);
#5331 = EDGE_CURVE('',#5174,#5324,#5332,.T.);
#5332 = LINE('',#5333,#5334);
#5333 = CARTESIAN_POINT('',(0.5,0.37,0.));
#5334 = VECTOR('',#5335,1.);
#5335 = DIRECTION('',(1.,0.,0.));
#5336 = PLANE('',#5337);
#5337 = AXIS2_PLACEMENT_3D('',#5338,#5339,#5340);
#5338 = CARTESIAN_POINT('',(0.5,-0.4,0.));
#5339 = DIRECTION('',(0.,0.,1.));
#5340 = DIRECTION('',(1.,0.,-0.));
#5341 = ADVANCED_FACE('',(#5342),#5360,.T.);
#5342 = FACE_BOUND('',#5343,.T.);
#5343 = EDGE_LOOP('',(#5344,#5345,#5346,#5354));
#5344 = ORIENTED_EDGE('',*,*,#5207,.F.);
#5345 = ORIENTED_EDGE('',*,*,#5306,.T.);
#5346 = ORIENTED_EDGE('',*,*,#5347,.T.);
#5347 = EDGE_CURVE('',#5298,#5348,#5350,.T.);
#5348 = VERTEX_POINT('',#5349);
#5349 = CARTESIAN_POINT('',(0.8,0.37,0.8));
#5350 = LINE('',#5351,#5352);
#5351 = CARTESIAN_POINT('',(0.8,-0.4,0.8));
#5352 = VECTOR('',#5353,1.);
#5353 = DIRECTION('',(0.,1.,0.));
#5354 = ORIENTED_EDGE('',*,*,#5355,.F.);
#5355 = EDGE_CURVE('',#5199,#5348,#5356,.T.);
#5356 = LINE('',#5357,#5358);
#5357 = CARTESIAN_POINT('',(0.5,0.37,0.8));
#5358 = VECTOR('',#5359,1.);
#5359 = DIRECTION('',(1.,0.,0.));
#5360 = PLANE('',#5361);
#5361 = AXIS2_PLACEMENT_3D('',#5362,#5363,#5364);
#5362 = CARTESIAN_POINT('',(0.5,-0.4,0.8));
#5363 = DIRECTION('',(0.,0.,1.));
#5364 = DIRECTION('',(1.,0.,-0.));
#5365 = ADVANCED_FACE('',(#5366),#5385,.T.);
#5366 = FACE_BOUND('',#5367,.T.);
#5367 = EDGE_LOOP('',(#5368,#5376,#5383,#5384));
#5368 = ORIENTED_EDGE('',*,*,#5369,.T.);
#5369 = EDGE_CURVE('',#5182,#5370,#5372,.T.);
#5370 = VERTEX_POINT('',#5371);
#5371 = CARTESIAN_POINT('',(0.8,0.4,3.E-02));
#5372 = LINE('',#5373,#5374);
#5373 = CARTESIAN_POINT('',(0.5,0.4,3.E-02));
#5374 = VECTOR('',#5375,1.);
#5375 = DIRECTION('',(1.,0.,0.));
#5376 = ORIENTED_EDGE('',*,*,#5377,.T.);
#5377 = EDGE_CURVE('',#5370,#5324,#5378,.T.);
#5378 = CIRCLE('',#5379,3.E-02);
#5379 = AXIS2_PLACEMENT_3D('',#5380,#5381,#5382);
#5380 = CARTESIAN_POINT('',(0.8,0.37,3.E-02));
#5381 = DIRECTION('',(-1.,0.,0.));
#5382 = DIRECTION('',(0.,0.,1.));
#5383 = ORIENTED_EDGE('',*,*,#5331,.F.);
#5384 = ORIENTED_EDGE('',*,*,#5181,.F.);
#5385 = CYLINDRICAL_SURFACE('',#5386,3.E-02);
#5386 = AXIS2_PLACEMENT_3D('',#5387,#5388,#5389);
#5387 = CARTESIAN_POINT('',(0.5,0.37,3.E-02));
#5388 = DIRECTION('',(1.,0.,0.));
#5389 = DIRECTION('',(-0.,1.,0.));
#5390 = ADVANCED_FACE('',(#5391),#5410,.T.);
#5391 = FACE_BOUND('',#5392,.T.);
#5392 = EDGE_LOOP('',(#5393,#5394,#5395,#5404));
#5393 = ORIENTED_EDGE('',*,*,#5198,.T.);
#5394 = ORIENTED_EDGE('',*,*,#5355,.T.);
#5395 = ORIENTED_EDGE('',*,*,#5396,.F.);
#5396 = EDGE_CURVE('',#5397,#5348,#5399,.T.);
#5397 = VERTEX_POINT('',#5398);
#5398 = CARTESIAN_POINT('',(0.8,0.4,0.77));
#5399 = CIRCLE('',#5400,3.E-02);
#5400 = AXIS2_PLACEMENT_3D('',#5401,#5402,#5403);
#5401 = CARTESIAN_POINT('',(0.8,0.37,0.77));
#5402 = DIRECTION('',(1.,0.,-0.));
#5403 = DIRECTION('',(0.,0.,1.));
#5404 = ORIENTED_EDGE('',*,*,#5405,.F.);
#5405 = EDGE_CURVE('',#5191,#5397,#5406,.T.);
#5406 = LINE('',#5407,#5408);
#5407 = CARTESIAN_POINT('',(0.5,0.4,0.77));
#5408 = VECTOR('',#5409,1.);
#5409 = DIRECTION('',(1.,0.,0.));
#5410 = CYLINDRICAL_SURFACE('',#5411,3.E-02);
#5411 = AXIS2_PLACEMENT_3D('',#5412,#5413,#5414);
#5412 = CARTESIAN_POINT('',(0.5,0.37,0.77));
#5413 = DIRECTION('',(1.,0.,0.));
#5414 = DIRECTION('',(-0.,1.,0.));
#5415 = ADVANCED_FACE('',(#5416),#5427,.T.);
#5416 = FACE_BOUND('',#5417,.T.);
#5417 = EDGE_LOOP('',(#5418,#5424,#5425,#5426));
#5418 = ORIENTED_EDGE('',*,*,#5419,.F.);
#5419 = EDGE_CURVE('',#5370,#5397,#5420,.T.);
#5420 = LINE('',#5421,#5422);
#5421 = CARTESIAN_POINT('',(0.8,0.4,0.));
#5422 = VECTOR('',#5423,1.);
#5423 = DIRECTION('',(0.,0.,1.));
#5424 = ORIENTED_EDGE('',*,*,#5369,.F.);
#5425 = ORIENTED_EDGE('',*,*,#5190,.T.);
#5426 = ORIENTED_EDGE('',*,*,#5405,.T.);
#5427 = PLANE('',#5428);
#5428 = AXIS2_PLACEMENT_3D('',#5429,#5430,#5431);
#5429 = CARTESIAN_POINT('',(0.5,0.4,0.));
#5430 = DIRECTION('',(0.,1.,0.));
#5431 = DIRECTION('',(0.,-0.,1.));
#5432 = ADVANCED_FACE('',(#5433),#5443,.T.);
#5433 = FACE_BOUND('',#5434,.T.);
#5434 = EDGE_LOOP('',(#5435,#5436,#5437,#5438,#5439,#5440,#5441,#5442));
#5435 = ORIENTED_EDGE('',*,*,#5240,.F.);
#5436 = ORIENTED_EDGE('',*,*,#5280,.T.);
#5437 = ORIENTED_EDGE('',*,*,#5323,.T.);
#5438 = ORIENTED_EDGE('',*,*,#5377,.F.);
#5439 = ORIENTED_EDGE('',*,*,#5419,.T.);
#5440 = ORIENTED_EDGE('',*,*,#5396,.T.);
#5441 = ORIENTED_EDGE('',*,*,#5347,.F.);
#5442 = ORIENTED_EDGE('',*,*,#5297,.F.);
#5443 = PLANE('',#5444);
#5444 = AXIS2_PLACEMENT_3D('',#5445,#5446,#5447);
#5445 = CARTESIAN_POINT('',(0.8,-0.4,0.));
#5446 = DIRECTION('',(1.,0.,0.));
#5447 = DIRECTION('',(0.,0.,1.));
#5448 = ( GEOMETRIC_REPRESENTATION_CONTEXT(3) 
GLOBAL_UNCERTAINTY_ASSIGNED_CONTEXT((#5452)) 
GLOBAL_UNIT_ASSIGNED_CONTEXT((#5449,#5450,#5451)) REPRESENTATION_CONTEXT
('Context #1','3D Context with UNIT and UNCERTAINTY') );
#5449 = ( LENGTH_UNIT() NAMED_UNIT(*) SI_UNIT(.MILLI.,.METRE.) );
#5450 = ( NAMED_UNIT(*) PLANE_ANGLE_UNIT() SI_UNIT($,.RADIAN.) );
#5451 = ( NAMED_UNIT(*) SI_UNIT($,.STERADIAN.) SOLID_ANGLE_UNIT() );
#5452 = UNCERTAINTY_MEASURE_WITH_UNIT(LENGTH_MEASURE(1.E-07),#5449,
  'distance_accuracy_value','confusion accuracy');
#5453 = CONTEXT_DEPENDENT_SHAPE_REPRESENTATION(#5454,#5456);
#5454 = ( REPRESENTATION_RELATIONSHIP('','',#4593,#10) 
REPRESENTATION_RELATIONSHIP_WITH_TRANSFORMATION(#5455) 
SHAPE_REPRESENTATION_RELATIONSHIP() );
#5455 = ITEM_DEFINED_TRANSFORMATION('','',#11,#31);
#5456 = PRODUCT_DEFINITION_SHAPE('Placement','Placement of an item',
  #5457);
#5457 = NEXT_ASSEMBLY_USAGE_OCCURRENCE('5','C1','',#5,#4588,$);
#5458 = PRODUCT_RELATED_PRODUCT_CATEGORY('part',$,(#4590));
#5459 = SHAPE_DEFINITION_REPRESENTATION(#5460,#5466);
#5460 = PRODUCT_DEFINITION_SHAPE('','',#5461);
#5461 = PRODUCT_DEFINITION('design','',#5462,#5465);
#5462 = PRODUCT_DEFINITION_FORMATION('','',#5463);
#5463 = PRODUCT('LED_0603_1608Metric','LED_0603_1608Metric','',(#5464));
#5464 = PRODUCT_CONTEXT('',#2,'mechanical');
#5465 = PRODUCT_DEFINITION_CONTEXT('part definition',#2,'design');
#5466 = ADVANCED_BREP_SHAPE_REPRESENTATION('',(#11,#5467),#6990);
#5467 = MANIFOLD_SOLID_BREP('',#5468);
#5468 = CLOSED_SHELL('',(#5469,#5509,#5556,#5635,#5659,#5699,#5730,#5747
    ,#5780,#5804,#5871,#5992,#6059,#6083,#6114,#6147,#6203,#6227,#6251,
    #6275,#6308,#6320,#6383,#6408,#6425,#6449,#6467,#6485,#6503,#6520,
    #6537,#6568,#6593,#6618,#6642,#6659,#6690,#6714,#6731,#6759,#6784,
    #6808,#6833,#6880,#6897,#6909,#6931,#6943,#6961,#6979));
#5469 = ADVANCED_FACE('',(#5470),#5504,.F.);
#5470 = FACE_BOUND('',#5471,.F.);
#5471 = EDGE_LOOP('',(#5472,#5482,#5490,#5498));
#5472 = ORIENTED_EDGE('',*,*,#5473,.T.);
#5473 = EDGE_CURVE('',#5474,#5476,#5478,.T.);
#5474 = VERTEX_POINT('',#5475);
#5475 = CARTESIAN_POINT('',(-0.5,-0.4,0.47));
#5476 = VERTEX_POINT('',#5477);
#5477 = CARTESIAN_POINT('',(-0.45,-0.4,1.1));
#5478 = LINE('',#5479,#5480);
#5479 = CARTESIAN_POINT('',(-0.5,-0.4,0.47));
#5480 = VECTOR('',#5481,1.);
#5481 = DIRECTION('',(7.911630099815E-02,0.,0.996865392576));
#5482 = ORIENTED_EDGE('',*,*,#5483,.T.);
#5483 = EDGE_CURVE('',#5476,#5484,#5486,.T.);
#5484 = VERTEX_POINT('',#5485);
#5485 = CARTESIAN_POINT('',(0.45,-0.4,1.1));
#5486 = LINE('',#5487,#5488);
#5487 = CARTESIAN_POINT('',(-0.45,-0.4,1.1));
#5488 = VECTOR('',#5489,1.);
#5489 = DIRECTION('',(1.,0.,0.));
#5490 = ORIENTED_EDGE('',*,*,#5491,.T.);
#5491 = EDGE_CURVE('',#5484,#5492,#5494,.T.);
#5492 = VERTEX_POINT('',#5493);
#5493 = CARTESIAN_POINT('',(0.5,-0.4,0.47));
#5494 = LINE('',#5495,#5496);
#5495 = CARTESIAN_POINT('',(0.45,-0.4,1.1));
#5496 = VECTOR('',#5497,1.);
#5497 = DIRECTION('',(7.911630099815E-02,0.,-0.996865392576));
#5498 = ORIENTED_EDGE('',*,*,#5499,.T.);
#5499 = EDGE_CURVE('',#5492,#5474,#5500,.T.);
#5500 = LINE('',#5501,#5502);
#5501 = CARTESIAN_POINT('',(0.5,-0.4,0.47));
#5502 = VECTOR('',#5503,1.);
#5503 = DIRECTION('',(-1.,0.,0.));
#5504 = PLANE('',#5505);
#5505 = AXIS2_PLACEMENT_3D('',#5506,#5507,#5508);
#5506 = CARTESIAN_POINT('',(-8.772411109409E-18,-0.4,0.775044128294));
#5507 = DIRECTION('',(0.,1.,0.));
#5508 = DIRECTION('',(0.,-0.,1.));
#5509 = ADVANCED_FACE('',(#5510),#5551,.T.);
#5510 = FACE_BOUND('',#5511,.T.);
#5511 = EDGE_LOOP('',(#5512,#5522,#5530,#5536,#5537,#5545));
#5512 = ORIENTED_EDGE('',*,*,#5513,.T.);
#5513 = EDGE_CURVE('',#5514,#5516,#5518,.T.);
#5514 = VERTEX_POINT('',#5515);
#5515 = CARTESIAN_POINT('',(-0.5,0.4,0.47));
#5516 = VERTEX_POINT('',#5517);
#5517 = CARTESIAN_POINT('',(-0.5,0.3,0.47));
#5518 = LINE('',#5519,#5520);
#5519 = CARTESIAN_POINT('',(-0.5,0.4,0.47));
#5520 = VECTOR('',#5521,1.);
#5521 = DIRECTION('',(0.,-1.,0.));
#5522 = ORIENTED_EDGE('',*,*,#5523,.F.);
#5523 = EDGE_CURVE('',#5524,#5516,#5526,.T.);
#5524 = VERTEX_POINT('',#5525);
#5525 = CARTESIAN_POINT('',(-0.5,-0.3,0.47));
#5526 = LINE('',#5527,#5528);
#5527 = CARTESIAN_POINT('',(-0.5,-0.4,0.47));
#5528 = VECTOR('',#5529,1.);
#5529 = DIRECTION('',(0.,1.,0.));
#5530 = ORIENTED_EDGE('',*,*,#5531,.T.);
#5531 = EDGE_CURVE('',#5524,#5474,#5532,.T.);
#5532 = LINE('',#5533,#5534);
#5533 = CARTESIAN_POINT('',(-0.5,0.4,0.47));
#5534 = VECTOR('',#5535,1.);
#5535 = DIRECTION('',(0.,-1.,0.));
#5536 = ORIENTED_EDGE('',*,*,#5473,.T.);
#5537 = ORIENTED_EDGE('',*,*,#5538,.F.);
#5538 = EDGE_CURVE('',#5539,#5476,#5541,.T.);
#5539 = VERTEX_POINT('',#5540);
#5540 = CARTESIAN_POINT('',(-0.45,0.4,1.1));
#5541 = LINE('',#5542,#5543);
#5542 = CARTESIAN_POINT('',(-0.45,0.4,1.1));
#5543 = VECTOR('',#5544,1.);
#5544 = DIRECTION('',(0.,-1.,0.));
#5545 = ORIENTED_EDGE('',*,*,#5546,.F.);
#5546 = EDGE_CURVE('',#5514,#5539,#5547,.T.);
#5547 = LINE('',#5548,#5549);
#5548 = CARTESIAN_POINT('',(-0.5,0.4,0.47));
#5549 = VECTOR('',#5550,1.);
#5550 = DIRECTION('',(7.911630099815E-02,0.,0.996865392576));
#5551 = PLANE('',#5552);
#5552 = AXIS2_PLACEMENT_3D('',#5553,#5554,#5555);
#5553 = CARTESIAN_POINT('',(-0.5,0.4,0.47));
#5554 = DIRECTION('',(-0.996865392576,0.,7.911630099815E-02));
#5555 = DIRECTION('',(7.911630099815E-02,0.,0.996865392576));
#5556 = ADVANCED_FACE('',(#5557),#5630,.F.);
#5557 = FACE_BOUND('',#5558,.F.);
#5558 = EDGE_LOOP('',(#5559,#5569,#5577,#5585,#5591,#5592,#5600,#5608,
    #5616,#5624));
#5559 = ORIENTED_EDGE('',*,*,#5560,.F.);
#5560 = EDGE_CURVE('',#5561,#5563,#5565,.T.);
#5561 = VERTEX_POINT('',#5562);
#5562 = CARTESIAN_POINT('',(-0.77,-0.4,3.E-02));
#5563 = VERTEX_POINT('',#5564);
#5564 = CARTESIAN_POINT('',(-0.725,-0.4,3.E-02));
#5565 = LINE('',#5566,#5567);
#5566 = CARTESIAN_POINT('',(-0.77,-0.4,3.E-02));
#5567 = VECTOR('',#5568,1.);
#5568 = DIRECTION('',(1.,0.,0.));
#5569 = ORIENTED_EDGE('',*,*,#5570,.T.);
#5570 = EDGE_CURVE('',#5561,#5571,#5573,.T.);
#5571 = VERTEX_POINT('',#5572);
#5572 = CARTESIAN_POINT('',(-0.77,-0.4,0.47));
#5573 = LINE('',#5574,#5575);
#5574 = CARTESIAN_POINT('',(-0.77,-0.4,3.E-02));
#5575 = VECTOR('',#5576,1.);
#5576 = DIRECTION('',(0.,0.,1.));
#5577 = ORIENTED_EDGE('',*,*,#5578,.T.);
#5578 = EDGE_CURVE('',#5571,#5579,#5581,.T.);
#5579 = VERTEX_POINT('',#5580);
#5580 = CARTESIAN_POINT('',(-0.725,-0.4,0.47));
#5581 = LINE('',#5582,#5583);
#5582 = CARTESIAN_POINT('',(-0.77,-0.4,0.47));
#5583 = VECTOR('',#5584,1.);
#5584 = DIRECTION('',(1.,0.,0.));
#5585 = ORIENTED_EDGE('',*,*,#5586,.T.);
#5586 = EDGE_CURVE('',#5579,#5474,#5587,.T.);
#5587 = LINE('',#5588,#5589);
#5588 = CARTESIAN_POINT('',(-0.77,-0.4,0.47));
#5589 = VECTOR('',#5590,1.);
#5590 = DIRECTION('',(1.,0.,0.));
#5591 = ORIENTED_EDGE('',*,*,#5499,.F.);
#5592 = ORIENTED_EDGE('',*,*,#5593,.T.);
#5593 = EDGE_CURVE('',#5492,#5594,#5596,.T.);
#5594 = VERTEX_POINT('',#5595);
#5595 = CARTESIAN_POINT('',(0.725,-0.4,0.47));
#5596 = LINE('',#5597,#5598);
#5597 = CARTESIAN_POINT('',(-0.77,-0.4,0.47));
#5598 = VECTOR('',#5599,1.);
#5599 = DIRECTION('',(1.,0.,0.));
#5600 = ORIENTED_EDGE('',*,*,#5601,.T.);
#5601 = EDGE_CURVE('',#5594,#5602,#5604,.T.);
#5602 = VERTEX_POINT('',#5603);
#5603 = CARTESIAN_POINT('',(0.77,-0.4,0.47));
#5604 = LINE('',#5605,#5606);
#5605 = CARTESIAN_POINT('',(-0.77,-0.4,0.47));
#5606 = VECTOR('',#5607,1.);
#5607 = DIRECTION('',(1.,0.,0.));
#5608 = ORIENTED_EDGE('',*,*,#5609,.F.);
#5609 = EDGE_CURVE('',#5610,#5602,#5612,.T.);
#5610 = VERTEX_POINT('',#5611);
#5611 = CARTESIAN_POINT('',(0.77,-0.4,3.E-02));
#5612 = LINE('',#5613,#5614);
#5613 = CARTESIAN_POINT('',(0.77,-0.4,3.E-02));
#5614 = VECTOR('',#5615,1.);
#5615 = DIRECTION('',(0.,0.,1.));
#5616 = ORIENTED_EDGE('',*,*,#5617,.F.);
#5617 = EDGE_CURVE('',#5618,#5610,#5620,.T.);
#5618 = VERTEX_POINT('',#5619);
#5619 = CARTESIAN_POINT('',(0.725,-0.4,3.E-02));
#5620 = LINE('',#5621,#5622);
#5621 = CARTESIAN_POINT('',(-0.77,-0.4,3.E-02));
#5622 = VECTOR('',#5623,1.);
#5623 = DIRECTION('',(1.,0.,0.));
#5624 = ORIENTED_EDGE('',*,*,#5625,.F.);
#5625 = EDGE_CURVE('',#5563,#5618,#5626,.T.);
#5626 = LINE('',#5627,#5628);
#5627 = CARTESIAN_POINT('',(-0.77,-0.4,3.E-02));
#5628 = VECTOR('',#5629,1.);
#5629 = DIRECTION('',(1.,0.,0.));
#5630 = PLANE('',#5631);
#5631 = AXIS2_PLACEMENT_3D('',#5632,#5633,#5634);
#5632 = CARTESIAN_POINT('',(-0.77,-0.4,3.E-02));
#5633 = DIRECTION('',(0.,1.,0.));
#5634 = DIRECTION('',(0.,-0.,1.));
#5635 = ADVANCED_FACE('',(#5636),#5654,.T.);
#5636 = FACE_BOUND('',#5637,.T.);
#5637 = EDGE_LOOP('',(#5638,#5639,#5640,#5648));
#5638 = ORIENTED_EDGE('',*,*,#5538,.T.);
#5639 = ORIENTED_EDGE('',*,*,#5483,.T.);
#5640 = ORIENTED_EDGE('',*,*,#5641,.F.);
#5641 = EDGE_CURVE('',#5642,#5484,#5644,.T.);
#5642 = VERTEX_POINT('',#5643);
#5643 = CARTESIAN_POINT('',(0.45,0.4,1.1));
#5644 = LINE('',#5645,#5646);
#5645 = CARTESIAN_POINT('',(0.45,0.4,1.1));
#5646 = VECTOR('',#5647,1.);
#5647 = DIRECTION('',(0.,-1.,0.));
#5648 = ORIENTED_EDGE('',*,*,#5649,.F.);
#5649 = EDGE_CURVE('',#5539,#5642,#5650,.T.);
#5650 = LINE('',#5651,#5652);
#5651 = CARTESIAN_POINT('',(-0.45,0.4,1.1));
#5652 = VECTOR('',#5653,1.);
#5653 = DIRECTION('',(1.,0.,0.));
#5654 = PLANE('',#5655);
#5655 = AXIS2_PLACEMENT_3D('',#5656,#5657,#5658);
#5656 = CARTESIAN_POINT('',(-0.45,0.4,1.1));
#5657 = DIRECTION('',(0.,0.,1.));
#5658 = DIRECTION('',(1.,0.,-0.));
#5659 = ADVANCED_FACE('',(#5660),#5694,.T.);
#5660 = FACE_BOUND('',#5661,.T.);
#5661 = EDGE_LOOP('',(#5662,#5663,#5664,#5672,#5680,#5688));
#5662 = ORIENTED_EDGE('',*,*,#5641,.T.);
#5663 = ORIENTED_EDGE('',*,*,#5491,.T.);
#5664 = ORIENTED_EDGE('',*,*,#5665,.F.);
#5665 = EDGE_CURVE('',#5666,#5492,#5668,.T.);
#5666 = VERTEX_POINT('',#5667);
#5667 = CARTESIAN_POINT('',(0.5,-0.3,0.47));
#5668 = LINE('',#5669,#5670);
#5669 = CARTESIAN_POINT('',(0.5,0.4,0.47));
#5670 = VECTOR('',#5671,1.);
#5671 = DIRECTION('',(0.,-1.,0.));
#5672 = ORIENTED_EDGE('',*,*,#5673,.T.);
#5673 = EDGE_CURVE('',#5666,#5674,#5676,.T.);
#5674 = VERTEX_POINT('',#5675);
#5675 = CARTESIAN_POINT('',(0.5,0.3,0.47));
#5676 = LINE('',#5677,#5678);
#5677 = CARTESIAN_POINT('',(0.5,-0.4,0.47));
#5678 = VECTOR('',#5679,1.);
#5679 = DIRECTION('',(0.,1.,0.));
#5680 = ORIENTED_EDGE('',*,*,#5681,.F.);
#5681 = EDGE_CURVE('',#5682,#5674,#5684,.T.);
#5682 = VERTEX_POINT('',#5683);
#5683 = CARTESIAN_POINT('',(0.5,0.4,0.47));
#5684 = LINE('',#5685,#5686);
#5685 = CARTESIAN_POINT('',(0.5,0.4,0.47));
#5686 = VECTOR('',#5687,1.);
#5687 = DIRECTION('',(0.,-1.,0.));
#5688 = ORIENTED_EDGE('',*,*,#5689,.F.);
#5689 = EDGE_CURVE('',#5642,#5682,#5690,.T.);
#5690 = LINE('',#5691,#5692);
#5691 = CARTESIAN_POINT('',(0.45,0.4,1.1));
#5692 = VECTOR('',#5693,1.);
#5693 = DIRECTION('',(7.911630099815E-02,0.,-0.996865392576));
#5694 = PLANE('',#5695);
#5695 = AXIS2_PLACEMENT_3D('',#5696,#5697,#5698);
#5696 = CARTESIAN_POINT('',(0.45,0.4,1.1));
#5697 = DIRECTION('',(0.996865392576,0.,7.911630099815E-02));
#5698 = DIRECTION('',(7.911630099815E-02,0.,-0.996865392576));
#5699 = ADVANCED_FACE('',(#5700),#5725,.T.);
#5700 = FACE_BOUND('',#5701,.T.);
#5701 = EDGE_LOOP('',(#5702,#5710,#5718,#5724));
#5702 = ORIENTED_EDGE('',*,*,#5703,.F.);
#5703 = EDGE_CURVE('',#5704,#5514,#5706,.T.);
#5704 = VERTEX_POINT('',#5705);
#5705 = CARTESIAN_POINT('',(-0.725,0.4,0.47));
#5706 = LINE('',#5707,#5708);
#5707 = CARTESIAN_POINT('',(-0.77,0.4,0.47));
#5708 = VECTOR('',#5709,1.);
#5709 = DIRECTION('',(1.,0.,0.));
#5710 = ORIENTED_EDGE('',*,*,#5711,.F.);
#5711 = EDGE_CURVE('',#5712,#5704,#5714,.T.);
#5712 = VERTEX_POINT('',#5713);
#5713 = CARTESIAN_POINT('',(-0.725,0.3,0.47));
#5714 = LINE('',#5715,#5716);
#5715 = CARTESIAN_POINT('',(-0.725,5.E-02,0.47));
#5716 = VECTOR('',#5717,1.);
#5717 = DIRECTION('',(0.,1.,0.));
#5718 = ORIENTED_EDGE('',*,*,#5719,.F.);
#5719 = EDGE_CURVE('',#5516,#5712,#5720,.T.);
#5720 = LINE('',#5721,#5722);
#5721 = CARTESIAN_POINT('',(-0.7475,0.3,0.47));
#5722 = VECTOR('',#5723,1.);
#5723 = DIRECTION('',(-1.,0.,0.));
#5724 = ORIENTED_EDGE('',*,*,#5513,.F.);
#5725 = PLANE('',#5726);
#5726 = AXIS2_PLACEMENT_3D('',#5727,#5728,#5729);
#5727 = CARTESIAN_POINT('',(-0.77,-0.4,0.47));
#5728 = DIRECTION('',(0.,0.,1.));
#5729 = DIRECTION('',(1.,0.,-0.));
#5730 = ADVANCED_FACE('',(#5731),#5742,.T.);
#5731 = FACE_BOUND('',#5732,.T.);
#5732 = EDGE_LOOP('',(#5733,#5734,#5735,#5736));
#5733 = ORIENTED_EDGE('',*,*,#5546,.T.);
#5734 = ORIENTED_EDGE('',*,*,#5649,.T.);
#5735 = ORIENTED_EDGE('',*,*,#5689,.T.);
#5736 = ORIENTED_EDGE('',*,*,#5737,.T.);
#5737 = EDGE_CURVE('',#5682,#5514,#5738,.T.);
#5738 = LINE('',#5739,#5740);
#5739 = CARTESIAN_POINT('',(0.5,0.4,0.47));
#5740 = VECTOR('',#5741,1.);
#5741 = DIRECTION('',(-1.,0.,0.));
#5742 = PLANE('',#5743);
#5743 = AXIS2_PLACEMENT_3D('',#5744,#5745,#5746);
#5744 = CARTESIAN_POINT('',(-8.772411109409E-18,0.4,0.775044128294));
#5745 = DIRECTION('',(0.,1.,0.));
#5746 = DIRECTION('',(0.,-0.,1.));
#5747 = ADVANCED_FACE('',(#5748),#5775,.T.);
#5748 = FACE_BOUND('',#5749,.T.);
#5749 = EDGE_LOOP('',(#5750,#5759,#5767,#5774));
#5750 = ORIENTED_EDGE('',*,*,#5751,.F.);
#5751 = EDGE_CURVE('',#5752,#5516,#5754,.T.);
#5752 = VERTEX_POINT('',#5753);
#5753 = CARTESIAN_POINT('',(-0.53,0.3,0.5));
#5754 = CIRCLE('',#5755,3.E-02);
#5755 = AXIS2_PLACEMENT_3D('',#5756,#5757,#5758);
#5756 = CARTESIAN_POINT('',(-0.53,0.3,0.47));
#5757 = DIRECTION('',(-0.,1.,0.));
#5758 = DIRECTION('',(1.,0.,0.));
#5759 = ORIENTED_EDGE('',*,*,#5760,.F.);
#5760 = EDGE_CURVE('',#5761,#5752,#5763,.T.);
#5761 = VERTEX_POINT('',#5762);
#5762 = CARTESIAN_POINT('',(-0.53,-0.3,0.5));
#5763 = LINE('',#5764,#5765);
#5764 = CARTESIAN_POINT('',(-0.53,-0.4,0.5));
#5765 = VECTOR('',#5766,1.);
#5766 = DIRECTION('',(0.,1.,0.));
#5767 = ORIENTED_EDGE('',*,*,#5768,.T.);
#5768 = EDGE_CURVE('',#5761,#5524,#5769,.T.);
#5769 = CIRCLE('',#5770,3.E-02);
#5770 = AXIS2_PLACEMENT_3D('',#5771,#5772,#5773);
#5771 = CARTESIAN_POINT('',(-0.53,-0.3,0.47));
#5772 = DIRECTION('',(-0.,1.,0.));
#5773 = DIRECTION('',(1.,0.,0.));
#5774 = ORIENTED_EDGE('',*,*,#5523,.T.);
#5775 = CYLINDRICAL_SURFACE('',#5776,3.E-02);
#5776 = AXIS2_PLACEMENT_3D('',#5777,#5778,#5779);
#5777 = CARTESIAN_POINT('',(-0.53,-0.4,0.47));
#5778 = DIRECTION('',(0.,1.,0.));
#5779 = DIRECTION('',(1.,0.,0.));
#5780 = ADVANCED_FACE('',(#5781),#5799,.T.);
#5781 = FACE_BOUND('',#5782,.T.);
#5782 = EDGE_LOOP('',(#5783,#5791,#5792,#5793));
#5783 = ORIENTED_EDGE('',*,*,#5784,.F.);
#5784 = EDGE_CURVE('',#5579,#5785,#5787,.T.);
#5785 = VERTEX_POINT('',#5786);
#5786 = CARTESIAN_POINT('',(-0.725,-0.3,0.47));
#5787 = LINE('',#5788,#5789);
#5788 = CARTESIAN_POINT('',(-0.725,-0.35,0.47));
#5789 = VECTOR('',#5790,1.);
#5790 = DIRECTION('',(0.,1.,0.));
#5791 = ORIENTED_EDGE('',*,*,#5586,.T.);
#5792 = ORIENTED_EDGE('',*,*,#5531,.F.);
#5793 = ORIENTED_EDGE('',*,*,#5794,.F.);
#5794 = EDGE_CURVE('',#5785,#5524,#5795,.T.);
#5795 = LINE('',#5796,#5797);
#5796 = CARTESIAN_POINT('',(-2.25E-02,-0.3,0.47));
#5797 = VECTOR('',#5798,1.);
#5798 = DIRECTION('',(1.,0.,0.));
#5799 = PLANE('',#5800);
#5800 = AXIS2_PLACEMENT_3D('',#5801,#5802,#5803);
#5801 = CARTESIAN_POINT('',(-0.77,-0.4,0.47));
#5802 = DIRECTION('',(0.,0.,1.));
#5803 = DIRECTION('',(1.,0.,-0.));
#5804 = ADVANCED_FACE('',(#5805),#5866,.F.);
#5805 = FACE_BOUND('',#5806,.F.);
#5806 = EDGE_LOOP('',(#5807,#5817,#5826,#5834,#5843,#5851,#5857,#5858,
    #5859,#5860));
#5807 = ORIENTED_EDGE('',*,*,#5808,.F.);
#5808 = EDGE_CURVE('',#5809,#5811,#5813,.T.);
#5809 = VERTEX_POINT('',#5810);
#5810 = CARTESIAN_POINT('',(-0.77,-0.4,-3.469446951954E-18));
#5811 = VERTEX_POINT('',#5812);
#5812 = CARTESIAN_POINT('',(-0.725,-0.4,0.));
#5813 = LINE('',#5814,#5815);
#5814 = CARTESIAN_POINT('',(-0.8,-0.4,0.));
#5815 = VECTOR('',#5816,1.);
#5816 = DIRECTION('',(1.,0.,0.));
#5817 = ORIENTED_EDGE('',*,*,#5818,.F.);
#5818 = EDGE_CURVE('',#5819,#5809,#5821,.T.);
#5819 = VERTEX_POINT('',#5820);
#5820 = CARTESIAN_POINT('',(-0.8,-0.4,3.E-02));
#5821 = CIRCLE('',#5822,3.E-02);
#5822 = AXIS2_PLACEMENT_3D('',#5823,#5824,#5825);
#5823 = CARTESIAN_POINT('',(-0.77,-0.4,3.E-02));
#5824 = DIRECTION('',(0.,-1.,0.));
#5825 = DIRECTION('',(0.,0.,1.));
#5826 = ORIENTED_EDGE('',*,*,#5827,.T.);
#5827 = EDGE_CURVE('',#5819,#5828,#5830,.T.);
#5828 = VERTEX_POINT('',#5829);
#5829 = CARTESIAN_POINT('',(-0.8,-0.4,0.47));
#5830 = LINE('',#5831,#5832);
#5831 = CARTESIAN_POINT('',(-0.8,-0.4,0.));
#5832 = VECTOR('',#5833,1.);
#5833 = DIRECTION('',(0.,0.,1.));
#5834 = ORIENTED_EDGE('',*,*,#5835,.T.);
#5835 = EDGE_CURVE('',#5828,#5836,#5838,.T.);
#5836 = VERTEX_POINT('',#5837);
#5837 = CARTESIAN_POINT('',(-0.77,-0.4,0.5));
#5838 = CIRCLE('',#5839,3.E-02);
#5839 = AXIS2_PLACEMENT_3D('',#5840,#5841,#5842);
#5840 = CARTESIAN_POINT('',(-0.77,-0.4,0.47));
#5841 = DIRECTION('',(0.,1.,0.));
#5842 = DIRECTION('',(0.,-0.,1.));
#5843 = ORIENTED_EDGE('',*,*,#5844,.T.);
#5844 = EDGE_CURVE('',#5836,#5845,#5847,.T.);
#5845 = VERTEX_POINT('',#5846);
#5846 = CARTESIAN_POINT('',(-0.725,-0.4,0.5));
#5847 = LINE('',#5848,#5849);
#5848 = CARTESIAN_POINT('',(-0.8,-0.4,0.5));
#5849 = VECTOR('',#5850,1.);
#5850 = DIRECTION('',(1.,0.,0.));
#5851 = ORIENTED_EDGE('',*,*,#5852,.F.);
#5852 = EDGE_CURVE('',#5579,#5845,#5853,.T.);
#5853 = LINE('',#5854,#5855);
#5854 = CARTESIAN_POINT('',(-0.725,-0.4,0.375));
#5855 = VECTOR('',#5856,1.);
#5856 = DIRECTION('',(0.,0.,1.));
#5857 = ORIENTED_EDGE('',*,*,#5578,.F.);
#5858 = ORIENTED_EDGE('',*,*,#5570,.F.);
#5859 = ORIENTED_EDGE('',*,*,#5560,.T.);
#5860 = ORIENTED_EDGE('',*,*,#5861,.F.);
#5861 = EDGE_CURVE('',#5811,#5563,#5862,.T.);
#5862 = LINE('',#5863,#5864);
#5863 = CARTESIAN_POINT('',(-0.725,-0.4,0.375));
#5864 = VECTOR('',#5865,1.);
#5865 = DIRECTION('',(0.,0.,1.));
#5866 = PLANE('',#5867);
#5867 = AXIS2_PLACEMENT_3D('',#5868,#5869,#5870);
#5868 = CARTESIAN_POINT('',(-0.8,-0.4,0.));
#5869 = DIRECTION('',(0.,1.,0.));
#5870 = DIRECTION('',(0.,-0.,1.));
#5871 = ADVANCED_FACE('',(#5872,#5961),#5987,.F.);
#5872 = FACE_BOUND('',#5873,.F.);
#5873 = EDGE_LOOP('',(#5874,#5882,#5883,#5891,#5899,#5907,#5915,#5923,
    #5931,#5939,#5947,#5955));
#5874 = ORIENTED_EDGE('',*,*,#5875,.F.);
#5875 = EDGE_CURVE('',#5563,#5876,#5878,.T.);
#5876 = VERTEX_POINT('',#5877);
#5877 = CARTESIAN_POINT('',(-0.725,-0.3,3.E-02));
#5878 = LINE('',#5879,#5880);
#5879 = CARTESIAN_POINT('',(-0.725,-0.35,3.E-02));
#5880 = VECTOR('',#5881,1.);
#5881 = DIRECTION('',(0.,1.,0.));
#5882 = ORIENTED_EDGE('',*,*,#5625,.T.);
#5883 = ORIENTED_EDGE('',*,*,#5884,.F.);
#5884 = EDGE_CURVE('',#5885,#5618,#5887,.T.);
#5885 = VERTEX_POINT('',#5886);
#5886 = CARTESIAN_POINT('',(0.725,-0.3,3.E-02));
#5887 = LINE('',#5888,#5889);
#5888 = CARTESIAN_POINT('',(0.725,-0.45,3.E-02));
#5889 = VECTOR('',#5890,1.);
#5890 = DIRECTION('',(0.,-1.,0.));
#5891 = ORIENTED_EDGE('',*,*,#5892,.F.);
#5892 = EDGE_CURVE('',#5893,#5885,#5895,.T.);
#5893 = VERTEX_POINT('',#5894);
#5894 = CARTESIAN_POINT('',(0.5,-0.3,3.E-02));
#5895 = LINE('',#5896,#5897);
#5896 = CARTESIAN_POINT('',(-2.25E-02,-0.3,3.E-02));
#5897 = VECTOR('',#5898,1.);
#5898 = DIRECTION('',(1.,0.,0.));
#5899 = ORIENTED_EDGE('',*,*,#5900,.T.);
#5900 = EDGE_CURVE('',#5893,#5901,#5903,.T.);
#5901 = VERTEX_POINT('',#5902);
#5902 = CARTESIAN_POINT('',(0.5,0.3,3.E-02));
#5903 = LINE('',#5904,#5905);
#5904 = CARTESIAN_POINT('',(0.5,-0.4,3.E-02));
#5905 = VECTOR('',#5906,1.);
#5906 = DIRECTION('',(0.,1.,0.));
#5907 = ORIENTED_EDGE('',*,*,#5908,.F.);
#5908 = EDGE_CURVE('',#5909,#5901,#5911,.T.);
#5909 = VERTEX_POINT('',#5910);
#5910 = CARTESIAN_POINT('',(0.725,0.3,3.E-02));
#5911 = LINE('',#5912,#5913);
#5912 = CARTESIAN_POINT('',(-0.7475,0.3,3.E-02));
#5913 = VECTOR('',#5914,1.);
#5914 = DIRECTION('',(-1.,0.,0.));
#5915 = ORIENTED_EDGE('',*,*,#5916,.F.);
#5916 = EDGE_CURVE('',#5917,#5909,#5919,.T.);
#5917 = VERTEX_POINT('',#5918);
#5918 = CARTESIAN_POINT('',(0.725,0.4,3.E-02));
#5919 = LINE('',#5920,#5921);
#5920 = CARTESIAN_POINT('',(0.725,-5.E-02,3.E-02));
#5921 = VECTOR('',#5922,1.);
#5922 = DIRECTION('',(0.,-1.,0.));
#5923 = ORIENTED_EDGE('',*,*,#5924,.F.);
#5924 = EDGE_CURVE('',#5925,#5917,#5927,.T.);
#5925 = VERTEX_POINT('',#5926);
#5926 = CARTESIAN_POINT('',(-0.725,0.4,3.E-02));
#5927 = LINE('',#5928,#5929);
#5928 = CARTESIAN_POINT('',(-0.77,0.4,3.E-02));
#5929 = VECTOR('',#5930,1.);
#5930 = DIRECTION('',(1.,0.,0.));
#5931 = ORIENTED_EDGE('',*,*,#5932,.F.);
#5932 = EDGE_CURVE('',#5933,#5925,#5935,.T.);
#5933 = VERTEX_POINT('',#5934);
#5934 = CARTESIAN_POINT('',(-0.725,0.3,3.E-02));
#5935 = LINE('',#5936,#5937);
#5936 = CARTESIAN_POINT('',(-0.725,5.E-02,3.E-02));
#5937 = VECTOR('',#5938,1.);
#5938 = DIRECTION('',(0.,1.,0.));
#5939 = ORIENTED_EDGE('',*,*,#5940,.F.);
#5940 = EDGE_CURVE('',#5941,#5933,#5943,.T.);
#5941 = VERTEX_POINT('',#5942);
#5942 = CARTESIAN_POINT('',(-0.5,0.3,3.E-02));
#5943 = LINE('',#5944,#5945);
#5944 = CARTESIAN_POINT('',(-0.7475,0.3,3.E-02));
#5945 = VECTOR('',#5946,1.);
#5946 = DIRECTION('',(-1.,0.,0.));
#5947 = ORIENTED_EDGE('',*,*,#5948,.F.);
#5948 = EDGE_CURVE('',#5949,#5941,#5951,.T.);
#5949 = VERTEX_POINT('',#5950);
#5950 = CARTESIAN_POINT('',(-0.5,-0.3,3.E-02));
#5951 = LINE('',#5952,#5953);
#5952 = CARTESIAN_POINT('',(-0.5,-0.4,3.E-02));
#5953 = VECTOR('',#5954,1.);
#5954 = DIRECTION('',(0.,1.,0.));
#5955 = ORIENTED_EDGE('',*,*,#5956,.F.);
#5956 = EDGE_CURVE('',#5876,#5949,#5957,.T.);
#5957 = LINE('',#5958,#5959);
#5958 = CARTESIAN_POINT('',(-2.25E-02,-0.3,3.E-02));
#5959 = VECTOR('',#5960,1.);
#5960 = DIRECTION('',(1.,0.,0.));
#5961 = FACE_BOUND('',#5962,.F.);
#5962 = EDGE_LOOP('',(#5963,#5973,#5981));
#5963 = ORIENTED_EDGE('',*,*,#5964,.T.);
#5964 = EDGE_CURVE('',#5965,#5967,#5969,.T.);
#5965 = VERTEX_POINT('',#5966);
#5966 = CARTESIAN_POINT('',(0.277128129211,0.32,3.E-02));
#5967 = VERTEX_POINT('',#5968);
#5968 = CARTESIAN_POINT('',(0.277128129211,-0.32,3.E-02));
#5969 = LINE('',#5970,#5971);
#5970 = CARTESIAN_POINT('',(0.277128129211,0.32,3.E-02));
#5971 = VECTOR('',#5972,1.);
#5972 = DIRECTION('',(0.,-1.,0.));
#5973 = ORIENTED_EDGE('',*,*,#5974,.T.);
#5974 = EDGE_CURVE('',#5967,#5975,#5977,.T.);
#5975 = VERTEX_POINT('',#5976);
#5976 = CARTESIAN_POINT('',(-0.277128129211,0.,3.E-02));
#5977 = LINE('',#5978,#5979);
#5978 = CARTESIAN_POINT('',(0.277128129211,-0.32,3.E-02));
#5979 = VECTOR('',#5980,1.);
#5980 = DIRECTION('',(-0.866025403784,0.5,0.));
#5981 = ORIENTED_EDGE('',*,*,#5982,.T.);
#5982 = EDGE_CURVE('',#5975,#5965,#5983,.T.);
#5983 = LINE('',#5984,#5985);
#5984 = CARTESIAN_POINT('',(-0.277128129211,0.,3.E-02));
#5985 = VECTOR('',#5986,1.);
#5986 = DIRECTION('',(0.866025403784,0.5,0.));
#5987 = PLANE('',#5988);
#5988 = AXIS2_PLACEMENT_3D('',#5989,#5990,#5991);
#5989 = CARTESIAN_POINT('',(-0.77,-0.4,3.E-02));
#5990 = DIRECTION('',(0.,0.,1.));
#5991 = DIRECTION('',(1.,0.,-0.));
#5992 = ADVANCED_FACE('',(#5993),#6054,.F.);
#5993 = FACE_BOUND('',#5994,.F.);
#5994 = EDGE_LOOP('',(#5995,#6005,#6011,#6012,#6013,#6014,#6022,#6030,
    #6039,#6047));
#5995 = ORIENTED_EDGE('',*,*,#5996,.F.);
#5996 = EDGE_CURVE('',#5997,#5999,#6001,.T.);
#5997 = VERTEX_POINT('',#5998);
#5998 = CARTESIAN_POINT('',(0.725,-0.4,0.));
#5999 = VERTEX_POINT('',#6000);
#6000 = CARTESIAN_POINT('',(0.77,-0.4,-3.469446951954E-18));
#6001 = LINE('',#6002,#6003);
#6002 = CARTESIAN_POINT('',(0.5,-0.4,0.));
#6003 = VECTOR('',#6004,1.);
#6004 = DIRECTION('',(1.,0.,0.));
#6005 = ORIENTED_EDGE('',*,*,#6006,.F.);
#6006 = EDGE_CURVE('',#5618,#5997,#6007,.T.);
#6007 = LINE('',#6008,#6009);
#6008 = CARTESIAN_POINT('',(0.725,-0.4,0.375));
#6009 = VECTOR('',#6010,1.);
#6010 = DIRECTION('',(0.,0.,-1.));
#6011 = ORIENTED_EDGE('',*,*,#5617,.T.);
#6012 = ORIENTED_EDGE('',*,*,#5609,.T.);
#6013 = ORIENTED_EDGE('',*,*,#5601,.F.);
#6014 = ORIENTED_EDGE('',*,*,#6015,.F.);
#6015 = EDGE_CURVE('',#6016,#5594,#6018,.T.);
#6016 = VERTEX_POINT('',#6017);
#6017 = CARTESIAN_POINT('',(0.725,-0.4,0.5));
#6018 = LINE('',#6019,#6020);
#6019 = CARTESIAN_POINT('',(0.725,-0.4,0.375));
#6020 = VECTOR('',#6021,1.);
#6021 = DIRECTION('',(0.,0.,-1.));
#6022 = ORIENTED_EDGE('',*,*,#6023,.T.);
#6023 = EDGE_CURVE('',#6016,#6024,#6026,.T.);
#6024 = VERTEX_POINT('',#6025);
#6025 = CARTESIAN_POINT('',(0.77,-0.4,0.5));
#6026 = LINE('',#6027,#6028);
#6027 = CARTESIAN_POINT('',(0.5,-0.4,0.5));
#6028 = VECTOR('',#6029,1.);
#6029 = DIRECTION('',(1.,0.,0.));
#6030 = ORIENTED_EDGE('',*,*,#6031,.F.);
#6031 = EDGE_CURVE('',#6032,#6024,#6034,.T.);
#6032 = VERTEX_POINT('',#6033);
#6033 = CARTESIAN_POINT('',(0.8,-0.4,0.47));
#6034 = CIRCLE('',#6035,3.E-02);
#6035 = AXIS2_PLACEMENT_3D('',#6036,#6037,#6038);
#6036 = CARTESIAN_POINT('',(0.77,-0.4,0.47));
#6037 = DIRECTION('',(0.,-1.,0.));
#6038 = DIRECTION('',(0.,0.,1.));
#6039 = ORIENTED_EDGE('',*,*,#6040,.F.);
#6040 = EDGE_CURVE('',#6041,#6032,#6043,.T.);
#6041 = VERTEX_POINT('',#6042);
#6042 = CARTESIAN_POINT('',(0.8,-0.4,3.E-02));
#6043 = LINE('',#6044,#6045);
#6044 = CARTESIAN_POINT('',(0.8,-0.4,0.));
#6045 = VECTOR('',#6046,1.);
#6046 = DIRECTION('',(0.,0.,1.));
#6047 = ORIENTED_EDGE('',*,*,#6048,.T.);
#6048 = EDGE_CURVE('',#6041,#5999,#6049,.T.);
#6049 = CIRCLE('',#6050,3.E-02);
#6050 = AXIS2_PLACEMENT_3D('',#6051,#6052,#6053);
#6051 = CARTESIAN_POINT('',(0.77,-0.4,3.E-02));
#6052 = DIRECTION('',(0.,1.,0.));
#6053 = DIRECTION('',(0.,-0.,1.));
#6054 = PLANE('',#6055);
#6055 = AXIS2_PLACEMENT_3D('',#6056,#6057,#6058);
#6056 = CARTESIAN_POINT('',(0.5,-0.4,0.));
#6057 = DIRECTION('',(0.,1.,0.));
#6058 = DIRECTION('',(0.,-0.,1.));
#6059 = ADVANCED_FACE('',(#6060),#6078,.T.);
#6060 = FACE_BOUND('',#6061,.T.);
#6061 = EDGE_LOOP('',(#6062,#6070,#6071,#6072));
#6062 = ORIENTED_EDGE('',*,*,#6063,.F.);
#6063 = EDGE_CURVE('',#5666,#6064,#6066,.T.);
#6064 = VERTEX_POINT('',#6065);
#6065 = CARTESIAN_POINT('',(0.725,-0.3,0.47));
#6066 = LINE('',#6067,#6068);
#6067 = CARTESIAN_POINT('',(-2.25E-02,-0.3,0.47));
#6068 = VECTOR('',#6069,1.);
#6069 = DIRECTION('',(1.,0.,0.));
#6070 = ORIENTED_EDGE('',*,*,#5665,.T.);
#6071 = ORIENTED_EDGE('',*,*,#5593,.T.);
#6072 = ORIENTED_EDGE('',*,*,#6073,.F.);
#6073 = EDGE_CURVE('',#6064,#5594,#6074,.T.);
#6074 = LINE('',#6075,#6076);
#6075 = CARTESIAN_POINT('',(0.725,-0.45,0.47));
#6076 = VECTOR('',#6077,1.);
#6077 = DIRECTION('',(0.,-1.,0.));
#6078 = PLANE('',#6079);
#6079 = AXIS2_PLACEMENT_3D('',#6080,#6081,#6082);
#6080 = CARTESIAN_POINT('',(-0.77,-0.4,0.47));
#6081 = DIRECTION('',(0.,0.,1.));
#6082 = DIRECTION('',(1.,0.,-0.));
#6083 = ADVANCED_FACE('',(#6084),#6109,.T.);
#6084 = FACE_BOUND('',#6085,.T.);
#6085 = EDGE_LOOP('',(#6086,#6094,#6095,#6103));
#6086 = ORIENTED_EDGE('',*,*,#6087,.F.);
#6087 = EDGE_CURVE('',#5682,#6088,#6090,.T.);
#6088 = VERTEX_POINT('',#6089);
#6089 = CARTESIAN_POINT('',(0.725,0.4,0.47));
#6090 = LINE('',#6091,#6092);
#6091 = CARTESIAN_POINT('',(-0.77,0.4,0.47));
#6092 = VECTOR('',#6093,1.);
#6093 = DIRECTION('',(1.,0.,0.));
#6094 = ORIENTED_EDGE('',*,*,#5681,.T.);
#6095 = ORIENTED_EDGE('',*,*,#6096,.F.);
#6096 = EDGE_CURVE('',#6097,#5674,#6099,.T.);
#6097 = VERTEX_POINT('',#6098);
#6098 = CARTESIAN_POINT('',(0.725,0.3,0.47));
#6099 = LINE('',#6100,#6101);
#6100 = CARTESIAN_POINT('',(-0.7475,0.3,0.47));
#6101 = VECTOR('',#6102,1.);
#6102 = DIRECTION('',(-1.,0.,0.));
#6103 = ORIENTED_EDGE('',*,*,#6104,.F.);
#6104 = EDGE_CURVE('',#6088,#6097,#6105,.T.);
#6105 = LINE('',#6106,#6107);
#6106 = CARTESIAN_POINT('',(0.725,-5.E-02,0.47));
#6107 = VECTOR('',#6108,1.);
#6108 = DIRECTION('',(0.,-1.,0.));
#6109 = PLANE('',#6110);
#6110 = AXIS2_PLACEMENT_3D('',#6111,#6112,#6113);
#6111 = CARTESIAN_POINT('',(-0.77,-0.4,0.47));
#6112 = DIRECTION('',(0.,0.,1.));
#6113 = DIRECTION('',(1.,0.,-0.));
#6114 = ADVANCED_FACE('',(#6115),#6142,.T.);
#6115 = FACE_BOUND('',#6116,.T.);
#6116 = EDGE_LOOP('',(#6117,#6118,#6127,#6135));
#6117 = ORIENTED_EDGE('',*,*,#5673,.F.);
#6118 = ORIENTED_EDGE('',*,*,#6119,.T.);
#6119 = EDGE_CURVE('',#5666,#6120,#6122,.T.);
#6120 = VERTEX_POINT('',#6121);
#6121 = CARTESIAN_POINT('',(0.53,-0.3,0.5));
#6122 = CIRCLE('',#6123,3.E-02);
#6123 = AXIS2_PLACEMENT_3D('',#6124,#6125,#6126);
#6124 = CARTESIAN_POINT('',(0.53,-0.3,0.47));
#6125 = DIRECTION('',(0.,1.,-0.));
#6126 = DIRECTION('',(-1.,0.,0.));
#6127 = ORIENTED_EDGE('',*,*,#6128,.T.);
#6128 = EDGE_CURVE('',#6120,#6129,#6131,.T.);
#6129 = VERTEX_POINT('',#6130);
#6130 = CARTESIAN_POINT('',(0.53,0.3,0.5));
#6131 = LINE('',#6132,#6133);
#6132 = CARTESIAN_POINT('',(0.53,-0.4,0.5));
#6133 = VECTOR('',#6134,1.);
#6134 = DIRECTION('',(0.,1.,0.));
#6135 = ORIENTED_EDGE('',*,*,#6136,.F.);
#6136 = EDGE_CURVE('',#5674,#6129,#6137,.T.);
#6137 = CIRCLE('',#6138,3.E-02);
#6138 = AXIS2_PLACEMENT_3D('',#6139,#6140,#6141);
#6139 = CARTESIAN_POINT('',(0.53,0.3,0.47));
#6140 = DIRECTION('',(0.,1.,-0.));
#6141 = DIRECTION('',(-1.,0.,0.));
#6142 = CYLINDRICAL_SURFACE('',#6143,3.E-02);
#6143 = AXIS2_PLACEMENT_3D('',#6144,#6145,#6146);
#6144 = CARTESIAN_POINT('',(0.53,-0.4,0.47));
#6145 = DIRECTION('',(0.,1.,0.));
#6146 = DIRECTION('',(-1.,0.,0.));
#6147 = ADVANCED_FACE('',(#6148),#6198,.T.);
#6148 = FACE_BOUND('',#6149,.T.);
#6149 = EDGE_LOOP('',(#6150,#6158,#6166,#6172,#6173,#6174,#6175,#6183,
    #6191,#6197));
#6150 = ORIENTED_EDGE('',*,*,#6151,.F.);
#6151 = EDGE_CURVE('',#6152,#5925,#6154,.T.);
#6152 = VERTEX_POINT('',#6153);
#6153 = CARTESIAN_POINT('',(-0.77,0.4,3.E-02));
#6154 = LINE('',#6155,#6156);
#6155 = CARTESIAN_POINT('',(-0.77,0.4,3.E-02));
#6156 = VECTOR('',#6157,1.);
#6157 = DIRECTION('',(1.,0.,0.));
#6158 = ORIENTED_EDGE('',*,*,#6159,.T.);
#6159 = EDGE_CURVE('',#6152,#6160,#6162,.T.);
#6160 = VERTEX_POINT('',#6161);
#6161 = CARTESIAN_POINT('',(-0.77,0.4,0.47));
#6162 = LINE('',#6163,#6164);
#6163 = CARTESIAN_POINT('',(-0.77,0.4,3.E-02));
#6164 = VECTOR('',#6165,1.);
#6165 = DIRECTION('',(0.,0.,1.));
#6166 = ORIENTED_EDGE('',*,*,#6167,.T.);
#6167 = EDGE_CURVE('',#6160,#5704,#6168,.T.);
#6168 = LINE('',#6169,#6170);
#6169 = CARTESIAN_POINT('',(-0.77,0.4,0.47));
#6170 = VECTOR('',#6171,1.);
#6171 = DIRECTION('',(1.,0.,0.));
#6172 = ORIENTED_EDGE('',*,*,#5703,.T.);
#6173 = ORIENTED_EDGE('',*,*,#5737,.F.);
#6174 = ORIENTED_EDGE('',*,*,#6087,.T.);
#6175 = ORIENTED_EDGE('',*,*,#6176,.T.);
#6176 = EDGE_CURVE('',#6088,#6177,#6179,.T.);
#6177 = VERTEX_POINT('',#6178);
#6178 = CARTESIAN_POINT('',(0.77,0.4,0.47));
#6179 = LINE('',#6180,#6181);
#6180 = CARTESIAN_POINT('',(-0.77,0.4,0.47));
#6181 = VECTOR('',#6182,1.);
#6182 = DIRECTION('',(1.,0.,0.));
#6183 = ORIENTED_EDGE('',*,*,#6184,.F.);
#6184 = EDGE_CURVE('',#6185,#6177,#6187,.T.);
#6185 = VERTEX_POINT('',#6186);
#6186 = CARTESIAN_POINT('',(0.77,0.4,3.E-02));
#6187 = LINE('',#6188,#6189);
#6188 = CARTESIAN_POINT('',(0.77,0.4,3.E-02));
#6189 = VECTOR('',#6190,1.);
#6190 = DIRECTION('',(0.,0.,1.));
#6191 = ORIENTED_EDGE('',*,*,#6192,.F.);
#6192 = EDGE_CURVE('',#5917,#6185,#6193,.T.);
#6193 = LINE('',#6194,#6195);
#6194 = CARTESIAN_POINT('',(-0.77,0.4,3.E-02));
#6195 = VECTOR('',#6196,1.);
#6196 = DIRECTION('',(1.,0.,0.));
#6197 = ORIENTED_EDGE('',*,*,#5924,.F.);
#6198 = PLANE('',#6199);
#6199 = AXIS2_PLACEMENT_3D('',#6200,#6201,#6202);
#6200 = CARTESIAN_POINT('',(-0.77,0.4,3.E-02));
#6201 = DIRECTION('',(0.,1.,0.));
#6202 = DIRECTION('',(0.,-0.,1.));
#6203 = ADVANCED_FACE('',(#6204),#6222,.F.);
#6204 = FACE_BOUND('',#6205,.F.);
#6205 = EDGE_LOOP('',(#6206,#6214,#6220,#6221));
#6206 = ORIENTED_EDGE('',*,*,#6207,.F.);
#6207 = EDGE_CURVE('',#6208,#5752,#6210,.T.);
#6208 = VERTEX_POINT('',#6209);
#6209 = CARTESIAN_POINT('',(-0.725,0.3,0.5));
#6210 = LINE('',#6211,#6212);
#6211 = CARTESIAN_POINT('',(-0.7625,0.3,0.5));
#6212 = VECTOR('',#6213,1.);
#6213 = DIRECTION('',(1.,0.,0.));
#6214 = ORIENTED_EDGE('',*,*,#6215,.T.);
#6215 = EDGE_CURVE('',#6208,#5712,#6216,.T.);
#6216 = LINE('',#6217,#6218);
#6217 = CARTESIAN_POINT('',(-0.725,0.3,0.75));
#6218 = VECTOR('',#6219,1.);
#6219 = DIRECTION('',(-0.,-0.,-1.));
#6220 = ORIENTED_EDGE('',*,*,#5719,.F.);
#6221 = ORIENTED_EDGE('',*,*,#5751,.F.);
#6222 = PLANE('',#6223);
#6223 = AXIS2_PLACEMENT_3D('',#6224,#6225,#6226);
#6224 = CARTESIAN_POINT('',(-0.725,0.3,0.75));
#6225 = DIRECTION('',(0.,-1.,0.));
#6226 = DIRECTION('',(1.,0.,0.));
#6227 = ADVANCED_FACE('',(#6228),#6246,.F.);
#6228 = FACE_BOUND('',#6229,.F.);
#6229 = EDGE_LOOP('',(#6230,#6231,#6239,#6245));
#6230 = ORIENTED_EDGE('',*,*,#6215,.F.);
#6231 = ORIENTED_EDGE('',*,*,#6232,.F.);
#6232 = EDGE_CURVE('',#6233,#6208,#6235,.T.);
#6233 = VERTEX_POINT('',#6234);
#6234 = CARTESIAN_POINT('',(-0.725,0.4,0.5));
#6235 = LINE('',#6236,#6237);
#6236 = CARTESIAN_POINT('',(-0.725,5.E-02,0.5));
#6237 = VECTOR('',#6238,1.);
#6238 = DIRECTION('',(0.,-1.,0.));
#6239 = ORIENTED_EDGE('',*,*,#6240,.F.);
#6240 = EDGE_CURVE('',#5704,#6233,#6241,.T.);
#6241 = LINE('',#6242,#6243);
#6242 = CARTESIAN_POINT('',(-0.725,0.4,0.375));
#6243 = VECTOR('',#6244,1.);
#6244 = DIRECTION('',(0.,0.,1.));
#6245 = ORIENTED_EDGE('',*,*,#5711,.F.);
#6246 = PLANE('',#6247);
#6247 = AXIS2_PLACEMENT_3D('',#6248,#6249,#6250);
#6248 = CARTESIAN_POINT('',(-0.725,0.5,0.75));
#6249 = DIRECTION('',(-1.,0.,0.));
#6250 = DIRECTION('',(0.,-1.,0.));
#6251 = ADVANCED_FACE('',(#6252),#6270,.F.);
#6252 = FACE_BOUND('',#6253,.F.);
#6253 = EDGE_LOOP('',(#6254,#6262,#6268,#6269));
#6254 = ORIENTED_EDGE('',*,*,#6255,.F.);
#6255 = EDGE_CURVE('',#6256,#5785,#6258,.T.);
#6256 = VERTEX_POINT('',#6257);
#6257 = CARTESIAN_POINT('',(-0.725,-0.3,0.5));
#6258 = LINE('',#6259,#6260);
#6259 = CARTESIAN_POINT('',(-0.725,-0.3,0.75));
#6260 = VECTOR('',#6261,1.);
#6261 = DIRECTION('',(-0.,-0.,-1.));
#6262 = ORIENTED_EDGE('',*,*,#6263,.F.);
#6263 = EDGE_CURVE('',#5761,#6256,#6264,.T.);
#6264 = LINE('',#6265,#6266);
#6265 = CARTESIAN_POINT('',(-3.75E-02,-0.3,0.5));
#6266 = VECTOR('',#6267,1.);
#6267 = DIRECTION('',(-1.,0.,0.));
#6268 = ORIENTED_EDGE('',*,*,#5768,.T.);
#6269 = ORIENTED_EDGE('',*,*,#5794,.F.);
#6270 = PLANE('',#6271);
#6271 = AXIS2_PLACEMENT_3D('',#6272,#6273,#6274);
#6272 = CARTESIAN_POINT('',(0.725,-0.3,0.75));
#6273 = DIRECTION('',(0.,1.,0.));
#6274 = DIRECTION('',(-1.,0.,0.));
#6275 = ADVANCED_FACE('',(#6276),#6303,.T.);
#6276 = FACE_BOUND('',#6277,.T.);
#6277 = EDGE_LOOP('',(#6278,#6286,#6292,#6293,#6299,#6300,#6301,#6302));
#6278 = ORIENTED_EDGE('',*,*,#6279,.F.);
#6279 = EDGE_CURVE('',#6280,#6233,#6282,.T.);
#6280 = VERTEX_POINT('',#6281);
#6281 = CARTESIAN_POINT('',(-0.77,0.4,0.5));
#6282 = LINE('',#6283,#6284);
#6283 = CARTESIAN_POINT('',(-0.8,0.4,0.5));
#6284 = VECTOR('',#6285,1.);
#6285 = DIRECTION('',(1.,0.,0.));
#6286 = ORIENTED_EDGE('',*,*,#6287,.F.);
#6287 = EDGE_CURVE('',#5836,#6280,#6288,.T.);
#6288 = LINE('',#6289,#6290);
#6289 = CARTESIAN_POINT('',(-0.77,-0.4,0.5));
#6290 = VECTOR('',#6291,1.);
#6291 = DIRECTION('',(0.,1.,0.));
#6292 = ORIENTED_EDGE('',*,*,#5844,.T.);
#6293 = ORIENTED_EDGE('',*,*,#6294,.F.);
#6294 = EDGE_CURVE('',#6256,#5845,#6295,.T.);
#6295 = LINE('',#6296,#6297);
#6296 = CARTESIAN_POINT('',(-0.725,-0.35,0.5));
#6297 = VECTOR('',#6298,1.);
#6298 = DIRECTION('',(0.,-1.,0.));
#6299 = ORIENTED_EDGE('',*,*,#6263,.F.);
#6300 = ORIENTED_EDGE('',*,*,#5760,.T.);
#6301 = ORIENTED_EDGE('',*,*,#6207,.F.);
#6302 = ORIENTED_EDGE('',*,*,#6232,.F.);
#6303 = PLANE('',#6304);
#6304 = AXIS2_PLACEMENT_3D('',#6305,#6306,#6307);
#6305 = CARTESIAN_POINT('',(-0.8,-0.4,0.5));
#6306 = DIRECTION('',(0.,0.,1.));
#6307 = DIRECTION('',(1.,0.,-0.));
#6308 = ADVANCED_FACE('',(#6309),#6315,.F.);
#6309 = FACE_BOUND('',#6310,.F.);
#6310 = EDGE_LOOP('',(#6311,#6312,#6313,#6314));
#6311 = ORIENTED_EDGE('',*,*,#6294,.F.);
#6312 = ORIENTED_EDGE('',*,*,#6255,.T.);
#6313 = ORIENTED_EDGE('',*,*,#5784,.F.);
#6314 = ORIENTED_EDGE('',*,*,#5852,.T.);
#6315 = PLANE('',#6316);
#6316 = AXIS2_PLACEMENT_3D('',#6317,#6318,#6319);
#6317 = CARTESIAN_POINT('',(-0.725,-0.3,0.75));
#6318 = DIRECTION('',(-1.,0.,0.));
#6319 = DIRECTION('',(0.,-1.,0.));
#6320 = ADVANCED_FACE('',(#6321),#6378,.F.);
#6321 = FACE_BOUND('',#6322,.F.);
#6322 = EDGE_LOOP('',(#6323,#6333,#6339,#6340,#6348,#6356,#6364,#6372));
#6323 = ORIENTED_EDGE('',*,*,#6324,.F.);
#6324 = EDGE_CURVE('',#6325,#6327,#6329,.T.);
#6325 = VERTEX_POINT('',#6326);
#6326 = CARTESIAN_POINT('',(-0.77,0.4,-3.469446951954E-18));
#6327 = VERTEX_POINT('',#6328);
#6328 = CARTESIAN_POINT('',(-0.725,0.4,0.));
#6329 = LINE('',#6330,#6331);
#6330 = CARTESIAN_POINT('',(-0.8,0.4,0.));
#6331 = VECTOR('',#6332,1.);
#6332 = DIRECTION('',(1.,0.,0.));
#6333 = ORIENTED_EDGE('',*,*,#6334,.F.);
#6334 = EDGE_CURVE('',#5809,#6325,#6335,.T.);
#6335 = LINE('',#6336,#6337);
#6336 = CARTESIAN_POINT('',(-0.77,-0.4,-3.469446951954E-18));
#6337 = VECTOR('',#6338,1.);
#6338 = DIRECTION('',(0.,1.,0.));
#6339 = ORIENTED_EDGE('',*,*,#5808,.T.);
#6340 = ORIENTED_EDGE('',*,*,#6341,.F.);
#6341 = EDGE_CURVE('',#6342,#5811,#6344,.T.);
#6342 = VERTEX_POINT('',#6343);
#6343 = CARTESIAN_POINT('',(-0.725,-0.3,0.));
#6344 = LINE('',#6345,#6346);
#6345 = CARTESIAN_POINT('',(-0.725,-0.35,0.));
#6346 = VECTOR('',#6347,1.);
#6347 = DIRECTION('',(0.,-1.,0.));
#6348 = ORIENTED_EDGE('',*,*,#6349,.F.);
#6349 = EDGE_CURVE('',#6350,#6342,#6352,.T.);
#6350 = VERTEX_POINT('',#6351);
#6351 = CARTESIAN_POINT('',(-0.53,-0.3,-3.469446951954E-18));
#6352 = LINE('',#6353,#6354);
#6353 = CARTESIAN_POINT('',(-3.75E-02,-0.3,0.));
#6354 = VECTOR('',#6355,1.);
#6355 = DIRECTION('',(-1.,0.,0.));
#6356 = ORIENTED_EDGE('',*,*,#6357,.T.);
#6357 = EDGE_CURVE('',#6350,#6358,#6360,.T.);
#6358 = VERTEX_POINT('',#6359);
#6359 = CARTESIAN_POINT('',(-0.53,0.3,-3.469446951954E-18));
#6360 = LINE('',#6361,#6362);
#6361 = CARTESIAN_POINT('',(-0.53,-0.4,-3.469446951954E-18));
#6362 = VECTOR('',#6363,1.);
#6363 = DIRECTION('',(0.,1.,0.));
#6364 = ORIENTED_EDGE('',*,*,#6365,.F.);
#6365 = EDGE_CURVE('',#6366,#6358,#6368,.T.);
#6366 = VERTEX_POINT('',#6367);
#6367 = CARTESIAN_POINT('',(-0.725,0.3,0.));
#6368 = LINE('',#6369,#6370);
#6369 = CARTESIAN_POINT('',(-0.7625,0.3,0.));
#6370 = VECTOR('',#6371,1.);
#6371 = DIRECTION('',(1.,0.,0.));
#6372 = ORIENTED_EDGE('',*,*,#6373,.F.);
#6373 = EDGE_CURVE('',#6327,#6366,#6374,.T.);
#6374 = LINE('',#6375,#6376);
#6375 = CARTESIAN_POINT('',(-0.725,5.E-02,0.));
#6376 = VECTOR('',#6377,1.);
#6377 = DIRECTION('',(0.,-1.,0.));
#6378 = PLANE('',#6379);
#6379 = AXIS2_PLACEMENT_3D('',#6380,#6381,#6382);
#6380 = CARTESIAN_POINT('',(-0.8,-0.4,0.));
#6381 = DIRECTION('',(0.,0.,1.));
#6382 = DIRECTION('',(1.,0.,-0.));
#6383 = ADVANCED_FACE('',(#6384),#6403,.T.);
#6384 = FACE_BOUND('',#6385,.T.);
#6385 = EDGE_LOOP('',(#6386,#6394,#6401,#6402));
#6386 = ORIENTED_EDGE('',*,*,#6387,.T.);
#6387 = EDGE_CURVE('',#5819,#6388,#6390,.T.);
#6388 = VERTEX_POINT('',#6389);
#6389 = CARTESIAN_POINT('',(-0.8,0.4,3.E-02));
#6390 = LINE('',#6391,#6392);
#6391 = CARTESIAN_POINT('',(-0.8,-0.4,3.E-02));
#6392 = VECTOR('',#6393,1.);
#6393 = DIRECTION('',(0.,1.,0.));
#6394 = ORIENTED_EDGE('',*,*,#6395,.T.);
#6395 = EDGE_CURVE('',#6388,#6325,#6396,.T.);
#6396 = CIRCLE('',#6397,3.E-02);
#6397 = AXIS2_PLACEMENT_3D('',#6398,#6399,#6400);
#6398 = CARTESIAN_POINT('',(-0.77,0.4,3.E-02));
#6399 = DIRECTION('',(0.,-1.,0.));
#6400 = DIRECTION('',(0.,0.,1.));
#6401 = ORIENTED_EDGE('',*,*,#6334,.F.);
#6402 = ORIENTED_EDGE('',*,*,#5818,.F.);
#6403 = CYLINDRICAL_SURFACE('',#6404,3.E-02);
#6404 = AXIS2_PLACEMENT_3D('',#6405,#6406,#6407);
#6405 = CARTESIAN_POINT('',(-0.77,-0.4,3.E-02));
#6406 = DIRECTION('',(0.,1.,0.));
#6407 = DIRECTION('',(-1.,0.,0.));
#6408 = ADVANCED_FACE('',(#6409),#6420,.F.);
#6409 = FACE_BOUND('',#6410,.F.);
#6410 = EDGE_LOOP('',(#6411,#6412,#6418,#6419));
#6411 = ORIENTED_EDGE('',*,*,#5875,.T.);
#6412 = ORIENTED_EDGE('',*,*,#6413,.T.);
#6413 = EDGE_CURVE('',#5876,#6342,#6414,.T.);
#6414 = LINE('',#6415,#6416);
#6415 = CARTESIAN_POINT('',(-0.725,-0.3,0.75));
#6416 = VECTOR('',#6417,1.);
#6417 = DIRECTION('',(-0.,-0.,-1.));
#6418 = ORIENTED_EDGE('',*,*,#6341,.T.);
#6419 = ORIENTED_EDGE('',*,*,#5861,.T.);
#6420 = PLANE('',#6421);
#6421 = AXIS2_PLACEMENT_3D('',#6422,#6423,#6424);
#6422 = CARTESIAN_POINT('',(-0.725,-0.3,0.75));
#6423 = DIRECTION('',(-1.,0.,0.));
#6424 = DIRECTION('',(0.,-1.,0.));
#6425 = ADVANCED_FACE('',(#6426),#6444,.F.);
#6426 = FACE_BOUND('',#6427,.F.);
#6427 = EDGE_LOOP('',(#6428,#6429,#6430,#6438));
#6428 = ORIENTED_EDGE('',*,*,#5827,.F.);
#6429 = ORIENTED_EDGE('',*,*,#6387,.T.);
#6430 = ORIENTED_EDGE('',*,*,#6431,.T.);
#6431 = EDGE_CURVE('',#6388,#6432,#6434,.T.);
#6432 = VERTEX_POINT('',#6433);
#6433 = CARTESIAN_POINT('',(-0.8,0.4,0.47));
#6434 = LINE('',#6435,#6436);
#6435 = CARTESIAN_POINT('',(-0.8,0.4,0.));
#6436 = VECTOR('',#6437,1.);
#6437 = DIRECTION('',(0.,0.,1.));
#6438 = ORIENTED_EDGE('',*,*,#6439,.F.);
#6439 = EDGE_CURVE('',#5828,#6432,#6440,.T.);
#6440 = LINE('',#6441,#6442);
#6441 = CARTESIAN_POINT('',(-0.8,-0.4,0.47));
#6442 = VECTOR('',#6443,1.);
#6443 = DIRECTION('',(0.,1.,0.));
#6444 = PLANE('',#6445);
#6445 = AXIS2_PLACEMENT_3D('',#6446,#6447,#6448);
#6446 = CARTESIAN_POINT('',(-0.8,-0.4,0.));
#6447 = DIRECTION('',(1.,0.,0.));
#6448 = DIRECTION('',(0.,0.,1.));
#6449 = ADVANCED_FACE('',(#6450),#6462,.T.);
#6450 = FACE_BOUND('',#6451,.T.);
#6451 = EDGE_LOOP('',(#6452,#6453,#6454,#6461));
#6452 = ORIENTED_EDGE('',*,*,#5835,.T.);
#6453 = ORIENTED_EDGE('',*,*,#6287,.T.);
#6454 = ORIENTED_EDGE('',*,*,#6455,.F.);
#6455 = EDGE_CURVE('',#6432,#6280,#6456,.T.);
#6456 = CIRCLE('',#6457,3.E-02);
#6457 = AXIS2_PLACEMENT_3D('',#6458,#6459,#6460);
#6458 = CARTESIAN_POINT('',(-0.77,0.4,0.47));
#6459 = DIRECTION('',(0.,1.,0.));
#6460 = DIRECTION('',(0.,-0.,1.));
#6461 = ORIENTED_EDGE('',*,*,#6439,.F.);
#6462 = CYLINDRICAL_SURFACE('',#6463,3.E-02);
#6463 = AXIS2_PLACEMENT_3D('',#6464,#6465,#6466);
#6464 = CARTESIAN_POINT('',(-0.77,-0.4,0.47));
#6465 = DIRECTION('',(0.,1.,0.));
#6466 = DIRECTION('',(-1.,0.,0.));
#6467 = ADVANCED_FACE('',(#6468),#6480,.F.);
#6468 = FACE_BOUND('',#6469,.F.);
#6469 = EDGE_LOOP('',(#6470,#6471,#6472,#6479));
#6470 = ORIENTED_EDGE('',*,*,#6413,.F.);
#6471 = ORIENTED_EDGE('',*,*,#5956,.T.);
#6472 = ORIENTED_EDGE('',*,*,#6473,.T.);
#6473 = EDGE_CURVE('',#5949,#6350,#6474,.T.);
#6474 = CIRCLE('',#6475,3.E-02);
#6475 = AXIS2_PLACEMENT_3D('',#6476,#6477,#6478);
#6476 = CARTESIAN_POINT('',(-0.53,-0.3,3.E-02));
#6477 = DIRECTION('',(-0.,1.,0.));
#6478 = DIRECTION('',(1.,0.,0.));
#6479 = ORIENTED_EDGE('',*,*,#6349,.T.);
#6480 = PLANE('',#6481);
#6481 = AXIS2_PLACEMENT_3D('',#6482,#6483,#6484);
#6482 = CARTESIAN_POINT('',(0.725,-0.3,0.75));
#6483 = DIRECTION('',(0.,1.,0.));
#6484 = DIRECTION('',(-1.,0.,0.));
#6485 = ADVANCED_FACE('',(#6486),#6498,.T.);
#6486 = FACE_BOUND('',#6487,.T.);
#6487 = EDGE_LOOP('',(#6488,#6489,#6490,#6491));
#6488 = ORIENTED_EDGE('',*,*,#5948,.F.);
#6489 = ORIENTED_EDGE('',*,*,#6473,.T.);
#6490 = ORIENTED_EDGE('',*,*,#6357,.T.);
#6491 = ORIENTED_EDGE('',*,*,#6492,.F.);
#6492 = EDGE_CURVE('',#5941,#6358,#6493,.T.);
#6493 = CIRCLE('',#6494,3.E-02);
#6494 = AXIS2_PLACEMENT_3D('',#6495,#6496,#6497);
#6495 = CARTESIAN_POINT('',(-0.53,0.3,3.E-02));
#6496 = DIRECTION('',(-0.,1.,0.));
#6497 = DIRECTION('',(1.,0.,0.));
#6498 = CYLINDRICAL_SURFACE('',#6499,3.E-02);
#6499 = AXIS2_PLACEMENT_3D('',#6500,#6501,#6502);
#6500 = CARTESIAN_POINT('',(-0.53,-0.4,3.E-02));
#6501 = DIRECTION('',(0.,1.,0.));
#6502 = DIRECTION('',(1.,0.,0.));
#6503 = ADVANCED_FACE('',(#6504),#6515,.F.);
#6504 = FACE_BOUND('',#6505,.F.);
#6505 = EDGE_LOOP('',(#6506,#6507,#6513,#6514));
#6506 = ORIENTED_EDGE('',*,*,#5940,.T.);
#6507 = ORIENTED_EDGE('',*,*,#6508,.T.);
#6508 = EDGE_CURVE('',#5933,#6366,#6509,.T.);
#6509 = LINE('',#6510,#6511);
#6510 = CARTESIAN_POINT('',(-0.725,0.3,0.75));
#6511 = VECTOR('',#6512,1.);
#6512 = DIRECTION('',(-0.,-0.,-1.));
#6513 = ORIENTED_EDGE('',*,*,#6365,.T.);
#6514 = ORIENTED_EDGE('',*,*,#6492,.F.);
#6515 = PLANE('',#6516);
#6516 = AXIS2_PLACEMENT_3D('',#6517,#6518,#6519);
#6517 = CARTESIAN_POINT('',(-0.725,0.3,0.75));
#6518 = DIRECTION('',(0.,-1.,0.));
#6519 = DIRECTION('',(1.,0.,0.));
#6520 = ADVANCED_FACE('',(#6521),#6532,.F.);
#6521 = FACE_BOUND('',#6522,.F.);
#6522 = EDGE_LOOP('',(#6523,#6524,#6525,#6531));
#6523 = ORIENTED_EDGE('',*,*,#6508,.F.);
#6524 = ORIENTED_EDGE('',*,*,#5932,.T.);
#6525 = ORIENTED_EDGE('',*,*,#6526,.F.);
#6526 = EDGE_CURVE('',#6327,#5925,#6527,.T.);
#6527 = LINE('',#6528,#6529);
#6528 = CARTESIAN_POINT('',(-0.725,0.4,0.375));
#6529 = VECTOR('',#6530,1.);
#6530 = DIRECTION('',(0.,0.,1.));
#6531 = ORIENTED_EDGE('',*,*,#6373,.T.);
#6532 = PLANE('',#6533);
#6533 = AXIS2_PLACEMENT_3D('',#6534,#6535,#6536);
#6534 = CARTESIAN_POINT('',(-0.725,0.5,0.75));
#6535 = DIRECTION('',(-1.,0.,0.));
#6536 = DIRECTION('',(0.,-1.,0.));
#6537 = ADVANCED_FACE('',(#6538),#6563,.F.);
#6538 = FACE_BOUND('',#6539,.F.);
#6539 = EDGE_LOOP('',(#6540,#6541,#6549,#6557));
#6540 = ORIENTED_EDGE('',*,*,#5916,.T.);
#6541 = ORIENTED_EDGE('',*,*,#6542,.T.);
#6542 = EDGE_CURVE('',#5909,#6543,#6545,.T.);
#6543 = VERTEX_POINT('',#6544);
#6544 = CARTESIAN_POINT('',(0.725,0.3,0.));
#6545 = LINE('',#6546,#6547);
#6546 = CARTESIAN_POINT('',(0.725,0.3,0.75));
#6547 = VECTOR('',#6548,1.);
#6548 = DIRECTION('',(-0.,-0.,-1.));
#6549 = ORIENTED_EDGE('',*,*,#6550,.T.);
#6550 = EDGE_CURVE('',#6543,#6551,#6553,.T.);
#6551 = VERTEX_POINT('',#6552);
#6552 = CARTESIAN_POINT('',(0.725,0.4,0.));
#6553 = LINE('',#6554,#6555);
#6554 = CARTESIAN_POINT('',(0.725,-5.E-02,0.));
#6555 = VECTOR('',#6556,1.);
#6556 = DIRECTION('',(0.,1.,0.));
#6557 = ORIENTED_EDGE('',*,*,#6558,.F.);
#6558 = EDGE_CURVE('',#5917,#6551,#6559,.T.);
#6559 = LINE('',#6560,#6561);
#6560 = CARTESIAN_POINT('',(0.725,0.4,0.375));
#6561 = VECTOR('',#6562,1.);
#6562 = DIRECTION('',(0.,0.,-1.));
#6563 = PLANE('',#6564);
#6564 = AXIS2_PLACEMENT_3D('',#6565,#6566,#6567);
#6565 = CARTESIAN_POINT('',(0.725,0.3,0.75));
#6566 = DIRECTION('',(1.,0.,0.));
#6567 = DIRECTION('',(-0.,1.,0.));
#6568 = ADVANCED_FACE('',(#6569),#6588,.F.);
#6569 = FACE_BOUND('',#6570,.F.);
#6570 = EDGE_LOOP('',(#6571,#6572,#6573,#6582));
#6571 = ORIENTED_EDGE('',*,*,#6542,.F.);
#6572 = ORIENTED_EDGE('',*,*,#5908,.T.);
#6573 = ORIENTED_EDGE('',*,*,#6574,.F.);
#6574 = EDGE_CURVE('',#6575,#5901,#6577,.T.);
#6575 = VERTEX_POINT('',#6576);
#6576 = CARTESIAN_POINT('',(0.53,0.3,-3.469446951954E-18));
#6577 = CIRCLE('',#6578,3.E-02);
#6578 = AXIS2_PLACEMENT_3D('',#6579,#6580,#6581);
#6579 = CARTESIAN_POINT('',(0.53,0.3,3.E-02));
#6580 = DIRECTION('',(0.,1.,-0.));
#6581 = DIRECTION('',(-1.,0.,0.));
#6582 = ORIENTED_EDGE('',*,*,#6583,.T.);
#6583 = EDGE_CURVE('',#6575,#6543,#6584,.T.);
#6584 = LINE('',#6585,#6586);
#6585 = CARTESIAN_POINT('',(-0.1125,0.3,0.));
#6586 = VECTOR('',#6587,1.);
#6587 = DIRECTION('',(1.,0.,0.));
#6588 = PLANE('',#6589);
#6589 = AXIS2_PLACEMENT_3D('',#6590,#6591,#6592);
#6590 = CARTESIAN_POINT('',(-0.725,0.3,0.75));
#6591 = DIRECTION('',(0.,-1.,0.));
#6592 = DIRECTION('',(1.,0.,0.));
#6593 = ADVANCED_FACE('',(#6594),#6613,.T.);
#6594 = FACE_BOUND('',#6595,.T.);
#6595 = EDGE_LOOP('',(#6596,#6597,#6605,#6612));
#6596 = ORIENTED_EDGE('',*,*,#6574,.F.);
#6597 = ORIENTED_EDGE('',*,*,#6598,.F.);
#6598 = EDGE_CURVE('',#6599,#6575,#6601,.T.);
#6599 = VERTEX_POINT('',#6600);
#6600 = CARTESIAN_POINT('',(0.53,-0.3,-3.469446951954E-18));
#6601 = LINE('',#6602,#6603);
#6602 = CARTESIAN_POINT('',(0.53,-0.4,-3.469446951954E-18));
#6603 = VECTOR('',#6604,1.);
#6604 = DIRECTION('',(0.,1.,0.));
#6605 = ORIENTED_EDGE('',*,*,#6606,.T.);
#6606 = EDGE_CURVE('',#6599,#5893,#6607,.T.);
#6607 = CIRCLE('',#6608,3.E-02);
#6608 = AXIS2_PLACEMENT_3D('',#6609,#6610,#6611);
#6609 = CARTESIAN_POINT('',(0.53,-0.3,3.E-02));
#6610 = DIRECTION('',(0.,1.,-0.));
#6611 = DIRECTION('',(-1.,0.,0.));
#6612 = ORIENTED_EDGE('',*,*,#5900,.T.);
#6613 = CYLINDRICAL_SURFACE('',#6614,3.E-02);
#6614 = AXIS2_PLACEMENT_3D('',#6615,#6616,#6617);
#6615 = CARTESIAN_POINT('',(0.53,-0.4,3.E-02));
#6616 = DIRECTION('',(0.,1.,0.));
#6617 = DIRECTION('',(-1.,0.,0.));
#6618 = ADVANCED_FACE('',(#6619),#6637,.F.);
#6619 = FACE_BOUND('',#6620,.F.);
#6620 = EDGE_LOOP('',(#6621,#6622,#6630,#6636));
#6621 = ORIENTED_EDGE('',*,*,#5892,.T.);
#6622 = ORIENTED_EDGE('',*,*,#6623,.T.);
#6623 = EDGE_CURVE('',#5885,#6624,#6626,.T.);
#6624 = VERTEX_POINT('',#6625);
#6625 = CARTESIAN_POINT('',(0.725,-0.3,0.));
#6626 = LINE('',#6627,#6628);
#6627 = CARTESIAN_POINT('',(0.725,-0.3,0.75));
#6628 = VECTOR('',#6629,1.);
#6629 = DIRECTION('',(-0.,-0.,-1.));
#6630 = ORIENTED_EDGE('',*,*,#6631,.T.);
#6631 = EDGE_CURVE('',#6624,#6599,#6632,.T.);
#6632 = LINE('',#6633,#6634);
#6633 = CARTESIAN_POINT('',(0.6125,-0.3,0.));
#6634 = VECTOR('',#6635,1.);
#6635 = DIRECTION('',(-1.,0.,0.));
#6636 = ORIENTED_EDGE('',*,*,#6606,.T.);
#6637 = PLANE('',#6638);
#6638 = AXIS2_PLACEMENT_3D('',#6639,#6640,#6641);
#6639 = CARTESIAN_POINT('',(0.725,-0.3,0.75));
#6640 = DIRECTION('',(0.,1.,0.));
#6641 = DIRECTION('',(-1.,0.,0.));
#6642 = ADVANCED_FACE('',(#6643),#6654,.F.);
#6643 = FACE_BOUND('',#6644,.F.);
#6644 = EDGE_LOOP('',(#6645,#6646,#6647,#6648));
#6645 = ORIENTED_EDGE('',*,*,#6623,.F.);
#6646 = ORIENTED_EDGE('',*,*,#5884,.T.);
#6647 = ORIENTED_EDGE('',*,*,#6006,.T.);
#6648 = ORIENTED_EDGE('',*,*,#6649,.T.);
#6649 = EDGE_CURVE('',#5997,#6624,#6650,.T.);
#6650 = LINE('',#6651,#6652);
#6651 = CARTESIAN_POINT('',(0.725,-0.45,0.));
#6652 = VECTOR('',#6653,1.);
#6653 = DIRECTION('',(0.,1.,0.));
#6654 = PLANE('',#6655);
#6655 = AXIS2_PLACEMENT_3D('',#6656,#6657,#6658);
#6656 = CARTESIAN_POINT('',(0.725,-0.5,0.75));
#6657 = DIRECTION('',(1.,0.,0.));
#6658 = DIRECTION('',(-0.,1.,0.));
#6659 = ADVANCED_FACE('',(#6660),#6685,.T.);
#6660 = FACE_BOUND('',#6661,.T.);
#6661 = EDGE_LOOP('',(#6662,#6670,#6671,#6679));
#6662 = ORIENTED_EDGE('',*,*,#6663,.T.);
#6663 = EDGE_CURVE('',#6664,#5965,#6666,.T.);
#6664 = VERTEX_POINT('',#6665);
#6665 = CARTESIAN_POINT('',(0.277128129211,0.32,1.5E-02));
#6666 = LINE('',#6667,#6668);
#6667 = CARTESIAN_POINT('',(0.277128129211,0.32,1.5E-02));
#6668 = VECTOR('',#6669,1.);
#6669 = DIRECTION('',(0.,0.,1.));
#6670 = ORIENTED_EDGE('',*,*,#5964,.T.);
#6671 = ORIENTED_EDGE('',*,*,#6672,.F.);
#6672 = EDGE_CURVE('',#6673,#5967,#6675,.T.);
#6673 = VERTEX_POINT('',#6674);
#6674 = CARTESIAN_POINT('',(0.277128129211,-0.32,1.5E-02));
#6675 = LINE('',#6676,#6677);
#6676 = CARTESIAN_POINT('',(0.277128129211,-0.32,1.5E-02));
#6677 = VECTOR('',#6678,1.);
#6678 = DIRECTION('',(0.,0.,1.));
#6679 = ORIENTED_EDGE('',*,*,#6680,.F.);
#6680 = EDGE_CURVE('',#6664,#6673,#6681,.T.);
#6681 = LINE('',#6682,#6683);
#6682 = CARTESIAN_POINT('',(0.277128129211,0.32,1.5E-02));
#6683 = VECTOR('',#6684,1.);
#6684 = DIRECTION('',(0.,-1.,0.));
#6685 = PLANE('',#6686);
#6686 = AXIS2_PLACEMENT_3D('',#6687,#6688,#6689);
#6687 = CARTESIAN_POINT('',(0.277128129211,0.32,1.5E-02));
#6688 = DIRECTION('',(1.,0.,0.));
#6689 = DIRECTION('',(0.,-1.,0.));
#6690 = ADVANCED_FACE('',(#6691),#6709,.T.);
#6691 = FACE_BOUND('',#6692,.T.);
#6692 = EDGE_LOOP('',(#6693,#6701,#6702,#6703));
#6693 = ORIENTED_EDGE('',*,*,#6694,.T.);
#6694 = EDGE_CURVE('',#6695,#5975,#6697,.T.);
#6695 = VERTEX_POINT('',#6696);
#6696 = CARTESIAN_POINT('',(-0.277128129211,0.,1.5E-02));
#6697 = LINE('',#6698,#6699);
#6698 = CARTESIAN_POINT('',(-0.277128129211,0.,1.5E-02));
#6699 = VECTOR('',#6700,1.);
#6700 = DIRECTION('',(0.,0.,1.));
#6701 = ORIENTED_EDGE('',*,*,#5982,.T.);
#6702 = ORIENTED_EDGE('',*,*,#6663,.F.);
#6703 = ORIENTED_EDGE('',*,*,#6704,.F.);
#6704 = EDGE_CURVE('',#6695,#6664,#6705,.T.);
#6705 = LINE('',#6706,#6707);
#6706 = CARTESIAN_POINT('',(-0.277128129211,0.,1.5E-02));
#6707 = VECTOR('',#6708,1.);
#6708 = DIRECTION('',(0.866025403784,0.5,0.));
#6709 = PLANE('',#6710);
#6710 = AXIS2_PLACEMENT_3D('',#6711,#6712,#6713);
#6711 = CARTESIAN_POINT('',(-0.277128129211,0.,1.5E-02));
#6712 = DIRECTION('',(-0.5,0.866025403784,0.));
#6713 = DIRECTION('',(0.866025403784,0.5,0.));
#6714 = ADVANCED_FACE('',(#6715),#6726,.T.);
#6715 = FACE_BOUND('',#6716,.T.);
#6716 = EDGE_LOOP('',(#6717,#6718,#6719,#6720));
#6717 = ORIENTED_EDGE('',*,*,#6672,.T.);
#6718 = ORIENTED_EDGE('',*,*,#5974,.T.);
#6719 = ORIENTED_EDGE('',*,*,#6694,.F.);
#6720 = ORIENTED_EDGE('',*,*,#6721,.F.);
#6721 = EDGE_CURVE('',#6673,#6695,#6722,.T.);
#6722 = LINE('',#6723,#6724);
#6723 = CARTESIAN_POINT('',(0.277128129211,-0.32,1.5E-02));
#6724 = VECTOR('',#6725,1.);
#6725 = DIRECTION('',(-0.866025403784,0.5,0.));
#6726 = PLANE('',#6727);
#6727 = AXIS2_PLACEMENT_3D('',#6728,#6729,#6730);
#6728 = CARTESIAN_POINT('',(0.277128129211,-0.32,1.5E-02));
#6729 = DIRECTION('',(-0.5,-0.866025403784,0.));
#6730 = DIRECTION('',(-0.866025403784,0.5,0.));
#6731 = ADVANCED_FACE('',(#6732),#6754,.F.);
#6732 = FACE_BOUND('',#6733,.F.);
#6733 = EDGE_LOOP('',(#6734,#6742,#6743,#6744,#6745,#6746,#6747,#6748));
#6734 = ORIENTED_EDGE('',*,*,#6735,.F.);
#6735 = EDGE_CURVE('',#6551,#6736,#6738,.T.);
#6736 = VERTEX_POINT('',#6737);
#6737 = CARTESIAN_POINT('',(0.77,0.4,-3.469446951954E-18));
#6738 = LINE('',#6739,#6740);
#6739 = CARTESIAN_POINT('',(0.5,0.4,0.));
#6740 = VECTOR('',#6741,1.);
#6741 = DIRECTION('',(1.,0.,0.));
#6742 = ORIENTED_EDGE('',*,*,#6550,.F.);
#6743 = ORIENTED_EDGE('',*,*,#6583,.F.);
#6744 = ORIENTED_EDGE('',*,*,#6598,.F.);
#6745 = ORIENTED_EDGE('',*,*,#6631,.F.);
#6746 = ORIENTED_EDGE('',*,*,#6649,.F.);
#6747 = ORIENTED_EDGE('',*,*,#5996,.T.);
#6748 = ORIENTED_EDGE('',*,*,#6749,.T.);
#6749 = EDGE_CURVE('',#5999,#6736,#6750,.T.);
#6750 = LINE('',#6751,#6752);
#6751 = CARTESIAN_POINT('',(0.77,-0.4,-3.469446951954E-18));
#6752 = VECTOR('',#6753,1.);
#6753 = DIRECTION('',(0.,1.,0.));
#6754 = PLANE('',#6755);
#6755 = AXIS2_PLACEMENT_3D('',#6756,#6757,#6758);
#6756 = CARTESIAN_POINT('',(0.5,-0.4,0.));
#6757 = DIRECTION('',(0.,0.,1.));
#6758 = DIRECTION('',(1.,0.,-0.));
#6759 = ADVANCED_FACE('',(#6760),#6779,.T.);
#6760 = FACE_BOUND('',#6761,.T.);
#6761 = EDGE_LOOP('',(#6762,#6763,#6764,#6773));
#6762 = ORIENTED_EDGE('',*,*,#6048,.T.);
#6763 = ORIENTED_EDGE('',*,*,#6749,.T.);
#6764 = ORIENTED_EDGE('',*,*,#6765,.F.);
#6765 = EDGE_CURVE('',#6766,#6736,#6768,.T.);
#6766 = VERTEX_POINT('',#6767);
#6767 = CARTESIAN_POINT('',(0.8,0.4,3.E-02));
#6768 = CIRCLE('',#6769,3.E-02);
#6769 = AXIS2_PLACEMENT_3D('',#6770,#6771,#6772);
#6770 = CARTESIAN_POINT('',(0.77,0.4,3.E-02));
#6771 = DIRECTION('',(0.,1.,0.));
#6772 = DIRECTION('',(0.,-0.,1.));
#6773 = ORIENTED_EDGE('',*,*,#6774,.F.);
#6774 = EDGE_CURVE('',#6041,#6766,#6775,.T.);
#6775 = LINE('',#6776,#6777);
#6776 = CARTESIAN_POINT('',(0.8,-0.4,3.E-02));
#6777 = VECTOR('',#6778,1.);
#6778 = DIRECTION('',(0.,1.,0.));
#6779 = CYLINDRICAL_SURFACE('',#6780,3.E-02);
#6780 = AXIS2_PLACEMENT_3D('',#6781,#6782,#6783);
#6781 = CARTESIAN_POINT('',(0.77,-0.4,3.E-02));
#6782 = DIRECTION('',(0.,1.,0.));
#6783 = DIRECTION('',(1.,0.,0.));
#6784 = ADVANCED_FACE('',(#6785),#6803,.T.);
#6785 = FACE_BOUND('',#6786,.T.);
#6786 = EDGE_LOOP('',(#6787,#6788,#6789,#6797));
#6787 = ORIENTED_EDGE('',*,*,#6040,.F.);
#6788 = ORIENTED_EDGE('',*,*,#6774,.T.);
#6789 = ORIENTED_EDGE('',*,*,#6790,.T.);
#6790 = EDGE_CURVE('',#6766,#6791,#6793,.T.);
#6791 = VERTEX_POINT('',#6792);
#6792 = CARTESIAN_POINT('',(0.8,0.4,0.47));
#6793 = LINE('',#6794,#6795);
#6794 = CARTESIAN_POINT('',(0.8,0.4,0.));
#6795 = VECTOR('',#6796,1.);
#6796 = DIRECTION('',(0.,0.,1.));
#6797 = ORIENTED_EDGE('',*,*,#6798,.F.);
#6798 = EDGE_CURVE('',#6032,#6791,#6799,.T.);
#6799 = LINE('',#6800,#6801);
#6800 = CARTESIAN_POINT('',(0.8,-0.4,0.47));
#6801 = VECTOR('',#6802,1.);
#6802 = DIRECTION('',(0.,1.,0.));
#6803 = PLANE('',#6804);
#6804 = AXIS2_PLACEMENT_3D('',#6805,#6806,#6807);
#6805 = CARTESIAN_POINT('',(0.8,-0.4,0.));
#6806 = DIRECTION('',(1.,0.,0.));
#6807 = DIRECTION('',(0.,0.,1.));
#6808 = ADVANCED_FACE('',(#6809),#6828,.T.);
#6809 = FACE_BOUND('',#6810,.T.);
#6810 = EDGE_LOOP('',(#6811,#6812,#6821,#6827));
#6811 = ORIENTED_EDGE('',*,*,#6798,.T.);
#6812 = ORIENTED_EDGE('',*,*,#6813,.T.);
#6813 = EDGE_CURVE('',#6791,#6814,#6816,.T.);
#6814 = VERTEX_POINT('',#6815);
#6815 = CARTESIAN_POINT('',(0.77,0.4,0.5));
#6816 = CIRCLE('',#6817,3.E-02);
#6817 = AXIS2_PLACEMENT_3D('',#6818,#6819,#6820);
#6818 = CARTESIAN_POINT('',(0.77,0.4,0.47));
#6819 = DIRECTION('',(0.,-1.,0.));
#6820 = DIRECTION('',(0.,0.,1.));
#6821 = ORIENTED_EDGE('',*,*,#6822,.F.);
#6822 = EDGE_CURVE('',#6024,#6814,#6823,.T.);
#6823 = LINE('',#6824,#6825);
#6824 = CARTESIAN_POINT('',(0.77,-0.4,0.5));
#6825 = VECTOR('',#6826,1.);
#6826 = DIRECTION('',(0.,1.,0.));
#6827 = ORIENTED_EDGE('',*,*,#6031,.F.);
#6828 = CYLINDRICAL_SURFACE('',#6829,3.E-02);
#6829 = AXIS2_PLACEMENT_3D('',#6830,#6831,#6832);
#6830 = CARTESIAN_POINT('',(0.77,-0.4,0.47));
#6831 = DIRECTION('',(0.,1.,0.));
#6832 = DIRECTION('',(1.,0.,0.));
#6833 = ADVANCED_FACE('',(#6834),#6875,.T.);
#6834 = FACE_BOUND('',#6835,.T.);
#6835 = EDGE_LOOP('',(#6836,#6844,#6852,#6858,#6859,#6867,#6873,#6874));
#6836 = ORIENTED_EDGE('',*,*,#6837,.F.);
#6837 = EDGE_CURVE('',#6838,#6814,#6840,.T.);
#6838 = VERTEX_POINT('',#6839);
#6839 = CARTESIAN_POINT('',(0.725,0.4,0.5));
#6840 = LINE('',#6841,#6842);
#6841 = CARTESIAN_POINT('',(0.5,0.4,0.5));
#6842 = VECTOR('',#6843,1.);
#6843 = DIRECTION('',(1.,0.,0.));
#6844 = ORIENTED_EDGE('',*,*,#6845,.F.);
#6845 = EDGE_CURVE('',#6846,#6838,#6848,.T.);
#6846 = VERTEX_POINT('',#6847);
#6847 = CARTESIAN_POINT('',(0.725,0.3,0.5));
#6848 = LINE('',#6849,#6850);
#6849 = CARTESIAN_POINT('',(0.725,-5.E-02,0.5));
#6850 = VECTOR('',#6851,1.);
#6851 = DIRECTION('',(0.,1.,0.));
#6852 = ORIENTED_EDGE('',*,*,#6853,.F.);
#6853 = EDGE_CURVE('',#6129,#6846,#6854,.T.);
#6854 = LINE('',#6855,#6856);
#6855 = CARTESIAN_POINT('',(-0.1125,0.3,0.5));
#6856 = VECTOR('',#6857,1.);
#6857 = DIRECTION('',(1.,0.,0.));
#6858 = ORIENTED_EDGE('',*,*,#6128,.F.);
#6859 = ORIENTED_EDGE('',*,*,#6860,.F.);
#6860 = EDGE_CURVE('',#6861,#6120,#6863,.T.);
#6861 = VERTEX_POINT('',#6862);
#6862 = CARTESIAN_POINT('',(0.725,-0.3,0.5));
#6863 = LINE('',#6864,#6865);
#6864 = CARTESIAN_POINT('',(0.6125,-0.3,0.5));
#6865 = VECTOR('',#6866,1.);
#6866 = DIRECTION('',(-1.,0.,0.));
#6867 = ORIENTED_EDGE('',*,*,#6868,.F.);
#6868 = EDGE_CURVE('',#6016,#6861,#6869,.T.);
#6869 = LINE('',#6870,#6871);
#6870 = CARTESIAN_POINT('',(0.725,-0.45,0.5));
#6871 = VECTOR('',#6872,1.);
#6872 = DIRECTION('',(0.,1.,0.));
#6873 = ORIENTED_EDGE('',*,*,#6023,.T.);
#6874 = ORIENTED_EDGE('',*,*,#6822,.T.);
#6875 = PLANE('',#6876);
#6876 = AXIS2_PLACEMENT_3D('',#6877,#6878,#6879);
#6877 = CARTESIAN_POINT('',(0.5,-0.4,0.5));
#6878 = DIRECTION('',(0.,0.,1.));
#6879 = DIRECTION('',(1.,0.,-0.));
#6880 = ADVANCED_FACE('',(#6881),#6892,.F.);
#6881 = FACE_BOUND('',#6882,.F.);
#6882 = EDGE_LOOP('',(#6883,#6889,#6890,#6891));
#6883 = ORIENTED_EDGE('',*,*,#6884,.F.);
#6884 = EDGE_CURVE('',#6861,#6064,#6885,.T.);
#6885 = LINE('',#6886,#6887);
#6886 = CARTESIAN_POINT('',(0.725,-0.3,0.75));
#6887 = VECTOR('',#6888,1.);
#6888 = DIRECTION('',(-0.,-0.,-1.));
#6889 = ORIENTED_EDGE('',*,*,#6868,.F.);
#6890 = ORIENTED_EDGE('',*,*,#6015,.T.);
#6891 = ORIENTED_EDGE('',*,*,#6073,.F.);
#6892 = PLANE('',#6893);
#6893 = AXIS2_PLACEMENT_3D('',#6894,#6895,#6896);
#6894 = CARTESIAN_POINT('',(0.725,-0.5,0.75));
#6895 = DIRECTION('',(1.,0.,0.));
#6896 = DIRECTION('',(-0.,1.,0.));
#6897 = ADVANCED_FACE('',(#6898),#6904,.F.);
#6898 = FACE_BOUND('',#6899,.F.);
#6899 = EDGE_LOOP('',(#6900,#6901,#6902,#6903));
#6900 = ORIENTED_EDGE('',*,*,#6860,.F.);
#6901 = ORIENTED_EDGE('',*,*,#6884,.T.);
#6902 = ORIENTED_EDGE('',*,*,#6063,.F.);
#6903 = ORIENTED_EDGE('',*,*,#6119,.T.);
#6904 = PLANE('',#6905);
#6905 = AXIS2_PLACEMENT_3D('',#6906,#6907,#6908);
#6906 = CARTESIAN_POINT('',(0.725,-0.3,0.75));
#6907 = DIRECTION('',(0.,1.,0.));
#6908 = DIRECTION('',(-1.,0.,0.));
#6909 = ADVANCED_FACE('',(#6910),#6926,.F.);
#6910 = FACE_BOUND('',#6911,.F.);
#6911 = EDGE_LOOP('',(#6912,#6913,#6919,#6920));
#6912 = ORIENTED_EDGE('',*,*,#6845,.F.);
#6913 = ORIENTED_EDGE('',*,*,#6914,.T.);
#6914 = EDGE_CURVE('',#6846,#6097,#6915,.T.);
#6915 = LINE('',#6916,#6917);
#6916 = CARTESIAN_POINT('',(0.725,0.3,0.75));
#6917 = VECTOR('',#6918,1.);
#6918 = DIRECTION('',(-0.,-0.,-1.));
#6919 = ORIENTED_EDGE('',*,*,#6104,.F.);
#6920 = ORIENTED_EDGE('',*,*,#6921,.F.);
#6921 = EDGE_CURVE('',#6838,#6088,#6922,.T.);
#6922 = LINE('',#6923,#6924);
#6923 = CARTESIAN_POINT('',(0.725,0.4,0.375));
#6924 = VECTOR('',#6925,1.);
#6925 = DIRECTION('',(0.,0.,-1.));
#6926 = PLANE('',#6927);
#6927 = AXIS2_PLACEMENT_3D('',#6928,#6929,#6930);
#6928 = CARTESIAN_POINT('',(0.725,0.3,0.75));
#6929 = DIRECTION('',(1.,0.,0.));
#6930 = DIRECTION('',(-0.,1.,0.));
#6931 = ADVANCED_FACE('',(#6932),#6938,.F.);
#6932 = FACE_BOUND('',#6933,.F.);
#6933 = EDGE_LOOP('',(#6934,#6935,#6936,#6937));
#6934 = ORIENTED_EDGE('',*,*,#6914,.F.);
#6935 = ORIENTED_EDGE('',*,*,#6853,.F.);
#6936 = ORIENTED_EDGE('',*,*,#6136,.F.);
#6937 = ORIENTED_EDGE('',*,*,#6096,.F.);
#6938 = PLANE('',#6939);
#6939 = AXIS2_PLACEMENT_3D('',#6940,#6941,#6942);
#6940 = CARTESIAN_POINT('',(-0.725,0.3,0.75));
#6941 = DIRECTION('',(0.,-1.,0.));
#6942 = DIRECTION('',(1.,0.,0.));
#6943 = ADVANCED_FACE('',(#6944),#6956,.T.);
#6944 = FACE_BOUND('',#6945,.T.);
#6945 = EDGE_LOOP('',(#6946,#6947,#6948,#6949,#6950,#6951,#6952,#6953,
    #6954,#6955));
#6946 = ORIENTED_EDGE('',*,*,#6324,.F.);
#6947 = ORIENTED_EDGE('',*,*,#6395,.F.);
#6948 = ORIENTED_EDGE('',*,*,#6431,.T.);
#6949 = ORIENTED_EDGE('',*,*,#6455,.T.);
#6950 = ORIENTED_EDGE('',*,*,#6279,.T.);
#6951 = ORIENTED_EDGE('',*,*,#6240,.F.);
#6952 = ORIENTED_EDGE('',*,*,#6167,.F.);
#6953 = ORIENTED_EDGE('',*,*,#6159,.F.);
#6954 = ORIENTED_EDGE('',*,*,#6151,.T.);
#6955 = ORIENTED_EDGE('',*,*,#6526,.F.);
#6956 = PLANE('',#6957);
#6957 = AXIS2_PLACEMENT_3D('',#6958,#6959,#6960);
#6958 = CARTESIAN_POINT('',(-0.8,0.4,0.));
#6959 = DIRECTION('',(0.,1.,0.));
#6960 = DIRECTION('',(0.,-0.,1.));
#6961 = ADVANCED_FACE('',(#6962),#6974,.T.);
#6962 = FACE_BOUND('',#6963,.T.);
#6963 = EDGE_LOOP('',(#6964,#6965,#6966,#6967,#6968,#6969,#6970,#6971,
    #6972,#6973));
#6964 = ORIENTED_EDGE('',*,*,#6735,.F.);
#6965 = ORIENTED_EDGE('',*,*,#6558,.F.);
#6966 = ORIENTED_EDGE('',*,*,#6192,.T.);
#6967 = ORIENTED_EDGE('',*,*,#6184,.T.);
#6968 = ORIENTED_EDGE('',*,*,#6176,.F.);
#6969 = ORIENTED_EDGE('',*,*,#6921,.F.);
#6970 = ORIENTED_EDGE('',*,*,#6837,.T.);
#6971 = ORIENTED_EDGE('',*,*,#6813,.F.);
#6972 = ORIENTED_EDGE('',*,*,#6790,.F.);
#6973 = ORIENTED_EDGE('',*,*,#6765,.T.);
#6974 = PLANE('',#6975);
#6975 = AXIS2_PLACEMENT_3D('',#6976,#6977,#6978);
#6976 = CARTESIAN_POINT('',(0.5,0.4,0.));
#6977 = DIRECTION('',(0.,1.,0.));
#6978 = DIRECTION('',(0.,-0.,1.));
#6979 = ADVANCED_FACE('',(#6980),#6985,.T.);
#6980 = FACE_BOUND('',#6981,.T.);
#6981 = EDGE_LOOP('',(#6982,#6983,#6984));
#6982 = ORIENTED_EDGE('',*,*,#6704,.T.);
#6983 = ORIENTED_EDGE('',*,*,#6680,.T.);
#6984 = ORIENTED_EDGE('',*,*,#6721,.T.);
#6985 = PLANE('',#6986);
#6986 = AXIS2_PLACEMENT_3D('',#6987,#6988,#6989);
#6987 = CARTESIAN_POINT('',(9.237604307034E-02,0.,1.5E-02));
#6988 = DIRECTION('',(-0.,-0.,-1.));
#6989 = DIRECTION('',(-1.,0.,0.));
#6990 = ( GEOMETRIC_REPRESENTATION_CONTEXT(3) 
GLOBAL_UNCERTAINTY_ASSIGNED_CONTEXT((#6994)) 
GLOBAL_UNIT_ASSIGNED_CONTEXT((#6991,#6992,#6993)) REPRESENTATION_CONTEXT
('Context #1','3D Context with UNIT and UNCERTAINTY') );
#6991 = ( LENGTH_UNIT() NAMED_UNIT(*) SI_UNIT(.MILLI.,.METRE.) );
#6992 = ( NAMED_UNIT(*) PLANE_ANGLE_UNIT() SI_UNIT($,.RADIAN.) );
#6993 = ( NAMED_UNIT(*) SI_UNIT($,.STERADIAN.) SOLID_ANGLE_UNIT() );
#6994 = UNCERTAINTY_MEASURE_WITH_UNIT(LENGTH_MEASURE(1.E-07),#6991,
  'distance_accuracy_value','confusion accuracy');
#6995 = CONTEXT_DEPENDENT_SHAPE_REPRESENTATION(#6996,#6998);
#6996 = ( REPRESENTATION_RELATIONSHIP('','',#5466,#10) 
REPRESENTATION_RELATIONSHIP_WITH_TRANSFORMATION(#6997) 
SHAPE_REPRESENTATION_RELATIONSHIP() );
#6997 = ITEM_DEFINED_TRANSFORMATION('','',#11,#35);
#6998 = PRODUCT_DEFINITION_SHAPE('Placement','Placement of an item',
  #6999);
#6999 = NEXT_ASSEMBLY_USAGE_OCCURRENCE('6','DG1','',#5,#5461,$);
#7000 = PRODUCT_RELATED_PRODUCT_CATEGORY('part',$,(#5463));
#7001 = CONTEXT_DEPENDENT_SHAPE_REPRESENTATION(#7002,#7004);
#7002 = ( REPRESENTATION_RELATIONSHIP('','',#3779,#10) 
REPRESENTATION_RELATIONSHIP_WITH_TRANSFORMATION(#7003) 
SHAPE_REPRESENTATION_RELATIONSHIP() );
#7003 = ITEM_DEFINED_TRANSFORMATION('','',#11,#39);
#7004 = PRODUCT_DEFINITION_SHAPE('Placement','Placement of an item',
  #7005);
#7005 = NEXT_ASSEMBLY_USAGE_OCCURRENCE('7','RG3','',#5,#3774,$);
#7006 = CONTEXT_DEPENDENT_SHAPE_REPRESENTATION(#7007,#7009);
#7007 = ( REPRESENTATION_RELATIONSHIP('','',#5466,#10) 
REPRESENTATION_RELATIONSHIP_WITH_TRANSFORMATION(#7008) 
SHAPE_REPRESENTATION_RELATIONSHIP() );
#7008 = ITEM_DEFINED_TRANSFORMATION('','',#11,#43);
#7009 = PRODUCT_DEFINITION_SHAPE('Placement','Placement of an item',
  #7010);
#7010 = NEXT_ASSEMBLY_USAGE_OCCURRENCE('8','DR1','',#5,#5461,$);
#7011 = CONTEXT_DEPENDENT_SHAPE_REPRESENTATION(#7012,#7014);
#7012 = ( REPRESENTATION_RELATIONSHIP('','',#212,#10) 
REPRESENTATION_RELATIONSHIP_WITH_TRANSFORMATION(#7013) 
SHAPE_REPRESENTATION_RELATIONSHIP() );
#7013 = ITEM_DEFINED_TRANSFORMATION('','',#11,#47);
#7014 = PRODUCT_DEFINITION_SHAPE('Placement','Placement of an item',
  #7015);
#7015 = NEXT_ASSEMBLY_USAGE_OCCURRENCE('9','RUV','',#5,#207,$);
#7016 = CONTEXT_DEPENDENT_SHAPE_REPRESENTATION(#7017,#7019);
#7017 = ( REPRESENTATION_RELATIONSHIP('','',#212,#10) 
REPRESENTATION_RELATIONSHIP_WITH_TRANSFORMATION(#7018) 
SHAPE_REPRESENTATION_RELATIONSHIP() );
#7018 = ITEM_DEFINED_TRANSFORMATION('','',#11,#51);
#7019 = PRODUCT_DEFINITION_SHAPE('Placement','Placement of an item',
  #7020);
#7020 = NEXT_ASSEMBLY_USAGE_OCCURRENCE('10','RA1','',#5,#207,$);
#7021 = CONTEXT_DEPENDENT_SHAPE_REPRESENTATION(#7022,#7024);
#7022 = ( REPRESENTATION_RELATIONSHIP('','',#1021,#10) 
REPRESENTATION_RELATIONSHIP_WITH_TRANSFORMATION(#7023) 
SHAPE_REPRESENTATION_RELATIONSHIP() );
#7023 = ITEM_DEFINED_TRANSFORMATION('','',#11,#55);
#7024 = PRODUCT_DEFINITION_SHAPE('Placement','Placement of an item',
  #7025);
#7025 = NEXT_ASSEMBLY_USAGE_OCCURRENCE('11','OK2','',#5,#1016,$);
#7026 = CONTEXT_DEPENDENT_SHAPE_REPRESENTATION(#7027,#7029);
#7027 = ( REPRESENTATION_RELATIONSHIP('','',#5466,#10) 
REPRESENTATION_RELATIONSHIP_WITH_TRANSFORMATION(#7028) 
SHAPE_REPRESENTATION_RELATIONSHIP() );
#7028 = ITEM_DEFINED_TRANSFORMATION('','',#11,#59);
#7029 = PRODUCT_DEFINITION_SHAPE('Placement','Placement of an item',
  #7030);
#7030 = NEXT_ASSEMBLY_USAGE_OCCURRENCE('12','DG3','',#5,#5461,$);
#7031 = CONTEXT_DEPENDENT_SHAPE_REPRESENTATION(#7032,#7034);
#7032 = ( REPRESENTATION_RELATIONSHIP('','',#3779,#10) 
REPRESENTATION_RELATIONSHIP_WITH_TRANSFORMATION(#7033) 
SHAPE_REPRESENTATION_RELATIONSHIP() );
#7033 = ITEM_DEFINED_TRANSFORMATION('','',#11,#63);
#7034 = PRODUCT_DEFINITION_SHAPE('Placement','Placement of an item',
  #7035);
#7035 = NEXT_ASSEMBLY_USAGE_OCCURRENCE('13','RI3','',#5,#3774,$);
#7036 = CONTEXT_DEPENDENT_SHAPE_REPRESENTATION(#7037,#7039);
#7037 = ( REPRESENTATION_RELATIONSHIP('','',#5466,#10) 
REPRESENTATION_RELATIONSHIP_WITH_TRANSFORMATION(#7038) 
SHAPE_REPRESENTATION_RELATIONSHIP() );
#7038 = ITEM_DEFINED_TRANSFORMATION('','',#11,#67);
#7039 = PRODUCT_DEFINITION_SHAPE('Placement','Placement of an item',
  #7040);
#7040 = NEXT_ASSEMBLY_USAGE_OCCURRENCE('14','DG2','',#5,#5461,$);
#7041 = CONTEXT_DEPENDENT_SHAPE_REPRESENTATION(#7042,#7044);
#7042 = ( REPRESENTATION_RELATIONSHIP('','',#212,#10) 
REPRESENTATION_RELATIONSHIP_WITH_TRANSFORMATION(#7043) 
SHAPE_REPRESENTATION_RELATIONSHIP() );
#7043 = ITEM_DEFINED_TRANSFORMATION('','',#11,#71);
#7044 = PRODUCT_DEFINITION_SHAPE('Placement','Placement of an item',
  #7045);
#7045 = NEXT_ASSEMBLY_USAGE_OCCURRENCE('15','RU3','',#5,#207,$);
#7046 = SHAPE_DEFINITION_REPRESENTATION(#7047,#7053);
#7047 = PRODUCT_DEFINITION_SHAPE('','',#7048);
#7048 = PRODUCT_DEFINITION('design','',#7049,#7052);
#7049 = PRODUCT_DEFINITION_FORMATION('','',#7050);
#7050 = PRODUCT('Fuseholder_Blade_Mini_Keystone_3568',
  'Fuseholder_Blade_Mini_Keystone_3568','',(#7051));
#7051 = PRODUCT_CONTEXT('',#2,'mechanical');
#7052 = PRODUCT_DEFINITION_CONTEXT('part definition',#2,'design');
#7053 = ADVANCED_BREP_SHAPE_REPRESENTATION('',(#11,#7054),#11496);
#7054 = MANIFOLD_SOLID_BREP('',#7055);
#7055 = CLOSED_SHELL('',(#7056,#7096,#7129,#7162,#7445,#7470,#7487,#7511
    ,#7528,#7787,#7811,#7836,#7861,#7878,#8073,#8268,#8286,#8304,#8328,
    #8359,#8383,#8600,#8631,#8662,#8686,#8710,#8734,#8758,#8789,#8813,
    #8830,#8861,#8885,#9102,#9133,#9164,#9188,#9212,#9236,#9260,#9291,
    #9315,#9332,#9343,#9354,#9421,#9453,#9493,#9518,#9550,#9590,#9615,
    #9682,#9714,#9754,#9779,#9811,#9851,#9876,#9893,#9905,#9923,#9948,
    #9972,#9997,#10021,#10045,#10070,#10094,#10112,#10136,#10160,#10185,
    #10209,#10234,#10258,#10283,#10307,#10332,#10356,#10381,#10405,
    #10430,#10454,#10471,#10494,#10505,#10522,#10534,#10552,#10577,
    #10601,#10626,#10650,#10674,#10699,#10723,#10741,#10765,#10789,
    #10814,#10838,#10863,#10887,#10912,#10936,#10961,#10985,#11010,
    #11034,#11059,#11083,#11100,#11123,#11134,#11167,#11200,#11217,
    #11234,#11246,#11263,#11280,#11292,#11325,#11358,#11375,#11392,
    #11404,#11421,#11438,#11450,#11473));
#7056 = ADVANCED_FACE('',(#7057),#7091,.F.);
#7057 = FACE_BOUND('',#7058,.F.);
#7058 = EDGE_LOOP('',(#7059,#7069,#7077,#7085));
#7059 = ORIENTED_EDGE('',*,*,#7060,.F.);
#7060 = EDGE_CURVE('',#7061,#7063,#7065,.T.);
#7061 = VERTEX_POINT('',#7062);
#7062 = CARTESIAN_POINT('',(12.96,1.47,0.));
#7063 = VERTEX_POINT('',#7064);
#7064 = CARTESIAN_POINT('',(12.96,1.47,7.17));
#7065 = LINE('',#7066,#7067);
#7066 = CARTESIAN_POINT('',(12.96,1.47,0.));
#7067 = VECTOR('',#7068,1.);
#7068 = DIRECTION('',(0.,0.,1.));
#7069 = ORIENTED_EDGE('',*,*,#7070,.F.);
#7070 = EDGE_CURVE('',#7071,#7061,#7073,.T.);
#7071 = VERTEX_POINT('',#7072);
#7072 = CARTESIAN_POINT('',(12.96,-4.86,0.));
#7073 = LINE('',#7074,#7075);
#7074 = CARTESIAN_POINT('',(12.96,-5.06,0.));
#7075 = VECTOR('',#7076,1.);
#7076 = DIRECTION('',(0.,1.,0.));
#7077 = ORIENTED_EDGE('',*,*,#7078,.T.);
#7078 = EDGE_CURVE('',#7071,#7079,#7081,.T.);
#7079 = VERTEX_POINT('',#7080);
#7080 = CARTESIAN_POINT('',(12.96,-4.86,7.17));
#7081 = LINE('',#7082,#7083);
#7082 = CARTESIAN_POINT('',(12.96,-4.86,0.));
#7083 = VECTOR('',#7084,1.);
#7084 = DIRECTION('',(0.,0.,1.));
#7085 = ORIENTED_EDGE('',*,*,#7086,.T.);
#7086 = EDGE_CURVE('',#7079,#7063,#7087,.T.);
#7087 = LINE('',#7088,#7089);
#7088 = CARTESIAN_POINT('',(12.96,-4.86,7.17));
#7089 = VECTOR('',#7090,1.);
#7090 = DIRECTION('',(0.,1.,0.));
#7091 = PLANE('',#7092);
#7092 = AXIS2_PLACEMENT_3D('',#7093,#7094,#7095);
#7093 = CARTESIAN_POINT('',(12.96,-5.06,0.));
#7094 = DIRECTION('',(-1.,0.,0.));
#7095 = DIRECTION('',(0.,1.,0.));
#7096 = ADVANCED_FACE('',(#7097),#7124,.T.);
#7097 = FACE_BOUND('',#7098,.T.);
#7098 = EDGE_LOOP('',(#7099,#7100,#7109,#7117));
#7099 = ORIENTED_EDGE('',*,*,#7060,.F.);
#7100 = ORIENTED_EDGE('',*,*,#7101,.T.);
#7101 = EDGE_CURVE('',#7061,#7102,#7104,.T.);
#7102 = VERTEX_POINT('',#7103);
#7103 = CARTESIAN_POINT('',(12.76,1.67,0.));
#7104 = CIRCLE('',#7105,0.2);
#7105 = AXIS2_PLACEMENT_3D('',#7106,#7107,#7108);
#7106 = CARTESIAN_POINT('',(12.76,1.47,0.));
#7107 = DIRECTION('',(-0.,0.,1.));
#7108 = DIRECTION('',(0.,-1.,0.));
#7109 = ORIENTED_EDGE('',*,*,#7110,.T.);
#7110 = EDGE_CURVE('',#7102,#7111,#7113,.T.);
#7111 = VERTEX_POINT('',#7112);
#7112 = CARTESIAN_POINT('',(12.76,1.67,7.17));
#7113 = LINE('',#7114,#7115);
#7114 = CARTESIAN_POINT('',(12.76,1.67,0.));
#7115 = VECTOR('',#7116,1.);
#7116 = DIRECTION('',(0.,0.,1.));
#7117 = ORIENTED_EDGE('',*,*,#7118,.F.);
#7118 = EDGE_CURVE('',#7063,#7111,#7119,.T.);
#7119 = CIRCLE('',#7120,0.2);
#7120 = AXIS2_PLACEMENT_3D('',#7121,#7122,#7123);
#7121 = CARTESIAN_POINT('',(12.76,1.47,7.17));
#7122 = DIRECTION('',(0.,0.,1.));
#7123 = DIRECTION('',(1.,0.,-0.));
#7124 = CYLINDRICAL_SURFACE('',#7125,0.2);
#7125 = AXIS2_PLACEMENT_3D('',#7126,#7127,#7128);
#7126 = CARTESIAN_POINT('',(12.76,1.47,0.));
#7127 = DIRECTION('',(0.,0.,1.));
#7128 = DIRECTION('',(1.,0.,-0.));
#7129 = ADVANCED_FACE('',(#7130),#7157,.T.);
#7130 = FACE_BOUND('',#7131,.T.);
#7131 = EDGE_LOOP('',(#7132,#7133,#7142,#7150));
#7132 = ORIENTED_EDGE('',*,*,#7086,.T.);
#7133 = ORIENTED_EDGE('',*,*,#7134,.T.);
#7134 = EDGE_CURVE('',#7063,#7135,#7137,.T.);
#7135 = VERTEX_POINT('',#7136);
#7136 = CARTESIAN_POINT('',(12.76,1.47,7.37));
#7137 = CIRCLE('',#7138,0.2);
#7138 = AXIS2_PLACEMENT_3D('',#7139,#7140,#7141);
#7139 = CARTESIAN_POINT('',(12.76,1.47,7.17));
#7140 = DIRECTION('',(0.,-1.,0.));
#7141 = DIRECTION('',(1.,0.,0.));
#7142 = ORIENTED_EDGE('',*,*,#7143,.F.);
#7143 = EDGE_CURVE('',#7144,#7135,#7146,.T.);
#7144 = VERTEX_POINT('',#7145);
#7145 = CARTESIAN_POINT('',(12.76,-4.86,7.37));
#7146 = LINE('',#7147,#7148);
#7147 = CARTESIAN_POINT('',(12.76,-4.86,7.37));
#7148 = VECTOR('',#7149,1.);
#7149 = DIRECTION('',(0.,1.,0.));
#7150 = ORIENTED_EDGE('',*,*,#7151,.F.);
#7151 = EDGE_CURVE('',#7079,#7144,#7152,.T.);
#7152 = CIRCLE('',#7153,0.2);
#7153 = AXIS2_PLACEMENT_3D('',#7154,#7155,#7156);
#7154 = CARTESIAN_POINT('',(12.76,-4.86,7.17));
#7155 = DIRECTION('',(-6.123233995737E-17,-1.,0.));
#7156 = DIRECTION('',(1.,-6.123233995737E-17,0.));
#7157 = CYLINDRICAL_SURFACE('',#7158,0.2);
#7158 = AXIS2_PLACEMENT_3D('',#7159,#7160,#7161);
#7159 = CARTESIAN_POINT('',(12.76,-4.86,7.17));
#7160 = DIRECTION('',(0.,1.,0.));
#7161 = DIRECTION('',(1.,0.,0.));
#7162 = ADVANCED_FACE('',(#7163,#7216,#7328),#7440,.F.);
#7163 = FACE_BOUND('',#7164,.F.);
#7164 = EDGE_LOOP('',(#7165,#7166,#7167,#7175,#7184,#7192,#7201,#7209));
#7165 = ORIENTED_EDGE('',*,*,#7070,.T.);
#7166 = ORIENTED_EDGE('',*,*,#7101,.T.);
#7167 = ORIENTED_EDGE('',*,*,#7168,.T.);
#7168 = EDGE_CURVE('',#7102,#7169,#7171,.T.);
#7169 = VERTEX_POINT('',#7170);
#7170 = CARTESIAN_POINT('',(-2.84,1.67,0.));
#7171 = LINE('',#7172,#7173);
#7172 = CARTESIAN_POINT('',(12.96,1.67,0.));
#7173 = VECTOR('',#7174,1.);
#7174 = DIRECTION('',(-1.,0.,0.));
#7175 = ORIENTED_EDGE('',*,*,#7176,.F.);
#7176 = EDGE_CURVE('',#7177,#7169,#7179,.T.);
#7177 = VERTEX_POINT('',#7178);
#7178 = CARTESIAN_POINT('',(-3.04,1.47,0.));
#7179 = CIRCLE('',#7180,0.2);
#7180 = AXIS2_PLACEMENT_3D('',#7181,#7182,#7183);
#7181 = CARTESIAN_POINT('',(-2.84,1.47,0.));
#7182 = DIRECTION('',(-0.,-0.,-1.));
#7183 = DIRECTION('',(0.,-1.,0.));
#7184 = ORIENTED_EDGE('',*,*,#7185,.T.);
#7185 = EDGE_CURVE('',#7177,#7186,#7188,.T.);
#7186 = VERTEX_POINT('',#7187);
#7187 = CARTESIAN_POINT('',(-3.04,-4.86,0.));
#7188 = LINE('',#7189,#7190);
#7189 = CARTESIAN_POINT('',(-3.04,1.67,0.));
#7190 = VECTOR('',#7191,1.);
#7191 = DIRECTION('',(0.,-1.,0.));
#7192 = ORIENTED_EDGE('',*,*,#7193,.F.);
#7193 = EDGE_CURVE('',#7194,#7186,#7196,.T.);
#7194 = VERTEX_POINT('',#7195);
#7195 = CARTESIAN_POINT('',(-2.84,-5.06,0.));
#7196 = CIRCLE('',#7197,0.2);
#7197 = AXIS2_PLACEMENT_3D('',#7198,#7199,#7200);
#7198 = CARTESIAN_POINT('',(-2.84,-4.86,0.));
#7199 = DIRECTION('',(-0.,-0.,-1.));
#7200 = DIRECTION('',(0.,-1.,0.));
#7201 = ORIENTED_EDGE('',*,*,#7202,.T.);
#7202 = EDGE_CURVE('',#7194,#7203,#7205,.T.);
#7203 = VERTEX_POINT('',#7204);
#7204 = CARTESIAN_POINT('',(12.76,-5.06,0.));
#7205 = LINE('',#7206,#7207);
#7206 = CARTESIAN_POINT('',(-3.04,-5.06,0.));
#7207 = VECTOR('',#7208,1.);
#7208 = DIRECTION('',(1.,0.,0.));
#7209 = ORIENTED_EDGE('',*,*,#7210,.T.);
#7210 = EDGE_CURVE('',#7203,#7071,#7211,.T.);
#7211 = CIRCLE('',#7212,0.2);
#7212 = AXIS2_PLACEMENT_3D('',#7213,#7214,#7215);
#7213 = CARTESIAN_POINT('',(12.76,-4.86,0.));
#7214 = DIRECTION('',(-0.,0.,1.));
#7215 = DIRECTION('',(0.,-1.,0.));
#7216 = FACE_BOUND('',#7217,.F.);
#7217 = EDGE_LOOP('',(#7218,#7228,#7237,#7245,#7254,#7262,#7271,#7279,
    #7288,#7296,#7304,#7313,#7321));
#7218 = ORIENTED_EDGE('',*,*,#7219,.F.);
#7219 = EDGE_CURVE('',#7220,#7222,#7224,.T.);
#7220 = VERTEX_POINT('',#7221);
#7221 = CARTESIAN_POINT('',(-0.845,-3.938333333333,0.));
#7222 = VERTEX_POINT('',#7223);
#7223 = CARTESIAN_POINT('',(3.188333333333,-3.938333333333,0.));
#7224 = LINE('',#7225,#7226);
#7225 = CARTESIAN_POINT('',(-1.245,-3.938333333333,0.));
#7226 = VECTOR('',#7227,1.);
#7227 = DIRECTION('',(1.,0.,0.));
#7228 = ORIENTED_EDGE('',*,*,#7229,.T.);
#7229 = EDGE_CURVE('',#7220,#7230,#7232,.T.);
#7230 = VERTEX_POINT('',#7231);
#7231 = CARTESIAN_POINT('',(-1.245,-3.538333333333,-2.183459832072E-16)
  );
#7232 = CIRCLE('',#7233,0.4);
#7233 = AXIS2_PLACEMENT_3D('',#7234,#7235,#7236);
#7234 = CARTESIAN_POINT('',(-0.845,-3.538333333333,-2.321008035792E-17)
  );
#7235 = DIRECTION('',(-0.,-0.,-1.));
#7236 = DIRECTION('',(0.,-1.,0.));
#7237 = ORIENTED_EDGE('',*,*,#7238,.T.);
#7238 = EDGE_CURVE('',#7230,#7239,#7241,.T.);
#7239 = VERTEX_POINT('',#7240);
#7240 = CARTESIAN_POINT('',(-1.245,0.148333333333,0.));
#7241 = LINE('',#7242,#7243);
#7242 = CARTESIAN_POINT('',(-1.245,-1.695,-6.134493210914E-16));
#7243 = VECTOR('',#7244,1.);
#7244 = DIRECTION('',(-1.484696466809E-16,1.,-1.224646799147E-16));
#7245 = ORIENTED_EDGE('',*,*,#7246,.F.);
#7246 = EDGE_CURVE('',#7247,#7239,#7249,.T.);
#7247 = VERTEX_POINT('',#7248);
#7248 = CARTESIAN_POINT('',(-0.845,0.548333333333,-8.881784197001E-16));
#7249 = CIRCLE('',#7250,0.4);
#7250 = AXIS2_PLACEMENT_3D('',#7251,#7252,#7253);
#7251 = CARTESIAN_POINT('',(-0.845,0.148333333333,0.));
#7252 = DIRECTION('',(0.,1.224646799147E-16,1.));
#7253 = DIRECTION('',(0.,1.,-1.224646799147E-16));
#7254 = ORIENTED_EDGE('',*,*,#7255,.T.);
#7255 = EDGE_CURVE('',#7247,#7256,#7258,.T.);
#7256 = VERTEX_POINT('',#7257);
#7257 = CARTESIAN_POINT('',(3.188333333333,0.548333333333,
    -8.881784197001E-16));
#7258 = LINE('',#7259,#7260);
#7259 = CARTESIAN_POINT('',(-1.245,0.548333333333,-8.881784197001E-16));
#7260 = VECTOR('',#7261,1.);
#7261 = DIRECTION('',(1.,0.,0.));
#7262 = ORIENTED_EDGE('',*,*,#7263,.T.);
#7263 = EDGE_CURVE('',#7256,#7264,#7266,.T.);
#7264 = VERTEX_POINT('',#7265);
#7265 = CARTESIAN_POINT('',(3.588333333333,0.148333333333,
    -8.881784197001E-16));
#7266 = CIRCLE('',#7267,0.4);
#7267 = AXIS2_PLACEMENT_3D('',#7268,#7269,#7270);
#7268 = CARTESIAN_POINT('',(3.188333333333,0.148333333333,0.));
#7269 = DIRECTION('',(0.,-1.224646799147E-16,-1.));
#7270 = DIRECTION('',(0.,1.,-1.224646799147E-16));
#7271 = ORIENTED_EDGE('',*,*,#7272,.T.);
#7272 = EDGE_CURVE('',#7264,#7273,#7275,.T.);
#7273 = VERTEX_POINT('',#7274);
#7274 = CARTESIAN_POINT('',(3.588333333333,-0.420726558991,
    -8.881784197001E-16));
#7275 = LINE('',#7276,#7277);
#7276 = CARTESIAN_POINT('',(3.588333333333,0.548333333333,
    -8.881784197001E-16));
#7277 = VECTOR('',#7278,1.);
#7278 = DIRECTION('',(0.,-1.,1.224646799147E-16));
#7279 = ORIENTED_EDGE('',*,*,#7280,.T.);
#7280 = EDGE_CURVE('',#7273,#7281,#7283,.T.);
#7281 = VERTEX_POINT('',#7282);
#7282 = CARTESIAN_POINT('',(3.388333333333,-0.767136720505,
    -8.881784197001E-16));
#7283 = CIRCLE('',#7284,0.4);
#7284 = AXIS2_PLACEMENT_3D('',#7285,#7286,#7287);
#7285 = CARTESIAN_POINT('',(3.188333333333,-0.420726558991,0.));
#7286 = DIRECTION('',(0.,-1.224646799147E-16,-1.));
#7287 = DIRECTION('',(0.,1.,-1.224646799147E-16));
#7288 = ORIENTED_EDGE('',*,*,#7289,.T.);
#7289 = EDGE_CURVE('',#7281,#7290,#7292,.T.);
#7290 = VERTEX_POINT('',#7291);
#7291 = CARTESIAN_POINT('',(1.78122699077,-1.695,-4.440892098501E-16));
#7292 = LINE('',#7293,#7294);
#7293 = CARTESIAN_POINT('',(3.588333333333,-0.651666666667,
    -7.412208038024E-16));
#7294 = VECTOR('',#7295,1.);
#7295 = DIRECTION('',(-0.866025403784,-0.5,6.123233995739E-17));
#7296 = ORIENTED_EDGE('',*,*,#7297,.F.);
#7297 = EDGE_CURVE('',#7298,#7290,#7300,.T.);
#7298 = VERTEX_POINT('',#7299);
#7299 = CARTESIAN_POINT('',(3.388333333333,-2.622863279495,0.));
#7300 = LINE('',#7301,#7302);
#7301 = CARTESIAN_POINT('',(3.588333333333,-2.738333333333,0.));
#7302 = VECTOR('',#7303,1.);
#7303 = DIRECTION('',(-0.866025403784,0.5,0.));
#7304 = ORIENTED_EDGE('',*,*,#7305,.F.);
#7305 = EDGE_CURVE('',#7306,#7298,#7308,.T.);
#7306 = VERTEX_POINT('',#7307);
#7307 = CARTESIAN_POINT('',(3.588333333333,-2.969273441009,0.));
#7308 = CIRCLE('',#7309,0.4);
#7309 = AXIS2_PLACEMENT_3D('',#7310,#7311,#7312);
#7310 = CARTESIAN_POINT('',(3.188333333333,-2.969273441009,
    -1.418511833579E-16));
#7311 = DIRECTION('',(-0.,0.,1.));
#7312 = DIRECTION('',(0.,-1.,0.));
#7313 = ORIENTED_EDGE('',*,*,#7314,.F.);
#7314 = EDGE_CURVE('',#7315,#7306,#7317,.T.);
#7315 = VERTEX_POINT('',#7316);
#7316 = CARTESIAN_POINT('',(3.588333333333,-3.538333333333,0.));
#7317 = LINE('',#7318,#7319);
#7318 = CARTESIAN_POINT('',(3.588333333333,-3.938333333333,0.));
#7319 = VECTOR('',#7320,1.);
#7320 = DIRECTION('',(0.,1.,0.));
#7321 = ORIENTED_EDGE('',*,*,#7322,.F.);
#7322 = EDGE_CURVE('',#7222,#7315,#7323,.T.);
#7323 = CIRCLE('',#7324,0.4);
#7324 = AXIS2_PLACEMENT_3D('',#7325,#7326,#7327);
#7325 = CARTESIAN_POINT('',(3.188333333333,-3.538333333333,
    -2.459727417693E-17));
#7326 = DIRECTION('',(-0.,0.,1.));
#7327 = DIRECTION('',(0.,-1.,0.));
#7328 = FACE_BOUND('',#7329,.F.);
#7329 = EDGE_LOOP('',(#7330,#7340,#7349,#7357,#7366,#7374,#7383,#7391,
    #7400,#7408,#7416,#7425,#7433));
#7330 = ORIENTED_EDGE('',*,*,#7331,.F.);
#7331 = EDGE_CURVE('',#7332,#7334,#7336,.T.);
#7332 = VERTEX_POINT('',#7333);
#7333 = CARTESIAN_POINT('',(10.765,0.548333333333,0.));
#7334 = VERTEX_POINT('',#7335);
#7335 = CARTESIAN_POINT('',(6.731666666667,0.548333333333,0.));
#7336 = LINE('',#7337,#7338);
#7337 = CARTESIAN_POINT('',(11.165,0.548333333333,0.));
#7338 = VECTOR('',#7339,1.);
#7339 = DIRECTION('',(-1.,1.224646799147E-16,0.));
#7340 = ORIENTED_EDGE('',*,*,#7341,.T.);
#7341 = EDGE_CURVE('',#7332,#7342,#7344,.T.);
#7342 = VERTEX_POINT('',#7343);
#7343 = CARTESIAN_POINT('',(11.165,0.148333333333,-2.183459832072E-16));
#7344 = CIRCLE('',#7345,0.4);
#7345 = AXIS2_PLACEMENT_3D('',#7346,#7347,#7348);
#7346 = CARTESIAN_POINT('',(10.765,0.148333333333,-2.321008035792E-17));
#7347 = DIRECTION('',(0.,0.,-1.));
#7348 = DIRECTION('',(1.224646799147E-16,1.,0.));
#7349 = ORIENTED_EDGE('',*,*,#7350,.T.);
#7350 = EDGE_CURVE('',#7342,#7351,#7353,.T.);
#7351 = VERTEX_POINT('',#7352);
#7352 = CARTESIAN_POINT('',(11.165,-3.538333333333,0.));
#7353 = LINE('',#7354,#7355);
#7354 = CARTESIAN_POINT('',(11.165,-1.695,-6.134493210914E-16));
#7355 = VECTOR('',#7356,1.);
#7356 = DIRECTION('',(2.600496676619E-17,-1.,-1.224646799147E-16));
#7357 = ORIENTED_EDGE('',*,*,#7358,.F.);
#7358 = EDGE_CURVE('',#7359,#7351,#7361,.T.);
#7359 = VERTEX_POINT('',#7360);
#7360 = CARTESIAN_POINT('',(10.765,-3.938333333333,-8.881784197001E-16)
  );
#7361 = CIRCLE('',#7362,0.4);
#7362 = AXIS2_PLACEMENT_3D('',#7363,#7364,#7365);
#7363 = CARTESIAN_POINT('',(10.765,-3.538333333333,-8.881784197001E-16)
  );
#7364 = DIRECTION('',(-1.499759782662E-32,-1.224646799147E-16,1.));
#7365 = DIRECTION('',(-1.224646799147E-16,-1.,-1.224646799147E-16));
#7366 = ORIENTED_EDGE('',*,*,#7367,.T.);
#7367 = EDGE_CURVE('',#7359,#7368,#7370,.T.);
#7368 = VERTEX_POINT('',#7369);
#7369 = CARTESIAN_POINT('',(6.731666666667,-3.938333333333,
    -8.881784197001E-16));
#7370 = LINE('',#7371,#7372);
#7371 = CARTESIAN_POINT('',(11.165,-3.938333333333,-8.881784197001E-16)
  );
#7372 = VECTOR('',#7373,1.);
#7373 = DIRECTION('',(-1.,1.224646799147E-16,0.));
#7374 = ORIENTED_EDGE('',*,*,#7375,.T.);
#7375 = EDGE_CURVE('',#7368,#7376,#7378,.T.);
#7376 = VERTEX_POINT('',#7377);
#7377 = CARTESIAN_POINT('',(6.331666666667,-3.538333333333,
    -8.881784197001E-16));
#7378 = CIRCLE('',#7379,0.4);
#7379 = AXIS2_PLACEMENT_3D('',#7380,#7381,#7382);
#7380 = CARTESIAN_POINT('',(6.731666666667,-3.538333333333,
    -8.881784197001E-16));
#7381 = DIRECTION('',(1.499759782662E-32,1.224646799147E-16,-1.));
#7382 = DIRECTION('',(-1.224646799147E-16,-1.,-1.224646799147E-16));
#7383 = ORIENTED_EDGE('',*,*,#7384,.T.);
#7384 = EDGE_CURVE('',#7376,#7385,#7387,.T.);
#7385 = VERTEX_POINT('',#7386);
#7386 = CARTESIAN_POINT('',(6.331666666667,-2.969273441009,0.));
#7387 = LINE('',#7388,#7389);
#7388 = CARTESIAN_POINT('',(6.331666666667,-3.938333333333,
    -8.881784197001E-16));
#7389 = VECTOR('',#7390,1.);
#7390 = DIRECTION('',(1.224646799147E-16,1.,1.224646799147E-16));
#7391 = ORIENTED_EDGE('',*,*,#7392,.T.);
#7392 = EDGE_CURVE('',#7385,#7393,#7395,.T.);
#7393 = VERTEX_POINT('',#7394);
#7394 = CARTESIAN_POINT('',(6.531666666667,-2.622863279495,
    -8.881784197001E-16));
#7395 = CIRCLE('',#7396,0.4);
#7396 = AXIS2_PLACEMENT_3D('',#7397,#7398,#7399);
#7397 = CARTESIAN_POINT('',(6.731666666667,-2.969273441009,
    -8.881784197001E-16));
#7398 = DIRECTION('',(1.499759782662E-32,1.224646799147E-16,-1.));
#7399 = DIRECTION('',(-1.224646799147E-16,-1.,-1.224646799147E-16));
#7400 = ORIENTED_EDGE('',*,*,#7401,.T.);
#7401 = EDGE_CURVE('',#7393,#7402,#7404,.T.);
#7402 = VERTEX_POINT('',#7403);
#7403 = CARTESIAN_POINT('',(8.13877300923,-1.695,-4.440892098501E-16));
#7404 = LINE('',#7405,#7406);
#7405 = CARTESIAN_POINT('',(6.331666666667,-2.738333333333,
    -7.412208038024E-16));
#7406 = VECTOR('',#7407,1.);
#7407 = DIRECTION('',(0.866025403784,0.5,6.123233995739E-17));
#7408 = ORIENTED_EDGE('',*,*,#7409,.F.);
#7409 = EDGE_CURVE('',#7410,#7402,#7412,.T.);
#7410 = VERTEX_POINT('',#7411);
#7411 = CARTESIAN_POINT('',(6.531666666667,-0.767136720505,0.));
#7412 = LINE('',#7413,#7414);
#7413 = CARTESIAN_POINT('',(6.331666666667,-0.651666666667,0.));
#7414 = VECTOR('',#7415,1.);
#7415 = DIRECTION('',(0.866025403784,-0.5,0.));
#7416 = ORIENTED_EDGE('',*,*,#7417,.F.);
#7417 = EDGE_CURVE('',#7418,#7410,#7420,.T.);
#7418 = VERTEX_POINT('',#7419);
#7419 = CARTESIAN_POINT('',(6.331666666667,-0.420726558991,0.));
#7420 = CIRCLE('',#7421,0.4);
#7421 = AXIS2_PLACEMENT_3D('',#7422,#7423,#7424);
#7422 = CARTESIAN_POINT('',(6.731666666667,-0.420726558991,
    -1.418511833579E-16));
#7423 = DIRECTION('',(0.,-0.,1.));
#7424 = DIRECTION('',(1.224646799147E-16,1.,0.));
#7425 = ORIENTED_EDGE('',*,*,#7426,.F.);
#7426 = EDGE_CURVE('',#7427,#7418,#7429,.T.);
#7427 = VERTEX_POINT('',#7428);
#7428 = CARTESIAN_POINT('',(6.331666666667,0.148333333333,0.));
#7429 = LINE('',#7430,#7431);
#7430 = CARTESIAN_POINT('',(6.331666666667,0.548333333333,0.));
#7431 = VECTOR('',#7432,1.);
#7432 = DIRECTION('',(-1.224646799147E-16,-1.,0.));
#7433 = ORIENTED_EDGE('',*,*,#7434,.F.);
#7434 = EDGE_CURVE('',#7334,#7427,#7435,.T.);
#7435 = CIRCLE('',#7436,0.4);
#7436 = AXIS2_PLACEMENT_3D('',#7437,#7438,#7439);
#7437 = CARTESIAN_POINT('',(6.731666666667,0.148333333333,
    -2.459727417693E-17));
#7438 = DIRECTION('',(0.,-0.,1.));
#7439 = DIRECTION('',(1.224646799147E-16,1.,0.));
#7440 = PLANE('',#7441);
#7441 = AXIS2_PLACEMENT_3D('',#7442,#7443,#7444);
#7442 = CARTESIAN_POINT('',(4.96,-1.695,0.));
#7443 = DIRECTION('',(0.,0.,1.));
#7444 = DIRECTION('',(1.,0.,-0.));
#7445 = ADVANCED_FACE('',(#7446),#7465,.T.);
#7446 = FACE_BOUND('',#7447,.T.);
#7447 = EDGE_LOOP('',(#7448,#7456,#7457,#7458));
#7448 = ORIENTED_EDGE('',*,*,#7449,.F.);
#7449 = EDGE_CURVE('',#7203,#7450,#7452,.T.);
#7450 = VERTEX_POINT('',#7451);
#7451 = CARTESIAN_POINT('',(12.76,-5.06,7.17));
#7452 = LINE('',#7453,#7454);
#7453 = CARTESIAN_POINT('',(12.76,-5.06,0.));
#7454 = VECTOR('',#7455,1.);
#7455 = DIRECTION('',(0.,0.,1.));
#7456 = ORIENTED_EDGE('',*,*,#7210,.T.);
#7457 = ORIENTED_EDGE('',*,*,#7078,.T.);
#7458 = ORIENTED_EDGE('',*,*,#7459,.F.);
#7459 = EDGE_CURVE('',#7450,#7079,#7460,.T.);
#7460 = CIRCLE('',#7461,0.2);
#7461 = AXIS2_PLACEMENT_3D('',#7462,#7463,#7464);
#7462 = CARTESIAN_POINT('',(12.76,-4.86,7.17));
#7463 = DIRECTION('',(-0.,0.,1.));
#7464 = DIRECTION('',(4.440892098501E-15,-1.,0.));
#7465 = CYLINDRICAL_SURFACE('',#7466,0.2);
#7466 = AXIS2_PLACEMENT_3D('',#7467,#7468,#7469);
#7467 = CARTESIAN_POINT('',(12.76,-4.86,0.));
#7468 = DIRECTION('',(0.,0.,1.));
#7469 = DIRECTION('',(0.,-1.,0.));
#7470 = ADVANCED_FACE('',(#7471),#7482,.T.);
#7471 = FACE_BOUND('',#7472,.T.);
#7472 = EDGE_LOOP('',(#7473,#7474,#7475));
#7473 = ORIENTED_EDGE('',*,*,#7134,.F.);
#7474 = ORIENTED_EDGE('',*,*,#7118,.T.);
#7475 = ORIENTED_EDGE('',*,*,#7476,.T.);
#7476 = EDGE_CURVE('',#7111,#7135,#7477,.T.);
#7477 = CIRCLE('',#7478,0.2);
#7478 = AXIS2_PLACEMENT_3D('',#7479,#7480,#7481);
#7479 = CARTESIAN_POINT('',(12.76,1.47,7.17));
#7480 = DIRECTION('',(1.,-6.123233995737E-17,0.));
#7481 = DIRECTION('',(6.123233995737E-17,1.,0.));
#7482 = SPHERICAL_SURFACE('',#7483,0.2);
#7483 = AXIS2_PLACEMENT_3D('',#7484,#7485,#7486);
#7484 = CARTESIAN_POINT('',(12.76,1.47,7.17));
#7485 = DIRECTION('',(0.,0.,1.));
#7486 = DIRECTION('',(1.,0.,-0.));
#7487 = ADVANCED_FACE('',(#7488),#7506,.F.);
#7488 = FACE_BOUND('',#7489,.F.);
#7489 = EDGE_LOOP('',(#7490,#7491,#7499,#7505));
#7490 = ORIENTED_EDGE('',*,*,#7110,.T.);
#7491 = ORIENTED_EDGE('',*,*,#7492,.T.);
#7492 = EDGE_CURVE('',#7111,#7493,#7495,.T.);
#7493 = VERTEX_POINT('',#7494);
#7494 = CARTESIAN_POINT('',(-2.84,1.67,7.17));
#7495 = LINE('',#7496,#7497);
#7496 = CARTESIAN_POINT('',(12.76,1.67,7.17));
#7497 = VECTOR('',#7498,1.);
#7498 = DIRECTION('',(-1.,0.,0.));
#7499 = ORIENTED_EDGE('',*,*,#7500,.F.);
#7500 = EDGE_CURVE('',#7169,#7493,#7501,.T.);
#7501 = LINE('',#7502,#7503);
#7502 = CARTESIAN_POINT('',(-2.84,1.67,0.));
#7503 = VECTOR('',#7504,1.);
#7504 = DIRECTION('',(0.,0.,1.));
#7505 = ORIENTED_EDGE('',*,*,#7168,.F.);
#7506 = PLANE('',#7507);
#7507 = AXIS2_PLACEMENT_3D('',#7508,#7509,#7510);
#7508 = CARTESIAN_POINT('',(12.96,1.67,0.));
#7509 = DIRECTION('',(0.,-1.,0.));
#7510 = DIRECTION('',(-1.,0.,0.));
#7511 = ADVANCED_FACE('',(#7512),#7523,.T.);
#7512 = FACE_BOUND('',#7513,.T.);
#7513 = EDGE_LOOP('',(#7514,#7521,#7522));
#7514 = ORIENTED_EDGE('',*,*,#7515,.F.);
#7515 = EDGE_CURVE('',#7450,#7144,#7516,.T.);
#7516 = CIRCLE('',#7517,0.2);
#7517 = AXIS2_PLACEMENT_3D('',#7518,#7519,#7520);
#7518 = CARTESIAN_POINT('',(12.76,-4.86,7.17));
#7519 = DIRECTION('',(-1.,0.,0.));
#7520 = DIRECTION('',(0.,-1.,0.));
#7521 = ORIENTED_EDGE('',*,*,#7459,.T.);
#7522 = ORIENTED_EDGE('',*,*,#7151,.T.);
#7523 = SPHERICAL_SURFACE('',#7524,0.2);
#7524 = AXIS2_PLACEMENT_3D('',#7525,#7526,#7527);
#7525 = CARTESIAN_POINT('',(12.76,-4.86,7.17));
#7526 = DIRECTION('',(0.,0.,1.));
#7527 = DIRECTION('',(4.440892098501E-15,-1.,0.));
#7528 = ADVANCED_FACE('',(#7529,#7554,#7668),#7782,.T.);
#7529 = FACE_BOUND('',#7530,.T.);
#7530 = EDGE_LOOP('',(#7531,#7539,#7547,#7553));
#7531 = ORIENTED_EDGE('',*,*,#7532,.T.);
#7532 = EDGE_CURVE('',#7135,#7533,#7535,.T.);
#7533 = VERTEX_POINT('',#7534);
#7534 = CARTESIAN_POINT('',(-2.84,1.47,7.37));
#7535 = LINE('',#7536,#7537);
#7536 = CARTESIAN_POINT('',(12.76,1.47,7.37));
#7537 = VECTOR('',#7538,1.);
#7538 = DIRECTION('',(-1.,0.,0.));
#7539 = ORIENTED_EDGE('',*,*,#7540,.T.);
#7540 = EDGE_CURVE('',#7533,#7541,#7543,.T.);
#7541 = VERTEX_POINT('',#7542);
#7542 = CARTESIAN_POINT('',(-2.84,-4.86,7.37));
#7543 = LINE('',#7544,#7545);
#7544 = CARTESIAN_POINT('',(-2.84,1.47,7.37));
#7545 = VECTOR('',#7546,1.);
#7546 = DIRECTION('',(0.,-1.,0.));
#7547 = ORIENTED_EDGE('',*,*,#7548,.T.);
#7548 = EDGE_CURVE('',#7541,#7144,#7549,.T.);
#7549 = LINE('',#7550,#7551);
#7550 = CARTESIAN_POINT('',(-2.84,-4.86,7.37));
#7551 = VECTOR('',#7552,1.);
#7552 = DIRECTION('',(1.,0.,0.));
#7553 = ORIENTED_EDGE('',*,*,#7143,.T.);
#7554 = FACE_BOUND('',#7555,.T.);
#7555 = EDGE_LOOP('',(#7556,#7566,#7574,#7582,#7590,#7598,#7606,#7614,
    #7622,#7630,#7638,#7646,#7654,#7662));
#7556 = ORIENTED_EDGE('',*,*,#7557,.T.);
#7557 = EDGE_CURVE('',#7558,#7560,#7562,.T.);
#7558 = VERTEX_POINT('',#7559);
#7559 = CARTESIAN_POINT('',(11.165,-3.938333333333,7.37));
#7560 = VERTEX_POINT('',#7561);
#7561 = CARTESIAN_POINT('',(10.765,-3.938333333333,7.37));
#7562 = LINE('',#7563,#7564);
#7563 = CARTESIAN_POINT('',(5.645833333333,-3.938333333333,7.37));
#7564 = VECTOR('',#7565,1.);
#7565 = DIRECTION('',(-1.,0.,0.));
#7566 = ORIENTED_EDGE('',*,*,#7567,.T.);
#7567 = EDGE_CURVE('',#7560,#7568,#7570,.T.);
#7568 = VERTEX_POINT('',#7569);
#7569 = CARTESIAN_POINT('',(6.731666666667,-3.938333333333,7.37));
#7570 = LINE('',#7571,#7572);
#7571 = CARTESIAN_POINT('',(5.645833333333,-3.938333333333,7.37));
#7572 = VECTOR('',#7573,1.);
#7573 = DIRECTION('',(-1.,0.,0.));
#7574 = ORIENTED_EDGE('',*,*,#7575,.T.);
#7575 = EDGE_CURVE('',#7568,#7576,#7578,.T.);
#7576 = VERTEX_POINT('',#7577);
#7577 = CARTESIAN_POINT('',(6.331666666667,-3.938333333333,7.37));
#7578 = LINE('',#7579,#7580);
#7579 = CARTESIAN_POINT('',(5.645833333333,-3.938333333333,7.37));
#7580 = VECTOR('',#7581,1.);
#7581 = DIRECTION('',(-1.,0.,0.));
#7582 = ORIENTED_EDGE('',*,*,#7583,.T.);
#7583 = EDGE_CURVE('',#7576,#7584,#7586,.T.);
#7584 = VERTEX_POINT('',#7585);
#7585 = CARTESIAN_POINT('',(6.331666666667,-3.688333333333,7.37));
#7586 = LINE('',#7587,#7588);
#7587 = CARTESIAN_POINT('',(6.331666666667,-0.573333333333,7.37));
#7588 = VECTOR('',#7589,1.);
#7589 = DIRECTION('',(0.,1.,0.));
#7590 = ORIENTED_EDGE('',*,*,#7591,.T.);
#7591 = EDGE_CURVE('',#7584,#7592,#7594,.T.);
#7592 = VERTEX_POINT('',#7593);
#7593 = CARTESIAN_POINT('',(5.831666666667,-3.688333333333,7.37));
#7594 = LINE('',#7595,#7596);
#7595 = CARTESIAN_POINT('',(5.395833333333,-3.688333333333,7.37));
#7596 = VECTOR('',#7597,1.);
#7597 = DIRECTION('',(-1.,0.,0.));
#7598 = ORIENTED_EDGE('',*,*,#7599,.T.);
#7599 = EDGE_CURVE('',#7592,#7600,#7602,.T.);
#7600 = VERTEX_POINT('',#7601);
#7601 = CARTESIAN_POINT('',(5.831666666667,0.298333333333,7.37));
#7602 = LINE('',#7603,#7604);
#7603 = CARTESIAN_POINT('',(5.831666666667,-0.698333333333,7.37));
#7604 = VECTOR('',#7605,1.);
#7605 = DIRECTION('',(0.,1.,0.));
#7606 = ORIENTED_EDGE('',*,*,#7607,.T.);
#7607 = EDGE_CURVE('',#7600,#7608,#7610,.T.);
#7608 = VERTEX_POINT('',#7609);
#7609 = CARTESIAN_POINT('',(6.331666666667,0.298333333333,7.37));
#7610 = LINE('',#7611,#7612);
#7611 = CARTESIAN_POINT('',(5.645833333333,0.298333333333,7.37));
#7612 = VECTOR('',#7613,1.);
#7613 = DIRECTION('',(1.,0.,0.));
#7614 = ORIENTED_EDGE('',*,*,#7615,.T.);
#7615 = EDGE_CURVE('',#7608,#7616,#7618,.T.);
#7616 = VERTEX_POINT('',#7617);
#7617 = CARTESIAN_POINT('',(6.331666666667,0.548333333333,7.37));
#7618 = LINE('',#7619,#7620);
#7619 = CARTESIAN_POINT('',(6.331666666667,-0.573333333333,7.37));
#7620 = VECTOR('',#7621,1.);
#7621 = DIRECTION('',(0.,1.,0.));
#7622 = ORIENTED_EDGE('',*,*,#7623,.T.);
#7623 = EDGE_CURVE('',#7616,#7624,#7626,.T.);
#7624 = VERTEX_POINT('',#7625);
#7625 = CARTESIAN_POINT('',(6.731666666667,0.548333333333,7.37));
#7626 = LINE('',#7627,#7628);
#7627 = CARTESIAN_POINT('',(8.0625,0.548333333333,7.37));
#7628 = VECTOR('',#7629,1.);
#7629 = DIRECTION('',(1.,0.,0.));
#7630 = ORIENTED_EDGE('',*,*,#7631,.T.);
#7631 = EDGE_CURVE('',#7624,#7632,#7634,.T.);
#7632 = VERTEX_POINT('',#7633);
#7633 = CARTESIAN_POINT('',(10.765,0.548333333333,7.37));
#7634 = LINE('',#7635,#7636);
#7635 = CARTESIAN_POINT('',(8.0625,0.548333333333,7.37));
#7636 = VECTOR('',#7637,1.);
#7637 = DIRECTION('',(1.,0.,0.));
#7638 = ORIENTED_EDGE('',*,*,#7639,.T.);
#7639 = EDGE_CURVE('',#7632,#7640,#7642,.T.);
#7640 = VERTEX_POINT('',#7641);
#7641 = CARTESIAN_POINT('',(11.165,0.548333333333,7.37));
#7642 = LINE('',#7643,#7644);
#7643 = CARTESIAN_POINT('',(8.0625,0.548333333333,7.37));
#7644 = VECTOR('',#7645,1.);
#7645 = DIRECTION('',(1.,0.,0.));
#7646 = ORIENTED_EDGE('',*,*,#7647,.T.);
#7647 = EDGE_CURVE('',#7640,#7648,#7650,.T.);
#7648 = VERTEX_POINT('',#7649);
#7649 = CARTESIAN_POINT('',(11.165,0.148333333333,7.37));
#7650 = LINE('',#7651,#7652);
#7651 = CARTESIAN_POINT('',(11.165,-2.816666666667,7.37));
#7652 = VECTOR('',#7653,1.);
#7653 = DIRECTION('',(0.,-1.,0.));
#7654 = ORIENTED_EDGE('',*,*,#7655,.T.);
#7655 = EDGE_CURVE('',#7648,#7656,#7658,.T.);
#7656 = VERTEX_POINT('',#7657);
#7657 = CARTESIAN_POINT('',(11.165,-3.538333333333,7.37));
#7658 = LINE('',#7659,#7660);
#7659 = CARTESIAN_POINT('',(11.165,-2.816666666667,7.37));
#7660 = VECTOR('',#7661,1.);
#7661 = DIRECTION('',(0.,-1.,0.));
#7662 = ORIENTED_EDGE('',*,*,#7663,.T.);
#7663 = EDGE_CURVE('',#7656,#7558,#7664,.T.);
#7664 = LINE('',#7665,#7666);
#7665 = CARTESIAN_POINT('',(11.165,-2.816666666667,7.37));
#7666 = VECTOR('',#7667,1.);
#7667 = DIRECTION('',(0.,-1.,0.));
#7668 = FACE_BOUND('',#7669,.T.);
#7669 = EDGE_LOOP('',(#7670,#7680,#7688,#7696,#7704,#7712,#7720,#7728,
    #7736,#7744,#7752,#7760,#7768,#7776));
#7670 = ORIENTED_EDGE('',*,*,#7671,.T.);
#7671 = EDGE_CURVE('',#7672,#7674,#7676,.T.);
#7672 = VERTEX_POINT('',#7673);
#7673 = CARTESIAN_POINT('',(-1.245,0.548333333333,7.37));
#7674 = VERTEX_POINT('',#7675);
#7675 = CARTESIAN_POINT('',(-0.845,0.548333333333,7.37));
#7676 = LINE('',#7677,#7678);
#7677 = CARTESIAN_POINT('',(4.274166666667,0.548333333333,7.37));
#7678 = VECTOR('',#7679,1.);
#7679 = DIRECTION('',(1.,0.,0.));
#7680 = ORIENTED_EDGE('',*,*,#7681,.T.);
#7681 = EDGE_CURVE('',#7674,#7682,#7684,.T.);
#7682 = VERTEX_POINT('',#7683);
#7683 = CARTESIAN_POINT('',(3.188333333333,0.548333333333,7.37));
#7684 = LINE('',#7685,#7686);
#7685 = CARTESIAN_POINT('',(4.274166666667,0.548333333333,7.37));
#7686 = VECTOR('',#7687,1.);
#7687 = DIRECTION('',(1.,0.,0.));
#7688 = ORIENTED_EDGE('',*,*,#7689,.T.);
#7689 = EDGE_CURVE('',#7682,#7690,#7692,.T.);
#7690 = VERTEX_POINT('',#7691);
#7691 = CARTESIAN_POINT('',(3.588333333333,0.548333333333,7.37));
#7692 = LINE('',#7693,#7694);
#7693 = CARTESIAN_POINT('',(4.274166666667,0.548333333333,7.37));
#7694 = VECTOR('',#7695,1.);
#7695 = DIRECTION('',(1.,0.,0.));
#7696 = ORIENTED_EDGE('',*,*,#7697,.T.);
#7697 = EDGE_CURVE('',#7690,#7698,#7700,.T.);
#7698 = VERTEX_POINT('',#7699);
#7699 = CARTESIAN_POINT('',(3.588333333333,0.298333333333,7.37));
#7700 = LINE('',#7701,#7702);
#7701 = CARTESIAN_POINT('',(3.588333333333,-2.816666666667,7.37));
#7702 = VECTOR('',#7703,1.);
#7703 = DIRECTION('',(0.,-1.,0.));
#7704 = ORIENTED_EDGE('',*,*,#7705,.T.);
#7705 = EDGE_CURVE('',#7698,#7706,#7708,.T.);
#7706 = VERTEX_POINT('',#7707);
#7707 = CARTESIAN_POINT('',(4.088333333333,0.298333333333,7.37));
#7708 = LINE('',#7709,#7710);
#7709 = CARTESIAN_POINT('',(4.524166666667,0.298333333333,7.37));
#7710 = VECTOR('',#7711,1.);
#7711 = DIRECTION('',(1.,0.,0.));
#7712 = ORIENTED_EDGE('',*,*,#7713,.T.);
#7713 = EDGE_CURVE('',#7706,#7714,#7716,.T.);
#7714 = VERTEX_POINT('',#7715);
#7715 = CARTESIAN_POINT('',(4.088333333333,-3.688333333333,7.37));
#7716 = LINE('',#7717,#7718);
#7717 = CARTESIAN_POINT('',(4.088333333333,-2.691666666667,7.37));
#7718 = VECTOR('',#7719,1.);
#7719 = DIRECTION('',(0.,-1.,0.));
#7720 = ORIENTED_EDGE('',*,*,#7721,.T.);
#7721 = EDGE_CURVE('',#7714,#7722,#7724,.T.);
#7722 = VERTEX_POINT('',#7723);
#7723 = CARTESIAN_POINT('',(3.588333333333,-3.688333333333,7.37));
#7724 = LINE('',#7725,#7726);
#7725 = CARTESIAN_POINT('',(4.274166666667,-3.688333333333,7.37));
#7726 = VECTOR('',#7727,1.);
#7727 = DIRECTION('',(-1.,0.,0.));
#7728 = ORIENTED_EDGE('',*,*,#7729,.T.);
#7729 = EDGE_CURVE('',#7722,#7730,#7732,.T.);
#7730 = VERTEX_POINT('',#7731);
#7731 = CARTESIAN_POINT('',(3.588333333333,-3.938333333333,7.37));
#7732 = LINE('',#7733,#7734);
#7733 = CARTESIAN_POINT('',(3.588333333333,-2.816666666667,7.37));
#7734 = VECTOR('',#7735,1.);
#7735 = DIRECTION('',(0.,-1.,0.));
#7736 = ORIENTED_EDGE('',*,*,#7737,.T.);
#7737 = EDGE_CURVE('',#7730,#7738,#7740,.T.);
#7738 = VERTEX_POINT('',#7739);
#7739 = CARTESIAN_POINT('',(3.188333333333,-3.938333333333,7.37));
#7740 = LINE('',#7741,#7742);
#7741 = CARTESIAN_POINT('',(1.8575,-3.938333333333,7.37));
#7742 = VECTOR('',#7743,1.);
#7743 = DIRECTION('',(-1.,0.,0.));
#7744 = ORIENTED_EDGE('',*,*,#7745,.T.);
#7745 = EDGE_CURVE('',#7738,#7746,#7748,.T.);
#7746 = VERTEX_POINT('',#7747);
#7747 = CARTESIAN_POINT('',(-0.845,-3.938333333333,7.37));
#7748 = LINE('',#7749,#7750);
#7749 = CARTESIAN_POINT('',(1.8575,-3.938333333333,7.37));
#7750 = VECTOR('',#7751,1.);
#7751 = DIRECTION('',(-1.,0.,0.));
#7752 = ORIENTED_EDGE('',*,*,#7753,.T.);
#7753 = EDGE_CURVE('',#7746,#7754,#7756,.T.);
#7754 = VERTEX_POINT('',#7755);
#7755 = CARTESIAN_POINT('',(-1.245,-3.938333333333,7.37));
#7756 = LINE('',#7757,#7758);
#7757 = CARTESIAN_POINT('',(1.8575,-3.938333333333,7.37));
#7758 = VECTOR('',#7759,1.);
#7759 = DIRECTION('',(-1.,0.,0.));
#7760 = ORIENTED_EDGE('',*,*,#7761,.T.);
#7761 = EDGE_CURVE('',#7754,#7762,#7764,.T.);
#7762 = VERTEX_POINT('',#7763);
#7763 = CARTESIAN_POINT('',(-1.245,-3.538333333333,7.37));
#7764 = LINE('',#7765,#7766);
#7765 = CARTESIAN_POINT('',(-1.245,-0.573333333333,7.37));
#7766 = VECTOR('',#7767,1.);
#7767 = DIRECTION('',(0.,1.,0.));
#7768 = ORIENTED_EDGE('',*,*,#7769,.T.);
#7769 = EDGE_CURVE('',#7762,#7770,#7772,.T.);
#7770 = VERTEX_POINT('',#7771);
#7771 = CARTESIAN_POINT('',(-1.245,0.148333333333,7.37));
#7772 = LINE('',#7773,#7774);
#7773 = CARTESIAN_POINT('',(-1.245,-0.573333333333,7.37));
#7774 = VECTOR('',#7775,1.);
#7775 = DIRECTION('',(0.,1.,0.));
#7776 = ORIENTED_EDGE('',*,*,#7777,.T.);
#7777 = EDGE_CURVE('',#7770,#7672,#7778,.T.);
#7778 = LINE('',#7779,#7780);
#7779 = CARTESIAN_POINT('',(-1.245,-0.573333333333,7.37));
#7780 = VECTOR('',#7781,1.);
#7781 = DIRECTION('',(0.,1.,0.));
#7782 = PLANE('',#7783);
#7783 = AXIS2_PLACEMENT_3D('',#7784,#7785,#7786);
#7784 = CARTESIAN_POINT('',(4.96,-1.695,7.37));
#7785 = DIRECTION('',(0.,0.,1.));
#7786 = DIRECTION('',(1.,0.,-0.));
#7787 = ADVANCED_FACE('',(#7788),#7806,.F.);
#7788 = FACE_BOUND('',#7789,.F.);
#7789 = EDGE_LOOP('',(#7790,#7791,#7792,#7800));
#7790 = ORIENTED_EDGE('',*,*,#7449,.F.);
#7791 = ORIENTED_EDGE('',*,*,#7202,.F.);
#7792 = ORIENTED_EDGE('',*,*,#7793,.T.);
#7793 = EDGE_CURVE('',#7194,#7794,#7796,.T.);
#7794 = VERTEX_POINT('',#7795);
#7795 = CARTESIAN_POINT('',(-2.84,-5.06,7.17));
#7796 = LINE('',#7797,#7798);
#7797 = CARTESIAN_POINT('',(-2.84,-5.06,0.));
#7798 = VECTOR('',#7799,1.);
#7799 = DIRECTION('',(0.,0.,1.));
#7800 = ORIENTED_EDGE('',*,*,#7801,.T.);
#7801 = EDGE_CURVE('',#7794,#7450,#7802,.T.);
#7802 = LINE('',#7803,#7804);
#7803 = CARTESIAN_POINT('',(-2.84,-5.06,7.17));
#7804 = VECTOR('',#7805,1.);
#7805 = DIRECTION('',(1.,0.,0.));
#7806 = PLANE('',#7807);
#7807 = AXIS2_PLACEMENT_3D('',#7808,#7809,#7810);
#7808 = CARTESIAN_POINT('',(-3.04,-5.06,0.));
#7809 = DIRECTION('',(0.,1.,0.));
#7810 = DIRECTION('',(1.,0.,0.));
#7811 = ADVANCED_FACE('',(#7812),#7831,.T.);
#7812 = FACE_BOUND('',#7813,.T.);
#7813 = EDGE_LOOP('',(#7814,#7823,#7824,#7825));
#7814 = ORIENTED_EDGE('',*,*,#7815,.F.);
#7815 = EDGE_CURVE('',#7493,#7816,#7818,.T.);
#7816 = VERTEX_POINT('',#7817);
#7817 = CARTESIAN_POINT('',(-3.04,1.47,7.17));
#7818 = CIRCLE('',#7819,0.2);
#7819 = AXIS2_PLACEMENT_3D('',#7820,#7821,#7822);
#7820 = CARTESIAN_POINT('',(-2.84,1.47,7.17));
#7821 = DIRECTION('',(0.,0.,1.));
#7822 = DIRECTION('',(-4.440892098501E-15,1.,0.));
#7823 = ORIENTED_EDGE('',*,*,#7500,.F.);
#7824 = ORIENTED_EDGE('',*,*,#7176,.F.);
#7825 = ORIENTED_EDGE('',*,*,#7826,.T.);
#7826 = EDGE_CURVE('',#7177,#7816,#7827,.T.);
#7827 = LINE('',#7828,#7829);
#7828 = CARTESIAN_POINT('',(-3.04,1.47,0.));
#7829 = VECTOR('',#7830,1.);
#7830 = DIRECTION('',(0.,0.,1.));
#7831 = CYLINDRICAL_SURFACE('',#7832,0.2);
#7832 = AXIS2_PLACEMENT_3D('',#7833,#7834,#7835);
#7833 = CARTESIAN_POINT('',(-2.84,1.47,0.));
#7834 = DIRECTION('',(0.,0.,1.));
#7835 = DIRECTION('',(-1.,0.,0.));
#7836 = ADVANCED_FACE('',(#7837),#7856,.T.);
#7837 = FACE_BOUND('',#7838,.T.);
#7838 = EDGE_LOOP('',(#7839,#7848,#7854,#7855));
#7839 = ORIENTED_EDGE('',*,*,#7840,.F.);
#7840 = EDGE_CURVE('',#7841,#7794,#7843,.T.);
#7841 = VERTEX_POINT('',#7842);
#7842 = CARTESIAN_POINT('',(-3.04,-4.86,7.17));
#7843 = CIRCLE('',#7844,0.2);
#7844 = AXIS2_PLACEMENT_3D('',#7845,#7846,#7847);
#7845 = CARTESIAN_POINT('',(-2.84,-4.86,7.17));
#7846 = DIRECTION('',(0.,0.,1.));
#7847 = DIRECTION('',(-1.,0.,0.));
#7848 = ORIENTED_EDGE('',*,*,#7849,.F.);
#7849 = EDGE_CURVE('',#7186,#7841,#7850,.T.);
#7850 = LINE('',#7851,#7852);
#7851 = CARTESIAN_POINT('',(-3.04,-4.86,0.));
#7852 = VECTOR('',#7853,1.);
#7853 = DIRECTION('',(0.,0.,1.));
#7854 = ORIENTED_EDGE('',*,*,#7193,.F.);
#7855 = ORIENTED_EDGE('',*,*,#7793,.T.);
#7856 = CYLINDRICAL_SURFACE('',#7857,0.2);
#7857 = AXIS2_PLACEMENT_3D('',#7858,#7859,#7860);
#7858 = CARTESIAN_POINT('',(-2.84,-4.86,0.));
#7859 = DIRECTION('',(0.,0.,1.));
#7860 = DIRECTION('',(0.,-1.,0.));
#7861 = ADVANCED_FACE('',(#7862),#7873,.F.);
#7862 = FACE_BOUND('',#7863,.F.);
#7863 = EDGE_LOOP('',(#7864,#7865,#7871,#7872));
#7864 = ORIENTED_EDGE('',*,*,#7826,.T.);
#7865 = ORIENTED_EDGE('',*,*,#7866,.T.);
#7866 = EDGE_CURVE('',#7816,#7841,#7867,.T.);
#7867 = LINE('',#7868,#7869);
#7868 = CARTESIAN_POINT('',(-3.04,1.47,7.17));
#7869 = VECTOR('',#7870,1.);
#7870 = DIRECTION('',(0.,-1.,0.));
#7871 = ORIENTED_EDGE('',*,*,#7849,.F.);
#7872 = ORIENTED_EDGE('',*,*,#7185,.F.);
#7873 = PLANE('',#7874);
#7874 = AXIS2_PLACEMENT_3D('',#7875,#7876,#7877);
#7875 = CARTESIAN_POINT('',(-3.04,1.67,0.));
#7876 = DIRECTION('',(1.,0.,0.));
#7877 = DIRECTION('',(0.,-1.,0.));
#7878 = ADVANCED_FACE('',(#7879,#7894),#8068,.T.);
#7879 = FACE_BOUND('',#7880,.T.);
#7880 = EDGE_LOOP('',(#7881,#7882,#7883,#7884,#7885,#7886,#7887,#7888,
    #7889,#7890,#7891,#7892,#7893));
#7881 = ORIENTED_EDGE('',*,*,#7219,.F.);
#7882 = ORIENTED_EDGE('',*,*,#7229,.T.);
#7883 = ORIENTED_EDGE('',*,*,#7238,.T.);
#7884 = ORIENTED_EDGE('',*,*,#7246,.F.);
#7885 = ORIENTED_EDGE('',*,*,#7255,.T.);
#7886 = ORIENTED_EDGE('',*,*,#7263,.T.);
#7887 = ORIENTED_EDGE('',*,*,#7272,.T.);
#7888 = ORIENTED_EDGE('',*,*,#7280,.T.);
#7889 = ORIENTED_EDGE('',*,*,#7289,.T.);
#7890 = ORIENTED_EDGE('',*,*,#7297,.F.);
#7891 = ORIENTED_EDGE('',*,*,#7305,.F.);
#7892 = ORIENTED_EDGE('',*,*,#7314,.F.);
#7893 = ORIENTED_EDGE('',*,*,#7322,.F.);
#7894 = FACE_BOUND('',#7895,.T.);
#7895 = EDGE_LOOP('',(#7896,#7904,#7912,#7920,#7929,#7937,#7946,#7954,
    #7962,#7970,#7978,#7987,#7995,#8004,#8012,#8020,#8028,#8036,#8045,
    #8053,#8062));
#7896 = ORIENTED_EDGE('',*,*,#7897,.F.);
#7897 = EDGE_CURVE('',#7290,#7898,#7900,.T.);
#7898 = VERTEX_POINT('',#7899);
#7899 = CARTESIAN_POINT('',(1.58122699077,-2.041410161514,0.));
#7900 = LINE('',#7901,#7902);
#7901 = CARTESIAN_POINT('',(1.78122699077,-1.695,0.));
#7902 = VECTOR('',#7903,1.);
#7903 = DIRECTION('',(-0.5,-0.866025403784,0.));
#7904 = ORIENTED_EDGE('',*,*,#7905,.T.);
#7905 = EDGE_CURVE('',#7290,#7906,#7908,.T.);
#7906 = VERTEX_POINT('',#7907);
#7907 = CARTESIAN_POINT('',(1.58122699077,-1.348589838486,
    -8.881784197001E-16));
#7908 = LINE('',#7909,#7910);
#7909 = CARTESIAN_POINT('',(1.78122699077,-1.695,-6.134493210914E-16));
#7910 = VECTOR('',#7911,1.);
#7911 = DIRECTION('',(-0.5,0.866025403784,-1.060575238725E-16));
#7912 = ORIENTED_EDGE('',*,*,#7913,.T.);
#7913 = EDGE_CURVE('',#7906,#7914,#7916,.T.);
#7914 = VERTEX_POINT('',#7915);
#7915 = CARTESIAN_POINT('',(3.065128252576,-0.491859045531,
    -8.881784197001E-16));
#7916 = LINE('',#7917,#7918);
#7917 = CARTESIAN_POINT('',(1.58122699077,-1.348589838486,
    -6.558723306404E-16));
#7918 = VECTOR('',#7919,1.);
#7919 = DIRECTION('',(0.866025403784,0.5,-6.123233995739E-17));
#7920 = ORIENTED_EDGE('',*,*,#7921,.T.);
#7921 = EDGE_CURVE('',#7914,#7922,#7924,.T.);
#7922 = VERTEX_POINT('',#7923);
#7923 = CARTESIAN_POINT('',(3.215128252576,-0.232051424396,
    -8.881784197001E-16));
#7924 = CIRCLE('',#7925,0.3);
#7925 = AXIS2_PLACEMENT_3D('',#7926,#7927,#7928);
#7926 = CARTESIAN_POINT('',(2.915128252576,-0.232051424396,0.));
#7927 = DIRECTION('',(0.,1.224646799147E-16,1.));
#7928 = DIRECTION('',(0.,1.,-1.224646799147E-16));
#7929 = ORIENTED_EDGE('',*,*,#7930,.T.);
#7930 = EDGE_CURVE('',#7922,#7931,#7933,.T.);
#7931 = VERTEX_POINT('',#7932);
#7932 = CARTESIAN_POINT('',(3.215128252576,-0.151666666667,
    -8.881784197001E-16));
#7933 = LINE('',#7934,#7935);
#7934 = CARTESIAN_POINT('',(3.215128252576,-0.405256505153,
    -7.7139734536E-16));
#7935 = VECTOR('',#7936,1.);
#7936 = DIRECTION('',(0.,1.,-1.224646799147E-16));
#7937 = ORIENTED_EDGE('',*,*,#7938,.T.);
#7938 = EDGE_CURVE('',#7931,#7939,#7941,.T.);
#7939 = VERTEX_POINT('',#7940);
#7940 = CARTESIAN_POINT('',(2.915128252576,0.148333333333,
    -8.881784197001E-16));
#7941 = CIRCLE('',#7942,0.3);
#7942 = AXIS2_PLACEMENT_3D('',#7943,#7944,#7945);
#7943 = CARTESIAN_POINT('',(2.915128252576,-0.151666666667,0.));
#7944 = DIRECTION('',(0.,1.224646799147E-16,1.));
#7945 = DIRECTION('',(0.,1.,-1.224646799147E-16));
#7946 = ORIENTED_EDGE('',*,*,#7947,.T.);
#7947 = EDGE_CURVE('',#7939,#7948,#7950,.T.);
#7948 = VERTEX_POINT('',#7949);
#7949 = CARTESIAN_POINT('',(0.785,0.148333333333,-4.195962738671E-16));
#7950 = LINE('',#7951,#7952);
#7951 = CARTESIAN_POINT('',(3.215128252576,0.148333333333,
    -8.391925477342E-16));
#7952 = VECTOR('',#7953,1.);
#7953 = DIRECTION('',(-1.,-0.,0.));
#7954 = ORIENTED_EDGE('',*,*,#7955,.T.);
#7955 = EDGE_CURVE('',#7948,#7956,#7958,.T.);
#7956 = VERTEX_POINT('',#7957);
#7957 = CARTESIAN_POINT('',(0.785,0.2,0.));
#7958 = LINE('',#7959,#7960);
#7959 = CARTESIAN_POINT('',(0.785,-0.2,0.));
#7960 = VECTOR('',#7961,1.);
#7961 = DIRECTION('',(0.,1.,0.));
#7962 = ORIENTED_EDGE('',*,*,#7963,.T.);
#7963 = EDGE_CURVE('',#7956,#7964,#7966,.T.);
#7964 = VERTEX_POINT('',#7965);
#7965 = CARTESIAN_POINT('',(-0.785,0.2,0.));
#7966 = LINE('',#7967,#7968);
#7967 = CARTESIAN_POINT('',(0.785,0.2,0.));
#7968 = VECTOR('',#7969,1.);
#7969 = DIRECTION('',(-1.,0.,0.));
#7970 = ORIENTED_EDGE('',*,*,#7971,.T.);
#7971 = EDGE_CURVE('',#7964,#7972,#7974,.T.);
#7972 = VERTEX_POINT('',#7973);
#7973 = CARTESIAN_POINT('',(-0.785,2.833333333334E-02,
    -1.102182119233E-17));
#7974 = LINE('',#7975,#7976);
#7975 = CARTESIAN_POINT('',(-0.785,0.2,0.));
#7976 = VECTOR('',#7977,1.);
#7977 = DIRECTION('',(0.,-1.,0.));
#7978 = ORIENTED_EDGE('',*,*,#7979,.F.);
#7979 = EDGE_CURVE('',#7980,#7972,#7982,.T.);
#7980 = VERTEX_POINT('',#7981);
#7981 = CARTESIAN_POINT('',(-0.845,-0.151666666667,-8.881784197001E-16)
  );
#7982 = CIRCLE('',#7983,0.3);
#7983 = AXIS2_PLACEMENT_3D('',#7984,#7985,#7986);
#7984 = CARTESIAN_POINT('',(-0.545,-0.151666666667,0.));
#7985 = DIRECTION('',(0.,-1.224646799147E-16,-1.));
#7986 = DIRECTION('',(0.,1.,-1.224646799147E-16));
#7987 = ORIENTED_EDGE('',*,*,#7988,.T.);
#7988 = EDGE_CURVE('',#7980,#7989,#7991,.T.);
#7989 = VERTEX_POINT('',#7990);
#7990 = CARTESIAN_POINT('',(-0.845,-3.238333333333,-4.734313703889E-16)
  );
#7991 = LINE('',#7992,#7993);
#7992 = CARTESIAN_POINT('',(-0.845,0.148333333333,-8.391925477342E-16));
#7993 = VECTOR('',#7994,1.);
#7994 = DIRECTION('',(0.,-1.,1.224646799147E-16));
#7995 = ORIENTED_EDGE('',*,*,#7996,.F.);
#7996 = EDGE_CURVE('',#7997,#7989,#7999,.T.);
#7997 = VERTEX_POINT('',#7998);
#7998 = CARTESIAN_POINT('',(-0.785,-3.418333333333,-4.25638976399E-17));
#7999 = CIRCLE('',#8000,0.3);
#8000 = AXIS2_PLACEMENT_3D('',#8001,#8002,#8003);
#8001 = CARTESIAN_POINT('',(-0.545,-3.238333333333,-8.512779527981E-17)
  );
#8002 = DIRECTION('',(-0.,-0.,-1.));
#8003 = DIRECTION('',(0.,-1.,0.));
#8004 = ORIENTED_EDGE('',*,*,#8005,.T.);
#8005 = EDGE_CURVE('',#7997,#8006,#8008,.T.);
#8006 = VERTEX_POINT('',#8007);
#8007 = CARTESIAN_POINT('',(-0.785,-3.6,0.));
#8008 = LINE('',#8009,#8010);
#8009 = CARTESIAN_POINT('',(-0.785,-3.2,0.));
#8010 = VECTOR('',#8011,1.);
#8011 = DIRECTION('',(0.,-1.,0.));
#8012 = ORIENTED_EDGE('',*,*,#8013,.T.);
#8013 = EDGE_CURVE('',#8006,#8014,#8016,.T.);
#8014 = VERTEX_POINT('',#8015);
#8015 = CARTESIAN_POINT('',(0.785,-3.6,0.));
#8016 = LINE('',#8017,#8018);
#8017 = CARTESIAN_POINT('',(-0.785,-3.6,0.));
#8018 = VECTOR('',#8019,1.);
#8019 = DIRECTION('',(1.,0.,0.));
#8020 = ORIENTED_EDGE('',*,*,#8021,.T.);
#8021 = EDGE_CURVE('',#8014,#8022,#8024,.T.);
#8022 = VERTEX_POINT('',#8023);
#8023 = CARTESIAN_POINT('',(0.785,-3.538333333333,0.));
#8024 = LINE('',#8025,#8026);
#8025 = CARTESIAN_POINT('',(0.785,-3.6,0.));
#8026 = VECTOR('',#8027,1.);
#8027 = DIRECTION('',(0.,1.,0.));
#8028 = ORIENTED_EDGE('',*,*,#8029,.F.);
#8029 = EDGE_CURVE('',#8030,#8022,#8032,.T.);
#8030 = VERTEX_POINT('',#8031);
#8031 = CARTESIAN_POINT('',(2.915128252576,-3.538333333333,0.));
#8032 = LINE('',#8033,#8034);
#8033 = CARTESIAN_POINT('',(3.215128252576,-3.538333333333,0.));
#8034 = VECTOR('',#8035,1.);
#8035 = DIRECTION('',(-1.,0.,0.));
#8036 = ORIENTED_EDGE('',*,*,#8037,.F.);
#8037 = EDGE_CURVE('',#8038,#8030,#8040,.T.);
#8038 = VERTEX_POINT('',#8039);
#8039 = CARTESIAN_POINT('',(3.215128252576,-3.238333333333,0.));
#8040 = CIRCLE('',#8041,0.3);
#8041 = AXIS2_PLACEMENT_3D('',#8042,#8043,#8044);
#8042 = CARTESIAN_POINT('',(2.915128252576,-3.238333333333,
    -8.631784532732E-17));
#8043 = DIRECTION('',(-0.,-0.,-1.));
#8044 = DIRECTION('',(0.,-1.,0.));
#8045 = ORIENTED_EDGE('',*,*,#8046,.F.);
#8046 = EDGE_CURVE('',#8047,#8038,#8049,.T.);
#8047 = VERTEX_POINT('',#8048);
#8048 = CARTESIAN_POINT('',(3.215128252576,-3.157948575604,0.));
#8049 = LINE('',#8050,#8051);
#8050 = CARTESIAN_POINT('',(3.215128252576,-2.984743494847,0.));
#8051 = VECTOR('',#8052,1.);
#8052 = DIRECTION('',(0.,-1.,0.));
#8053 = ORIENTED_EDGE('',*,*,#8054,.F.);
#8054 = EDGE_CURVE('',#8055,#8047,#8057,.T.);
#8055 = VERTEX_POINT('',#8056);
#8056 = CARTESIAN_POINT('',(3.065128252576,-2.898140954469,0.));
#8057 = CIRCLE('',#8058,0.3);
#8058 = AXIS2_PLACEMENT_3D('',#8059,#8060,#8061);
#8059 = CARTESIAN_POINT('',(2.915128252576,-3.157948575604,
    -1.02881000119E-16));
#8060 = DIRECTION('',(-0.,-0.,-1.));
#8061 = DIRECTION('',(0.,-1.,0.));
#8062 = ORIENTED_EDGE('',*,*,#8063,.F.);
#8063 = EDGE_CURVE('',#7898,#8055,#8064,.T.);
#8064 = LINE('',#8065,#8066);
#8065 = CARTESIAN_POINT('',(1.58122699077,-2.041410161514,0.));
#8066 = VECTOR('',#8067,1.);
#8067 = DIRECTION('',(0.866025403784,-0.5,0.));
#8068 = PLANE('',#8069);
#8069 = AXIS2_PLACEMENT_3D('',#8070,#8071,#8072);
#8070 = CARTESIAN_POINT('',(1.233034431686,-1.695,-4.037407611232E-16));
#8071 = DIRECTION('',(-3.439323518223E-19,-2.060484507211E-16,-1.));
#8072 = DIRECTION('',(0.,-1.,2.060484507211E-16));
#8073 = ADVANCED_FACE('',(#8074,#8089),#8263,.T.);
#8074 = FACE_BOUND('',#8075,.T.);
#8075 = EDGE_LOOP('',(#8076,#8077,#8078,#8079,#8080,#8081,#8082,#8083,
    #8084,#8085,#8086,#8087,#8088));
#8076 = ORIENTED_EDGE('',*,*,#7331,.F.);
#8077 = ORIENTED_EDGE('',*,*,#7341,.T.);
#8078 = ORIENTED_EDGE('',*,*,#7350,.T.);
#8079 = ORIENTED_EDGE('',*,*,#7358,.F.);
#8080 = ORIENTED_EDGE('',*,*,#7367,.T.);
#8081 = ORIENTED_EDGE('',*,*,#7375,.T.);
#8082 = ORIENTED_EDGE('',*,*,#7384,.T.);
#8083 = ORIENTED_EDGE('',*,*,#7392,.T.);
#8084 = ORIENTED_EDGE('',*,*,#7401,.T.);
#8085 = ORIENTED_EDGE('',*,*,#7409,.F.);
#8086 = ORIENTED_EDGE('',*,*,#7417,.F.);
#8087 = ORIENTED_EDGE('',*,*,#7426,.F.);
#8088 = ORIENTED_EDGE('',*,*,#7434,.F.);
#8089 = FACE_BOUND('',#8090,.T.);
#8090 = EDGE_LOOP('',(#8091,#8099,#8107,#8115,#8124,#8132,#8141,#8149,
    #8157,#8165,#8173,#8182,#8190,#8199,#8207,#8215,#8223,#8231,#8240,
    #8248,#8257));
#8091 = ORIENTED_EDGE('',*,*,#8092,.F.);
#8092 = EDGE_CURVE('',#7402,#8093,#8095,.T.);
#8093 = VERTEX_POINT('',#8094);
#8094 = CARTESIAN_POINT('',(8.33877300923,-1.348589838486,0.));
#8095 = LINE('',#8096,#8097);
#8096 = CARTESIAN_POINT('',(8.13877300923,-1.695,0.));
#8097 = VECTOR('',#8098,1.);
#8098 = DIRECTION('',(0.5,0.866025403784,0.));
#8099 = ORIENTED_EDGE('',*,*,#8100,.T.);
#8100 = EDGE_CURVE('',#7402,#8101,#8103,.T.);
#8101 = VERTEX_POINT('',#8102);
#8102 = CARTESIAN_POINT('',(8.33877300923,-2.041410161514,
    -8.881784197001E-16));
#8103 = LINE('',#8104,#8105);
#8104 = CARTESIAN_POINT('',(8.13877300923,-1.695,-6.134493210914E-16));
#8105 = VECTOR('',#8106,1.);
#8106 = DIRECTION('',(0.5,-0.866025403784,-1.060575238725E-16));
#8107 = ORIENTED_EDGE('',*,*,#8108,.T.);
#8108 = EDGE_CURVE('',#8101,#8109,#8111,.T.);
#8109 = VERTEX_POINT('',#8110);
#8110 = CARTESIAN_POINT('',(6.854871747424,-2.898140954469,
    -8.881784197001E-16));
#8111 = LINE('',#8112,#8113);
#8112 = CARTESIAN_POINT('',(8.33877300923,-2.041410161514,
    -6.558723306404E-16));
#8113 = VECTOR('',#8114,1.);
#8114 = DIRECTION('',(-0.866025403784,-0.5,-6.123233995739E-17));
#8115 = ORIENTED_EDGE('',*,*,#8116,.T.);
#8116 = EDGE_CURVE('',#8109,#8117,#8119,.T.);
#8117 = VERTEX_POINT('',#8118);
#8118 = CARTESIAN_POINT('',(6.704871747424,-3.157948575604,
    -1.7763568394E-15));
#8119 = CIRCLE('',#8120,0.3);
#8120 = AXIS2_PLACEMENT_3D('',#8121,#8122,#8123);
#8121 = CARTESIAN_POINT('',(7.004871747424,-3.157948575604,
    -8.881784197001E-16));
#8122 = DIRECTION('',(-1.499759782662E-32,-1.224646799147E-16,1.));
#8123 = DIRECTION('',(-1.224646799147E-16,-1.,-1.224646799147E-16));
#8124 = ORIENTED_EDGE('',*,*,#8125,.T.);
#8125 = EDGE_CURVE('',#8117,#8126,#8128,.T.);
#8126 = VERTEX_POINT('',#8127);
#8127 = CARTESIAN_POINT('',(6.704871747424,-3.238333333333,
    -1.7763568394E-15));
#8128 = LINE('',#8129,#8130);
#8129 = CARTESIAN_POINT('',(6.704871747424,-2.984743494847,
    -7.7139734536E-16));
#8130 = VECTOR('',#8131,1.);
#8131 = DIRECTION('',(-1.224646799147E-16,-1.,-1.224646799147E-16));
#8132 = ORIENTED_EDGE('',*,*,#8133,.T.);
#8133 = EDGE_CURVE('',#8126,#8134,#8136,.T.);
#8134 = VERTEX_POINT('',#8135);
#8135 = CARTESIAN_POINT('',(7.004871747424,-3.538333333333,
    -8.881784197001E-16));
#8136 = CIRCLE('',#8137,0.3);
#8137 = AXIS2_PLACEMENT_3D('',#8138,#8139,#8140);
#8138 = CARTESIAN_POINT('',(7.004871747424,-3.238333333333,
    -8.881784197001E-16));
#8139 = DIRECTION('',(-1.499759782662E-32,-1.224646799147E-16,1.));
#8140 = DIRECTION('',(-1.224646799147E-16,-1.,-1.224646799147E-16));
#8141 = ORIENTED_EDGE('',*,*,#8142,.T.);
#8142 = EDGE_CURVE('',#8134,#8143,#8145,.T.);
#8143 = VERTEX_POINT('',#8144);
#8144 = CARTESIAN_POINT('',(9.135,-3.538333333333,-4.195962738671E-16));
#8145 = LINE('',#8146,#8147);
#8146 = CARTESIAN_POINT('',(6.704871747424,-3.538333333333,
    -8.391925477342E-16));
#8147 = VECTOR('',#8148,1.);
#8148 = DIRECTION('',(1.,-1.224646799147E-16,0.));
#8149 = ORIENTED_EDGE('',*,*,#8150,.T.);
#8150 = EDGE_CURVE('',#8143,#8151,#8153,.T.);
#8151 = VERTEX_POINT('',#8152);
#8152 = CARTESIAN_POINT('',(9.135,-3.6,0.));
#8153 = LINE('',#8154,#8155);
#8154 = CARTESIAN_POINT('',(9.135,-3.2,0.));
#8155 = VECTOR('',#8156,1.);
#8156 = DIRECTION('',(0.,-1.,0.));
#8157 = ORIENTED_EDGE('',*,*,#8158,.T.);
#8158 = EDGE_CURVE('',#8151,#8159,#8161,.T.);
#8159 = VERTEX_POINT('',#8160);
#8160 = CARTESIAN_POINT('',(10.705,-3.6,0.));
#8161 = LINE('',#8162,#8163);
#8162 = CARTESIAN_POINT('',(9.135,-3.6,0.));
#8163 = VECTOR('',#8164,1.);
#8164 = DIRECTION('',(1.,0.,0.));
#8165 = ORIENTED_EDGE('',*,*,#8166,.T.);
#8166 = EDGE_CURVE('',#8159,#8167,#8169,.T.);
#8167 = VERTEX_POINT('',#8168);
#8168 = CARTESIAN_POINT('',(10.705,-3.418333333333,-4.551110310424E-16)
  );
#8169 = LINE('',#8170,#8171);
#8170 = CARTESIAN_POINT('',(10.705,-3.6,0.));
#8171 = VECTOR('',#8172,1.);
#8172 = DIRECTION('',(0.,1.,0.));
#8173 = ORIENTED_EDGE('',*,*,#8174,.F.);
#8174 = EDGE_CURVE('',#8175,#8167,#8177,.T.);
#8175 = VERTEX_POINT('',#8176);
#8176 = CARTESIAN_POINT('',(10.765,-3.238333333333,-8.881784197001E-16)
  );
#8177 = CIRCLE('',#8178,0.3);
#8178 = AXIS2_PLACEMENT_3D('',#8179,#8180,#8181);
#8179 = CARTESIAN_POINT('',(10.465,-3.238333333333,-8.881784197001E-16)
  );
#8180 = DIRECTION('',(1.499759782662E-32,1.224646799147E-16,-1.));
#8181 = DIRECTION('',(-1.224646799147E-16,-1.,-1.224646799147E-16));
#8182 = ORIENTED_EDGE('',*,*,#8183,.T.);
#8183 = EDGE_CURVE('',#8175,#8184,#8186,.T.);
#8184 = VERTEX_POINT('',#8185);
#8185 = CARTESIAN_POINT('',(10.765,-0.151666666667,-4.734313703889E-16)
  );
#8186 = LINE('',#8187,#8188);
#8187 = CARTESIAN_POINT('',(10.765,-3.538333333333,-8.391925477342E-16)
  );
#8188 = VECTOR('',#8189,1.);
#8189 = DIRECTION('',(1.224646799147E-16,1.,1.224646799147E-16));
#8190 = ORIENTED_EDGE('',*,*,#8191,.F.);
#8191 = EDGE_CURVE('',#8192,#8184,#8194,.T.);
#8192 = VERTEX_POINT('',#8193);
#8193 = CARTESIAN_POINT('',(10.705,2.833333333334E-02,-4.25638976399E-17
    ));
#8194 = CIRCLE('',#8195,0.3);
#8195 = AXIS2_PLACEMENT_3D('',#8196,#8197,#8198);
#8196 = CARTESIAN_POINT('',(10.465,-0.151666666667,-8.512779527981E-17)
  );
#8197 = DIRECTION('',(0.,0.,-1.));
#8198 = DIRECTION('',(1.224646799147E-16,1.,0.));
#8199 = ORIENTED_EDGE('',*,*,#8200,.T.);
#8200 = EDGE_CURVE('',#8192,#8201,#8203,.T.);
#8201 = VERTEX_POINT('',#8202);
#8202 = CARTESIAN_POINT('',(10.705,0.2,0.));
#8203 = LINE('',#8204,#8205);
#8204 = CARTESIAN_POINT('',(10.705,-0.2,0.));
#8205 = VECTOR('',#8206,1.);
#8206 = DIRECTION('',(0.,1.,0.));
#8207 = ORIENTED_EDGE('',*,*,#8208,.T.);
#8208 = EDGE_CURVE('',#8201,#8209,#8211,.T.);
#8209 = VERTEX_POINT('',#8210);
#8210 = CARTESIAN_POINT('',(9.135,0.2,0.));
#8211 = LINE('',#8212,#8213);
#8212 = CARTESIAN_POINT('',(10.705,0.2,0.));
#8213 = VECTOR('',#8214,1.);
#8214 = DIRECTION('',(-1.,0.,0.));
#8215 = ORIENTED_EDGE('',*,*,#8216,.T.);
#8216 = EDGE_CURVE('',#8209,#8217,#8219,.T.);
#8217 = VERTEX_POINT('',#8218);
#8218 = CARTESIAN_POINT('',(9.135,0.148333333333,0.));
#8219 = LINE('',#8220,#8221);
#8220 = CARTESIAN_POINT('',(9.135,0.2,0.));
#8221 = VECTOR('',#8222,1.);
#8222 = DIRECTION('',(0.,-1.,0.));
#8223 = ORIENTED_EDGE('',*,*,#8224,.F.);
#8224 = EDGE_CURVE('',#8225,#8217,#8227,.T.);
#8225 = VERTEX_POINT('',#8226);
#8226 = CARTESIAN_POINT('',(7.004871747424,0.148333333333,0.));
#8227 = LINE('',#8228,#8229);
#8228 = CARTESIAN_POINT('',(6.704871747424,0.148333333333,0.));
#8229 = VECTOR('',#8230,1.);
#8230 = DIRECTION('',(1.,-1.224646799147E-16,0.));
#8231 = ORIENTED_EDGE('',*,*,#8232,.F.);
#8232 = EDGE_CURVE('',#8233,#8225,#8235,.T.);
#8233 = VERTEX_POINT('',#8234);
#8234 = CARTESIAN_POINT('',(6.704871747424,-0.151666666667,0.));
#8235 = CIRCLE('',#8236,0.3);
#8236 = AXIS2_PLACEMENT_3D('',#8237,#8238,#8239);
#8237 = CARTESIAN_POINT('',(7.004871747424,-0.151666666667,
    -8.631784532732E-17));
#8238 = DIRECTION('',(0.,0.,-1.));
#8239 = DIRECTION('',(1.224646799147E-16,1.,0.));
#8240 = ORIENTED_EDGE('',*,*,#8241,.F.);
#8241 = EDGE_CURVE('',#8242,#8233,#8244,.T.);
#8242 = VERTEX_POINT('',#8243);
#8243 = CARTESIAN_POINT('',(6.704871747424,-0.232051424396,0.));
#8244 = LINE('',#8245,#8246);
#8245 = CARTESIAN_POINT('',(6.704871747424,-0.405256505153,0.));
#8246 = VECTOR('',#8247,1.);
#8247 = DIRECTION('',(1.224646799147E-16,1.,0.));
#8248 = ORIENTED_EDGE('',*,*,#8249,.F.);
#8249 = EDGE_CURVE('',#8250,#8242,#8252,.T.);
#8250 = VERTEX_POINT('',#8251);
#8251 = CARTESIAN_POINT('',(6.854871747424,-0.491859045531,0.));
#8252 = CIRCLE('',#8253,0.3);
#8253 = AXIS2_PLACEMENT_3D('',#8254,#8255,#8256);
#8254 = CARTESIAN_POINT('',(7.004871747424,-0.232051424396,
    -1.02881000119E-16));
#8255 = DIRECTION('',(0.,0.,-1.));
#8256 = DIRECTION('',(1.224646799147E-16,1.,0.));
#8257 = ORIENTED_EDGE('',*,*,#8258,.F.);
#8258 = EDGE_CURVE('',#8093,#8250,#8259,.T.);
#8259 = LINE('',#8260,#8261);
#8260 = CARTESIAN_POINT('',(8.33877300923,-1.348589838486,0.));
#8261 = VECTOR('',#8262,1.);
#8262 = DIRECTION('',(-0.866025403784,0.5,0.));
#8263 = PLANE('',#8264);
#8264 = AXIS2_PLACEMENT_3D('',#8265,#8266,#8267);
#8265 = CARTESIAN_POINT('',(8.686965568314,-1.695,-4.037407611232E-16));
#8266 = DIRECTION('',(3.439323518224E-19,2.060484507211E-16,-1.));
#8267 = DIRECTION('',(1.224646799147E-16,1.,2.060484507211E-16));
#8268 = ADVANCED_FACE('',(#8269),#8281,.T.);
#8269 = FACE_BOUND('',#8270,.T.);
#8270 = EDGE_LOOP('',(#8271,#8272,#8279,#8280));
#8271 = ORIENTED_EDGE('',*,*,#7492,.T.);
#8272 = ORIENTED_EDGE('',*,*,#8273,.T.);
#8273 = EDGE_CURVE('',#7493,#7533,#8274,.T.);
#8274 = CIRCLE('',#8275,0.2);
#8275 = AXIS2_PLACEMENT_3D('',#8276,#8277,#8278);
#8276 = CARTESIAN_POINT('',(-2.84,1.47,7.17));
#8277 = DIRECTION('',(1.,0.,0.));
#8278 = DIRECTION('',(-0.,1.,0.));
#8279 = ORIENTED_EDGE('',*,*,#7532,.F.);
#8280 = ORIENTED_EDGE('',*,*,#7476,.F.);
#8281 = CYLINDRICAL_SURFACE('',#8282,0.2);
#8282 = AXIS2_PLACEMENT_3D('',#8283,#8284,#8285);
#8283 = CARTESIAN_POINT('',(12.76,1.47,7.17));
#8284 = DIRECTION('',(-1.,0.,0.));
#8285 = DIRECTION('',(0.,1.,0.));
#8286 = ADVANCED_FACE('',(#8287),#8299,.T.);
#8287 = FACE_BOUND('',#8288,.T.);
#8288 = EDGE_LOOP('',(#8289,#8290,#8291,#8292));
#8289 = ORIENTED_EDGE('',*,*,#7801,.T.);
#8290 = ORIENTED_EDGE('',*,*,#7515,.T.);
#8291 = ORIENTED_EDGE('',*,*,#7548,.F.);
#8292 = ORIENTED_EDGE('',*,*,#8293,.F.);
#8293 = EDGE_CURVE('',#7794,#7541,#8294,.T.);
#8294 = CIRCLE('',#8295,0.2);
#8295 = AXIS2_PLACEMENT_3D('',#8296,#8297,#8298);
#8296 = CARTESIAN_POINT('',(-2.84,-4.86,7.17));
#8297 = DIRECTION('',(-1.,6.123233995737E-17,0.));
#8298 = DIRECTION('',(-6.123233995737E-17,-1.,0.));
#8299 = CYLINDRICAL_SURFACE('',#8300,0.2);
#8300 = AXIS2_PLACEMENT_3D('',#8301,#8302,#8303);
#8301 = CARTESIAN_POINT('',(-2.84,-4.86,7.17));
#8302 = DIRECTION('',(1.,0.,0.));
#8303 = DIRECTION('',(0.,-1.,0.));
#8304 = ADVANCED_FACE('',(#8305),#8323,.T.);
#8305 = FACE_BOUND('',#8306,.T.);
#8306 = EDGE_LOOP('',(#8307,#8308,#8315,#8316));
#8307 = ORIENTED_EDGE('',*,*,#7866,.T.);
#8308 = ORIENTED_EDGE('',*,*,#8309,.T.);
#8309 = EDGE_CURVE('',#7841,#7541,#8310,.T.);
#8310 = CIRCLE('',#8311,0.2);
#8311 = AXIS2_PLACEMENT_3D('',#8312,#8313,#8314);
#8312 = CARTESIAN_POINT('',(-2.84,-4.86,7.17));
#8313 = DIRECTION('',(0.,1.,-0.));
#8314 = DIRECTION('',(-1.,0.,0.));
#8315 = ORIENTED_EDGE('',*,*,#7540,.F.);
#8316 = ORIENTED_EDGE('',*,*,#8317,.F.);
#8317 = EDGE_CURVE('',#7816,#7533,#8318,.T.);
#8318 = CIRCLE('',#8319,0.2);
#8319 = AXIS2_PLACEMENT_3D('',#8320,#8321,#8322);
#8320 = CARTESIAN_POINT('',(-2.84,1.47,7.17));
#8321 = DIRECTION('',(6.123233995737E-17,1.,-0.));
#8322 = DIRECTION('',(-1.,6.123233995737E-17,0.));
#8323 = CYLINDRICAL_SURFACE('',#8324,0.2);
#8324 = AXIS2_PLACEMENT_3D('',#8325,#8326,#8327);
#8325 = CARTESIAN_POINT('',(-2.84,1.47,7.17));
#8326 = DIRECTION('',(0.,-1.,0.));
#8327 = DIRECTION('',(-1.,0.,0.));
#8328 = ADVANCED_FACE('',(#8329),#8354,.T.);
#8329 = FACE_BOUND('',#8330,.T.);
#8330 = EDGE_LOOP('',(#8331,#8341,#8347,#8348));
#8331 = ORIENTED_EDGE('',*,*,#8332,.F.);
#8332 = EDGE_CURVE('',#8333,#8335,#8337,.T.);
#8333 = VERTEX_POINT('',#8334);
#8334 = CARTESIAN_POINT('',(10.765,-3.938333333333,3.685));
#8335 = VERTEX_POINT('',#8336);
#8336 = CARTESIAN_POINT('',(11.165,-3.938333333333,3.685));
#8337 = LINE('',#8338,#8339);
#8338 = CARTESIAN_POINT('',(6.331666666667,-3.938333333333,3.685));
#8339 = VECTOR('',#8340,1.);
#8340 = DIRECTION('',(1.,0.,0.));
#8341 = ORIENTED_EDGE('',*,*,#8342,.F.);
#8342 = EDGE_CURVE('',#7560,#8333,#8343,.T.);
#8343 = LINE('',#8344,#8345);
#8344 = CARTESIAN_POINT('',(10.765,-3.938333333333,7.37));
#8345 = VECTOR('',#8346,1.);
#8346 = DIRECTION('',(1.499759782662E-32,1.224646799147E-16,-1.));
#8347 = ORIENTED_EDGE('',*,*,#7557,.F.);
#8348 = ORIENTED_EDGE('',*,*,#8349,.F.);
#8349 = EDGE_CURVE('',#8335,#7558,#8350,.T.);
#8350 = LINE('',#8351,#8352);
#8351 = CARTESIAN_POINT('',(11.165,-3.938333333333,3.685));
#8352 = VECTOR('',#8353,1.);
#8353 = DIRECTION('',(0.,0.,1.));
#8354 = PLANE('',#8355);
#8355 = AXIS2_PLACEMENT_3D('',#8356,#8357,#8358);
#8356 = CARTESIAN_POINT('',(6.331666666667,-3.938333333333,3.685));
#8357 = DIRECTION('',(0.,1.,0.));
#8358 = DIRECTION('',(1.,0.,0.));
#8359 = ADVANCED_FACE('',(#8360),#8378,.T.);
#8360 = FACE_BOUND('',#8361,.T.);
#8361 = EDGE_LOOP('',(#8362,#8370,#8371,#8372));
#8362 = ORIENTED_EDGE('',*,*,#8363,.F.);
#8363 = EDGE_CURVE('',#8335,#8364,#8366,.T.);
#8364 = VERTEX_POINT('',#8365);
#8365 = CARTESIAN_POINT('',(11.165,-3.538333333333,3.685));
#8366 = LINE('',#8367,#8368);
#8367 = CARTESIAN_POINT('',(11.165,-3.938333333333,3.685));
#8368 = VECTOR('',#8369,1.);
#8369 = DIRECTION('',(0.,1.,0.));
#8370 = ORIENTED_EDGE('',*,*,#8349,.T.);
#8371 = ORIENTED_EDGE('',*,*,#7663,.F.);
#8372 = ORIENTED_EDGE('',*,*,#8373,.T.);
#8373 = EDGE_CURVE('',#7656,#8364,#8374,.T.);
#8374 = LINE('',#8375,#8376);
#8375 = CARTESIAN_POINT('',(11.165,-3.538333333333,7.37));
#8376 = VECTOR('',#8377,1.);
#8377 = DIRECTION('',(1.499759782662E-32,1.224646799147E-16,-1.));
#8378 = PLANE('',#8379);
#8379 = AXIS2_PLACEMENT_3D('',#8380,#8381,#8382);
#8380 = CARTESIAN_POINT('',(11.165,-3.938333333333,3.685));
#8381 = DIRECTION('',(-1.,0.,0.));
#8382 = DIRECTION('',(0.,1.,0.));
#8383 = ADVANCED_FACE('',(#8384,#8469),#8595,.T.);
#8384 = FACE_BOUND('',#8385,.T.);
#8385 = EDGE_LOOP('',(#8386,#8387,#8396,#8404,#8413,#8421,#8429,#8438,
    #8446,#8453,#8454,#8461,#8462));
#8386 = ORIENTED_EDGE('',*,*,#7631,.F.);
#8387 = ORIENTED_EDGE('',*,*,#8388,.T.);
#8388 = EDGE_CURVE('',#7624,#8389,#8391,.T.);
#8389 = VERTEX_POINT('',#8390);
#8390 = CARTESIAN_POINT('',(6.331666666667,0.148333333333,7.37));
#8391 = CIRCLE('',#8392,0.4);
#8392 = AXIS2_PLACEMENT_3D('',#8393,#8394,#8395);
#8393 = CARTESIAN_POINT('',(6.731666666667,0.148333333333,7.37));
#8394 = DIRECTION('',(0.,-0.,1.));
#8395 = DIRECTION('',(1.224646799147E-16,1.,0.));
#8396 = ORIENTED_EDGE('',*,*,#8397,.T.);
#8397 = EDGE_CURVE('',#8389,#8398,#8400,.T.);
#8398 = VERTEX_POINT('',#8399);
#8399 = CARTESIAN_POINT('',(6.331666666667,-0.420726558991,7.37));
#8400 = LINE('',#8401,#8402);
#8401 = CARTESIAN_POINT('',(6.331666666667,0.548333333333,7.37));
#8402 = VECTOR('',#8403,1.);
#8403 = DIRECTION('',(-1.224646799147E-16,-1.,0.));
#8404 = ORIENTED_EDGE('',*,*,#8405,.T.);
#8405 = EDGE_CURVE('',#8398,#8406,#8408,.T.);
#8406 = VERTEX_POINT('',#8407);
#8407 = CARTESIAN_POINT('',(6.531666666667,-0.767136720505,7.37));
#8408 = CIRCLE('',#8409,0.4);
#8409 = AXIS2_PLACEMENT_3D('',#8410,#8411,#8412);
#8410 = CARTESIAN_POINT('',(6.731666666667,-0.420726558991,7.37));
#8411 = DIRECTION('',(0.,-0.,1.));
#8412 = DIRECTION('',(1.224646799147E-16,1.,0.));
#8413 = ORIENTED_EDGE('',*,*,#8414,.T.);
#8414 = EDGE_CURVE('',#8406,#8415,#8417,.T.);
#8415 = VERTEX_POINT('',#8416);
#8416 = CARTESIAN_POINT('',(8.13877300923,-1.695,7.37));
#8417 = LINE('',#8418,#8419);
#8418 = CARTESIAN_POINT('',(6.331666666667,-0.651666666667,7.37));
#8419 = VECTOR('',#8420,1.);
#8420 = DIRECTION('',(0.866025403784,-0.5,0.));
#8421 = ORIENTED_EDGE('',*,*,#8422,.F.);
#8422 = EDGE_CURVE('',#8423,#8415,#8425,.T.);
#8423 = VERTEX_POINT('',#8424);
#8424 = CARTESIAN_POINT('',(6.531666666667,-2.622863279495,7.37));
#8425 = LINE('',#8426,#8427);
#8426 = CARTESIAN_POINT('',(6.331666666667,-2.738333333333,7.37));
#8427 = VECTOR('',#8428,1.);
#8428 = DIRECTION('',(0.866025403784,0.5,6.123233995739E-17));
#8429 = ORIENTED_EDGE('',*,*,#8430,.F.);
#8430 = EDGE_CURVE('',#8431,#8423,#8433,.T.);
#8431 = VERTEX_POINT('',#8432);
#8432 = CARTESIAN_POINT('',(6.331666666667,-2.969273441009,7.37));
#8433 = CIRCLE('',#8434,0.4);
#8434 = AXIS2_PLACEMENT_3D('',#8435,#8436,#8437);
#8435 = CARTESIAN_POINT('',(6.731666666667,-2.969273441009,7.37));
#8436 = DIRECTION('',(1.499759782662E-32,1.224646799147E-16,-1.));
#8437 = DIRECTION('',(-1.224646799147E-16,-1.,-1.224646799147E-16));
#8438 = ORIENTED_EDGE('',*,*,#8439,.F.);
#8439 = EDGE_CURVE('',#8440,#8431,#8442,.T.);
#8440 = VERTEX_POINT('',#8441);
#8441 = CARTESIAN_POINT('',(6.331666666667,-3.538333333333,7.37));
#8442 = LINE('',#8443,#8444);
#8443 = CARTESIAN_POINT('',(6.331666666667,-3.938333333333,7.37));
#8444 = VECTOR('',#8445,1.);
#8445 = DIRECTION('',(1.224646799147E-16,1.,1.224646799147E-16));
#8446 = ORIENTED_EDGE('',*,*,#8447,.F.);
#8447 = EDGE_CURVE('',#7568,#8440,#8448,.T.);
#8448 = CIRCLE('',#8449,0.4);
#8449 = AXIS2_PLACEMENT_3D('',#8450,#8451,#8452);
#8450 = CARTESIAN_POINT('',(6.731666666667,-3.538333333333,7.37));
#8451 = DIRECTION('',(1.499759782662E-32,1.224646799147E-16,-1.));
#8452 = DIRECTION('',(-1.224646799147E-16,-1.,-1.224646799147E-16));
#8453 = ORIENTED_EDGE('',*,*,#7567,.F.);
#8454 = ORIENTED_EDGE('',*,*,#8455,.T.);
#8455 = EDGE_CURVE('',#7560,#7656,#8456,.T.);
#8456 = CIRCLE('',#8457,0.4);
#8457 = AXIS2_PLACEMENT_3D('',#8458,#8459,#8460);
#8458 = CARTESIAN_POINT('',(10.765,-3.538333333333,7.37));
#8459 = DIRECTION('',(-1.499759782662E-32,-1.224646799147E-16,1.));
#8460 = DIRECTION('',(-1.224646799147E-16,-1.,-1.224646799147E-16));
#8461 = ORIENTED_EDGE('',*,*,#7655,.F.);
#8462 = ORIENTED_EDGE('',*,*,#8463,.F.);
#8463 = EDGE_CURVE('',#7632,#7648,#8464,.T.);
#8464 = CIRCLE('',#8465,0.4);
#8465 = AXIS2_PLACEMENT_3D('',#8466,#8467,#8468);
#8466 = CARTESIAN_POINT('',(10.765,0.148333333333,7.37));
#8467 = DIRECTION('',(0.,0.,-1.));
#8468 = DIRECTION('',(1.224646799147E-16,1.,0.));
#8469 = FACE_BOUND('',#8470,.T.);
#8470 = EDGE_LOOP('',(#8471,#8479,#8487,#8495,#8504,#8512,#8521,#8529,
    #8538,#8546,#8555,#8563,#8572,#8580,#8589));
#8471 = ORIENTED_EDGE('',*,*,#8472,.F.);
#8472 = EDGE_CURVE('',#8415,#8473,#8475,.T.);
#8473 = VERTEX_POINT('',#8474);
#8474 = CARTESIAN_POINT('',(8.33877300923,-2.041410161514,7.37));
#8475 = LINE('',#8476,#8477);
#8476 = CARTESIAN_POINT('',(8.13877300923,-1.695,7.37));
#8477 = VECTOR('',#8478,1.);
#8478 = DIRECTION('',(0.5,-0.866025403784,-1.060575238725E-16));
#8479 = ORIENTED_EDGE('',*,*,#8480,.T.);
#8480 = EDGE_CURVE('',#8415,#8481,#8483,.T.);
#8481 = VERTEX_POINT('',#8482);
#8482 = CARTESIAN_POINT('',(8.33877300923,-1.348589838486,7.37));
#8483 = LINE('',#8484,#8485);
#8484 = CARTESIAN_POINT('',(8.13877300923,-1.695,7.37));
#8485 = VECTOR('',#8486,1.);
#8486 = DIRECTION('',(0.5,0.866025403784,0.));
#8487 = ORIENTED_EDGE('',*,*,#8488,.T.);
#8488 = EDGE_CURVE('',#8481,#8489,#8491,.T.);
#8489 = VERTEX_POINT('',#8490);
#8490 = CARTESIAN_POINT('',(6.854871747424,-0.491859045531,7.37));
#8491 = LINE('',#8492,#8493);
#8492 = CARTESIAN_POINT('',(8.33877300923,-1.348589838486,7.37));
#8493 = VECTOR('',#8494,1.);
#8494 = DIRECTION('',(-0.866025403784,0.5,0.));
#8495 = ORIENTED_EDGE('',*,*,#8496,.T.);
#8496 = EDGE_CURVE('',#8489,#8497,#8499,.T.);
#8497 = VERTEX_POINT('',#8498);
#8498 = CARTESIAN_POINT('',(6.704871747424,-0.232051424396,7.37));
#8499 = CIRCLE('',#8500,0.3);
#8500 = AXIS2_PLACEMENT_3D('',#8501,#8502,#8503);
#8501 = CARTESIAN_POINT('',(7.004871747424,-0.232051424396,7.37));
#8502 = DIRECTION('',(0.,0.,-1.));
#8503 = DIRECTION('',(1.224646799147E-16,1.,0.));
#8504 = ORIENTED_EDGE('',*,*,#8505,.T.);
#8505 = EDGE_CURVE('',#8497,#8506,#8508,.T.);
#8506 = VERTEX_POINT('',#8507);
#8507 = CARTESIAN_POINT('',(6.704871747424,-0.151666666667,7.37));
#8508 = LINE('',#8509,#8510);
#8509 = CARTESIAN_POINT('',(6.704871747424,-0.405256505153,7.37));
#8510 = VECTOR('',#8511,1.);
#8511 = DIRECTION('',(1.224646799147E-16,1.,0.));
#8512 = ORIENTED_EDGE('',*,*,#8513,.T.);
#8513 = EDGE_CURVE('',#8506,#8514,#8516,.T.);
#8514 = VERTEX_POINT('',#8515);
#8515 = CARTESIAN_POINT('',(7.004871747424,0.148333333333,7.37));
#8516 = CIRCLE('',#8517,0.3);
#8517 = AXIS2_PLACEMENT_3D('',#8518,#8519,#8520);
#8518 = CARTESIAN_POINT('',(7.004871747424,-0.151666666667,7.37));
#8519 = DIRECTION('',(0.,0.,-1.));
#8520 = DIRECTION('',(1.224646799147E-16,1.,0.));
#8521 = ORIENTED_EDGE('',*,*,#8522,.T.);
#8522 = EDGE_CURVE('',#8514,#8523,#8525,.T.);
#8523 = VERTEX_POINT('',#8524);
#8524 = CARTESIAN_POINT('',(10.465,0.148333333333,7.37));
#8525 = LINE('',#8526,#8527);
#8526 = CARTESIAN_POINT('',(6.704871747424,0.148333333333,7.37));
#8527 = VECTOR('',#8528,1.);
#8528 = DIRECTION('',(1.,-1.224646799147E-16,0.));
#8529 = ORIENTED_EDGE('',*,*,#8530,.T.);
#8530 = EDGE_CURVE('',#8523,#8531,#8533,.T.);
#8531 = VERTEX_POINT('',#8532);
#8532 = CARTESIAN_POINT('',(10.765,-0.151666666667,7.37));
#8533 = CIRCLE('',#8534,0.3);
#8534 = AXIS2_PLACEMENT_3D('',#8535,#8536,#8537);
#8535 = CARTESIAN_POINT('',(10.465,-0.151666666667,7.37));
#8536 = DIRECTION('',(0.,0.,-1.));
#8537 = DIRECTION('',(1.224646799147E-16,1.,0.));
#8538 = ORIENTED_EDGE('',*,*,#8539,.T.);
#8539 = EDGE_CURVE('',#8531,#8540,#8542,.T.);
#8540 = VERTEX_POINT('',#8541);
#8541 = CARTESIAN_POINT('',(10.765,-3.238333333333,7.37));
#8542 = LINE('',#8543,#8544);
#8543 = CARTESIAN_POINT('',(10.765,0.148333333333,7.37));
#8544 = VECTOR('',#8545,1.);
#8545 = DIRECTION('',(-1.224646799147E-16,-1.,0.));
#8546 = ORIENTED_EDGE('',*,*,#8547,.T.);
#8547 = EDGE_CURVE('',#8540,#8548,#8550,.T.);
#8548 = VERTEX_POINT('',#8549);
#8549 = CARTESIAN_POINT('',(10.465,-3.538333333333,7.37));
#8550 = CIRCLE('',#8551,0.3);
#8551 = AXIS2_PLACEMENT_3D('',#8552,#8553,#8554);
#8552 = CARTESIAN_POINT('',(10.465,-3.238333333333,7.37));
#8553 = DIRECTION('',(1.499759782662E-32,1.224646799147E-16,-1.));
#8554 = DIRECTION('',(-1.224646799147E-16,-1.,-1.224646799147E-16));
#8555 = ORIENTED_EDGE('',*,*,#8556,.F.);
#8556 = EDGE_CURVE('',#8557,#8548,#8559,.T.);
#8557 = VERTEX_POINT('',#8558);
#8558 = CARTESIAN_POINT('',(7.004871747424,-3.538333333333,7.37));
#8559 = LINE('',#8560,#8561);
#8560 = CARTESIAN_POINT('',(6.704871747424,-3.538333333333,7.37));
#8561 = VECTOR('',#8562,1.);
#8562 = DIRECTION('',(1.,-1.224646799147E-16,0.));
#8563 = ORIENTED_EDGE('',*,*,#8564,.F.);
#8564 = EDGE_CURVE('',#8565,#8557,#8567,.T.);
#8565 = VERTEX_POINT('',#8566);
#8566 = CARTESIAN_POINT('',(6.704871747424,-3.238333333333,7.37));
#8567 = CIRCLE('',#8568,0.3);
#8568 = AXIS2_PLACEMENT_3D('',#8569,#8570,#8571);
#8569 = CARTESIAN_POINT('',(7.004871747424,-3.238333333333,7.37));
#8570 = DIRECTION('',(-1.499759782662E-32,-1.224646799147E-16,1.));
#8571 = DIRECTION('',(-1.224646799147E-16,-1.,-1.224646799147E-16));
#8572 = ORIENTED_EDGE('',*,*,#8573,.F.);
#8573 = EDGE_CURVE('',#8574,#8565,#8576,.T.);
#8574 = VERTEX_POINT('',#8575);
#8575 = CARTESIAN_POINT('',(6.704871747424,-3.157948575604,7.37));
#8576 = LINE('',#8577,#8578);
#8577 = CARTESIAN_POINT('',(6.704871747424,-2.984743494847,7.37));
#8578 = VECTOR('',#8579,1.);
#8579 = DIRECTION('',(-1.224646799147E-16,-1.,-1.224646799147E-16));
#8580 = ORIENTED_EDGE('',*,*,#8581,.F.);
#8581 = EDGE_CURVE('',#8582,#8574,#8584,.T.);
#8582 = VERTEX_POINT('',#8583);
#8583 = CARTESIAN_POINT('',(6.854871747424,-2.898140954469,7.37));
#8584 = CIRCLE('',#8585,0.3);
#8585 = AXIS2_PLACEMENT_3D('',#8586,#8587,#8588);
#8586 = CARTESIAN_POINT('',(7.004871747424,-3.157948575604,7.37));
#8587 = DIRECTION('',(-1.499759782662E-32,-1.224646799147E-16,1.));
#8588 = DIRECTION('',(-1.224646799147E-16,-1.,-1.224646799147E-16));
#8589 = ORIENTED_EDGE('',*,*,#8590,.F.);
#8590 = EDGE_CURVE('',#8473,#8582,#8591,.T.);
#8591 = LINE('',#8592,#8593);
#8592 = CARTESIAN_POINT('',(8.33877300923,-2.041410161514,7.37));
#8593 = VECTOR('',#8594,1.);
#8594 = DIRECTION('',(-0.866025403784,-0.5,-6.123233995739E-17));
#8595 = PLANE('',#8596);
#8596 = AXIS2_PLACEMENT_3D('',#8597,#8598,#8599);
#8597 = CARTESIAN_POINT('',(8.715776653578,-1.695,7.37));
#8598 = DIRECTION('',(7.258318426395E-31,-2.27526698301E-16,1.));
#8599 = DIRECTION('',(-1.224646799147E-16,-1.,-2.27526698301E-16));
#8600 = ADVANCED_FACE('',(#8601),#8626,.T.);
#8601 = FACE_BOUND('',#8602,.T.);
#8602 = EDGE_LOOP('',(#8603,#8613,#8619,#8620));
#8603 = ORIENTED_EDGE('',*,*,#8604,.F.);
#8604 = EDGE_CURVE('',#8605,#8607,#8609,.T.);
#8605 = VERTEX_POINT('',#8606);
#8606 = CARTESIAN_POINT('',(6.331666666667,-3.938333333333,3.685));
#8607 = VERTEX_POINT('',#8608);
#8608 = CARTESIAN_POINT('',(6.731666666667,-3.938333333333,3.685));
#8609 = LINE('',#8610,#8611);
#8610 = CARTESIAN_POINT('',(6.331666666667,-3.938333333333,3.685));
#8611 = VECTOR('',#8612,1.);
#8612 = DIRECTION('',(1.,0.,0.));
#8613 = ORIENTED_EDGE('',*,*,#8614,.T.);
#8614 = EDGE_CURVE('',#8605,#7576,#8615,.T.);
#8615 = LINE('',#8616,#8617);
#8616 = CARTESIAN_POINT('',(6.331666666667,-3.938333333333,3.685));
#8617 = VECTOR('',#8618,1.);
#8618 = DIRECTION('',(0.,0.,1.));
#8619 = ORIENTED_EDGE('',*,*,#7575,.F.);
#8620 = ORIENTED_EDGE('',*,*,#8621,.T.);
#8621 = EDGE_CURVE('',#7568,#8607,#8622,.T.);
#8622 = LINE('',#8623,#8624);
#8623 = CARTESIAN_POINT('',(6.731666666667,-3.938333333333,7.37));
#8624 = VECTOR('',#8625,1.);
#8625 = DIRECTION('',(1.499759782662E-32,1.224646799147E-16,-1.));
#8626 = PLANE('',#8627);
#8627 = AXIS2_PLACEMENT_3D('',#8628,#8629,#8630);
#8628 = CARTESIAN_POINT('',(6.331666666667,-3.938333333333,3.685));
#8629 = DIRECTION('',(0.,1.,0.));
#8630 = DIRECTION('',(1.,0.,0.));
#8631 = ADVANCED_FACE('',(#8632),#8657,.T.);
#8632 = FACE_BOUND('',#8633,.T.);
#8633 = EDGE_LOOP('',(#8634,#8644,#8650,#8651));
#8634 = ORIENTED_EDGE('',*,*,#8635,.F.);
#8635 = EDGE_CURVE('',#8636,#8638,#8640,.T.);
#8636 = VERTEX_POINT('',#8637);
#8637 = CARTESIAN_POINT('',(11.165,0.148333333333,3.685));
#8638 = VERTEX_POINT('',#8639);
#8639 = CARTESIAN_POINT('',(11.165,0.548333333333,3.685));
#8640 = LINE('',#8641,#8642);
#8641 = CARTESIAN_POINT('',(11.165,-3.938333333333,3.685));
#8642 = VECTOR('',#8643,1.);
#8643 = DIRECTION('',(0.,1.,0.));
#8644 = ORIENTED_EDGE('',*,*,#8645,.T.);
#8645 = EDGE_CURVE('',#8636,#7648,#8646,.T.);
#8646 = LINE('',#8647,#8648);
#8647 = CARTESIAN_POINT('',(11.165,0.148333333333,-4.513779498112E-34));
#8648 = VECTOR('',#8649,1.);
#8649 = DIRECTION('',(0.,0.,1.));
#8650 = ORIENTED_EDGE('',*,*,#7647,.F.);
#8651 = ORIENTED_EDGE('',*,*,#8652,.F.);
#8652 = EDGE_CURVE('',#8638,#7640,#8653,.T.);
#8653 = LINE('',#8654,#8655);
#8654 = CARTESIAN_POINT('',(11.165,0.548333333333,3.685));
#8655 = VECTOR('',#8656,1.);
#8656 = DIRECTION('',(0.,0.,1.));
#8657 = PLANE('',#8658);
#8658 = AXIS2_PLACEMENT_3D('',#8659,#8660,#8661);
#8659 = CARTESIAN_POINT('',(11.165,-3.938333333333,3.685));
#8660 = DIRECTION('',(-1.,0.,0.));
#8661 = DIRECTION('',(0.,1.,0.));
#8662 = ADVANCED_FACE('',(#8663),#8681,.T.);
#8663 = FACE_BOUND('',#8664,.T.);
#8664 = EDGE_LOOP('',(#8665,#8673,#8679,#8680));
#8665 = ORIENTED_EDGE('',*,*,#8666,.F.);
#8666 = EDGE_CURVE('',#8667,#8605,#8669,.T.);
#8667 = VERTEX_POINT('',#8668);
#8668 = CARTESIAN_POINT('',(6.331666666667,-3.688333333333,3.685));
#8669 = LINE('',#8670,#8671);
#8670 = CARTESIAN_POINT('',(6.331666666667,0.548333333333,3.685));
#8671 = VECTOR('',#8672,1.);
#8672 = DIRECTION('',(0.,-1.,0.));
#8673 = ORIENTED_EDGE('',*,*,#8674,.T.);
#8674 = EDGE_CURVE('',#8667,#7584,#8675,.T.);
#8675 = LINE('',#8676,#8677);
#8676 = CARTESIAN_POINT('',(6.331666666667,-3.688333333333,3.685));
#8677 = VECTOR('',#8678,1.);
#8678 = DIRECTION('',(0.,0.,1.));
#8679 = ORIENTED_EDGE('',*,*,#7583,.F.);
#8680 = ORIENTED_EDGE('',*,*,#8614,.F.);
#8681 = PLANE('',#8682);
#8682 = AXIS2_PLACEMENT_3D('',#8683,#8684,#8685);
#8683 = CARTESIAN_POINT('',(6.331666666667,0.548333333333,3.685));
#8684 = DIRECTION('',(1.,0.,0.));
#8685 = DIRECTION('',(0.,-1.,0.));
#8686 = ADVANCED_FACE('',(#8687),#8705,.T.);
#8687 = FACE_BOUND('',#8688,.T.);
#8688 = EDGE_LOOP('',(#8689,#8697,#8698,#8699));
#8689 = ORIENTED_EDGE('',*,*,#8690,.F.);
#8690 = EDGE_CURVE('',#8638,#8691,#8693,.T.);
#8691 = VERTEX_POINT('',#8692);
#8692 = CARTESIAN_POINT('',(10.765,0.548333333333,3.685));
#8693 = LINE('',#8694,#8695);
#8694 = CARTESIAN_POINT('',(11.165,0.548333333333,3.685));
#8695 = VECTOR('',#8696,1.);
#8696 = DIRECTION('',(-1.,0.,0.));
#8697 = ORIENTED_EDGE('',*,*,#8652,.T.);
#8698 = ORIENTED_EDGE('',*,*,#7639,.F.);
#8699 = ORIENTED_EDGE('',*,*,#8700,.F.);
#8700 = EDGE_CURVE('',#8691,#7632,#8701,.T.);
#8701 = LINE('',#8702,#8703);
#8702 = CARTESIAN_POINT('',(10.765,0.548333333333,-4.513779498112E-34));
#8703 = VECTOR('',#8704,1.);
#8704 = DIRECTION('',(0.,0.,1.));
#8705 = PLANE('',#8706);
#8706 = AXIS2_PLACEMENT_3D('',#8707,#8708,#8709);
#8707 = CARTESIAN_POINT('',(11.165,0.548333333333,3.685));
#8708 = DIRECTION('',(0.,-1.,0.));
#8709 = DIRECTION('',(-1.,0.,0.));
#8710 = ADVANCED_FACE('',(#8711),#8729,.T.);
#8711 = FACE_BOUND('',#8712,.T.);
#8712 = EDGE_LOOP('',(#8713,#8721,#8727,#8728));
#8713 = ORIENTED_EDGE('',*,*,#8714,.F.);
#8714 = EDGE_CURVE('',#8715,#8667,#8717,.T.);
#8715 = VERTEX_POINT('',#8716);
#8716 = CARTESIAN_POINT('',(5.831666666667,-3.688333333333,3.685));
#8717 = LINE('',#8718,#8719);
#8718 = CARTESIAN_POINT('',(5.831666666667,-3.688333333333,3.685));
#8719 = VECTOR('',#8720,1.);
#8720 = DIRECTION('',(1.,0.,0.));
#8721 = ORIENTED_EDGE('',*,*,#8722,.T.);
#8722 = EDGE_CURVE('',#8715,#7592,#8723,.T.);
#8723 = LINE('',#8724,#8725);
#8724 = CARTESIAN_POINT('',(5.831666666667,-3.688333333333,3.685));
#8725 = VECTOR('',#8726,1.);
#8726 = DIRECTION('',(0.,0.,1.));
#8727 = ORIENTED_EDGE('',*,*,#7591,.F.);
#8728 = ORIENTED_EDGE('',*,*,#8674,.F.);
#8729 = PLANE('',#8730);
#8730 = AXIS2_PLACEMENT_3D('',#8731,#8732,#8733);
#8731 = CARTESIAN_POINT('',(5.831666666667,-3.688333333333,3.685));
#8732 = DIRECTION('',(0.,1.,0.));
#8733 = DIRECTION('',(1.,0.,0.));
#8734 = ADVANCED_FACE('',(#8735),#8753,.T.);
#8735 = FACE_BOUND('',#8736,.T.);
#8736 = EDGE_LOOP('',(#8737,#8745,#8751,#8752));
#8737 = ORIENTED_EDGE('',*,*,#8738,.F.);
#8738 = EDGE_CURVE('',#8739,#8715,#8741,.T.);
#8739 = VERTEX_POINT('',#8740);
#8740 = CARTESIAN_POINT('',(5.831666666667,0.298333333333,3.685));
#8741 = LINE('',#8742,#8743);
#8742 = CARTESIAN_POINT('',(5.831666666667,0.298333333333,3.685));
#8743 = VECTOR('',#8744,1.);
#8744 = DIRECTION('',(0.,-1.,0.));
#8745 = ORIENTED_EDGE('',*,*,#8746,.T.);
#8746 = EDGE_CURVE('',#8739,#7600,#8747,.T.);
#8747 = LINE('',#8748,#8749);
#8748 = CARTESIAN_POINT('',(5.831666666667,0.298333333333,3.685));
#8749 = VECTOR('',#8750,1.);
#8750 = DIRECTION('',(0.,0.,1.));
#8751 = ORIENTED_EDGE('',*,*,#7599,.F.);
#8752 = ORIENTED_EDGE('',*,*,#8722,.F.);
#8753 = PLANE('',#8754);
#8754 = AXIS2_PLACEMENT_3D('',#8755,#8756,#8757);
#8755 = CARTESIAN_POINT('',(5.831666666667,0.298333333333,3.685));
#8756 = DIRECTION('',(1.,0.,0.));
#8757 = DIRECTION('',(0.,-1.,0.));
#8758 = ADVANCED_FACE('',(#8759),#8784,.T.);
#8759 = FACE_BOUND('',#8760,.T.);
#8760 = EDGE_LOOP('',(#8761,#8771,#8777,#8778));
#8761 = ORIENTED_EDGE('',*,*,#8762,.F.);
#8762 = EDGE_CURVE('',#8763,#8765,#8767,.T.);
#8763 = VERTEX_POINT('',#8764);
#8764 = CARTESIAN_POINT('',(6.731666666667,0.548333333333,3.685));
#8765 = VERTEX_POINT('',#8766);
#8766 = CARTESIAN_POINT('',(6.331666666667,0.548333333333,3.685));
#8767 = LINE('',#8768,#8769);
#8768 = CARTESIAN_POINT('',(11.165,0.548333333333,3.685));
#8769 = VECTOR('',#8770,1.);
#8770 = DIRECTION('',(-1.,0.,0.));
#8771 = ORIENTED_EDGE('',*,*,#8772,.T.);
#8772 = EDGE_CURVE('',#8763,#7624,#8773,.T.);
#8773 = LINE('',#8774,#8775);
#8774 = CARTESIAN_POINT('',(6.731666666667,0.548333333333,0.));
#8775 = VECTOR('',#8776,1.);
#8776 = DIRECTION('',(0.,0.,1.));
#8777 = ORIENTED_EDGE('',*,*,#7623,.F.);
#8778 = ORIENTED_EDGE('',*,*,#8779,.F.);
#8779 = EDGE_CURVE('',#8765,#7616,#8780,.T.);
#8780 = LINE('',#8781,#8782);
#8781 = CARTESIAN_POINT('',(6.331666666667,0.548333333333,3.685));
#8782 = VECTOR('',#8783,1.);
#8783 = DIRECTION('',(0.,0.,1.));
#8784 = PLANE('',#8785);
#8785 = AXIS2_PLACEMENT_3D('',#8786,#8787,#8788);
#8786 = CARTESIAN_POINT('',(11.165,0.548333333333,3.685));
#8787 = DIRECTION('',(0.,-1.,0.));
#8788 = DIRECTION('',(-1.,0.,0.));
#8789 = ADVANCED_FACE('',(#8790),#8808,.T.);
#8790 = FACE_BOUND('',#8791,.T.);
#8791 = EDGE_LOOP('',(#8792,#8800,#8806,#8807));
#8792 = ORIENTED_EDGE('',*,*,#8793,.F.);
#8793 = EDGE_CURVE('',#8794,#8739,#8796,.T.);
#8794 = VERTEX_POINT('',#8795);
#8795 = CARTESIAN_POINT('',(6.331666666667,0.298333333333,3.685));
#8796 = LINE('',#8797,#8798);
#8797 = CARTESIAN_POINT('',(6.331666666667,0.298333333333,3.685));
#8798 = VECTOR('',#8799,1.);
#8799 = DIRECTION('',(-1.,0.,0.));
#8800 = ORIENTED_EDGE('',*,*,#8801,.T.);
#8801 = EDGE_CURVE('',#8794,#7608,#8802,.T.);
#8802 = LINE('',#8803,#8804);
#8803 = CARTESIAN_POINT('',(6.331666666667,0.298333333333,3.685));
#8804 = VECTOR('',#8805,1.);
#8805 = DIRECTION('',(0.,0.,1.));
#8806 = ORIENTED_EDGE('',*,*,#7607,.F.);
#8807 = ORIENTED_EDGE('',*,*,#8746,.F.);
#8808 = PLANE('',#8809);
#8809 = AXIS2_PLACEMENT_3D('',#8810,#8811,#8812);
#8810 = CARTESIAN_POINT('',(6.331666666667,0.298333333333,3.685));
#8811 = DIRECTION('',(0.,-1.,0.));
#8812 = DIRECTION('',(-1.,0.,0.));
#8813 = ADVANCED_FACE('',(#8814),#8825,.T.);
#8814 = FACE_BOUND('',#8815,.T.);
#8815 = EDGE_LOOP('',(#8816,#8822,#8823,#8824));
#8816 = ORIENTED_EDGE('',*,*,#8817,.F.);
#8817 = EDGE_CURVE('',#8765,#8794,#8818,.T.);
#8818 = LINE('',#8819,#8820);
#8819 = CARTESIAN_POINT('',(6.331666666667,0.548333333333,3.685));
#8820 = VECTOR('',#8821,1.);
#8821 = DIRECTION('',(0.,-1.,0.));
#8822 = ORIENTED_EDGE('',*,*,#8779,.T.);
#8823 = ORIENTED_EDGE('',*,*,#7615,.F.);
#8824 = ORIENTED_EDGE('',*,*,#8801,.F.);
#8825 = PLANE('',#8826);
#8826 = AXIS2_PLACEMENT_3D('',#8827,#8828,#8829);
#8827 = CARTESIAN_POINT('',(6.331666666667,0.548333333333,3.685));
#8828 = DIRECTION('',(1.,0.,0.));
#8829 = DIRECTION('',(0.,-1.,0.));
#8830 = ADVANCED_FACE('',(#8831),#8856,.T.);
#8831 = FACE_BOUND('',#8832,.T.);
#8832 = EDGE_LOOP('',(#8833,#8843,#8849,#8850));
#8833 = ORIENTED_EDGE('',*,*,#8834,.F.);
#8834 = EDGE_CURVE('',#8835,#8837,#8839,.T.);
#8835 = VERTEX_POINT('',#8836);
#8836 = CARTESIAN_POINT('',(-0.845,0.548333333333,3.685));
#8837 = VERTEX_POINT('',#8838);
#8838 = CARTESIAN_POINT('',(-1.245,0.548333333333,3.685));
#8839 = LINE('',#8840,#8841);
#8840 = CARTESIAN_POINT('',(3.588333333333,0.548333333333,3.685));
#8841 = VECTOR('',#8842,1.);
#8842 = DIRECTION('',(-1.,0.,0.));
#8843 = ORIENTED_EDGE('',*,*,#8844,.F.);
#8844 = EDGE_CURVE('',#7674,#8835,#8845,.T.);
#8845 = LINE('',#8846,#8847);
#8846 = CARTESIAN_POINT('',(-0.845,0.548333333333,7.37));
#8847 = VECTOR('',#8848,1.);
#8848 = DIRECTION('',(0.,-1.224646799147E-16,-1.));
#8849 = ORIENTED_EDGE('',*,*,#7671,.F.);
#8850 = ORIENTED_EDGE('',*,*,#8851,.F.);
#8851 = EDGE_CURVE('',#8837,#7672,#8852,.T.);
#8852 = LINE('',#8853,#8854);
#8853 = CARTESIAN_POINT('',(-1.245,0.548333333333,3.685));
#8854 = VECTOR('',#8855,1.);
#8855 = DIRECTION('',(0.,0.,1.));
#8856 = PLANE('',#8857);
#8857 = AXIS2_PLACEMENT_3D('',#8858,#8859,#8860);
#8858 = CARTESIAN_POINT('',(3.588333333333,0.548333333333,3.685));
#8859 = DIRECTION('',(0.,-1.,0.));
#8860 = DIRECTION('',(-1.,0.,0.));
#8861 = ADVANCED_FACE('',(#8862),#8880,.T.);
#8862 = FACE_BOUND('',#8863,.T.);
#8863 = EDGE_LOOP('',(#8864,#8872,#8873,#8874));
#8864 = ORIENTED_EDGE('',*,*,#8865,.F.);
#8865 = EDGE_CURVE('',#8837,#8866,#8868,.T.);
#8866 = VERTEX_POINT('',#8867);
#8867 = CARTESIAN_POINT('',(-1.245,0.148333333333,3.685));
#8868 = LINE('',#8869,#8870);
#8869 = CARTESIAN_POINT('',(-1.245,0.548333333333,3.685));
#8870 = VECTOR('',#8871,1.);
#8871 = DIRECTION('',(0.,-1.,0.));
#8872 = ORIENTED_EDGE('',*,*,#8851,.T.);
#8873 = ORIENTED_EDGE('',*,*,#7777,.F.);
#8874 = ORIENTED_EDGE('',*,*,#8875,.T.);
#8875 = EDGE_CURVE('',#7770,#8866,#8876,.T.);
#8876 = LINE('',#8877,#8878);
#8877 = CARTESIAN_POINT('',(-1.245,0.148333333333,7.37));
#8878 = VECTOR('',#8879,1.);
#8879 = DIRECTION('',(0.,-1.224646799147E-16,-1.));
#8880 = PLANE('',#8881);
#8881 = AXIS2_PLACEMENT_3D('',#8882,#8883,#8884);
#8882 = CARTESIAN_POINT('',(-1.245,0.548333333333,3.685));
#8883 = DIRECTION('',(1.,0.,0.));
#8884 = DIRECTION('',(0.,-1.,0.));
#8885 = ADVANCED_FACE('',(#8886,#8971),#9097,.T.);
#8886 = FACE_BOUND('',#8887,.T.);
#8887 = EDGE_LOOP('',(#8888,#8889,#8898,#8906,#8915,#8923,#8931,#8940,
    #8948,#8955,#8956,#8963,#8964));
#8888 = ORIENTED_EDGE('',*,*,#7745,.F.);
#8889 = ORIENTED_EDGE('',*,*,#8890,.T.);
#8890 = EDGE_CURVE('',#7738,#8891,#8893,.T.);
#8891 = VERTEX_POINT('',#8892);
#8892 = CARTESIAN_POINT('',(3.588333333333,-3.538333333333,7.37));
#8893 = CIRCLE('',#8894,0.4);
#8894 = AXIS2_PLACEMENT_3D('',#8895,#8896,#8897);
#8895 = CARTESIAN_POINT('',(3.188333333333,-3.538333333333,7.37));
#8896 = DIRECTION('',(-0.,0.,1.));
#8897 = DIRECTION('',(0.,-1.,0.));
#8898 = ORIENTED_EDGE('',*,*,#8899,.T.);
#8899 = EDGE_CURVE('',#8891,#8900,#8902,.T.);
#8900 = VERTEX_POINT('',#8901);
#8901 = CARTESIAN_POINT('',(3.588333333333,-2.969273441009,7.37));
#8902 = LINE('',#8903,#8904);
#8903 = CARTESIAN_POINT('',(3.588333333333,-3.938333333333,7.37));
#8904 = VECTOR('',#8905,1.);
#8905 = DIRECTION('',(0.,1.,0.));
#8906 = ORIENTED_EDGE('',*,*,#8907,.T.);
#8907 = EDGE_CURVE('',#8900,#8908,#8910,.T.);
#8908 = VERTEX_POINT('',#8909);
#8909 = CARTESIAN_POINT('',(3.388333333333,-2.622863279495,7.37));
#8910 = CIRCLE('',#8911,0.4);
#8911 = AXIS2_PLACEMENT_3D('',#8912,#8913,#8914);
#8912 = CARTESIAN_POINT('',(3.188333333333,-2.969273441009,7.37));
#8913 = DIRECTION('',(-0.,0.,1.));
#8914 = DIRECTION('',(0.,-1.,0.));
#8915 = ORIENTED_EDGE('',*,*,#8916,.T.);
#8916 = EDGE_CURVE('',#8908,#8917,#8919,.T.);
#8917 = VERTEX_POINT('',#8918);
#8918 = CARTESIAN_POINT('',(1.78122699077,-1.695,7.37));
#8919 = LINE('',#8920,#8921);
#8920 = CARTESIAN_POINT('',(3.588333333333,-2.738333333333,7.37));
#8921 = VECTOR('',#8922,1.);
#8922 = DIRECTION('',(-0.866025403784,0.5,0.));
#8923 = ORIENTED_EDGE('',*,*,#8924,.F.);
#8924 = EDGE_CURVE('',#8925,#8917,#8927,.T.);
#8925 = VERTEX_POINT('',#8926);
#8926 = CARTESIAN_POINT('',(3.388333333333,-0.767136720505,7.37));
#8927 = LINE('',#8928,#8929);
#8928 = CARTESIAN_POINT('',(3.588333333333,-0.651666666667,7.37));
#8929 = VECTOR('',#8930,1.);
#8930 = DIRECTION('',(-0.866025403784,-0.5,6.123233995739E-17));
#8931 = ORIENTED_EDGE('',*,*,#8932,.F.);
#8932 = EDGE_CURVE('',#8933,#8925,#8935,.T.);
#8933 = VERTEX_POINT('',#8934);
#8934 = CARTESIAN_POINT('',(3.588333333333,-0.420726558991,7.37));
#8935 = CIRCLE('',#8936,0.4);
#8936 = AXIS2_PLACEMENT_3D('',#8937,#8938,#8939);
#8937 = CARTESIAN_POINT('',(3.188333333333,-0.420726558991,7.37));
#8938 = DIRECTION('',(0.,-1.224646799147E-16,-1.));
#8939 = DIRECTION('',(0.,1.,-1.224646799147E-16));
#8940 = ORIENTED_EDGE('',*,*,#8941,.F.);
#8941 = EDGE_CURVE('',#8942,#8933,#8944,.T.);
#8942 = VERTEX_POINT('',#8943);
#8943 = CARTESIAN_POINT('',(3.588333333333,0.148333333333,7.37));
#8944 = LINE('',#8945,#8946);
#8945 = CARTESIAN_POINT('',(3.588333333333,0.548333333333,7.37));
#8946 = VECTOR('',#8947,1.);
#8947 = DIRECTION('',(0.,-1.,1.224646799147E-16));
#8948 = ORIENTED_EDGE('',*,*,#8949,.F.);
#8949 = EDGE_CURVE('',#7682,#8942,#8950,.T.);
#8950 = CIRCLE('',#8951,0.4);
#8951 = AXIS2_PLACEMENT_3D('',#8952,#8953,#8954);
#8952 = CARTESIAN_POINT('',(3.188333333333,0.148333333333,7.37));
#8953 = DIRECTION('',(0.,-1.224646799147E-16,-1.));
#8954 = DIRECTION('',(0.,1.,-1.224646799147E-16));
#8955 = ORIENTED_EDGE('',*,*,#7681,.F.);
#8956 = ORIENTED_EDGE('',*,*,#8957,.T.);
#8957 = EDGE_CURVE('',#7674,#7770,#8958,.T.);
#8958 = CIRCLE('',#8959,0.4);
#8959 = AXIS2_PLACEMENT_3D('',#8960,#8961,#8962);
#8960 = CARTESIAN_POINT('',(-0.845,0.148333333333,7.37));
#8961 = DIRECTION('',(0.,1.224646799147E-16,1.));
#8962 = DIRECTION('',(0.,1.,-1.224646799147E-16));
#8963 = ORIENTED_EDGE('',*,*,#7769,.F.);
#8964 = ORIENTED_EDGE('',*,*,#8965,.F.);
#8965 = EDGE_CURVE('',#7746,#7762,#8966,.T.);
#8966 = CIRCLE('',#8967,0.4);
#8967 = AXIS2_PLACEMENT_3D('',#8968,#8969,#8970);
#8968 = CARTESIAN_POINT('',(-0.845,-3.538333333333,7.37));
#8969 = DIRECTION('',(-0.,-0.,-1.));
#8970 = DIRECTION('',(0.,-1.,0.));
#8971 = FACE_BOUND('',#8972,.T.);
#8972 = EDGE_LOOP('',(#8973,#8981,#8989,#8997,#9006,#9014,#9023,#9031,
    #9040,#9048,#9057,#9065,#9074,#9082,#9091));
#8973 = ORIENTED_EDGE('',*,*,#8974,.F.);
#8974 = EDGE_CURVE('',#8917,#8975,#8977,.T.);
#8975 = VERTEX_POINT('',#8976);
#8976 = CARTESIAN_POINT('',(1.58122699077,-1.348589838486,7.37));
#8977 = LINE('',#8978,#8979);
#8978 = CARTESIAN_POINT('',(1.78122699077,-1.695,7.37));
#8979 = VECTOR('',#8980,1.);
#8980 = DIRECTION('',(-0.5,0.866025403784,-1.060575238725E-16));
#8981 = ORIENTED_EDGE('',*,*,#8982,.T.);
#8982 = EDGE_CURVE('',#8917,#8983,#8985,.T.);
#8983 = VERTEX_POINT('',#8984);
#8984 = CARTESIAN_POINT('',(1.58122699077,-2.041410161514,7.37));
#8985 = LINE('',#8986,#8987);
#8986 = CARTESIAN_POINT('',(1.78122699077,-1.695,7.37));
#8987 = VECTOR('',#8988,1.);
#8988 = DIRECTION('',(-0.5,-0.866025403784,0.));
#8989 = ORIENTED_EDGE('',*,*,#8990,.T.);
#8990 = EDGE_CURVE('',#8983,#8991,#8993,.T.);
#8991 = VERTEX_POINT('',#8992);
#8992 = CARTESIAN_POINT('',(3.065128252576,-2.898140954469,7.37));
#8993 = LINE('',#8994,#8995);
#8994 = CARTESIAN_POINT('',(1.58122699077,-2.041410161514,7.37));
#8995 = VECTOR('',#8996,1.);
#8996 = DIRECTION('',(0.866025403784,-0.5,0.));
#8997 = ORIENTED_EDGE('',*,*,#8998,.T.);
#8998 = EDGE_CURVE('',#8991,#8999,#9001,.T.);
#8999 = VERTEX_POINT('',#9000);
#9000 = CARTESIAN_POINT('',(3.215128252576,-3.157948575604,7.37));
#9001 = CIRCLE('',#9002,0.3);
#9002 = AXIS2_PLACEMENT_3D('',#9003,#9004,#9005);
#9003 = CARTESIAN_POINT('',(2.915128252576,-3.157948575604,7.37));
#9004 = DIRECTION('',(-0.,-0.,-1.));
#9005 = DIRECTION('',(0.,-1.,0.));
#9006 = ORIENTED_EDGE('',*,*,#9007,.T.);
#9007 = EDGE_CURVE('',#8999,#9008,#9010,.T.);
#9008 = VERTEX_POINT('',#9009);
#9009 = CARTESIAN_POINT('',(3.215128252576,-3.238333333333,7.37));
#9010 = LINE('',#9011,#9012);
#9011 = CARTESIAN_POINT('',(3.215128252576,-2.984743494847,7.37));
#9012 = VECTOR('',#9013,1.);
#9013 = DIRECTION('',(0.,-1.,0.));
#9014 = ORIENTED_EDGE('',*,*,#9015,.T.);
#9015 = EDGE_CURVE('',#9008,#9016,#9018,.T.);
#9016 = VERTEX_POINT('',#9017);
#9017 = CARTESIAN_POINT('',(2.915128252576,-3.538333333333,7.37));
#9018 = CIRCLE('',#9019,0.3);
#9019 = AXIS2_PLACEMENT_3D('',#9020,#9021,#9022);
#9020 = CARTESIAN_POINT('',(2.915128252576,-3.238333333333,7.37));
#9021 = DIRECTION('',(-0.,-0.,-1.));
#9022 = DIRECTION('',(0.,-1.,0.));
#9023 = ORIENTED_EDGE('',*,*,#9024,.T.);
#9024 = EDGE_CURVE('',#9016,#9025,#9027,.T.);
#9025 = VERTEX_POINT('',#9026);
#9026 = CARTESIAN_POINT('',(-0.545,-3.538333333333,7.37));
#9027 = LINE('',#9028,#9029);
#9028 = CARTESIAN_POINT('',(3.215128252576,-3.538333333333,7.37));
#9029 = VECTOR('',#9030,1.);
#9030 = DIRECTION('',(-1.,0.,0.));
#9031 = ORIENTED_EDGE('',*,*,#9032,.T.);
#9032 = EDGE_CURVE('',#9025,#9033,#9035,.T.);
#9033 = VERTEX_POINT('',#9034);
#9034 = CARTESIAN_POINT('',(-0.845,-3.238333333333,7.37));
#9035 = CIRCLE('',#9036,0.3);
#9036 = AXIS2_PLACEMENT_3D('',#9037,#9038,#9039);
#9037 = CARTESIAN_POINT('',(-0.545,-3.238333333333,7.37));
#9038 = DIRECTION('',(-0.,-0.,-1.));
#9039 = DIRECTION('',(0.,-1.,0.));
#9040 = ORIENTED_EDGE('',*,*,#9041,.T.);
#9041 = EDGE_CURVE('',#9033,#9042,#9044,.T.);
#9042 = VERTEX_POINT('',#9043);
#9043 = CARTESIAN_POINT('',(-0.845,-0.151666666667,7.37));
#9044 = LINE('',#9045,#9046);
#9045 = CARTESIAN_POINT('',(-0.845,-3.538333333333,7.37));
#9046 = VECTOR('',#9047,1.);
#9047 = DIRECTION('',(0.,1.,0.));
#9048 = ORIENTED_EDGE('',*,*,#9049,.T.);
#9049 = EDGE_CURVE('',#9042,#9050,#9052,.T.);
#9050 = VERTEX_POINT('',#9051);
#9051 = CARTESIAN_POINT('',(-0.545,0.148333333333,7.37));
#9052 = CIRCLE('',#9053,0.3);
#9053 = AXIS2_PLACEMENT_3D('',#9054,#9055,#9056);
#9054 = CARTESIAN_POINT('',(-0.545,-0.151666666667,7.37));
#9055 = DIRECTION('',(0.,-1.224646799147E-16,-1.));
#9056 = DIRECTION('',(0.,1.,-1.224646799147E-16));
#9057 = ORIENTED_EDGE('',*,*,#9058,.F.);
#9058 = EDGE_CURVE('',#9059,#9050,#9061,.T.);
#9059 = VERTEX_POINT('',#9060);
#9060 = CARTESIAN_POINT('',(2.915128252576,0.148333333333,7.37));
#9061 = LINE('',#9062,#9063);
#9062 = CARTESIAN_POINT('',(3.215128252576,0.148333333333,7.37));
#9063 = VECTOR('',#9064,1.);
#9064 = DIRECTION('',(-1.,-0.,0.));
#9065 = ORIENTED_EDGE('',*,*,#9066,.F.);
#9066 = EDGE_CURVE('',#9067,#9059,#9069,.T.);
#9067 = VERTEX_POINT('',#9068);
#9068 = CARTESIAN_POINT('',(3.215128252576,-0.151666666667,7.37));
#9069 = CIRCLE('',#9070,0.3);
#9070 = AXIS2_PLACEMENT_3D('',#9071,#9072,#9073);
#9071 = CARTESIAN_POINT('',(2.915128252576,-0.151666666667,7.37));
#9072 = DIRECTION('',(0.,1.224646799147E-16,1.));
#9073 = DIRECTION('',(0.,1.,-1.224646799147E-16));
#9074 = ORIENTED_EDGE('',*,*,#9075,.F.);
#9075 = EDGE_CURVE('',#9076,#9067,#9078,.T.);
#9076 = VERTEX_POINT('',#9077);
#9077 = CARTESIAN_POINT('',(3.215128252576,-0.232051424396,7.37));
#9078 = LINE('',#9079,#9080);
#9079 = CARTESIAN_POINT('',(3.215128252576,-0.405256505153,7.37));
#9080 = VECTOR('',#9081,1.);
#9081 = DIRECTION('',(0.,1.,-1.224646799147E-16));
#9082 = ORIENTED_EDGE('',*,*,#9083,.F.);
#9083 = EDGE_CURVE('',#9084,#9076,#9086,.T.);
#9084 = VERTEX_POINT('',#9085);
#9085 = CARTESIAN_POINT('',(3.065128252576,-0.491859045531,7.37));
#9086 = CIRCLE('',#9087,0.3);
#9087 = AXIS2_PLACEMENT_3D('',#9088,#9089,#9090);
#9088 = CARTESIAN_POINT('',(2.915128252576,-0.232051424396,7.37));
#9089 = DIRECTION('',(0.,1.224646799147E-16,1.));
#9090 = DIRECTION('',(0.,1.,-1.224646799147E-16));
#9091 = ORIENTED_EDGE('',*,*,#9092,.F.);
#9092 = EDGE_CURVE('',#8975,#9084,#9093,.T.);
#9093 = LINE('',#9094,#9095);
#9094 = CARTESIAN_POINT('',(1.58122699077,-1.348589838486,7.37));
#9095 = VECTOR('',#9096,1.);
#9096 = DIRECTION('',(0.866025403784,0.5,-6.123233995739E-17));
#9097 = PLANE('',#9098);
#9098 = AXIS2_PLACEMENT_3D('',#9099,#9100,#9101);
#9099 = CARTESIAN_POINT('',(1.204223346422,-1.695,7.37));
#9100 = DIRECTION('',(-7.53695826919E-31,2.27526698301E-16,1.));
#9101 = DIRECTION('',(0.,1.,-2.27526698301E-16));
#9102 = ADVANCED_FACE('',(#9103),#9128,.T.);
#9103 = FACE_BOUND('',#9104,.T.);
#9104 = EDGE_LOOP('',(#9105,#9115,#9121,#9122));
#9105 = ORIENTED_EDGE('',*,*,#9106,.F.);
#9106 = EDGE_CURVE('',#9107,#9109,#9111,.T.);
#9107 = VERTEX_POINT('',#9108);
#9108 = CARTESIAN_POINT('',(3.588333333333,0.548333333333,3.685));
#9109 = VERTEX_POINT('',#9110);
#9110 = CARTESIAN_POINT('',(3.188333333333,0.548333333333,3.685));
#9111 = LINE('',#9112,#9113);
#9112 = CARTESIAN_POINT('',(3.588333333333,0.548333333333,3.685));
#9113 = VECTOR('',#9114,1.);
#9114 = DIRECTION('',(-1.,0.,0.));
#9115 = ORIENTED_EDGE('',*,*,#9116,.T.);
#9116 = EDGE_CURVE('',#9107,#7690,#9117,.T.);
#9117 = LINE('',#9118,#9119);
#9118 = CARTESIAN_POINT('',(3.588333333333,0.548333333333,3.685));
#9119 = VECTOR('',#9120,1.);
#9120 = DIRECTION('',(0.,0.,1.));
#9121 = ORIENTED_EDGE('',*,*,#7689,.F.);
#9122 = ORIENTED_EDGE('',*,*,#9123,.T.);
#9123 = EDGE_CURVE('',#7682,#9109,#9124,.T.);
#9124 = LINE('',#9125,#9126);
#9125 = CARTESIAN_POINT('',(3.188333333333,0.548333333333,7.37));
#9126 = VECTOR('',#9127,1.);
#9127 = DIRECTION('',(0.,-1.224646799147E-16,-1.));
#9128 = PLANE('',#9129);
#9129 = AXIS2_PLACEMENT_3D('',#9130,#9131,#9132);
#9130 = CARTESIAN_POINT('',(3.588333333333,0.548333333333,3.685));
#9131 = DIRECTION('',(0.,-1.,0.));
#9132 = DIRECTION('',(-1.,0.,0.));
#9133 = ADVANCED_FACE('',(#9134),#9159,.T.);
#9134 = FACE_BOUND('',#9135,.T.);
#9135 = EDGE_LOOP('',(#9136,#9146,#9152,#9153));
#9136 = ORIENTED_EDGE('',*,*,#9137,.F.);
#9137 = EDGE_CURVE('',#9138,#9140,#9142,.T.);
#9138 = VERTEX_POINT('',#9139);
#9139 = CARTESIAN_POINT('',(-1.245,-3.538333333333,3.685));
#9140 = VERTEX_POINT('',#9141);
#9141 = CARTESIAN_POINT('',(-1.245,-3.938333333333,3.685));
#9142 = LINE('',#9143,#9144);
#9143 = CARTESIAN_POINT('',(-1.245,0.548333333333,3.685));
#9144 = VECTOR('',#9145,1.);
#9145 = DIRECTION('',(0.,-1.,0.));
#9146 = ORIENTED_EDGE('',*,*,#9147,.T.);
#9147 = EDGE_CURVE('',#9138,#7762,#9148,.T.);
#9148 = LINE('',#9149,#9150);
#9149 = CARTESIAN_POINT('',(-1.245,-3.538333333333,-4.513779498112E-34)
  );
#9150 = VECTOR('',#9151,1.);
#9151 = DIRECTION('',(0.,0.,1.));
#9152 = ORIENTED_EDGE('',*,*,#7761,.F.);
#9153 = ORIENTED_EDGE('',*,*,#9154,.F.);
#9154 = EDGE_CURVE('',#9140,#7754,#9155,.T.);
#9155 = LINE('',#9156,#9157);
#9156 = CARTESIAN_POINT('',(-1.245,-3.938333333333,3.685));
#9157 = VECTOR('',#9158,1.);
#9158 = DIRECTION('',(0.,0.,1.));
#9159 = PLANE('',#9160);
#9160 = AXIS2_PLACEMENT_3D('',#9161,#9162,#9163);
#9161 = CARTESIAN_POINT('',(-1.245,0.548333333333,3.685));
#9162 = DIRECTION('',(1.,0.,0.));
#9163 = DIRECTION('',(0.,-1.,0.));
#9164 = ADVANCED_FACE('',(#9165),#9183,.T.);
#9165 = FACE_BOUND('',#9166,.T.);
#9166 = EDGE_LOOP('',(#9167,#9175,#9181,#9182));
#9167 = ORIENTED_EDGE('',*,*,#9168,.F.);
#9168 = EDGE_CURVE('',#9169,#9107,#9171,.T.);
#9169 = VERTEX_POINT('',#9170);
#9170 = CARTESIAN_POINT('',(3.588333333333,0.298333333333,3.685));
#9171 = LINE('',#9172,#9173);
#9172 = CARTESIAN_POINT('',(3.588333333333,-3.938333333333,3.685));
#9173 = VECTOR('',#9174,1.);
#9174 = DIRECTION('',(0.,1.,0.));
#9175 = ORIENTED_EDGE('',*,*,#9176,.T.);
#9176 = EDGE_CURVE('',#9169,#7698,#9177,.T.);
#9177 = LINE('',#9178,#9179);
#9178 = CARTESIAN_POINT('',(3.588333333333,0.298333333333,3.685));
#9179 = VECTOR('',#9180,1.);
#9180 = DIRECTION('',(0.,0.,1.));
#9181 = ORIENTED_EDGE('',*,*,#7697,.F.);
#9182 = ORIENTED_EDGE('',*,*,#9116,.F.);
#9183 = PLANE('',#9184);
#9184 = AXIS2_PLACEMENT_3D('',#9185,#9186,#9187);
#9185 = CARTESIAN_POINT('',(3.588333333333,-3.938333333333,3.685));
#9186 = DIRECTION('',(-1.,0.,0.));
#9187 = DIRECTION('',(0.,1.,0.));
#9188 = ADVANCED_FACE('',(#9189),#9207,.T.);
#9189 = FACE_BOUND('',#9190,.T.);
#9190 = EDGE_LOOP('',(#9191,#9199,#9200,#9201));
#9191 = ORIENTED_EDGE('',*,*,#9192,.F.);
#9192 = EDGE_CURVE('',#9140,#9193,#9195,.T.);
#9193 = VERTEX_POINT('',#9194);
#9194 = CARTESIAN_POINT('',(-0.845,-3.938333333333,3.685));
#9195 = LINE('',#9196,#9197);
#9196 = CARTESIAN_POINT('',(-1.245,-3.938333333333,3.685));
#9197 = VECTOR('',#9198,1.);
#9198 = DIRECTION('',(1.,0.,0.));
#9199 = ORIENTED_EDGE('',*,*,#9154,.T.);
#9200 = ORIENTED_EDGE('',*,*,#7753,.F.);
#9201 = ORIENTED_EDGE('',*,*,#9202,.F.);
#9202 = EDGE_CURVE('',#9193,#7746,#9203,.T.);
#9203 = LINE('',#9204,#9205);
#9204 = CARTESIAN_POINT('',(-0.845,-3.938333333333,-4.513779498112E-34)
  );
#9205 = VECTOR('',#9206,1.);
#9206 = DIRECTION('',(0.,0.,1.));
#9207 = PLANE('',#9208);
#9208 = AXIS2_PLACEMENT_3D('',#9209,#9210,#9211);
#9209 = CARTESIAN_POINT('',(-1.245,-3.938333333333,3.685));
#9210 = DIRECTION('',(0.,1.,0.));
#9211 = DIRECTION('',(1.,0.,0.));
#9212 = ADVANCED_FACE('',(#9213),#9231,.T.);
#9213 = FACE_BOUND('',#9214,.T.);
#9214 = EDGE_LOOP('',(#9215,#9223,#9229,#9230));
#9215 = ORIENTED_EDGE('',*,*,#9216,.F.);
#9216 = EDGE_CURVE('',#9217,#9169,#9219,.T.);
#9217 = VERTEX_POINT('',#9218);
#9218 = CARTESIAN_POINT('',(4.088333333333,0.298333333333,3.685));
#9219 = LINE('',#9220,#9221);
#9220 = CARTESIAN_POINT('',(4.088333333333,0.298333333333,3.685));
#9221 = VECTOR('',#9222,1.);
#9222 = DIRECTION('',(-1.,0.,0.));
#9223 = ORIENTED_EDGE('',*,*,#9224,.T.);
#9224 = EDGE_CURVE('',#9217,#7706,#9225,.T.);
#9225 = LINE('',#9226,#9227);
#9226 = CARTESIAN_POINT('',(4.088333333333,0.298333333333,3.685));
#9227 = VECTOR('',#9228,1.);
#9228 = DIRECTION('',(0.,0.,1.));
#9229 = ORIENTED_EDGE('',*,*,#7705,.F.);
#9230 = ORIENTED_EDGE('',*,*,#9176,.F.);
#9231 = PLANE('',#9232);
#9232 = AXIS2_PLACEMENT_3D('',#9233,#9234,#9235);
#9233 = CARTESIAN_POINT('',(4.088333333333,0.298333333333,3.685));
#9234 = DIRECTION('',(0.,-1.,0.));
#9235 = DIRECTION('',(-1.,0.,0.));
#9236 = ADVANCED_FACE('',(#9237),#9255,.T.);
#9237 = FACE_BOUND('',#9238,.T.);
#9238 = EDGE_LOOP('',(#9239,#9247,#9253,#9254));
#9239 = ORIENTED_EDGE('',*,*,#9240,.F.);
#9240 = EDGE_CURVE('',#9241,#9217,#9243,.T.);
#9241 = VERTEX_POINT('',#9242);
#9242 = CARTESIAN_POINT('',(4.088333333333,-3.688333333333,3.685));
#9243 = LINE('',#9244,#9245);
#9244 = CARTESIAN_POINT('',(4.088333333333,-3.688333333333,3.685));
#9245 = VECTOR('',#9246,1.);
#9246 = DIRECTION('',(0.,1.,0.));
#9247 = ORIENTED_EDGE('',*,*,#9248,.T.);
#9248 = EDGE_CURVE('',#9241,#7714,#9249,.T.);
#9249 = LINE('',#9250,#9251);
#9250 = CARTESIAN_POINT('',(4.088333333333,-3.688333333333,3.685));
#9251 = VECTOR('',#9252,1.);
#9252 = DIRECTION('',(0.,0.,1.));
#9253 = ORIENTED_EDGE('',*,*,#7713,.F.);
#9254 = ORIENTED_EDGE('',*,*,#9224,.F.);
#9255 = PLANE('',#9256);
#9256 = AXIS2_PLACEMENT_3D('',#9257,#9258,#9259);
#9257 = CARTESIAN_POINT('',(4.088333333333,-3.688333333333,3.685));
#9258 = DIRECTION('',(-1.,0.,0.));
#9259 = DIRECTION('',(0.,1.,0.));
#9260 = ADVANCED_FACE('',(#9261),#9286,.T.);
#9261 = FACE_BOUND('',#9262,.T.);
#9262 = EDGE_LOOP('',(#9263,#9273,#9279,#9280));
#9263 = ORIENTED_EDGE('',*,*,#9264,.F.);
#9264 = EDGE_CURVE('',#9265,#9267,#9269,.T.);
#9265 = VERTEX_POINT('',#9266);
#9266 = CARTESIAN_POINT('',(3.188333333333,-3.938333333333,3.685));
#9267 = VERTEX_POINT('',#9268);
#9268 = CARTESIAN_POINT('',(3.588333333333,-3.938333333333,3.685));
#9269 = LINE('',#9270,#9271);
#9270 = CARTESIAN_POINT('',(-1.245,-3.938333333333,3.685));
#9271 = VECTOR('',#9272,1.);
#9272 = DIRECTION('',(1.,0.,0.));
#9273 = ORIENTED_EDGE('',*,*,#9274,.T.);
#9274 = EDGE_CURVE('',#9265,#7738,#9275,.T.);
#9275 = LINE('',#9276,#9277);
#9276 = CARTESIAN_POINT('',(3.188333333333,-3.938333333333,0.));
#9277 = VECTOR('',#9278,1.);
#9278 = DIRECTION('',(0.,0.,1.));
#9279 = ORIENTED_EDGE('',*,*,#7737,.F.);
#9280 = ORIENTED_EDGE('',*,*,#9281,.F.);
#9281 = EDGE_CURVE('',#9267,#7730,#9282,.T.);
#9282 = LINE('',#9283,#9284);
#9283 = CARTESIAN_POINT('',(3.588333333333,-3.938333333333,3.685));
#9284 = VECTOR('',#9285,1.);
#9285 = DIRECTION('',(0.,0.,1.));
#9286 = PLANE('',#9287);
#9287 = AXIS2_PLACEMENT_3D('',#9288,#9289,#9290);
#9288 = CARTESIAN_POINT('',(-1.245,-3.938333333333,3.685));
#9289 = DIRECTION('',(0.,1.,0.));
#9290 = DIRECTION('',(1.,0.,0.));
#9291 = ADVANCED_FACE('',(#9292),#9310,.T.);
#9292 = FACE_BOUND('',#9293,.T.);
#9293 = EDGE_LOOP('',(#9294,#9302,#9308,#9309));
#9294 = ORIENTED_EDGE('',*,*,#9295,.F.);
#9295 = EDGE_CURVE('',#9296,#9241,#9298,.T.);
#9296 = VERTEX_POINT('',#9297);
#9297 = CARTESIAN_POINT('',(3.588333333333,-3.688333333333,3.685));
#9298 = LINE('',#9299,#9300);
#9299 = CARTESIAN_POINT('',(3.588333333333,-3.688333333333,3.685));
#9300 = VECTOR('',#9301,1.);
#9301 = DIRECTION('',(1.,0.,0.));
#9302 = ORIENTED_EDGE('',*,*,#9303,.T.);
#9303 = EDGE_CURVE('',#9296,#7722,#9304,.T.);
#9304 = LINE('',#9305,#9306);
#9305 = CARTESIAN_POINT('',(3.588333333333,-3.688333333333,3.685));
#9306 = VECTOR('',#9307,1.);
#9307 = DIRECTION('',(0.,0.,1.));
#9308 = ORIENTED_EDGE('',*,*,#7721,.F.);
#9309 = ORIENTED_EDGE('',*,*,#9248,.F.);
#9310 = PLANE('',#9311);
#9311 = AXIS2_PLACEMENT_3D('',#9312,#9313,#9314);
#9312 = CARTESIAN_POINT('',(3.588333333333,-3.688333333333,3.685));
#9313 = DIRECTION('',(0.,1.,0.));
#9314 = DIRECTION('',(1.,0.,0.));
#9315 = ADVANCED_FACE('',(#9316),#9327,.T.);
#9316 = FACE_BOUND('',#9317,.T.);
#9317 = EDGE_LOOP('',(#9318,#9324,#9325,#9326));
#9318 = ORIENTED_EDGE('',*,*,#9319,.F.);
#9319 = EDGE_CURVE('',#9267,#9296,#9320,.T.);
#9320 = LINE('',#9321,#9322);
#9321 = CARTESIAN_POINT('',(3.588333333333,-3.938333333333,3.685));
#9322 = VECTOR('',#9323,1.);
#9323 = DIRECTION('',(0.,1.,0.));
#9324 = ORIENTED_EDGE('',*,*,#9281,.T.);
#9325 = ORIENTED_EDGE('',*,*,#7729,.F.);
#9326 = ORIENTED_EDGE('',*,*,#9303,.F.);
#9327 = PLANE('',#9328);
#9328 = AXIS2_PLACEMENT_3D('',#9329,#9330,#9331);
#9329 = CARTESIAN_POINT('',(3.588333333333,-3.938333333333,3.685));
#9330 = DIRECTION('',(-1.,0.,0.));
#9331 = DIRECTION('',(0.,1.,0.));
#9332 = ADVANCED_FACE('',(#9333),#9338,.T.);
#9333 = FACE_BOUND('',#9334,.T.);
#9334 = EDGE_LOOP('',(#9335,#9336,#9337));
#9335 = ORIENTED_EDGE('',*,*,#8273,.F.);
#9336 = ORIENTED_EDGE('',*,*,#7815,.T.);
#9337 = ORIENTED_EDGE('',*,*,#8317,.T.);
#9338 = SPHERICAL_SURFACE('',#9339,0.2);
#9339 = AXIS2_PLACEMENT_3D('',#9340,#9341,#9342);
#9340 = CARTESIAN_POINT('',(-2.84,1.47,7.17));
#9341 = DIRECTION('',(0.,0.,1.));
#9342 = DIRECTION('',(-4.440892098501E-15,1.,0.));
#9343 = ADVANCED_FACE('',(#9344),#9349,.T.);
#9344 = FACE_BOUND('',#9345,.T.);
#9345 = EDGE_LOOP('',(#9346,#9347,#9348));
#9346 = ORIENTED_EDGE('',*,*,#8309,.F.);
#9347 = ORIENTED_EDGE('',*,*,#7840,.T.);
#9348 = ORIENTED_EDGE('',*,*,#8293,.T.);
#9349 = SPHERICAL_SURFACE('',#9350,0.2);
#9350 = AXIS2_PLACEMENT_3D('',#9351,#9352,#9353);
#9351 = CARTESIAN_POINT('',(-2.84,-4.86,7.17));
#9352 = DIRECTION('',(0.,0.,1.));
#9353 = DIRECTION('',(-1.,0.,0.));
#9354 = ADVANCED_FACE('',(#9355),#9416,.F.);
#9355 = FACE_BOUND('',#9356,.F.);
#9356 = EDGE_LOOP('',(#9357,#9358,#9359,#9360,#9361,#9362,#9363,#9364,
    #9372,#9380,#9386,#9387,#9388,#9389,#9397,#9405,#9411,#9412,#9413,
    #9414,#9415));
#9357 = ORIENTED_EDGE('',*,*,#7897,.F.);
#9358 = ORIENTED_EDGE('',*,*,#7905,.T.);
#9359 = ORIENTED_EDGE('',*,*,#7913,.T.);
#9360 = ORIENTED_EDGE('',*,*,#7921,.T.);
#9361 = ORIENTED_EDGE('',*,*,#7930,.T.);
#9362 = ORIENTED_EDGE('',*,*,#7938,.T.);
#9363 = ORIENTED_EDGE('',*,*,#7947,.T.);
#9364 = ORIENTED_EDGE('',*,*,#9365,.F.);
#9365 = EDGE_CURVE('',#9366,#7948,#9368,.T.);
#9366 = VERTEX_POINT('',#9367);
#9367 = CARTESIAN_POINT('',(0.785,-0.2,0.));
#9368 = LINE('',#9369,#9370);
#9369 = CARTESIAN_POINT('',(0.785,-0.2,0.));
#9370 = VECTOR('',#9371,1.);
#9371 = DIRECTION('',(0.,1.,0.));
#9372 = ORIENTED_EDGE('',*,*,#9373,.F.);
#9373 = EDGE_CURVE('',#9374,#9366,#9376,.T.);
#9374 = VERTEX_POINT('',#9375);
#9375 = CARTESIAN_POINT('',(-0.785,-0.2,0.));
#9376 = LINE('',#9377,#9378);
#9377 = CARTESIAN_POINT('',(-0.785,-0.2,0.));
#9378 = VECTOR('',#9379,1.);
#9379 = DIRECTION('',(1.,0.,0.));
#9380 = ORIENTED_EDGE('',*,*,#9381,.F.);
#9381 = EDGE_CURVE('',#7972,#9374,#9382,.T.);
#9382 = LINE('',#9383,#9384);
#9383 = CARTESIAN_POINT('',(-0.785,0.2,0.));
#9384 = VECTOR('',#9385,1.);
#9385 = DIRECTION('',(0.,-1.,0.));
#9386 = ORIENTED_EDGE('',*,*,#7979,.F.);
#9387 = ORIENTED_EDGE('',*,*,#7988,.T.);
#9388 = ORIENTED_EDGE('',*,*,#7996,.F.);
#9389 = ORIENTED_EDGE('',*,*,#9390,.F.);
#9390 = EDGE_CURVE('',#9391,#7997,#9393,.T.);
#9391 = VERTEX_POINT('',#9392);
#9392 = CARTESIAN_POINT('',(-0.785,-3.2,0.));
#9393 = LINE('',#9394,#9395);
#9394 = CARTESIAN_POINT('',(-0.785,-3.2,0.));
#9395 = VECTOR('',#9396,1.);
#9396 = DIRECTION('',(0.,-1.,0.));
#9397 = ORIENTED_EDGE('',*,*,#9398,.F.);
#9398 = EDGE_CURVE('',#9399,#9391,#9401,.T.);
#9399 = VERTEX_POINT('',#9400);
#9400 = CARTESIAN_POINT('',(0.785,-3.2,0.));
#9401 = LINE('',#9402,#9403);
#9402 = CARTESIAN_POINT('',(0.785,-3.2,0.));
#9403 = VECTOR('',#9404,1.);
#9404 = DIRECTION('',(-1.,0.,0.));
#9405 = ORIENTED_EDGE('',*,*,#9406,.F.);
#9406 = EDGE_CURVE('',#8022,#9399,#9407,.T.);
#9407 = LINE('',#9408,#9409);
#9408 = CARTESIAN_POINT('',(0.785,-3.6,0.));
#9409 = VECTOR('',#9410,1.);
#9410 = DIRECTION('',(0.,1.,0.));
#9411 = ORIENTED_EDGE('',*,*,#8029,.F.);
#9412 = ORIENTED_EDGE('',*,*,#8037,.F.);
#9413 = ORIENTED_EDGE('',*,*,#8046,.F.);
#9414 = ORIENTED_EDGE('',*,*,#8054,.F.);
#9415 = ORIENTED_EDGE('',*,*,#8063,.F.);
#9416 = PLANE('',#9417);
#9417 = AXIS2_PLACEMENT_3D('',#9418,#9419,#9420);
#9418 = CARTESIAN_POINT('',(4.96,-1.695,0.));
#9419 = DIRECTION('',(0.,0.,1.));
#9420 = DIRECTION('',(1.,0.,-0.));
#9421 = ADVANCED_FACE('',(#9422),#9448,.T.);
#9422 = FACE_BOUND('',#9423,.T.);
#9423 = EDGE_LOOP('',(#9424,#9432,#9440,#9446,#9447));
#9424 = ORIENTED_EDGE('',*,*,#9425,.T.);
#9425 = EDGE_CURVE('',#8014,#9426,#9428,.T.);
#9426 = VERTEX_POINT('',#9427);
#9427 = CARTESIAN_POINT('',(0.785,-3.6,-2.3975));
#9428 = LINE('',#9429,#9430);
#9429 = CARTESIAN_POINT('',(0.785,-3.6,0.));
#9430 = VECTOR('',#9431,1.);
#9431 = DIRECTION('',(-0.,-0.,-1.));
#9432 = ORIENTED_EDGE('',*,*,#9433,.T.);
#9433 = EDGE_CURVE('',#9426,#9434,#9436,.T.);
#9434 = VERTEX_POINT('',#9435);
#9435 = CARTESIAN_POINT('',(0.785,-3.2,-2.3975));
#9436 = LINE('',#9437,#9438);
#9437 = CARTESIAN_POINT('',(0.785,-3.6,-2.3975));
#9438 = VECTOR('',#9439,1.);
#9439 = DIRECTION('',(0.,1.,0.));
#9440 = ORIENTED_EDGE('',*,*,#9441,.F.);
#9441 = EDGE_CURVE('',#9399,#9434,#9442,.T.);
#9442 = LINE('',#9443,#9444);
#9443 = CARTESIAN_POINT('',(0.785,-3.2,0.));
#9444 = VECTOR('',#9445,1.);
#9445 = DIRECTION('',(-0.,-0.,-1.));
#9446 = ORIENTED_EDGE('',*,*,#9406,.F.);
#9447 = ORIENTED_EDGE('',*,*,#8021,.F.);
#9448 = PLANE('',#9449);
#9449 = AXIS2_PLACEMENT_3D('',#9450,#9451,#9452);
#9450 = CARTESIAN_POINT('',(0.785,-3.6,0.));
#9451 = DIRECTION('',(1.,0.,0.));
#9452 = DIRECTION('',(-0.,1.,0.));
#9453 = ADVANCED_FACE('',(#9454),#9488,.T.);
#9454 = FACE_BOUND('',#9455,.T.);
#9455 = EDGE_LOOP('',(#9456,#9466,#9472,#9473,#9474,#9482));
#9456 = ORIENTED_EDGE('',*,*,#9457,.T.);
#9457 = EDGE_CURVE('',#9458,#9460,#9462,.T.);
#9458 = VERTEX_POINT('',#9459);
#9459 = CARTESIAN_POINT('',(-0.3925,-3.6,-2.79));
#9460 = VERTEX_POINT('',#9461);
#9461 = CARTESIAN_POINT('',(0.3925,-3.6,-2.79));
#9462 = LINE('',#9463,#9464);
#9463 = CARTESIAN_POINT('',(-0.785,-3.6,-2.79));
#9464 = VECTOR('',#9465,1.);
#9465 = DIRECTION('',(1.,0.,0.));
#9466 = ORIENTED_EDGE('',*,*,#9467,.T.);
#9467 = EDGE_CURVE('',#9460,#9426,#9468,.T.);
#9468 = LINE('',#9469,#9470);
#9469 = CARTESIAN_POINT('',(0.89375,-3.6,-2.28875));
#9470 = VECTOR('',#9471,1.);
#9471 = DIRECTION('',(0.707106781187,0.,0.707106781187));
#9472 = ORIENTED_EDGE('',*,*,#9425,.F.);
#9473 = ORIENTED_EDGE('',*,*,#8013,.F.);
#9474 = ORIENTED_EDGE('',*,*,#9475,.T.);
#9475 = EDGE_CURVE('',#8006,#9476,#9478,.T.);
#9476 = VERTEX_POINT('',#9477);
#9477 = CARTESIAN_POINT('',(-0.785,-3.6,-2.3975));
#9478 = LINE('',#9479,#9480);
#9479 = CARTESIAN_POINT('',(-0.785,-3.6,0.));
#9480 = VECTOR('',#9481,1.);
#9481 = DIRECTION('',(-0.,-0.,-1.));
#9482 = ORIENTED_EDGE('',*,*,#9483,.T.);
#9483 = EDGE_CURVE('',#9476,#9458,#9484,.T.);
#9484 = LINE('',#9485,#9486);
#9485 = CARTESIAN_POINT('',(-1.28625,-3.6,-1.89625));
#9486 = VECTOR('',#9487,1.);
#9487 = DIRECTION('',(0.707106781187,0.,-0.707106781187));
#9488 = PLANE('',#9489);
#9489 = AXIS2_PLACEMENT_3D('',#9490,#9491,#9492);
#9490 = CARTESIAN_POINT('',(-0.785,-3.6,0.));
#9491 = DIRECTION('',(0.,-1.,0.));
#9492 = DIRECTION('',(1.,0.,0.));
#9493 = ADVANCED_FACE('',(#9494),#9513,.T.);
#9494 = FACE_BOUND('',#9495,.T.);
#9495 = EDGE_LOOP('',(#9496,#9504,#9510,#9511,#9512));
#9496 = ORIENTED_EDGE('',*,*,#9497,.T.);
#9497 = EDGE_CURVE('',#9391,#9498,#9500,.T.);
#9498 = VERTEX_POINT('',#9499);
#9499 = CARTESIAN_POINT('',(-0.785,-3.2,-2.3975));
#9500 = LINE('',#9501,#9502);
#9501 = CARTESIAN_POINT('',(-0.785,-3.2,0.));
#9502 = VECTOR('',#9503,1.);
#9503 = DIRECTION('',(-0.,-0.,-1.));
#9504 = ORIENTED_EDGE('',*,*,#9505,.T.);
#9505 = EDGE_CURVE('',#9498,#9476,#9506,.T.);
#9506 = LINE('',#9507,#9508);
#9507 = CARTESIAN_POINT('',(-0.785,-3.2,-2.3975));
#9508 = VECTOR('',#9509,1.);
#9509 = DIRECTION('',(0.,-1.,0.));
#9510 = ORIENTED_EDGE('',*,*,#9475,.F.);
#9511 = ORIENTED_EDGE('',*,*,#8005,.F.);
#9512 = ORIENTED_EDGE('',*,*,#9390,.F.);
#9513 = PLANE('',#9514);
#9514 = AXIS2_PLACEMENT_3D('',#9515,#9516,#9517);
#9515 = CARTESIAN_POINT('',(-0.785,-3.2,0.));
#9516 = DIRECTION('',(-1.,0.,0.));
#9517 = DIRECTION('',(0.,-1.,0.));
#9518 = ADVANCED_FACE('',(#9519),#9545,.T.);
#9519 = FACE_BOUND('',#9520,.T.);
#9520 = EDGE_LOOP('',(#9521,#9529,#9537,#9543,#9544));
#9521 = ORIENTED_EDGE('',*,*,#9522,.T.);
#9522 = EDGE_CURVE('',#7964,#9523,#9525,.T.);
#9523 = VERTEX_POINT('',#9524);
#9524 = CARTESIAN_POINT('',(-0.785,0.2,-2.3975));
#9525 = LINE('',#9526,#9527);
#9526 = CARTESIAN_POINT('',(-0.785,0.2,0.));
#9527 = VECTOR('',#9528,1.);
#9528 = DIRECTION('',(-0.,-0.,-1.));
#9529 = ORIENTED_EDGE('',*,*,#9530,.T.);
#9530 = EDGE_CURVE('',#9523,#9531,#9533,.T.);
#9531 = VERTEX_POINT('',#9532);
#9532 = CARTESIAN_POINT('',(-0.785,-0.2,-2.3975));
#9533 = LINE('',#9534,#9535);
#9534 = CARTESIAN_POINT('',(-0.785,0.2,-2.3975));
#9535 = VECTOR('',#9536,1.);
#9536 = DIRECTION('',(0.,-1.,0.));
#9537 = ORIENTED_EDGE('',*,*,#9538,.F.);
#9538 = EDGE_CURVE('',#9374,#9531,#9539,.T.);
#9539 = LINE('',#9540,#9541);
#9540 = CARTESIAN_POINT('',(-0.785,-0.2,0.));
#9541 = VECTOR('',#9542,1.);
#9542 = DIRECTION('',(-0.,-0.,-1.));
#9543 = ORIENTED_EDGE('',*,*,#9381,.F.);
#9544 = ORIENTED_EDGE('',*,*,#7971,.F.);
#9545 = PLANE('',#9546);
#9546 = AXIS2_PLACEMENT_3D('',#9547,#9548,#9549);
#9547 = CARTESIAN_POINT('',(-0.785,0.2,0.));
#9548 = DIRECTION('',(-1.,0.,0.));
#9549 = DIRECTION('',(0.,-1.,0.));
#9550 = ADVANCED_FACE('',(#9551),#9585,.T.);
#9551 = FACE_BOUND('',#9552,.T.);
#9552 = EDGE_LOOP('',(#9553,#9563,#9569,#9570,#9571,#9579));
#9553 = ORIENTED_EDGE('',*,*,#9554,.T.);
#9554 = EDGE_CURVE('',#9555,#9557,#9559,.T.);
#9555 = VERTEX_POINT('',#9556);
#9556 = CARTESIAN_POINT('',(0.3925,0.2,-2.79));
#9557 = VERTEX_POINT('',#9558);
#9558 = CARTESIAN_POINT('',(-0.3925,0.2,-2.79));
#9559 = LINE('',#9560,#9561);
#9560 = CARTESIAN_POINT('',(0.785,0.2,-2.79));
#9561 = VECTOR('',#9562,1.);
#9562 = DIRECTION('',(-1.,0.,0.));
#9563 = ORIENTED_EDGE('',*,*,#9564,.F.);
#9564 = EDGE_CURVE('',#9523,#9557,#9565,.T.);
#9565 = LINE('',#9566,#9567);
#9566 = CARTESIAN_POINT('',(-0.89375,0.2,-2.28875));
#9567 = VECTOR('',#9568,1.);
#9568 = DIRECTION('',(0.707106781187,0.,-0.707106781187));
#9569 = ORIENTED_EDGE('',*,*,#9522,.F.);
#9570 = ORIENTED_EDGE('',*,*,#7963,.F.);
#9571 = ORIENTED_EDGE('',*,*,#9572,.T.);
#9572 = EDGE_CURVE('',#7956,#9573,#9575,.T.);
#9573 = VERTEX_POINT('',#9574);
#9574 = CARTESIAN_POINT('',(0.785,0.2,-2.3975));
#9575 = LINE('',#9576,#9577);
#9576 = CARTESIAN_POINT('',(0.785,0.2,0.));
#9577 = VECTOR('',#9578,1.);
#9578 = DIRECTION('',(-0.,-0.,-1.));
#9579 = ORIENTED_EDGE('',*,*,#9580,.F.);
#9580 = EDGE_CURVE('',#9555,#9573,#9581,.T.);
#9581 = LINE('',#9582,#9583);
#9582 = CARTESIAN_POINT('',(1.28625,0.2,-1.89625));
#9583 = VECTOR('',#9584,1.);
#9584 = DIRECTION('',(0.707106781187,0.,0.707106781187));
#9585 = PLANE('',#9586);
#9586 = AXIS2_PLACEMENT_3D('',#9587,#9588,#9589);
#9587 = CARTESIAN_POINT('',(0.785,0.2,0.));
#9588 = DIRECTION('',(0.,1.,0.));
#9589 = DIRECTION('',(-1.,0.,0.));
#9590 = ADVANCED_FACE('',(#9591),#9610,.T.);
#9591 = FACE_BOUND('',#9592,.T.);
#9592 = EDGE_LOOP('',(#9593,#9601,#9607,#9608,#9609));
#9593 = ORIENTED_EDGE('',*,*,#9594,.T.);
#9594 = EDGE_CURVE('',#9366,#9595,#9597,.T.);
#9595 = VERTEX_POINT('',#9596);
#9596 = CARTESIAN_POINT('',(0.785,-0.2,-2.3975));
#9597 = LINE('',#9598,#9599);
#9598 = CARTESIAN_POINT('',(0.785,-0.2,0.));
#9599 = VECTOR('',#9600,1.);
#9600 = DIRECTION('',(-0.,-0.,-1.));
#9601 = ORIENTED_EDGE('',*,*,#9602,.T.);
#9602 = EDGE_CURVE('',#9595,#9573,#9603,.T.);
#9603 = LINE('',#9604,#9605);
#9604 = CARTESIAN_POINT('',(0.785,-0.2,-2.3975));
#9605 = VECTOR('',#9606,1.);
#9606 = DIRECTION('',(0.,1.,0.));
#9607 = ORIENTED_EDGE('',*,*,#9572,.F.);
#9608 = ORIENTED_EDGE('',*,*,#7955,.F.);
#9609 = ORIENTED_EDGE('',*,*,#9365,.F.);
#9610 = PLANE('',#9611);
#9611 = AXIS2_PLACEMENT_3D('',#9612,#9613,#9614);
#9612 = CARTESIAN_POINT('',(0.785,-0.2,0.));
#9613 = DIRECTION('',(1.,0.,0.));
#9614 = DIRECTION('',(-0.,1.,0.));
#9615 = ADVANCED_FACE('',(#9616),#9677,.F.);
#9616 = FACE_BOUND('',#9617,.F.);
#9617 = EDGE_LOOP('',(#9618,#9619,#9620,#9621,#9622,#9623,#9624,#9625,
    #9633,#9641,#9647,#9648,#9649,#9650,#9658,#9666,#9672,#9673,#9674,
    #9675,#9676));
#9618 = ORIENTED_EDGE('',*,*,#8092,.F.);
#9619 = ORIENTED_EDGE('',*,*,#8100,.T.);
#9620 = ORIENTED_EDGE('',*,*,#8108,.T.);
#9621 = ORIENTED_EDGE('',*,*,#8116,.T.);
#9622 = ORIENTED_EDGE('',*,*,#8125,.T.);
#9623 = ORIENTED_EDGE('',*,*,#8133,.T.);
#9624 = ORIENTED_EDGE('',*,*,#8142,.T.);
#9625 = ORIENTED_EDGE('',*,*,#9626,.F.);
#9626 = EDGE_CURVE('',#9627,#8143,#9629,.T.);
#9627 = VERTEX_POINT('',#9628);
#9628 = CARTESIAN_POINT('',(9.135,-3.2,0.));
#9629 = LINE('',#9630,#9631);
#9630 = CARTESIAN_POINT('',(9.135,-3.2,0.));
#9631 = VECTOR('',#9632,1.);
#9632 = DIRECTION('',(0.,-1.,0.));
#9633 = ORIENTED_EDGE('',*,*,#9634,.F.);
#9634 = EDGE_CURVE('',#9635,#9627,#9637,.T.);
#9635 = VERTEX_POINT('',#9636);
#9636 = CARTESIAN_POINT('',(10.705,-3.2,0.));
#9637 = LINE('',#9638,#9639);
#9638 = CARTESIAN_POINT('',(10.705,-3.2,0.));
#9639 = VECTOR('',#9640,1.);
#9640 = DIRECTION('',(-1.,0.,0.));
#9641 = ORIENTED_EDGE('',*,*,#9642,.F.);
#9642 = EDGE_CURVE('',#8167,#9635,#9643,.T.);
#9643 = LINE('',#9644,#9645);
#9644 = CARTESIAN_POINT('',(10.705,-3.6,0.));
#9645 = VECTOR('',#9646,1.);
#9646 = DIRECTION('',(0.,1.,0.));
#9647 = ORIENTED_EDGE('',*,*,#8174,.F.);
#9648 = ORIENTED_EDGE('',*,*,#8183,.T.);
#9649 = ORIENTED_EDGE('',*,*,#8191,.F.);
#9650 = ORIENTED_EDGE('',*,*,#9651,.F.);
#9651 = EDGE_CURVE('',#9652,#8192,#9654,.T.);
#9652 = VERTEX_POINT('',#9653);
#9653 = CARTESIAN_POINT('',(10.705,-0.2,0.));
#9654 = LINE('',#9655,#9656);
#9655 = CARTESIAN_POINT('',(10.705,-0.2,0.));
#9656 = VECTOR('',#9657,1.);
#9657 = DIRECTION('',(0.,1.,0.));
#9658 = ORIENTED_EDGE('',*,*,#9659,.F.);
#9659 = EDGE_CURVE('',#9660,#9652,#9662,.T.);
#9660 = VERTEX_POINT('',#9661);
#9661 = CARTESIAN_POINT('',(9.135,-0.2,0.));
#9662 = LINE('',#9663,#9664);
#9663 = CARTESIAN_POINT('',(9.135,-0.2,0.));
#9664 = VECTOR('',#9665,1.);
#9665 = DIRECTION('',(1.,0.,0.));
#9666 = ORIENTED_EDGE('',*,*,#9667,.F.);
#9667 = EDGE_CURVE('',#8217,#9660,#9668,.T.);
#9668 = LINE('',#9669,#9670);
#9669 = CARTESIAN_POINT('',(9.135,0.2,0.));
#9670 = VECTOR('',#9671,1.);
#9671 = DIRECTION('',(0.,-1.,0.));
#9672 = ORIENTED_EDGE('',*,*,#8224,.F.);
#9673 = ORIENTED_EDGE('',*,*,#8232,.F.);
#9674 = ORIENTED_EDGE('',*,*,#8241,.F.);
#9675 = ORIENTED_EDGE('',*,*,#8249,.F.);
#9676 = ORIENTED_EDGE('',*,*,#8258,.F.);
#9677 = PLANE('',#9678);
#9678 = AXIS2_PLACEMENT_3D('',#9679,#9680,#9681);
#9679 = CARTESIAN_POINT('',(4.96,-1.695,0.));
#9680 = DIRECTION('',(0.,0.,1.));
#9681 = DIRECTION('',(1.,0.,-0.));
#9682 = ADVANCED_FACE('',(#9683),#9709,.T.);
#9683 = FACE_BOUND('',#9684,.T.);
#9684 = EDGE_LOOP('',(#9685,#9693,#9701,#9707,#9708));
#9685 = ORIENTED_EDGE('',*,*,#9686,.T.);
#9686 = EDGE_CURVE('',#8209,#9687,#9689,.T.);
#9687 = VERTEX_POINT('',#9688);
#9688 = CARTESIAN_POINT('',(9.135,0.2,-2.3975));
#9689 = LINE('',#9690,#9691);
#9690 = CARTESIAN_POINT('',(9.135,0.2,0.));
#9691 = VECTOR('',#9692,1.);
#9692 = DIRECTION('',(-0.,-0.,-1.));
#9693 = ORIENTED_EDGE('',*,*,#9694,.T.);
#9694 = EDGE_CURVE('',#9687,#9695,#9697,.T.);
#9695 = VERTEX_POINT('',#9696);
#9696 = CARTESIAN_POINT('',(9.135,-0.2,-2.3975));
#9697 = LINE('',#9698,#9699);
#9698 = CARTESIAN_POINT('',(9.135,0.2,-2.3975));
#9699 = VECTOR('',#9700,1.);
#9700 = DIRECTION('',(0.,-1.,0.));
#9701 = ORIENTED_EDGE('',*,*,#9702,.F.);
#9702 = EDGE_CURVE('',#9660,#9695,#9703,.T.);
#9703 = LINE('',#9704,#9705);
#9704 = CARTESIAN_POINT('',(9.135,-0.2,0.));
#9705 = VECTOR('',#9706,1.);
#9706 = DIRECTION('',(-0.,-0.,-1.));
#9707 = ORIENTED_EDGE('',*,*,#9667,.F.);
#9708 = ORIENTED_EDGE('',*,*,#8216,.F.);
#9709 = PLANE('',#9710);
#9710 = AXIS2_PLACEMENT_3D('',#9711,#9712,#9713);
#9711 = CARTESIAN_POINT('',(9.135,0.2,0.));
#9712 = DIRECTION('',(-1.,0.,0.));
#9713 = DIRECTION('',(0.,-1.,0.));
#9714 = ADVANCED_FACE('',(#9715),#9749,.T.);
#9715 = FACE_BOUND('',#9716,.T.);
#9716 = EDGE_LOOP('',(#9717,#9727,#9733,#9734,#9735,#9743));
#9717 = ORIENTED_EDGE('',*,*,#9718,.T.);
#9718 = EDGE_CURVE('',#9719,#9721,#9723,.T.);
#9719 = VERTEX_POINT('',#9720);
#9720 = CARTESIAN_POINT('',(10.3125,0.2,-2.79));
#9721 = VERTEX_POINT('',#9722);
#9722 = CARTESIAN_POINT('',(9.5275,0.2,-2.79));
#9723 = LINE('',#9724,#9725);
#9724 = CARTESIAN_POINT('',(10.705,0.2,-2.79));
#9725 = VECTOR('',#9726,1.);
#9726 = DIRECTION('',(-1.,0.,0.));
#9727 = ORIENTED_EDGE('',*,*,#9728,.F.);
#9728 = EDGE_CURVE('',#9687,#9721,#9729,.T.);
#9729 = LINE('',#9730,#9731);
#9730 = CARTESIAN_POINT('',(9.02625,0.2,-2.28875));
#9731 = VECTOR('',#9732,1.);
#9732 = DIRECTION('',(0.707106781187,0.,-0.707106781187));
#9733 = ORIENTED_EDGE('',*,*,#9686,.F.);
#9734 = ORIENTED_EDGE('',*,*,#8208,.F.);
#9735 = ORIENTED_EDGE('',*,*,#9736,.T.);
#9736 = EDGE_CURVE('',#8201,#9737,#9739,.T.);
#9737 = VERTEX_POINT('',#9738);
#9738 = CARTESIAN_POINT('',(10.705,0.2,-2.3975));
#9739 = LINE('',#9740,#9741);
#9740 = CARTESIAN_POINT('',(10.705,0.2,0.));
#9741 = VECTOR('',#9742,1.);
#9742 = DIRECTION('',(-0.,-0.,-1.));
#9743 = ORIENTED_EDGE('',*,*,#9744,.F.);
#9744 = EDGE_CURVE('',#9719,#9737,#9745,.T.);
#9745 = LINE('',#9746,#9747);
#9746 = CARTESIAN_POINT('',(11.20625,0.2,-1.89625));
#9747 = VECTOR('',#9748,1.);
#9748 = DIRECTION('',(0.707106781187,0.,0.707106781187));
#9749 = PLANE('',#9750);
#9750 = AXIS2_PLACEMENT_3D('',#9751,#9752,#9753);
#9751 = CARTESIAN_POINT('',(10.705,0.2,0.));
#9752 = DIRECTION('',(0.,1.,0.));
#9753 = DIRECTION('',(-1.,0.,0.));
#9754 = ADVANCED_FACE('',(#9755),#9774,.T.);
#9755 = FACE_BOUND('',#9756,.T.);
#9756 = EDGE_LOOP('',(#9757,#9765,#9771,#9772,#9773));
#9757 = ORIENTED_EDGE('',*,*,#9758,.T.);
#9758 = EDGE_CURVE('',#9652,#9759,#9761,.T.);
#9759 = VERTEX_POINT('',#9760);
#9760 = CARTESIAN_POINT('',(10.705,-0.2,-2.3975));
#9761 = LINE('',#9762,#9763);
#9762 = CARTESIAN_POINT('',(10.705,-0.2,0.));
#9763 = VECTOR('',#9764,1.);
#9764 = DIRECTION('',(-0.,-0.,-1.));
#9765 = ORIENTED_EDGE('',*,*,#9766,.T.);
#9766 = EDGE_CURVE('',#9759,#9737,#9767,.T.);
#9767 = LINE('',#9768,#9769);
#9768 = CARTESIAN_POINT('',(10.705,-0.2,-2.3975));
#9769 = VECTOR('',#9770,1.);
#9770 = DIRECTION('',(0.,1.,0.));
#9771 = ORIENTED_EDGE('',*,*,#9736,.F.);
#9772 = ORIENTED_EDGE('',*,*,#8200,.F.);
#9773 = ORIENTED_EDGE('',*,*,#9651,.F.);
#9774 = PLANE('',#9775);
#9775 = AXIS2_PLACEMENT_3D('',#9776,#9777,#9778);
#9776 = CARTESIAN_POINT('',(10.705,-0.2,0.));
#9777 = DIRECTION('',(1.,0.,0.));
#9778 = DIRECTION('',(-0.,1.,0.));
#9779 = ADVANCED_FACE('',(#9780),#9806,.T.);
#9780 = FACE_BOUND('',#9781,.T.);
#9781 = EDGE_LOOP('',(#9782,#9790,#9798,#9804,#9805));
#9782 = ORIENTED_EDGE('',*,*,#9783,.T.);
#9783 = EDGE_CURVE('',#8159,#9784,#9786,.T.);
#9784 = VERTEX_POINT('',#9785);
#9785 = CARTESIAN_POINT('',(10.705,-3.6,-2.3975));
#9786 = LINE('',#9787,#9788);
#9787 = CARTESIAN_POINT('',(10.705,-3.6,0.));
#9788 = VECTOR('',#9789,1.);
#9789 = DIRECTION('',(-0.,-0.,-1.));
#9790 = ORIENTED_EDGE('',*,*,#9791,.T.);
#9791 = EDGE_CURVE('',#9784,#9792,#9794,.T.);
#9792 = VERTEX_POINT('',#9793);
#9793 = CARTESIAN_POINT('',(10.705,-3.2,-2.3975));
#9794 = LINE('',#9795,#9796);
#9795 = CARTESIAN_POINT('',(10.705,-3.6,-2.3975));
#9796 = VECTOR('',#9797,1.);
#9797 = DIRECTION('',(0.,1.,0.));
#9798 = ORIENTED_EDGE('',*,*,#9799,.F.);
#9799 = EDGE_CURVE('',#9635,#9792,#9800,.T.);
#9800 = LINE('',#9801,#9802);
#9801 = CARTESIAN_POINT('',(10.705,-3.2,0.));
#9802 = VECTOR('',#9803,1.);
#9803 = DIRECTION('',(-0.,-0.,-1.));
#9804 = ORIENTED_EDGE('',*,*,#9642,.F.);
#9805 = ORIENTED_EDGE('',*,*,#8166,.F.);
#9806 = PLANE('',#9807);
#9807 = AXIS2_PLACEMENT_3D('',#9808,#9809,#9810);
#9808 = CARTESIAN_POINT('',(10.705,-3.6,0.));
#9809 = DIRECTION('',(1.,0.,0.));
#9810 = DIRECTION('',(-0.,1.,0.));
#9811 = ADVANCED_FACE('',(#9812),#9846,.T.);
#9812 = FACE_BOUND('',#9813,.T.);
#9813 = EDGE_LOOP('',(#9814,#9824,#9830,#9831,#9832,#9840));
#9814 = ORIENTED_EDGE('',*,*,#9815,.T.);
#9815 = EDGE_CURVE('',#9816,#9818,#9820,.T.);
#9816 = VERTEX_POINT('',#9817);
#9817 = CARTESIAN_POINT('',(9.5275,-3.6,-2.79));
#9818 = VERTEX_POINT('',#9819);
#9819 = CARTESIAN_POINT('',(10.3125,-3.6,-2.79));
#9820 = LINE('',#9821,#9822);
#9821 = CARTESIAN_POINT('',(9.135,-3.6,-2.79));
#9822 = VECTOR('',#9823,1.);
#9823 = DIRECTION('',(1.,0.,0.));
#9824 = ORIENTED_EDGE('',*,*,#9825,.T.);
#9825 = EDGE_CURVE('',#9818,#9784,#9826,.T.);
#9826 = LINE('',#9827,#9828);
#9827 = CARTESIAN_POINT('',(10.81375,-3.6,-2.28875));
#9828 = VECTOR('',#9829,1.);
#9829 = DIRECTION('',(0.707106781187,0.,0.707106781187));
#9830 = ORIENTED_EDGE('',*,*,#9783,.F.);
#9831 = ORIENTED_EDGE('',*,*,#8158,.F.);
#9832 = ORIENTED_EDGE('',*,*,#9833,.T.);
#9833 = EDGE_CURVE('',#8151,#9834,#9836,.T.);
#9834 = VERTEX_POINT('',#9835);
#9835 = CARTESIAN_POINT('',(9.135,-3.6,-2.3975));
#9836 = LINE('',#9837,#9838);
#9837 = CARTESIAN_POINT('',(9.135,-3.6,0.));
#9838 = VECTOR('',#9839,1.);
#9839 = DIRECTION('',(-0.,-0.,-1.));
#9840 = ORIENTED_EDGE('',*,*,#9841,.T.);
#9841 = EDGE_CURVE('',#9834,#9816,#9842,.T.);
#9842 = LINE('',#9843,#9844);
#9843 = CARTESIAN_POINT('',(8.63375,-3.6,-1.89625));
#9844 = VECTOR('',#9845,1.);
#9845 = DIRECTION('',(0.707106781187,0.,-0.707106781187));
#9846 = PLANE('',#9847);
#9847 = AXIS2_PLACEMENT_3D('',#9848,#9849,#9850);
#9848 = CARTESIAN_POINT('',(9.135,-3.6,0.));
#9849 = DIRECTION('',(0.,-1.,0.));
#9850 = DIRECTION('',(1.,0.,0.));
#9851 = ADVANCED_FACE('',(#9852),#9871,.T.);
#9852 = FACE_BOUND('',#9853,.T.);
#9853 = EDGE_LOOP('',(#9854,#9862,#9868,#9869,#9870));
#9854 = ORIENTED_EDGE('',*,*,#9855,.T.);
#9855 = EDGE_CURVE('',#9627,#9856,#9858,.T.);
#9856 = VERTEX_POINT('',#9857);
#9857 = CARTESIAN_POINT('',(9.135,-3.2,-2.3975));
#9858 = LINE('',#9859,#9860);
#9859 = CARTESIAN_POINT('',(9.135,-3.2,0.));
#9860 = VECTOR('',#9861,1.);
#9861 = DIRECTION('',(-0.,-0.,-1.));
#9862 = ORIENTED_EDGE('',*,*,#9863,.T.);
#9863 = EDGE_CURVE('',#9856,#9834,#9864,.T.);
#9864 = LINE('',#9865,#9866);
#9865 = CARTESIAN_POINT('',(9.135,-3.2,-2.3975));
#9866 = VECTOR('',#9867,1.);
#9867 = DIRECTION('',(0.,-1.,0.));
#9868 = ORIENTED_EDGE('',*,*,#9833,.F.);
#9869 = ORIENTED_EDGE('',*,*,#8150,.F.);
#9870 = ORIENTED_EDGE('',*,*,#9626,.F.);
#9871 = PLANE('',#9872);
#9872 = AXIS2_PLACEMENT_3D('',#9873,#9874,#9875);
#9873 = CARTESIAN_POINT('',(9.135,-3.2,0.));
#9874 = DIRECTION('',(-1.,0.,0.));
#9875 = DIRECTION('',(0.,-1.,0.));
#9876 = ADVANCED_FACE('',(#9877),#9888,.T.);
#9877 = FACE_BOUND('',#9878,.T.);
#9878 = EDGE_LOOP('',(#9879,#9886,#9887));
#9879 = ORIENTED_EDGE('',*,*,#9880,.T.);
#9880 = EDGE_CURVE('',#8364,#8333,#9881,.T.);
#9881 = CIRCLE('',#9882,0.4);
#9882 = AXIS2_PLACEMENT_3D('',#9883,#9884,#9885);
#9883 = CARTESIAN_POINT('',(10.765,-3.538333333333,3.685));
#9884 = DIRECTION('',(1.499759782662E-32,1.224646799147E-16,-1.));
#9885 = DIRECTION('',(-1.224646799147E-16,-1.,-1.224646799147E-16));
#9886 = ORIENTED_EDGE('',*,*,#8332,.T.);
#9887 = ORIENTED_EDGE('',*,*,#8363,.T.);
#9888 = PLANE('',#9889);
#9889 = AXIS2_PLACEMENT_3D('',#9890,#9891,#9892);
#9890 = CARTESIAN_POINT('',(8.51106245757,-1.695,3.685));
#9891 = DIRECTION('',(1.385455127711E-31,-1.277172855604E-33,1.));
#9892 = DIRECTION('',(1.,0.,-1.385455127711E-31));
#9893 = ADVANCED_FACE('',(#9894),#9900,.T.);
#9894 = FACE_BOUND('',#9895,.T.);
#9895 = EDGE_LOOP('',(#9896,#9897,#9898,#9899));
#9896 = ORIENTED_EDGE('',*,*,#9880,.F.);
#9897 = ORIENTED_EDGE('',*,*,#8373,.F.);
#9898 = ORIENTED_EDGE('',*,*,#8455,.F.);
#9899 = ORIENTED_EDGE('',*,*,#8342,.T.);
#9900 = CYLINDRICAL_SURFACE('',#9901,0.4);
#9901 = AXIS2_PLACEMENT_3D('',#9902,#9903,#9904);
#9902 = CARTESIAN_POINT('',(10.765,-3.538333333333,7.37));
#9903 = DIRECTION('',(1.499759782662E-32,1.224646799147E-16,-1.));
#9904 = DIRECTION('',(-1.224646799147E-16,-1.,-1.224646799147E-16));
#9905 = ADVANCED_FACE('',(#9906),#9918,.T.);
#9906 = FACE_BOUND('',#9907,.T.);
#9907 = EDGE_LOOP('',(#9908,#9909,#9910,#9917));
#9908 = ORIENTED_EDGE('',*,*,#8463,.T.);
#9909 = ORIENTED_EDGE('',*,*,#8645,.F.);
#9910 = ORIENTED_EDGE('',*,*,#9911,.T.);
#9911 = EDGE_CURVE('',#8636,#8691,#9912,.T.);
#9912 = CIRCLE('',#9913,0.4);
#9913 = AXIS2_PLACEMENT_3D('',#9914,#9915,#9916);
#9914 = CARTESIAN_POINT('',(10.765,0.148333333333,3.685));
#9915 = DIRECTION('',(0.,-0.,1.));
#9916 = DIRECTION('',(1.224646799147E-16,1.,0.));
#9917 = ORIENTED_EDGE('',*,*,#8700,.T.);
#9918 = CYLINDRICAL_SURFACE('',#9919,0.4);
#9919 = AXIS2_PLACEMENT_3D('',#9920,#9921,#9922);
#9920 = CARTESIAN_POINT('',(10.765,0.148333333333,-4.513779498112E-34));
#9921 = DIRECTION('',(0.,0.,1.));
#9922 = DIRECTION('',(1.224646799147E-16,1.,-0.));
#9923 = ADVANCED_FACE('',(#9924),#9943,.T.);
#9924 = FACE_BOUND('',#9925,.T.);
#9925 = EDGE_LOOP('',(#9926,#9927,#9928,#9936));
#9926 = ORIENTED_EDGE('',*,*,#8621,.F.);
#9927 = ORIENTED_EDGE('',*,*,#8447,.T.);
#9928 = ORIENTED_EDGE('',*,*,#9929,.T.);
#9929 = EDGE_CURVE('',#8440,#9930,#9932,.T.);
#9930 = VERTEX_POINT('',#9931);
#9931 = CARTESIAN_POINT('',(6.331666666667,-3.538333333333,3.685));
#9932 = LINE('',#9933,#9934);
#9933 = CARTESIAN_POINT('',(6.331666666667,-3.538333333333,7.37));
#9934 = VECTOR('',#9935,1.);
#9935 = DIRECTION('',(1.499759782662E-32,1.224646799147E-16,-1.));
#9936 = ORIENTED_EDGE('',*,*,#9937,.F.);
#9937 = EDGE_CURVE('',#8607,#9930,#9938,.T.);
#9938 = CIRCLE('',#9939,0.4);
#9939 = AXIS2_PLACEMENT_3D('',#9940,#9941,#9942);
#9940 = CARTESIAN_POINT('',(6.731666666667,-3.538333333333,3.685));
#9941 = DIRECTION('',(1.499759782662E-32,1.224646799147E-16,-1.));
#9942 = DIRECTION('',(-1.224646799147E-16,-1.,-1.224646799147E-16));
#9943 = CYLINDRICAL_SURFACE('',#9944,0.4);
#9944 = AXIS2_PLACEMENT_3D('',#9945,#9946,#9947);
#9945 = CARTESIAN_POINT('',(6.731666666667,-3.538333333333,7.37));
#9946 = DIRECTION('',(1.499759782662E-32,1.224646799147E-16,-1.));
#9947 = DIRECTION('',(-1.224646799147E-16,-1.,-1.224646799147E-16));
#9948 = ADVANCED_FACE('',(#9949),#9967,.F.);
#9949 = FACE_BOUND('',#9950,.F.);
#9950 = EDGE_LOOP('',(#9951,#9952,#9953,#9961));
#9951 = ORIENTED_EDGE('',*,*,#8439,.F.);
#9952 = ORIENTED_EDGE('',*,*,#9929,.T.);
#9953 = ORIENTED_EDGE('',*,*,#9954,.T.);
#9954 = EDGE_CURVE('',#9930,#9955,#9957,.T.);
#9955 = VERTEX_POINT('',#9956);
#9956 = CARTESIAN_POINT('',(6.331666666667,-2.969273441009,3.685));
#9957 = LINE('',#9958,#9959);
#9958 = CARTESIAN_POINT('',(6.331666666667,-2.816666666667,3.685));
#9959 = VECTOR('',#9960,1.);
#9960 = DIRECTION('',(1.224646799147E-16,1.,1.277172855604E-33));
#9961 = ORIENTED_EDGE('',*,*,#9962,.F.);
#9962 = EDGE_CURVE('',#8431,#9955,#9963,.T.);
#9963 = LINE('',#9964,#9965);
#9964 = CARTESIAN_POINT('',(6.331666666667,-2.969273441009,7.37));
#9965 = VECTOR('',#9966,1.);
#9966 = DIRECTION('',(1.499759782662E-32,1.224646799147E-16,-1.));
#9967 = PLANE('',#9968);
#9968 = AXIS2_PLACEMENT_3D('',#9969,#9970,#9971);
#9969 = CARTESIAN_POINT('',(6.331666666667,-3.938333333333,7.37));
#9970 = DIRECTION('',(1.,-1.224646799147E-16,0.));
#9971 = DIRECTION('',(1.224646799147E-16,1.,1.224646799147E-16));
#9972 = ADVANCED_FACE('',(#9973),#9992,.T.);
#9973 = FACE_BOUND('',#9974,.T.);
#9974 = EDGE_LOOP('',(#9975,#9976,#9977,#9985));
#9975 = ORIENTED_EDGE('',*,*,#9962,.F.);
#9976 = ORIENTED_EDGE('',*,*,#8430,.T.);
#9977 = ORIENTED_EDGE('',*,*,#9978,.T.);
#9978 = EDGE_CURVE('',#8423,#9979,#9981,.T.);
#9979 = VERTEX_POINT('',#9980);
#9980 = CARTESIAN_POINT('',(6.531666666667,-2.622863279495,3.685));
#9981 = LINE('',#9982,#9983);
#9982 = CARTESIAN_POINT('',(6.531666666667,-2.622863279495,7.37));
#9983 = VECTOR('',#9984,1.);
#9984 = DIRECTION('',(1.499759782662E-32,1.224646799147E-16,-1.));
#9985 = ORIENTED_EDGE('',*,*,#9986,.F.);
#9986 = EDGE_CURVE('',#9955,#9979,#9987,.T.);
#9987 = CIRCLE('',#9988,0.4);
#9988 = AXIS2_PLACEMENT_3D('',#9989,#9990,#9991);
#9989 = CARTESIAN_POINT('',(6.731666666667,-2.969273441009,3.685));
#9990 = DIRECTION('',(1.499759782662E-32,1.224646799147E-16,-1.));
#9991 = DIRECTION('',(-1.,1.224646799147E-16,-1.00745696234E-44));
#9992 = CYLINDRICAL_SURFACE('',#9993,0.4);
#9993 = AXIS2_PLACEMENT_3D('',#9994,#9995,#9996);
#9994 = CARTESIAN_POINT('',(6.731666666667,-2.969273441009,7.37));
#9995 = DIRECTION('',(1.499759782662E-32,1.224646799147E-16,-1.));
#9996 = DIRECTION('',(-1.,1.224646799147E-16,-1.00745696234E-44));
#9997 = ADVANCED_FACE('',(#9998),#10016,.F.);
#9998 = FACE_BOUND('',#9999,.F.);
#9999 = EDGE_LOOP('',(#10000,#10001,#10002,#10010));
#10000 = ORIENTED_EDGE('',*,*,#8422,.F.);
#10001 = ORIENTED_EDGE('',*,*,#9978,.T.);
#10002 = ORIENTED_EDGE('',*,*,#10003,.T.);
#10003 = EDGE_CURVE('',#9979,#10004,#10006,.T.);
#10004 = VERTEX_POINT('',#10005);
#10005 = CARTESIAN_POINT('',(8.13877300923,-1.695,3.685));
#10006 = LINE('',#10007,#10008);
#10007 = CARTESIAN_POINT('',(7.374828381076,-2.136063636711,3.685));
#10008 = VECTOR('',#10009,1.);
#10009 = DIRECTION('',(0.866025403784,0.5,-1.193453472123E-31));
#10010 = ORIENTED_EDGE('',*,*,#10011,.F.);
#10011 = EDGE_CURVE('',#8415,#10004,#10012,.T.);
#10012 = LINE('',#10013,#10014);
#10013 = CARTESIAN_POINT('',(8.13877300923,-1.695,7.37));
#10014 = VECTOR('',#10015,1.);
#10015 = DIRECTION('',(1.499759782662E-32,1.224646799147E-16,-1.));
#10016 = PLANE('',#10017);
#10017 = AXIS2_PLACEMENT_3D('',#10018,#10019,#10020);
#10018 = CARTESIAN_POINT('',(6.331666666667,-2.738333333333,7.37));
#10019 = DIRECTION('',(0.5,-0.866025403784,-1.060575238725E-16));
#10020 = DIRECTION('',(0.866025403784,0.5,6.123233995739E-17));
#10021 = ADVANCED_FACE('',(#10022),#10040,.F.);
#10022 = FACE_BOUND('',#10023,.F.);
#10023 = EDGE_LOOP('',(#10024,#10032,#10038,#10039));
#10024 = ORIENTED_EDGE('',*,*,#10025,.T.);
#10025 = EDGE_CURVE('',#10004,#10026,#10028,.T.);
#10026 = VERTEX_POINT('',#10027);
#10027 = CARTESIAN_POINT('',(6.531666666667,-0.767136720505,3.685));
#10028 = LINE('',#10029,#10030);
#10029 = CARTESIAN_POINT('',(7.374828381076,-1.253936363289,3.685));
#10030 = VECTOR('',#10031,1.);
#10031 = DIRECTION('',(-0.866025403784,0.5,1.206225200679E-31));
#10032 = ORIENTED_EDGE('',*,*,#10033,.T.);
#10033 = EDGE_CURVE('',#10026,#8406,#10034,.T.);
#10034 = LINE('',#10035,#10036);
#10035 = CARTESIAN_POINT('',(6.531666666667,-0.767136720505,0.));
#10036 = VECTOR('',#10037,1.);
#10037 = DIRECTION('',(0.,0.,1.));
#10038 = ORIENTED_EDGE('',*,*,#8414,.T.);
#10039 = ORIENTED_EDGE('',*,*,#10011,.T.);
#10040 = PLANE('',#10041);
#10041 = AXIS2_PLACEMENT_3D('',#10042,#10043,#10044);
#10042 = CARTESIAN_POINT('',(6.331666666667,-0.651666666667,0.));
#10043 = DIRECTION('',(0.5,0.866025403784,0.));
#10044 = DIRECTION('',(0.866025403784,-0.5,0.));
#10045 = ADVANCED_FACE('',(#10046),#10065,.T.);
#10046 = FACE_BOUND('',#10047,.T.);
#10047 = EDGE_LOOP('',(#10048,#10056,#10063,#10064));
#10048 = ORIENTED_EDGE('',*,*,#10049,.F.);
#10049 = EDGE_CURVE('',#10050,#8398,#10052,.T.);
#10050 = VERTEX_POINT('',#10051);
#10051 = CARTESIAN_POINT('',(6.331666666667,-0.420726558991,3.685));
#10052 = LINE('',#10053,#10054);
#10053 = CARTESIAN_POINT('',(6.331666666667,-0.420726558991,0.));
#10054 = VECTOR('',#10055,1.);
#10055 = DIRECTION('',(0.,0.,1.));
#10056 = ORIENTED_EDGE('',*,*,#10057,.T.);
#10057 = EDGE_CURVE('',#10050,#10026,#10058,.T.);
#10058 = CIRCLE('',#10059,0.4);
#10059 = AXIS2_PLACEMENT_3D('',#10060,#10061,#10062);
#10060 = CARTESIAN_POINT('',(6.731666666667,-0.420726558991,3.685));
#10061 = DIRECTION('',(0.,0.,1.));
#10062 = DIRECTION('',(-1.,1.224646799147E-16,0.));
#10063 = ORIENTED_EDGE('',*,*,#10033,.T.);
#10064 = ORIENTED_EDGE('',*,*,#8405,.F.);
#10065 = CYLINDRICAL_SURFACE('',#10066,0.4);
#10066 = AXIS2_PLACEMENT_3D('',#10067,#10068,#10069);
#10067 = CARTESIAN_POINT('',(6.731666666667,-0.420726558991,0.));
#10068 = DIRECTION('',(0.,0.,1.));
#10069 = DIRECTION('',(-1.,1.224646799147E-16,0.));
#10070 = ADVANCED_FACE('',(#10071),#10089,.F.);
#10071 = FACE_BOUND('',#10072,.F.);
#10072 = EDGE_LOOP('',(#10073,#10081,#10087,#10088));
#10073 = ORIENTED_EDGE('',*,*,#10074,.T.);
#10074 = EDGE_CURVE('',#10050,#10075,#10077,.T.);
#10075 = VERTEX_POINT('',#10076);
#10076 = CARTESIAN_POINT('',(6.331666666667,0.148333333333,3.685));
#10077 = LINE('',#10078,#10079);
#10078 = CARTESIAN_POINT('',(6.331666666667,-0.573333333333,3.685));
#10079 = VECTOR('',#10080,1.);
#10080 = DIRECTION('',(1.224646799147E-16,1.,1.277172855604E-33));
#10081 = ORIENTED_EDGE('',*,*,#10082,.T.);
#10082 = EDGE_CURVE('',#10075,#8389,#10083,.T.);
#10083 = LINE('',#10084,#10085);
#10084 = CARTESIAN_POINT('',(6.331666666667,0.148333333333,0.));
#10085 = VECTOR('',#10086,1.);
#10086 = DIRECTION('',(0.,0.,1.));
#10087 = ORIENTED_EDGE('',*,*,#8397,.T.);
#10088 = ORIENTED_EDGE('',*,*,#10049,.F.);
#10089 = PLANE('',#10090);
#10090 = AXIS2_PLACEMENT_3D('',#10091,#10092,#10093);
#10091 = CARTESIAN_POINT('',(6.331666666667,0.548333333333,0.));
#10092 = DIRECTION('',(1.,-1.224646799147E-16,0.));
#10093 = DIRECTION('',(-1.224646799147E-16,-1.,0.));
#10094 = ADVANCED_FACE('',(#10095),#10107,.T.);
#10095 = FACE_BOUND('',#10096,.T.);
#10096 = EDGE_LOOP('',(#10097,#10098,#10105,#10106));
#10097 = ORIENTED_EDGE('',*,*,#8772,.F.);
#10098 = ORIENTED_EDGE('',*,*,#10099,.T.);
#10099 = EDGE_CURVE('',#8763,#10075,#10100,.T.);
#10100 = CIRCLE('',#10101,0.4);
#10101 = AXIS2_PLACEMENT_3D('',#10102,#10103,#10104);
#10102 = CARTESIAN_POINT('',(6.731666666667,0.148333333333,3.685));
#10103 = DIRECTION('',(0.,-0.,1.));
#10104 = DIRECTION('',(1.224646799147E-16,1.,0.));
#10105 = ORIENTED_EDGE('',*,*,#10082,.T.);
#10106 = ORIENTED_EDGE('',*,*,#8388,.F.);
#10107 = CYLINDRICAL_SURFACE('',#10108,0.4);
#10108 = AXIS2_PLACEMENT_3D('',#10109,#10110,#10111);
#10109 = CARTESIAN_POINT('',(6.731666666667,0.148333333333,0.));
#10110 = DIRECTION('',(0.,0.,1.));
#10111 = DIRECTION('',(1.224646799147E-16,1.,-0.));
#10112 = ADVANCED_FACE('',(#10113),#10131,.F.);
#10113 = FACE_BOUND('',#10114,.F.);
#10114 = EDGE_LOOP('',(#10115,#10116,#10117,#10125));
#10115 = ORIENTED_EDGE('',*,*,#8472,.F.);
#10116 = ORIENTED_EDGE('',*,*,#10011,.T.);
#10117 = ORIENTED_EDGE('',*,*,#10118,.T.);
#10118 = EDGE_CURVE('',#10004,#10119,#10121,.T.);
#10119 = VERTEX_POINT('',#10120);
#10120 = CARTESIAN_POINT('',(8.33877300923,-2.041410161514,3.685));
#10121 = LINE('',#10122,#10123);
#10122 = CARTESIAN_POINT('',(8.185309190273,-1.775603029956,3.685));
#10123 = VECTOR('',#10124,1.);
#10124 = DIRECTION('',(0.5,-0.866025403784,-7.037882052356E-32));
#10125 = ORIENTED_EDGE('',*,*,#10126,.F.);
#10126 = EDGE_CURVE('',#8473,#10119,#10127,.T.);
#10127 = LINE('',#10128,#10129);
#10128 = CARTESIAN_POINT('',(8.33877300923,-2.041410161514,7.37));
#10129 = VECTOR('',#10130,1.);
#10130 = DIRECTION('',(1.499759782662E-32,1.224646799147E-16,-1.));
#10131 = PLANE('',#10132);
#10132 = AXIS2_PLACEMENT_3D('',#10133,#10134,#10135);
#10133 = CARTESIAN_POINT('',(8.13877300923,-1.695,7.37));
#10134 = DIRECTION('',(-0.866025403784,-0.5,-6.123233995739E-17));
#10135 = DIRECTION('',(0.5,-0.866025403784,-1.060575238725E-16));
#10136 = ADVANCED_FACE('',(#10137),#10155,.F.);
#10137 = FACE_BOUND('',#10138,.F.);
#10138 = EDGE_LOOP('',(#10139,#10147,#10148,#10149));
#10139 = ORIENTED_EDGE('',*,*,#10140,.F.);
#10140 = EDGE_CURVE('',#8582,#10141,#10143,.T.);
#10141 = VERTEX_POINT('',#10142);
#10142 = CARTESIAN_POINT('',(6.854871747424,-2.898140954469,3.685));
#10143 = LINE('',#10144,#10145);
#10144 = CARTESIAN_POINT('',(6.854871747424,-2.898140954469,7.37));
#10145 = VECTOR('',#10146,1.);
#10146 = DIRECTION('',(1.499759782662E-32,1.224646799147E-16,-1.));
#10147 = ORIENTED_EDGE('',*,*,#8590,.F.);
#10148 = ORIENTED_EDGE('',*,*,#10126,.T.);
#10149 = ORIENTED_EDGE('',*,*,#10150,.T.);
#10150 = EDGE_CURVE('',#10119,#10141,#10151,.T.);
#10151 = LINE('',#10152,#10153);
#10152 = CARTESIAN_POINT('',(8.478381552357,-1.960807131558,3.685));
#10153 = VECTOR('',#10154,1.);
#10154 = DIRECTION('',(-0.866025403784,-0.5,1.193453472123E-31));
#10155 = PLANE('',#10156);
#10156 = AXIS2_PLACEMENT_3D('',#10157,#10158,#10159);
#10157 = CARTESIAN_POINT('',(8.33877300923,-2.041410161514,7.37));
#10158 = DIRECTION('',(-0.5,0.866025403784,1.060575238725E-16));
#10159 = DIRECTION('',(-0.866025403784,-0.5,-6.123233995739E-17));
#10160 = ADVANCED_FACE('',(#10161),#10180,.F.);
#10161 = FACE_BOUND('',#10162,.F.);
#10162 = EDGE_LOOP('',(#10163,#10172,#10178,#10179));
#10163 = ORIENTED_EDGE('',*,*,#10164,.F.);
#10164 = EDGE_CURVE('',#10165,#10141,#10167,.T.);
#10165 = VERTEX_POINT('',#10166);
#10166 = CARTESIAN_POINT('',(6.704871747424,-3.157948575604,3.685));
#10167 = CIRCLE('',#10168,0.3);
#10168 = AXIS2_PLACEMENT_3D('',#10169,#10170,#10171);
#10169 = CARTESIAN_POINT('',(7.004871747424,-3.157948575604,3.685));
#10170 = DIRECTION('',(1.232595164408E-32,1.224646799147E-16,-1.));
#10171 = DIRECTION('',(-0.5,0.866025403784,1.060575238724E-16));
#10172 = ORIENTED_EDGE('',*,*,#10173,.F.);
#10173 = EDGE_CURVE('',#8574,#10165,#10174,.T.);
#10174 = LINE('',#10175,#10176);
#10175 = CARTESIAN_POINT('',(6.704871747424,-3.157948575604,7.37));
#10176 = VECTOR('',#10177,1.);
#10177 = DIRECTION('',(1.499759782662E-32,1.224646799147E-16,-1.));
#10178 = ORIENTED_EDGE('',*,*,#8581,.F.);
#10179 = ORIENTED_EDGE('',*,*,#10140,.T.);
#10180 = CYLINDRICAL_SURFACE('',#10181,0.3);
#10181 = AXIS2_PLACEMENT_3D('',#10182,#10183,#10184);
#10182 = CARTESIAN_POINT('',(7.004871747424,-3.157948575604,7.37));
#10183 = DIRECTION('',(1.499759782662E-32,1.224646799147E-16,-1.));
#10184 = DIRECTION('',(-0.5,0.866025403784,1.060575238724E-16));
#10185 = ADVANCED_FACE('',(#10186),#10204,.F.);
#10186 = FACE_BOUND('',#10187,.F.);
#10187 = EDGE_LOOP('',(#10188,#10189,#10190,#10198));
#10188 = ORIENTED_EDGE('',*,*,#8573,.F.);
#10189 = ORIENTED_EDGE('',*,*,#10173,.T.);
#10190 = ORIENTED_EDGE('',*,*,#10191,.T.);
#10191 = EDGE_CURVE('',#10165,#10192,#10194,.T.);
#10192 = VERTEX_POINT('',#10193);
#10193 = CARTESIAN_POINT('',(6.704871747424,-3.238333333333,3.685));
#10194 = LINE('',#10195,#10196);
#10195 = CARTESIAN_POINT('',(6.704871747424,-2.339871747424,3.685));
#10196 = VECTOR('',#10197,1.);
#10197 = DIRECTION('',(-1.224646799147E-16,-1.,-1.277172855604E-33));
#10198 = ORIENTED_EDGE('',*,*,#10199,.F.);
#10199 = EDGE_CURVE('',#8565,#10192,#10200,.T.);
#10200 = LINE('',#10201,#10202);
#10201 = CARTESIAN_POINT('',(6.704871747424,-3.238333333333,7.37));
#10202 = VECTOR('',#10203,1.);
#10203 = DIRECTION('',(1.499759782662E-32,1.224646799147E-16,-1.));
#10204 = PLANE('',#10205);
#10205 = AXIS2_PLACEMENT_3D('',#10206,#10207,#10208);
#10206 = CARTESIAN_POINT('',(6.704871747424,-2.984743494847,7.37));
#10207 = DIRECTION('',(-1.,1.224646799147E-16,0.));
#10208 = DIRECTION('',(-1.224646799147E-16,-1.,-1.224646799147E-16));
#10209 = ADVANCED_FACE('',(#10210),#10229,.F.);
#10210 = FACE_BOUND('',#10211,.F.);
#10211 = EDGE_LOOP('',(#10212,#10221,#10227,#10228));
#10212 = ORIENTED_EDGE('',*,*,#10213,.F.);
#10213 = EDGE_CURVE('',#10214,#10192,#10216,.T.);
#10214 = VERTEX_POINT('',#10215);
#10215 = CARTESIAN_POINT('',(7.004871747424,-3.538333333333,3.685));
#10216 = CIRCLE('',#10217,0.3);
#10217 = AXIS2_PLACEMENT_3D('',#10218,#10219,#10220);
#10218 = CARTESIAN_POINT('',(7.004871747424,-3.238333333333,3.685));
#10219 = DIRECTION('',(1.499759782662E-32,1.224646799147E-16,-1.));
#10220 = DIRECTION('',(-1.,1.224646799147E-16,-1.00745696234E-44));
#10221 = ORIENTED_EDGE('',*,*,#10222,.F.);
#10222 = EDGE_CURVE('',#8557,#10214,#10223,.T.);
#10223 = LINE('',#10224,#10225);
#10224 = CARTESIAN_POINT('',(7.004871747424,-3.538333333333,7.37));
#10225 = VECTOR('',#10226,1.);
#10226 = DIRECTION('',(1.499759782662E-32,1.224646799147E-16,-1.));
#10227 = ORIENTED_EDGE('',*,*,#8564,.F.);
#10228 = ORIENTED_EDGE('',*,*,#10199,.T.);
#10229 = CYLINDRICAL_SURFACE('',#10230,0.3);
#10230 = AXIS2_PLACEMENT_3D('',#10231,#10232,#10233);
#10231 = CARTESIAN_POINT('',(7.004871747424,-3.238333333333,7.37));
#10232 = DIRECTION('',(1.499759782662E-32,1.224646799147E-16,-1.));
#10233 = DIRECTION('',(-1.,1.224646799147E-16,-1.00745696234E-44));
#10234 = ADVANCED_FACE('',(#10235),#10253,.F.);
#10235 = FACE_BOUND('',#10236,.F.);
#10236 = EDGE_LOOP('',(#10237,#10245,#10246,#10247));
#10237 = ORIENTED_EDGE('',*,*,#10238,.F.);
#10238 = EDGE_CURVE('',#8548,#10239,#10241,.T.);
#10239 = VERTEX_POINT('',#10240);
#10240 = CARTESIAN_POINT('',(10.465,-3.538333333333,3.685));
#10241 = LINE('',#10242,#10243);
#10242 = CARTESIAN_POINT('',(10.465,-3.538333333333,7.37));
#10243 = VECTOR('',#10244,1.);
#10244 = DIRECTION('',(1.499759782662E-32,1.224646799147E-16,-1.));
#10245 = ORIENTED_EDGE('',*,*,#8556,.F.);
#10246 = ORIENTED_EDGE('',*,*,#10222,.T.);
#10247 = ORIENTED_EDGE('',*,*,#10248,.T.);
#10248 = EDGE_CURVE('',#10214,#10239,#10249,.T.);
#10249 = LINE('',#10250,#10251);
#10250 = CARTESIAN_POINT('',(7.607967102497,-3.538333333333,3.685));
#10251 = VECTOR('',#10252,1.);
#10252 = DIRECTION('',(1.,-1.224646799147E-16,-1.385455127711E-31));
#10253 = PLANE('',#10254);
#10254 = AXIS2_PLACEMENT_3D('',#10255,#10256,#10257);
#10255 = CARTESIAN_POINT('',(6.704871747424,-3.538333333333,7.37));
#10256 = DIRECTION('',(-1.224646799147E-16,-1.,-1.224646799147E-16));
#10257 = DIRECTION('',(1.,-1.224646799147E-16,0.));
#10258 = ADVANCED_FACE('',(#10259),#10278,.F.);
#10259 = FACE_BOUND('',#10260,.F.);
#10260 = EDGE_LOOP('',(#10261,#10269,#10270,#10271));
#10261 = ORIENTED_EDGE('',*,*,#10262,.F.);
#10262 = EDGE_CURVE('',#8540,#10263,#10265,.T.);
#10263 = VERTEX_POINT('',#10264);
#10264 = CARTESIAN_POINT('',(10.765,-3.238333333333,3.685));
#10265 = LINE('',#10266,#10267);
#10266 = CARTESIAN_POINT('',(10.765,-3.238333333333,7.37));
#10267 = VECTOR('',#10268,1.);
#10268 = DIRECTION('',(1.499759782662E-32,1.224646799147E-16,-1.));
#10269 = ORIENTED_EDGE('',*,*,#8547,.T.);
#10270 = ORIENTED_EDGE('',*,*,#10238,.T.);
#10271 = ORIENTED_EDGE('',*,*,#10272,.F.);
#10272 = EDGE_CURVE('',#10263,#10239,#10273,.T.);
#10273 = CIRCLE('',#10274,0.3);
#10274 = AXIS2_PLACEMENT_3D('',#10275,#10276,#10277);
#10275 = CARTESIAN_POINT('',(10.465,-3.238333333333,3.685));
#10276 = DIRECTION('',(1.499759782662E-32,1.224646799147E-16,-1.));
#10277 = DIRECTION('',(1.,-1.224646799147E-16,1.00745696234E-44));
#10278 = CYLINDRICAL_SURFACE('',#10279,0.3);
#10279 = AXIS2_PLACEMENT_3D('',#10280,#10281,#10282);
#10280 = CARTESIAN_POINT('',(10.465,-3.238333333333,7.37));
#10281 = DIRECTION('',(1.499759782662E-32,1.224646799147E-16,-1.));
#10282 = DIRECTION('',(1.,-1.224646799147E-16,1.00745696234E-44));
#10283 = ADVANCED_FACE('',(#10284),#10302,.T.);
#10284 = FACE_BOUND('',#10285,.T.);
#10285 = EDGE_LOOP('',(#10286,#10294,#10295,#10296));
#10286 = ORIENTED_EDGE('',*,*,#10287,.T.);
#10287 = EDGE_CURVE('',#10288,#10263,#10290,.T.);
#10288 = VERTEX_POINT('',#10289);
#10289 = CARTESIAN_POINT('',(10.765,-0.151666666667,3.685));
#10290 = LINE('',#10291,#10292);
#10291 = CARTESIAN_POINT('',(10.765,-1.695,3.685));
#10292 = VECTOR('',#10293,1.);
#10293 = DIRECTION('',(-1.224646799147E-16,-1.,-1.277172855604E-33));
#10294 = ORIENTED_EDGE('',*,*,#10262,.F.);
#10295 = ORIENTED_EDGE('',*,*,#8539,.F.);
#10296 = ORIENTED_EDGE('',*,*,#10297,.F.);
#10297 = EDGE_CURVE('',#10288,#8531,#10298,.T.);
#10298 = LINE('',#10299,#10300);
#10299 = CARTESIAN_POINT('',(10.765,-0.151666666667,0.));
#10300 = VECTOR('',#10301,1.);
#10301 = DIRECTION('',(0.,0.,1.));
#10302 = PLANE('',#10303);
#10303 = AXIS2_PLACEMENT_3D('',#10304,#10305,#10306);
#10304 = CARTESIAN_POINT('',(10.765,-1.695,3.685));
#10305 = DIRECTION('',(-1.,1.224646799147E-16,0.));
#10306 = DIRECTION('',(0.,0.,1.));
#10307 = ADVANCED_FACE('',(#10308),#10327,.F.);
#10308 = FACE_BOUND('',#10309,.F.);
#10309 = EDGE_LOOP('',(#10310,#10311,#10312,#10321));
#10310 = ORIENTED_EDGE('',*,*,#8530,.T.);
#10311 = ORIENTED_EDGE('',*,*,#10297,.F.);
#10312 = ORIENTED_EDGE('',*,*,#10313,.T.);
#10313 = EDGE_CURVE('',#10288,#10314,#10316,.T.);
#10314 = VERTEX_POINT('',#10315);
#10315 = CARTESIAN_POINT('',(10.465,0.148333333333,3.685));
#10316 = CIRCLE('',#10317,0.3);
#10317 = AXIS2_PLACEMENT_3D('',#10318,#10319,#10320);
#10318 = CARTESIAN_POINT('',(10.465,-0.151666666667,3.685));
#10319 = DIRECTION('',(0.,-0.,1.));
#10320 = DIRECTION('',(1.224646799147E-16,1.,0.));
#10321 = ORIENTED_EDGE('',*,*,#10322,.T.);
#10322 = EDGE_CURVE('',#10314,#8523,#10323,.T.);
#10323 = LINE('',#10324,#10325);
#10324 = CARTESIAN_POINT('',(10.465,0.148333333333,0.));
#10325 = VECTOR('',#10326,1.);
#10326 = DIRECTION('',(0.,0.,1.));
#10327 = CYLINDRICAL_SURFACE('',#10328,0.3);
#10328 = AXIS2_PLACEMENT_3D('',#10329,#10330,#10331);
#10329 = CARTESIAN_POINT('',(10.465,-0.151666666667,0.));
#10330 = DIRECTION('',(0.,0.,1.));
#10331 = DIRECTION('',(1.224646799147E-16,1.,-0.));
#10332 = ADVANCED_FACE('',(#10333),#10351,.F.);
#10333 = FACE_BOUND('',#10334,.F.);
#10334 = EDGE_LOOP('',(#10335,#10343,#10349,#10350));
#10335 = ORIENTED_EDGE('',*,*,#10336,.T.);
#10336 = EDGE_CURVE('',#10314,#10337,#10339,.T.);
#10337 = VERTEX_POINT('',#10338);
#10338 = CARTESIAN_POINT('',(7.004871747424,0.148333333333,3.685));
#10339 = LINE('',#10340,#10341);
#10340 = CARTESIAN_POINT('',(7.607967102497,0.148333333333,3.685));
#10341 = VECTOR('',#10342,1.);
#10342 = DIRECTION('',(-1.,1.224646799147E-16,1.385455127711E-31));
#10343 = ORIENTED_EDGE('',*,*,#10344,.T.);
#10344 = EDGE_CURVE('',#10337,#8514,#10345,.T.);
#10345 = LINE('',#10346,#10347);
#10346 = CARTESIAN_POINT('',(7.004871747424,0.148333333333,0.));
#10347 = VECTOR('',#10348,1.);
#10348 = DIRECTION('',(0.,0.,1.));
#10349 = ORIENTED_EDGE('',*,*,#8522,.T.);
#10350 = ORIENTED_EDGE('',*,*,#10322,.F.);
#10351 = PLANE('',#10352);
#10352 = AXIS2_PLACEMENT_3D('',#10353,#10354,#10355);
#10353 = CARTESIAN_POINT('',(6.704871747424,0.148333333333,0.));
#10354 = DIRECTION('',(1.224646799147E-16,1.,0.));
#10355 = DIRECTION('',(1.,-1.224646799147E-16,0.));
#10356 = ADVANCED_FACE('',(#10357),#10376,.F.);
#10357 = FACE_BOUND('',#10358,.F.);
#10358 = EDGE_LOOP('',(#10359,#10360,#10361,#10370));
#10359 = ORIENTED_EDGE('',*,*,#8513,.T.);
#10360 = ORIENTED_EDGE('',*,*,#10344,.F.);
#10361 = ORIENTED_EDGE('',*,*,#10362,.T.);
#10362 = EDGE_CURVE('',#10337,#10363,#10365,.T.);
#10363 = VERTEX_POINT('',#10364);
#10364 = CARTESIAN_POINT('',(6.704871747424,-0.151666666667,3.685));
#10365 = CIRCLE('',#10366,0.3);
#10366 = AXIS2_PLACEMENT_3D('',#10367,#10368,#10369);
#10367 = CARTESIAN_POINT('',(7.004871747424,-0.151666666667,3.685));
#10368 = DIRECTION('',(0.,0.,1.));
#10369 = DIRECTION('',(-1.,1.224646799147E-16,0.));
#10370 = ORIENTED_EDGE('',*,*,#10371,.T.);
#10371 = EDGE_CURVE('',#10363,#8506,#10372,.T.);
#10372 = LINE('',#10373,#10374);
#10373 = CARTESIAN_POINT('',(6.704871747424,-0.151666666667,0.));
#10374 = VECTOR('',#10375,1.);
#10375 = DIRECTION('',(0.,0.,1.));
#10376 = CYLINDRICAL_SURFACE('',#10377,0.3);
#10377 = AXIS2_PLACEMENT_3D('',#10378,#10379,#10380);
#10378 = CARTESIAN_POINT('',(7.004871747424,-0.151666666667,0.));
#10379 = DIRECTION('',(0.,0.,1.));
#10380 = DIRECTION('',(-1.,1.224646799147E-16,0.));
#10381 = ADVANCED_FACE('',(#10382),#10400,.F.);
#10382 = FACE_BOUND('',#10383,.F.);
#10383 = EDGE_LOOP('',(#10384,#10392,#10398,#10399));
#10384 = ORIENTED_EDGE('',*,*,#10385,.T.);
#10385 = EDGE_CURVE('',#10363,#10386,#10388,.T.);
#10386 = VERTEX_POINT('',#10387);
#10387 = CARTESIAN_POINT('',(6.704871747424,-0.232051424396,3.685));
#10388 = LINE('',#10389,#10390);
#10389 = CARTESIAN_POINT('',(6.704871747424,-1.050128252576,3.685));
#10390 = VECTOR('',#10391,1.);
#10391 = DIRECTION('',(-1.224646799147E-16,-1.,-1.277172855604E-33));
#10392 = ORIENTED_EDGE('',*,*,#10393,.T.);
#10393 = EDGE_CURVE('',#10386,#8497,#10394,.T.);
#10394 = LINE('',#10395,#10396);
#10395 = CARTESIAN_POINT('',(6.704871747424,-0.232051424396,0.));
#10396 = VECTOR('',#10397,1.);
#10397 = DIRECTION('',(0.,0.,1.));
#10398 = ORIENTED_EDGE('',*,*,#8505,.T.);
#10399 = ORIENTED_EDGE('',*,*,#10371,.F.);
#10400 = PLANE('',#10401);
#10401 = AXIS2_PLACEMENT_3D('',#10402,#10403,#10404);
#10402 = CARTESIAN_POINT('',(6.704871747424,-0.405256505153,0.));
#10403 = DIRECTION('',(-1.,1.224646799147E-16,0.));
#10404 = DIRECTION('',(1.224646799147E-16,1.,0.));
#10405 = ADVANCED_FACE('',(#10406),#10425,.F.);
#10406 = FACE_BOUND('',#10407,.F.);
#10407 = EDGE_LOOP('',(#10408,#10409,#10410,#10419));
#10408 = ORIENTED_EDGE('',*,*,#8496,.T.);
#10409 = ORIENTED_EDGE('',*,*,#10393,.F.);
#10410 = ORIENTED_EDGE('',*,*,#10411,.T.);
#10411 = EDGE_CURVE('',#10386,#10412,#10414,.T.);
#10412 = VERTEX_POINT('',#10413);
#10413 = CARTESIAN_POINT('',(6.854871747424,-0.491859045531,3.685));
#10414 = CIRCLE('',#10415,0.3);
#10415 = AXIS2_PLACEMENT_3D('',#10416,#10417,#10418);
#10416 = CARTESIAN_POINT('',(7.004871747424,-0.232051424396,3.685));
#10417 = DIRECTION('',(0.,0.,1.));
#10418 = DIRECTION('',(-0.5,-0.866025403784,0.));
#10419 = ORIENTED_EDGE('',*,*,#10420,.T.);
#10420 = EDGE_CURVE('',#10412,#8489,#10421,.T.);
#10421 = LINE('',#10422,#10423);
#10422 = CARTESIAN_POINT('',(6.854871747424,-0.491859045531,0.));
#10423 = VECTOR('',#10424,1.);
#10424 = DIRECTION('',(0.,0.,1.));
#10425 = CYLINDRICAL_SURFACE('',#10426,0.3);
#10426 = AXIS2_PLACEMENT_3D('',#10427,#10428,#10429);
#10427 = CARTESIAN_POINT('',(7.004871747424,-0.232051424396,0.));
#10428 = DIRECTION('',(0.,0.,1.));
#10429 = DIRECTION('',(-0.5,-0.866025403784,0.));
#10430 = ADVANCED_FACE('',(#10431),#10449,.F.);
#10431 = FACE_BOUND('',#10432,.F.);
#10432 = EDGE_LOOP('',(#10433,#10434,#10442,#10448));
#10433 = ORIENTED_EDGE('',*,*,#10420,.F.);
#10434 = ORIENTED_EDGE('',*,*,#10435,.T.);
#10435 = EDGE_CURVE('',#10412,#10436,#10438,.T.);
#10436 = VERTEX_POINT('',#10437);
#10437 = CARTESIAN_POINT('',(8.33877300923,-1.348589838486,3.685));
#10438 = LINE('',#10439,#10440);
#10439 = CARTESIAN_POINT('',(8.478381552357,-1.429192868442,3.685));
#10440 = VECTOR('',#10441,1.);
#10441 = DIRECTION('',(0.866025403784,-0.5,-1.206225200679E-31));
#10442 = ORIENTED_EDGE('',*,*,#10443,.T.);
#10443 = EDGE_CURVE('',#10436,#8481,#10444,.T.);
#10444 = LINE('',#10445,#10446);
#10445 = CARTESIAN_POINT('',(8.33877300923,-1.348589838486,0.));
#10446 = VECTOR('',#10447,1.);
#10447 = DIRECTION('',(0.,0.,1.));
#10448 = ORIENTED_EDGE('',*,*,#8488,.T.);
#10449 = PLANE('',#10450);
#10450 = AXIS2_PLACEMENT_3D('',#10451,#10452,#10453);
#10451 = CARTESIAN_POINT('',(8.33877300923,-1.348589838486,0.));
#10452 = DIRECTION('',(-0.5,-0.866025403784,0.));
#10453 = DIRECTION('',(-0.866025403784,0.5,0.));
#10454 = ADVANCED_FACE('',(#10455),#10466,.F.);
#10455 = FACE_BOUND('',#10456,.F.);
#10456 = EDGE_LOOP('',(#10457,#10458,#10459,#10460));
#10457 = ORIENTED_EDGE('',*,*,#10011,.F.);
#10458 = ORIENTED_EDGE('',*,*,#8480,.T.);
#10459 = ORIENTED_EDGE('',*,*,#10443,.F.);
#10460 = ORIENTED_EDGE('',*,*,#10461,.T.);
#10461 = EDGE_CURVE('',#10436,#10004,#10462,.T.);
#10462 = LINE('',#10463,#10464);
#10463 = CARTESIAN_POINT('',(8.185309190273,-1.614396970044,3.685));
#10464 = VECTOR('',#10465,1.);
#10465 = DIRECTION('',(-0.5,-0.866025403784,6.81666922476E-32));
#10466 = PLANE('',#10467);
#10467 = AXIS2_PLACEMENT_3D('',#10468,#10469,#10470);
#10468 = CARTESIAN_POINT('',(8.13877300923,-1.695,0.));
#10469 = DIRECTION('',(-0.866025403784,0.5,0.));
#10470 = DIRECTION('',(0.5,0.866025403784,0.));
#10471 = ADVANCED_FACE('',(#10472),#10489,.T.);
#10472 = FACE_BOUND('',#10473,.T.);
#10473 = EDGE_LOOP('',(#10474,#10475,#10476,#10477,#10478,#10479,#10480,
    #10481,#10482,#10483,#10484,#10485,#10486,#10487,#10488));
#10474 = ORIENTED_EDGE('',*,*,#8666,.T.);
#10475 = ORIENTED_EDGE('',*,*,#8604,.T.);
#10476 = ORIENTED_EDGE('',*,*,#9937,.T.);
#10477 = ORIENTED_EDGE('',*,*,#9954,.T.);
#10478 = ORIENTED_EDGE('',*,*,#9986,.T.);
#10479 = ORIENTED_EDGE('',*,*,#10003,.T.);
#10480 = ORIENTED_EDGE('',*,*,#10025,.T.);
#10481 = ORIENTED_EDGE('',*,*,#10057,.F.);
#10482 = ORIENTED_EDGE('',*,*,#10074,.T.);
#10483 = ORIENTED_EDGE('',*,*,#10099,.F.);
#10484 = ORIENTED_EDGE('',*,*,#8762,.T.);
#10485 = ORIENTED_EDGE('',*,*,#8817,.T.);
#10486 = ORIENTED_EDGE('',*,*,#8793,.T.);
#10487 = ORIENTED_EDGE('',*,*,#8738,.T.);
#10488 = ORIENTED_EDGE('',*,*,#8714,.T.);
#10489 = PLANE('',#10490);
#10490 = AXIS2_PLACEMENT_3D('',#10491,#10492,#10493);
#10491 = CARTESIAN_POINT('',(8.51106245757,-1.695,3.685));
#10492 = DIRECTION('',(1.385455127711E-31,-1.277172855604E-33,1.));
#10493 = DIRECTION('',(1.,0.,-1.385455127711E-31));
#10494 = ADVANCED_FACE('',(#10495),#10500,.T.);
#10495 = FACE_BOUND('',#10496,.T.);
#10496 = EDGE_LOOP('',(#10497,#10498,#10499));
#10497 = ORIENTED_EDGE('',*,*,#9911,.F.);
#10498 = ORIENTED_EDGE('',*,*,#8635,.T.);
#10499 = ORIENTED_EDGE('',*,*,#8690,.T.);
#10500 = PLANE('',#10501);
#10501 = AXIS2_PLACEMENT_3D('',#10502,#10503,#10504);
#10502 = CARTESIAN_POINT('',(8.51106245757,-1.695,3.685));
#10503 = DIRECTION('',(1.385455127711E-31,-1.277172855604E-33,1.));
#10504 = DIRECTION('',(1.,0.,-1.385455127711E-31));
#10505 = ADVANCED_FACE('',(#10506),#10517,.T.);
#10506 = FACE_BOUND('',#10507,.T.);
#10507 = EDGE_LOOP('',(#10508,#10509,#10516));
#10508 = ORIENTED_EDGE('',*,*,#8865,.T.);
#10509 = ORIENTED_EDGE('',*,*,#10510,.T.);
#10510 = EDGE_CURVE('',#8866,#8835,#10511,.T.);
#10511 = CIRCLE('',#10512,0.4);
#10512 = AXIS2_PLACEMENT_3D('',#10513,#10514,#10515);
#10513 = CARTESIAN_POINT('',(-0.845,0.148333333333,3.685));
#10514 = DIRECTION('',(0.,-1.224646799147E-16,-1.));
#10515 = DIRECTION('',(0.,1.,-1.224646799147E-16));
#10516 = ORIENTED_EDGE('',*,*,#8834,.T.);
#10517 = PLANE('',#10518);
#10518 = AXIS2_PLACEMENT_3D('',#10519,#10520,#10521);
#10519 = CARTESIAN_POINT('',(1.40893754243,-1.695,3.685));
#10520 = DIRECTION('',(0.,0.,1.));
#10521 = DIRECTION('',(1.,0.,-0.));
#10522 = ADVANCED_FACE('',(#10523),#10529,.T.);
#10523 = FACE_BOUND('',#10524,.T.);
#10524 = EDGE_LOOP('',(#10525,#10526,#10527,#10528));
#10525 = ORIENTED_EDGE('',*,*,#10510,.F.);
#10526 = ORIENTED_EDGE('',*,*,#8875,.F.);
#10527 = ORIENTED_EDGE('',*,*,#8957,.F.);
#10528 = ORIENTED_EDGE('',*,*,#8844,.T.);
#10529 = CYLINDRICAL_SURFACE('',#10530,0.4);
#10530 = AXIS2_PLACEMENT_3D('',#10531,#10532,#10533);
#10531 = CARTESIAN_POINT('',(-0.845,0.148333333333,7.37));
#10532 = DIRECTION('',(0.,-1.224646799147E-16,-1.));
#10533 = DIRECTION('',(0.,1.,-1.224646799147E-16));
#10534 = ADVANCED_FACE('',(#10535),#10547,.T.);
#10535 = FACE_BOUND('',#10536,.T.);
#10536 = EDGE_LOOP('',(#10537,#10538,#10539,#10546));
#10537 = ORIENTED_EDGE('',*,*,#8965,.T.);
#10538 = ORIENTED_EDGE('',*,*,#9147,.F.);
#10539 = ORIENTED_EDGE('',*,*,#10540,.T.);
#10540 = EDGE_CURVE('',#9138,#9193,#10541,.T.);
#10541 = CIRCLE('',#10542,0.4);
#10542 = AXIS2_PLACEMENT_3D('',#10543,#10544,#10545);
#10543 = CARTESIAN_POINT('',(-0.845,-3.538333333333,3.685));
#10544 = DIRECTION('',(-0.,0.,1.));
#10545 = DIRECTION('',(0.,-1.,0.));
#10546 = ORIENTED_EDGE('',*,*,#9202,.T.);
#10547 = CYLINDRICAL_SURFACE('',#10548,0.4);
#10548 = AXIS2_PLACEMENT_3D('',#10549,#10550,#10551);
#10549 = CARTESIAN_POINT('',(-0.845,-3.538333333333,-4.513779498112E-34)
  );
#10550 = DIRECTION('',(0.,0.,1.));
#10551 = DIRECTION('',(0.,-1.,0.));
#10552 = ADVANCED_FACE('',(#10553),#10572,.T.);
#10553 = FACE_BOUND('',#10554,.T.);
#10554 = EDGE_LOOP('',(#10555,#10556,#10557,#10565));
#10555 = ORIENTED_EDGE('',*,*,#9123,.F.);
#10556 = ORIENTED_EDGE('',*,*,#8949,.T.);
#10557 = ORIENTED_EDGE('',*,*,#10558,.T.);
#10558 = EDGE_CURVE('',#8942,#10559,#10561,.T.);
#10559 = VERTEX_POINT('',#10560);
#10560 = CARTESIAN_POINT('',(3.588333333333,0.148333333333,3.685));
#10561 = LINE('',#10562,#10563);
#10562 = CARTESIAN_POINT('',(3.588333333333,0.148333333333,7.37));
#10563 = VECTOR('',#10564,1.);
#10564 = DIRECTION('',(0.,-1.224646799147E-16,-1.));
#10565 = ORIENTED_EDGE('',*,*,#10566,.F.);
#10566 = EDGE_CURVE('',#9109,#10559,#10567,.T.);
#10567 = CIRCLE('',#10568,0.4);
#10568 = AXIS2_PLACEMENT_3D('',#10569,#10570,#10571);
#10569 = CARTESIAN_POINT('',(3.188333333333,0.148333333333,3.685));
#10570 = DIRECTION('',(0.,-1.224646799147E-16,-1.));
#10571 = DIRECTION('',(0.,1.,-1.224646799147E-16));
#10572 = CYLINDRICAL_SURFACE('',#10573,0.4);
#10573 = AXIS2_PLACEMENT_3D('',#10574,#10575,#10576);
#10574 = CARTESIAN_POINT('',(3.188333333333,0.148333333333,7.37));
#10575 = DIRECTION('',(0.,-1.224646799147E-16,-1.));
#10576 = DIRECTION('',(0.,1.,-1.224646799147E-16));
#10577 = ADVANCED_FACE('',(#10578),#10596,.F.);
#10578 = FACE_BOUND('',#10579,.F.);
#10579 = EDGE_LOOP('',(#10580,#10581,#10582,#10590));
#10580 = ORIENTED_EDGE('',*,*,#8941,.F.);
#10581 = ORIENTED_EDGE('',*,*,#10558,.T.);
#10582 = ORIENTED_EDGE('',*,*,#10583,.T.);
#10583 = EDGE_CURVE('',#10559,#10584,#10586,.T.);
#10584 = VERTEX_POINT('',#10585);
#10585 = CARTESIAN_POINT('',(3.588333333333,-0.420726558991,3.685));
#10586 = LINE('',#10587,#10588);
#10587 = CARTESIAN_POINT('',(3.588333333333,-0.573333333333,3.685));
#10588 = VECTOR('',#10589,1.);
#10589 = DIRECTION('',(0.,-1.,0.));
#10590 = ORIENTED_EDGE('',*,*,#10591,.F.);
#10591 = EDGE_CURVE('',#8933,#10584,#10592,.T.);
#10592 = LINE('',#10593,#10594);
#10593 = CARTESIAN_POINT('',(3.588333333333,-0.420726558991,7.37));
#10594 = VECTOR('',#10595,1.);
#10595 = DIRECTION('',(0.,-1.224646799147E-16,-1.));
#10596 = PLANE('',#10597);
#10597 = AXIS2_PLACEMENT_3D('',#10598,#10599,#10600);
#10598 = CARTESIAN_POINT('',(3.588333333333,0.548333333333,7.37));
#10599 = DIRECTION('',(-1.,-0.,0.));
#10600 = DIRECTION('',(0.,-1.,1.224646799147E-16));
#10601 = ADVANCED_FACE('',(#10602),#10621,.T.);
#10602 = FACE_BOUND('',#10603,.T.);
#10603 = EDGE_LOOP('',(#10604,#10605,#10606,#10614));
#10604 = ORIENTED_EDGE('',*,*,#10591,.F.);
#10605 = ORIENTED_EDGE('',*,*,#8932,.T.);
#10606 = ORIENTED_EDGE('',*,*,#10607,.T.);
#10607 = EDGE_CURVE('',#8925,#10608,#10610,.T.);
#10608 = VERTEX_POINT('',#10609);
#10609 = CARTESIAN_POINT('',(3.388333333333,-0.767136720505,3.685));
#10610 = LINE('',#10611,#10612);
#10611 = CARTESIAN_POINT('',(3.388333333333,-0.767136720505,7.37));
#10612 = VECTOR('',#10613,1.);
#10613 = DIRECTION('',(0.,-1.224646799147E-16,-1.));
#10614 = ORIENTED_EDGE('',*,*,#10615,.F.);
#10615 = EDGE_CURVE('',#10584,#10608,#10616,.T.);
#10616 = CIRCLE('',#10617,0.4);
#10617 = AXIS2_PLACEMENT_3D('',#10618,#10619,#10620);
#10618 = CARTESIAN_POINT('',(3.188333333333,-0.420726558991,3.685));
#10619 = DIRECTION('',(0.,-1.224646799147E-16,-1.));
#10620 = DIRECTION('',(1.,0.,0.));
#10621 = CYLINDRICAL_SURFACE('',#10622,0.4);
#10622 = AXIS2_PLACEMENT_3D('',#10623,#10624,#10625);
#10623 = CARTESIAN_POINT('',(3.188333333333,-0.420726558991,7.37));
#10624 = DIRECTION('',(0.,-1.224646799147E-16,-1.));
#10625 = DIRECTION('',(1.,0.,0.));
#10626 = ADVANCED_FACE('',(#10627),#10645,.F.);
#10627 = FACE_BOUND('',#10628,.F.);
#10628 = EDGE_LOOP('',(#10629,#10630,#10631,#10639));
#10629 = ORIENTED_EDGE('',*,*,#8924,.F.);
#10630 = ORIENTED_EDGE('',*,*,#10607,.T.);
#10631 = ORIENTED_EDGE('',*,*,#10632,.T.);
#10632 = EDGE_CURVE('',#10608,#10633,#10635,.T.);
#10633 = VERTEX_POINT('',#10634);
#10634 = CARTESIAN_POINT('',(1.78122699077,-1.695,3.685));
#10635 = LINE('',#10636,#10637);
#10636 = CARTESIAN_POINT('',(2.545171618924,-1.253936363289,3.685));
#10637 = VECTOR('',#10638,1.);
#10638 = DIRECTION('',(-0.866025403784,-0.5,0.));
#10639 = ORIENTED_EDGE('',*,*,#10640,.F.);
#10640 = EDGE_CURVE('',#8917,#10633,#10641,.T.);
#10641 = LINE('',#10642,#10643);
#10642 = CARTESIAN_POINT('',(1.78122699077,-1.695,7.37));
#10643 = VECTOR('',#10644,1.);
#10644 = DIRECTION('',(0.,-1.224646799147E-16,-1.));
#10645 = PLANE('',#10646);
#10646 = AXIS2_PLACEMENT_3D('',#10647,#10648,#10649);
#10647 = CARTESIAN_POINT('',(3.588333333333,-0.651666666667,7.37));
#10648 = DIRECTION('',(-0.5,0.866025403784,-1.060575238725E-16));
#10649 = DIRECTION('',(-0.866025403784,-0.5,6.123233995739E-17));
#10650 = ADVANCED_FACE('',(#10651),#10669,.F.);
#10651 = FACE_BOUND('',#10652,.F.);
#10652 = EDGE_LOOP('',(#10653,#10661,#10667,#10668));
#10653 = ORIENTED_EDGE('',*,*,#10654,.T.);
#10654 = EDGE_CURVE('',#10633,#10655,#10657,.T.);
#10655 = VERTEX_POINT('',#10656);
#10656 = CARTESIAN_POINT('',(3.388333333333,-2.622863279495,3.685));
#10657 = LINE('',#10658,#10659);
#10658 = CARTESIAN_POINT('',(2.545171618924,-2.136063636711,3.685));
#10659 = VECTOR('',#10660,1.);
#10660 = DIRECTION('',(0.866025403784,-0.5,0.));
#10661 = ORIENTED_EDGE('',*,*,#10662,.T.);
#10662 = EDGE_CURVE('',#10655,#8908,#10663,.T.);
#10663 = LINE('',#10664,#10665);
#10664 = CARTESIAN_POINT('',(3.388333333333,-2.622863279495,0.));
#10665 = VECTOR('',#10666,1.);
#10666 = DIRECTION('',(0.,0.,1.));
#10667 = ORIENTED_EDGE('',*,*,#8916,.T.);
#10668 = ORIENTED_EDGE('',*,*,#10640,.T.);
#10669 = PLANE('',#10670);
#10670 = AXIS2_PLACEMENT_3D('',#10671,#10672,#10673);
#10671 = CARTESIAN_POINT('',(3.588333333333,-2.738333333333,0.));
#10672 = DIRECTION('',(-0.5,-0.866025403784,0.));
#10673 = DIRECTION('',(-0.866025403784,0.5,0.));
#10674 = ADVANCED_FACE('',(#10675),#10694,.T.);
#10675 = FACE_BOUND('',#10676,.T.);
#10676 = EDGE_LOOP('',(#10677,#10685,#10692,#10693));
#10677 = ORIENTED_EDGE('',*,*,#10678,.F.);
#10678 = EDGE_CURVE('',#10679,#8900,#10681,.T.);
#10679 = VERTEX_POINT('',#10680);
#10680 = CARTESIAN_POINT('',(3.588333333333,-2.969273441009,3.685));
#10681 = LINE('',#10682,#10683);
#10682 = CARTESIAN_POINT('',(3.588333333333,-2.969273441009,0.));
#10683 = VECTOR('',#10684,1.);
#10684 = DIRECTION('',(0.,0.,1.));
#10685 = ORIENTED_EDGE('',*,*,#10686,.T.);
#10686 = EDGE_CURVE('',#10679,#10655,#10687,.T.);
#10687 = CIRCLE('',#10688,0.4);
#10688 = AXIS2_PLACEMENT_3D('',#10689,#10690,#10691);
#10689 = CARTESIAN_POINT('',(3.188333333333,-2.969273441009,3.685));
#10690 = DIRECTION('',(0.,0.,1.));
#10691 = DIRECTION('',(1.,0.,-0.));
#10692 = ORIENTED_EDGE('',*,*,#10662,.T.);
#10693 = ORIENTED_EDGE('',*,*,#8907,.F.);
#10694 = CYLINDRICAL_SURFACE('',#10695,0.4);
#10695 = AXIS2_PLACEMENT_3D('',#10696,#10697,#10698);
#10696 = CARTESIAN_POINT('',(3.188333333333,-2.969273441009,0.));
#10697 = DIRECTION('',(0.,0.,1.));
#10698 = DIRECTION('',(1.,0.,-0.));
#10699 = ADVANCED_FACE('',(#10700),#10718,.F.);
#10700 = FACE_BOUND('',#10701,.F.);
#10701 = EDGE_LOOP('',(#10702,#10710,#10716,#10717));
#10702 = ORIENTED_EDGE('',*,*,#10703,.T.);
#10703 = EDGE_CURVE('',#10679,#10704,#10706,.T.);
#10704 = VERTEX_POINT('',#10705);
#10705 = CARTESIAN_POINT('',(3.588333333333,-3.538333333333,3.685));
#10706 = LINE('',#10707,#10708);
#10707 = CARTESIAN_POINT('',(3.588333333333,-2.816666666667,3.685));
#10708 = VECTOR('',#10709,1.);
#10709 = DIRECTION('',(0.,-1.,0.));
#10710 = ORIENTED_EDGE('',*,*,#10711,.T.);
#10711 = EDGE_CURVE('',#10704,#8891,#10712,.T.);
#10712 = LINE('',#10713,#10714);
#10713 = CARTESIAN_POINT('',(3.588333333333,-3.538333333333,0.));
#10714 = VECTOR('',#10715,1.);
#10715 = DIRECTION('',(0.,0.,1.));
#10716 = ORIENTED_EDGE('',*,*,#8899,.T.);
#10717 = ORIENTED_EDGE('',*,*,#10678,.F.);
#10718 = PLANE('',#10719);
#10719 = AXIS2_PLACEMENT_3D('',#10720,#10721,#10722);
#10720 = CARTESIAN_POINT('',(3.588333333333,-3.938333333333,0.));
#10721 = DIRECTION('',(-1.,0.,0.));
#10722 = DIRECTION('',(0.,1.,0.));
#10723 = ADVANCED_FACE('',(#10724),#10736,.T.);
#10724 = FACE_BOUND('',#10725,.T.);
#10725 = EDGE_LOOP('',(#10726,#10727,#10734,#10735));
#10726 = ORIENTED_EDGE('',*,*,#9274,.F.);
#10727 = ORIENTED_EDGE('',*,*,#10728,.T.);
#10728 = EDGE_CURVE('',#9265,#10704,#10729,.T.);
#10729 = CIRCLE('',#10730,0.4);
#10730 = AXIS2_PLACEMENT_3D('',#10731,#10732,#10733);
#10731 = CARTESIAN_POINT('',(3.188333333333,-3.538333333333,3.685));
#10732 = DIRECTION('',(-0.,0.,1.));
#10733 = DIRECTION('',(0.,-1.,0.));
#10734 = ORIENTED_EDGE('',*,*,#10711,.T.);
#10735 = ORIENTED_EDGE('',*,*,#8890,.F.);
#10736 = CYLINDRICAL_SURFACE('',#10737,0.4);
#10737 = AXIS2_PLACEMENT_3D('',#10738,#10739,#10740);
#10738 = CARTESIAN_POINT('',(3.188333333333,-3.538333333333,0.));
#10739 = DIRECTION('',(0.,0.,1.));
#10740 = DIRECTION('',(0.,-1.,0.));
#10741 = ADVANCED_FACE('',(#10742),#10760,.F.);
#10742 = FACE_BOUND('',#10743,.F.);
#10743 = EDGE_LOOP('',(#10744,#10745,#10746,#10754));
#10744 = ORIENTED_EDGE('',*,*,#8974,.F.);
#10745 = ORIENTED_EDGE('',*,*,#10640,.T.);
#10746 = ORIENTED_EDGE('',*,*,#10747,.T.);
#10747 = EDGE_CURVE('',#10633,#10748,#10750,.T.);
#10748 = VERTEX_POINT('',#10749);
#10749 = CARTESIAN_POINT('',(1.58122699077,-1.348589838486,3.685));
#10750 = LINE('',#10751,#10752);
#10751 = CARTESIAN_POINT('',(1.734690809727,-1.614396970044,3.685));
#10752 = VECTOR('',#10753,1.);
#10753 = DIRECTION('',(-0.5,0.866025403784,0.));
#10754 = ORIENTED_EDGE('',*,*,#10755,.F.);
#10755 = EDGE_CURVE('',#8975,#10748,#10756,.T.);
#10756 = LINE('',#10757,#10758);
#10757 = CARTESIAN_POINT('',(1.58122699077,-1.348589838486,7.37));
#10758 = VECTOR('',#10759,1.);
#10759 = DIRECTION('',(0.,-1.224646799147E-16,-1.));
#10760 = PLANE('',#10761);
#10761 = AXIS2_PLACEMENT_3D('',#10762,#10763,#10764);
#10762 = CARTESIAN_POINT('',(1.78122699077,-1.695,7.37));
#10763 = DIRECTION('',(0.866025403784,0.5,-6.123233995739E-17));
#10764 = DIRECTION('',(-0.5,0.866025403784,-1.060575238725E-16));
#10765 = ADVANCED_FACE('',(#10766),#10784,.F.);
#10766 = FACE_BOUND('',#10767,.F.);
#10767 = EDGE_LOOP('',(#10768,#10776,#10777,#10778));
#10768 = ORIENTED_EDGE('',*,*,#10769,.F.);
#10769 = EDGE_CURVE('',#9084,#10770,#10772,.T.);
#10770 = VERTEX_POINT('',#10771);
#10771 = CARTESIAN_POINT('',(3.065128252576,-0.491859045531,3.685));
#10772 = LINE('',#10773,#10774);
#10773 = CARTESIAN_POINT('',(3.065128252576,-0.491859045531,7.37));
#10774 = VECTOR('',#10775,1.);
#10775 = DIRECTION('',(0.,-1.224646799147E-16,-1.));
#10776 = ORIENTED_EDGE('',*,*,#9092,.F.);
#10777 = ORIENTED_EDGE('',*,*,#10755,.T.);
#10778 = ORIENTED_EDGE('',*,*,#10779,.T.);
#10779 = EDGE_CURVE('',#10748,#10770,#10780,.T.);
#10780 = LINE('',#10781,#10782);
#10781 = CARTESIAN_POINT('',(1.441618447643,-1.429192868442,3.685));
#10782 = VECTOR('',#10783,1.);
#10783 = DIRECTION('',(0.866025403784,0.5,0.));
#10784 = PLANE('',#10785);
#10785 = AXIS2_PLACEMENT_3D('',#10786,#10787,#10788);
#10786 = CARTESIAN_POINT('',(1.58122699077,-1.348589838486,7.37));
#10787 = DIRECTION('',(0.5,-0.866025403784,1.060575238725E-16));
#10788 = DIRECTION('',(0.866025403784,0.5,-6.123233995739E-17));
#10789 = ADVANCED_FACE('',(#10790),#10809,.F.);
#10790 = FACE_BOUND('',#10791,.F.);
#10791 = EDGE_LOOP('',(#10792,#10801,#10807,#10808));
#10792 = ORIENTED_EDGE('',*,*,#10793,.F.);
#10793 = EDGE_CURVE('',#10794,#10770,#10796,.T.);
#10794 = VERTEX_POINT('',#10795);
#10795 = CARTESIAN_POINT('',(3.215128252576,-0.232051424396,3.685));
#10796 = CIRCLE('',#10797,0.3);
#10797 = AXIS2_PLACEMENT_3D('',#10798,#10799,#10800);
#10798 = CARTESIAN_POINT('',(2.915128252576,-0.232051424396,3.685));
#10799 = DIRECTION('',(6.162975822039E-33,-1.224646799147E-16,-1.));
#10800 = DIRECTION('',(0.5,-0.866025403784,1.060575238724E-16));
#10801 = ORIENTED_EDGE('',*,*,#10802,.F.);
#10802 = EDGE_CURVE('',#9076,#10794,#10803,.T.);
#10803 = LINE('',#10804,#10805);
#10804 = CARTESIAN_POINT('',(3.215128252576,-0.232051424396,7.37));
#10805 = VECTOR('',#10806,1.);
#10806 = DIRECTION('',(0.,-1.224646799147E-16,-1.));
#10807 = ORIENTED_EDGE('',*,*,#9083,.F.);
#10808 = ORIENTED_EDGE('',*,*,#10769,.T.);
#10809 = CYLINDRICAL_SURFACE('',#10810,0.3);
#10810 = AXIS2_PLACEMENT_3D('',#10811,#10812,#10813);
#10811 = CARTESIAN_POINT('',(2.915128252576,-0.232051424396,7.37));
#10812 = DIRECTION('',(0.,-1.224646799147E-16,-1.));
#10813 = DIRECTION('',(0.5,-0.866025403784,1.060575238724E-16));
#10814 = ADVANCED_FACE('',(#10815),#10833,.F.);
#10815 = FACE_BOUND('',#10816,.F.);
#10816 = EDGE_LOOP('',(#10817,#10818,#10819,#10827));
#10817 = ORIENTED_EDGE('',*,*,#9075,.F.);
#10818 = ORIENTED_EDGE('',*,*,#10802,.T.);
#10819 = ORIENTED_EDGE('',*,*,#10820,.T.);
#10820 = EDGE_CURVE('',#10794,#10821,#10823,.T.);
#10821 = VERTEX_POINT('',#10822);
#10822 = CARTESIAN_POINT('',(3.215128252576,-0.151666666667,3.685));
#10823 = LINE('',#10824,#10825);
#10824 = CARTESIAN_POINT('',(3.215128252576,-1.050128252576,3.685));
#10825 = VECTOR('',#10826,1.);
#10826 = DIRECTION('',(0.,1.,0.));
#10827 = ORIENTED_EDGE('',*,*,#10828,.F.);
#10828 = EDGE_CURVE('',#9067,#10821,#10829,.T.);
#10829 = LINE('',#10830,#10831);
#10830 = CARTESIAN_POINT('',(3.215128252576,-0.151666666667,7.37));
#10831 = VECTOR('',#10832,1.);
#10832 = DIRECTION('',(0.,-1.224646799147E-16,-1.));
#10833 = PLANE('',#10834);
#10834 = AXIS2_PLACEMENT_3D('',#10835,#10836,#10837);
#10835 = CARTESIAN_POINT('',(3.215128252576,-0.405256505153,7.37));
#10836 = DIRECTION('',(1.,0.,0.));
#10837 = DIRECTION('',(0.,1.,-1.224646799147E-16));
#10838 = ADVANCED_FACE('',(#10839),#10858,.F.);
#10839 = FACE_BOUND('',#10840,.F.);
#10840 = EDGE_LOOP('',(#10841,#10850,#10856,#10857));
#10841 = ORIENTED_EDGE('',*,*,#10842,.F.);
#10842 = EDGE_CURVE('',#10843,#10821,#10845,.T.);
#10843 = VERTEX_POINT('',#10844);
#10844 = CARTESIAN_POINT('',(2.915128252576,0.148333333333,3.685));
#10845 = CIRCLE('',#10846,0.3);
#10846 = AXIS2_PLACEMENT_3D('',#10847,#10848,#10849);
#10847 = CARTESIAN_POINT('',(2.915128252576,-0.151666666667,3.685));
#10848 = DIRECTION('',(0.,-1.224646799147E-16,-1.));
#10849 = DIRECTION('',(1.,0.,0.));
#10850 = ORIENTED_EDGE('',*,*,#10851,.F.);
#10851 = EDGE_CURVE('',#9059,#10843,#10852,.T.);
#10852 = LINE('',#10853,#10854);
#10853 = CARTESIAN_POINT('',(2.915128252576,0.148333333333,7.37));
#10854 = VECTOR('',#10855,1.);
#10855 = DIRECTION('',(0.,-1.224646799147E-16,-1.));
#10856 = ORIENTED_EDGE('',*,*,#9066,.F.);
#10857 = ORIENTED_EDGE('',*,*,#10828,.T.);
#10858 = CYLINDRICAL_SURFACE('',#10859,0.3);
#10859 = AXIS2_PLACEMENT_3D('',#10860,#10861,#10862);
#10860 = CARTESIAN_POINT('',(2.915128252576,-0.151666666667,7.37));
#10861 = DIRECTION('',(0.,-1.224646799147E-16,-1.));
#10862 = DIRECTION('',(1.,0.,0.));
#10863 = ADVANCED_FACE('',(#10864),#10882,.F.);
#10864 = FACE_BOUND('',#10865,.F.);
#10865 = EDGE_LOOP('',(#10866,#10874,#10875,#10876));
#10866 = ORIENTED_EDGE('',*,*,#10867,.F.);
#10867 = EDGE_CURVE('',#9050,#10868,#10870,.T.);
#10868 = VERTEX_POINT('',#10869);
#10869 = CARTESIAN_POINT('',(-0.545,0.148333333333,3.685));
#10870 = LINE('',#10871,#10872);
#10871 = CARTESIAN_POINT('',(-0.545,0.148333333333,7.37));
#10872 = VECTOR('',#10873,1.);
#10873 = DIRECTION('',(0.,-1.224646799147E-16,-1.));
#10874 = ORIENTED_EDGE('',*,*,#9058,.F.);
#10875 = ORIENTED_EDGE('',*,*,#10851,.T.);
#10876 = ORIENTED_EDGE('',*,*,#10877,.T.);
#10877 = EDGE_CURVE('',#10843,#10868,#10878,.T.);
#10878 = LINE('',#10879,#10880);
#10879 = CARTESIAN_POINT('',(2.312032897503,0.148333333333,3.685));
#10880 = VECTOR('',#10881,1.);
#10881 = DIRECTION('',(-1.,0.,0.));
#10882 = PLANE('',#10883);
#10883 = AXIS2_PLACEMENT_3D('',#10884,#10885,#10886);
#10884 = CARTESIAN_POINT('',(3.215128252576,0.148333333333,7.37));
#10885 = DIRECTION('',(0.,1.,-1.224646799147E-16));
#10886 = DIRECTION('',(-1.,0.,-0.));
#10887 = ADVANCED_FACE('',(#10888),#10907,.F.);
#10888 = FACE_BOUND('',#10889,.F.);
#10889 = EDGE_LOOP('',(#10890,#10898,#10899,#10900));
#10890 = ORIENTED_EDGE('',*,*,#10891,.F.);
#10891 = EDGE_CURVE('',#9042,#10892,#10894,.T.);
#10892 = VERTEX_POINT('',#10893);
#10893 = CARTESIAN_POINT('',(-0.845,-0.151666666667,3.685));
#10894 = LINE('',#10895,#10896);
#10895 = CARTESIAN_POINT('',(-0.845,-0.151666666667,7.37));
#10896 = VECTOR('',#10897,1.);
#10897 = DIRECTION('',(0.,-1.224646799147E-16,-1.));
#10898 = ORIENTED_EDGE('',*,*,#9049,.T.);
#10899 = ORIENTED_EDGE('',*,*,#10867,.T.);
#10900 = ORIENTED_EDGE('',*,*,#10901,.F.);
#10901 = EDGE_CURVE('',#10892,#10868,#10902,.T.);
#10902 = CIRCLE('',#10903,0.3);
#10903 = AXIS2_PLACEMENT_3D('',#10904,#10905,#10906);
#10904 = CARTESIAN_POINT('',(-0.545,-0.151666666667,3.685));
#10905 = DIRECTION('',(-0.,-1.224646799147E-16,-1.));
#10906 = DIRECTION('',(-1.,0.,0.));
#10907 = CYLINDRICAL_SURFACE('',#10908,0.3);
#10908 = AXIS2_PLACEMENT_3D('',#10909,#10910,#10911);
#10909 = CARTESIAN_POINT('',(-0.545,-0.151666666667,7.37));
#10910 = DIRECTION('',(0.,-1.224646799147E-16,-1.));
#10911 = DIRECTION('',(-1.,-0.,0.));
#10912 = ADVANCED_FACE('',(#10913),#10931,.T.);
#10913 = FACE_BOUND('',#10914,.T.);
#10914 = EDGE_LOOP('',(#10915,#10923,#10924,#10925));
#10915 = ORIENTED_EDGE('',*,*,#10916,.T.);
#10916 = EDGE_CURVE('',#10917,#10892,#10919,.T.);
#10917 = VERTEX_POINT('',#10918);
#10918 = CARTESIAN_POINT('',(-0.845,-3.238333333333,3.685));
#10919 = LINE('',#10920,#10921);
#10920 = CARTESIAN_POINT('',(-0.845,-1.695,3.685));
#10921 = VECTOR('',#10922,1.);
#10922 = DIRECTION('',(0.,1.,0.));
#10923 = ORIENTED_EDGE('',*,*,#10891,.F.);
#10924 = ORIENTED_EDGE('',*,*,#9041,.F.);
#10925 = ORIENTED_EDGE('',*,*,#10926,.F.);
#10926 = EDGE_CURVE('',#10917,#9033,#10927,.T.);
#10927 = LINE('',#10928,#10929);
#10928 = CARTESIAN_POINT('',(-0.845,-3.238333333333,0.));
#10929 = VECTOR('',#10930,1.);
#10930 = DIRECTION('',(0.,0.,1.));
#10931 = PLANE('',#10932);
#10932 = AXIS2_PLACEMENT_3D('',#10933,#10934,#10935);
#10933 = CARTESIAN_POINT('',(-0.845,-1.695,3.685));
#10934 = DIRECTION('',(1.,0.,0.));
#10935 = DIRECTION('',(0.,0.,1.));
#10936 = ADVANCED_FACE('',(#10937),#10956,.F.);
#10937 = FACE_BOUND('',#10938,.F.);
#10938 = EDGE_LOOP('',(#10939,#10940,#10941,#10950));
#10939 = ORIENTED_EDGE('',*,*,#9032,.T.);
#10940 = ORIENTED_EDGE('',*,*,#10926,.F.);
#10941 = ORIENTED_EDGE('',*,*,#10942,.T.);
#10942 = EDGE_CURVE('',#10917,#10943,#10945,.T.);
#10943 = VERTEX_POINT('',#10944);
#10944 = CARTESIAN_POINT('',(-0.545,-3.538333333333,3.685));
#10945 = CIRCLE('',#10946,0.3);
#10946 = AXIS2_PLACEMENT_3D('',#10947,#10948,#10949);
#10947 = CARTESIAN_POINT('',(-0.545,-3.238333333333,3.685));
#10948 = DIRECTION('',(-0.,0.,1.));
#10949 = DIRECTION('',(0.,-1.,0.));
#10950 = ORIENTED_EDGE('',*,*,#10951,.T.);
#10951 = EDGE_CURVE('',#10943,#9025,#10952,.T.);
#10952 = LINE('',#10953,#10954);
#10953 = CARTESIAN_POINT('',(-0.545,-3.538333333333,0.));
#10954 = VECTOR('',#10955,1.);
#10955 = DIRECTION('',(0.,0.,1.));
#10956 = CYLINDRICAL_SURFACE('',#10957,0.3);
#10957 = AXIS2_PLACEMENT_3D('',#10958,#10959,#10960);
#10958 = CARTESIAN_POINT('',(-0.545,-3.238333333333,0.));
#10959 = DIRECTION('',(0.,0.,1.));
#10960 = DIRECTION('',(0.,-1.,0.));
#10961 = ADVANCED_FACE('',(#10962),#10980,.F.);
#10962 = FACE_BOUND('',#10963,.F.);
#10963 = EDGE_LOOP('',(#10964,#10972,#10978,#10979));
#10964 = ORIENTED_EDGE('',*,*,#10965,.T.);
#10965 = EDGE_CURVE('',#10943,#10966,#10968,.T.);
#10966 = VERTEX_POINT('',#10967);
#10967 = CARTESIAN_POINT('',(2.915128252576,-3.538333333333,3.685));
#10968 = LINE('',#10969,#10970);
#10969 = CARTESIAN_POINT('',(2.312032897503,-3.538333333333,3.685));
#10970 = VECTOR('',#10971,1.);
#10971 = DIRECTION('',(1.,0.,0.));
#10972 = ORIENTED_EDGE('',*,*,#10973,.T.);
#10973 = EDGE_CURVE('',#10966,#9016,#10974,.T.);
#10974 = LINE('',#10975,#10976);
#10975 = CARTESIAN_POINT('',(2.915128252576,-3.538333333333,0.));
#10976 = VECTOR('',#10977,1.);
#10977 = DIRECTION('',(0.,0.,1.));
#10978 = ORIENTED_EDGE('',*,*,#9024,.T.);
#10979 = ORIENTED_EDGE('',*,*,#10951,.F.);
#10980 = PLANE('',#10981);
#10981 = AXIS2_PLACEMENT_3D('',#10982,#10983,#10984);
#10982 = CARTESIAN_POINT('',(3.215128252576,-3.538333333333,0.));
#10983 = DIRECTION('',(0.,-1.,0.));
#10984 = DIRECTION('',(-1.,0.,0.));
#10985 = ADVANCED_FACE('',(#10986),#11005,.F.);
#10986 = FACE_BOUND('',#10987,.F.);
#10987 = EDGE_LOOP('',(#10988,#10989,#10990,#10999));
#10988 = ORIENTED_EDGE('',*,*,#9015,.T.);
#10989 = ORIENTED_EDGE('',*,*,#10973,.F.);
#10990 = ORIENTED_EDGE('',*,*,#10991,.T.);
#10991 = EDGE_CURVE('',#10966,#10992,#10994,.T.);
#10992 = VERTEX_POINT('',#10993);
#10993 = CARTESIAN_POINT('',(3.215128252576,-3.238333333333,3.685));
#10994 = CIRCLE('',#10995,0.3);
#10995 = AXIS2_PLACEMENT_3D('',#10996,#10997,#10998);
#10996 = CARTESIAN_POINT('',(2.915128252576,-3.238333333333,3.685));
#10997 = DIRECTION('',(0.,0.,1.));
#10998 = DIRECTION('',(1.,0.,-0.));
#10999 = ORIENTED_EDGE('',*,*,#11000,.T.);
#11000 = EDGE_CURVE('',#10992,#9008,#11001,.T.);
#11001 = LINE('',#11002,#11003);
#11002 = CARTESIAN_POINT('',(3.215128252576,-3.238333333333,0.));
#11003 = VECTOR('',#11004,1.);
#11004 = DIRECTION('',(0.,0.,1.));
#11005 = CYLINDRICAL_SURFACE('',#11006,0.3);
#11006 = AXIS2_PLACEMENT_3D('',#11007,#11008,#11009);
#11007 = CARTESIAN_POINT('',(2.915128252576,-3.238333333333,0.));
#11008 = DIRECTION('',(0.,0.,1.));
#11009 = DIRECTION('',(1.,0.,-0.));
#11010 = ADVANCED_FACE('',(#11011),#11029,.F.);
#11011 = FACE_BOUND('',#11012,.F.);
#11012 = EDGE_LOOP('',(#11013,#11021,#11027,#11028));
#11013 = ORIENTED_EDGE('',*,*,#11014,.T.);
#11014 = EDGE_CURVE('',#10992,#11015,#11017,.T.);
#11015 = VERTEX_POINT('',#11016);
#11016 = CARTESIAN_POINT('',(3.215128252576,-3.157948575604,3.685));
#11017 = LINE('',#11018,#11019);
#11018 = CARTESIAN_POINT('',(3.215128252576,-2.339871747424,3.685));
#11019 = VECTOR('',#11020,1.);
#11020 = DIRECTION('',(0.,1.,0.));
#11021 = ORIENTED_EDGE('',*,*,#11022,.T.);
#11022 = EDGE_CURVE('',#11015,#8999,#11023,.T.);
#11023 = LINE('',#11024,#11025);
#11024 = CARTESIAN_POINT('',(3.215128252576,-3.157948575604,0.));
#11025 = VECTOR('',#11026,1.);
#11026 = DIRECTION('',(0.,0.,1.));
#11027 = ORIENTED_EDGE('',*,*,#9007,.T.);
#11028 = ORIENTED_EDGE('',*,*,#11000,.F.);
#11029 = PLANE('',#11030);
#11030 = AXIS2_PLACEMENT_3D('',#11031,#11032,#11033);
#11031 = CARTESIAN_POINT('',(3.215128252576,-2.984743494847,0.));
#11032 = DIRECTION('',(1.,0.,0.));
#11033 = DIRECTION('',(0.,-1.,0.));
#11034 = ADVANCED_FACE('',(#11035),#11054,.F.);
#11035 = FACE_BOUND('',#11036,.F.);
#11036 = EDGE_LOOP('',(#11037,#11038,#11039,#11048));
#11037 = ORIENTED_EDGE('',*,*,#8998,.T.);
#11038 = ORIENTED_EDGE('',*,*,#11022,.F.);
#11039 = ORIENTED_EDGE('',*,*,#11040,.T.);
#11040 = EDGE_CURVE('',#11015,#11041,#11043,.T.);
#11041 = VERTEX_POINT('',#11042);
#11042 = CARTESIAN_POINT('',(3.065128252576,-2.898140954469,3.685));
#11043 = CIRCLE('',#11044,0.3);
#11044 = AXIS2_PLACEMENT_3D('',#11045,#11046,#11047);
#11045 = CARTESIAN_POINT('',(2.915128252576,-3.157948575604,3.685));
#11046 = DIRECTION('',(0.,-0.,1.));
#11047 = DIRECTION('',(0.5,0.866025403784,0.));
#11048 = ORIENTED_EDGE('',*,*,#11049,.T.);
#11049 = EDGE_CURVE('',#11041,#8991,#11050,.T.);
#11050 = LINE('',#11051,#11052);
#11051 = CARTESIAN_POINT('',(3.065128252576,-2.898140954469,0.));
#11052 = VECTOR('',#11053,1.);
#11053 = DIRECTION('',(0.,0.,1.));
#11054 = CYLINDRICAL_SURFACE('',#11055,0.3);
#11055 = AXIS2_PLACEMENT_3D('',#11056,#11057,#11058);
#11056 = CARTESIAN_POINT('',(2.915128252576,-3.157948575604,0.));
#11057 = DIRECTION('',(0.,0.,1.));
#11058 = DIRECTION('',(0.5,0.866025403784,-0.));
#11059 = ADVANCED_FACE('',(#11060),#11078,.F.);
#11060 = FACE_BOUND('',#11061,.F.);
#11061 = EDGE_LOOP('',(#11062,#11063,#11071,#11077));
#11062 = ORIENTED_EDGE('',*,*,#11049,.F.);
#11063 = ORIENTED_EDGE('',*,*,#11064,.T.);
#11064 = EDGE_CURVE('',#11041,#11065,#11067,.T.);
#11065 = VERTEX_POINT('',#11066);
#11066 = CARTESIAN_POINT('',(1.58122699077,-2.041410161514,3.685));
#11067 = LINE('',#11068,#11069);
#11068 = CARTESIAN_POINT('',(1.441618447643,-1.960807131558,3.685));
#11069 = VECTOR('',#11070,1.);
#11070 = DIRECTION('',(-0.866025403784,0.5,0.));
#11071 = ORIENTED_EDGE('',*,*,#11072,.T.);
#11072 = EDGE_CURVE('',#11065,#8983,#11073,.T.);
#11073 = LINE('',#11074,#11075);
#11074 = CARTESIAN_POINT('',(1.58122699077,-2.041410161514,0.));
#11075 = VECTOR('',#11076,1.);
#11076 = DIRECTION('',(0.,0.,1.));
#11077 = ORIENTED_EDGE('',*,*,#8990,.T.);
#11078 = PLANE('',#11079);
#11079 = AXIS2_PLACEMENT_3D('',#11080,#11081,#11082);
#11080 = CARTESIAN_POINT('',(1.58122699077,-2.041410161514,0.));
#11081 = DIRECTION('',(0.5,0.866025403784,0.));
#11082 = DIRECTION('',(0.866025403784,-0.5,0.));
#11083 = ADVANCED_FACE('',(#11084),#11095,.F.);
#11084 = FACE_BOUND('',#11085,.F.);
#11085 = EDGE_LOOP('',(#11086,#11087,#11088,#11089));
#11086 = ORIENTED_EDGE('',*,*,#10640,.F.);
#11087 = ORIENTED_EDGE('',*,*,#8982,.T.);
#11088 = ORIENTED_EDGE('',*,*,#11072,.F.);
#11089 = ORIENTED_EDGE('',*,*,#11090,.T.);
#11090 = EDGE_CURVE('',#11065,#10633,#11091,.T.);
#11091 = LINE('',#11092,#11093);
#11092 = CARTESIAN_POINT('',(1.734690809727,-1.775603029956,3.685));
#11093 = VECTOR('',#11094,1.);
#11094 = DIRECTION('',(0.5,0.866025403784,0.));
#11095 = PLANE('',#11096);
#11096 = AXIS2_PLACEMENT_3D('',#11097,#11098,#11099);
#11097 = CARTESIAN_POINT('',(1.78122699077,-1.695,0.));
#11098 = DIRECTION('',(0.866025403784,-0.5,0.));
#11099 = DIRECTION('',(-0.5,-0.866025403784,0.));
#11100 = ADVANCED_FACE('',(#11101),#11118,.T.);
#11101 = FACE_BOUND('',#11102,.T.);
#11102 = EDGE_LOOP('',(#11103,#11104,#11105,#11106,#11107,#11108,#11109,
    #11110,#11111,#11112,#11113,#11114,#11115,#11116,#11117));
#11103 = ORIENTED_EDGE('',*,*,#10728,.F.);
#11104 = ORIENTED_EDGE('',*,*,#9264,.T.);
#11105 = ORIENTED_EDGE('',*,*,#9319,.T.);
#11106 = ORIENTED_EDGE('',*,*,#9295,.T.);
#11107 = ORIENTED_EDGE('',*,*,#9240,.T.);
#11108 = ORIENTED_EDGE('',*,*,#9216,.T.);
#11109 = ORIENTED_EDGE('',*,*,#9168,.T.);
#11110 = ORIENTED_EDGE('',*,*,#9106,.T.);
#11111 = ORIENTED_EDGE('',*,*,#10566,.T.);
#11112 = ORIENTED_EDGE('',*,*,#10583,.T.);
#11113 = ORIENTED_EDGE('',*,*,#10615,.T.);
#11114 = ORIENTED_EDGE('',*,*,#10632,.T.);
#11115 = ORIENTED_EDGE('',*,*,#10654,.T.);
#11116 = ORIENTED_EDGE('',*,*,#10686,.F.);
#11117 = ORIENTED_EDGE('',*,*,#10703,.T.);
#11118 = PLANE('',#11119);
#11119 = AXIS2_PLACEMENT_3D('',#11120,#11121,#11122);
#11120 = CARTESIAN_POINT('',(1.40893754243,-1.695,3.685));
#11121 = DIRECTION('',(0.,0.,1.));
#11122 = DIRECTION('',(1.,0.,-0.));
#11123 = ADVANCED_FACE('',(#11124),#11129,.T.);
#11124 = FACE_BOUND('',#11125,.T.);
#11125 = EDGE_LOOP('',(#11126,#11127,#11128));
#11126 = ORIENTED_EDGE('',*,*,#9137,.T.);
#11127 = ORIENTED_EDGE('',*,*,#9192,.T.);
#11128 = ORIENTED_EDGE('',*,*,#10540,.F.);
#11129 = PLANE('',#11130);
#11130 = AXIS2_PLACEMENT_3D('',#11131,#11132,#11133);
#11131 = CARTESIAN_POINT('',(1.40893754243,-1.695,3.685));
#11132 = DIRECTION('',(0.,0.,1.));
#11133 = DIRECTION('',(1.,0.,-0.));
#11134 = ADVANCED_FACE('',(#11135),#11162,.T.);
#11135 = FACE_BOUND('',#11136,.T.);
#11136 = EDGE_LOOP('',(#11137,#11147,#11153,#11154,#11155,#11156));
#11137 = ORIENTED_EDGE('',*,*,#11138,.T.);
#11138 = EDGE_CURVE('',#11139,#11141,#11143,.T.);
#11139 = VERTEX_POINT('',#11140);
#11140 = CARTESIAN_POINT('',(0.3925,-3.2,-2.79));
#11141 = VERTEX_POINT('',#11142);
#11142 = CARTESIAN_POINT('',(-0.3925,-3.2,-2.79));
#11143 = LINE('',#11144,#11145);
#11144 = CARTESIAN_POINT('',(0.785,-3.2,-2.79));
#11145 = VECTOR('',#11146,1.);
#11146 = DIRECTION('',(-1.,0.,0.));
#11147 = ORIENTED_EDGE('',*,*,#11148,.F.);
#11148 = EDGE_CURVE('',#9498,#11141,#11149,.T.);
#11149 = LINE('',#11150,#11151);
#11150 = CARTESIAN_POINT('',(-0.89375,-3.2,-2.28875));
#11151 = VECTOR('',#11152,1.);
#11152 = DIRECTION('',(0.707106781187,0.,-0.707106781187));
#11153 = ORIENTED_EDGE('',*,*,#9497,.F.);
#11154 = ORIENTED_EDGE('',*,*,#9398,.F.);
#11155 = ORIENTED_EDGE('',*,*,#9441,.T.);
#11156 = ORIENTED_EDGE('',*,*,#11157,.F.);
#11157 = EDGE_CURVE('',#11139,#9434,#11158,.T.);
#11158 = LINE('',#11159,#11160);
#11159 = CARTESIAN_POINT('',(1.28625,-3.2,-1.89625));
#11160 = VECTOR('',#11161,1.);
#11161 = DIRECTION('',(0.707106781187,0.,0.707106781187));
#11162 = PLANE('',#11163);
#11163 = AXIS2_PLACEMENT_3D('',#11164,#11165,#11166);
#11164 = CARTESIAN_POINT('',(0.785,-3.2,0.));
#11165 = DIRECTION('',(0.,1.,0.));
#11166 = DIRECTION('',(-1.,0.,0.));
#11167 = ADVANCED_FACE('',(#11168),#11195,.T.);
#11168 = FACE_BOUND('',#11169,.T.);
#11169 = EDGE_LOOP('',(#11170,#11180,#11186,#11187,#11188,#11189));
#11170 = ORIENTED_EDGE('',*,*,#11171,.T.);
#11171 = EDGE_CURVE('',#11172,#11174,#11176,.T.);
#11172 = VERTEX_POINT('',#11173);
#11173 = CARTESIAN_POINT('',(-0.3925,-0.2,-2.79));
#11174 = VERTEX_POINT('',#11175);
#11175 = CARTESIAN_POINT('',(0.3925,-0.2,-2.79));
#11176 = LINE('',#11177,#11178);
#11177 = CARTESIAN_POINT('',(-0.785,-0.2,-2.79));
#11178 = VECTOR('',#11179,1.);
#11179 = DIRECTION('',(1.,0.,0.));
#11180 = ORIENTED_EDGE('',*,*,#11181,.T.);
#11181 = EDGE_CURVE('',#11174,#9595,#11182,.T.);
#11182 = LINE('',#11183,#11184);
#11183 = CARTESIAN_POINT('',(0.89375,-0.2,-2.28875));
#11184 = VECTOR('',#11185,1.);
#11185 = DIRECTION('',(0.707106781187,0.,0.707106781187));
#11186 = ORIENTED_EDGE('',*,*,#9594,.F.);
#11187 = ORIENTED_EDGE('',*,*,#9373,.F.);
#11188 = ORIENTED_EDGE('',*,*,#9538,.T.);
#11189 = ORIENTED_EDGE('',*,*,#11190,.T.);
#11190 = EDGE_CURVE('',#9531,#11172,#11191,.T.);
#11191 = LINE('',#11192,#11193);
#11192 = CARTESIAN_POINT('',(-1.28625,-0.2,-1.89625));
#11193 = VECTOR('',#11194,1.);
#11194 = DIRECTION('',(0.707106781187,0.,-0.707106781187));
#11195 = PLANE('',#11196);
#11196 = AXIS2_PLACEMENT_3D('',#11197,#11198,#11199);
#11197 = CARTESIAN_POINT('',(-0.785,-0.2,0.));
#11198 = DIRECTION('',(0.,-1.,0.));
#11199 = DIRECTION('',(1.,0.,0.));
#11200 = ADVANCED_FACE('',(#11201),#11212,.F.);
#11201 = FACE_BOUND('',#11202,.T.);
#11202 = EDGE_LOOP('',(#11203,#11204,#11210,#11211));
#11203 = ORIENTED_EDGE('',*,*,#9467,.F.);
#11204 = ORIENTED_EDGE('',*,*,#11205,.T.);
#11205 = EDGE_CURVE('',#9460,#11139,#11206,.T.);
#11206 = LINE('',#11207,#11208);
#11207 = CARTESIAN_POINT('',(0.3925,-3.6,-2.79));
#11208 = VECTOR('',#11209,1.);
#11209 = DIRECTION('',(0.,1.,0.));
#11210 = ORIENTED_EDGE('',*,*,#11157,.T.);
#11211 = ORIENTED_EDGE('',*,*,#9433,.F.);
#11212 = PLANE('',#11213);
#11213 = AXIS2_PLACEMENT_3D('',#11214,#11215,#11216);
#11214 = CARTESIAN_POINT('',(0.58875,-3.6,-2.59375));
#11215 = DIRECTION('',(-0.707106781187,0.,0.707106781187));
#11216 = DIRECTION('',(-0.,-1.,0.));
#11217 = ADVANCED_FACE('',(#11218),#11229,.F.);
#11218 = FACE_BOUND('',#11219,.F.);
#11219 = EDGE_LOOP('',(#11220,#11221,#11222,#11223));
#11220 = ORIENTED_EDGE('',*,*,#9457,.T.);
#11221 = ORIENTED_EDGE('',*,*,#11205,.T.);
#11222 = ORIENTED_EDGE('',*,*,#11138,.T.);
#11223 = ORIENTED_EDGE('',*,*,#11224,.T.);
#11224 = EDGE_CURVE('',#11141,#9458,#11225,.T.);
#11225 = LINE('',#11226,#11227);
#11226 = CARTESIAN_POINT('',(-0.3925,-3.2,-2.79));
#11227 = VECTOR('',#11228,1.);
#11228 = DIRECTION('',(0.,-1.,0.));
#11229 = PLANE('',#11230);
#11230 = AXIS2_PLACEMENT_3D('',#11231,#11232,#11233);
#11231 = CARTESIAN_POINT('',(0.,-3.4,-2.79));
#11232 = DIRECTION('',(0.,0.,1.));
#11233 = DIRECTION('',(1.,0.,-0.));
#11234 = ADVANCED_FACE('',(#11235),#11241,.F.);
#11235 = FACE_BOUND('',#11236,.F.);
#11236 = EDGE_LOOP('',(#11237,#11238,#11239,#11240));
#11237 = ORIENTED_EDGE('',*,*,#11148,.F.);
#11238 = ORIENTED_EDGE('',*,*,#9505,.T.);
#11239 = ORIENTED_EDGE('',*,*,#9483,.T.);
#11240 = ORIENTED_EDGE('',*,*,#11224,.F.);
#11241 = PLANE('',#11242);
#11242 = AXIS2_PLACEMENT_3D('',#11243,#11244,#11245);
#11243 = CARTESIAN_POINT('',(-0.58875,-3.2,-2.59375));
#11244 = DIRECTION('',(0.707106781187,0.,0.707106781187));
#11245 = DIRECTION('',(0.,-1.,0.));
#11246 = ADVANCED_FACE('',(#11247),#11258,.F.);
#11247 = FACE_BOUND('',#11248,.F.);
#11248 = EDGE_LOOP('',(#11249,#11250,#11251,#11252));
#11249 = ORIENTED_EDGE('',*,*,#9564,.F.);
#11250 = ORIENTED_EDGE('',*,*,#9530,.T.);
#11251 = ORIENTED_EDGE('',*,*,#11190,.T.);
#11252 = ORIENTED_EDGE('',*,*,#11253,.F.);
#11253 = EDGE_CURVE('',#9557,#11172,#11254,.T.);
#11254 = LINE('',#11255,#11256);
#11255 = CARTESIAN_POINT('',(-0.3925,0.2,-2.79));
#11256 = VECTOR('',#11257,1.);
#11257 = DIRECTION('',(0.,-1.,0.));
#11258 = PLANE('',#11259);
#11259 = AXIS2_PLACEMENT_3D('',#11260,#11261,#11262);
#11260 = CARTESIAN_POINT('',(-0.58875,0.2,-2.59375));
#11261 = DIRECTION('',(0.707106781187,0.,0.707106781187));
#11262 = DIRECTION('',(0.,-1.,0.));
#11263 = ADVANCED_FACE('',(#11264),#11275,.F.);
#11264 = FACE_BOUND('',#11265,.F.);
#11265 = EDGE_LOOP('',(#11266,#11267,#11273,#11274));
#11266 = ORIENTED_EDGE('',*,*,#11171,.T.);
#11267 = ORIENTED_EDGE('',*,*,#11268,.T.);
#11268 = EDGE_CURVE('',#11174,#9555,#11269,.T.);
#11269 = LINE('',#11270,#11271);
#11270 = CARTESIAN_POINT('',(0.3925,-0.2,-2.79));
#11271 = VECTOR('',#11272,1.);
#11272 = DIRECTION('',(0.,1.,0.));
#11273 = ORIENTED_EDGE('',*,*,#9554,.T.);
#11274 = ORIENTED_EDGE('',*,*,#11253,.T.);
#11275 = PLANE('',#11276);
#11276 = AXIS2_PLACEMENT_3D('',#11277,#11278,#11279);
#11277 = CARTESIAN_POINT('',(0.,0.,-2.79));
#11278 = DIRECTION('',(0.,0.,1.));
#11279 = DIRECTION('',(1.,0.,-0.));
#11280 = ADVANCED_FACE('',(#11281),#11287,.F.);
#11281 = FACE_BOUND('',#11282,.T.);
#11282 = EDGE_LOOP('',(#11283,#11284,#11285,#11286));
#11283 = ORIENTED_EDGE('',*,*,#11181,.F.);
#11284 = ORIENTED_EDGE('',*,*,#11268,.T.);
#11285 = ORIENTED_EDGE('',*,*,#9580,.T.);
#11286 = ORIENTED_EDGE('',*,*,#9602,.F.);
#11287 = PLANE('',#11288);
#11288 = AXIS2_PLACEMENT_3D('',#11289,#11290,#11291);
#11289 = CARTESIAN_POINT('',(0.58875,-0.2,-2.59375));
#11290 = DIRECTION('',(-0.707106781187,0.,0.707106781187));
#11291 = DIRECTION('',(-0.,-1.,0.));
#11292 = ADVANCED_FACE('',(#11293),#11320,.T.);
#11293 = FACE_BOUND('',#11294,.T.);
#11294 = EDGE_LOOP('',(#11295,#11305,#11311,#11312,#11313,#11314));
#11295 = ORIENTED_EDGE('',*,*,#11296,.T.);
#11296 = EDGE_CURVE('',#11297,#11299,#11301,.T.);
#11297 = VERTEX_POINT('',#11298);
#11298 = CARTESIAN_POINT('',(9.5275,-0.2,-2.79));
#11299 = VERTEX_POINT('',#11300);
#11300 = CARTESIAN_POINT('',(10.3125,-0.2,-2.79));
#11301 = LINE('',#11302,#11303);
#11302 = CARTESIAN_POINT('',(9.135,-0.2,-2.79));
#11303 = VECTOR('',#11304,1.);
#11304 = DIRECTION('',(1.,0.,0.));
#11305 = ORIENTED_EDGE('',*,*,#11306,.T.);
#11306 = EDGE_CURVE('',#11299,#9759,#11307,.T.);
#11307 = LINE('',#11308,#11309);
#11308 = CARTESIAN_POINT('',(10.81375,-0.2,-2.28875));
#11309 = VECTOR('',#11310,1.);
#11310 = DIRECTION('',(0.707106781187,0.,0.707106781187));
#11311 = ORIENTED_EDGE('',*,*,#9758,.F.);
#11312 = ORIENTED_EDGE('',*,*,#9659,.F.);
#11313 = ORIENTED_EDGE('',*,*,#9702,.T.);
#11314 = ORIENTED_EDGE('',*,*,#11315,.T.);
#11315 = EDGE_CURVE('',#9695,#11297,#11316,.T.);
#11316 = LINE('',#11317,#11318);
#11317 = CARTESIAN_POINT('',(8.63375,-0.2,-1.89625));
#11318 = VECTOR('',#11319,1.);
#11319 = DIRECTION('',(0.707106781187,0.,-0.707106781187));
#11320 = PLANE('',#11321);
#11321 = AXIS2_PLACEMENT_3D('',#11322,#11323,#11324);
#11322 = CARTESIAN_POINT('',(9.135,-0.2,0.));
#11323 = DIRECTION('',(0.,-1.,0.));
#11324 = DIRECTION('',(1.,0.,0.));
#11325 = ADVANCED_FACE('',(#11326),#11353,.T.);
#11326 = FACE_BOUND('',#11327,.T.);
#11327 = EDGE_LOOP('',(#11328,#11338,#11344,#11345,#11346,#11347));
#11328 = ORIENTED_EDGE('',*,*,#11329,.T.);
#11329 = EDGE_CURVE('',#11330,#11332,#11334,.T.);
#11330 = VERTEX_POINT('',#11331);
#11331 = CARTESIAN_POINT('',(10.3125,-3.2,-2.79));
#11332 = VERTEX_POINT('',#11333);
#11333 = CARTESIAN_POINT('',(9.5275,-3.2,-2.79));
#11334 = LINE('',#11335,#11336);
#11335 = CARTESIAN_POINT('',(10.705,-3.2,-2.79));
#11336 = VECTOR('',#11337,1.);
#11337 = DIRECTION('',(-1.,0.,0.));
#11338 = ORIENTED_EDGE('',*,*,#11339,.F.);
#11339 = EDGE_CURVE('',#9856,#11332,#11340,.T.);
#11340 = LINE('',#11341,#11342);
#11341 = CARTESIAN_POINT('',(9.02625,-3.2,-2.28875));
#11342 = VECTOR('',#11343,1.);
#11343 = DIRECTION('',(0.707106781187,0.,-0.707106781187));
#11344 = ORIENTED_EDGE('',*,*,#9855,.F.);
#11345 = ORIENTED_EDGE('',*,*,#9634,.F.);
#11346 = ORIENTED_EDGE('',*,*,#9799,.T.);
#11347 = ORIENTED_EDGE('',*,*,#11348,.F.);
#11348 = EDGE_CURVE('',#11330,#9792,#11349,.T.);
#11349 = LINE('',#11350,#11351);
#11350 = CARTESIAN_POINT('',(11.20625,-3.2,-1.89625));
#11351 = VECTOR('',#11352,1.);
#11352 = DIRECTION('',(0.707106781187,0.,0.707106781187));
#11353 = PLANE('',#11354);
#11354 = AXIS2_PLACEMENT_3D('',#11355,#11356,#11357);
#11355 = CARTESIAN_POINT('',(10.705,-3.2,0.));
#11356 = DIRECTION('',(0.,1.,0.));
#11357 = DIRECTION('',(-1.,0.,0.));
#11358 = ADVANCED_FACE('',(#11359),#11370,.F.);
#11359 = FACE_BOUND('',#11360,.F.);
#11360 = EDGE_LOOP('',(#11361,#11362,#11363,#11364));
#11361 = ORIENTED_EDGE('',*,*,#9728,.F.);
#11362 = ORIENTED_EDGE('',*,*,#9694,.T.);
#11363 = ORIENTED_EDGE('',*,*,#11315,.T.);
#11364 = ORIENTED_EDGE('',*,*,#11365,.F.);
#11365 = EDGE_CURVE('',#9721,#11297,#11366,.T.);
#11366 = LINE('',#11367,#11368);
#11367 = CARTESIAN_POINT('',(9.5275,0.2,-2.79));
#11368 = VECTOR('',#11369,1.);
#11369 = DIRECTION('',(0.,-1.,0.));
#11370 = PLANE('',#11371);
#11371 = AXIS2_PLACEMENT_3D('',#11372,#11373,#11374);
#11372 = CARTESIAN_POINT('',(9.33125,0.2,-2.59375));
#11373 = DIRECTION('',(0.707106781187,0.,0.707106781187));
#11374 = DIRECTION('',(0.,-1.,0.));
#11375 = ADVANCED_FACE('',(#11376),#11387,.F.);
#11376 = FACE_BOUND('',#11377,.F.);
#11377 = EDGE_LOOP('',(#11378,#11379,#11385,#11386));
#11378 = ORIENTED_EDGE('',*,*,#11296,.T.);
#11379 = ORIENTED_EDGE('',*,*,#11380,.T.);
#11380 = EDGE_CURVE('',#11299,#9719,#11381,.T.);
#11381 = LINE('',#11382,#11383);
#11382 = CARTESIAN_POINT('',(10.3125,-0.2,-2.79));
#11383 = VECTOR('',#11384,1.);
#11384 = DIRECTION('',(0.,1.,0.));
#11385 = ORIENTED_EDGE('',*,*,#9718,.T.);
#11386 = ORIENTED_EDGE('',*,*,#11365,.T.);
#11387 = PLANE('',#11388);
#11388 = AXIS2_PLACEMENT_3D('',#11389,#11390,#11391);
#11389 = CARTESIAN_POINT('',(9.92,0.,-2.79));
#11390 = DIRECTION('',(0.,0.,1.));
#11391 = DIRECTION('',(1.,0.,-0.));
#11392 = ADVANCED_FACE('',(#11393),#11399,.F.);
#11393 = FACE_BOUND('',#11394,.T.);
#11394 = EDGE_LOOP('',(#11395,#11396,#11397,#11398));
#11395 = ORIENTED_EDGE('',*,*,#11306,.F.);
#11396 = ORIENTED_EDGE('',*,*,#11380,.T.);
#11397 = ORIENTED_EDGE('',*,*,#9744,.T.);
#11398 = ORIENTED_EDGE('',*,*,#9766,.F.);
#11399 = PLANE('',#11400);
#11400 = AXIS2_PLACEMENT_3D('',#11401,#11402,#11403);
#11401 = CARTESIAN_POINT('',(10.50875,-0.2,-2.59375));
#11402 = DIRECTION('',(-0.707106781187,0.,0.707106781187));
#11403 = DIRECTION('',(-0.,-1.,0.));
#11404 = ADVANCED_FACE('',(#11405),#11416,.F.);
#11405 = FACE_BOUND('',#11406,.T.);
#11406 = EDGE_LOOP('',(#11407,#11408,#11414,#11415));
#11407 = ORIENTED_EDGE('',*,*,#9825,.F.);
#11408 = ORIENTED_EDGE('',*,*,#11409,.T.);
#11409 = EDGE_CURVE('',#9818,#11330,#11410,.T.);
#11410 = LINE('',#11411,#11412);
#11411 = CARTESIAN_POINT('',(10.3125,-3.6,-2.79));
#11412 = VECTOR('',#11413,1.);
#11413 = DIRECTION('',(0.,1.,0.));
#11414 = ORIENTED_EDGE('',*,*,#11348,.T.);
#11415 = ORIENTED_EDGE('',*,*,#9791,.F.);
#11416 = PLANE('',#11417);
#11417 = AXIS2_PLACEMENT_3D('',#11418,#11419,#11420);
#11418 = CARTESIAN_POINT('',(10.50875,-3.6,-2.59375));
#11419 = DIRECTION('',(-0.707106781187,0.,0.707106781187));
#11420 = DIRECTION('',(-0.,-1.,0.));
#11421 = ADVANCED_FACE('',(#11422),#11433,.F.);
#11422 = FACE_BOUND('',#11423,.F.);
#11423 = EDGE_LOOP('',(#11424,#11425,#11426,#11427));
#11424 = ORIENTED_EDGE('',*,*,#9815,.T.);
#11425 = ORIENTED_EDGE('',*,*,#11409,.T.);
#11426 = ORIENTED_EDGE('',*,*,#11329,.T.);
#11427 = ORIENTED_EDGE('',*,*,#11428,.T.);
#11428 = EDGE_CURVE('',#11332,#9816,#11429,.T.);
#11429 = LINE('',#11430,#11431);
#11430 = CARTESIAN_POINT('',(9.5275,-3.2,-2.79));
#11431 = VECTOR('',#11432,1.);
#11432 = DIRECTION('',(0.,-1.,0.));
#11433 = PLANE('',#11434);
#11434 = AXIS2_PLACEMENT_3D('',#11435,#11436,#11437);
#11435 = CARTESIAN_POINT('',(9.92,-3.4,-2.79));
#11436 = DIRECTION('',(0.,0.,1.));
#11437 = DIRECTION('',(1.,0.,-0.));
#11438 = ADVANCED_FACE('',(#11439),#11445,.F.);
#11439 = FACE_BOUND('',#11440,.F.);
#11440 = EDGE_LOOP('',(#11441,#11442,#11443,#11444));
#11441 = ORIENTED_EDGE('',*,*,#11339,.F.);
#11442 = ORIENTED_EDGE('',*,*,#9863,.T.);
#11443 = ORIENTED_EDGE('',*,*,#9841,.T.);
#11444 = ORIENTED_EDGE('',*,*,#11428,.F.);
#11445 = PLANE('',#11446);
#11446 = AXIS2_PLACEMENT_3D('',#11447,#11448,#11449);
#11447 = CARTESIAN_POINT('',(9.33125,-3.2,-2.59375));
#11448 = DIRECTION('',(0.707106781187,0.,0.707106781187));
#11449 = DIRECTION('',(0.,-1.,0.));
#11450 = ADVANCED_FACE('',(#11451),#11468,.T.);
#11451 = FACE_BOUND('',#11452,.T.);
#11452 = EDGE_LOOP('',(#11453,#11454,#11455,#11456,#11457,#11458,#11459,
    #11460,#11461,#11462,#11463,#11464,#11465,#11466,#11467));
#11453 = ORIENTED_EDGE('',*,*,#10461,.T.);
#11454 = ORIENTED_EDGE('',*,*,#10118,.T.);
#11455 = ORIENTED_EDGE('',*,*,#10150,.T.);
#11456 = ORIENTED_EDGE('',*,*,#10164,.F.);
#11457 = ORIENTED_EDGE('',*,*,#10191,.T.);
#11458 = ORIENTED_EDGE('',*,*,#10213,.F.);
#11459 = ORIENTED_EDGE('',*,*,#10248,.T.);
#11460 = ORIENTED_EDGE('',*,*,#10272,.F.);
#11461 = ORIENTED_EDGE('',*,*,#10287,.F.);
#11462 = ORIENTED_EDGE('',*,*,#10313,.T.);
#11463 = ORIENTED_EDGE('',*,*,#10336,.T.);
#11464 = ORIENTED_EDGE('',*,*,#10362,.T.);
#11465 = ORIENTED_EDGE('',*,*,#10385,.T.);
#11466 = ORIENTED_EDGE('',*,*,#10411,.T.);
#11467 = ORIENTED_EDGE('',*,*,#10435,.T.);
#11468 = PLANE('',#11469);
#11469 = AXIS2_PLACEMENT_3D('',#11470,#11471,#11472);
#11470 = CARTESIAN_POINT('',(8.51106245757,-1.695,3.685));
#11471 = DIRECTION('',(1.385455127711E-31,-1.277172855604E-33,1.));
#11472 = DIRECTION('',(1.,0.,-1.385455127711E-31));
#11473 = ADVANCED_FACE('',(#11474),#11491,.T.);
#11474 = FACE_BOUND('',#11475,.T.);
#11475 = EDGE_LOOP('',(#11476,#11477,#11478,#11479,#11480,#11481,#11482,
    #11483,#11484,#11485,#11486,#11487,#11488,#11489,#11490));
#11476 = ORIENTED_EDGE('',*,*,#11090,.T.);
#11477 = ORIENTED_EDGE('',*,*,#10747,.T.);
#11478 = ORIENTED_EDGE('',*,*,#10779,.T.);
#11479 = ORIENTED_EDGE('',*,*,#10793,.F.);
#11480 = ORIENTED_EDGE('',*,*,#10820,.T.);
#11481 = ORIENTED_EDGE('',*,*,#10842,.F.);
#11482 = ORIENTED_EDGE('',*,*,#10877,.T.);
#11483 = ORIENTED_EDGE('',*,*,#10901,.F.);
#11484 = ORIENTED_EDGE('',*,*,#10916,.F.);
#11485 = ORIENTED_EDGE('',*,*,#10942,.T.);
#11486 = ORIENTED_EDGE('',*,*,#10965,.T.);
#11487 = ORIENTED_EDGE('',*,*,#10991,.T.);
#11488 = ORIENTED_EDGE('',*,*,#11014,.T.);
#11489 = ORIENTED_EDGE('',*,*,#11040,.T.);
#11490 = ORIENTED_EDGE('',*,*,#11064,.T.);
#11491 = PLANE('',#11492);
#11492 = AXIS2_PLACEMENT_3D('',#11493,#11494,#11495);
#11493 = CARTESIAN_POINT('',(1.40893754243,-1.695,3.685));
#11494 = DIRECTION('',(0.,0.,1.));
#11495 = DIRECTION('',(1.,0.,-0.));
#11496 = ( GEOMETRIC_REPRESENTATION_CONTEXT(3) 
GLOBAL_UNCERTAINTY_ASSIGNED_CONTEXT((#11500)) 
GLOBAL_UNIT_ASSIGNED_CONTEXT((#11497,#11498,#11499)) 
REPRESENTATION_CONTEXT('Context #1',
  '3D Context with UNIT and UNCERTAINTY') );
#11497 = ( LENGTH_UNIT() NAMED_UNIT(*) SI_UNIT(.MILLI.,.METRE.) );
#11498 = ( NAMED_UNIT(*) PLANE_ANGLE_UNIT() SI_UNIT($,.RADIAN.) );
#11499 = ( NAMED_UNIT(*) SI_UNIT($,.STERADIAN.) SOLID_ANGLE_UNIT() );
#11500 = UNCERTAINTY_MEASURE_WITH_UNIT(LENGTH_MEASURE(1.E-07),#11497,
  'distance_accuracy_value','confusion accuracy');
#11501 = CONTEXT_DEPENDENT_SHAPE_REPRESENTATION(#11502,#11504);
#11502 = ( REPRESENTATION_RELATIONSHIP('','',#7053,#10) 
REPRESENTATION_RELATIONSHIP_WITH_TRANSFORMATION(#11503) 
SHAPE_REPRESENTATION_RELATIONSHIP() );
#11503 = ITEM_DEFINED_TRANSFORMATION('','',#11,#75);
#11504 = PRODUCT_DEFINITION_SHAPE('Placement','Placement of an item',
  #11505);
#11505 = NEXT_ASSEMBLY_USAGE_OCCURRENCE('16','F3','',#5,#7048,$);
#11506 = PRODUCT_RELATED_PRODUCT_CATEGORY('part',$,(#7050));
#11507 = CONTEXT_DEPENDENT_SHAPE_REPRESENTATION(#11508,#11510);
#11508 = ( REPRESENTATION_RELATIONSHIP('','',#212,#10) 
REPRESENTATION_RELATIONSHIP_WITH_TRANSFORMATION(#11509) 
SHAPE_REPRESENTATION_RELATIONSHIP() );
#11509 = ITEM_DEFINED_TRANSFORMATION('','',#11,#79);
#11510 = PRODUCT_DEFINITION_SHAPE('Placement','Placement of an item',
  #11511);
#11511 = NEXT_ASSEMBLY_USAGE_OCCURRENCE('17','RU4','',#5,#207,$);
#11512 = CONTEXT_DEPENDENT_SHAPE_REPRESENTATION(#11513,#11515);
#11513 = ( REPRESENTATION_RELATIONSHIP('','',#5466,#10) 
REPRESENTATION_RELATIONSHIP_WITH_TRANSFORMATION(#11514) 
SHAPE_REPRESENTATION_RELATIONSHIP() );
#11514 = ITEM_DEFINED_TRANSFORMATION('','',#11,#83);
#11515 = PRODUCT_DEFINITION_SHAPE('Placement','Placement of an item',
  #11516);
#11516 = NEXT_ASSEMBLY_USAGE_OCCURRENCE('18','DR2','',#5,#5461,$);
#11517 = CONTEXT_DEPENDENT_SHAPE_REPRESENTATION(#11518,#11520);
#11518 = ( REPRESENTATION_RELATIONSHIP('','',#1021,#10) 
REPRESENTATION_RELATIONSHIP_WITH_TRANSFORMATION(#11519) 
SHAPE_REPRESENTATION_RELATIONSHIP() );
#11519 = ITEM_DEFINED_TRANSFORMATION('','',#11,#87);
#11520 = PRODUCT_DEFINITION_SHAPE('Placement','Placement of an item',
  #11521);
#11521 = NEXT_ASSEMBLY_USAGE_OCCURRENCE('19','OK1','',#5,#1016,$);
#11522 = CONTEXT_DEPENDENT_SHAPE_REPRESENTATION(#11523,#11525);
#11523 = ( REPRESENTATION_RELATIONSHIP('','',#3779,#10) 
REPRESENTATION_RELATIONSHIP_WITH_TRANSFORMATION(#11524) 
SHAPE_REPRESENTATION_RELATIONSHIP() );
#11524 = ITEM_DEFINED_TRANSFORMATION('','',#11,#91);
#11525 = PRODUCT_DEFINITION_SHAPE('Placement','Placement of an item',
  #11526);
#11526 = NEXT_ASSEMBLY_USAGE_OCCURRENCE('20','RR1','',#5,#3774,$);
#11527 = CONTEXT_DEPENDENT_SHAPE_REPRESENTATION(#11528,#11530);
#11528 = ( REPRESENTATION_RELATIONSHIP('','',#5466,#10) 
REPRESENTATION_RELATIONSHIP_WITH_TRANSFORMATION(#11529) 
SHAPE_REPRESENTATION_RELATIONSHIP() );
#11529 = ITEM_DEFINED_TRANSFORMATION('','',#11,#95);
#11530 = PRODUCT_DEFINITION_SHAPE('Placement','Placement of an item',
  #11531);
#11531 = NEXT_ASSEMBLY_USAGE_OCCURRENCE('21','DR3','',#5,#5461,$);
#11532 = CONTEXT_DEPENDENT_SHAPE_REPRESENTATION(#11533,#11535);
#11533 = ( REPRESENTATION_RELATIONSHIP('','',#7053,#10) 
REPRESENTATION_RELATIONSHIP_WITH_TRANSFORMATION(#11534) 
SHAPE_REPRESENTATION_RELATIONSHIP() );
#11534 = ITEM_DEFINED_TRANSFORMATION('','',#11,#99);
#11535 = PRODUCT_DEFINITION_SHAPE('Placement','Placement of an item',
  #11536);
#11536 = NEXT_ASSEMBLY_USAGE_OCCURRENCE('22','F2','',#5,#7048,$);
#11537 = CONTEXT_DEPENDENT_SHAPE_REPRESENTATION(#11538,#11540);
#11538 = ( REPRESENTATION_RELATIONSHIP('','',#212,#10) 
REPRESENTATION_RELATIONSHIP_WITH_TRANSFORMATION(#11539) 
SHAPE_REPRESENTATION_RELATIONSHIP() );
#11539 = ITEM_DEFINED_TRANSFORMATION('','',#11,#103);
#11540 = PRODUCT_DEFINITION_SHAPE('Placement','Placement of an item',
  #11541);
#11541 = NEXT_ASSEMBLY_USAGE_OCCURRENCE('23','RU1','',#5,#207,$);
#11542 = CONTEXT_DEPENDENT_SHAPE_REPRESENTATION(#11543,#11545);
#11543 = ( REPRESENTATION_RELATIONSHIP('','',#7053,#10) 
REPRESENTATION_RELATIONSHIP_WITH_TRANSFORMATION(#11544) 
SHAPE_REPRESENTATION_RELATIONSHIP() );
#11544 = ITEM_DEFINED_TRANSFORMATION('','',#11,#107);
#11545 = PRODUCT_DEFINITION_SHAPE('Placement','Placement of an item',
  #11546);
#11546 = NEXT_ASSEMBLY_USAGE_OCCURRENCE('24','F1','',#5,#7048,$);
#11547 = CONTEXT_DEPENDENT_SHAPE_REPRESENTATION(#11548,#11550);
#11548 = ( REPRESENTATION_RELATIONSHIP('','',#212,#10) 
REPRESENTATION_RELATIONSHIP_WITH_TRANSFORMATION(#11549) 
SHAPE_REPRESENTATION_RELATIONSHIP() );
#11549 = ITEM_DEFINED_TRANSFORMATION('','',#11,#111);
#11550 = PRODUCT_DEFINITION_SHAPE('Placement','Placement of an item',
  #11551);
#11551 = NEXT_ASSEMBLY_USAGE_OCCURRENCE('25','RP1','',#5,#207,$);
#11552 = CONTEXT_DEPENDENT_SHAPE_REPRESENTATION(#11553,#11555);
#11553 = ( REPRESENTATION_RELATIONSHIP('','',#3779,#10) 
REPRESENTATION_RELATIONSHIP_WITH_TRANSFORMATION(#11554) 
SHAPE_REPRESENTATION_RELATIONSHIP() );
#11554 = ITEM_DEFINED_TRANSFORMATION('','',#11,#115);
#11555 = PRODUCT_DEFINITION_SHAPE('Placement','Placement of an item',
  #11556);
#11556 = NEXT_ASSEMBLY_USAGE_OCCURRENCE('26','RR4','',#5,#3774,$);
#11557 = CONTEXT_DEPENDENT_SHAPE_REPRESENTATION(#11558,#11560);
#11558 = ( REPRESENTATION_RELATIONSHIP('','',#3779,#10) 
REPRESENTATION_RELATIONSHIP_WITH_TRANSFORMATION(#11559) 
SHAPE_REPRESENTATION_RELATIONSHIP() );
#11559 = ITEM_DEFINED_TRANSFORMATION('','',#11,#119);
#11560 = PRODUCT_DEFINITION_SHAPE('Placement','Placement of an item',
  #11561);
#11561 = NEXT_ASSEMBLY_USAGE_OCCURRENCE('27','RG4','',#5,#3774,$);
#11562 = CONTEXT_DEPENDENT_SHAPE_REPRESENTATION(#11563,#11565);
#11563 = ( REPRESENTATION_RELATIONSHIP('','',#1021,#10) 
REPRESENTATION_RELATIONSHIP_WITH_TRANSFORMATION(#11564) 
SHAPE_REPRESENTATION_RELATIONSHIP() );
#11564 = ITEM_DEFINED_TRANSFORMATION('','',#11,#123);
#11565 = PRODUCT_DEFINITION_SHAPE('Placement','Placement of an item',
  #11566);
#11566 = NEXT_ASSEMBLY_USAGE_OCCURRENCE('28','OK4','',#5,#1016,$);
#11567 = CONTEXT_DEPENDENT_SHAPE_REPRESENTATION(#11568,#11570);
#11568 = ( REPRESENTATION_RELATIONSHIP('','',#212,#10) 
REPRESENTATION_RELATIONSHIP_WITH_TRANSFORMATION(#11569) 
SHAPE_REPRESENTATION_RELATIONSHIP() );
#11569 = ITEM_DEFINED_TRANSFORMATION('','',#11,#127);
#11570 = PRODUCT_DEFINITION_SHAPE('Placement','Placement of an item',
  #11571);
#11571 = NEXT_ASSEMBLY_USAGE_OCCURRENCE('29','RPV','',#5,#207,$);
#11572 = CONTEXT_DEPENDENT_SHAPE_REPRESENTATION(#11573,#11575);
#11573 = ( REPRESENTATION_RELATIONSHIP('','',#5466,#10) 
REPRESENTATION_RELATIONSHIP_WITH_TRANSFORMATION(#11574) 
SHAPE_REPRESENTATION_RELATIONSHIP() );
#11574 = ITEM_DEFINED_TRANSFORMATION('','',#11,#131);
#11575 = PRODUCT_DEFINITION_SHAPE('Placement','Placement of an item',
  #11576);
#11576 = NEXT_ASSEMBLY_USAGE_OCCURRENCE('30','DR4','',#5,#5461,$);
#11577 = CONTEXT_DEPENDENT_SHAPE_REPRESENTATION(#11578,#11580);
#11578 = ( REPRESENTATION_RELATIONSHIP('','',#212,#10) 
REPRESENTATION_RELATIONSHIP_WITH_TRANSFORMATION(#11579) 
SHAPE_REPRESENTATION_RELATIONSHIP() );
#11579 = ITEM_DEFINED_TRANSFORMATION('','',#11,#135);
#11580 = PRODUCT_DEFINITION_SHAPE('Placement','Placement of an item',
  #11581);
#11581 = NEXT_ASSEMBLY_USAGE_OCCURRENCE('31','RA2','',#5,#207,$);
#11582 = CONTEXT_DEPENDENT_SHAPE_REPRESENTATION(#11583,#11585);
#11583 = ( REPRESENTATION_RELATIONSHIP('','',#3779,#10) 
REPRESENTATION_RELATIONSHIP_WITH_TRANSFORMATION(#11584) 
SHAPE_REPRESENTATION_RELATIONSHIP() );
#11584 = ITEM_DEFINED_TRANSFORMATION('','',#11,#139);
#11585 = PRODUCT_DEFINITION_SHAPE('Placement','Placement of an item',
  #11586);
#11586 = NEXT_ASSEMBLY_USAGE_OCCURRENCE('32','RI1','',#5,#3774,$);
#11587 = CONTEXT_DEPENDENT_SHAPE_REPRESENTATION(#11588,#11590);
#11588 = ( REPRESENTATION_RELATIONSHIP('','',#212,#10) 
REPRESENTATION_RELATIONSHIP_WITH_TRANSFORMATION(#11589) 
SHAPE_REPRESENTATION_RELATIONSHIP() );
#11589 = ITEM_DEFINED_TRANSFORMATION('','',#11,#143);
#11590 = PRODUCT_DEFINITION_SHAPE('Placement','Placement of an item',
  #11591);
#11591 = NEXT_ASSEMBLY_USAGE_OCCURRENCE('33','RP4','',#5,#207,$);
#11592 = CONTEXT_DEPENDENT_SHAPE_REPRESENTATION(#11593,#11595);
#11593 = ( REPRESENTATION_RELATIONSHIP('','',#212,#10) 
REPRESENTATION_RELATIONSHIP_WITH_TRANSFORMATION(#11594) 
SHAPE_REPRESENTATION_RELATIONSHIP() );
#11594 = ITEM_DEFINED_TRANSFORMATION('','',#11,#147);
#11595 = PRODUCT_DEFINITION_SHAPE('Placement','Placement of an item',
  #11596);
#11596 = NEXT_ASSEMBLY_USAGE_OCCURRENCE('34','RP2','',#5,#207,$);
#11597 = CONTEXT_DEPENDENT_SHAPE_REPRESENTATION(#11598,#11600);
#11598 = ( REPRESENTATION_RELATIONSHIP('','',#5466,#10) 
REPRESENTATION_RELATIONSHIP_WITH_TRANSFORMATION(#11599) 
SHAPE_REPRESENTATION_RELATIONSHIP() );
#11599 = ITEM_DEFINED_TRANSFORMATION('','',#11,#151);
#11600 = PRODUCT_DEFINITION_SHAPE('Placement','Placement of an item',
  #11601);
#11601 = NEXT_ASSEMBLY_USAGE_OCCURRENCE('35','DG4','',#5,#5461,$);
#11602 = CONTEXT_DEPENDENT_SHAPE_REPRESENTATION(#11603,#11605);
#11603 = ( REPRESENTATION_RELATIONSHIP('','',#3779,#10) 
REPRESENTATION_RELATIONSHIP_WITH_TRANSFORMATION(#11604) 
SHAPE_REPRESENTATION_RELATIONSHIP() );
#11604 = ITEM_DEFINED_TRANSFORMATION('','',#11,#155);
#11605 = PRODUCT_DEFINITION_SHAPE('Placement','Placement of an item',
  #11606);
#11606 = NEXT_ASSEMBLY_USAGE_OCCURRENCE('36','RR2','',#5,#3774,$);
#11607 = CONTEXT_DEPENDENT_SHAPE_REPRESENTATION(#11608,#11610);
#11608 = ( REPRESENTATION_RELATIONSHIP('','',#212,#10) 
REPRESENTATION_RELATIONSHIP_WITH_TRANSFORMATION(#11609) 
SHAPE_REPRESENTATION_RELATIONSHIP() );
#11609 = ITEM_DEFINED_TRANSFORMATION('','',#11,#159);
#11610 = PRODUCT_DEFINITION_SHAPE('Placement','Placement of an item',
  #11611);
#11611 = NEXT_ASSEMBLY_USAGE_OCCURRENCE('37','RP3','',#5,#207,$);
#11612 = SHAPE_DEFINITION_REPRESENTATION(#11613,#11619);
#11613 = PRODUCT_DEFINITION_SHAPE('','',#11614);
#11614 = PRODUCT_DEFINITION('design','',#11615,#11618);
#11615 = PRODUCT_DEFINITION_FORMATION('','',#11616);
#11616 = PRODUCT('TSSOP-16_4.4x5mm_P0.65mm','TSSOP-16_4.4x5mm_P0.65mm',
  '',(#11617));
#11617 = PRODUCT_CONTEXT('',#2,'mechanical');
#11618 = PRODUCT_DEFINITION_CONTEXT('part definition',#2,'design');
#11619 = ADVANCED_BREP_SHAPE_REPRESENTATION('',(#11,#11620),#19559);
#11620 = MANIFOLD_SOLID_BREP('',#11621);
#11621 = CLOSED_SHELL('',(#11622,#11664,#11695,#11726,#11810,#11894,
    #12051,#12068,#12091,#12129,#12146,#12163,#12180,#12197,#12214,
    #12226,#12250,#12281,#12304,#12327,#12357,#12388,#12419,#12450,
    #12481,#12512,#12543,#12574,#12605,#12636,#12667,#12698,#12729,
    #12760,#12783,#12806,#12956,#12973,#13065,#13210,#13233,#13254,
    #13346,#13438,#13455,#13477,#13569,#13661,#13678,#13703,#13787,
    #13809,#13901,#13993,#14015,#14107,#14124,#14149,#14233,#14255,
    #14347,#14439,#14461,#14553,#14570,#14595,#14679,#14701,#14724,
    #14748,#14778,#14797,#14832,#14848,#14867,#14886,#14905,#14924,
    #14943,#14962,#14979,#14996,#15013,#15030,#15047,#15064,#15081,
    #15093,#15117,#15148,#15179,#15210,#15241,#15272,#15303,#15334,
    #15365,#15396,#15427,#15458,#15489,#15520,#15551,#15582,#15598,
    #15615,#15632,#15649,#15666,#15683,#15700,#15717,#15729,#15746,
    #15763,#15780,#15797,#15814,#15831,#15848,#15860,#15877,#15894,
    #15911,#15928,#15945,#15962,#15979,#15991,#16008,#16025,#16042,
    #16059,#16076,#16093,#16110,#16122,#16139,#16156,#16173,#16190,
    #16207,#16224,#16241,#16253,#16270,#16287,#16304,#16321,#16338,
    #16355,#16372,#16384,#16408,#16500,#16638,#16663,#16755,#16772,
    #16864,#16881,#16906,#16990,#17012,#17104,#17196,#17218,#17310,
    #17327,#17352,#17436,#17458,#17550,#17642,#17664,#17756,#17773,
    #17798,#17882,#17904,#17996,#18088,#18110,#18202,#18219,#18244,
    #18328,#18350,#18369,#18386,#18403,#18420,#18437,#18454,#18471,
    #18488,#18500,#18519,#18538,#18557,#18576,#18595,#18614,#18633,
    #18642,#18659,#18676,#18693,#18710,#18727,#18744,#18761,#18773,
    #18790,#18807,#18824,#18841,#18858,#18875,#18892,#18904,#18921,
    #18938,#18955,#18972,#18989,#19006,#19023,#19035,#19052,#19069,
    #19086,#19103,#19120,#19137,#19154,#19166,#19183,#19200,#19217,
    #19234,#19251,#19268,#19285,#19297,#19314,#19331,#19348,#19365,
    #19382,#19399,#19416,#19428,#19445,#19462,#19479,#19496,#19513,
    #19530,#19547));
#11622 = ADVANCED_FACE('',(#11623),#11659,.F.);
#11623 = FACE_BOUND('',#11624,.F.);
#11624 = EDGE_LOOP('',(#11625,#11635,#11644,#11652));
#11625 = ORIENTED_EDGE('',*,*,#11626,.T.);
#11626 = EDGE_CURVE('',#11627,#11629,#11631,.T.);
#11627 = VERTEX_POINT('',#11628);
#11628 = CARTESIAN_POINT('',(2.4,2.405,0.525));
#11629 = VERTEX_POINT('',#11630);
#11630 = CARTESIAN_POINT('',(2.4,2.145,0.525));
#11631 = LINE('',#11632,#11633);
#11632 = CARTESIAN_POINT('',(2.4,2.405,0.525));
#11633 = VECTOR('',#11634,1.);
#11634 = DIRECTION('',(2.22044604925E-16,-1.,0.));
#11635 = ORIENTED_EDGE('',*,*,#11636,.T.);
#11636 = EDGE_CURVE('',#11629,#11637,#11639,.T.);
#11637 = VERTEX_POINT('',#11638);
#11638 = CARTESIAN_POINT('',(2.5,2.145,0.425));
#11639 = CIRCLE('',#11640,0.1);
#11640 = AXIS2_PLACEMENT_3D('',#11641,#11642,#11643);
#11641 = CARTESIAN_POINT('',(2.4,2.145,0.425));
#11642 = DIRECTION('',(-2.22044604925E-16,1.,0.));
#11643 = DIRECTION('',(0.,0.,1.));
#11644 = ORIENTED_EDGE('',*,*,#11645,.F.);
#11645 = EDGE_CURVE('',#11646,#11637,#11648,.T.);
#11646 = VERTEX_POINT('',#11647);
#11647 = CARTESIAN_POINT('',(2.5,2.405,0.425));
#11648 = LINE('',#11649,#11650);
#11649 = CARTESIAN_POINT('',(2.5,2.405,0.425));
#11650 = VECTOR('',#11651,1.);
#11651 = DIRECTION('',(2.22044604925E-16,-1.,0.));
#11652 = ORIENTED_EDGE('',*,*,#11653,.F.);
#11653 = EDGE_CURVE('',#11627,#11646,#11654,.T.);
#11654 = CIRCLE('',#11655,0.1);
#11655 = AXIS2_PLACEMENT_3D('',#11656,#11657,#11658);
#11656 = CARTESIAN_POINT('',(2.4,2.405,0.425));
#11657 = DIRECTION('',(-2.22044604925E-16,1.,0.));
#11658 = DIRECTION('',(0.,0.,1.));
#11659 = CYLINDRICAL_SURFACE('',#11660,0.1);
#11660 = AXIS2_PLACEMENT_3D('',#11661,#11662,#11663);
#11661 = CARTESIAN_POINT('',(2.4,2.405,0.425));
#11662 = DIRECTION('',(-2.22044604925E-16,1.,0.));
#11663 = DIRECTION('',(0.,0.,1.));
#11664 = ADVANCED_FACE('',(#11665),#11690,.F.);
#11665 = FACE_BOUND('',#11666,.F.);
#11666 = EDGE_LOOP('',(#11667,#11675,#11683,#11689));
#11667 = ORIENTED_EDGE('',*,*,#11668,.F.);
#11668 = EDGE_CURVE('',#11669,#11627,#11671,.T.);
#11669 = VERTEX_POINT('',#11670);
#11670 = CARTESIAN_POINT('',(2.2,2.405,0.525));
#11671 = LINE('',#11672,#11673);
#11672 = CARTESIAN_POINT('',(2.1,2.405,0.525));
#11673 = VECTOR('',#11674,1.);
#11674 = DIRECTION('',(1.,2.22044604925E-16,0.));
#11675 = ORIENTED_EDGE('',*,*,#11676,.F.);
#11676 = EDGE_CURVE('',#11677,#11669,#11679,.T.);
#11677 = VERTEX_POINT('',#11678);
#11678 = CARTESIAN_POINT('',(2.2,2.145,0.525));
#11679 = LINE('',#11680,#11681);
#11680 = CARTESIAN_POINT('',(2.2,-2.5,0.525));
#11681 = VECTOR('',#11682,1.);
#11682 = DIRECTION('',(-2.22044604925E-16,1.,0.));
#11683 = ORIENTED_EDGE('',*,*,#11684,.T.);
#11684 = EDGE_CURVE('',#11677,#11629,#11685,.T.);
#11685 = LINE('',#11686,#11687);
#11686 = CARTESIAN_POINT('',(2.1,2.145,0.525));
#11687 = VECTOR('',#11688,1.);
#11688 = DIRECTION('',(1.,2.22044604925E-16,0.));
#11689 = ORIENTED_EDGE('',*,*,#11626,.F.);
#11690 = PLANE('',#11691);
#11691 = AXIS2_PLACEMENT_3D('',#11692,#11693,#11694);
#11692 = CARTESIAN_POINT('',(2.1,2.405,0.525));
#11693 = DIRECTION('',(0.,0.,1.));
#11694 = DIRECTION('',(1.,2.22044604925E-16,-0.));
#11695 = ADVANCED_FACE('',(#11696),#11721,.F.);
#11696 = FACE_BOUND('',#11697,.F.);
#11697 = EDGE_LOOP('',(#11698,#11699,#11707,#11715));
#11698 = ORIENTED_EDGE('',*,*,#11645,.T.);
#11699 = ORIENTED_EDGE('',*,*,#11700,.T.);
#11700 = EDGE_CURVE('',#11637,#11701,#11703,.T.);
#11701 = VERTEX_POINT('',#11702);
#11702 = CARTESIAN_POINT('',(2.5,2.145,0.25));
#11703 = LINE('',#11704,#11705);
#11704 = CARTESIAN_POINT('',(2.5,2.145,0.425));
#11705 = VECTOR('',#11706,1.);
#11706 = DIRECTION('',(0.,0.,-1.));
#11707 = ORIENTED_EDGE('',*,*,#11708,.F.);
#11708 = EDGE_CURVE('',#11709,#11701,#11711,.T.);
#11709 = VERTEX_POINT('',#11710);
#11710 = CARTESIAN_POINT('',(2.5,2.405,0.25));
#11711 = LINE('',#11712,#11713);
#11712 = CARTESIAN_POINT('',(2.5,2.405,0.25));
#11713 = VECTOR('',#11714,1.);
#11714 = DIRECTION('',(2.22044604925E-16,-1.,0.));
#11715 = ORIENTED_EDGE('',*,*,#11716,.F.);
#11716 = EDGE_CURVE('',#11646,#11709,#11717,.T.);
#11717 = LINE('',#11718,#11719);
#11718 = CARTESIAN_POINT('',(2.5,2.405,0.425));
#11719 = VECTOR('',#11720,1.);
#11720 = DIRECTION('',(0.,0.,-1.));
#11721 = PLANE('',#11722);
#11722 = AXIS2_PLACEMENT_3D('',#11723,#11724,#11725);
#11723 = CARTESIAN_POINT('',(2.5,2.405,0.425));
#11724 = DIRECTION('',(1.,2.22044604925E-16,0.));
#11725 = DIRECTION('',(0.,0.,-1.));
#11726 = ADVANCED_FACE('',(#11727),#11805,.F.);
#11727 = FACE_BOUND('',#11728,.F.);
#11728 = EDGE_LOOP('',(#11729,#11737,#11738,#11739,#11740,#11749,#11757,
    #11765,#11773,#11782,#11790,#11799));
#11729 = ORIENTED_EDGE('',*,*,#11730,.T.);
#11730 = EDGE_CURVE('',#11731,#11669,#11733,.T.);
#11731 = VERTEX_POINT('',#11732);
#11732 = CARTESIAN_POINT('',(2.2,2.405,0.675));
#11733 = LINE('',#11734,#11735);
#11734 = CARTESIAN_POINT('',(2.2,2.405,0.494086109492));
#11735 = VECTOR('',#11736,1.);
#11736 = DIRECTION('',(0.,-0.,-1.));
#11737 = ORIENTED_EDGE('',*,*,#11668,.T.);
#11738 = ORIENTED_EDGE('',*,*,#11653,.T.);
#11739 = ORIENTED_EDGE('',*,*,#11716,.T.);
#11740 = ORIENTED_EDGE('',*,*,#11741,.T.);
#11741 = EDGE_CURVE('',#11709,#11742,#11744,.T.);
#11742 = VERTEX_POINT('',#11743);
#11743 = CARTESIAN_POINT('',(2.75,2.405,1.110223024625E-16));
#11744 = CIRCLE('',#11745,0.25);
#11745 = AXIS2_PLACEMENT_3D('',#11746,#11747,#11748);
#11746 = CARTESIAN_POINT('',(2.75,2.405,0.25));
#11747 = DIRECTION('',(2.22044604925E-16,-1.,0.));
#11748 = DIRECTION('',(-1.,-2.22044604925E-16,-2.442490654175E-15));
#11749 = ORIENTED_EDGE('',*,*,#11750,.T.);
#11750 = EDGE_CURVE('',#11742,#11751,#11753,.T.);
#11751 = VERTEX_POINT('',#11752);
#11752 = CARTESIAN_POINT('',(3.2,2.405,1.110223024625E-16));
#11753 = LINE('',#11754,#11755);
#11754 = CARTESIAN_POINT('',(2.75,2.405,1.110223024625E-16));
#11755 = VECTOR('',#11756,1.);
#11756 = DIRECTION('',(1.,2.22044604925E-16,0.));
#11757 = ORIENTED_EDGE('',*,*,#11758,.T.);
#11758 = EDGE_CURVE('',#11751,#11759,#11761,.T.);
#11759 = VERTEX_POINT('',#11760);
#11760 = CARTESIAN_POINT('',(3.2,2.405,0.15));
#11761 = LINE('',#11762,#11763);
#11762 = CARTESIAN_POINT('',(3.2,2.405,1.110223024625E-16));
#11763 = VECTOR('',#11764,1.);
#11764 = DIRECTION('',(0.,0.,1.));
#11765 = ORIENTED_EDGE('',*,*,#11766,.T.);
#11766 = EDGE_CURVE('',#11759,#11767,#11769,.T.);
#11767 = VERTEX_POINT('',#11768);
#11768 = CARTESIAN_POINT('',(2.75,2.405,0.15));
#11769 = LINE('',#11770,#11771);
#11770 = CARTESIAN_POINT('',(3.2,2.405,0.15));
#11771 = VECTOR('',#11772,1.);
#11772 = DIRECTION('',(-1.,-2.22044604925E-16,0.));
#11773 = ORIENTED_EDGE('',*,*,#11774,.T.);
#11774 = EDGE_CURVE('',#11767,#11775,#11777,.T.);
#11775 = VERTEX_POINT('',#11776);
#11776 = CARTESIAN_POINT('',(2.65,2.405,0.25));
#11777 = CIRCLE('',#11778,0.1);
#11778 = AXIS2_PLACEMENT_3D('',#11779,#11780,#11781);
#11779 = CARTESIAN_POINT('',(2.75,2.405,0.25));
#11780 = DIRECTION('',(-2.22044604925E-16,1.,0.));
#11781 = DIRECTION('',(0.,0.,-1.));
#11782 = ORIENTED_EDGE('',*,*,#11783,.T.);
#11783 = EDGE_CURVE('',#11775,#11784,#11786,.T.);
#11784 = VERTEX_POINT('',#11785);
#11785 = CARTESIAN_POINT('',(2.65,2.405,0.425));
#11786 = LINE('',#11787,#11788);
#11787 = CARTESIAN_POINT('',(2.65,2.405,0.25));
#11788 = VECTOR('',#11789,1.);
#11789 = DIRECTION('',(0.,0.,1.));
#11790 = ORIENTED_EDGE('',*,*,#11791,.T.);
#11791 = EDGE_CURVE('',#11784,#11792,#11794,.T.);
#11792 = VERTEX_POINT('',#11793);
#11793 = CARTESIAN_POINT('',(2.4,2.405,0.675));
#11794 = CIRCLE('',#11795,0.25);
#11795 = AXIS2_PLACEMENT_3D('',#11796,#11797,#11798);
#11796 = CARTESIAN_POINT('',(2.4,2.405,0.425));
#11797 = DIRECTION('',(2.22044604925E-16,-1.,0.));
#11798 = DIRECTION('',(1.,2.22044604925E-16,2.22044604925E-15));
#11799 = ORIENTED_EDGE('',*,*,#11800,.T.);
#11800 = EDGE_CURVE('',#11792,#11731,#11801,.T.);
#11801 = LINE('',#11802,#11803);
#11802 = CARTESIAN_POINT('',(2.4,2.405,0.675));
#11803 = VECTOR('',#11804,1.);
#11804 = DIRECTION('',(-1.,-2.22044604925E-16,0.));
#11805 = PLANE('',#11806);
#11806 = AXIS2_PLACEMENT_3D('',#11807,#11808,#11809);
#11807 = CARTESIAN_POINT('',(2.632923288131,2.405,0.313172218985));
#11808 = DIRECTION('',(2.22044604925E-16,-1.,0.));
#11809 = DIRECTION('',(0.,0.,1.));
#11810 = ADVANCED_FACE('',(#11811),#11889,.T.);
#11811 = FACE_BOUND('',#11812,.T.);
#11812 = EDGE_LOOP('',(#11813,#11821,#11822,#11823,#11824,#11833,#11841,
    #11849,#11857,#11866,#11874,#11883));
#11813 = ORIENTED_EDGE('',*,*,#11814,.T.);
#11814 = EDGE_CURVE('',#11815,#11677,#11817,.T.);
#11815 = VERTEX_POINT('',#11816);
#11816 = CARTESIAN_POINT('',(2.2,2.145,0.675));
#11817 = LINE('',#11818,#11819);
#11818 = CARTESIAN_POINT('',(2.2,2.145,0.494086109492));
#11819 = VECTOR('',#11820,1.);
#11820 = DIRECTION('',(0.,-0.,-1.));
#11821 = ORIENTED_EDGE('',*,*,#11684,.T.);
#11822 = ORIENTED_EDGE('',*,*,#11636,.T.);
#11823 = ORIENTED_EDGE('',*,*,#11700,.T.);
#11824 = ORIENTED_EDGE('',*,*,#11825,.T.);
#11825 = EDGE_CURVE('',#11701,#11826,#11828,.T.);
#11826 = VERTEX_POINT('',#11827);
#11827 = CARTESIAN_POINT('',(2.75,2.145,1.110223024625E-16));
#11828 = CIRCLE('',#11829,0.25);
#11829 = AXIS2_PLACEMENT_3D('',#11830,#11831,#11832);
#11830 = CARTESIAN_POINT('',(2.75,2.145,0.25));
#11831 = DIRECTION('',(2.22044604925E-16,-1.,0.));
#11832 = DIRECTION('',(-1.,-2.22044604925E-16,-2.442490654175E-15));
#11833 = ORIENTED_EDGE('',*,*,#11834,.T.);
#11834 = EDGE_CURVE('',#11826,#11835,#11837,.T.);
#11835 = VERTEX_POINT('',#11836);
#11836 = CARTESIAN_POINT('',(3.2,2.145,1.110223024625E-16));
#11837 = LINE('',#11838,#11839);
#11838 = CARTESIAN_POINT('',(2.75,2.145,1.110223024625E-16));
#11839 = VECTOR('',#11840,1.);
#11840 = DIRECTION('',(1.,2.22044604925E-16,0.));
#11841 = ORIENTED_EDGE('',*,*,#11842,.T.);
#11842 = EDGE_CURVE('',#11835,#11843,#11845,.T.);
#11843 = VERTEX_POINT('',#11844);
#11844 = CARTESIAN_POINT('',(3.2,2.145,0.15));
#11845 = LINE('',#11846,#11847);
#11846 = CARTESIAN_POINT('',(3.2,2.145,1.110223024625E-16));
#11847 = VECTOR('',#11848,1.);
#11848 = DIRECTION('',(0.,0.,1.));
#11849 = ORIENTED_EDGE('',*,*,#11850,.T.);
#11850 = EDGE_CURVE('',#11843,#11851,#11853,.T.);
#11851 = VERTEX_POINT('',#11852);
#11852 = CARTESIAN_POINT('',(2.75,2.145,0.15));
#11853 = LINE('',#11854,#11855);
#11854 = CARTESIAN_POINT('',(3.2,2.145,0.15));
#11855 = VECTOR('',#11856,1.);
#11856 = DIRECTION('',(-1.,-2.22044604925E-16,0.));
#11857 = ORIENTED_EDGE('',*,*,#11858,.T.);
#11858 = EDGE_CURVE('',#11851,#11859,#11861,.T.);
#11859 = VERTEX_POINT('',#11860);
#11860 = CARTESIAN_POINT('',(2.65,2.145,0.25));
#11861 = CIRCLE('',#11862,0.1);
#11862 = AXIS2_PLACEMENT_3D('',#11863,#11864,#11865);
#11863 = CARTESIAN_POINT('',(2.75,2.145,0.25));
#11864 = DIRECTION('',(-2.22044604925E-16,1.,0.));
#11865 = DIRECTION('',(0.,0.,-1.));
#11866 = ORIENTED_EDGE('',*,*,#11867,.T.);
#11867 = EDGE_CURVE('',#11859,#11868,#11870,.T.);
#11868 = VERTEX_POINT('',#11869);
#11869 = CARTESIAN_POINT('',(2.65,2.145,0.425));
#11870 = LINE('',#11871,#11872);
#11871 = CARTESIAN_POINT('',(2.65,2.145,0.25));
#11872 = VECTOR('',#11873,1.);
#11873 = DIRECTION('',(0.,0.,1.));
#11874 = ORIENTED_EDGE('',*,*,#11875,.T.);
#11875 = EDGE_CURVE('',#11868,#11876,#11878,.T.);
#11876 = VERTEX_POINT('',#11877);
#11877 = CARTESIAN_POINT('',(2.4,2.145,0.675));
#11878 = CIRCLE('',#11879,0.25);
#11879 = AXIS2_PLACEMENT_3D('',#11880,#11881,#11882);
#11880 = CARTESIAN_POINT('',(2.4,2.145,0.425));
#11881 = DIRECTION('',(2.22044604925E-16,-1.,0.));
#11882 = DIRECTION('',(1.,2.22044604925E-16,2.22044604925E-15));
#11883 = ORIENTED_EDGE('',*,*,#11884,.T.);
#11884 = EDGE_CURVE('',#11876,#11815,#11885,.T.);
#11885 = LINE('',#11886,#11887);
#11886 = CARTESIAN_POINT('',(2.4,2.145,0.675));
#11887 = VECTOR('',#11888,1.);
#11888 = DIRECTION('',(-1.,-2.22044604925E-16,0.));
#11889 = PLANE('',#11890);
#11890 = AXIS2_PLACEMENT_3D('',#11891,#11892,#11893);
#11891 = CARTESIAN_POINT('',(2.632923288131,2.145,0.313172218985));
#11892 = DIRECTION('',(2.22044604925E-16,-1.,0.));
#11893 = DIRECTION('',(0.,0.,1.));
#11894 = ADVANCED_FACE('',(#11895),#12046,.T.);
#11895 = FACE_BOUND('',#11896,.T.);
#11896 = EDGE_LOOP('',(#11897,#11907,#11914,#11920,#11921,#11929,#11937,
    #11945,#11953,#11961,#11969,#11977,#11985,#11993,#12001,#12009,
    #12017,#12025,#12033,#12041));
#11897 = ORIENTED_EDGE('',*,*,#11898,.T.);
#11898 = EDGE_CURVE('',#11899,#11901,#11903,.T.);
#11899 = VERTEX_POINT('',#11900);
#11900 = CARTESIAN_POINT('',(2.125061033199,-2.425061033199,0.1));
#11901 = VERTEX_POINT('',#11902);
#11902 = CARTESIAN_POINT('',(2.125061033199,2.425061033199,0.1));
#11903 = LINE('',#11904,#11905);
#11904 = CARTESIAN_POINT('',(2.125061033199,-2.425061033199,0.1));
#11905 = VECTOR('',#11906,1.);
#11906 = DIRECTION('',(-2.22044604925E-16,1.,0.));
#11907 = ORIENTED_EDGE('',*,*,#11908,.T.);
#11908 = EDGE_CURVE('',#11901,#11909,#11911,.T.);
#11909 = VERTEX_POINT('',#11910);
#11910 = CARTESIAN_POINT('',(2.2,2.5,0.525));
#11911 = B_SPLINE_CURVE_WITH_KNOTS('',1,(#11912,#11913),.UNSPECIFIED.,
  .F.,.F.,(2,2),(0.,1.),.PIECEWISE_BEZIER_KNOTS.);
#11912 = CARTESIAN_POINT('',(2.125061033199,2.425061033199,0.1));
#11913 = CARTESIAN_POINT('',(2.2,2.5,0.525));
#11914 = ORIENTED_EDGE('',*,*,#11915,.F.);
#11915 = EDGE_CURVE('',#11669,#11909,#11916,.T.);
#11916 = LINE('',#11917,#11918);
#11917 = CARTESIAN_POINT('',(2.2,-2.5,0.525));
#11918 = VECTOR('',#11919,1.);
#11919 = DIRECTION('',(-2.22044604925E-16,1.,0.));
#11920 = ORIENTED_EDGE('',*,*,#11676,.F.);
#11921 = ORIENTED_EDGE('',*,*,#11922,.F.);
#11922 = EDGE_CURVE('',#11923,#11677,#11925,.T.);
#11923 = VERTEX_POINT('',#11924);
#11924 = CARTESIAN_POINT('',(2.2,1.755,0.525));
#11925 = LINE('',#11926,#11927);
#11926 = CARTESIAN_POINT('',(2.2,-2.5,0.525));
#11927 = VECTOR('',#11928,1.);
#11928 = DIRECTION('',(-2.22044604925E-16,1.,0.));
#11929 = ORIENTED_EDGE('',*,*,#11930,.F.);
#11930 = EDGE_CURVE('',#11931,#11923,#11933,.T.);
#11931 = VERTEX_POINT('',#11932);
#11932 = CARTESIAN_POINT('',(2.2,1.495,0.525));
#11933 = LINE('',#11934,#11935);
#11934 = CARTESIAN_POINT('',(2.2,-2.5,0.525));
#11935 = VECTOR('',#11936,1.);
#11936 = DIRECTION('',(-2.22044604925E-16,1.,0.));
#11937 = ORIENTED_EDGE('',*,*,#11938,.F.);
#11938 = EDGE_CURVE('',#11939,#11931,#11941,.T.);
#11939 = VERTEX_POINT('',#11940);
#11940 = CARTESIAN_POINT('',(2.2,1.105,0.525));
#11941 = LINE('',#11942,#11943);
#11942 = CARTESIAN_POINT('',(2.2,-2.5,0.525));
#11943 = VECTOR('',#11944,1.);
#11944 = DIRECTION('',(-2.22044604925E-16,1.,0.));
#11945 = ORIENTED_EDGE('',*,*,#11946,.F.);
#11946 = EDGE_CURVE('',#11947,#11939,#11949,.T.);
#11947 = VERTEX_POINT('',#11948);
#11948 = CARTESIAN_POINT('',(2.2,0.845,0.525));
#11949 = LINE('',#11950,#11951);
#11950 = CARTESIAN_POINT('',(2.2,-2.5,0.525));
#11951 = VECTOR('',#11952,1.);
#11952 = DIRECTION('',(-2.22044604925E-16,1.,0.));
#11953 = ORIENTED_EDGE('',*,*,#11954,.F.);
#11954 = EDGE_CURVE('',#11955,#11947,#11957,.T.);
#11955 = VERTEX_POINT('',#11956);
#11956 = CARTESIAN_POINT('',(2.2,0.455,0.525));
#11957 = LINE('',#11958,#11959);
#11958 = CARTESIAN_POINT('',(2.2,-2.5,0.525));
#11959 = VECTOR('',#11960,1.);
#11960 = DIRECTION('',(-2.22044604925E-16,1.,0.));
#11961 = ORIENTED_EDGE('',*,*,#11962,.F.);
#11962 = EDGE_CURVE('',#11963,#11955,#11965,.T.);
#11963 = VERTEX_POINT('',#11964);
#11964 = CARTESIAN_POINT('',(2.2,0.195,0.525));
#11965 = LINE('',#11966,#11967);
#11966 = CARTESIAN_POINT('',(2.2,-2.5,0.525));
#11967 = VECTOR('',#11968,1.);
#11968 = DIRECTION('',(-2.22044604925E-16,1.,0.));
#11969 = ORIENTED_EDGE('',*,*,#11970,.F.);
#11970 = EDGE_CURVE('',#11971,#11963,#11973,.T.);
#11971 = VERTEX_POINT('',#11972);
#11972 = CARTESIAN_POINT('',(2.2,-0.195,0.525));
#11973 = LINE('',#11974,#11975);
#11974 = CARTESIAN_POINT('',(2.2,-2.5,0.525));
#11975 = VECTOR('',#11976,1.);
#11976 = DIRECTION('',(-2.22044604925E-16,1.,0.));
#11977 = ORIENTED_EDGE('',*,*,#11978,.F.);
#11978 = EDGE_CURVE('',#11979,#11971,#11981,.T.);
#11979 = VERTEX_POINT('',#11980);
#11980 = CARTESIAN_POINT('',(2.2,-0.455,0.525));
#11981 = LINE('',#11982,#11983);
#11982 = CARTESIAN_POINT('',(2.2,-2.5,0.525));
#11983 = VECTOR('',#11984,1.);
#11984 = DIRECTION('',(-2.22044604925E-16,1.,0.));
#11985 = ORIENTED_EDGE('',*,*,#11986,.F.);
#11986 = EDGE_CURVE('',#11987,#11979,#11989,.T.);
#11987 = VERTEX_POINT('',#11988);
#11988 = CARTESIAN_POINT('',(2.2,-0.845,0.525));
#11989 = LINE('',#11990,#11991);
#11990 = CARTESIAN_POINT('',(2.2,-2.5,0.525));
#11991 = VECTOR('',#11992,1.);
#11992 = DIRECTION('',(-2.22044604925E-16,1.,0.));
#11993 = ORIENTED_EDGE('',*,*,#11994,.F.);
#11994 = EDGE_CURVE('',#11995,#11987,#11997,.T.);
#11995 = VERTEX_POINT('',#11996);
#11996 = CARTESIAN_POINT('',(2.2,-1.105,0.525));
#11997 = LINE('',#11998,#11999);
#11998 = CARTESIAN_POINT('',(2.2,-2.5,0.525));
#11999 = VECTOR('',#12000,1.);
#12000 = DIRECTION('',(-2.22044604925E-16,1.,0.));
#12001 = ORIENTED_EDGE('',*,*,#12002,.F.);
#12002 = EDGE_CURVE('',#12003,#11995,#12005,.T.);
#12003 = VERTEX_POINT('',#12004);
#12004 = CARTESIAN_POINT('',(2.2,-1.495,0.525));
#12005 = LINE('',#12006,#12007);
#12006 = CARTESIAN_POINT('',(2.2,-2.5,0.525));
#12007 = VECTOR('',#12008,1.);
#12008 = DIRECTION('',(-2.22044604925E-16,1.,0.));
#12009 = ORIENTED_EDGE('',*,*,#12010,.F.);
#12010 = EDGE_CURVE('',#12011,#12003,#12013,.T.);
#12011 = VERTEX_POINT('',#12012);
#12012 = CARTESIAN_POINT('',(2.2,-1.755,0.525));
#12013 = LINE('',#12014,#12015);
#12014 = CARTESIAN_POINT('',(2.2,-2.5,0.525));
#12015 = VECTOR('',#12016,1.);
#12016 = DIRECTION('',(-2.22044604925E-16,1.,0.));
#12017 = ORIENTED_EDGE('',*,*,#12018,.F.);
#12018 = EDGE_CURVE('',#12019,#12011,#12021,.T.);
#12019 = VERTEX_POINT('',#12020);
#12020 = CARTESIAN_POINT('',(2.2,-2.145,0.525));
#12021 = LINE('',#12022,#12023);
#12022 = CARTESIAN_POINT('',(2.2,-2.5,0.525));
#12023 = VECTOR('',#12024,1.);
#12024 = DIRECTION('',(-2.22044604925E-16,1.,0.));
#12025 = ORIENTED_EDGE('',*,*,#12026,.F.);
#12026 = EDGE_CURVE('',#12027,#12019,#12029,.T.);
#12027 = VERTEX_POINT('',#12028);
#12028 = CARTESIAN_POINT('',(2.2,-2.405,0.525));
#12029 = LINE('',#12030,#12031);
#12030 = CARTESIAN_POINT('',(2.2,-2.5,0.525));
#12031 = VECTOR('',#12032,1.);
#12032 = DIRECTION('',(-2.22044604925E-16,1.,0.));
#12033 = ORIENTED_EDGE('',*,*,#12034,.F.);
#12034 = EDGE_CURVE('',#12035,#12027,#12037,.T.);
#12035 = VERTEX_POINT('',#12036);
#12036 = CARTESIAN_POINT('',(2.2,-2.5,0.525));
#12037 = LINE('',#12038,#12039);
#12038 = CARTESIAN_POINT('',(2.2,-2.5,0.525));
#12039 = VECTOR('',#12040,1.);
#12040 = DIRECTION('',(-2.22044604925E-16,1.,0.));
#12041 = ORIENTED_EDGE('',*,*,#12042,.F.);
#12042 = EDGE_CURVE('',#11899,#12035,#12043,.T.);
#12043 = B_SPLINE_CURVE_WITH_KNOTS('',1,(#12044,#12045),.UNSPECIFIED.,
  .F.,.F.,(2,2),(0.,1.),.PIECEWISE_BEZIER_KNOTS.);
#12044 = CARTESIAN_POINT('',(2.125061033199,-2.425061033199,0.1));
#12045 = CARTESIAN_POINT('',(2.2,-2.5,0.525));
#12046 = B_SPLINE_SURFACE_WITH_KNOTS('',1,1,(
    (#12047,#12048)
    ,(#12049,#12050
    )),.UNSPECIFIED.,.F.,.F.,.F.,(2,2),(2,2),(0.,5.),(0.,1.),
  .PIECEWISE_BEZIER_KNOTS.);
#12047 = CARTESIAN_POINT('',(2.125061033199,-2.425061033199,0.1));
#12048 = CARTESIAN_POINT('',(2.2,-2.5,0.525));
#12049 = CARTESIAN_POINT('',(2.125061033199,2.425061033199,0.1));
#12050 = CARTESIAN_POINT('',(2.2,2.5,0.525));
#12051 = ADVANCED_FACE('',(#12052),#12063,.T.);
#12052 = FACE_BOUND('',#12053,.T.);
#12053 = EDGE_LOOP('',(#12054,#12055,#12061,#12062));
#12054 = ORIENTED_EDGE('',*,*,#11741,.T.);
#12055 = ORIENTED_EDGE('',*,*,#12056,.T.);
#12056 = EDGE_CURVE('',#11742,#11826,#12057,.T.);
#12057 = LINE('',#12058,#12059);
#12058 = CARTESIAN_POINT('',(2.75,2.405,1.110223024625E-16));
#12059 = VECTOR('',#12060,1.);
#12060 = DIRECTION('',(2.22044604925E-16,-1.,0.));
#12061 = ORIENTED_EDGE('',*,*,#11825,.F.);
#12062 = ORIENTED_EDGE('',*,*,#11708,.F.);
#12063 = CYLINDRICAL_SURFACE('',#12064,0.25);
#12064 = AXIS2_PLACEMENT_3D('',#12065,#12066,#12067);
#12065 = CARTESIAN_POINT('',(2.75,2.405,0.25));
#12066 = DIRECTION('',(-2.22044604925E-16,1.,-0.));
#12067 = DIRECTION('',(-1.,-2.22044604925E-16,-2.442490654175E-15));
#12068 = ADVANCED_FACE('',(#12069),#12086,.T.);
#12069 = FACE_BOUND('',#12070,.T.);
#12070 = EDGE_LOOP('',(#12071,#12072,#12073,#12080));
#12071 = ORIENTED_EDGE('',*,*,#11730,.T.);
#12072 = ORIENTED_EDGE('',*,*,#11915,.T.);
#12073 = ORIENTED_EDGE('',*,*,#12074,.T.);
#12074 = EDGE_CURVE('',#11909,#12075,#12077,.T.);
#12075 = VERTEX_POINT('',#12076);
#12076 = CARTESIAN_POINT('',(2.2,2.5,0.675));
#12077 = B_SPLINE_CURVE_WITH_KNOTS('',1,(#12078,#12079),.UNSPECIFIED.,
  .F.,.F.,(2,2),(0.,1.),.PIECEWISE_BEZIER_KNOTS.);
#12078 = CARTESIAN_POINT('',(2.2,2.5,0.525));
#12079 = CARTESIAN_POINT('',(2.2,2.5,0.675));
#12080 = ORIENTED_EDGE('',*,*,#12081,.F.);
#12081 = EDGE_CURVE('',#11731,#12075,#12082,.T.);
#12082 = LINE('',#12083,#12084);
#12083 = CARTESIAN_POINT('',(2.2,-2.5,0.675));
#12084 = VECTOR('',#12085,1.);
#12085 = DIRECTION('',(-2.22044604925E-16,1.,0.));
#12086 = PLANE('',#12087);
#12087 = AXIS2_PLACEMENT_3D('',#12088,#12089,#12090);
#12088 = CARTESIAN_POINT('',(2.2,-2.5,0.675));
#12089 = DIRECTION('',(1.,2.22044604925E-16,0.));
#12090 = DIRECTION('',(-2.22044604925E-16,1.,0.));
#12091 = ADVANCED_FACE('',(#12092),#12124,.F.);
#12092 = FACE_BOUND('',#12093,.F.);
#12093 = EDGE_LOOP('',(#12094,#12095,#12101,#12102,#12110,#12118));
#12094 = ORIENTED_EDGE('',*,*,#11800,.F.);
#12095 = ORIENTED_EDGE('',*,*,#12096,.T.);
#12096 = EDGE_CURVE('',#11792,#11876,#12097,.T.);
#12097 = LINE('',#12098,#12099);
#12098 = CARTESIAN_POINT('',(2.4,2.405,0.675));
#12099 = VECTOR('',#12100,1.);
#12100 = DIRECTION('',(2.22044604925E-16,-1.,0.));
#12101 = ORIENTED_EDGE('',*,*,#11884,.T.);
#12102 = ORIENTED_EDGE('',*,*,#12103,.T.);
#12103 = EDGE_CURVE('',#11815,#12104,#12106,.T.);
#12104 = VERTEX_POINT('',#12105);
#12105 = CARTESIAN_POINT('',(2.15,2.145,0.675));
#12106 = LINE('',#12107,#12108);
#12107 = CARTESIAN_POINT('',(2.4,2.145,0.675));
#12108 = VECTOR('',#12109,1.);
#12109 = DIRECTION('',(-1.,-2.22044604925E-16,0.));
#12110 = ORIENTED_EDGE('',*,*,#12111,.T.);
#12111 = EDGE_CURVE('',#12104,#12112,#12114,.T.);
#12112 = VERTEX_POINT('',#12113);
#12113 = CARTESIAN_POINT('',(2.15,2.405,0.675));
#12114 = LINE('',#12115,#12116);
#12115 = CARTESIAN_POINT('',(2.15,-2.45,0.675));
#12116 = VECTOR('',#12117,1.);
#12117 = DIRECTION('',(-2.22044604925E-16,1.,0.));
#12118 = ORIENTED_EDGE('',*,*,#12119,.F.);
#12119 = EDGE_CURVE('',#11731,#12112,#12120,.T.);
#12120 = LINE('',#12121,#12122);
#12121 = CARTESIAN_POINT('',(2.4,2.405,0.675));
#12122 = VECTOR('',#12123,1.);
#12123 = DIRECTION('',(-1.,-2.22044604925E-16,0.));
#12124 = PLANE('',#12125);
#12125 = AXIS2_PLACEMENT_3D('',#12126,#12127,#12128);
#12126 = CARTESIAN_POINT('',(2.4,2.405,0.675));
#12127 = DIRECTION('',(0.,0.,-1.));
#12128 = DIRECTION('',(-1.,-2.22044604925E-16,-0.));
#12129 = ADVANCED_FACE('',(#12130),#12141,.T.);
#12130 = FACE_BOUND('',#12131,.T.);
#12131 = EDGE_LOOP('',(#12132,#12133,#12134,#12135));
#12132 = ORIENTED_EDGE('',*,*,#11791,.T.);
#12133 = ORIENTED_EDGE('',*,*,#12096,.T.);
#12134 = ORIENTED_EDGE('',*,*,#11875,.F.);
#12135 = ORIENTED_EDGE('',*,*,#12136,.F.);
#12136 = EDGE_CURVE('',#11784,#11868,#12137,.T.);
#12137 = LINE('',#12138,#12139);
#12138 = CARTESIAN_POINT('',(2.65,2.405,0.425));
#12139 = VECTOR('',#12140,1.);
#12140 = DIRECTION('',(2.22044604925E-16,-1.,0.));
#12141 = CYLINDRICAL_SURFACE('',#12142,0.25);
#12142 = AXIS2_PLACEMENT_3D('',#12143,#12144,#12145);
#12143 = CARTESIAN_POINT('',(2.4,2.405,0.425));
#12144 = DIRECTION('',(-2.22044604925E-16,1.,-0.));
#12145 = DIRECTION('',(1.,2.22044604925E-16,2.22044604925E-15));
#12146 = ADVANCED_FACE('',(#12147),#12158,.F.);
#12147 = FACE_BOUND('',#12148,.F.);
#12148 = EDGE_LOOP('',(#12149,#12155,#12156,#12157));
#12149 = ORIENTED_EDGE('',*,*,#12150,.T.);
#12150 = EDGE_CURVE('',#11775,#11859,#12151,.T.);
#12151 = LINE('',#12152,#12153);
#12152 = CARTESIAN_POINT('',(2.65,2.405,0.25));
#12153 = VECTOR('',#12154,1.);
#12154 = DIRECTION('',(2.22044604925E-16,-1.,0.));
#12155 = ORIENTED_EDGE('',*,*,#11867,.T.);
#12156 = ORIENTED_EDGE('',*,*,#12136,.F.);
#12157 = ORIENTED_EDGE('',*,*,#11783,.F.);
#12158 = PLANE('',#12159);
#12159 = AXIS2_PLACEMENT_3D('',#12160,#12161,#12162);
#12160 = CARTESIAN_POINT('',(2.65,2.405,0.25));
#12161 = DIRECTION('',(-1.,-2.22044604925E-16,0.));
#12162 = DIRECTION('',(0.,0.,1.));
#12163 = ADVANCED_FACE('',(#12164),#12175,.F.);
#12164 = FACE_BOUND('',#12165,.F.);
#12165 = EDGE_LOOP('',(#12166,#12172,#12173,#12174));
#12166 = ORIENTED_EDGE('',*,*,#12167,.T.);
#12167 = EDGE_CURVE('',#11767,#11851,#12168,.T.);
#12168 = LINE('',#12169,#12170);
#12169 = CARTESIAN_POINT('',(2.75,2.405,0.15));
#12170 = VECTOR('',#12171,1.);
#12171 = DIRECTION('',(2.22044604925E-16,-1.,0.));
#12172 = ORIENTED_EDGE('',*,*,#11858,.T.);
#12173 = ORIENTED_EDGE('',*,*,#12150,.F.);
#12174 = ORIENTED_EDGE('',*,*,#11774,.F.);
#12175 = CYLINDRICAL_SURFACE('',#12176,0.1);
#12176 = AXIS2_PLACEMENT_3D('',#12177,#12178,#12179);
#12177 = CARTESIAN_POINT('',(2.75,2.405,0.25));
#12178 = DIRECTION('',(-2.22044604925E-16,1.,0.));
#12179 = DIRECTION('',(0.,0.,-1.));
#12180 = ADVANCED_FACE('',(#12181),#12192,.F.);
#12181 = FACE_BOUND('',#12182,.F.);
#12182 = EDGE_LOOP('',(#12183,#12189,#12190,#12191));
#12183 = ORIENTED_EDGE('',*,*,#12184,.T.);
#12184 = EDGE_CURVE('',#11759,#11843,#12185,.T.);
#12185 = LINE('',#12186,#12187);
#12186 = CARTESIAN_POINT('',(3.2,2.405,0.15));
#12187 = VECTOR('',#12188,1.);
#12188 = DIRECTION('',(2.22044604925E-16,-1.,0.));
#12189 = ORIENTED_EDGE('',*,*,#11850,.T.);
#12190 = ORIENTED_EDGE('',*,*,#12167,.F.);
#12191 = ORIENTED_EDGE('',*,*,#11766,.F.);
#12192 = PLANE('',#12193);
#12193 = AXIS2_PLACEMENT_3D('',#12194,#12195,#12196);
#12194 = CARTESIAN_POINT('',(3.2,2.405,0.15));
#12195 = DIRECTION('',(0.,0.,-1.));
#12196 = DIRECTION('',(-1.,-2.22044604925E-16,-0.));
#12197 = ADVANCED_FACE('',(#12198),#12209,.F.);
#12198 = FACE_BOUND('',#12199,.F.);
#12199 = EDGE_LOOP('',(#12200,#12206,#12207,#12208));
#12200 = ORIENTED_EDGE('',*,*,#12201,.T.);
#12201 = EDGE_CURVE('',#11751,#11835,#12202,.T.);
#12202 = LINE('',#12203,#12204);
#12203 = CARTESIAN_POINT('',(3.2,2.405,1.110223024625E-16));
#12204 = VECTOR('',#12205,1.);
#12205 = DIRECTION('',(2.22044604925E-16,-1.,0.));
#12206 = ORIENTED_EDGE('',*,*,#11842,.T.);
#12207 = ORIENTED_EDGE('',*,*,#12184,.F.);
#12208 = ORIENTED_EDGE('',*,*,#11758,.F.);
#12209 = PLANE('',#12210);
#12210 = AXIS2_PLACEMENT_3D('',#12211,#12212,#12213);
#12211 = CARTESIAN_POINT('',(3.2,2.405,1.110223024625E-16));
#12212 = DIRECTION('',(-1.,-2.22044604925E-16,0.));
#12213 = DIRECTION('',(0.,0.,1.));
#12214 = ADVANCED_FACE('',(#12215),#12221,.F.);
#12215 = FACE_BOUND('',#12216,.F.);
#12216 = EDGE_LOOP('',(#12217,#12218,#12219,#12220));
#12217 = ORIENTED_EDGE('',*,*,#12056,.T.);
#12218 = ORIENTED_EDGE('',*,*,#11834,.T.);
#12219 = ORIENTED_EDGE('',*,*,#12201,.F.);
#12220 = ORIENTED_EDGE('',*,*,#11750,.F.);
#12221 = PLANE('',#12222);
#12222 = AXIS2_PLACEMENT_3D('',#12223,#12224,#12225);
#12223 = CARTESIAN_POINT('',(2.75,2.405,1.110223024625E-16));
#12224 = DIRECTION('',(0.,0.,1.));
#12225 = DIRECTION('',(1.,2.22044604925E-16,-0.));
#12226 = ADVANCED_FACE('',(#12227),#12245,.T.);
#12227 = FACE_BOUND('',#12228,.T.);
#12228 = EDGE_LOOP('',(#12229,#12237,#12238,#12239));
#12229 = ORIENTED_EDGE('',*,*,#12230,.T.);
#12230 = EDGE_CURVE('',#12231,#11923,#12233,.T.);
#12231 = VERTEX_POINT('',#12232);
#12232 = CARTESIAN_POINT('',(2.2,1.755,0.675));
#12233 = LINE('',#12234,#12235);
#12234 = CARTESIAN_POINT('',(2.2,1.755,0.494086109492));
#12235 = VECTOR('',#12236,1.);
#12236 = DIRECTION('',(0.,-0.,-1.));
#12237 = ORIENTED_EDGE('',*,*,#11922,.T.);
#12238 = ORIENTED_EDGE('',*,*,#11814,.F.);
#12239 = ORIENTED_EDGE('',*,*,#12240,.F.);
#12240 = EDGE_CURVE('',#12231,#11815,#12241,.T.);
#12241 = LINE('',#12242,#12243);
#12242 = CARTESIAN_POINT('',(2.2,-2.5,0.675));
#12243 = VECTOR('',#12244,1.);
#12244 = DIRECTION('',(-2.22044604925E-16,1.,0.));
#12245 = PLANE('',#12246);
#12246 = AXIS2_PLACEMENT_3D('',#12247,#12248,#12249);
#12247 = CARTESIAN_POINT('',(2.2,-2.5,0.675));
#12248 = DIRECTION('',(1.,2.22044604925E-16,0.));
#12249 = DIRECTION('',(-2.22044604925E-16,1.,0.));
#12250 = ADVANCED_FACE('',(#12251),#12276,.T.);
#12251 = FACE_BOUND('',#12252,.F.);
#12252 = EDGE_LOOP('',(#12253,#12263,#12269,#12270));
#12253 = ORIENTED_EDGE('',*,*,#12254,.T.);
#12254 = EDGE_CURVE('',#12255,#12257,#12259,.T.);
#12255 = VERTEX_POINT('',#12256);
#12256 = CARTESIAN_POINT('',(-2.125061033199,2.425061033199,0.1));
#12257 = VERTEX_POINT('',#12258);
#12258 = CARTESIAN_POINT('',(-2.125061033199,-2.425061033199,0.1));
#12259 = LINE('',#12260,#12261);
#12260 = CARTESIAN_POINT('',(-2.125061033199,2.425061033199,0.1));
#12261 = VECTOR('',#12262,1.);
#12262 = DIRECTION('',(2.22044604925E-16,-1.,0.));
#12263 = ORIENTED_EDGE('',*,*,#12264,.T.);
#12264 = EDGE_CURVE('',#12257,#11899,#12265,.T.);
#12265 = LINE('',#12266,#12267);
#12266 = CARTESIAN_POINT('',(-2.125061033199,-2.425061033199,0.1));
#12267 = VECTOR('',#12268,1.);
#12268 = DIRECTION('',(1.,2.22044604925E-16,0.));
#12269 = ORIENTED_EDGE('',*,*,#11898,.T.);
#12270 = ORIENTED_EDGE('',*,*,#12271,.T.);
#12271 = EDGE_CURVE('',#11901,#12255,#12272,.T.);
#12272 = LINE('',#12273,#12274);
#12273 = CARTESIAN_POINT('',(2.125061033199,2.425061033199,0.1));
#12274 = VECTOR('',#12275,1.);
#12275 = DIRECTION('',(-1.,-2.22044604925E-16,0.));
#12276 = PLANE('',#12277);
#12277 = AXIS2_PLACEMENT_3D('',#12278,#12279,#12280);
#12278 = CARTESIAN_POINT('',(-2.125061033199,2.425061033199,0.1));
#12279 = DIRECTION('',(0.,0.,-1.));
#12280 = DIRECTION('',(0.659054682495,-0.752095024236,0.));
#12281 = ADVANCED_FACE('',(#12282),#12299,.T.);
#12282 = FACE_BOUND('',#12283,.T.);
#12283 = EDGE_LOOP('',(#12284,#12285,#12286,#12294));
#12284 = ORIENTED_EDGE('',*,*,#12264,.T.);
#12285 = ORIENTED_EDGE('',*,*,#12042,.T.);
#12286 = ORIENTED_EDGE('',*,*,#12287,.F.);
#12287 = EDGE_CURVE('',#12288,#12035,#12290,.T.);
#12288 = VERTEX_POINT('',#12289);
#12289 = CARTESIAN_POINT('',(-2.2,-2.5,0.525));
#12290 = LINE('',#12291,#12292);
#12291 = CARTESIAN_POINT('',(-2.2,-2.5,0.525));
#12292 = VECTOR('',#12293,1.);
#12293 = DIRECTION('',(1.,2.22044604925E-16,0.));
#12294 = ORIENTED_EDGE('',*,*,#12295,.F.);
#12295 = EDGE_CURVE('',#12257,#12288,#12296,.T.);
#12296 = B_SPLINE_CURVE_WITH_KNOTS('',1,(#12297,#12298),.UNSPECIFIED.,
  .F.,.F.,(2,2),(0.,1.),.PIECEWISE_BEZIER_KNOTS.);
#12297 = CARTESIAN_POINT('',(-2.125061033199,-2.425061033199,0.1));
#12298 = CARTESIAN_POINT('',(-2.2,-2.5,0.525));
#12299 = B_SPLINE_SURFACE_WITH_KNOTS('',1,1,(
    (#12300,#12301)
    ,(#12302,#12303
    )),.UNSPECIFIED.,.F.,.F.,.F.,(2,2),(2,2),(0.,4.4),(0.,1.),
  .PIECEWISE_BEZIER_KNOTS.);
#12300 = CARTESIAN_POINT('',(-2.125061033199,-2.425061033199,0.1));
#12301 = CARTESIAN_POINT('',(-2.2,-2.5,0.525));
#12302 = CARTESIAN_POINT('',(2.125061033199,-2.425061033199,0.1));
#12303 = CARTESIAN_POINT('',(2.2,-2.5,0.525));
#12304 = ADVANCED_FACE('',(#12305),#12322,.T.);
#12305 = FACE_BOUND('',#12306,.T.);
#12306 = EDGE_LOOP('',(#12307,#12308,#12315,#12321));
#12307 = ORIENTED_EDGE('',*,*,#12271,.T.);
#12308 = ORIENTED_EDGE('',*,*,#12309,.T.);
#12309 = EDGE_CURVE('',#12255,#12310,#12312,.T.);
#12310 = VERTEX_POINT('',#12311);
#12311 = CARTESIAN_POINT('',(-2.2,2.5,0.525));
#12312 = B_SPLINE_CURVE_WITH_KNOTS('',1,(#12313,#12314),.UNSPECIFIED.,
  .F.,.F.,(2,2),(0.,1.),.PIECEWISE_BEZIER_KNOTS.);
#12313 = CARTESIAN_POINT('',(-2.125061033199,2.425061033199,0.1));
#12314 = CARTESIAN_POINT('',(-2.2,2.5,0.525));
#12315 = ORIENTED_EDGE('',*,*,#12316,.F.);
#12316 = EDGE_CURVE('',#11909,#12310,#12317,.T.);
#12317 = LINE('',#12318,#12319);
#12318 = CARTESIAN_POINT('',(2.2,2.5,0.525));
#12319 = VECTOR('',#12320,1.);
#12320 = DIRECTION('',(-1.,-2.22044604925E-16,0.));
#12321 = ORIENTED_EDGE('',*,*,#11908,.F.);
#12322 = B_SPLINE_SURFACE_WITH_KNOTS('',1,1,(
    (#12323,#12324)
    ,(#12325,#12326
    )),.UNSPECIFIED.,.F.,.F.,.F.,(2,2),(2,2),(0.,4.4),(0.,1.),
  .PIECEWISE_BEZIER_KNOTS.);
#12323 = CARTESIAN_POINT('',(2.125061033199,2.425061033199,0.1));
#12324 = CARTESIAN_POINT('',(2.2,2.5,0.525));
#12325 = CARTESIAN_POINT('',(-2.125061033199,2.425061033199,0.1));
#12326 = CARTESIAN_POINT('',(-2.2,2.5,0.525));
#12327 = ADVANCED_FACE('',(#12328),#12352,.T.);
#12328 = FACE_BOUND('',#12329,.T.);
#12329 = EDGE_LOOP('',(#12330,#12337,#12338,#12346));
#12330 = ORIENTED_EDGE('',*,*,#12331,.F.);
#12331 = EDGE_CURVE('',#12035,#12332,#12334,.T.);
#12332 = VERTEX_POINT('',#12333);
#12333 = CARTESIAN_POINT('',(2.2,-2.5,0.675));
#12334 = B_SPLINE_CURVE_WITH_KNOTS('',1,(#12335,#12336),.UNSPECIFIED.,
  .F.,.F.,(2,2),(0.,1.),.PIECEWISE_BEZIER_KNOTS.);
#12335 = CARTESIAN_POINT('',(2.2,-2.5,0.525));
#12336 = CARTESIAN_POINT('',(2.2,-2.5,0.675));
#12337 = ORIENTED_EDGE('',*,*,#12034,.T.);
#12338 = ORIENTED_EDGE('',*,*,#12339,.F.);
#12339 = EDGE_CURVE('',#12340,#12027,#12342,.T.);
#12340 = VERTEX_POINT('',#12341);
#12341 = CARTESIAN_POINT('',(2.2,-2.405,0.675));
#12342 = LINE('',#12343,#12344);
#12343 = CARTESIAN_POINT('',(2.2,-2.405,0.494086109492));
#12344 = VECTOR('',#12345,1.);
#12345 = DIRECTION('',(0.,-0.,-1.));
#12346 = ORIENTED_EDGE('',*,*,#12347,.F.);
#12347 = EDGE_CURVE('',#12332,#12340,#12348,.T.);
#12348 = LINE('',#12349,#12350);
#12349 = CARTESIAN_POINT('',(2.2,-2.5,0.675));
#12350 = VECTOR('',#12351,1.);
#12351 = DIRECTION('',(-2.22044604925E-16,1.,0.));
#12352 = PLANE('',#12353);
#12353 = AXIS2_PLACEMENT_3D('',#12354,#12355,#12356);
#12354 = CARTESIAN_POINT('',(2.2,-2.5,0.675));
#12355 = DIRECTION('',(1.,2.22044604925E-16,0.));
#12356 = DIRECTION('',(-2.22044604925E-16,1.,0.));
#12357 = ADVANCED_FACE('',(#12358),#12383,.F.);
#12358 = FACE_BOUND('',#12359,.F.);
#12359 = EDGE_LOOP('',(#12360,#12368,#12369,#12377));
#12360 = ORIENTED_EDGE('',*,*,#12361,.F.);
#12361 = EDGE_CURVE('',#12019,#12362,#12364,.T.);
#12362 = VERTEX_POINT('',#12363);
#12363 = CARTESIAN_POINT('',(2.4,-2.145,0.525));
#12364 = LINE('',#12365,#12366);
#12365 = CARTESIAN_POINT('',(2.1,-2.145,0.525));
#12366 = VECTOR('',#12367,1.);
#12367 = DIRECTION('',(1.,2.22044604925E-16,0.));
#12368 = ORIENTED_EDGE('',*,*,#12026,.F.);
#12369 = ORIENTED_EDGE('',*,*,#12370,.T.);
#12370 = EDGE_CURVE('',#12027,#12371,#12373,.T.);
#12371 = VERTEX_POINT('',#12372);
#12372 = CARTESIAN_POINT('',(2.4,-2.405,0.525));
#12373 = LINE('',#12374,#12375);
#12374 = CARTESIAN_POINT('',(2.1,-2.405,0.525));
#12375 = VECTOR('',#12376,1.);
#12376 = DIRECTION('',(1.,2.22044604925E-16,0.));
#12377 = ORIENTED_EDGE('',*,*,#12378,.F.);
#12378 = EDGE_CURVE('',#12362,#12371,#12379,.T.);
#12379 = LINE('',#12380,#12381);
#12380 = CARTESIAN_POINT('',(2.4,-2.145,0.525));
#12381 = VECTOR('',#12382,1.);
#12382 = DIRECTION('',(2.22044604925E-16,-1.,0.));
#12383 = PLANE('',#12384);
#12384 = AXIS2_PLACEMENT_3D('',#12385,#12386,#12387);
#12385 = CARTESIAN_POINT('',(2.1,-2.145,0.525));
#12386 = DIRECTION('',(0.,0.,1.));
#12387 = DIRECTION('',(1.,2.22044604925E-16,-0.));
#12388 = ADVANCED_FACE('',(#12389),#12414,.T.);
#12389 = FACE_BOUND('',#12390,.T.);
#12390 = EDGE_LOOP('',(#12391,#12399,#12400,#12408));
#12391 = ORIENTED_EDGE('',*,*,#12392,.T.);
#12392 = EDGE_CURVE('',#12393,#12019,#12395,.T.);
#12393 = VERTEX_POINT('',#12394);
#12394 = CARTESIAN_POINT('',(2.2,-2.145,0.675));
#12395 = LINE('',#12396,#12397);
#12396 = CARTESIAN_POINT('',(2.2,-2.145,0.494086109492));
#12397 = VECTOR('',#12398,1.);
#12398 = DIRECTION('',(0.,-0.,-1.));
#12399 = ORIENTED_EDGE('',*,*,#12018,.T.);
#12400 = ORIENTED_EDGE('',*,*,#12401,.F.);
#12401 = EDGE_CURVE('',#12402,#12011,#12404,.T.);
#12402 = VERTEX_POINT('',#12403);
#12403 = CARTESIAN_POINT('',(2.2,-1.755,0.675));
#12404 = LINE('',#12405,#12406);
#12405 = CARTESIAN_POINT('',(2.2,-1.755,0.494086109492));
#12406 = VECTOR('',#12407,1.);
#12407 = DIRECTION('',(0.,-0.,-1.));
#12408 = ORIENTED_EDGE('',*,*,#12409,.F.);
#12409 = EDGE_CURVE('',#12393,#12402,#12410,.T.);
#12410 = LINE('',#12411,#12412);
#12411 = CARTESIAN_POINT('',(2.2,-2.5,0.675));
#12412 = VECTOR('',#12413,1.);
#12413 = DIRECTION('',(-2.22044604925E-16,1.,0.));
#12414 = PLANE('',#12415);
#12415 = AXIS2_PLACEMENT_3D('',#12416,#12417,#12418);
#12416 = CARTESIAN_POINT('',(2.2,-2.5,0.675));
#12417 = DIRECTION('',(1.,2.22044604925E-16,0.));
#12418 = DIRECTION('',(-2.22044604925E-16,1.,0.));
#12419 = ADVANCED_FACE('',(#12420),#12445,.F.);
#12420 = FACE_BOUND('',#12421,.F.);
#12421 = EDGE_LOOP('',(#12422,#12430,#12431,#12439));
#12422 = ORIENTED_EDGE('',*,*,#12423,.F.);
#12423 = EDGE_CURVE('',#12003,#12424,#12426,.T.);
#12424 = VERTEX_POINT('',#12425);
#12425 = CARTESIAN_POINT('',(2.4,-1.495,0.525));
#12426 = LINE('',#12427,#12428);
#12427 = CARTESIAN_POINT('',(2.1,-1.495,0.525));
#12428 = VECTOR('',#12429,1.);
#12429 = DIRECTION('',(1.,2.22044604925E-16,0.));
#12430 = ORIENTED_EDGE('',*,*,#12010,.F.);
#12431 = ORIENTED_EDGE('',*,*,#12432,.T.);
#12432 = EDGE_CURVE('',#12011,#12433,#12435,.T.);
#12433 = VERTEX_POINT('',#12434);
#12434 = CARTESIAN_POINT('',(2.4,-1.755,0.525));
#12435 = LINE('',#12436,#12437);
#12436 = CARTESIAN_POINT('',(2.1,-1.755,0.525));
#12437 = VECTOR('',#12438,1.);
#12438 = DIRECTION('',(1.,2.22044604925E-16,0.));
#12439 = ORIENTED_EDGE('',*,*,#12440,.F.);
#12440 = EDGE_CURVE('',#12424,#12433,#12441,.T.);
#12441 = LINE('',#12442,#12443);
#12442 = CARTESIAN_POINT('',(2.4,-1.495,0.525));
#12443 = VECTOR('',#12444,1.);
#12444 = DIRECTION('',(2.22044604925E-16,-1.,0.));
#12445 = PLANE('',#12446);
#12446 = AXIS2_PLACEMENT_3D('',#12447,#12448,#12449);
#12447 = CARTESIAN_POINT('',(2.1,-1.495,0.525));
#12448 = DIRECTION('',(0.,0.,1.));
#12449 = DIRECTION('',(1.,2.22044604925E-16,-0.));
#12450 = ADVANCED_FACE('',(#12451),#12476,.F.);
#12451 = FACE_BOUND('',#12452,.F.);
#12452 = EDGE_LOOP('',(#12453,#12461,#12462,#12470));
#12453 = ORIENTED_EDGE('',*,*,#12454,.F.);
#12454 = EDGE_CURVE('',#11923,#12455,#12457,.T.);
#12455 = VERTEX_POINT('',#12456);
#12456 = CARTESIAN_POINT('',(2.4,1.755,0.525));
#12457 = LINE('',#12458,#12459);
#12458 = CARTESIAN_POINT('',(2.1,1.755,0.525));
#12459 = VECTOR('',#12460,1.);
#12460 = DIRECTION('',(1.,2.22044604925E-16,0.));
#12461 = ORIENTED_EDGE('',*,*,#11930,.F.);
#12462 = ORIENTED_EDGE('',*,*,#12463,.T.);
#12463 = EDGE_CURVE('',#11931,#12464,#12466,.T.);
#12464 = VERTEX_POINT('',#12465);
#12465 = CARTESIAN_POINT('',(2.4,1.495,0.525));
#12466 = LINE('',#12467,#12468);
#12467 = CARTESIAN_POINT('',(2.1,1.495,0.525));
#12468 = VECTOR('',#12469,1.);
#12469 = DIRECTION('',(1.,2.22044604925E-16,0.));
#12470 = ORIENTED_EDGE('',*,*,#12471,.F.);
#12471 = EDGE_CURVE('',#12455,#12464,#12472,.T.);
#12472 = LINE('',#12473,#12474);
#12473 = CARTESIAN_POINT('',(2.4,1.755,0.525));
#12474 = VECTOR('',#12475,1.);
#12475 = DIRECTION('',(2.22044604925E-16,-1.,0.));
#12476 = PLANE('',#12477);
#12477 = AXIS2_PLACEMENT_3D('',#12478,#12479,#12480);
#12478 = CARTESIAN_POINT('',(2.1,1.755,0.525));
#12479 = DIRECTION('',(0.,0.,1.));
#12480 = DIRECTION('',(1.,2.22044604925E-16,-0.));
#12481 = ADVANCED_FACE('',(#12482),#12507,.T.);
#12482 = FACE_BOUND('',#12483,.T.);
#12483 = EDGE_LOOP('',(#12484,#12492,#12493,#12501));
#12484 = ORIENTED_EDGE('',*,*,#12485,.T.);
#12485 = EDGE_CURVE('',#12486,#12003,#12488,.T.);
#12486 = VERTEX_POINT('',#12487);
#12487 = CARTESIAN_POINT('',(2.2,-1.495,0.675));
#12488 = LINE('',#12489,#12490);
#12489 = CARTESIAN_POINT('',(2.2,-1.495,0.494086109492));
#12490 = VECTOR('',#12491,1.);
#12491 = DIRECTION('',(0.,-0.,-1.));
#12492 = ORIENTED_EDGE('',*,*,#12002,.T.);
#12493 = ORIENTED_EDGE('',*,*,#12494,.F.);
#12494 = EDGE_CURVE('',#12495,#11995,#12497,.T.);
#12495 = VERTEX_POINT('',#12496);
#12496 = CARTESIAN_POINT('',(2.2,-1.105,0.675));
#12497 = LINE('',#12498,#12499);
#12498 = CARTESIAN_POINT('',(2.2,-1.105,0.494086109492));
#12499 = VECTOR('',#12500,1.);
#12500 = DIRECTION('',(0.,-0.,-1.));
#12501 = ORIENTED_EDGE('',*,*,#12502,.F.);
#12502 = EDGE_CURVE('',#12486,#12495,#12503,.T.);
#12503 = LINE('',#12504,#12505);
#12504 = CARTESIAN_POINT('',(2.2,-2.5,0.675));
#12505 = VECTOR('',#12506,1.);
#12506 = DIRECTION('',(-2.22044604925E-16,1.,0.));
#12507 = PLANE('',#12508);
#12508 = AXIS2_PLACEMENT_3D('',#12509,#12510,#12511);
#12509 = CARTESIAN_POINT('',(2.2,-2.5,0.675));
#12510 = DIRECTION('',(1.,2.22044604925E-16,0.));
#12511 = DIRECTION('',(-2.22044604925E-16,1.,0.));
#12512 = ADVANCED_FACE('',(#12513),#12538,.T.);
#12513 = FACE_BOUND('',#12514,.T.);
#12514 = EDGE_LOOP('',(#12515,#12523,#12524,#12532));
#12515 = ORIENTED_EDGE('',*,*,#12516,.T.);
#12516 = EDGE_CURVE('',#12517,#11939,#12519,.T.);
#12517 = VERTEX_POINT('',#12518);
#12518 = CARTESIAN_POINT('',(2.2,1.105,0.675));
#12519 = LINE('',#12520,#12521);
#12520 = CARTESIAN_POINT('',(2.2,1.105,0.494086109492));
#12521 = VECTOR('',#12522,1.);
#12522 = DIRECTION('',(0.,-0.,-1.));
#12523 = ORIENTED_EDGE('',*,*,#11938,.T.);
#12524 = ORIENTED_EDGE('',*,*,#12525,.F.);
#12525 = EDGE_CURVE('',#12526,#11931,#12528,.T.);
#12526 = VERTEX_POINT('',#12527);
#12527 = CARTESIAN_POINT('',(2.2,1.495,0.675));
#12528 = LINE('',#12529,#12530);
#12529 = CARTESIAN_POINT('',(2.2,1.495,0.494086109492));
#12530 = VECTOR('',#12531,1.);
#12531 = DIRECTION('',(0.,-0.,-1.));
#12532 = ORIENTED_EDGE('',*,*,#12533,.F.);
#12533 = EDGE_CURVE('',#12517,#12526,#12534,.T.);
#12534 = LINE('',#12535,#12536);
#12535 = CARTESIAN_POINT('',(2.2,-2.5,0.675));
#12536 = VECTOR('',#12537,1.);
#12537 = DIRECTION('',(-2.22044604925E-16,1.,0.));
#12538 = PLANE('',#12539);
#12539 = AXIS2_PLACEMENT_3D('',#12540,#12541,#12542);
#12540 = CARTESIAN_POINT('',(2.2,-2.5,0.675));
#12541 = DIRECTION('',(1.,2.22044604925E-16,0.));
#12542 = DIRECTION('',(-2.22044604925E-16,1.,0.));
#12543 = ADVANCED_FACE('',(#12544),#12569,.F.);
#12544 = FACE_BOUND('',#12545,.F.);
#12545 = EDGE_LOOP('',(#12546,#12554,#12555,#12563));
#12546 = ORIENTED_EDGE('',*,*,#12547,.F.);
#12547 = EDGE_CURVE('',#11987,#12548,#12550,.T.);
#12548 = VERTEX_POINT('',#12549);
#12549 = CARTESIAN_POINT('',(2.4,-0.845,0.525));
#12550 = LINE('',#12551,#12552);
#12551 = CARTESIAN_POINT('',(2.1,-0.845,0.525));
#12552 = VECTOR('',#12553,1.);
#12553 = DIRECTION('',(1.,2.22044604925E-16,0.));
#12554 = ORIENTED_EDGE('',*,*,#11994,.F.);
#12555 = ORIENTED_EDGE('',*,*,#12556,.T.);
#12556 = EDGE_CURVE('',#11995,#12557,#12559,.T.);
#12557 = VERTEX_POINT('',#12558);
#12558 = CARTESIAN_POINT('',(2.4,-1.105,0.525));
#12559 = LINE('',#12560,#12561);
#12560 = CARTESIAN_POINT('',(2.1,-1.105,0.525));
#12561 = VECTOR('',#12562,1.);
#12562 = DIRECTION('',(1.,2.22044604925E-16,0.));
#12563 = ORIENTED_EDGE('',*,*,#12564,.F.);
#12564 = EDGE_CURVE('',#12548,#12557,#12565,.T.);
#12565 = LINE('',#12566,#12567);
#12566 = CARTESIAN_POINT('',(2.4,-0.845,0.525));
#12567 = VECTOR('',#12568,1.);
#12568 = DIRECTION('',(2.22044604925E-16,-1.,0.));
#12569 = PLANE('',#12570);
#12570 = AXIS2_PLACEMENT_3D('',#12571,#12572,#12573);
#12571 = CARTESIAN_POINT('',(2.1,-0.845,0.525));
#12572 = DIRECTION('',(0.,0.,1.));
#12573 = DIRECTION('',(1.,2.22044604925E-16,-0.));
#12574 = ADVANCED_FACE('',(#12575),#12600,.F.);
#12575 = FACE_BOUND('',#12576,.F.);
#12576 = EDGE_LOOP('',(#12577,#12585,#12586,#12594));
#12577 = ORIENTED_EDGE('',*,*,#12578,.F.);
#12578 = EDGE_CURVE('',#11939,#12579,#12581,.T.);
#12579 = VERTEX_POINT('',#12580);
#12580 = CARTESIAN_POINT('',(2.4,1.105,0.525));
#12581 = LINE('',#12582,#12583);
#12582 = CARTESIAN_POINT('',(2.1,1.105,0.525));
#12583 = VECTOR('',#12584,1.);
#12584 = DIRECTION('',(1.,2.22044604925E-16,0.));
#12585 = ORIENTED_EDGE('',*,*,#11946,.F.);
#12586 = ORIENTED_EDGE('',*,*,#12587,.T.);
#12587 = EDGE_CURVE('',#11947,#12588,#12590,.T.);
#12588 = VERTEX_POINT('',#12589);
#12589 = CARTESIAN_POINT('',(2.4,0.845,0.525));
#12590 = LINE('',#12591,#12592);
#12591 = CARTESIAN_POINT('',(2.1,0.845,0.525));
#12592 = VECTOR('',#12593,1.);
#12593 = DIRECTION('',(1.,2.22044604925E-16,0.));
#12594 = ORIENTED_EDGE('',*,*,#12595,.F.);
#12595 = EDGE_CURVE('',#12579,#12588,#12596,.T.);
#12596 = LINE('',#12597,#12598);
#12597 = CARTESIAN_POINT('',(2.4,1.105,0.525));
#12598 = VECTOR('',#12599,1.);
#12599 = DIRECTION('',(2.22044604925E-16,-1.,0.));
#12600 = PLANE('',#12601);
#12601 = AXIS2_PLACEMENT_3D('',#12602,#12603,#12604);
#12602 = CARTESIAN_POINT('',(2.1,1.105,0.525));
#12603 = DIRECTION('',(0.,0.,1.));
#12604 = DIRECTION('',(1.,2.22044604925E-16,-0.));
#12605 = ADVANCED_FACE('',(#12606),#12631,.T.);
#12606 = FACE_BOUND('',#12607,.T.);
#12607 = EDGE_LOOP('',(#12608,#12616,#12617,#12625));
#12608 = ORIENTED_EDGE('',*,*,#12609,.T.);
#12609 = EDGE_CURVE('',#12610,#11987,#12612,.T.);
#12610 = VERTEX_POINT('',#12611);
#12611 = CARTESIAN_POINT('',(2.2,-0.845,0.675));
#12612 = LINE('',#12613,#12614);
#12613 = CARTESIAN_POINT('',(2.2,-0.845,0.494086109492));
#12614 = VECTOR('',#12615,1.);
#12615 = DIRECTION('',(0.,-0.,-1.));
#12616 = ORIENTED_EDGE('',*,*,#11986,.T.);
#12617 = ORIENTED_EDGE('',*,*,#12618,.F.);
#12618 = EDGE_CURVE('',#12619,#11979,#12621,.T.);
#12619 = VERTEX_POINT('',#12620);
#12620 = CARTESIAN_POINT('',(2.2,-0.455,0.675));
#12621 = LINE('',#12622,#12623);
#12622 = CARTESIAN_POINT('',(2.2,-0.455,0.494086109492));
#12623 = VECTOR('',#12624,1.);
#12624 = DIRECTION('',(0.,-0.,-1.));
#12625 = ORIENTED_EDGE('',*,*,#12626,.F.);
#12626 = EDGE_CURVE('',#12610,#12619,#12627,.T.);
#12627 = LINE('',#12628,#12629);
#12628 = CARTESIAN_POINT('',(2.2,-2.5,0.675));
#12629 = VECTOR('',#12630,1.);
#12630 = DIRECTION('',(-2.22044604925E-16,1.,0.));
#12631 = PLANE('',#12632);
#12632 = AXIS2_PLACEMENT_3D('',#12633,#12634,#12635);
#12633 = CARTESIAN_POINT('',(2.2,-2.5,0.675));
#12634 = DIRECTION('',(1.,2.22044604925E-16,0.));
#12635 = DIRECTION('',(-2.22044604925E-16,1.,0.));
#12636 = ADVANCED_FACE('',(#12637),#12662,.T.);
#12637 = FACE_BOUND('',#12638,.T.);
#12638 = EDGE_LOOP('',(#12639,#12647,#12648,#12656));
#12639 = ORIENTED_EDGE('',*,*,#12640,.T.);
#12640 = EDGE_CURVE('',#12641,#11955,#12643,.T.);
#12641 = VERTEX_POINT('',#12642);
#12642 = CARTESIAN_POINT('',(2.2,0.455,0.675));
#12643 = LINE('',#12644,#12645);
#12644 = CARTESIAN_POINT('',(2.2,0.455,0.494086109492));
#12645 = VECTOR('',#12646,1.);
#12646 = DIRECTION('',(0.,-0.,-1.));
#12647 = ORIENTED_EDGE('',*,*,#11954,.T.);
#12648 = ORIENTED_EDGE('',*,*,#12649,.F.);
#12649 = EDGE_CURVE('',#12650,#11947,#12652,.T.);
#12650 = VERTEX_POINT('',#12651);
#12651 = CARTESIAN_POINT('',(2.2,0.845,0.675));
#12652 = LINE('',#12653,#12654);
#12653 = CARTESIAN_POINT('',(2.2,0.845,0.494086109492));
#12654 = VECTOR('',#12655,1.);
#12655 = DIRECTION('',(0.,-0.,-1.));
#12656 = ORIENTED_EDGE('',*,*,#12657,.F.);
#12657 = EDGE_CURVE('',#12641,#12650,#12658,.T.);
#12658 = LINE('',#12659,#12660);
#12659 = CARTESIAN_POINT('',(2.2,-2.5,0.675));
#12660 = VECTOR('',#12661,1.);
#12661 = DIRECTION('',(-2.22044604925E-16,1.,0.));
#12662 = PLANE('',#12663);
#12663 = AXIS2_PLACEMENT_3D('',#12664,#12665,#12666);
#12664 = CARTESIAN_POINT('',(2.2,-2.5,0.675));
#12665 = DIRECTION('',(1.,2.22044604925E-16,0.));
#12666 = DIRECTION('',(-2.22044604925E-16,1.,0.));
#12667 = ADVANCED_FACE('',(#12668),#12693,.F.);
#12668 = FACE_BOUND('',#12669,.F.);
#12669 = EDGE_LOOP('',(#12670,#12678,#12679,#12687));
#12670 = ORIENTED_EDGE('',*,*,#12671,.F.);
#12671 = EDGE_CURVE('',#11971,#12672,#12674,.T.);
#12672 = VERTEX_POINT('',#12673);
#12673 = CARTESIAN_POINT('',(2.4,-0.195,0.525));
#12674 = LINE('',#12675,#12676);
#12675 = CARTESIAN_POINT('',(2.1,-0.195,0.525));
#12676 = VECTOR('',#12677,1.);
#12677 = DIRECTION('',(1.,2.22044604925E-16,0.));
#12678 = ORIENTED_EDGE('',*,*,#11978,.F.);
#12679 = ORIENTED_EDGE('',*,*,#12680,.T.);
#12680 = EDGE_CURVE('',#11979,#12681,#12683,.T.);
#12681 = VERTEX_POINT('',#12682);
#12682 = CARTESIAN_POINT('',(2.4,-0.455,0.525));
#12683 = LINE('',#12684,#12685);
#12684 = CARTESIAN_POINT('',(2.1,-0.455,0.525));
#12685 = VECTOR('',#12686,1.);
#12686 = DIRECTION('',(1.,2.22044604925E-16,0.));
#12687 = ORIENTED_EDGE('',*,*,#12688,.F.);
#12688 = EDGE_CURVE('',#12672,#12681,#12689,.T.);
#12689 = LINE('',#12690,#12691);
#12690 = CARTESIAN_POINT('',(2.4,-0.195,0.525));
#12691 = VECTOR('',#12692,1.);
#12692 = DIRECTION('',(2.22044604925E-16,-1.,0.));
#12693 = PLANE('',#12694);
#12694 = AXIS2_PLACEMENT_3D('',#12695,#12696,#12697);
#12695 = CARTESIAN_POINT('',(2.1,-0.195,0.525));
#12696 = DIRECTION('',(0.,0.,1.));
#12697 = DIRECTION('',(1.,2.22044604925E-16,-0.));
#12698 = ADVANCED_FACE('',(#12699),#12724,.F.);
#12699 = FACE_BOUND('',#12700,.F.);
#12700 = EDGE_LOOP('',(#12701,#12709,#12710,#12718));
#12701 = ORIENTED_EDGE('',*,*,#12702,.F.);
#12702 = EDGE_CURVE('',#11955,#12703,#12705,.T.);
#12703 = VERTEX_POINT('',#12704);
#12704 = CARTESIAN_POINT('',(2.4,0.455,0.525));
#12705 = LINE('',#12706,#12707);
#12706 = CARTESIAN_POINT('',(2.1,0.455,0.525));
#12707 = VECTOR('',#12708,1.);
#12708 = DIRECTION('',(1.,2.22044604925E-16,0.));
#12709 = ORIENTED_EDGE('',*,*,#11962,.F.);
#12710 = ORIENTED_EDGE('',*,*,#12711,.T.);
#12711 = EDGE_CURVE('',#11963,#12712,#12714,.T.);
#12712 = VERTEX_POINT('',#12713);
#12713 = CARTESIAN_POINT('',(2.4,0.195,0.525));
#12714 = LINE('',#12715,#12716);
#12715 = CARTESIAN_POINT('',(2.1,0.195,0.525));
#12716 = VECTOR('',#12717,1.);
#12717 = DIRECTION('',(1.,2.22044604925E-16,0.));
#12718 = ORIENTED_EDGE('',*,*,#12719,.F.);
#12719 = EDGE_CURVE('',#12703,#12712,#12720,.T.);
#12720 = LINE('',#12721,#12722);
#12721 = CARTESIAN_POINT('',(2.4,0.455,0.525));
#12722 = VECTOR('',#12723,1.);
#12723 = DIRECTION('',(2.22044604925E-16,-1.,0.));
#12724 = PLANE('',#12725);
#12725 = AXIS2_PLACEMENT_3D('',#12726,#12727,#12728);
#12726 = CARTESIAN_POINT('',(2.1,0.455,0.525));
#12727 = DIRECTION('',(0.,0.,1.));
#12728 = DIRECTION('',(1.,2.22044604925E-16,-0.));
#12729 = ADVANCED_FACE('',(#12730),#12755,.T.);
#12730 = FACE_BOUND('',#12731,.T.);
#12731 = EDGE_LOOP('',(#12732,#12740,#12741,#12749));
#12732 = ORIENTED_EDGE('',*,*,#12733,.T.);
#12733 = EDGE_CURVE('',#12734,#11971,#12736,.T.);
#12734 = VERTEX_POINT('',#12735);
#12735 = CARTESIAN_POINT('',(2.2,-0.195,0.675));
#12736 = LINE('',#12737,#12738);
#12737 = CARTESIAN_POINT('',(2.2,-0.195,0.494086109492));
#12738 = VECTOR('',#12739,1.);
#12739 = DIRECTION('',(0.,-0.,-1.));
#12740 = ORIENTED_EDGE('',*,*,#11970,.T.);
#12741 = ORIENTED_EDGE('',*,*,#12742,.F.);
#12742 = EDGE_CURVE('',#12743,#11963,#12745,.T.);
#12743 = VERTEX_POINT('',#12744);
#12744 = CARTESIAN_POINT('',(2.2,0.195,0.675));
#12745 = LINE('',#12746,#12747);
#12746 = CARTESIAN_POINT('',(2.2,0.195,0.494086109492));
#12747 = VECTOR('',#12748,1.);
#12748 = DIRECTION('',(0.,-0.,-1.));
#12749 = ORIENTED_EDGE('',*,*,#12750,.F.);
#12750 = EDGE_CURVE('',#12734,#12743,#12751,.T.);
#12751 = LINE('',#12752,#12753);
#12752 = CARTESIAN_POINT('',(2.2,-2.5,0.675));
#12753 = VECTOR('',#12754,1.);
#12754 = DIRECTION('',(-2.22044604925E-16,1.,0.));
#12755 = PLANE('',#12756);
#12756 = AXIS2_PLACEMENT_3D('',#12757,#12758,#12759);
#12757 = CARTESIAN_POINT('',(2.2,-2.5,0.675));
#12758 = DIRECTION('',(1.,2.22044604925E-16,0.));
#12759 = DIRECTION('',(-2.22044604925E-16,1.,0.));
#12760 = ADVANCED_FACE('',(#12761),#12778,.T.);
#12761 = FACE_BOUND('',#12762,.T.);
#12762 = EDGE_LOOP('',(#12763,#12764,#12765,#12772));
#12763 = ORIENTED_EDGE('',*,*,#12119,.F.);
#12764 = ORIENTED_EDGE('',*,*,#12081,.T.);
#12765 = ORIENTED_EDGE('',*,*,#12766,.T.);
#12766 = EDGE_CURVE('',#12075,#12767,#12769,.T.);
#12767 = VERTEX_POINT('',#12768);
#12768 = CARTESIAN_POINT('',(2.15,2.45,0.675));
#12769 = B_SPLINE_CURVE_WITH_KNOTS('',1,(#12770,#12771),.UNSPECIFIED.,
  .F.,.F.,(2,2),(0.,1.),.PIECEWISE_BEZIER_KNOTS.);
#12770 = CARTESIAN_POINT('',(2.2,2.5,0.675));
#12771 = CARTESIAN_POINT('',(2.15,2.45,0.675));
#12772 = ORIENTED_EDGE('',*,*,#12773,.F.);
#12773 = EDGE_CURVE('',#12112,#12767,#12774,.T.);
#12774 = LINE('',#12775,#12776);
#12775 = CARTESIAN_POINT('',(2.15,-2.45,0.675));
#12776 = VECTOR('',#12777,1.);
#12777 = DIRECTION('',(-2.22044604925E-16,1.,0.));
#12778 = B_SPLINE_SURFACE_WITH_KNOTS('',1,1,(
    (#12779,#12780)
    ,(#12781,#12782
    )),.UNSPECIFIED.,.F.,.F.,.F.,(2,2),(2,2),(0.,5.),(0.,1.),
  .PIECEWISE_BEZIER_KNOTS.);
#12779 = CARTESIAN_POINT('',(2.2,-2.5,0.675));
#12780 = CARTESIAN_POINT('',(2.15,-2.45,0.675));
#12781 = CARTESIAN_POINT('',(2.2,2.5,0.675));
#12782 = CARTESIAN_POINT('',(2.15,2.45,0.675));
#12783 = ADVANCED_FACE('',(#12784),#12801,.T.);
#12784 = FACE_BOUND('',#12785,.T.);
#12785 = EDGE_LOOP('',(#12786,#12787,#12794,#12800));
#12786 = ORIENTED_EDGE('',*,*,#12316,.T.);
#12787 = ORIENTED_EDGE('',*,*,#12788,.T.);
#12788 = EDGE_CURVE('',#12310,#12789,#12791,.T.);
#12789 = VERTEX_POINT('',#12790);
#12790 = CARTESIAN_POINT('',(-2.2,2.5,0.675));
#12791 = B_SPLINE_CURVE_WITH_KNOTS('',1,(#12792,#12793),.UNSPECIFIED.,
  .F.,.F.,(2,2),(0.,1.),.PIECEWISE_BEZIER_KNOTS.);
#12792 = CARTESIAN_POINT('',(-2.2,2.5,0.525));
#12793 = CARTESIAN_POINT('',(-2.2,2.5,0.675));
#12794 = ORIENTED_EDGE('',*,*,#12795,.F.);
#12795 = EDGE_CURVE('',#12075,#12789,#12796,.T.);
#12796 = LINE('',#12797,#12798);
#12797 = CARTESIAN_POINT('',(2.2,2.5,0.675));
#12798 = VECTOR('',#12799,1.);
#12799 = DIRECTION('',(-1.,-2.22044604925E-16,0.));
#12800 = ORIENTED_EDGE('',*,*,#12074,.F.);
#12801 = PLANE('',#12802);
#12802 = AXIS2_PLACEMENT_3D('',#12803,#12804,#12805);
#12803 = CARTESIAN_POINT('',(2.2,2.5,0.675));
#12804 = DIRECTION('',(-2.22044604925E-16,1.,0.));
#12805 = DIRECTION('',(-1.,-2.22044604925E-16,0.));
#12806 = ADVANCED_FACE('',(#12807),#12951,.T.);
#12807 = FACE_BOUND('',#12808,.T.);
#12808 = EDGE_LOOP('',(#12809,#12819,#12827,#12835,#12843,#12851,#12859,
    #12867,#12875,#12883,#12891,#12899,#12907,#12915,#12923,#12929,
    #12930,#12931,#12938,#12946));
#12809 = ORIENTED_EDGE('',*,*,#12810,.T.);
#12810 = EDGE_CURVE('',#12811,#12813,#12815,.T.);
#12811 = VERTEX_POINT('',#12812);
#12812 = CARTESIAN_POINT('',(2.15,-2.45,0.675));
#12813 = VERTEX_POINT('',#12814);
#12814 = CARTESIAN_POINT('',(2.15,-2.405,0.675));
#12815 = LINE('',#12816,#12817);
#12816 = CARTESIAN_POINT('',(2.15,-2.45,0.675));
#12817 = VECTOR('',#12818,1.);
#12818 = DIRECTION('',(-2.22044604925E-16,1.,0.));
#12819 = ORIENTED_EDGE('',*,*,#12820,.T.);
#12820 = EDGE_CURVE('',#12813,#12821,#12823,.T.);
#12821 = VERTEX_POINT('',#12822);
#12822 = CARTESIAN_POINT('',(2.15,-2.145,0.675));
#12823 = LINE('',#12824,#12825);
#12824 = CARTESIAN_POINT('',(2.15,-2.45,0.675));
#12825 = VECTOR('',#12826,1.);
#12826 = DIRECTION('',(-2.22044604925E-16,1.,0.));
#12827 = ORIENTED_EDGE('',*,*,#12828,.T.);
#12828 = EDGE_CURVE('',#12821,#12829,#12831,.T.);
#12829 = VERTEX_POINT('',#12830);
#12830 = CARTESIAN_POINT('',(2.15,-1.755,0.675));
#12831 = LINE('',#12832,#12833);
#12832 = CARTESIAN_POINT('',(2.15,-2.45,0.675));
#12833 = VECTOR('',#12834,1.);
#12834 = DIRECTION('',(-2.22044604925E-16,1.,0.));
#12835 = ORIENTED_EDGE('',*,*,#12836,.T.);
#12836 = EDGE_CURVE('',#12829,#12837,#12839,.T.);
#12837 = VERTEX_POINT('',#12838);
#12838 = CARTESIAN_POINT('',(2.15,-1.495,0.675));
#12839 = LINE('',#12840,#12841);
#12840 = CARTESIAN_POINT('',(2.15,-2.45,0.675));
#12841 = VECTOR('',#12842,1.);
#12842 = DIRECTION('',(-2.22044604925E-16,1.,0.));
#12843 = ORIENTED_EDGE('',*,*,#12844,.T.);
#12844 = EDGE_CURVE('',#12837,#12845,#12847,.T.);
#12845 = VERTEX_POINT('',#12846);
#12846 = CARTESIAN_POINT('',(2.15,-1.105,0.675));
#12847 = LINE('',#12848,#12849);
#12848 = CARTESIAN_POINT('',(2.15,-2.45,0.675));
#12849 = VECTOR('',#12850,1.);
#12850 = DIRECTION('',(-2.22044604925E-16,1.,0.));
#12851 = ORIENTED_EDGE('',*,*,#12852,.T.);
#12852 = EDGE_CURVE('',#12845,#12853,#12855,.T.);
#12853 = VERTEX_POINT('',#12854);
#12854 = CARTESIAN_POINT('',(2.15,-0.845,0.675));
#12855 = LINE('',#12856,#12857);
#12856 = CARTESIAN_POINT('',(2.15,-2.45,0.675));
#12857 = VECTOR('',#12858,1.);
#12858 = DIRECTION('',(-2.22044604925E-16,1.,0.));
#12859 = ORIENTED_EDGE('',*,*,#12860,.T.);
#12860 = EDGE_CURVE('',#12853,#12861,#12863,.T.);
#12861 = VERTEX_POINT('',#12862);
#12862 = CARTESIAN_POINT('',(2.15,-0.455,0.675));
#12863 = LINE('',#12864,#12865);
#12864 = CARTESIAN_POINT('',(2.15,-2.45,0.675));
#12865 = VECTOR('',#12866,1.);
#12866 = DIRECTION('',(-2.22044604925E-16,1.,0.));
#12867 = ORIENTED_EDGE('',*,*,#12868,.T.);
#12868 = EDGE_CURVE('',#12861,#12869,#12871,.T.);
#12869 = VERTEX_POINT('',#12870);
#12870 = CARTESIAN_POINT('',(2.15,-0.195,0.675));
#12871 = LINE('',#12872,#12873);
#12872 = CARTESIAN_POINT('',(2.15,-2.45,0.675));
#12873 = VECTOR('',#12874,1.);
#12874 = DIRECTION('',(-2.22044604925E-16,1.,0.));
#12875 = ORIENTED_EDGE('',*,*,#12876,.T.);
#12876 = EDGE_CURVE('',#12869,#12877,#12879,.T.);
#12877 = VERTEX_POINT('',#12878);
#12878 = CARTESIAN_POINT('',(2.15,0.195,0.675));
#12879 = LINE('',#12880,#12881);
#12880 = CARTESIAN_POINT('',(2.15,-2.45,0.675));
#12881 = VECTOR('',#12882,1.);
#12882 = DIRECTION('',(-2.22044604925E-16,1.,0.));
#12883 = ORIENTED_EDGE('',*,*,#12884,.T.);
#12884 = EDGE_CURVE('',#12877,#12885,#12887,.T.);
#12885 = VERTEX_POINT('',#12886);
#12886 = CARTESIAN_POINT('',(2.15,0.455,0.675));
#12887 = LINE('',#12888,#12889);
#12888 = CARTESIAN_POINT('',(2.15,-2.45,0.675));
#12889 = VECTOR('',#12890,1.);
#12890 = DIRECTION('',(-2.22044604925E-16,1.,0.));
#12891 = ORIENTED_EDGE('',*,*,#12892,.T.);
#12892 = EDGE_CURVE('',#12885,#12893,#12895,.T.);
#12893 = VERTEX_POINT('',#12894);
#12894 = CARTESIAN_POINT('',(2.15,0.845,0.675));
#12895 = LINE('',#12896,#12897);
#12896 = CARTESIAN_POINT('',(2.15,-2.45,0.675));
#12897 = VECTOR('',#12898,1.);
#12898 = DIRECTION('',(-2.22044604925E-16,1.,0.));
#12899 = ORIENTED_EDGE('',*,*,#12900,.T.);
#12900 = EDGE_CURVE('',#12893,#12901,#12903,.T.);
#12901 = VERTEX_POINT('',#12902);
#12902 = CARTESIAN_POINT('',(2.15,1.105,0.675));
#12903 = LINE('',#12904,#12905);
#12904 = CARTESIAN_POINT('',(2.15,-2.45,0.675));
#12905 = VECTOR('',#12906,1.);
#12906 = DIRECTION('',(-2.22044604925E-16,1.,0.));
#12907 = ORIENTED_EDGE('',*,*,#12908,.T.);
#12908 = EDGE_CURVE('',#12901,#12909,#12911,.T.);
#12909 = VERTEX_POINT('',#12910);
#12910 = CARTESIAN_POINT('',(2.15,1.495,0.675));
#12911 = LINE('',#12912,#12913);
#12912 = CARTESIAN_POINT('',(2.15,-2.45,0.675));
#12913 = VECTOR('',#12914,1.);
#12914 = DIRECTION('',(-2.22044604925E-16,1.,0.));
#12915 = ORIENTED_EDGE('',*,*,#12916,.T.);
#12916 = EDGE_CURVE('',#12909,#12917,#12919,.T.);
#12917 = VERTEX_POINT('',#12918);
#12918 = CARTESIAN_POINT('',(2.15,1.755,0.675));
#12919 = LINE('',#12920,#12921);
#12920 = CARTESIAN_POINT('',(2.15,-2.45,0.675));
#12921 = VECTOR('',#12922,1.);
#12922 = DIRECTION('',(-2.22044604925E-16,1.,0.));
#12923 = ORIENTED_EDGE('',*,*,#12924,.T.);
#12924 = EDGE_CURVE('',#12917,#12104,#12925,.T.);
#12925 = LINE('',#12926,#12927);
#12926 = CARTESIAN_POINT('',(2.15,-2.45,0.675));
#12927 = VECTOR('',#12928,1.);
#12928 = DIRECTION('',(-2.22044604925E-16,1.,0.));
#12929 = ORIENTED_EDGE('',*,*,#12111,.T.);
#12930 = ORIENTED_EDGE('',*,*,#12773,.T.);
#12931 = ORIENTED_EDGE('',*,*,#12932,.T.);
#12932 = EDGE_CURVE('',#12767,#12933,#12935,.T.);
#12933 = VERTEX_POINT('',#12934);
#12934 = CARTESIAN_POINT('',(2.075061033199,2.375061033199,1.1));
#12935 = B_SPLINE_CURVE_WITH_KNOTS('',1,(#12936,#12937),.UNSPECIFIED.,
  .F.,.F.,(2,2),(0.,1.),.PIECEWISE_BEZIER_KNOTS.);
#12936 = CARTESIAN_POINT('',(2.15,2.45,0.675));
#12937 = CARTESIAN_POINT('',(2.075061033199,2.375061033199,1.1));
#12938 = ORIENTED_EDGE('',*,*,#12939,.F.);
#12939 = EDGE_CURVE('',#12940,#12933,#12942,.T.);
#12940 = VERTEX_POINT('',#12941);
#12941 = CARTESIAN_POINT('',(2.075061033199,-2.375061033199,1.1));
#12942 = LINE('',#12943,#12944);
#12943 = CARTESIAN_POINT('',(2.075061033199,-2.375061033199,1.1));
#12944 = VECTOR('',#12945,1.);
#12945 = DIRECTION('',(-2.22044604925E-16,1.,0.));
#12946 = ORIENTED_EDGE('',*,*,#12947,.F.);
#12947 = EDGE_CURVE('',#12811,#12940,#12948,.T.);
#12948 = B_SPLINE_CURVE_WITH_KNOTS('',1,(#12949,#12950),.UNSPECIFIED.,
  .F.,.F.,(2,2),(0.,1.),.PIECEWISE_BEZIER_KNOTS.);
#12949 = CARTESIAN_POINT('',(2.15,-2.45,0.675));
#12950 = CARTESIAN_POINT('',(2.075061033199,-2.375061033199,1.1));
#12951 = B_SPLINE_SURFACE_WITH_KNOTS('',1,1,(
    (#12952,#12953)
    ,(#12954,#12955
    )),.UNSPECIFIED.,.F.,.F.,.F.,(2,2),(2,2),(0.,4.9),(0.,1.),
  .PIECEWISE_BEZIER_KNOTS.);
#12952 = CARTESIAN_POINT('',(2.15,-2.45,0.675));
#12953 = CARTESIAN_POINT('',(2.075061033199,-2.375061033199,1.1));
#12954 = CARTESIAN_POINT('',(2.15,2.45,0.675));
#12955 = CARTESIAN_POINT('',(2.075061033199,2.375061033199,1.1));
#12956 = ADVANCED_FACE('',(#12957),#12968,.T.);
#12957 = FACE_BOUND('',#12958,.T.);
#12958 = EDGE_LOOP('',(#12959,#12965,#12966,#12967));
#12959 = ORIENTED_EDGE('',*,*,#12960,.F.);
#12960 = EDGE_CURVE('',#12231,#12917,#12961,.T.);
#12961 = LINE('',#12962,#12963);
#12962 = CARTESIAN_POINT('',(2.4,1.755,0.675));
#12963 = VECTOR('',#12964,1.);
#12964 = DIRECTION('',(-1.,-2.22044604925E-16,0.));
#12965 = ORIENTED_EDGE('',*,*,#12240,.T.);
#12966 = ORIENTED_EDGE('',*,*,#12103,.T.);
#12967 = ORIENTED_EDGE('',*,*,#12924,.F.);
#12968 = B_SPLINE_SURFACE_WITH_KNOTS('',1,1,(
    (#12969,#12970)
    ,(#12971,#12972
    )),.UNSPECIFIED.,.F.,.F.,.F.,(2,2),(2,2),(0.,5.),(0.,1.),
  .PIECEWISE_BEZIER_KNOTS.);
#12969 = CARTESIAN_POINT('',(2.2,-2.5,0.675));
#12970 = CARTESIAN_POINT('',(2.15,-2.45,0.675));
#12971 = CARTESIAN_POINT('',(2.2,2.5,0.675));
#12972 = CARTESIAN_POINT('',(2.15,2.45,0.675));
#12973 = ADVANCED_FACE('',(#12974),#13060,.F.);
#12974 = FACE_BOUND('',#12975,.F.);
#12975 = EDGE_LOOP('',(#12976,#12977,#12978,#12987,#12995,#13004,#13012,
    #13020,#13028,#13037,#13045,#13054));
#12976 = ORIENTED_EDGE('',*,*,#12230,.T.);
#12977 = ORIENTED_EDGE('',*,*,#12454,.T.);
#12978 = ORIENTED_EDGE('',*,*,#12979,.T.);
#12979 = EDGE_CURVE('',#12455,#12980,#12982,.T.);
#12980 = VERTEX_POINT('',#12981);
#12981 = CARTESIAN_POINT('',(2.5,1.755,0.425));
#12982 = CIRCLE('',#12983,0.1);
#12983 = AXIS2_PLACEMENT_3D('',#12984,#12985,#12986);
#12984 = CARTESIAN_POINT('',(2.4,1.755,0.425));
#12985 = DIRECTION('',(-2.22044604925E-16,1.,0.));
#12986 = DIRECTION('',(0.,0.,1.));
#12987 = ORIENTED_EDGE('',*,*,#12988,.T.);
#12988 = EDGE_CURVE('',#12980,#12989,#12991,.T.);
#12989 = VERTEX_POINT('',#12990);
#12990 = CARTESIAN_POINT('',(2.5,1.755,0.25));
#12991 = LINE('',#12992,#12993);
#12992 = CARTESIAN_POINT('',(2.5,1.755,0.425));
#12993 = VECTOR('',#12994,1.);
#12994 = DIRECTION('',(0.,0.,-1.));
#12995 = ORIENTED_EDGE('',*,*,#12996,.T.);
#12996 = EDGE_CURVE('',#12989,#12997,#12999,.T.);
#12997 = VERTEX_POINT('',#12998);
#12998 = CARTESIAN_POINT('',(2.75,1.755,1.110223024625E-16));
#12999 = CIRCLE('',#13000,0.25);
#13000 = AXIS2_PLACEMENT_3D('',#13001,#13002,#13003);
#13001 = CARTESIAN_POINT('',(2.75,1.755,0.25));
#13002 = DIRECTION('',(2.22044604925E-16,-1.,0.));
#13003 = DIRECTION('',(-1.,-2.22044604925E-16,-2.442490654175E-15));
#13004 = ORIENTED_EDGE('',*,*,#13005,.T.);
#13005 = EDGE_CURVE('',#12997,#13006,#13008,.T.);
#13006 = VERTEX_POINT('',#13007);
#13007 = CARTESIAN_POINT('',(3.2,1.755,1.110223024625E-16));
#13008 = LINE('',#13009,#13010);
#13009 = CARTESIAN_POINT('',(2.75,1.755,1.110223024625E-16));
#13010 = VECTOR('',#13011,1.);
#13011 = DIRECTION('',(1.,2.22044604925E-16,0.));
#13012 = ORIENTED_EDGE('',*,*,#13013,.T.);
#13013 = EDGE_CURVE('',#13006,#13014,#13016,.T.);
#13014 = VERTEX_POINT('',#13015);
#13015 = CARTESIAN_POINT('',(3.2,1.755,0.15));
#13016 = LINE('',#13017,#13018);
#13017 = CARTESIAN_POINT('',(3.2,1.755,1.110223024625E-16));
#13018 = VECTOR('',#13019,1.);
#13019 = DIRECTION('',(0.,0.,1.));
#13020 = ORIENTED_EDGE('',*,*,#13021,.T.);
#13021 = EDGE_CURVE('',#13014,#13022,#13024,.T.);
#13022 = VERTEX_POINT('',#13023);
#13023 = CARTESIAN_POINT('',(2.75,1.755,0.15));
#13024 = LINE('',#13025,#13026);
#13025 = CARTESIAN_POINT('',(3.2,1.755,0.15));
#13026 = VECTOR('',#13027,1.);
#13027 = DIRECTION('',(-1.,-2.22044604925E-16,0.));
#13028 = ORIENTED_EDGE('',*,*,#13029,.T.);
#13029 = EDGE_CURVE('',#13022,#13030,#13032,.T.);
#13030 = VERTEX_POINT('',#13031);
#13031 = CARTESIAN_POINT('',(2.65,1.755,0.25));
#13032 = CIRCLE('',#13033,0.1);
#13033 = AXIS2_PLACEMENT_3D('',#13034,#13035,#13036);
#13034 = CARTESIAN_POINT('',(2.75,1.755,0.25));
#13035 = DIRECTION('',(-2.22044604925E-16,1.,0.));
#13036 = DIRECTION('',(0.,0.,-1.));
#13037 = ORIENTED_EDGE('',*,*,#13038,.T.);
#13038 = EDGE_CURVE('',#13030,#13039,#13041,.T.);
#13039 = VERTEX_POINT('',#13040);
#13040 = CARTESIAN_POINT('',(2.65,1.755,0.425));
#13041 = LINE('',#13042,#13043);
#13042 = CARTESIAN_POINT('',(2.65,1.755,0.25));
#13043 = VECTOR('',#13044,1.);
#13044 = DIRECTION('',(0.,0.,1.));
#13045 = ORIENTED_EDGE('',*,*,#13046,.T.);
#13046 = EDGE_CURVE('',#13039,#13047,#13049,.T.);
#13047 = VERTEX_POINT('',#13048);
#13048 = CARTESIAN_POINT('',(2.4,1.755,0.675));
#13049 = CIRCLE('',#13050,0.25);
#13050 = AXIS2_PLACEMENT_3D('',#13051,#13052,#13053);
#13051 = CARTESIAN_POINT('',(2.4,1.755,0.425));
#13052 = DIRECTION('',(2.22044604925E-16,-1.,0.));
#13053 = DIRECTION('',(1.,2.22044604925E-16,2.22044604925E-15));
#13054 = ORIENTED_EDGE('',*,*,#13055,.T.);
#13055 = EDGE_CURVE('',#13047,#12231,#13056,.T.);
#13056 = LINE('',#13057,#13058);
#13057 = CARTESIAN_POINT('',(2.4,1.755,0.675));
#13058 = VECTOR('',#13059,1.);
#13059 = DIRECTION('',(-1.,-2.22044604925E-16,0.));
#13060 = PLANE('',#13061);
#13061 = AXIS2_PLACEMENT_3D('',#13062,#13063,#13064);
#13062 = CARTESIAN_POINT('',(2.632923288131,1.755,0.313172218985));
#13063 = DIRECTION('',(2.22044604925E-16,-1.,0.));
#13064 = DIRECTION('',(0.,0.,1.));
#13065 = ADVANCED_FACE('',(#13066),#13205,.T.);
#13066 = FACE_BOUND('',#13067,.T.);
#13067 = EDGE_LOOP('',(#13068,#13069,#13070,#13078,#13086,#13094,#13102,
    #13110,#13118,#13126,#13134,#13142,#13150,#13158,#13166,#13174,
    #13182,#13190,#13198,#13204));
#13068 = ORIENTED_EDGE('',*,*,#12254,.T.);
#13069 = ORIENTED_EDGE('',*,*,#12295,.T.);
#13070 = ORIENTED_EDGE('',*,*,#13071,.F.);
#13071 = EDGE_CURVE('',#13072,#12288,#13074,.T.);
#13072 = VERTEX_POINT('',#13073);
#13073 = CARTESIAN_POINT('',(-2.2,-2.405,0.525));
#13074 = LINE('',#13075,#13076);
#13075 = CARTESIAN_POINT('',(-2.2,2.5,0.525));
#13076 = VECTOR('',#13077,1.);
#13077 = DIRECTION('',(2.22044604925E-16,-1.,0.));
#13078 = ORIENTED_EDGE('',*,*,#13079,.F.);
#13079 = EDGE_CURVE('',#13080,#13072,#13082,.T.);
#13080 = VERTEX_POINT('',#13081);
#13081 = CARTESIAN_POINT('',(-2.2,-2.145,0.525));
#13082 = LINE('',#13083,#13084);
#13083 = CARTESIAN_POINT('',(-2.2,2.5,0.525));
#13084 = VECTOR('',#13085,1.);
#13085 = DIRECTION('',(2.22044604925E-16,-1.,0.));
#13086 = ORIENTED_EDGE('',*,*,#13087,.F.);
#13087 = EDGE_CURVE('',#13088,#13080,#13090,.T.);
#13088 = VERTEX_POINT('',#13089);
#13089 = CARTESIAN_POINT('',(-2.2,-1.755,0.525));
#13090 = LINE('',#13091,#13092);
#13091 = CARTESIAN_POINT('',(-2.2,2.5,0.525));
#13092 = VECTOR('',#13093,1.);
#13093 = DIRECTION('',(2.22044604925E-16,-1.,0.));
#13094 = ORIENTED_EDGE('',*,*,#13095,.F.);
#13095 = EDGE_CURVE('',#13096,#13088,#13098,.T.);
#13096 = VERTEX_POINT('',#13097);
#13097 = CARTESIAN_POINT('',(-2.2,-1.495,0.525));
#13098 = LINE('',#13099,#13100);
#13099 = CARTESIAN_POINT('',(-2.2,2.5,0.525));
#13100 = VECTOR('',#13101,1.);
#13101 = DIRECTION('',(2.22044604925E-16,-1.,0.));
#13102 = ORIENTED_EDGE('',*,*,#13103,.F.);
#13103 = EDGE_CURVE('',#13104,#13096,#13106,.T.);
#13104 = VERTEX_POINT('',#13105);
#13105 = CARTESIAN_POINT('',(-2.2,-1.105,0.525));
#13106 = LINE('',#13107,#13108);
#13107 = CARTESIAN_POINT('',(-2.2,2.5,0.525));
#13108 = VECTOR('',#13109,1.);
#13109 = DIRECTION('',(2.22044604925E-16,-1.,0.));
#13110 = ORIENTED_EDGE('',*,*,#13111,.F.);
#13111 = EDGE_CURVE('',#13112,#13104,#13114,.T.);
#13112 = VERTEX_POINT('',#13113);
#13113 = CARTESIAN_POINT('',(-2.2,-0.845,0.525));
#13114 = LINE('',#13115,#13116);
#13115 = CARTESIAN_POINT('',(-2.2,2.5,0.525));
#13116 = VECTOR('',#13117,1.);
#13117 = DIRECTION('',(2.22044604925E-16,-1.,0.));
#13118 = ORIENTED_EDGE('',*,*,#13119,.F.);
#13119 = EDGE_CURVE('',#13120,#13112,#13122,.T.);
#13120 = VERTEX_POINT('',#13121);
#13121 = CARTESIAN_POINT('',(-2.2,-0.455,0.525));
#13122 = LINE('',#13123,#13124);
#13123 = CARTESIAN_POINT('',(-2.2,2.5,0.525));
#13124 = VECTOR('',#13125,1.);
#13125 = DIRECTION('',(2.22044604925E-16,-1.,0.));
#13126 = ORIENTED_EDGE('',*,*,#13127,.F.);
#13127 = EDGE_CURVE('',#13128,#13120,#13130,.T.);
#13128 = VERTEX_POINT('',#13129);
#13129 = CARTESIAN_POINT('',(-2.2,-0.195,0.525));
#13130 = LINE('',#13131,#13132);
#13131 = CARTESIAN_POINT('',(-2.2,2.5,0.525));
#13132 = VECTOR('',#13133,1.);
#13133 = DIRECTION('',(2.22044604925E-16,-1.,0.));
#13134 = ORIENTED_EDGE('',*,*,#13135,.F.);
#13135 = EDGE_CURVE('',#13136,#13128,#13138,.T.);
#13136 = VERTEX_POINT('',#13137);
#13137 = CARTESIAN_POINT('',(-2.2,0.195,0.525));
#13138 = LINE('',#13139,#13140);
#13139 = CARTESIAN_POINT('',(-2.2,2.5,0.525));
#13140 = VECTOR('',#13141,1.);
#13141 = DIRECTION('',(2.22044604925E-16,-1.,0.));
#13142 = ORIENTED_EDGE('',*,*,#13143,.F.);
#13143 = EDGE_CURVE('',#13144,#13136,#13146,.T.);
#13144 = VERTEX_POINT('',#13145);
#13145 = CARTESIAN_POINT('',(-2.2,0.455,0.525));
#13146 = LINE('',#13147,#13148);
#13147 = CARTESIAN_POINT('',(-2.2,2.5,0.525));
#13148 = VECTOR('',#13149,1.);
#13149 = DIRECTION('',(2.22044604925E-16,-1.,0.));
#13150 = ORIENTED_EDGE('',*,*,#13151,.F.);
#13151 = EDGE_CURVE('',#13152,#13144,#13154,.T.);
#13152 = VERTEX_POINT('',#13153);
#13153 = CARTESIAN_POINT('',(-2.2,0.845,0.525));
#13154 = LINE('',#13155,#13156);
#13155 = CARTESIAN_POINT('',(-2.2,2.5,0.525));
#13156 = VECTOR('',#13157,1.);
#13157 = DIRECTION('',(2.22044604925E-16,-1.,0.));
#13158 = ORIENTED_EDGE('',*,*,#13159,.F.);
#13159 = EDGE_CURVE('',#13160,#13152,#13162,.T.);
#13160 = VERTEX_POINT('',#13161);
#13161 = CARTESIAN_POINT('',(-2.2,1.105,0.525));
#13162 = LINE('',#13163,#13164);
#13163 = CARTESIAN_POINT('',(-2.2,2.5,0.525));
#13164 = VECTOR('',#13165,1.);
#13165 = DIRECTION('',(2.22044604925E-16,-1.,0.));
#13166 = ORIENTED_EDGE('',*,*,#13167,.F.);
#13167 = EDGE_CURVE('',#13168,#13160,#13170,.T.);
#13168 = VERTEX_POINT('',#13169);
#13169 = CARTESIAN_POINT('',(-2.2,1.495,0.525));
#13170 = LINE('',#13171,#13172);
#13171 = CARTESIAN_POINT('',(-2.2,2.5,0.525));
#13172 = VECTOR('',#13173,1.);
#13173 = DIRECTION('',(2.22044604925E-16,-1.,0.));
#13174 = ORIENTED_EDGE('',*,*,#13175,.F.);
#13175 = EDGE_CURVE('',#13176,#13168,#13178,.T.);
#13176 = VERTEX_POINT('',#13177);
#13177 = CARTESIAN_POINT('',(-2.2,1.755,0.525));
#13178 = LINE('',#13179,#13180);
#13179 = CARTESIAN_POINT('',(-2.2,2.5,0.525));
#13180 = VECTOR('',#13181,1.);
#13181 = DIRECTION('',(2.22044604925E-16,-1.,0.));
#13182 = ORIENTED_EDGE('',*,*,#13183,.F.);
#13183 = EDGE_CURVE('',#13184,#13176,#13186,.T.);
#13184 = VERTEX_POINT('',#13185);
#13185 = CARTESIAN_POINT('',(-2.2,2.145,0.525));
#13186 = LINE('',#13187,#13188);
#13187 = CARTESIAN_POINT('',(-2.2,2.5,0.525));
#13188 = VECTOR('',#13189,1.);
#13189 = DIRECTION('',(2.22044604925E-16,-1.,0.));
#13190 = ORIENTED_EDGE('',*,*,#13191,.F.);
#13191 = EDGE_CURVE('',#13192,#13184,#13194,.T.);
#13192 = VERTEX_POINT('',#13193);
#13193 = CARTESIAN_POINT('',(-2.2,2.405,0.525));
#13194 = LINE('',#13195,#13196);
#13195 = CARTESIAN_POINT('',(-2.2,2.5,0.525));
#13196 = VECTOR('',#13197,1.);
#13197 = DIRECTION('',(2.22044604925E-16,-1.,0.));
#13198 = ORIENTED_EDGE('',*,*,#13199,.F.);
#13199 = EDGE_CURVE('',#12310,#13192,#13200,.T.);
#13200 = LINE('',#13201,#13202);
#13201 = CARTESIAN_POINT('',(-2.2,2.5,0.525));
#13202 = VECTOR('',#13203,1.);
#13203 = DIRECTION('',(2.22044604925E-16,-1.,0.));
#13204 = ORIENTED_EDGE('',*,*,#12309,.F.);
#13205 = B_SPLINE_SURFACE_WITH_KNOTS('',1,1,(
    (#13206,#13207)
    ,(#13208,#13209
    )),.UNSPECIFIED.,.F.,.F.,.F.,(2,2),(2,2),(0.,5.),(0.,1.),
  .PIECEWISE_BEZIER_KNOTS.);
#13206 = CARTESIAN_POINT('',(-2.125061033199,2.425061033199,0.1));
#13207 = CARTESIAN_POINT('',(-2.2,2.5,0.525));
#13208 = CARTESIAN_POINT('',(-2.125061033199,-2.425061033199,0.1));
#13209 = CARTESIAN_POINT('',(-2.2,-2.5,0.525));
#13210 = ADVANCED_FACE('',(#13211),#13228,.T.);
#13211 = FACE_BOUND('',#13212,.T.);
#13212 = EDGE_LOOP('',(#13213,#13214,#13215,#13223));
#13213 = ORIENTED_EDGE('',*,*,#12287,.T.);
#13214 = ORIENTED_EDGE('',*,*,#12331,.T.);
#13215 = ORIENTED_EDGE('',*,*,#13216,.F.);
#13216 = EDGE_CURVE('',#13217,#12332,#13219,.T.);
#13217 = VERTEX_POINT('',#13218);
#13218 = CARTESIAN_POINT('',(-2.2,-2.5,0.675));
#13219 = LINE('',#13220,#13221);
#13220 = CARTESIAN_POINT('',(-2.2,-2.5,0.675));
#13221 = VECTOR('',#13222,1.);
#13222 = DIRECTION('',(1.,2.22044604925E-16,0.));
#13223 = ORIENTED_EDGE('',*,*,#13224,.F.);
#13224 = EDGE_CURVE('',#12288,#13217,#13225,.T.);
#13225 = B_SPLINE_CURVE_WITH_KNOTS('',1,(#13226,#13227),.UNSPECIFIED.,
  .F.,.F.,(2,2),(0.,1.),.PIECEWISE_BEZIER_KNOTS.);
#13226 = CARTESIAN_POINT('',(-2.2,-2.5,0.525));
#13227 = CARTESIAN_POINT('',(-2.2,-2.5,0.675));
#13228 = PLANE('',#13229);
#13229 = AXIS2_PLACEMENT_3D('',#13230,#13231,#13232);
#13230 = CARTESIAN_POINT('',(-2.2,-2.5,0.675));
#13231 = DIRECTION('',(2.22044604925E-16,-1.,0.));
#13232 = DIRECTION('',(1.,2.22044604925E-16,0.));
#13233 = ADVANCED_FACE('',(#13234),#13249,.T.);
#13234 = FACE_BOUND('',#13235,.T.);
#13235 = EDGE_LOOP('',(#13236,#13241,#13242,#13248));
#13236 = ORIENTED_EDGE('',*,*,#13237,.F.);
#13237 = EDGE_CURVE('',#12332,#12811,#13238,.T.);
#13238 = B_SPLINE_CURVE_WITH_KNOTS('',1,(#13239,#13240),.UNSPECIFIED.,
  .F.,.F.,(2,2),(0.,1.),.PIECEWISE_BEZIER_KNOTS.);
#13239 = CARTESIAN_POINT('',(2.2,-2.5,0.675));
#13240 = CARTESIAN_POINT('',(2.15,-2.45,0.675));
#13241 = ORIENTED_EDGE('',*,*,#12347,.T.);
#13242 = ORIENTED_EDGE('',*,*,#13243,.T.);
#13243 = EDGE_CURVE('',#12340,#12813,#13244,.T.);
#13244 = LINE('',#13245,#13246);
#13245 = CARTESIAN_POINT('',(2.4,-2.405,0.675));
#13246 = VECTOR('',#13247,1.);
#13247 = DIRECTION('',(-1.,-2.22044604925E-16,0.));
#13248 = ORIENTED_EDGE('',*,*,#12810,.F.);
#13249 = B_SPLINE_SURFACE_WITH_KNOTS('',1,1,(
    (#13250,#13251)
    ,(#13252,#13253
    )),.UNSPECIFIED.,.F.,.F.,.F.,(2,2),(2,2),(0.,5.),(0.,1.),
  .PIECEWISE_BEZIER_KNOTS.);
#13250 = CARTESIAN_POINT('',(2.2,-2.5,0.675));
#13251 = CARTESIAN_POINT('',(2.15,-2.45,0.675));
#13252 = CARTESIAN_POINT('',(2.2,2.5,0.675));
#13253 = CARTESIAN_POINT('',(2.15,2.45,0.675));
#13254 = ADVANCED_FACE('',(#13255),#13341,.T.);
#13255 = FACE_BOUND('',#13256,.T.);
#13256 = EDGE_LOOP('',(#13257,#13258,#13259,#13268,#13276,#13285,#13293,
    #13301,#13309,#13318,#13326,#13335));
#13257 = ORIENTED_EDGE('',*,*,#12339,.T.);
#13258 = ORIENTED_EDGE('',*,*,#12370,.T.);
#13259 = ORIENTED_EDGE('',*,*,#13260,.T.);
#13260 = EDGE_CURVE('',#12371,#13261,#13263,.T.);
#13261 = VERTEX_POINT('',#13262);
#13262 = CARTESIAN_POINT('',(2.5,-2.405,0.425));
#13263 = CIRCLE('',#13264,0.1);
#13264 = AXIS2_PLACEMENT_3D('',#13265,#13266,#13267);
#13265 = CARTESIAN_POINT('',(2.4,-2.405,0.425));
#13266 = DIRECTION('',(-2.22044604925E-16,1.,0.));
#13267 = DIRECTION('',(0.,0.,1.));
#13268 = ORIENTED_EDGE('',*,*,#13269,.T.);
#13269 = EDGE_CURVE('',#13261,#13270,#13272,.T.);
#13270 = VERTEX_POINT('',#13271);
#13271 = CARTESIAN_POINT('',(2.5,-2.405,0.25));
#13272 = LINE('',#13273,#13274);
#13273 = CARTESIAN_POINT('',(2.5,-2.405,0.425));
#13274 = VECTOR('',#13275,1.);
#13275 = DIRECTION('',(0.,0.,-1.));
#13276 = ORIENTED_EDGE('',*,*,#13277,.T.);
#13277 = EDGE_CURVE('',#13270,#13278,#13280,.T.);
#13278 = VERTEX_POINT('',#13279);
#13279 = CARTESIAN_POINT('',(2.75,-2.405,1.110223024625E-16));
#13280 = CIRCLE('',#13281,0.25);
#13281 = AXIS2_PLACEMENT_3D('',#13282,#13283,#13284);
#13282 = CARTESIAN_POINT('',(2.75,-2.405,0.25));
#13283 = DIRECTION('',(2.22044604925E-16,-1.,0.));
#13284 = DIRECTION('',(-1.,-2.22044604925E-16,-2.442490654175E-15));
#13285 = ORIENTED_EDGE('',*,*,#13286,.T.);
#13286 = EDGE_CURVE('',#13278,#13287,#13289,.T.);
#13287 = VERTEX_POINT('',#13288);
#13288 = CARTESIAN_POINT('',(3.2,-2.405,1.110223024625E-16));
#13289 = LINE('',#13290,#13291);
#13290 = CARTESIAN_POINT('',(2.75,-2.405,1.110223024625E-16));
#13291 = VECTOR('',#13292,1.);
#13292 = DIRECTION('',(1.,2.22044604925E-16,0.));
#13293 = ORIENTED_EDGE('',*,*,#13294,.T.);
#13294 = EDGE_CURVE('',#13287,#13295,#13297,.T.);
#13295 = VERTEX_POINT('',#13296);
#13296 = CARTESIAN_POINT('',(3.2,-2.405,0.15));
#13297 = LINE('',#13298,#13299);
#13298 = CARTESIAN_POINT('',(3.2,-2.405,1.110223024625E-16));
#13299 = VECTOR('',#13300,1.);
#13300 = DIRECTION('',(0.,0.,1.));
#13301 = ORIENTED_EDGE('',*,*,#13302,.T.);
#13302 = EDGE_CURVE('',#13295,#13303,#13305,.T.);
#13303 = VERTEX_POINT('',#13304);
#13304 = CARTESIAN_POINT('',(2.75,-2.405,0.15));
#13305 = LINE('',#13306,#13307);
#13306 = CARTESIAN_POINT('',(3.2,-2.405,0.15));
#13307 = VECTOR('',#13308,1.);
#13308 = DIRECTION('',(-1.,-2.22044604925E-16,0.));
#13309 = ORIENTED_EDGE('',*,*,#13310,.T.);
#13310 = EDGE_CURVE('',#13303,#13311,#13313,.T.);
#13311 = VERTEX_POINT('',#13312);
#13312 = CARTESIAN_POINT('',(2.65,-2.405,0.25));
#13313 = CIRCLE('',#13314,0.1);
#13314 = AXIS2_PLACEMENT_3D('',#13315,#13316,#13317);
#13315 = CARTESIAN_POINT('',(2.75,-2.405,0.25));
#13316 = DIRECTION('',(-2.22044604925E-16,1.,0.));
#13317 = DIRECTION('',(0.,0.,-1.));
#13318 = ORIENTED_EDGE('',*,*,#13319,.T.);
#13319 = EDGE_CURVE('',#13311,#13320,#13322,.T.);
#13320 = VERTEX_POINT('',#13321);
#13321 = CARTESIAN_POINT('',(2.65,-2.405,0.425));
#13322 = LINE('',#13323,#13324);
#13323 = CARTESIAN_POINT('',(2.65,-2.405,0.25));
#13324 = VECTOR('',#13325,1.);
#13325 = DIRECTION('',(0.,0.,1.));
#13326 = ORIENTED_EDGE('',*,*,#13327,.T.);
#13327 = EDGE_CURVE('',#13320,#13328,#13330,.T.);
#13328 = VERTEX_POINT('',#13329);
#13329 = CARTESIAN_POINT('',(2.4,-2.405,0.675));
#13330 = CIRCLE('',#13331,0.25);
#13331 = AXIS2_PLACEMENT_3D('',#13332,#13333,#13334);
#13332 = CARTESIAN_POINT('',(2.4,-2.405,0.425));
#13333 = DIRECTION('',(2.22044604925E-16,-1.,0.));
#13334 = DIRECTION('',(1.,2.22044604925E-16,2.22044604925E-15));
#13335 = ORIENTED_EDGE('',*,*,#13336,.T.);
#13336 = EDGE_CURVE('',#13328,#12340,#13337,.T.);
#13337 = LINE('',#13338,#13339);
#13338 = CARTESIAN_POINT('',(2.4,-2.405,0.675));
#13339 = VECTOR('',#13340,1.);
#13340 = DIRECTION('',(-1.,-2.22044604925E-16,0.));
#13341 = PLANE('',#13342);
#13342 = AXIS2_PLACEMENT_3D('',#13343,#13344,#13345);
#13343 = CARTESIAN_POINT('',(2.632923288131,-2.405,0.313172218985));
#13344 = DIRECTION('',(2.22044604925E-16,-1.,0.));
#13345 = DIRECTION('',(0.,0.,1.));
#13346 = ADVANCED_FACE('',(#13347),#13433,.F.);
#13347 = FACE_BOUND('',#13348,.F.);
#13348 = EDGE_LOOP('',(#13349,#13350,#13351,#13360,#13368,#13377,#13385,
    #13393,#13401,#13410,#13418,#13427));
#13349 = ORIENTED_EDGE('',*,*,#12392,.T.);
#13350 = ORIENTED_EDGE('',*,*,#12361,.T.);
#13351 = ORIENTED_EDGE('',*,*,#13352,.T.);
#13352 = EDGE_CURVE('',#12362,#13353,#13355,.T.);
#13353 = VERTEX_POINT('',#13354);
#13354 = CARTESIAN_POINT('',(2.5,-2.145,0.425));
#13355 = CIRCLE('',#13356,0.1);
#13356 = AXIS2_PLACEMENT_3D('',#13357,#13358,#13359);
#13357 = CARTESIAN_POINT('',(2.4,-2.145,0.425));
#13358 = DIRECTION('',(-2.22044604925E-16,1.,0.));
#13359 = DIRECTION('',(0.,0.,1.));
#13360 = ORIENTED_EDGE('',*,*,#13361,.T.);
#13361 = EDGE_CURVE('',#13353,#13362,#13364,.T.);
#13362 = VERTEX_POINT('',#13363);
#13363 = CARTESIAN_POINT('',(2.5,-2.145,0.25));
#13364 = LINE('',#13365,#13366);
#13365 = CARTESIAN_POINT('',(2.5,-2.145,0.425));
#13366 = VECTOR('',#13367,1.);
#13367 = DIRECTION('',(0.,0.,-1.));
#13368 = ORIENTED_EDGE('',*,*,#13369,.T.);
#13369 = EDGE_CURVE('',#13362,#13370,#13372,.T.);
#13370 = VERTEX_POINT('',#13371);
#13371 = CARTESIAN_POINT('',(2.75,-2.145,1.110223024625E-16));
#13372 = CIRCLE('',#13373,0.25);
#13373 = AXIS2_PLACEMENT_3D('',#13374,#13375,#13376);
#13374 = CARTESIAN_POINT('',(2.75,-2.145,0.25));
#13375 = DIRECTION('',(2.22044604925E-16,-1.,0.));
#13376 = DIRECTION('',(-1.,-2.22044604925E-16,-2.442490654175E-15));
#13377 = ORIENTED_EDGE('',*,*,#13378,.T.);
#13378 = EDGE_CURVE('',#13370,#13379,#13381,.T.);
#13379 = VERTEX_POINT('',#13380);
#13380 = CARTESIAN_POINT('',(3.2,-2.145,1.110223024625E-16));
#13381 = LINE('',#13382,#13383);
#13382 = CARTESIAN_POINT('',(2.75,-2.145,1.110223024625E-16));
#13383 = VECTOR('',#13384,1.);
#13384 = DIRECTION('',(1.,2.22044604925E-16,0.));
#13385 = ORIENTED_EDGE('',*,*,#13386,.T.);
#13386 = EDGE_CURVE('',#13379,#13387,#13389,.T.);
#13387 = VERTEX_POINT('',#13388);
#13388 = CARTESIAN_POINT('',(3.2,-2.145,0.15));
#13389 = LINE('',#13390,#13391);
#13390 = CARTESIAN_POINT('',(3.2,-2.145,1.110223024625E-16));
#13391 = VECTOR('',#13392,1.);
#13392 = DIRECTION('',(0.,0.,1.));
#13393 = ORIENTED_EDGE('',*,*,#13394,.T.);
#13394 = EDGE_CURVE('',#13387,#13395,#13397,.T.);
#13395 = VERTEX_POINT('',#13396);
#13396 = CARTESIAN_POINT('',(2.75,-2.145,0.15));
#13397 = LINE('',#13398,#13399);
#13398 = CARTESIAN_POINT('',(3.2,-2.145,0.15));
#13399 = VECTOR('',#13400,1.);
#13400 = DIRECTION('',(-1.,-2.22044604925E-16,0.));
#13401 = ORIENTED_EDGE('',*,*,#13402,.T.);
#13402 = EDGE_CURVE('',#13395,#13403,#13405,.T.);
#13403 = VERTEX_POINT('',#13404);
#13404 = CARTESIAN_POINT('',(2.65,-2.145,0.25));
#13405 = CIRCLE('',#13406,0.1);
#13406 = AXIS2_PLACEMENT_3D('',#13407,#13408,#13409);
#13407 = CARTESIAN_POINT('',(2.75,-2.145,0.25));
#13408 = DIRECTION('',(-2.22044604925E-16,1.,0.));
#13409 = DIRECTION('',(0.,0.,-1.));
#13410 = ORIENTED_EDGE('',*,*,#13411,.T.);
#13411 = EDGE_CURVE('',#13403,#13412,#13414,.T.);
#13412 = VERTEX_POINT('',#13413);
#13413 = CARTESIAN_POINT('',(2.65,-2.145,0.425));
#13414 = LINE('',#13415,#13416);
#13415 = CARTESIAN_POINT('',(2.65,-2.145,0.25));
#13416 = VECTOR('',#13417,1.);
#13417 = DIRECTION('',(0.,0.,1.));
#13418 = ORIENTED_EDGE('',*,*,#13419,.T.);
#13419 = EDGE_CURVE('',#13412,#13420,#13422,.T.);
#13420 = VERTEX_POINT('',#13421);
#13421 = CARTESIAN_POINT('',(2.4,-2.145,0.675));
#13422 = CIRCLE('',#13423,0.25);
#13423 = AXIS2_PLACEMENT_3D('',#13424,#13425,#13426);
#13424 = CARTESIAN_POINT('',(2.4,-2.145,0.425));
#13425 = DIRECTION('',(2.22044604925E-16,-1.,0.));
#13426 = DIRECTION('',(1.,2.22044604925E-16,2.22044604925E-15));
#13427 = ORIENTED_EDGE('',*,*,#13428,.T.);
#13428 = EDGE_CURVE('',#13420,#12393,#13429,.T.);
#13429 = LINE('',#13430,#13431);
#13430 = CARTESIAN_POINT('',(2.4,-2.145,0.675));
#13431 = VECTOR('',#13432,1.);
#13432 = DIRECTION('',(-1.,-2.22044604925E-16,0.));
#13433 = PLANE('',#13434);
#13434 = AXIS2_PLACEMENT_3D('',#13435,#13436,#13437);
#13435 = CARTESIAN_POINT('',(2.632923288131,-2.145,0.313172218985));
#13436 = DIRECTION('',(2.22044604925E-16,-1.,0.));
#13437 = DIRECTION('',(0.,0.,1.));
#13438 = ADVANCED_FACE('',(#13439),#13450,.F.);
#13439 = FACE_BOUND('',#13440,.F.);
#13440 = EDGE_LOOP('',(#13441,#13442,#13443,#13449));
#13441 = ORIENTED_EDGE('',*,*,#12378,.T.);
#13442 = ORIENTED_EDGE('',*,*,#13260,.T.);
#13443 = ORIENTED_EDGE('',*,*,#13444,.F.);
#13444 = EDGE_CURVE('',#13353,#13261,#13445,.T.);
#13445 = LINE('',#13446,#13447);
#13446 = CARTESIAN_POINT('',(2.5,-2.145,0.425));
#13447 = VECTOR('',#13448,1.);
#13448 = DIRECTION('',(2.22044604925E-16,-1.,0.));
#13449 = ORIENTED_EDGE('',*,*,#13352,.F.);
#13450 = CYLINDRICAL_SURFACE('',#13451,0.1);
#13451 = AXIS2_PLACEMENT_3D('',#13452,#13453,#13454);
#13452 = CARTESIAN_POINT('',(2.4,-2.145,0.425));
#13453 = DIRECTION('',(-2.22044604925E-16,1.,0.));
#13454 = DIRECTION('',(0.,0.,1.));
#13455 = ADVANCED_FACE('',(#13456),#13472,.T.);
#13456 = FACE_BOUND('',#13457,.T.);
#13457 = EDGE_LOOP('',(#13458,#13464,#13465,#13471));
#13458 = ORIENTED_EDGE('',*,*,#13459,.F.);
#13459 = EDGE_CURVE('',#12393,#12821,#13460,.T.);
#13460 = LINE('',#13461,#13462);
#13461 = CARTESIAN_POINT('',(2.4,-2.145,0.675));
#13462 = VECTOR('',#13463,1.);
#13463 = DIRECTION('',(-1.,-2.22044604925E-16,0.));
#13464 = ORIENTED_EDGE('',*,*,#12409,.T.);
#13465 = ORIENTED_EDGE('',*,*,#13466,.T.);
#13466 = EDGE_CURVE('',#12402,#12829,#13467,.T.);
#13467 = LINE('',#13468,#13469);
#13468 = CARTESIAN_POINT('',(2.4,-1.755,0.675));
#13469 = VECTOR('',#13470,1.);
#13470 = DIRECTION('',(-1.,-2.22044604925E-16,0.));
#13471 = ORIENTED_EDGE('',*,*,#12828,.F.);
#13472 = B_SPLINE_SURFACE_WITH_KNOTS('',1,1,(
    (#13473,#13474)
    ,(#13475,#13476
    )),.UNSPECIFIED.,.F.,.F.,.F.,(2,2),(2,2),(0.,5.),(0.,1.),
  .PIECEWISE_BEZIER_KNOTS.);
#13473 = CARTESIAN_POINT('',(2.2,-2.5,0.675));
#13474 = CARTESIAN_POINT('',(2.15,-2.45,0.675));
#13475 = CARTESIAN_POINT('',(2.2,2.5,0.675));
#13476 = CARTESIAN_POINT('',(2.15,2.45,0.675));
#13477 = ADVANCED_FACE('',(#13478),#13564,.T.);
#13478 = FACE_BOUND('',#13479,.T.);
#13479 = EDGE_LOOP('',(#13480,#13481,#13482,#13491,#13499,#13508,#13516,
    #13524,#13532,#13541,#13549,#13558));
#13480 = ORIENTED_EDGE('',*,*,#12401,.T.);
#13481 = ORIENTED_EDGE('',*,*,#12432,.T.);
#13482 = ORIENTED_EDGE('',*,*,#13483,.T.);
#13483 = EDGE_CURVE('',#12433,#13484,#13486,.T.);
#13484 = VERTEX_POINT('',#13485);
#13485 = CARTESIAN_POINT('',(2.5,-1.755,0.425));
#13486 = CIRCLE('',#13487,0.1);
#13487 = AXIS2_PLACEMENT_3D('',#13488,#13489,#13490);
#13488 = CARTESIAN_POINT('',(2.4,-1.755,0.425));
#13489 = DIRECTION('',(-2.22044604925E-16,1.,0.));
#13490 = DIRECTION('',(0.,0.,1.));
#13491 = ORIENTED_EDGE('',*,*,#13492,.T.);
#13492 = EDGE_CURVE('',#13484,#13493,#13495,.T.);
#13493 = VERTEX_POINT('',#13494);
#13494 = CARTESIAN_POINT('',(2.5,-1.755,0.25));
#13495 = LINE('',#13496,#13497);
#13496 = CARTESIAN_POINT('',(2.5,-1.755,0.425));
#13497 = VECTOR('',#13498,1.);
#13498 = DIRECTION('',(0.,0.,-1.));
#13499 = ORIENTED_EDGE('',*,*,#13500,.T.);
#13500 = EDGE_CURVE('',#13493,#13501,#13503,.T.);
#13501 = VERTEX_POINT('',#13502);
#13502 = CARTESIAN_POINT('',(2.75,-1.755,1.110223024625E-16));
#13503 = CIRCLE('',#13504,0.25);
#13504 = AXIS2_PLACEMENT_3D('',#13505,#13506,#13507);
#13505 = CARTESIAN_POINT('',(2.75,-1.755,0.25));
#13506 = DIRECTION('',(2.22044604925E-16,-1.,0.));
#13507 = DIRECTION('',(-1.,-2.22044604925E-16,-2.442490654175E-15));
#13508 = ORIENTED_EDGE('',*,*,#13509,.T.);
#13509 = EDGE_CURVE('',#13501,#13510,#13512,.T.);
#13510 = VERTEX_POINT('',#13511);
#13511 = CARTESIAN_POINT('',(3.2,-1.755,1.110223024625E-16));
#13512 = LINE('',#13513,#13514);
#13513 = CARTESIAN_POINT('',(2.75,-1.755,1.110223024625E-16));
#13514 = VECTOR('',#13515,1.);
#13515 = DIRECTION('',(1.,2.22044604925E-16,0.));
#13516 = ORIENTED_EDGE('',*,*,#13517,.T.);
#13517 = EDGE_CURVE('',#13510,#13518,#13520,.T.);
#13518 = VERTEX_POINT('',#13519);
#13519 = CARTESIAN_POINT('',(3.2,-1.755,0.15));
#13520 = LINE('',#13521,#13522);
#13521 = CARTESIAN_POINT('',(3.2,-1.755,1.110223024625E-16));
#13522 = VECTOR('',#13523,1.);
#13523 = DIRECTION('',(0.,0.,1.));
#13524 = ORIENTED_EDGE('',*,*,#13525,.T.);
#13525 = EDGE_CURVE('',#13518,#13526,#13528,.T.);
#13526 = VERTEX_POINT('',#13527);
#13527 = CARTESIAN_POINT('',(2.75,-1.755,0.15));
#13528 = LINE('',#13529,#13530);
#13529 = CARTESIAN_POINT('',(3.2,-1.755,0.15));
#13530 = VECTOR('',#13531,1.);
#13531 = DIRECTION('',(-1.,-2.22044604925E-16,0.));
#13532 = ORIENTED_EDGE('',*,*,#13533,.T.);
#13533 = EDGE_CURVE('',#13526,#13534,#13536,.T.);
#13534 = VERTEX_POINT('',#13535);
#13535 = CARTESIAN_POINT('',(2.65,-1.755,0.25));
#13536 = CIRCLE('',#13537,0.1);
#13537 = AXIS2_PLACEMENT_3D('',#13538,#13539,#13540);
#13538 = CARTESIAN_POINT('',(2.75,-1.755,0.25));
#13539 = DIRECTION('',(-2.22044604925E-16,1.,0.));
#13540 = DIRECTION('',(0.,0.,-1.));
#13541 = ORIENTED_EDGE('',*,*,#13542,.T.);
#13542 = EDGE_CURVE('',#13534,#13543,#13545,.T.);
#13543 = VERTEX_POINT('',#13544);
#13544 = CARTESIAN_POINT('',(2.65,-1.755,0.425));
#13545 = LINE('',#13546,#13547);
#13546 = CARTESIAN_POINT('',(2.65,-1.755,0.25));
#13547 = VECTOR('',#13548,1.);
#13548 = DIRECTION('',(0.,0.,1.));
#13549 = ORIENTED_EDGE('',*,*,#13550,.T.);
#13550 = EDGE_CURVE('',#13543,#13551,#13553,.T.);
#13551 = VERTEX_POINT('',#13552);
#13552 = CARTESIAN_POINT('',(2.4,-1.755,0.675));
#13553 = CIRCLE('',#13554,0.25);
#13554 = AXIS2_PLACEMENT_3D('',#13555,#13556,#13557);
#13555 = CARTESIAN_POINT('',(2.4,-1.755,0.425));
#13556 = DIRECTION('',(2.22044604925E-16,-1.,0.));
#13557 = DIRECTION('',(1.,2.22044604925E-16,2.22044604925E-15));
#13558 = ORIENTED_EDGE('',*,*,#13559,.T.);
#13559 = EDGE_CURVE('',#13551,#12402,#13560,.T.);
#13560 = LINE('',#13561,#13562);
#13561 = CARTESIAN_POINT('',(2.4,-1.755,0.675));
#13562 = VECTOR('',#13563,1.);
#13563 = DIRECTION('',(-1.,-2.22044604925E-16,0.));
#13564 = PLANE('',#13565);
#13565 = AXIS2_PLACEMENT_3D('',#13566,#13567,#13568);
#13566 = CARTESIAN_POINT('',(2.632923288131,-1.755,0.313172218985));
#13567 = DIRECTION('',(2.22044604925E-16,-1.,0.));
#13568 = DIRECTION('',(0.,0.,1.));
#13569 = ADVANCED_FACE('',(#13570),#13656,.F.);
#13570 = FACE_BOUND('',#13571,.F.);
#13571 = EDGE_LOOP('',(#13572,#13573,#13574,#13583,#13591,#13600,#13608,
    #13616,#13624,#13633,#13641,#13650));
#13572 = ORIENTED_EDGE('',*,*,#12485,.T.);
#13573 = ORIENTED_EDGE('',*,*,#12423,.T.);
#13574 = ORIENTED_EDGE('',*,*,#13575,.T.);
#13575 = EDGE_CURVE('',#12424,#13576,#13578,.T.);
#13576 = VERTEX_POINT('',#13577);
#13577 = CARTESIAN_POINT('',(2.5,-1.495,0.425));
#13578 = CIRCLE('',#13579,0.1);
#13579 = AXIS2_PLACEMENT_3D('',#13580,#13581,#13582);
#13580 = CARTESIAN_POINT('',(2.4,-1.495,0.425));
#13581 = DIRECTION('',(-2.22044604925E-16,1.,0.));
#13582 = DIRECTION('',(0.,0.,1.));
#13583 = ORIENTED_EDGE('',*,*,#13584,.T.);
#13584 = EDGE_CURVE('',#13576,#13585,#13587,.T.);
#13585 = VERTEX_POINT('',#13586);
#13586 = CARTESIAN_POINT('',(2.5,-1.495,0.25));
#13587 = LINE('',#13588,#13589);
#13588 = CARTESIAN_POINT('',(2.5,-1.495,0.425));
#13589 = VECTOR('',#13590,1.);
#13590 = DIRECTION('',(0.,0.,-1.));
#13591 = ORIENTED_EDGE('',*,*,#13592,.T.);
#13592 = EDGE_CURVE('',#13585,#13593,#13595,.T.);
#13593 = VERTEX_POINT('',#13594);
#13594 = CARTESIAN_POINT('',(2.75,-1.495,1.110223024625E-16));
#13595 = CIRCLE('',#13596,0.25);
#13596 = AXIS2_PLACEMENT_3D('',#13597,#13598,#13599);
#13597 = CARTESIAN_POINT('',(2.75,-1.495,0.25));
#13598 = DIRECTION('',(2.22044604925E-16,-1.,0.));
#13599 = DIRECTION('',(-1.,-2.22044604925E-16,-2.442490654175E-15));
#13600 = ORIENTED_EDGE('',*,*,#13601,.T.);
#13601 = EDGE_CURVE('',#13593,#13602,#13604,.T.);
#13602 = VERTEX_POINT('',#13603);
#13603 = CARTESIAN_POINT('',(3.2,-1.495,1.110223024625E-16));
#13604 = LINE('',#13605,#13606);
#13605 = CARTESIAN_POINT('',(2.75,-1.495,1.110223024625E-16));
#13606 = VECTOR('',#13607,1.);
#13607 = DIRECTION('',(1.,2.22044604925E-16,0.));
#13608 = ORIENTED_EDGE('',*,*,#13609,.T.);
#13609 = EDGE_CURVE('',#13602,#13610,#13612,.T.);
#13610 = VERTEX_POINT('',#13611);
#13611 = CARTESIAN_POINT('',(3.2,-1.495,0.15));
#13612 = LINE('',#13613,#13614);
#13613 = CARTESIAN_POINT('',(3.2,-1.495,1.110223024625E-16));
#13614 = VECTOR('',#13615,1.);
#13615 = DIRECTION('',(0.,0.,1.));
#13616 = ORIENTED_EDGE('',*,*,#13617,.T.);
#13617 = EDGE_CURVE('',#13610,#13618,#13620,.T.);
#13618 = VERTEX_POINT('',#13619);
#13619 = CARTESIAN_POINT('',(2.75,-1.495,0.15));
#13620 = LINE('',#13621,#13622);
#13621 = CARTESIAN_POINT('',(3.2,-1.495,0.15));
#13622 = VECTOR('',#13623,1.);
#13623 = DIRECTION('',(-1.,-2.22044604925E-16,0.));
#13624 = ORIENTED_EDGE('',*,*,#13625,.T.);
#13625 = EDGE_CURVE('',#13618,#13626,#13628,.T.);
#13626 = VERTEX_POINT('',#13627);
#13627 = CARTESIAN_POINT('',(2.65,-1.495,0.25));
#13628 = CIRCLE('',#13629,0.1);
#13629 = AXIS2_PLACEMENT_3D('',#13630,#13631,#13632);
#13630 = CARTESIAN_POINT('',(2.75,-1.495,0.25));
#13631 = DIRECTION('',(-2.22044604925E-16,1.,0.));
#13632 = DIRECTION('',(0.,0.,-1.));
#13633 = ORIENTED_EDGE('',*,*,#13634,.T.);
#13634 = EDGE_CURVE('',#13626,#13635,#13637,.T.);
#13635 = VERTEX_POINT('',#13636);
#13636 = CARTESIAN_POINT('',(2.65,-1.495,0.425));
#13637 = LINE('',#13638,#13639);
#13638 = CARTESIAN_POINT('',(2.65,-1.495,0.25));
#13639 = VECTOR('',#13640,1.);
#13640 = DIRECTION('',(0.,0.,1.));
#13641 = ORIENTED_EDGE('',*,*,#13642,.T.);
#13642 = EDGE_CURVE('',#13635,#13643,#13645,.T.);
#13643 = VERTEX_POINT('',#13644);
#13644 = CARTESIAN_POINT('',(2.4,-1.495,0.675));
#13645 = CIRCLE('',#13646,0.25);
#13646 = AXIS2_PLACEMENT_3D('',#13647,#13648,#13649);
#13647 = CARTESIAN_POINT('',(2.4,-1.495,0.425));
#13648 = DIRECTION('',(2.22044604925E-16,-1.,0.));
#13649 = DIRECTION('',(1.,2.22044604925E-16,2.22044604925E-15));
#13650 = ORIENTED_EDGE('',*,*,#13651,.T.);
#13651 = EDGE_CURVE('',#13643,#12486,#13652,.T.);
#13652 = LINE('',#13653,#13654);
#13653 = CARTESIAN_POINT('',(2.4,-1.495,0.675));
#13654 = VECTOR('',#13655,1.);
#13655 = DIRECTION('',(-1.,-2.22044604925E-16,0.));
#13656 = PLANE('',#13657);
#13657 = AXIS2_PLACEMENT_3D('',#13658,#13659,#13660);
#13658 = CARTESIAN_POINT('',(2.632923288131,-1.495,0.313172218985));
#13659 = DIRECTION('',(2.22044604925E-16,-1.,0.));
#13660 = DIRECTION('',(0.,0.,1.));
#13661 = ADVANCED_FACE('',(#13662),#13673,.F.);
#13662 = FACE_BOUND('',#13663,.F.);
#13663 = EDGE_LOOP('',(#13664,#13665,#13666,#13672));
#13664 = ORIENTED_EDGE('',*,*,#12440,.T.);
#13665 = ORIENTED_EDGE('',*,*,#13483,.T.);
#13666 = ORIENTED_EDGE('',*,*,#13667,.F.);
#13667 = EDGE_CURVE('',#13576,#13484,#13668,.T.);
#13668 = LINE('',#13669,#13670);
#13669 = CARTESIAN_POINT('',(2.5,-1.495,0.425));
#13670 = VECTOR('',#13671,1.);
#13671 = DIRECTION('',(2.22044604925E-16,-1.,0.));
#13672 = ORIENTED_EDGE('',*,*,#13575,.F.);
#13673 = CYLINDRICAL_SURFACE('',#13674,0.1);
#13674 = AXIS2_PLACEMENT_3D('',#13675,#13676,#13677);
#13675 = CARTESIAN_POINT('',(2.4,-1.495,0.425));
#13676 = DIRECTION('',(-2.22044604925E-16,1.,0.));
#13677 = DIRECTION('',(0.,0.,1.));
#13678 = ADVANCED_FACE('',(#13679),#13698,.F.);
#13679 = FACE_BOUND('',#13680,.F.);
#13680 = EDGE_LOOP('',(#13681,#13682,#13691,#13697));
#13681 = ORIENTED_EDGE('',*,*,#12471,.T.);
#13682 = ORIENTED_EDGE('',*,*,#13683,.T.);
#13683 = EDGE_CURVE('',#12464,#13684,#13686,.T.);
#13684 = VERTEX_POINT('',#13685);
#13685 = CARTESIAN_POINT('',(2.5,1.495,0.425));
#13686 = CIRCLE('',#13687,0.1);
#13687 = AXIS2_PLACEMENT_3D('',#13688,#13689,#13690);
#13688 = CARTESIAN_POINT('',(2.4,1.495,0.425));
#13689 = DIRECTION('',(-2.22044604925E-16,1.,0.));
#13690 = DIRECTION('',(0.,0.,1.));
#13691 = ORIENTED_EDGE('',*,*,#13692,.F.);
#13692 = EDGE_CURVE('',#12980,#13684,#13693,.T.);
#13693 = LINE('',#13694,#13695);
#13694 = CARTESIAN_POINT('',(2.5,1.755,0.425));
#13695 = VECTOR('',#13696,1.);
#13696 = DIRECTION('',(2.22044604925E-16,-1.,0.));
#13697 = ORIENTED_EDGE('',*,*,#12979,.F.);
#13698 = CYLINDRICAL_SURFACE('',#13699,0.1);
#13699 = AXIS2_PLACEMENT_3D('',#13700,#13701,#13702);
#13700 = CARTESIAN_POINT('',(2.4,1.755,0.425));
#13701 = DIRECTION('',(-2.22044604925E-16,1.,0.));
#13702 = DIRECTION('',(0.,0.,1.));
#13703 = ADVANCED_FACE('',(#13704),#13782,.T.);
#13704 = FACE_BOUND('',#13705,.T.);
#13705 = EDGE_LOOP('',(#13706,#13707,#13708,#13709,#13717,#13726,#13734,
    #13742,#13750,#13759,#13767,#13776));
#13706 = ORIENTED_EDGE('',*,*,#12525,.T.);
#13707 = ORIENTED_EDGE('',*,*,#12463,.T.);
#13708 = ORIENTED_EDGE('',*,*,#13683,.T.);
#13709 = ORIENTED_EDGE('',*,*,#13710,.T.);
#13710 = EDGE_CURVE('',#13684,#13711,#13713,.T.);
#13711 = VERTEX_POINT('',#13712);
#13712 = CARTESIAN_POINT('',(2.5,1.495,0.25));
#13713 = LINE('',#13714,#13715);
#13714 = CARTESIAN_POINT('',(2.5,1.495,0.425));
#13715 = VECTOR('',#13716,1.);
#13716 = DIRECTION('',(0.,0.,-1.));
#13717 = ORIENTED_EDGE('',*,*,#13718,.T.);
#13718 = EDGE_CURVE('',#13711,#13719,#13721,.T.);
#13719 = VERTEX_POINT('',#13720);
#13720 = CARTESIAN_POINT('',(2.75,1.495,1.110223024625E-16));
#13721 = CIRCLE('',#13722,0.25);
#13722 = AXIS2_PLACEMENT_3D('',#13723,#13724,#13725);
#13723 = CARTESIAN_POINT('',(2.75,1.495,0.25));
#13724 = DIRECTION('',(2.22044604925E-16,-1.,0.));
#13725 = DIRECTION('',(-1.,-2.22044604925E-16,-2.442490654175E-15));
#13726 = ORIENTED_EDGE('',*,*,#13727,.T.);
#13727 = EDGE_CURVE('',#13719,#13728,#13730,.T.);
#13728 = VERTEX_POINT('',#13729);
#13729 = CARTESIAN_POINT('',(3.2,1.495,1.110223024625E-16));
#13730 = LINE('',#13731,#13732);
#13731 = CARTESIAN_POINT('',(2.75,1.495,1.110223024625E-16));
#13732 = VECTOR('',#13733,1.);
#13733 = DIRECTION('',(1.,2.22044604925E-16,0.));
#13734 = ORIENTED_EDGE('',*,*,#13735,.T.);
#13735 = EDGE_CURVE('',#13728,#13736,#13738,.T.);
#13736 = VERTEX_POINT('',#13737);
#13737 = CARTESIAN_POINT('',(3.2,1.495,0.15));
#13738 = LINE('',#13739,#13740);
#13739 = CARTESIAN_POINT('',(3.2,1.495,1.110223024625E-16));
#13740 = VECTOR('',#13741,1.);
#13741 = DIRECTION('',(0.,0.,1.));
#13742 = ORIENTED_EDGE('',*,*,#13743,.T.);
#13743 = EDGE_CURVE('',#13736,#13744,#13746,.T.);
#13744 = VERTEX_POINT('',#13745);
#13745 = CARTESIAN_POINT('',(2.75,1.495,0.15));
#13746 = LINE('',#13747,#13748);
#13747 = CARTESIAN_POINT('',(3.2,1.495,0.15));
#13748 = VECTOR('',#13749,1.);
#13749 = DIRECTION('',(-1.,-2.22044604925E-16,0.));
#13750 = ORIENTED_EDGE('',*,*,#13751,.T.);
#13751 = EDGE_CURVE('',#13744,#13752,#13754,.T.);
#13752 = VERTEX_POINT('',#13753);
#13753 = CARTESIAN_POINT('',(2.65,1.495,0.25));
#13754 = CIRCLE('',#13755,0.1);
#13755 = AXIS2_PLACEMENT_3D('',#13756,#13757,#13758);
#13756 = CARTESIAN_POINT('',(2.75,1.495,0.25));
#13757 = DIRECTION('',(-2.22044604925E-16,1.,0.));
#13758 = DIRECTION('',(0.,0.,-1.));
#13759 = ORIENTED_EDGE('',*,*,#13760,.T.);
#13760 = EDGE_CURVE('',#13752,#13761,#13763,.T.);
#13761 = VERTEX_POINT('',#13762);
#13762 = CARTESIAN_POINT('',(2.65,1.495,0.425));
#13763 = LINE('',#13764,#13765);
#13764 = CARTESIAN_POINT('',(2.65,1.495,0.25));
#13765 = VECTOR('',#13766,1.);
#13766 = DIRECTION('',(0.,0.,1.));
#13767 = ORIENTED_EDGE('',*,*,#13768,.T.);
#13768 = EDGE_CURVE('',#13761,#13769,#13771,.T.);
#13769 = VERTEX_POINT('',#13770);
#13770 = CARTESIAN_POINT('',(2.4,1.495,0.675));
#13771 = CIRCLE('',#13772,0.25);
#13772 = AXIS2_PLACEMENT_3D('',#13773,#13774,#13775);
#13773 = CARTESIAN_POINT('',(2.4,1.495,0.425));
#13774 = DIRECTION('',(2.22044604925E-16,-1.,0.));
#13775 = DIRECTION('',(1.,2.22044604925E-16,2.22044604925E-15));
#13776 = ORIENTED_EDGE('',*,*,#13777,.T.);
#13777 = EDGE_CURVE('',#13769,#12526,#13778,.T.);
#13778 = LINE('',#13779,#13780);
#13779 = CARTESIAN_POINT('',(2.4,1.495,0.675));
#13780 = VECTOR('',#13781,1.);
#13781 = DIRECTION('',(-1.,-2.22044604925E-16,0.));
#13782 = PLANE('',#13783);
#13783 = AXIS2_PLACEMENT_3D('',#13784,#13785,#13786);
#13784 = CARTESIAN_POINT('',(2.632923288131,1.495,0.313172218985));
#13785 = DIRECTION('',(2.22044604925E-16,-1.,0.));
#13786 = DIRECTION('',(0.,0.,1.));
#13787 = ADVANCED_FACE('',(#13788),#13804,.T.);
#13788 = FACE_BOUND('',#13789,.T.);
#13789 = EDGE_LOOP('',(#13790,#13796,#13797,#13803));
#13790 = ORIENTED_EDGE('',*,*,#13791,.F.);
#13791 = EDGE_CURVE('',#12486,#12837,#13792,.T.);
#13792 = LINE('',#13793,#13794);
#13793 = CARTESIAN_POINT('',(2.4,-1.495,0.675));
#13794 = VECTOR('',#13795,1.);
#13795 = DIRECTION('',(-1.,-2.22044604925E-16,0.));
#13796 = ORIENTED_EDGE('',*,*,#12502,.T.);
#13797 = ORIENTED_EDGE('',*,*,#13798,.T.);
#13798 = EDGE_CURVE('',#12495,#12845,#13799,.T.);
#13799 = LINE('',#13800,#13801);
#13800 = CARTESIAN_POINT('',(2.4,-1.105,0.675));
#13801 = VECTOR('',#13802,1.);
#13802 = DIRECTION('',(-1.,-2.22044604925E-16,0.));
#13803 = ORIENTED_EDGE('',*,*,#12844,.F.);
#13804 = B_SPLINE_SURFACE_WITH_KNOTS('',1,1,(
    (#13805,#13806)
    ,(#13807,#13808
    )),.UNSPECIFIED.,.F.,.F.,.F.,(2,2),(2,2),(0.,5.),(0.,1.),
  .PIECEWISE_BEZIER_KNOTS.);
#13805 = CARTESIAN_POINT('',(2.2,-2.5,0.675));
#13806 = CARTESIAN_POINT('',(2.15,-2.45,0.675));
#13807 = CARTESIAN_POINT('',(2.2,2.5,0.675));
#13808 = CARTESIAN_POINT('',(2.15,2.45,0.675));
#13809 = ADVANCED_FACE('',(#13810),#13896,.T.);
#13810 = FACE_BOUND('',#13811,.T.);
#13811 = EDGE_LOOP('',(#13812,#13813,#13814,#13823,#13831,#13840,#13848,
    #13856,#13864,#13873,#13881,#13890));
#13812 = ORIENTED_EDGE('',*,*,#12494,.T.);
#13813 = ORIENTED_EDGE('',*,*,#12556,.T.);
#13814 = ORIENTED_EDGE('',*,*,#13815,.T.);
#13815 = EDGE_CURVE('',#12557,#13816,#13818,.T.);
#13816 = VERTEX_POINT('',#13817);
#13817 = CARTESIAN_POINT('',(2.5,-1.105,0.425));
#13818 = CIRCLE('',#13819,0.1);
#13819 = AXIS2_PLACEMENT_3D('',#13820,#13821,#13822);
#13820 = CARTESIAN_POINT('',(2.4,-1.105,0.425));
#13821 = DIRECTION('',(-2.22044604925E-16,1.,0.));
#13822 = DIRECTION('',(0.,0.,1.));
#13823 = ORIENTED_EDGE('',*,*,#13824,.T.);
#13824 = EDGE_CURVE('',#13816,#13825,#13827,.T.);
#13825 = VERTEX_POINT('',#13826);
#13826 = CARTESIAN_POINT('',(2.5,-1.105,0.25));
#13827 = LINE('',#13828,#13829);
#13828 = CARTESIAN_POINT('',(2.5,-1.105,0.425));
#13829 = VECTOR('',#13830,1.);
#13830 = DIRECTION('',(0.,0.,-1.));
#13831 = ORIENTED_EDGE('',*,*,#13832,.T.);
#13832 = EDGE_CURVE('',#13825,#13833,#13835,.T.);
#13833 = VERTEX_POINT('',#13834);
#13834 = CARTESIAN_POINT('',(2.75,-1.105,1.110223024625E-16));
#13835 = CIRCLE('',#13836,0.25);
#13836 = AXIS2_PLACEMENT_3D('',#13837,#13838,#13839);
#13837 = CARTESIAN_POINT('',(2.75,-1.105,0.25));
#13838 = DIRECTION('',(2.22044604925E-16,-1.,0.));
#13839 = DIRECTION('',(-1.,-2.22044604925E-16,-2.442490654175E-15));
#13840 = ORIENTED_EDGE('',*,*,#13841,.T.);
#13841 = EDGE_CURVE('',#13833,#13842,#13844,.T.);
#13842 = VERTEX_POINT('',#13843);
#13843 = CARTESIAN_POINT('',(3.2,-1.105,1.110223024625E-16));
#13844 = LINE('',#13845,#13846);
#13845 = CARTESIAN_POINT('',(2.75,-1.105,1.110223024625E-16));
#13846 = VECTOR('',#13847,1.);
#13847 = DIRECTION('',(1.,2.22044604925E-16,0.));
#13848 = ORIENTED_EDGE('',*,*,#13849,.T.);
#13849 = EDGE_CURVE('',#13842,#13850,#13852,.T.);
#13850 = VERTEX_POINT('',#13851);
#13851 = CARTESIAN_POINT('',(3.2,-1.105,0.15));
#13852 = LINE('',#13853,#13854);
#13853 = CARTESIAN_POINT('',(3.2,-1.105,1.110223024625E-16));
#13854 = VECTOR('',#13855,1.);
#13855 = DIRECTION('',(0.,0.,1.));
#13856 = ORIENTED_EDGE('',*,*,#13857,.T.);
#13857 = EDGE_CURVE('',#13850,#13858,#13860,.T.);
#13858 = VERTEX_POINT('',#13859);
#13859 = CARTESIAN_POINT('',(2.75,-1.105,0.15));
#13860 = LINE('',#13861,#13862);
#13861 = CARTESIAN_POINT('',(3.2,-1.105,0.15));
#13862 = VECTOR('',#13863,1.);
#13863 = DIRECTION('',(-1.,-2.22044604925E-16,0.));
#13864 = ORIENTED_EDGE('',*,*,#13865,.T.);
#13865 = EDGE_CURVE('',#13858,#13866,#13868,.T.);
#13866 = VERTEX_POINT('',#13867);
#13867 = CARTESIAN_POINT('',(2.65,-1.105,0.25));
#13868 = CIRCLE('',#13869,0.1);
#13869 = AXIS2_PLACEMENT_3D('',#13870,#13871,#13872);
#13870 = CARTESIAN_POINT('',(2.75,-1.105,0.25));
#13871 = DIRECTION('',(-2.22044604925E-16,1.,0.));
#13872 = DIRECTION('',(0.,0.,-1.));
#13873 = ORIENTED_EDGE('',*,*,#13874,.T.);
#13874 = EDGE_CURVE('',#13866,#13875,#13877,.T.);
#13875 = VERTEX_POINT('',#13876);
#13876 = CARTESIAN_POINT('',(2.65,-1.105,0.425));
#13877 = LINE('',#13878,#13879);
#13878 = CARTESIAN_POINT('',(2.65,-1.105,0.25));
#13879 = VECTOR('',#13880,1.);
#13880 = DIRECTION('',(0.,0.,1.));
#13881 = ORIENTED_EDGE('',*,*,#13882,.T.);
#13882 = EDGE_CURVE('',#13875,#13883,#13885,.T.);
#13883 = VERTEX_POINT('',#13884);
#13884 = CARTESIAN_POINT('',(2.4,-1.105,0.675));
#13885 = CIRCLE('',#13886,0.25);
#13886 = AXIS2_PLACEMENT_3D('',#13887,#13888,#13889);
#13887 = CARTESIAN_POINT('',(2.4,-1.105,0.425));
#13888 = DIRECTION('',(2.22044604925E-16,-1.,0.));
#13889 = DIRECTION('',(1.,2.22044604925E-16,2.22044604925E-15));
#13890 = ORIENTED_EDGE('',*,*,#13891,.T.);
#13891 = EDGE_CURVE('',#13883,#12495,#13892,.T.);
#13892 = LINE('',#13893,#13894);
#13893 = CARTESIAN_POINT('',(2.4,-1.105,0.675));
#13894 = VECTOR('',#13895,1.);
#13895 = DIRECTION('',(-1.,-2.22044604925E-16,0.));
#13896 = PLANE('',#13897);
#13897 = AXIS2_PLACEMENT_3D('',#13898,#13899,#13900);
#13898 = CARTESIAN_POINT('',(2.632923288131,-1.105,0.313172218985));
#13899 = DIRECTION('',(2.22044604925E-16,-1.,0.));
#13900 = DIRECTION('',(0.,0.,1.));
#13901 = ADVANCED_FACE('',(#13902),#13988,.F.);
#13902 = FACE_BOUND('',#13903,.F.);
#13903 = EDGE_LOOP('',(#13904,#13905,#13906,#13915,#13923,#13932,#13940,
    #13948,#13956,#13965,#13973,#13982));
#13904 = ORIENTED_EDGE('',*,*,#12516,.T.);
#13905 = ORIENTED_EDGE('',*,*,#12578,.T.);
#13906 = ORIENTED_EDGE('',*,*,#13907,.T.);
#13907 = EDGE_CURVE('',#12579,#13908,#13910,.T.);
#13908 = VERTEX_POINT('',#13909);
#13909 = CARTESIAN_POINT('',(2.5,1.105,0.425));
#13910 = CIRCLE('',#13911,0.1);
#13911 = AXIS2_PLACEMENT_3D('',#13912,#13913,#13914);
#13912 = CARTESIAN_POINT('',(2.4,1.105,0.425));
#13913 = DIRECTION('',(-2.22044604925E-16,1.,0.));
#13914 = DIRECTION('',(0.,0.,1.));
#13915 = ORIENTED_EDGE('',*,*,#13916,.T.);
#13916 = EDGE_CURVE('',#13908,#13917,#13919,.T.);
#13917 = VERTEX_POINT('',#13918);
#13918 = CARTESIAN_POINT('',(2.5,1.105,0.25));
#13919 = LINE('',#13920,#13921);
#13920 = CARTESIAN_POINT('',(2.5,1.105,0.425));
#13921 = VECTOR('',#13922,1.);
#13922 = DIRECTION('',(0.,0.,-1.));
#13923 = ORIENTED_EDGE('',*,*,#13924,.T.);
#13924 = EDGE_CURVE('',#13917,#13925,#13927,.T.);
#13925 = VERTEX_POINT('',#13926);
#13926 = CARTESIAN_POINT('',(2.75,1.105,1.110223024625E-16));
#13927 = CIRCLE('',#13928,0.25);
#13928 = AXIS2_PLACEMENT_3D('',#13929,#13930,#13931);
#13929 = CARTESIAN_POINT('',(2.75,1.105,0.25));
#13930 = DIRECTION('',(2.22044604925E-16,-1.,0.));
#13931 = DIRECTION('',(-1.,-2.22044604925E-16,-2.442490654175E-15));
#13932 = ORIENTED_EDGE('',*,*,#13933,.T.);
#13933 = EDGE_CURVE('',#13925,#13934,#13936,.T.);
#13934 = VERTEX_POINT('',#13935);
#13935 = CARTESIAN_POINT('',(3.2,1.105,1.110223024625E-16));
#13936 = LINE('',#13937,#13938);
#13937 = CARTESIAN_POINT('',(2.75,1.105,1.110223024625E-16));
#13938 = VECTOR('',#13939,1.);
#13939 = DIRECTION('',(1.,2.22044604925E-16,0.));
#13940 = ORIENTED_EDGE('',*,*,#13941,.T.);
#13941 = EDGE_CURVE('',#13934,#13942,#13944,.T.);
#13942 = VERTEX_POINT('',#13943);
#13943 = CARTESIAN_POINT('',(3.2,1.105,0.15));
#13944 = LINE('',#13945,#13946);
#13945 = CARTESIAN_POINT('',(3.2,1.105,1.110223024625E-16));
#13946 = VECTOR('',#13947,1.);
#13947 = DIRECTION('',(0.,0.,1.));
#13948 = ORIENTED_EDGE('',*,*,#13949,.T.);
#13949 = EDGE_CURVE('',#13942,#13950,#13952,.T.);
#13950 = VERTEX_POINT('',#13951);
#13951 = CARTESIAN_POINT('',(2.75,1.105,0.15));
#13952 = LINE('',#13953,#13954);
#13953 = CARTESIAN_POINT('',(3.2,1.105,0.15));
#13954 = VECTOR('',#13955,1.);
#13955 = DIRECTION('',(-1.,-2.22044604925E-16,0.));
#13956 = ORIENTED_EDGE('',*,*,#13957,.T.);
#13957 = EDGE_CURVE('',#13950,#13958,#13960,.T.);
#13958 = VERTEX_POINT('',#13959);
#13959 = CARTESIAN_POINT('',(2.65,1.105,0.25));
#13960 = CIRCLE('',#13961,0.1);
#13961 = AXIS2_PLACEMENT_3D('',#13962,#13963,#13964);
#13962 = CARTESIAN_POINT('',(2.75,1.105,0.25));
#13963 = DIRECTION('',(-2.22044604925E-16,1.,0.));
#13964 = DIRECTION('',(0.,0.,-1.));
#13965 = ORIENTED_EDGE('',*,*,#13966,.T.);
#13966 = EDGE_CURVE('',#13958,#13967,#13969,.T.);
#13967 = VERTEX_POINT('',#13968);
#13968 = CARTESIAN_POINT('',(2.65,1.105,0.425));
#13969 = LINE('',#13970,#13971);
#13970 = CARTESIAN_POINT('',(2.65,1.105,0.25));
#13971 = VECTOR('',#13972,1.);
#13972 = DIRECTION('',(0.,0.,1.));
#13973 = ORIENTED_EDGE('',*,*,#13974,.T.);
#13974 = EDGE_CURVE('',#13967,#13975,#13977,.T.);
#13975 = VERTEX_POINT('',#13976);
#13976 = CARTESIAN_POINT('',(2.4,1.105,0.675));
#13977 = CIRCLE('',#13978,0.25);
#13978 = AXIS2_PLACEMENT_3D('',#13979,#13980,#13981);
#13979 = CARTESIAN_POINT('',(2.4,1.105,0.425));
#13980 = DIRECTION('',(2.22044604925E-16,-1.,0.));
#13981 = DIRECTION('',(1.,2.22044604925E-16,2.22044604925E-15));
#13982 = ORIENTED_EDGE('',*,*,#13983,.T.);
#13983 = EDGE_CURVE('',#13975,#12517,#13984,.T.);
#13984 = LINE('',#13985,#13986);
#13985 = CARTESIAN_POINT('',(2.4,1.105,0.675));
#13986 = VECTOR('',#13987,1.);
#13987 = DIRECTION('',(-1.,-2.22044604925E-16,0.));
#13988 = PLANE('',#13989);
#13989 = AXIS2_PLACEMENT_3D('',#13990,#13991,#13992);
#13990 = CARTESIAN_POINT('',(2.632923288131,1.105,0.313172218985));
#13991 = DIRECTION('',(2.22044604925E-16,-1.,0.));
#13992 = DIRECTION('',(0.,0.,1.));
#13993 = ADVANCED_FACE('',(#13994),#14010,.T.);
#13994 = FACE_BOUND('',#13995,.T.);
#13995 = EDGE_LOOP('',(#13996,#14002,#14003,#14009));
#13996 = ORIENTED_EDGE('',*,*,#13997,.F.);
#13997 = EDGE_CURVE('',#12517,#12901,#13998,.T.);
#13998 = LINE('',#13999,#14000);
#13999 = CARTESIAN_POINT('',(2.4,1.105,0.675));
#14000 = VECTOR('',#14001,1.);
#14001 = DIRECTION('',(-1.,-2.22044604925E-16,0.));
#14002 = ORIENTED_EDGE('',*,*,#12533,.T.);
#14003 = ORIENTED_EDGE('',*,*,#14004,.T.);
#14004 = EDGE_CURVE('',#12526,#12909,#14005,.T.);
#14005 = LINE('',#14006,#14007);
#14006 = CARTESIAN_POINT('',(2.4,1.495,0.675));
#14007 = VECTOR('',#14008,1.);
#14008 = DIRECTION('',(-1.,-2.22044604925E-16,0.));
#14009 = ORIENTED_EDGE('',*,*,#12908,.F.);
#14010 = B_SPLINE_SURFACE_WITH_KNOTS('',1,1,(
    (#14011,#14012)
    ,(#14013,#14014
    )),.UNSPECIFIED.,.F.,.F.,.F.,(2,2),(2,2),(0.,5.),(0.,1.),
  .PIECEWISE_BEZIER_KNOTS.);
#14011 = CARTESIAN_POINT('',(2.2,-2.5,0.675));
#14012 = CARTESIAN_POINT('',(2.15,-2.45,0.675));
#14013 = CARTESIAN_POINT('',(2.2,2.5,0.675));
#14014 = CARTESIAN_POINT('',(2.15,2.45,0.675));
#14015 = ADVANCED_FACE('',(#14016),#14102,.F.);
#14016 = FACE_BOUND('',#14017,.F.);
#14017 = EDGE_LOOP('',(#14018,#14019,#14020,#14029,#14037,#14046,#14054,
    #14062,#14070,#14079,#14087,#14096));
#14018 = ORIENTED_EDGE('',*,*,#12609,.T.);
#14019 = ORIENTED_EDGE('',*,*,#12547,.T.);
#14020 = ORIENTED_EDGE('',*,*,#14021,.T.);
#14021 = EDGE_CURVE('',#12548,#14022,#14024,.T.);
#14022 = VERTEX_POINT('',#14023);
#14023 = CARTESIAN_POINT('',(2.5,-0.845,0.425));
#14024 = CIRCLE('',#14025,0.1);
#14025 = AXIS2_PLACEMENT_3D('',#14026,#14027,#14028);
#14026 = CARTESIAN_POINT('',(2.4,-0.845,0.425));
#14027 = DIRECTION('',(-2.22044604925E-16,1.,0.));
#14028 = DIRECTION('',(0.,0.,1.));
#14029 = ORIENTED_EDGE('',*,*,#14030,.T.);
#14030 = EDGE_CURVE('',#14022,#14031,#14033,.T.);
#14031 = VERTEX_POINT('',#14032);
#14032 = CARTESIAN_POINT('',(2.5,-0.845,0.25));
#14033 = LINE('',#14034,#14035);
#14034 = CARTESIAN_POINT('',(2.5,-0.845,0.425));
#14035 = VECTOR('',#14036,1.);
#14036 = DIRECTION('',(0.,0.,-1.));
#14037 = ORIENTED_EDGE('',*,*,#14038,.T.);
#14038 = EDGE_CURVE('',#14031,#14039,#14041,.T.);
#14039 = VERTEX_POINT('',#14040);
#14040 = CARTESIAN_POINT('',(2.75,-0.845,1.110223024625E-16));
#14041 = CIRCLE('',#14042,0.25);
#14042 = AXIS2_PLACEMENT_3D('',#14043,#14044,#14045);
#14043 = CARTESIAN_POINT('',(2.75,-0.845,0.25));
#14044 = DIRECTION('',(2.22044604925E-16,-1.,0.));
#14045 = DIRECTION('',(-1.,-2.22044604925E-16,-2.442490654175E-15));
#14046 = ORIENTED_EDGE('',*,*,#14047,.T.);
#14047 = EDGE_CURVE('',#14039,#14048,#14050,.T.);
#14048 = VERTEX_POINT('',#14049);
#14049 = CARTESIAN_POINT('',(3.2,-0.845,1.110223024625E-16));
#14050 = LINE('',#14051,#14052);
#14051 = CARTESIAN_POINT('',(2.75,-0.845,1.110223024625E-16));
#14052 = VECTOR('',#14053,1.);
#14053 = DIRECTION('',(1.,2.22044604925E-16,0.));
#14054 = ORIENTED_EDGE('',*,*,#14055,.T.);
#14055 = EDGE_CURVE('',#14048,#14056,#14058,.T.);
#14056 = VERTEX_POINT('',#14057);
#14057 = CARTESIAN_POINT('',(3.2,-0.845,0.15));
#14058 = LINE('',#14059,#14060);
#14059 = CARTESIAN_POINT('',(3.2,-0.845,1.110223024625E-16));
#14060 = VECTOR('',#14061,1.);
#14061 = DIRECTION('',(0.,0.,1.));
#14062 = ORIENTED_EDGE('',*,*,#14063,.T.);
#14063 = EDGE_CURVE('',#14056,#14064,#14066,.T.);
#14064 = VERTEX_POINT('',#14065);
#14065 = CARTESIAN_POINT('',(2.75,-0.845,0.15));
#14066 = LINE('',#14067,#14068);
#14067 = CARTESIAN_POINT('',(3.2,-0.845,0.15));
#14068 = VECTOR('',#14069,1.);
#14069 = DIRECTION('',(-1.,-2.22044604925E-16,0.));
#14070 = ORIENTED_EDGE('',*,*,#14071,.T.);
#14071 = EDGE_CURVE('',#14064,#14072,#14074,.T.);
#14072 = VERTEX_POINT('',#14073);
#14073 = CARTESIAN_POINT('',(2.65,-0.845,0.25));
#14074 = CIRCLE('',#14075,0.1);
#14075 = AXIS2_PLACEMENT_3D('',#14076,#14077,#14078);
#14076 = CARTESIAN_POINT('',(2.75,-0.845,0.25));
#14077 = DIRECTION('',(-2.22044604925E-16,1.,0.));
#14078 = DIRECTION('',(0.,0.,-1.));
#14079 = ORIENTED_EDGE('',*,*,#14080,.T.);
#14080 = EDGE_CURVE('',#14072,#14081,#14083,.T.);
#14081 = VERTEX_POINT('',#14082);
#14082 = CARTESIAN_POINT('',(2.65,-0.845,0.425));
#14083 = LINE('',#14084,#14085);
#14084 = CARTESIAN_POINT('',(2.65,-0.845,0.25));
#14085 = VECTOR('',#14086,1.);
#14086 = DIRECTION('',(0.,0.,1.));
#14087 = ORIENTED_EDGE('',*,*,#14088,.T.);
#14088 = EDGE_CURVE('',#14081,#14089,#14091,.T.);
#14089 = VERTEX_POINT('',#14090);
#14090 = CARTESIAN_POINT('',(2.4,-0.845,0.675));
#14091 = CIRCLE('',#14092,0.25);
#14092 = AXIS2_PLACEMENT_3D('',#14093,#14094,#14095);
#14093 = CARTESIAN_POINT('',(2.4,-0.845,0.425));
#14094 = DIRECTION('',(2.22044604925E-16,-1.,0.));
#14095 = DIRECTION('',(1.,2.22044604925E-16,2.22044604925E-15));
#14096 = ORIENTED_EDGE('',*,*,#14097,.T.);
#14097 = EDGE_CURVE('',#14089,#12610,#14098,.T.);
#14098 = LINE('',#14099,#14100);
#14099 = CARTESIAN_POINT('',(2.4,-0.845,0.675));
#14100 = VECTOR('',#14101,1.);
#14101 = DIRECTION('',(-1.,-2.22044604925E-16,0.));
#14102 = PLANE('',#14103);
#14103 = AXIS2_PLACEMENT_3D('',#14104,#14105,#14106);
#14104 = CARTESIAN_POINT('',(2.632923288131,-0.845,0.313172218985));
#14105 = DIRECTION('',(2.22044604925E-16,-1.,0.));
#14106 = DIRECTION('',(0.,0.,1.));
#14107 = ADVANCED_FACE('',(#14108),#14119,.F.);
#14108 = FACE_BOUND('',#14109,.F.);
#14109 = EDGE_LOOP('',(#14110,#14111,#14112,#14118));
#14110 = ORIENTED_EDGE('',*,*,#12564,.T.);
#14111 = ORIENTED_EDGE('',*,*,#13815,.T.);
#14112 = ORIENTED_EDGE('',*,*,#14113,.F.);
#14113 = EDGE_CURVE('',#14022,#13816,#14114,.T.);
#14114 = LINE('',#14115,#14116);
#14115 = CARTESIAN_POINT('',(2.5,-0.845,0.425));
#14116 = VECTOR('',#14117,1.);
#14117 = DIRECTION('',(2.22044604925E-16,-1.,0.));
#14118 = ORIENTED_EDGE('',*,*,#14021,.F.);
#14119 = CYLINDRICAL_SURFACE('',#14120,0.1);
#14120 = AXIS2_PLACEMENT_3D('',#14121,#14122,#14123);
#14121 = CARTESIAN_POINT('',(2.4,-0.845,0.425));
#14122 = DIRECTION('',(-2.22044604925E-16,1.,0.));
#14123 = DIRECTION('',(0.,0.,1.));
#14124 = ADVANCED_FACE('',(#14125),#14144,.F.);
#14125 = FACE_BOUND('',#14126,.F.);
#14126 = EDGE_LOOP('',(#14127,#14128,#14137,#14143));
#14127 = ORIENTED_EDGE('',*,*,#12595,.T.);
#14128 = ORIENTED_EDGE('',*,*,#14129,.T.);
#14129 = EDGE_CURVE('',#12588,#14130,#14132,.T.);
#14130 = VERTEX_POINT('',#14131);
#14131 = CARTESIAN_POINT('',(2.5,0.845,0.425));
#14132 = CIRCLE('',#14133,0.1);
#14133 = AXIS2_PLACEMENT_3D('',#14134,#14135,#14136);
#14134 = CARTESIAN_POINT('',(2.4,0.845,0.425));
#14135 = DIRECTION('',(-2.22044604925E-16,1.,0.));
#14136 = DIRECTION('',(0.,0.,1.));
#14137 = ORIENTED_EDGE('',*,*,#14138,.F.);
#14138 = EDGE_CURVE('',#13908,#14130,#14139,.T.);
#14139 = LINE('',#14140,#14141);
#14140 = CARTESIAN_POINT('',(2.5,1.105,0.425));
#14141 = VECTOR('',#14142,1.);
#14142 = DIRECTION('',(2.22044604925E-16,-1.,0.));
#14143 = ORIENTED_EDGE('',*,*,#13907,.F.);
#14144 = CYLINDRICAL_SURFACE('',#14145,0.1);
#14145 = AXIS2_PLACEMENT_3D('',#14146,#14147,#14148);
#14146 = CARTESIAN_POINT('',(2.4,1.105,0.425));
#14147 = DIRECTION('',(-2.22044604925E-16,1.,0.));
#14148 = DIRECTION('',(0.,0.,1.));
#14149 = ADVANCED_FACE('',(#14150),#14228,.T.);
#14150 = FACE_BOUND('',#14151,.T.);
#14151 = EDGE_LOOP('',(#14152,#14153,#14154,#14155,#14163,#14172,#14180,
    #14188,#14196,#14205,#14213,#14222));
#14152 = ORIENTED_EDGE('',*,*,#12649,.T.);
#14153 = ORIENTED_EDGE('',*,*,#12587,.T.);
#14154 = ORIENTED_EDGE('',*,*,#14129,.T.);
#14155 = ORIENTED_EDGE('',*,*,#14156,.T.);
#14156 = EDGE_CURVE('',#14130,#14157,#14159,.T.);
#14157 = VERTEX_POINT('',#14158);
#14158 = CARTESIAN_POINT('',(2.5,0.845,0.25));
#14159 = LINE('',#14160,#14161);
#14160 = CARTESIAN_POINT('',(2.5,0.845,0.425));
#14161 = VECTOR('',#14162,1.);
#14162 = DIRECTION('',(0.,0.,-1.));
#14163 = ORIENTED_EDGE('',*,*,#14164,.T.);
#14164 = EDGE_CURVE('',#14157,#14165,#14167,.T.);
#14165 = VERTEX_POINT('',#14166);
#14166 = CARTESIAN_POINT('',(2.75,0.845,1.110223024625E-16));
#14167 = CIRCLE('',#14168,0.25);
#14168 = AXIS2_PLACEMENT_3D('',#14169,#14170,#14171);
#14169 = CARTESIAN_POINT('',(2.75,0.845,0.25));
#14170 = DIRECTION('',(2.22044604925E-16,-1.,0.));
#14171 = DIRECTION('',(-1.,-2.22044604925E-16,-2.442490654175E-15));
#14172 = ORIENTED_EDGE('',*,*,#14173,.T.);
#14173 = EDGE_CURVE('',#14165,#14174,#14176,.T.);
#14174 = VERTEX_POINT('',#14175);
#14175 = CARTESIAN_POINT('',(3.2,0.845,1.110223024625E-16));
#14176 = LINE('',#14177,#14178);
#14177 = CARTESIAN_POINT('',(2.75,0.845,1.110223024625E-16));
#14178 = VECTOR('',#14179,1.);
#14179 = DIRECTION('',(1.,2.22044604925E-16,0.));
#14180 = ORIENTED_EDGE('',*,*,#14181,.T.);
#14181 = EDGE_CURVE('',#14174,#14182,#14184,.T.);
#14182 = VERTEX_POINT('',#14183);
#14183 = CARTESIAN_POINT('',(3.2,0.845,0.15));
#14184 = LINE('',#14185,#14186);
#14185 = CARTESIAN_POINT('',(3.2,0.845,1.110223024625E-16));
#14186 = VECTOR('',#14187,1.);
#14187 = DIRECTION('',(0.,0.,1.));
#14188 = ORIENTED_EDGE('',*,*,#14189,.T.);
#14189 = EDGE_CURVE('',#14182,#14190,#14192,.T.);
#14190 = VERTEX_POINT('',#14191);
#14191 = CARTESIAN_POINT('',(2.75,0.845,0.15));
#14192 = LINE('',#14193,#14194);
#14193 = CARTESIAN_POINT('',(3.2,0.845,0.15));
#14194 = VECTOR('',#14195,1.);
#14195 = DIRECTION('',(-1.,-2.22044604925E-16,0.));
#14196 = ORIENTED_EDGE('',*,*,#14197,.T.);
#14197 = EDGE_CURVE('',#14190,#14198,#14200,.T.);
#14198 = VERTEX_POINT('',#14199);
#14199 = CARTESIAN_POINT('',(2.65,0.845,0.25));
#14200 = CIRCLE('',#14201,0.1);
#14201 = AXIS2_PLACEMENT_3D('',#14202,#14203,#14204);
#14202 = CARTESIAN_POINT('',(2.75,0.845,0.25));
#14203 = DIRECTION('',(-2.22044604925E-16,1.,0.));
#14204 = DIRECTION('',(0.,0.,-1.));
#14205 = ORIENTED_EDGE('',*,*,#14206,.T.);
#14206 = EDGE_CURVE('',#14198,#14207,#14209,.T.);
#14207 = VERTEX_POINT('',#14208);
#14208 = CARTESIAN_POINT('',(2.65,0.845,0.425));
#14209 = LINE('',#14210,#14211);
#14210 = CARTESIAN_POINT('',(2.65,0.845,0.25));
#14211 = VECTOR('',#14212,1.);
#14212 = DIRECTION('',(0.,0.,1.));
#14213 = ORIENTED_EDGE('',*,*,#14214,.T.);
#14214 = EDGE_CURVE('',#14207,#14215,#14217,.T.);
#14215 = VERTEX_POINT('',#14216);
#14216 = CARTESIAN_POINT('',(2.4,0.845,0.675));
#14217 = CIRCLE('',#14218,0.25);
#14218 = AXIS2_PLACEMENT_3D('',#14219,#14220,#14221);
#14219 = CARTESIAN_POINT('',(2.4,0.845,0.425));
#14220 = DIRECTION('',(2.22044604925E-16,-1.,0.));
#14221 = DIRECTION('',(1.,2.22044604925E-16,2.22044604925E-15));
#14222 = ORIENTED_EDGE('',*,*,#14223,.T.);
#14223 = EDGE_CURVE('',#14215,#12650,#14224,.T.);
#14224 = LINE('',#14225,#14226);
#14225 = CARTESIAN_POINT('',(2.4,0.845,0.675));
#14226 = VECTOR('',#14227,1.);
#14227 = DIRECTION('',(-1.,-2.22044604925E-16,0.));
#14228 = PLANE('',#14229);
#14229 = AXIS2_PLACEMENT_3D('',#14230,#14231,#14232);
#14230 = CARTESIAN_POINT('',(2.632923288131,0.845,0.313172218985));
#14231 = DIRECTION('',(2.22044604925E-16,-1.,0.));
#14232 = DIRECTION('',(0.,0.,1.));
#14233 = ADVANCED_FACE('',(#14234),#14250,.T.);
#14234 = FACE_BOUND('',#14235,.T.);
#14235 = EDGE_LOOP('',(#14236,#14242,#14243,#14249));
#14236 = ORIENTED_EDGE('',*,*,#14237,.F.);
#14237 = EDGE_CURVE('',#12610,#12853,#14238,.T.);
#14238 = LINE('',#14239,#14240);
#14239 = CARTESIAN_POINT('',(2.4,-0.845,0.675));
#14240 = VECTOR('',#14241,1.);
#14241 = DIRECTION('',(-1.,-2.22044604925E-16,0.));
#14242 = ORIENTED_EDGE('',*,*,#12626,.T.);
#14243 = ORIENTED_EDGE('',*,*,#14244,.T.);
#14244 = EDGE_CURVE('',#12619,#12861,#14245,.T.);
#14245 = LINE('',#14246,#14247);
#14246 = CARTESIAN_POINT('',(2.4,-0.455,0.675));
#14247 = VECTOR('',#14248,1.);
#14248 = DIRECTION('',(-1.,-2.22044604925E-16,0.));
#14249 = ORIENTED_EDGE('',*,*,#12860,.F.);
#14250 = B_SPLINE_SURFACE_WITH_KNOTS('',1,1,(
    (#14251,#14252)
    ,(#14253,#14254
    )),.UNSPECIFIED.,.F.,.F.,.F.,(2,2),(2,2),(0.,5.),(0.,1.),
  .PIECEWISE_BEZIER_KNOTS.);
#14251 = CARTESIAN_POINT('',(2.2,-2.5,0.675));
#14252 = CARTESIAN_POINT('',(2.15,-2.45,0.675));
#14253 = CARTESIAN_POINT('',(2.2,2.5,0.675));
#14254 = CARTESIAN_POINT('',(2.15,2.45,0.675));
#14255 = ADVANCED_FACE('',(#14256),#14342,.T.);
#14256 = FACE_BOUND('',#14257,.T.);
#14257 = EDGE_LOOP('',(#14258,#14259,#14260,#14269,#14277,#14286,#14294,
    #14302,#14310,#14319,#14327,#14336));
#14258 = ORIENTED_EDGE('',*,*,#12618,.T.);
#14259 = ORIENTED_EDGE('',*,*,#12680,.T.);
#14260 = ORIENTED_EDGE('',*,*,#14261,.T.);
#14261 = EDGE_CURVE('',#12681,#14262,#14264,.T.);
#14262 = VERTEX_POINT('',#14263);
#14263 = CARTESIAN_POINT('',(2.5,-0.455,0.425));
#14264 = CIRCLE('',#14265,0.1);
#14265 = AXIS2_PLACEMENT_3D('',#14266,#14267,#14268);
#14266 = CARTESIAN_POINT('',(2.4,-0.455,0.425));
#14267 = DIRECTION('',(-2.22044604925E-16,1.,0.));
#14268 = DIRECTION('',(0.,0.,1.));
#14269 = ORIENTED_EDGE('',*,*,#14270,.T.);
#14270 = EDGE_CURVE('',#14262,#14271,#14273,.T.);
#14271 = VERTEX_POINT('',#14272);
#14272 = CARTESIAN_POINT('',(2.5,-0.455,0.25));
#14273 = LINE('',#14274,#14275);
#14274 = CARTESIAN_POINT('',(2.5,-0.455,0.425));
#14275 = VECTOR('',#14276,1.);
#14276 = DIRECTION('',(0.,0.,-1.));
#14277 = ORIENTED_EDGE('',*,*,#14278,.T.);
#14278 = EDGE_CURVE('',#14271,#14279,#14281,.T.);
#14279 = VERTEX_POINT('',#14280);
#14280 = CARTESIAN_POINT('',(2.75,-0.455,1.110223024625E-16));
#14281 = CIRCLE('',#14282,0.25);
#14282 = AXIS2_PLACEMENT_3D('',#14283,#14284,#14285);
#14283 = CARTESIAN_POINT('',(2.75,-0.455,0.25));
#14284 = DIRECTION('',(2.22044604925E-16,-1.,0.));
#14285 = DIRECTION('',(-1.,-2.22044604925E-16,-2.442490654175E-15));
#14286 = ORIENTED_EDGE('',*,*,#14287,.T.);
#14287 = EDGE_CURVE('',#14279,#14288,#14290,.T.);
#14288 = VERTEX_POINT('',#14289);
#14289 = CARTESIAN_POINT('',(3.2,-0.455,1.110223024625E-16));
#14290 = LINE('',#14291,#14292);
#14291 = CARTESIAN_POINT('',(2.75,-0.455,1.110223024625E-16));
#14292 = VECTOR('',#14293,1.);
#14293 = DIRECTION('',(1.,2.22044604925E-16,0.));
#14294 = ORIENTED_EDGE('',*,*,#14295,.T.);
#14295 = EDGE_CURVE('',#14288,#14296,#14298,.T.);
#14296 = VERTEX_POINT('',#14297);
#14297 = CARTESIAN_POINT('',(3.2,-0.455,0.15));
#14298 = LINE('',#14299,#14300);
#14299 = CARTESIAN_POINT('',(3.2,-0.455,1.110223024625E-16));
#14300 = VECTOR('',#14301,1.);
#14301 = DIRECTION('',(0.,0.,1.));
#14302 = ORIENTED_EDGE('',*,*,#14303,.T.);
#14303 = EDGE_CURVE('',#14296,#14304,#14306,.T.);
#14304 = VERTEX_POINT('',#14305);
#14305 = CARTESIAN_POINT('',(2.75,-0.455,0.15));
#14306 = LINE('',#14307,#14308);
#14307 = CARTESIAN_POINT('',(3.2,-0.455,0.15));
#14308 = VECTOR('',#14309,1.);
#14309 = DIRECTION('',(-1.,-2.22044604925E-16,0.));
#14310 = ORIENTED_EDGE('',*,*,#14311,.T.);
#14311 = EDGE_CURVE('',#14304,#14312,#14314,.T.);
#14312 = VERTEX_POINT('',#14313);
#14313 = CARTESIAN_POINT('',(2.65,-0.455,0.25));
#14314 = CIRCLE('',#14315,0.1);
#14315 = AXIS2_PLACEMENT_3D('',#14316,#14317,#14318);
#14316 = CARTESIAN_POINT('',(2.75,-0.455,0.25));
#14317 = DIRECTION('',(-2.22044604925E-16,1.,0.));
#14318 = DIRECTION('',(0.,0.,-1.));
#14319 = ORIENTED_EDGE('',*,*,#14320,.T.);
#14320 = EDGE_CURVE('',#14312,#14321,#14323,.T.);
#14321 = VERTEX_POINT('',#14322);
#14322 = CARTESIAN_POINT('',(2.65,-0.455,0.425));
#14323 = LINE('',#14324,#14325);
#14324 = CARTESIAN_POINT('',(2.65,-0.455,0.25));
#14325 = VECTOR('',#14326,1.);
#14326 = DIRECTION('',(0.,0.,1.));
#14327 = ORIENTED_EDGE('',*,*,#14328,.T.);
#14328 = EDGE_CURVE('',#14321,#14329,#14331,.T.);
#14329 = VERTEX_POINT('',#14330);
#14330 = CARTESIAN_POINT('',(2.4,-0.455,0.675));
#14331 = CIRCLE('',#14332,0.25);
#14332 = AXIS2_PLACEMENT_3D('',#14333,#14334,#14335);
#14333 = CARTESIAN_POINT('',(2.4,-0.455,0.425));
#14334 = DIRECTION('',(2.22044604925E-16,-1.,0.));
#14335 = DIRECTION('',(1.,2.22044604925E-16,2.22044604925E-15));
#14336 = ORIENTED_EDGE('',*,*,#14337,.T.);
#14337 = EDGE_CURVE('',#14329,#12619,#14338,.T.);
#14338 = LINE('',#14339,#14340);
#14339 = CARTESIAN_POINT('',(2.4,-0.455,0.675));
#14340 = VECTOR('',#14341,1.);
#14341 = DIRECTION('',(-1.,-2.22044604925E-16,0.));
#14342 = PLANE('',#14343);
#14343 = AXIS2_PLACEMENT_3D('',#14344,#14345,#14346);
#14344 = CARTESIAN_POINT('',(2.632923288131,-0.455,0.313172218985));
#14345 = DIRECTION('',(2.22044604925E-16,-1.,0.));
#14346 = DIRECTION('',(0.,0.,1.));
#14347 = ADVANCED_FACE('',(#14348),#14434,.F.);
#14348 = FACE_BOUND('',#14349,.F.);
#14349 = EDGE_LOOP('',(#14350,#14351,#14352,#14361,#14369,#14378,#14386,
    #14394,#14402,#14411,#14419,#14428));
#14350 = ORIENTED_EDGE('',*,*,#12640,.T.);
#14351 = ORIENTED_EDGE('',*,*,#12702,.T.);
#14352 = ORIENTED_EDGE('',*,*,#14353,.T.);
#14353 = EDGE_CURVE('',#12703,#14354,#14356,.T.);
#14354 = VERTEX_POINT('',#14355);
#14355 = CARTESIAN_POINT('',(2.5,0.455,0.425));
#14356 = CIRCLE('',#14357,0.1);
#14357 = AXIS2_PLACEMENT_3D('',#14358,#14359,#14360);
#14358 = CARTESIAN_POINT('',(2.4,0.455,0.425));
#14359 = DIRECTION('',(-2.22044604925E-16,1.,0.));
#14360 = DIRECTION('',(0.,0.,1.));
#14361 = ORIENTED_EDGE('',*,*,#14362,.T.);
#14362 = EDGE_CURVE('',#14354,#14363,#14365,.T.);
#14363 = VERTEX_POINT('',#14364);
#14364 = CARTESIAN_POINT('',(2.5,0.455,0.25));
#14365 = LINE('',#14366,#14367);
#14366 = CARTESIAN_POINT('',(2.5,0.455,0.425));
#14367 = VECTOR('',#14368,1.);
#14368 = DIRECTION('',(0.,0.,-1.));
#14369 = ORIENTED_EDGE('',*,*,#14370,.T.);
#14370 = EDGE_CURVE('',#14363,#14371,#14373,.T.);
#14371 = VERTEX_POINT('',#14372);
#14372 = CARTESIAN_POINT('',(2.75,0.455,1.110223024625E-16));
#14373 = CIRCLE('',#14374,0.25);
#14374 = AXIS2_PLACEMENT_3D('',#14375,#14376,#14377);
#14375 = CARTESIAN_POINT('',(2.75,0.455,0.25));
#14376 = DIRECTION('',(2.22044604925E-16,-1.,0.));
#14377 = DIRECTION('',(-1.,-2.22044604925E-16,-2.442490654175E-15));
#14378 = ORIENTED_EDGE('',*,*,#14379,.T.);
#14379 = EDGE_CURVE('',#14371,#14380,#14382,.T.);
#14380 = VERTEX_POINT('',#14381);
#14381 = CARTESIAN_POINT('',(3.2,0.455,1.110223024625E-16));
#14382 = LINE('',#14383,#14384);
#14383 = CARTESIAN_POINT('',(2.75,0.455,1.110223024625E-16));
#14384 = VECTOR('',#14385,1.);
#14385 = DIRECTION('',(1.,2.22044604925E-16,0.));
#14386 = ORIENTED_EDGE('',*,*,#14387,.T.);
#14387 = EDGE_CURVE('',#14380,#14388,#14390,.T.);
#14388 = VERTEX_POINT('',#14389);
#14389 = CARTESIAN_POINT('',(3.2,0.455,0.15));
#14390 = LINE('',#14391,#14392);
#14391 = CARTESIAN_POINT('',(3.2,0.455,1.110223024625E-16));
#14392 = VECTOR('',#14393,1.);
#14393 = DIRECTION('',(0.,0.,1.));
#14394 = ORIENTED_EDGE('',*,*,#14395,.T.);
#14395 = EDGE_CURVE('',#14388,#14396,#14398,.T.);
#14396 = VERTEX_POINT('',#14397);
#14397 = CARTESIAN_POINT('',(2.75,0.455,0.15));
#14398 = LINE('',#14399,#14400);
#14399 = CARTESIAN_POINT('',(3.2,0.455,0.15));
#14400 = VECTOR('',#14401,1.);
#14401 = DIRECTION('',(-1.,-2.22044604925E-16,0.));
#14402 = ORIENTED_EDGE('',*,*,#14403,.T.);
#14403 = EDGE_CURVE('',#14396,#14404,#14406,.T.);
#14404 = VERTEX_POINT('',#14405);
#14405 = CARTESIAN_POINT('',(2.65,0.455,0.25));
#14406 = CIRCLE('',#14407,0.1);
#14407 = AXIS2_PLACEMENT_3D('',#14408,#14409,#14410);
#14408 = CARTESIAN_POINT('',(2.75,0.455,0.25));
#14409 = DIRECTION('',(-2.22044604925E-16,1.,0.));
#14410 = DIRECTION('',(0.,0.,-1.));
#14411 = ORIENTED_EDGE('',*,*,#14412,.T.);
#14412 = EDGE_CURVE('',#14404,#14413,#14415,.T.);
#14413 = VERTEX_POINT('',#14414);
#14414 = CARTESIAN_POINT('',(2.65,0.455,0.425));
#14415 = LINE('',#14416,#14417);
#14416 = CARTESIAN_POINT('',(2.65,0.455,0.25));
#14417 = VECTOR('',#14418,1.);
#14418 = DIRECTION('',(0.,0.,1.));
#14419 = ORIENTED_EDGE('',*,*,#14420,.T.);
#14420 = EDGE_CURVE('',#14413,#14421,#14423,.T.);
#14421 = VERTEX_POINT('',#14422);
#14422 = CARTESIAN_POINT('',(2.4,0.455,0.675));
#14423 = CIRCLE('',#14424,0.25);
#14424 = AXIS2_PLACEMENT_3D('',#14425,#14426,#14427);
#14425 = CARTESIAN_POINT('',(2.4,0.455,0.425));
#14426 = DIRECTION('',(2.22044604925E-16,-1.,0.));
#14427 = DIRECTION('',(1.,2.22044604925E-16,2.22044604925E-15));
#14428 = ORIENTED_EDGE('',*,*,#14429,.T.);
#14429 = EDGE_CURVE('',#14421,#12641,#14430,.T.);
#14430 = LINE('',#14431,#14432);
#14431 = CARTESIAN_POINT('',(2.4,0.455,0.675));
#14432 = VECTOR('',#14433,1.);
#14433 = DIRECTION('',(-1.,-2.22044604925E-16,0.));
#14434 = PLANE('',#14435);
#14435 = AXIS2_PLACEMENT_3D('',#14436,#14437,#14438);
#14436 = CARTESIAN_POINT('',(2.632923288131,0.455,0.313172218985));
#14437 = DIRECTION('',(2.22044604925E-16,-1.,0.));
#14438 = DIRECTION('',(0.,0.,1.));
#14439 = ADVANCED_FACE('',(#14440),#14456,.T.);
#14440 = FACE_BOUND('',#14441,.T.);
#14441 = EDGE_LOOP('',(#14442,#14448,#14449,#14455));
#14442 = ORIENTED_EDGE('',*,*,#14443,.F.);
#14443 = EDGE_CURVE('',#12641,#12885,#14444,.T.);
#14444 = LINE('',#14445,#14446);
#14445 = CARTESIAN_POINT('',(2.4,0.455,0.675));
#14446 = VECTOR('',#14447,1.);
#14447 = DIRECTION('',(-1.,-2.22044604925E-16,0.));
#14448 = ORIENTED_EDGE('',*,*,#12657,.T.);
#14449 = ORIENTED_EDGE('',*,*,#14450,.T.);
#14450 = EDGE_CURVE('',#12650,#12893,#14451,.T.);
#14451 = LINE('',#14452,#14453);
#14452 = CARTESIAN_POINT('',(2.4,0.845,0.675));
#14453 = VECTOR('',#14454,1.);
#14454 = DIRECTION('',(-1.,-2.22044604925E-16,0.));
#14455 = ORIENTED_EDGE('',*,*,#12892,.F.);
#14456 = B_SPLINE_SURFACE_WITH_KNOTS('',1,1,(
    (#14457,#14458)
    ,(#14459,#14460
    )),.UNSPECIFIED.,.F.,.F.,.F.,(2,2),(2,2),(0.,5.),(0.,1.),
  .PIECEWISE_BEZIER_KNOTS.);
#14457 = CARTESIAN_POINT('',(2.2,-2.5,0.675));
#14458 = CARTESIAN_POINT('',(2.15,-2.45,0.675));
#14459 = CARTESIAN_POINT('',(2.2,2.5,0.675));
#14460 = CARTESIAN_POINT('',(2.15,2.45,0.675));
#14461 = ADVANCED_FACE('',(#14462),#14548,.F.);
#14462 = FACE_BOUND('',#14463,.F.);
#14463 = EDGE_LOOP('',(#14464,#14465,#14466,#14475,#14483,#14492,#14500,
    #14508,#14516,#14525,#14533,#14542));
#14464 = ORIENTED_EDGE('',*,*,#12733,.T.);
#14465 = ORIENTED_EDGE('',*,*,#12671,.T.);
#14466 = ORIENTED_EDGE('',*,*,#14467,.T.);
#14467 = EDGE_CURVE('',#12672,#14468,#14470,.T.);
#14468 = VERTEX_POINT('',#14469);
#14469 = CARTESIAN_POINT('',(2.5,-0.195,0.425));
#14470 = CIRCLE('',#14471,0.1);
#14471 = AXIS2_PLACEMENT_3D('',#14472,#14473,#14474);
#14472 = CARTESIAN_POINT('',(2.4,-0.195,0.425));
#14473 = DIRECTION('',(-2.22044604925E-16,1.,0.));
#14474 = DIRECTION('',(0.,0.,1.));
#14475 = ORIENTED_EDGE('',*,*,#14476,.T.);
#14476 = EDGE_CURVE('',#14468,#14477,#14479,.T.);
#14477 = VERTEX_POINT('',#14478);
#14478 = CARTESIAN_POINT('',(2.5,-0.195,0.25));
#14479 = LINE('',#14480,#14481);
#14480 = CARTESIAN_POINT('',(2.5,-0.195,0.425));
#14481 = VECTOR('',#14482,1.);
#14482 = DIRECTION('',(0.,0.,-1.));
#14483 = ORIENTED_EDGE('',*,*,#14484,.T.);
#14484 = EDGE_CURVE('',#14477,#14485,#14487,.T.);
#14485 = VERTEX_POINT('',#14486);
#14486 = CARTESIAN_POINT('',(2.75,-0.195,1.110223024625E-16));
#14487 = CIRCLE('',#14488,0.25);
#14488 = AXIS2_PLACEMENT_3D('',#14489,#14490,#14491);
#14489 = CARTESIAN_POINT('',(2.75,-0.195,0.25));
#14490 = DIRECTION('',(2.22044604925E-16,-1.,0.));
#14491 = DIRECTION('',(-1.,-2.22044604925E-16,-2.442490654175E-15));
#14492 = ORIENTED_EDGE('',*,*,#14493,.T.);
#14493 = EDGE_CURVE('',#14485,#14494,#14496,.T.);
#14494 = VERTEX_POINT('',#14495);
#14495 = CARTESIAN_POINT('',(3.2,-0.195,1.110223024625E-16));
#14496 = LINE('',#14497,#14498);
#14497 = CARTESIAN_POINT('',(2.75,-0.195,1.110223024625E-16));
#14498 = VECTOR('',#14499,1.);
#14499 = DIRECTION('',(1.,2.22044604925E-16,0.));
#14500 = ORIENTED_EDGE('',*,*,#14501,.T.);
#14501 = EDGE_CURVE('',#14494,#14502,#14504,.T.);
#14502 = VERTEX_POINT('',#14503);
#14503 = CARTESIAN_POINT('',(3.2,-0.195,0.15));
#14504 = LINE('',#14505,#14506);
#14505 = CARTESIAN_POINT('',(3.2,-0.195,1.110223024625E-16));
#14506 = VECTOR('',#14507,1.);
#14507 = DIRECTION('',(0.,0.,1.));
#14508 = ORIENTED_EDGE('',*,*,#14509,.T.);
#14509 = EDGE_CURVE('',#14502,#14510,#14512,.T.);
#14510 = VERTEX_POINT('',#14511);
#14511 = CARTESIAN_POINT('',(2.75,-0.195,0.15));
#14512 = LINE('',#14513,#14514);
#14513 = CARTESIAN_POINT('',(3.2,-0.195,0.15));
#14514 = VECTOR('',#14515,1.);
#14515 = DIRECTION('',(-1.,-2.22044604925E-16,0.));
#14516 = ORIENTED_EDGE('',*,*,#14517,.T.);
#14517 = EDGE_CURVE('',#14510,#14518,#14520,.T.);
#14518 = VERTEX_POINT('',#14519);
#14519 = CARTESIAN_POINT('',(2.65,-0.195,0.25));
#14520 = CIRCLE('',#14521,0.1);
#14521 = AXIS2_PLACEMENT_3D('',#14522,#14523,#14524);
#14522 = CARTESIAN_POINT('',(2.75,-0.195,0.25));
#14523 = DIRECTION('',(-2.22044604925E-16,1.,0.));
#14524 = DIRECTION('',(0.,0.,-1.));
#14525 = ORIENTED_EDGE('',*,*,#14526,.T.);
#14526 = EDGE_CURVE('',#14518,#14527,#14529,.T.);
#14527 = VERTEX_POINT('',#14528);
#14528 = CARTESIAN_POINT('',(2.65,-0.195,0.425));
#14529 = LINE('',#14530,#14531);
#14530 = CARTESIAN_POINT('',(2.65,-0.195,0.25));
#14531 = VECTOR('',#14532,1.);
#14532 = DIRECTION('',(0.,0.,1.));
#14533 = ORIENTED_EDGE('',*,*,#14534,.T.);
#14534 = EDGE_CURVE('',#14527,#14535,#14537,.T.);
#14535 = VERTEX_POINT('',#14536);
#14536 = CARTESIAN_POINT('',(2.4,-0.195,0.675));
#14537 = CIRCLE('',#14538,0.25);
#14538 = AXIS2_PLACEMENT_3D('',#14539,#14540,#14541);
#14539 = CARTESIAN_POINT('',(2.4,-0.195,0.425));
#14540 = DIRECTION('',(2.22044604925E-16,-1.,0.));
#14541 = DIRECTION('',(1.,2.22044604925E-16,2.22044604925E-15));
#14542 = ORIENTED_EDGE('',*,*,#14543,.T.);
#14543 = EDGE_CURVE('',#14535,#12734,#14544,.T.);
#14544 = LINE('',#14545,#14546);
#14545 = CARTESIAN_POINT('',(2.4,-0.195,0.675));
#14546 = VECTOR('',#14547,1.);
#14547 = DIRECTION('',(-1.,-2.22044604925E-16,0.));
#14548 = PLANE('',#14549);
#14549 = AXIS2_PLACEMENT_3D('',#14550,#14551,#14552);
#14550 = CARTESIAN_POINT('',(2.632923288131,-0.195,0.313172218985));
#14551 = DIRECTION('',(2.22044604925E-16,-1.,0.));
#14552 = DIRECTION('',(0.,0.,1.));
#14553 = ADVANCED_FACE('',(#14554),#14565,.F.);
#14554 = FACE_BOUND('',#14555,.F.);
#14555 = EDGE_LOOP('',(#14556,#14557,#14558,#14564));
#14556 = ORIENTED_EDGE('',*,*,#12688,.T.);
#14557 = ORIENTED_EDGE('',*,*,#14261,.T.);
#14558 = ORIENTED_EDGE('',*,*,#14559,.F.);
#14559 = EDGE_CURVE('',#14468,#14262,#14560,.T.);
#14560 = LINE('',#14561,#14562);
#14561 = CARTESIAN_POINT('',(2.5,-0.195,0.425));
#14562 = VECTOR('',#14563,1.);
#14563 = DIRECTION('',(2.22044604925E-16,-1.,0.));
#14564 = ORIENTED_EDGE('',*,*,#14467,.F.);
#14565 = CYLINDRICAL_SURFACE('',#14566,0.1);
#14566 = AXIS2_PLACEMENT_3D('',#14567,#14568,#14569);
#14567 = CARTESIAN_POINT('',(2.4,-0.195,0.425));
#14568 = DIRECTION('',(-2.22044604925E-16,1.,0.));
#14569 = DIRECTION('',(0.,0.,1.));
#14570 = ADVANCED_FACE('',(#14571),#14590,.F.);
#14571 = FACE_BOUND('',#14572,.F.);
#14572 = EDGE_LOOP('',(#14573,#14574,#14583,#14589));
#14573 = ORIENTED_EDGE('',*,*,#12719,.T.);
#14574 = ORIENTED_EDGE('',*,*,#14575,.T.);
#14575 = EDGE_CURVE('',#12712,#14576,#14578,.T.);
#14576 = VERTEX_POINT('',#14577);
#14577 = CARTESIAN_POINT('',(2.5,0.195,0.425));
#14578 = CIRCLE('',#14579,0.1);
#14579 = AXIS2_PLACEMENT_3D('',#14580,#14581,#14582);
#14580 = CARTESIAN_POINT('',(2.4,0.195,0.425));
#14581 = DIRECTION('',(-2.22044604925E-16,1.,0.));
#14582 = DIRECTION('',(0.,0.,1.));
#14583 = ORIENTED_EDGE('',*,*,#14584,.F.);
#14584 = EDGE_CURVE('',#14354,#14576,#14585,.T.);
#14585 = LINE('',#14586,#14587);
#14586 = CARTESIAN_POINT('',(2.5,0.455,0.425));
#14587 = VECTOR('',#14588,1.);
#14588 = DIRECTION('',(2.22044604925E-16,-1.,0.));
#14589 = ORIENTED_EDGE('',*,*,#14353,.F.);
#14590 = CYLINDRICAL_SURFACE('',#14591,0.1);
#14591 = AXIS2_PLACEMENT_3D('',#14592,#14593,#14594);
#14592 = CARTESIAN_POINT('',(2.4,0.455,0.425));
#14593 = DIRECTION('',(-2.22044604925E-16,1.,0.));
#14594 = DIRECTION('',(0.,0.,1.));
#14595 = ADVANCED_FACE('',(#14596),#14674,.T.);
#14596 = FACE_BOUND('',#14597,.T.);
#14597 = EDGE_LOOP('',(#14598,#14599,#14600,#14601,#14609,#14618,#14626,
    #14634,#14642,#14651,#14659,#14668));
#14598 = ORIENTED_EDGE('',*,*,#12742,.T.);
#14599 = ORIENTED_EDGE('',*,*,#12711,.T.);
#14600 = ORIENTED_EDGE('',*,*,#14575,.T.);
#14601 = ORIENTED_EDGE('',*,*,#14602,.T.);
#14602 = EDGE_CURVE('',#14576,#14603,#14605,.T.);
#14603 = VERTEX_POINT('',#14604);
#14604 = CARTESIAN_POINT('',(2.5,0.195,0.25));
#14605 = LINE('',#14606,#14607);
#14606 = CARTESIAN_POINT('',(2.5,0.195,0.425));
#14607 = VECTOR('',#14608,1.);
#14608 = DIRECTION('',(0.,0.,-1.));
#14609 = ORIENTED_EDGE('',*,*,#14610,.T.);
#14610 = EDGE_CURVE('',#14603,#14611,#14613,.T.);
#14611 = VERTEX_POINT('',#14612);
#14612 = CARTESIAN_POINT('',(2.75,0.195,1.110223024625E-16));
#14613 = CIRCLE('',#14614,0.25);
#14614 = AXIS2_PLACEMENT_3D('',#14615,#14616,#14617);
#14615 = CARTESIAN_POINT('',(2.75,0.195,0.25));
#14616 = DIRECTION('',(2.22044604925E-16,-1.,0.));
#14617 = DIRECTION('',(-1.,-2.22044604925E-16,-2.442490654175E-15));
#14618 = ORIENTED_EDGE('',*,*,#14619,.T.);
#14619 = EDGE_CURVE('',#14611,#14620,#14622,.T.);
#14620 = VERTEX_POINT('',#14621);
#14621 = CARTESIAN_POINT('',(3.2,0.195,1.110223024625E-16));
#14622 = LINE('',#14623,#14624);
#14623 = CARTESIAN_POINT('',(2.75,0.195,1.110223024625E-16));
#14624 = VECTOR('',#14625,1.);
#14625 = DIRECTION('',(1.,2.22044604925E-16,0.));
#14626 = ORIENTED_EDGE('',*,*,#14627,.T.);
#14627 = EDGE_CURVE('',#14620,#14628,#14630,.T.);
#14628 = VERTEX_POINT('',#14629);
#14629 = CARTESIAN_POINT('',(3.2,0.195,0.15));
#14630 = LINE('',#14631,#14632);
#14631 = CARTESIAN_POINT('',(3.2,0.195,1.110223024625E-16));
#14632 = VECTOR('',#14633,1.);
#14633 = DIRECTION('',(0.,0.,1.));
#14634 = ORIENTED_EDGE('',*,*,#14635,.T.);
#14635 = EDGE_CURVE('',#14628,#14636,#14638,.T.);
#14636 = VERTEX_POINT('',#14637);
#14637 = CARTESIAN_POINT('',(2.75,0.195,0.15));
#14638 = LINE('',#14639,#14640);
#14639 = CARTESIAN_POINT('',(3.2,0.195,0.15));
#14640 = VECTOR('',#14641,1.);
#14641 = DIRECTION('',(-1.,-2.22044604925E-16,0.));
#14642 = ORIENTED_EDGE('',*,*,#14643,.T.);
#14643 = EDGE_CURVE('',#14636,#14644,#14646,.T.);
#14644 = VERTEX_POINT('',#14645);
#14645 = CARTESIAN_POINT('',(2.65,0.195,0.25));
#14646 = CIRCLE('',#14647,0.1);
#14647 = AXIS2_PLACEMENT_3D('',#14648,#14649,#14650);
#14648 = CARTESIAN_POINT('',(2.75,0.195,0.25));
#14649 = DIRECTION('',(-2.22044604925E-16,1.,0.));
#14650 = DIRECTION('',(0.,0.,-1.));
#14651 = ORIENTED_EDGE('',*,*,#14652,.T.);
#14652 = EDGE_CURVE('',#14644,#14653,#14655,.T.);
#14653 = VERTEX_POINT('',#14654);
#14654 = CARTESIAN_POINT('',(2.65,0.195,0.425));
#14655 = LINE('',#14656,#14657);
#14656 = CARTESIAN_POINT('',(2.65,0.195,0.25));
#14657 = VECTOR('',#14658,1.);
#14658 = DIRECTION('',(0.,0.,1.));
#14659 = ORIENTED_EDGE('',*,*,#14660,.T.);
#14660 = EDGE_CURVE('',#14653,#14661,#14663,.T.);
#14661 = VERTEX_POINT('',#14662);
#14662 = CARTESIAN_POINT('',(2.4,0.195,0.675));
#14663 = CIRCLE('',#14664,0.25);
#14664 = AXIS2_PLACEMENT_3D('',#14665,#14666,#14667);
#14665 = CARTESIAN_POINT('',(2.4,0.195,0.425));
#14666 = DIRECTION('',(2.22044604925E-16,-1.,0.));
#14667 = DIRECTION('',(1.,2.22044604925E-16,2.22044604925E-15));
#14668 = ORIENTED_EDGE('',*,*,#14669,.T.);
#14669 = EDGE_CURVE('',#14661,#12743,#14670,.T.);
#14670 = LINE('',#14671,#14672);
#14671 = CARTESIAN_POINT('',(2.4,0.195,0.675));
#14672 = VECTOR('',#14673,1.);
#14673 = DIRECTION('',(-1.,-2.22044604925E-16,0.));
#14674 = PLANE('',#14675);
#14675 = AXIS2_PLACEMENT_3D('',#14676,#14677,#14678);
#14676 = CARTESIAN_POINT('',(2.632923288131,0.195,0.313172218985));
#14677 = DIRECTION('',(2.22044604925E-16,-1.,0.));
#14678 = DIRECTION('',(0.,0.,1.));
#14679 = ADVANCED_FACE('',(#14680),#14696,.T.);
#14680 = FACE_BOUND('',#14681,.T.);
#14681 = EDGE_LOOP('',(#14682,#14688,#14689,#14695));
#14682 = ORIENTED_EDGE('',*,*,#14683,.F.);
#14683 = EDGE_CURVE('',#12734,#12869,#14684,.T.);
#14684 = LINE('',#14685,#14686);
#14685 = CARTESIAN_POINT('',(2.4,-0.195,0.675));
#14686 = VECTOR('',#14687,1.);
#14687 = DIRECTION('',(-1.,-2.22044604925E-16,0.));
#14688 = ORIENTED_EDGE('',*,*,#12750,.T.);
#14689 = ORIENTED_EDGE('',*,*,#14690,.T.);
#14690 = EDGE_CURVE('',#12743,#12877,#14691,.T.);
#14691 = LINE('',#14692,#14693);
#14692 = CARTESIAN_POINT('',(2.4,0.195,0.675));
#14693 = VECTOR('',#14694,1.);
#14694 = DIRECTION('',(-1.,-2.22044604925E-16,0.));
#14695 = ORIENTED_EDGE('',*,*,#12876,.F.);
#14696 = B_SPLINE_SURFACE_WITH_KNOTS('',1,1,(
    (#14697,#14698)
    ,(#14699,#14700
    )),.UNSPECIFIED.,.F.,.F.,.F.,(2,2),(2,2),(0.,5.),(0.,1.),
  .PIECEWISE_BEZIER_KNOTS.);
#14697 = CARTESIAN_POINT('',(2.2,-2.5,0.675));
#14698 = CARTESIAN_POINT('',(2.15,-2.45,0.675));
#14699 = CARTESIAN_POINT('',(2.2,2.5,0.675));
#14700 = CARTESIAN_POINT('',(2.15,2.45,0.675));
#14701 = ADVANCED_FACE('',(#14702),#14719,.T.);
#14702 = FACE_BOUND('',#14703,.T.);
#14703 = EDGE_LOOP('',(#14704,#14705,#14712,#14718));
#14704 = ORIENTED_EDGE('',*,*,#12795,.T.);
#14705 = ORIENTED_EDGE('',*,*,#14706,.T.);
#14706 = EDGE_CURVE('',#12789,#14707,#14709,.T.);
#14707 = VERTEX_POINT('',#14708);
#14708 = CARTESIAN_POINT('',(-2.15,2.45,0.675));
#14709 = B_SPLINE_CURVE_WITH_KNOTS('',1,(#14710,#14711),.UNSPECIFIED.,
  .F.,.F.,(2,2),(0.,1.),.PIECEWISE_BEZIER_KNOTS.);
#14710 = CARTESIAN_POINT('',(-2.2,2.5,0.675));
#14711 = CARTESIAN_POINT('',(-2.15,2.45,0.675));
#14712 = ORIENTED_EDGE('',*,*,#14713,.F.);
#14713 = EDGE_CURVE('',#12767,#14707,#14714,.T.);
#14714 = LINE('',#14715,#14716);
#14715 = CARTESIAN_POINT('',(2.15,2.45,0.675));
#14716 = VECTOR('',#14717,1.);
#14717 = DIRECTION('',(-1.,-2.22044604925E-16,0.));
#14718 = ORIENTED_EDGE('',*,*,#12766,.F.);
#14719 = B_SPLINE_SURFACE_WITH_KNOTS('',1,1,(
    (#14720,#14721)
    ,(#14722,#14723
    )),.UNSPECIFIED.,.F.,.F.,.F.,(2,2),(2,2),(0.,4.4),(0.,1.),
  .PIECEWISE_BEZIER_KNOTS.);
#14720 = CARTESIAN_POINT('',(2.2,2.5,0.675));
#14721 = CARTESIAN_POINT('',(2.15,2.45,0.675));
#14722 = CARTESIAN_POINT('',(-2.2,2.5,0.675));
#14723 = CARTESIAN_POINT('',(-2.15,2.45,0.675));
#14724 = ADVANCED_FACE('',(#14725),#14743,.T.);
#14725 = FACE_BOUND('',#14726,.T.);
#14726 = EDGE_LOOP('',(#14727,#14728,#14729,#14737));
#14727 = ORIENTED_EDGE('',*,*,#12788,.F.);
#14728 = ORIENTED_EDGE('',*,*,#13199,.T.);
#14729 = ORIENTED_EDGE('',*,*,#14730,.F.);
#14730 = EDGE_CURVE('',#14731,#13192,#14733,.T.);
#14731 = VERTEX_POINT('',#14732);
#14732 = CARTESIAN_POINT('',(-2.2,2.405,0.675));
#14733 = LINE('',#14734,#14735);
#14734 = CARTESIAN_POINT('',(-2.2,2.405,0.494086109492));
#14735 = VECTOR('',#14736,1.);
#14736 = DIRECTION('',(-0.,0.,-1.));
#14737 = ORIENTED_EDGE('',*,*,#14738,.F.);
#14738 = EDGE_CURVE('',#12789,#14731,#14739,.T.);
#14739 = LINE('',#14740,#14741);
#14740 = CARTESIAN_POINT('',(-2.2,2.5,0.675));
#14741 = VECTOR('',#14742,1.);
#14742 = DIRECTION('',(2.22044604925E-16,-1.,0.));
#14743 = PLANE('',#14744);
#14744 = AXIS2_PLACEMENT_3D('',#14745,#14746,#14747);
#14745 = CARTESIAN_POINT('',(-2.2,2.5,0.675));
#14746 = DIRECTION('',(-1.,-2.22044604925E-16,0.));
#14747 = DIRECTION('',(2.22044604925E-16,-1.,0.));
#14748 = ADVANCED_FACE('',(#14749),#14773,.T.);
#14749 = FACE_BOUND('',#14750,.T.);
#14750 = EDGE_LOOP('',(#14751,#14759,#14760,#14768));
#14751 = ORIENTED_EDGE('',*,*,#14752,.T.);
#14752 = EDGE_CURVE('',#14753,#12811,#14755,.T.);
#14753 = VERTEX_POINT('',#14754);
#14754 = CARTESIAN_POINT('',(-2.15,-2.45,0.675));
#14755 = LINE('',#14756,#14757);
#14756 = CARTESIAN_POINT('',(-2.15,-2.45,0.675));
#14757 = VECTOR('',#14758,1.);
#14758 = DIRECTION('',(1.,2.22044604925E-16,0.));
#14759 = ORIENTED_EDGE('',*,*,#12947,.T.);
#14760 = ORIENTED_EDGE('',*,*,#14761,.F.);
#14761 = EDGE_CURVE('',#14762,#12940,#14764,.T.);
#14762 = VERTEX_POINT('',#14763);
#14763 = CARTESIAN_POINT('',(-2.075061033199,-2.375061033199,1.1));
#14764 = LINE('',#14765,#14766);
#14765 = CARTESIAN_POINT('',(-2.075061033199,-2.375061033199,1.1));
#14766 = VECTOR('',#14767,1.);
#14767 = DIRECTION('',(1.,2.22044604925E-16,0.));
#14768 = ORIENTED_EDGE('',*,*,#14769,.F.);
#14769 = EDGE_CURVE('',#14753,#14762,#14770,.T.);
#14770 = B_SPLINE_CURVE_WITH_KNOTS('',1,(#14771,#14772),.UNSPECIFIED.,
  .F.,.F.,(2,2),(0.,1.),.PIECEWISE_BEZIER_KNOTS.);
#14771 = CARTESIAN_POINT('',(-2.15,-2.45,0.675));
#14772 = CARTESIAN_POINT('',(-2.075061033199,-2.375061033199,1.1));
#14773 = B_SPLINE_SURFACE_WITH_KNOTS('',1,1,(
    (#14774,#14775)
    ,(#14776,#14777
    )),.UNSPECIFIED.,.F.,.F.,.F.,(2,2),(2,2),(0.,4.3),(0.,1.),
  .PIECEWISE_BEZIER_KNOTS.);
#14774 = CARTESIAN_POINT('',(-2.15,-2.45,0.675));
#14775 = CARTESIAN_POINT('',(-2.075061033199,-2.375061033199,1.1));
#14776 = CARTESIAN_POINT('',(2.15,-2.45,0.675));
#14777 = CARTESIAN_POINT('',(2.075061033199,-2.375061033199,1.1));
#14778 = ADVANCED_FACE('',(#14779),#14792,.F.);
#14779 = FACE_BOUND('',#14780,.F.);
#14780 = EDGE_LOOP('',(#14781,#14782,#14788,#14789,#14790,#14791));
#14781 = ORIENTED_EDGE('',*,*,#13428,.F.);
#14782 = ORIENTED_EDGE('',*,*,#14783,.T.);
#14783 = EDGE_CURVE('',#13420,#13328,#14784,.T.);
#14784 = LINE('',#14785,#14786);
#14785 = CARTESIAN_POINT('',(2.4,-2.145,0.675));
#14786 = VECTOR('',#14787,1.);
#14787 = DIRECTION('',(2.22044604925E-16,-1.,0.));
#14788 = ORIENTED_EDGE('',*,*,#13336,.T.);
#14789 = ORIENTED_EDGE('',*,*,#13243,.T.);
#14790 = ORIENTED_EDGE('',*,*,#12820,.T.);
#14791 = ORIENTED_EDGE('',*,*,#13459,.F.);
#14792 = PLANE('',#14793);
#14793 = AXIS2_PLACEMENT_3D('',#14794,#14795,#14796);
#14794 = CARTESIAN_POINT('',(2.4,-2.145,0.675));
#14795 = DIRECTION('',(0.,0.,-1.));
#14796 = DIRECTION('',(-1.,-2.22044604925E-16,-0.));
#14797 = ADVANCED_FACE('',(#14798,#14816),#14827,.F.);
#14798 = FACE_BOUND('',#14799,.F.);
#14799 = EDGE_LOOP('',(#14800,#14808,#14814,#14815));
#14800 = ORIENTED_EDGE('',*,*,#14801,.F.);
#14801 = EDGE_CURVE('',#14802,#14762,#14804,.T.);
#14802 = VERTEX_POINT('',#14803);
#14803 = CARTESIAN_POINT('',(-2.075061033199,2.375061033199,1.1));
#14804 = LINE('',#14805,#14806);
#14805 = CARTESIAN_POINT('',(-2.075061033199,2.375061033199,1.1));
#14806 = VECTOR('',#14807,1.);
#14807 = DIRECTION('',(2.22044604925E-16,-1.,0.));
#14808 = ORIENTED_EDGE('',*,*,#14809,.F.);
#14809 = EDGE_CURVE('',#12933,#14802,#14810,.T.);
#14810 = LINE('',#14811,#14812);
#14811 = CARTESIAN_POINT('',(2.075061033199,2.375061033199,1.1));
#14812 = VECTOR('',#14813,1.);
#14813 = DIRECTION('',(-1.,-2.22044604925E-16,0.));
#14814 = ORIENTED_EDGE('',*,*,#12939,.F.);
#14815 = ORIENTED_EDGE('',*,*,#14761,.F.);
#14816 = FACE_BOUND('',#14817,.F.);
#14817 = EDGE_LOOP('',(#14818));
#14818 = ORIENTED_EDGE('',*,*,#14819,.T.);
#14819 = EDGE_CURVE('',#14820,#14820,#14822,.T.);
#14820 = VERTEX_POINT('',#14821);
#14821 = CARTESIAN_POINT('',(-1.375061033199,1.425061033199,1.1));
#14822 = CIRCLE('',#14823,0.25);
#14823 = AXIS2_PLACEMENT_3D('',#14824,#14825,#14826);
#14824 = CARTESIAN_POINT('',(-1.375061033199,1.675061033199,1.1));
#14825 = DIRECTION('',(-0.,0.,1.));
#14826 = DIRECTION('',(2.22044604925E-16,-1.,0.));
#14827 = PLANE('',#14828);
#14828 = AXIS2_PLACEMENT_3D('',#14829,#14830,#14831);
#14829 = CARTESIAN_POINT('',(-2.075061033199,2.375061033199,1.1));
#14830 = DIRECTION('',(0.,0.,-1.));
#14831 = DIRECTION('',(0.657944605619,-0.753066329042,0.));
#14832 = ADVANCED_FACE('',(#14833),#14843,.T.);
#14833 = FACE_BOUND('',#14834,.T.);
#14834 = EDGE_LOOP('',(#14835,#14836,#14841,#14842));
#14835 = ORIENTED_EDGE('',*,*,#14713,.T.);
#14836 = ORIENTED_EDGE('',*,*,#14837,.T.);
#14837 = EDGE_CURVE('',#14707,#14802,#14838,.T.);
#14838 = B_SPLINE_CURVE_WITH_KNOTS('',1,(#14839,#14840),.UNSPECIFIED.,
  .F.,.F.,(2,2),(0.,1.),.PIECEWISE_BEZIER_KNOTS.);
#14839 = CARTESIAN_POINT('',(-2.15,2.45,0.675));
#14840 = CARTESIAN_POINT('',(-2.075061033199,2.375061033199,1.1));
#14841 = ORIENTED_EDGE('',*,*,#14809,.F.);
#14842 = ORIENTED_EDGE('',*,*,#12932,.F.);
#14843 = B_SPLINE_SURFACE_WITH_KNOTS('',1,1,(
    (#14844,#14845)
    ,(#14846,#14847
    )),.UNSPECIFIED.,.F.,.F.,.F.,(2,2),(2,2),(0.,4.3),(0.,1.),
  .PIECEWISE_BEZIER_KNOTS.);
#14844 = CARTESIAN_POINT('',(2.15,2.45,0.675));
#14845 = CARTESIAN_POINT('',(2.075061033199,2.375061033199,1.1));
#14846 = CARTESIAN_POINT('',(-2.15,2.45,0.675));
#14847 = CARTESIAN_POINT('',(-2.075061033199,2.375061033199,1.1));
#14848 = ADVANCED_FACE('',(#14849),#14862,.F.);
#14849 = FACE_BOUND('',#14850,.F.);
#14850 = EDGE_LOOP('',(#14851,#14852,#14858,#14859,#14860,#14861));
#14851 = ORIENTED_EDGE('',*,*,#13651,.F.);
#14852 = ORIENTED_EDGE('',*,*,#14853,.T.);
#14853 = EDGE_CURVE('',#13643,#13551,#14854,.T.);
#14854 = LINE('',#14855,#14856);
#14855 = CARTESIAN_POINT('',(2.4,-1.495,0.675));
#14856 = VECTOR('',#14857,1.);
#14857 = DIRECTION('',(2.22044604925E-16,-1.,0.));
#14858 = ORIENTED_EDGE('',*,*,#13559,.T.);
#14859 = ORIENTED_EDGE('',*,*,#13466,.T.);
#14860 = ORIENTED_EDGE('',*,*,#12836,.T.);
#14861 = ORIENTED_EDGE('',*,*,#13791,.F.);
#14862 = PLANE('',#14863);
#14863 = AXIS2_PLACEMENT_3D('',#14864,#14865,#14866);
#14864 = CARTESIAN_POINT('',(2.4,-1.495,0.675));
#14865 = DIRECTION('',(0.,0.,-1.));
#14866 = DIRECTION('',(-1.,-2.22044604925E-16,-0.));
#14867 = ADVANCED_FACE('',(#14868),#14881,.F.);
#14868 = FACE_BOUND('',#14869,.F.);
#14869 = EDGE_LOOP('',(#14870,#14871,#14877,#14878,#14879,#14880));
#14870 = ORIENTED_EDGE('',*,*,#14097,.F.);
#14871 = ORIENTED_EDGE('',*,*,#14872,.T.);
#14872 = EDGE_CURVE('',#14089,#13883,#14873,.T.);
#14873 = LINE('',#14874,#14875);
#14874 = CARTESIAN_POINT('',(2.4,-0.845,0.675));
#14875 = VECTOR('',#14876,1.);
#14876 = DIRECTION('',(2.22044604925E-16,-1.,0.));
#14877 = ORIENTED_EDGE('',*,*,#13891,.T.);
#14878 = ORIENTED_EDGE('',*,*,#13798,.T.);
#14879 = ORIENTED_EDGE('',*,*,#12852,.T.);
#14880 = ORIENTED_EDGE('',*,*,#14237,.F.);
#14881 = PLANE('',#14882);
#14882 = AXIS2_PLACEMENT_3D('',#14883,#14884,#14885);
#14883 = CARTESIAN_POINT('',(2.4,-0.845,0.675));
#14884 = DIRECTION('',(0.,0.,-1.));
#14885 = DIRECTION('',(-1.,-2.22044604925E-16,-0.));
#14886 = ADVANCED_FACE('',(#14887),#14900,.F.);
#14887 = FACE_BOUND('',#14888,.F.);
#14888 = EDGE_LOOP('',(#14889,#14890,#14896,#14897,#14898,#14899));
#14889 = ORIENTED_EDGE('',*,*,#13055,.F.);
#14890 = ORIENTED_EDGE('',*,*,#14891,.T.);
#14891 = EDGE_CURVE('',#13047,#13769,#14892,.T.);
#14892 = LINE('',#14893,#14894);
#14893 = CARTESIAN_POINT('',(2.4,1.755,0.675));
#14894 = VECTOR('',#14895,1.);
#14895 = DIRECTION('',(2.22044604925E-16,-1.,0.));
#14896 = ORIENTED_EDGE('',*,*,#13777,.T.);
#14897 = ORIENTED_EDGE('',*,*,#14004,.T.);
#14898 = ORIENTED_EDGE('',*,*,#12916,.T.);
#14899 = ORIENTED_EDGE('',*,*,#12960,.F.);
#14900 = PLANE('',#14901);
#14901 = AXIS2_PLACEMENT_3D('',#14902,#14903,#14904);
#14902 = CARTESIAN_POINT('',(2.4,1.755,0.675));
#14903 = DIRECTION('',(0.,0.,-1.));
#14904 = DIRECTION('',(-1.,-2.22044604925E-16,-0.));
#14905 = ADVANCED_FACE('',(#14906),#14919,.F.);
#14906 = FACE_BOUND('',#14907,.F.);
#14907 = EDGE_LOOP('',(#14908,#14909,#14915,#14916,#14917,#14918));
#14908 = ORIENTED_EDGE('',*,*,#14543,.F.);
#14909 = ORIENTED_EDGE('',*,*,#14910,.T.);
#14910 = EDGE_CURVE('',#14535,#14329,#14911,.T.);
#14911 = LINE('',#14912,#14913);
#14912 = CARTESIAN_POINT('',(2.4,-0.195,0.675));
#14913 = VECTOR('',#14914,1.);
#14914 = DIRECTION('',(2.22044604925E-16,-1.,0.));
#14915 = ORIENTED_EDGE('',*,*,#14337,.T.);
#14916 = ORIENTED_EDGE('',*,*,#14244,.T.);
#14917 = ORIENTED_EDGE('',*,*,#12868,.T.);
#14918 = ORIENTED_EDGE('',*,*,#14683,.F.);
#14919 = PLANE('',#14920);
#14920 = AXIS2_PLACEMENT_3D('',#14921,#14922,#14923);
#14921 = CARTESIAN_POINT('',(2.4,-0.195,0.675));
#14922 = DIRECTION('',(0.,0.,-1.));
#14923 = DIRECTION('',(-1.,-2.22044604925E-16,-0.));
#14924 = ADVANCED_FACE('',(#14925),#14938,.F.);
#14925 = FACE_BOUND('',#14926,.F.);
#14926 = EDGE_LOOP('',(#14927,#14928,#14934,#14935,#14936,#14937));
#14927 = ORIENTED_EDGE('',*,*,#13983,.F.);
#14928 = ORIENTED_EDGE('',*,*,#14929,.T.);
#14929 = EDGE_CURVE('',#13975,#14215,#14930,.T.);
#14930 = LINE('',#14931,#14932);
#14931 = CARTESIAN_POINT('',(2.4,1.105,0.675));
#14932 = VECTOR('',#14933,1.);
#14933 = DIRECTION('',(2.22044604925E-16,-1.,0.));
#14934 = ORIENTED_EDGE('',*,*,#14223,.T.);
#14935 = ORIENTED_EDGE('',*,*,#14450,.T.);
#14936 = ORIENTED_EDGE('',*,*,#12900,.T.);
#14937 = ORIENTED_EDGE('',*,*,#13997,.F.);
#14938 = PLANE('',#14939);
#14939 = AXIS2_PLACEMENT_3D('',#14940,#14941,#14942);
#14940 = CARTESIAN_POINT('',(2.4,1.105,0.675));
#14941 = DIRECTION('',(0.,0.,-1.));
#14942 = DIRECTION('',(-1.,-2.22044604925E-16,-0.));
#14943 = ADVANCED_FACE('',(#14944),#14957,.F.);
#14944 = FACE_BOUND('',#14945,.F.);
#14945 = EDGE_LOOP('',(#14946,#14947,#14953,#14954,#14955,#14956));
#14946 = ORIENTED_EDGE('',*,*,#14429,.F.);
#14947 = ORIENTED_EDGE('',*,*,#14948,.T.);
#14948 = EDGE_CURVE('',#14421,#14661,#14949,.T.);
#14949 = LINE('',#14950,#14951);
#14950 = CARTESIAN_POINT('',(2.4,0.455,0.675));
#14951 = VECTOR('',#14952,1.);
#14952 = DIRECTION('',(2.22044604925E-16,-1.,0.));
#14953 = ORIENTED_EDGE('',*,*,#14669,.T.);
#14954 = ORIENTED_EDGE('',*,*,#14690,.T.);
#14955 = ORIENTED_EDGE('',*,*,#12884,.T.);
#14956 = ORIENTED_EDGE('',*,*,#14443,.F.);
#14957 = PLANE('',#14958);
#14958 = AXIS2_PLACEMENT_3D('',#14959,#14960,#14961);
#14959 = CARTESIAN_POINT('',(2.4,0.455,0.675));
#14960 = DIRECTION('',(0.,0.,-1.));
#14961 = DIRECTION('',(-1.,-2.22044604925E-16,-0.));
#14962 = ADVANCED_FACE('',(#14963),#14974,.T.);
#14963 = FACE_BOUND('',#14964,.T.);
#14964 = EDGE_LOOP('',(#14965,#14966,#14967,#14968));
#14965 = ORIENTED_EDGE('',*,*,#13046,.T.);
#14966 = ORIENTED_EDGE('',*,*,#14891,.T.);
#14967 = ORIENTED_EDGE('',*,*,#13768,.F.);
#14968 = ORIENTED_EDGE('',*,*,#14969,.F.);
#14969 = EDGE_CURVE('',#13039,#13761,#14970,.T.);
#14970 = LINE('',#14971,#14972);
#14971 = CARTESIAN_POINT('',(2.65,1.755,0.425));
#14972 = VECTOR('',#14973,1.);
#14973 = DIRECTION('',(2.22044604925E-16,-1.,0.));
#14974 = CYLINDRICAL_SURFACE('',#14975,0.25);
#14975 = AXIS2_PLACEMENT_3D('',#14976,#14977,#14978);
#14976 = CARTESIAN_POINT('',(2.4,1.755,0.425));
#14977 = DIRECTION('',(-2.22044604925E-16,1.,-0.));
#14978 = DIRECTION('',(1.,2.22044604925E-16,2.22044604925E-15));
#14979 = ADVANCED_FACE('',(#14980),#14991,.F.);
#14980 = FACE_BOUND('',#14981,.F.);
#14981 = EDGE_LOOP('',(#14982,#14988,#14989,#14990));
#14982 = ORIENTED_EDGE('',*,*,#14983,.T.);
#14983 = EDGE_CURVE('',#13030,#13752,#14984,.T.);
#14984 = LINE('',#14985,#14986);
#14985 = CARTESIAN_POINT('',(2.65,1.755,0.25));
#14986 = VECTOR('',#14987,1.);
#14987 = DIRECTION('',(2.22044604925E-16,-1.,0.));
#14988 = ORIENTED_EDGE('',*,*,#13760,.T.);
#14989 = ORIENTED_EDGE('',*,*,#14969,.F.);
#14990 = ORIENTED_EDGE('',*,*,#13038,.F.);
#14991 = PLANE('',#14992);
#14992 = AXIS2_PLACEMENT_3D('',#14993,#14994,#14995);
#14993 = CARTESIAN_POINT('',(2.65,1.755,0.25));
#14994 = DIRECTION('',(-1.,-2.22044604925E-16,0.));
#14995 = DIRECTION('',(0.,0.,1.));
#14996 = ADVANCED_FACE('',(#14997),#15008,.F.);
#14997 = FACE_BOUND('',#14998,.F.);
#14998 = EDGE_LOOP('',(#14999,#15005,#15006,#15007));
#14999 = ORIENTED_EDGE('',*,*,#15000,.T.);
#15000 = EDGE_CURVE('',#13022,#13744,#15001,.T.);
#15001 = LINE('',#15002,#15003);
#15002 = CARTESIAN_POINT('',(2.75,1.755,0.15));
#15003 = VECTOR('',#15004,1.);
#15004 = DIRECTION('',(2.22044604925E-16,-1.,0.));
#15005 = ORIENTED_EDGE('',*,*,#13751,.T.);
#15006 = ORIENTED_EDGE('',*,*,#14983,.F.);
#15007 = ORIENTED_EDGE('',*,*,#13029,.F.);
#15008 = CYLINDRICAL_SURFACE('',#15009,0.1);
#15009 = AXIS2_PLACEMENT_3D('',#15010,#15011,#15012);
#15010 = CARTESIAN_POINT('',(2.75,1.755,0.25));
#15011 = DIRECTION('',(-2.22044604925E-16,1.,0.));
#15012 = DIRECTION('',(0.,0.,-1.));
#15013 = ADVANCED_FACE('',(#15014),#15025,.F.);
#15014 = FACE_BOUND('',#15015,.F.);
#15015 = EDGE_LOOP('',(#15016,#15022,#15023,#15024));
#15016 = ORIENTED_EDGE('',*,*,#15017,.T.);
#15017 = EDGE_CURVE('',#13014,#13736,#15018,.T.);
#15018 = LINE('',#15019,#15020);
#15019 = CARTESIAN_POINT('',(3.2,1.755,0.15));
#15020 = VECTOR('',#15021,1.);
#15021 = DIRECTION('',(2.22044604925E-16,-1.,0.));
#15022 = ORIENTED_EDGE('',*,*,#13743,.T.);
#15023 = ORIENTED_EDGE('',*,*,#15000,.F.);
#15024 = ORIENTED_EDGE('',*,*,#13021,.F.);
#15025 = PLANE('',#15026);
#15026 = AXIS2_PLACEMENT_3D('',#15027,#15028,#15029);
#15027 = CARTESIAN_POINT('',(3.2,1.755,0.15));
#15028 = DIRECTION('',(0.,0.,-1.));
#15029 = DIRECTION('',(-1.,-2.22044604925E-16,-0.));
#15030 = ADVANCED_FACE('',(#15031),#15042,.F.);
#15031 = FACE_BOUND('',#15032,.F.);
#15032 = EDGE_LOOP('',(#15033,#15039,#15040,#15041));
#15033 = ORIENTED_EDGE('',*,*,#15034,.T.);
#15034 = EDGE_CURVE('',#13006,#13728,#15035,.T.);
#15035 = LINE('',#15036,#15037);
#15036 = CARTESIAN_POINT('',(3.2,1.755,1.110223024625E-16));
#15037 = VECTOR('',#15038,1.);
#15038 = DIRECTION('',(2.22044604925E-16,-1.,0.));
#15039 = ORIENTED_EDGE('',*,*,#13735,.T.);
#15040 = ORIENTED_EDGE('',*,*,#15017,.F.);
#15041 = ORIENTED_EDGE('',*,*,#13013,.F.);
#15042 = PLANE('',#15043);
#15043 = AXIS2_PLACEMENT_3D('',#15044,#15045,#15046);
#15044 = CARTESIAN_POINT('',(3.2,1.755,1.110223024625E-16));
#15045 = DIRECTION('',(-1.,-2.22044604925E-16,0.));
#15046 = DIRECTION('',(0.,0.,1.));
#15047 = ADVANCED_FACE('',(#15048),#15059,.F.);
#15048 = FACE_BOUND('',#15049,.F.);
#15049 = EDGE_LOOP('',(#15050,#15056,#15057,#15058));
#15050 = ORIENTED_EDGE('',*,*,#15051,.T.);
#15051 = EDGE_CURVE('',#12997,#13719,#15052,.T.);
#15052 = LINE('',#15053,#15054);
#15053 = CARTESIAN_POINT('',(2.75,1.755,1.110223024625E-16));
#15054 = VECTOR('',#15055,1.);
#15055 = DIRECTION('',(2.22044604925E-16,-1.,0.));
#15056 = ORIENTED_EDGE('',*,*,#13727,.T.);
#15057 = ORIENTED_EDGE('',*,*,#15034,.F.);
#15058 = ORIENTED_EDGE('',*,*,#13005,.F.);
#15059 = PLANE('',#15060);
#15060 = AXIS2_PLACEMENT_3D('',#15061,#15062,#15063);
#15061 = CARTESIAN_POINT('',(2.75,1.755,1.110223024625E-16));
#15062 = DIRECTION('',(0.,0.,1.));
#15063 = DIRECTION('',(1.,2.22044604925E-16,-0.));
#15064 = ADVANCED_FACE('',(#15065),#15076,.T.);
#15065 = FACE_BOUND('',#15066,.T.);
#15066 = EDGE_LOOP('',(#15067,#15068,#15069,#15070));
#15067 = ORIENTED_EDGE('',*,*,#12996,.T.);
#15068 = ORIENTED_EDGE('',*,*,#15051,.T.);
#15069 = ORIENTED_EDGE('',*,*,#13718,.F.);
#15070 = ORIENTED_EDGE('',*,*,#15071,.F.);
#15071 = EDGE_CURVE('',#12989,#13711,#15072,.T.);
#15072 = LINE('',#15073,#15074);
#15073 = CARTESIAN_POINT('',(2.5,1.755,0.25));
#15074 = VECTOR('',#15075,1.);
#15075 = DIRECTION('',(2.22044604925E-16,-1.,0.));
#15076 = CYLINDRICAL_SURFACE('',#15077,0.25);
#15077 = AXIS2_PLACEMENT_3D('',#15078,#15079,#15080);
#15078 = CARTESIAN_POINT('',(2.75,1.755,0.25));
#15079 = DIRECTION('',(-2.22044604925E-16,1.,-0.));
#15080 = DIRECTION('',(-1.,-2.22044604925E-16,-2.442490654175E-15));
#15081 = ADVANCED_FACE('',(#15082),#15088,.F.);
#15082 = FACE_BOUND('',#15083,.F.);
#15083 = EDGE_LOOP('',(#15084,#15085,#15086,#15087));
#15084 = ORIENTED_EDGE('',*,*,#13692,.T.);
#15085 = ORIENTED_EDGE('',*,*,#13710,.T.);
#15086 = ORIENTED_EDGE('',*,*,#15071,.F.);
#15087 = ORIENTED_EDGE('',*,*,#12988,.F.);
#15088 = PLANE('',#15089);
#15089 = AXIS2_PLACEMENT_3D('',#15090,#15091,#15092);
#15090 = CARTESIAN_POINT('',(2.5,1.755,0.425));
#15091 = DIRECTION('',(1.,2.22044604925E-16,0.));
#15092 = DIRECTION('',(0.,0.,-1.));
#15093 = ADVANCED_FACE('',(#15094),#15112,.T.);
#15094 = FACE_BOUND('',#15095,.T.);
#15095 = EDGE_LOOP('',(#15096,#15104,#15105,#15106));
#15096 = ORIENTED_EDGE('',*,*,#15097,.T.);
#15097 = EDGE_CURVE('',#15098,#13072,#15100,.T.);
#15098 = VERTEX_POINT('',#15099);
#15099 = CARTESIAN_POINT('',(-2.2,-2.405,0.675));
#15100 = LINE('',#15101,#15102);
#15101 = CARTESIAN_POINT('',(-2.2,-2.405,0.494086109492));
#15102 = VECTOR('',#15103,1.);
#15103 = DIRECTION('',(-0.,0.,-1.));
#15104 = ORIENTED_EDGE('',*,*,#13071,.T.);
#15105 = ORIENTED_EDGE('',*,*,#13224,.T.);
#15106 = ORIENTED_EDGE('',*,*,#15107,.F.);
#15107 = EDGE_CURVE('',#15098,#13217,#15108,.T.);
#15108 = LINE('',#15109,#15110);
#15109 = CARTESIAN_POINT('',(-2.2,2.5,0.675));
#15110 = VECTOR('',#15111,1.);
#15111 = DIRECTION('',(2.22044604925E-16,-1.,0.));
#15112 = PLANE('',#15113);
#15113 = AXIS2_PLACEMENT_3D('',#15114,#15115,#15116);
#15114 = CARTESIAN_POINT('',(-2.2,2.5,0.675));
#15115 = DIRECTION('',(-1.,-2.22044604925E-16,0.));
#15116 = DIRECTION('',(2.22044604925E-16,-1.,0.));
#15117 = ADVANCED_FACE('',(#15118),#15143,.F.);
#15118 = FACE_BOUND('',#15119,.F.);
#15119 = EDGE_LOOP('',(#15120,#15128,#15129,#15137));
#15120 = ORIENTED_EDGE('',*,*,#15121,.F.);
#15121 = EDGE_CURVE('',#13184,#15122,#15124,.T.);
#15122 = VERTEX_POINT('',#15123);
#15123 = CARTESIAN_POINT('',(-2.4,2.145,0.525));
#15124 = LINE('',#15125,#15126);
#15125 = CARTESIAN_POINT('',(-2.1,2.145,0.525));
#15126 = VECTOR('',#15127,1.);
#15127 = DIRECTION('',(-1.,-9.95799250103E-17,0.));
#15128 = ORIENTED_EDGE('',*,*,#13191,.F.);
#15129 = ORIENTED_EDGE('',*,*,#15130,.T.);
#15130 = EDGE_CURVE('',#13192,#15131,#15133,.T.);
#15131 = VERTEX_POINT('',#15132);
#15132 = CARTESIAN_POINT('',(-2.4,2.405,0.525));
#15133 = LINE('',#15134,#15135);
#15134 = CARTESIAN_POINT('',(-2.1,2.405,0.525));
#15135 = VECTOR('',#15136,1.);
#15136 = DIRECTION('',(-1.,-9.95799250103E-17,0.));
#15137 = ORIENTED_EDGE('',*,*,#15138,.F.);
#15138 = EDGE_CURVE('',#15122,#15131,#15139,.T.);
#15139 = LINE('',#15140,#15141);
#15140 = CARTESIAN_POINT('',(-2.4,2.145,0.525));
#15141 = VECTOR('',#15142,1.);
#15142 = DIRECTION('',(-9.95799250103E-17,1.,0.));
#15143 = PLANE('',#15144);
#15144 = AXIS2_PLACEMENT_3D('',#15145,#15146,#15147);
#15145 = CARTESIAN_POINT('',(-2.1,2.145,0.525));
#15146 = DIRECTION('',(0.,0.,1.));
#15147 = DIRECTION('',(-1.,-9.95799250103E-17,0.));
#15148 = ADVANCED_FACE('',(#15149),#15174,.F.);
#15149 = FACE_BOUND('',#15150,.F.);
#15150 = EDGE_LOOP('',(#15151,#15159,#15160,#15168));
#15151 = ORIENTED_EDGE('',*,*,#15152,.F.);
#15152 = EDGE_CURVE('',#13072,#15153,#15155,.T.);
#15153 = VERTEX_POINT('',#15154);
#15154 = CARTESIAN_POINT('',(-2.4,-2.405,0.525));
#15155 = LINE('',#15156,#15157);
#15156 = CARTESIAN_POINT('',(-2.1,-2.405,0.525));
#15157 = VECTOR('',#15158,1.);
#15158 = DIRECTION('',(-1.,-9.95799250103E-17,0.));
#15159 = ORIENTED_EDGE('',*,*,#13079,.F.);
#15160 = ORIENTED_EDGE('',*,*,#15161,.T.);
#15161 = EDGE_CURVE('',#13080,#15162,#15164,.T.);
#15162 = VERTEX_POINT('',#15163);
#15163 = CARTESIAN_POINT('',(-2.4,-2.145,0.525));
#15164 = LINE('',#15165,#15166);
#15165 = CARTESIAN_POINT('',(-2.1,-2.145,0.525));
#15166 = VECTOR('',#15167,1.);
#15167 = DIRECTION('',(-1.,-9.95799250103E-17,0.));
#15168 = ORIENTED_EDGE('',*,*,#15169,.F.);
#15169 = EDGE_CURVE('',#15153,#15162,#15170,.T.);
#15170 = LINE('',#15171,#15172);
#15171 = CARTESIAN_POINT('',(-2.4,-2.405,0.525));
#15172 = VECTOR('',#15173,1.);
#15173 = DIRECTION('',(-9.95799250103E-17,1.,0.));
#15174 = PLANE('',#15175);
#15175 = AXIS2_PLACEMENT_3D('',#15176,#15177,#15178);
#15176 = CARTESIAN_POINT('',(-2.1,-2.405,0.525));
#15177 = DIRECTION('',(0.,0.,1.));
#15178 = DIRECTION('',(-1.,-9.95799250103E-17,0.));
#15179 = ADVANCED_FACE('',(#15180),#15205,.T.);
#15180 = FACE_BOUND('',#15181,.T.);
#15181 = EDGE_LOOP('',(#15182,#15190,#15191,#15199));
#15182 = ORIENTED_EDGE('',*,*,#15183,.T.);
#15183 = EDGE_CURVE('',#15184,#13184,#15186,.T.);
#15184 = VERTEX_POINT('',#15185);
#15185 = CARTESIAN_POINT('',(-2.2,2.145,0.675));
#15186 = LINE('',#15187,#15188);
#15187 = CARTESIAN_POINT('',(-2.2,2.145,0.494086109492));
#15188 = VECTOR('',#15189,1.);
#15189 = DIRECTION('',(-0.,0.,-1.));
#15190 = ORIENTED_EDGE('',*,*,#13183,.T.);
#15191 = ORIENTED_EDGE('',*,*,#15192,.F.);
#15192 = EDGE_CURVE('',#15193,#13176,#15195,.T.);
#15193 = VERTEX_POINT('',#15194);
#15194 = CARTESIAN_POINT('',(-2.2,1.755,0.675));
#15195 = LINE('',#15196,#15197);
#15196 = CARTESIAN_POINT('',(-2.2,1.755,0.494086109492));
#15197 = VECTOR('',#15198,1.);
#15198 = DIRECTION('',(-0.,0.,-1.));
#15199 = ORIENTED_EDGE('',*,*,#15200,.F.);
#15200 = EDGE_CURVE('',#15184,#15193,#15201,.T.);
#15201 = LINE('',#15202,#15203);
#15202 = CARTESIAN_POINT('',(-2.2,2.5,0.675));
#15203 = VECTOR('',#15204,1.);
#15204 = DIRECTION('',(2.22044604925E-16,-1.,0.));
#15205 = PLANE('',#15206);
#15206 = AXIS2_PLACEMENT_3D('',#15207,#15208,#15209);
#15207 = CARTESIAN_POINT('',(-2.2,2.5,0.675));
#15208 = DIRECTION('',(-1.,-2.22044604925E-16,0.));
#15209 = DIRECTION('',(2.22044604925E-16,-1.,0.));
#15210 = ADVANCED_FACE('',(#15211),#15236,.T.);
#15211 = FACE_BOUND('',#15212,.T.);
#15212 = EDGE_LOOP('',(#15213,#15221,#15222,#15230));
#15213 = ORIENTED_EDGE('',*,*,#15214,.T.);
#15214 = EDGE_CURVE('',#15215,#13088,#15217,.T.);
#15215 = VERTEX_POINT('',#15216);
#15216 = CARTESIAN_POINT('',(-2.2,-1.755,0.675));
#15217 = LINE('',#15218,#15219);
#15218 = CARTESIAN_POINT('',(-2.2,-1.755,0.494086109492));
#15219 = VECTOR('',#15220,1.);
#15220 = DIRECTION('',(-0.,0.,-1.));
#15221 = ORIENTED_EDGE('',*,*,#13087,.T.);
#15222 = ORIENTED_EDGE('',*,*,#15223,.F.);
#15223 = EDGE_CURVE('',#15224,#13080,#15226,.T.);
#15224 = VERTEX_POINT('',#15225);
#15225 = CARTESIAN_POINT('',(-2.2,-2.145,0.675));
#15226 = LINE('',#15227,#15228);
#15227 = CARTESIAN_POINT('',(-2.2,-2.145,0.494086109492));
#15228 = VECTOR('',#15229,1.);
#15229 = DIRECTION('',(-0.,0.,-1.));
#15230 = ORIENTED_EDGE('',*,*,#15231,.F.);
#15231 = EDGE_CURVE('',#15215,#15224,#15232,.T.);
#15232 = LINE('',#15233,#15234);
#15233 = CARTESIAN_POINT('',(-2.2,2.5,0.675));
#15234 = VECTOR('',#15235,1.);
#15235 = DIRECTION('',(2.22044604925E-16,-1.,0.));
#15236 = PLANE('',#15237);
#15237 = AXIS2_PLACEMENT_3D('',#15238,#15239,#15240);
#15238 = CARTESIAN_POINT('',(-2.2,2.5,0.675));
#15239 = DIRECTION('',(-1.,-2.22044604925E-16,0.));
#15240 = DIRECTION('',(2.22044604925E-16,-1.,0.));
#15241 = ADVANCED_FACE('',(#15242),#15267,.F.);
#15242 = FACE_BOUND('',#15243,.F.);
#15243 = EDGE_LOOP('',(#15244,#15252,#15253,#15261));
#15244 = ORIENTED_EDGE('',*,*,#15245,.F.);
#15245 = EDGE_CURVE('',#13168,#15246,#15248,.T.);
#15246 = VERTEX_POINT('',#15247);
#15247 = CARTESIAN_POINT('',(-2.4,1.495,0.525));
#15248 = LINE('',#15249,#15250);
#15249 = CARTESIAN_POINT('',(-2.1,1.495,0.525));
#15250 = VECTOR('',#15251,1.);
#15251 = DIRECTION('',(-1.,-9.95799250103E-17,0.));
#15252 = ORIENTED_EDGE('',*,*,#13175,.F.);
#15253 = ORIENTED_EDGE('',*,*,#15254,.T.);
#15254 = EDGE_CURVE('',#13176,#15255,#15257,.T.);
#15255 = VERTEX_POINT('',#15256);
#15256 = CARTESIAN_POINT('',(-2.4,1.755,0.525));
#15257 = LINE('',#15258,#15259);
#15258 = CARTESIAN_POINT('',(-2.1,1.755,0.525));
#15259 = VECTOR('',#15260,1.);
#15260 = DIRECTION('',(-1.,-9.95799250103E-17,0.));
#15261 = ORIENTED_EDGE('',*,*,#15262,.F.);
#15262 = EDGE_CURVE('',#15246,#15255,#15263,.T.);
#15263 = LINE('',#15264,#15265);
#15264 = CARTESIAN_POINT('',(-2.4,1.495,0.525));
#15265 = VECTOR('',#15266,1.);
#15266 = DIRECTION('',(-9.95799250103E-17,1.,0.));
#15267 = PLANE('',#15268);
#15268 = AXIS2_PLACEMENT_3D('',#15269,#15270,#15271);
#15269 = CARTESIAN_POINT('',(-2.1,1.495,0.525));
#15270 = DIRECTION('',(0.,0.,1.));
#15271 = DIRECTION('',(-1.,-9.95799250103E-17,0.));
#15272 = ADVANCED_FACE('',(#15273),#15298,.F.);
#15273 = FACE_BOUND('',#15274,.F.);
#15274 = EDGE_LOOP('',(#15275,#15283,#15284,#15292));
#15275 = ORIENTED_EDGE('',*,*,#15276,.F.);
#15276 = EDGE_CURVE('',#13088,#15277,#15279,.T.);
#15277 = VERTEX_POINT('',#15278);
#15278 = CARTESIAN_POINT('',(-2.4,-1.755,0.525));
#15279 = LINE('',#15280,#15281);
#15280 = CARTESIAN_POINT('',(-2.1,-1.755,0.525));
#15281 = VECTOR('',#15282,1.);
#15282 = DIRECTION('',(-1.,-9.95799250103E-17,0.));
#15283 = ORIENTED_EDGE('',*,*,#13095,.F.);
#15284 = ORIENTED_EDGE('',*,*,#15285,.T.);
#15285 = EDGE_CURVE('',#13096,#15286,#15288,.T.);
#15286 = VERTEX_POINT('',#15287);
#15287 = CARTESIAN_POINT('',(-2.4,-1.495,0.525));
#15288 = LINE('',#15289,#15290);
#15289 = CARTESIAN_POINT('',(-2.1,-1.495,0.525));
#15290 = VECTOR('',#15291,1.);
#15291 = DIRECTION('',(-1.,-9.95799250103E-17,0.));
#15292 = ORIENTED_EDGE('',*,*,#15293,.F.);
#15293 = EDGE_CURVE('',#15277,#15286,#15294,.T.);
#15294 = LINE('',#15295,#15296);
#15295 = CARTESIAN_POINT('',(-2.4,-1.755,0.525));
#15296 = VECTOR('',#15297,1.);
#15297 = DIRECTION('',(-9.95799250103E-17,1.,0.));
#15298 = PLANE('',#15299);
#15299 = AXIS2_PLACEMENT_3D('',#15300,#15301,#15302);
#15300 = CARTESIAN_POINT('',(-2.1,-1.755,0.525));
#15301 = DIRECTION('',(0.,0.,1.));
#15302 = DIRECTION('',(-1.,-9.95799250103E-17,0.));
#15303 = ADVANCED_FACE('',(#15304),#15329,.T.);
#15304 = FACE_BOUND('',#15305,.T.);
#15305 = EDGE_LOOP('',(#15306,#15314,#15315,#15323));
#15306 = ORIENTED_EDGE('',*,*,#15307,.T.);
#15307 = EDGE_CURVE('',#15308,#13168,#15310,.T.);
#15308 = VERTEX_POINT('',#15309);
#15309 = CARTESIAN_POINT('',(-2.2,1.495,0.675));
#15310 = LINE('',#15311,#15312);
#15311 = CARTESIAN_POINT('',(-2.2,1.495,0.494086109492));
#15312 = VECTOR('',#15313,1.);
#15313 = DIRECTION('',(-0.,0.,-1.));
#15314 = ORIENTED_EDGE('',*,*,#13167,.T.);
#15315 = ORIENTED_EDGE('',*,*,#15316,.F.);
#15316 = EDGE_CURVE('',#15317,#13160,#15319,.T.);
#15317 = VERTEX_POINT('',#15318);
#15318 = CARTESIAN_POINT('',(-2.2,1.105,0.675));
#15319 = LINE('',#15320,#15321);
#15320 = CARTESIAN_POINT('',(-2.2,1.105,0.494086109492));
#15321 = VECTOR('',#15322,1.);
#15322 = DIRECTION('',(-0.,0.,-1.));
#15323 = ORIENTED_EDGE('',*,*,#15324,.F.);
#15324 = EDGE_CURVE('',#15308,#15317,#15325,.T.);
#15325 = LINE('',#15326,#15327);
#15326 = CARTESIAN_POINT('',(-2.2,2.5,0.675));
#15327 = VECTOR('',#15328,1.);
#15328 = DIRECTION('',(2.22044604925E-16,-1.,0.));
#15329 = PLANE('',#15330);
#15330 = AXIS2_PLACEMENT_3D('',#15331,#15332,#15333);
#15331 = CARTESIAN_POINT('',(-2.2,2.5,0.675));
#15332 = DIRECTION('',(-1.,-2.22044604925E-16,0.));
#15333 = DIRECTION('',(2.22044604925E-16,-1.,0.));
#15334 = ADVANCED_FACE('',(#15335),#15360,.T.);
#15335 = FACE_BOUND('',#15336,.T.);
#15336 = EDGE_LOOP('',(#15337,#15345,#15346,#15354));
#15337 = ORIENTED_EDGE('',*,*,#15338,.T.);
#15338 = EDGE_CURVE('',#15339,#13104,#15341,.T.);
#15339 = VERTEX_POINT('',#15340);
#15340 = CARTESIAN_POINT('',(-2.2,-1.105,0.675));
#15341 = LINE('',#15342,#15343);
#15342 = CARTESIAN_POINT('',(-2.2,-1.105,0.494086109492));
#15343 = VECTOR('',#15344,1.);
#15344 = DIRECTION('',(-0.,0.,-1.));
#15345 = ORIENTED_EDGE('',*,*,#13103,.T.);
#15346 = ORIENTED_EDGE('',*,*,#15347,.F.);
#15347 = EDGE_CURVE('',#15348,#13096,#15350,.T.);
#15348 = VERTEX_POINT('',#15349);
#15349 = CARTESIAN_POINT('',(-2.2,-1.495,0.675));
#15350 = LINE('',#15351,#15352);
#15351 = CARTESIAN_POINT('',(-2.2,-1.495,0.494086109492));
#15352 = VECTOR('',#15353,1.);
#15353 = DIRECTION('',(-0.,0.,-1.));
#15354 = ORIENTED_EDGE('',*,*,#15355,.F.);
#15355 = EDGE_CURVE('',#15339,#15348,#15356,.T.);
#15356 = LINE('',#15357,#15358);
#15357 = CARTESIAN_POINT('',(-2.2,2.5,0.675));
#15358 = VECTOR('',#15359,1.);
#15359 = DIRECTION('',(2.22044604925E-16,-1.,0.));
#15360 = PLANE('',#15361);
#15361 = AXIS2_PLACEMENT_3D('',#15362,#15363,#15364);
#15362 = CARTESIAN_POINT('',(-2.2,2.5,0.675));
#15363 = DIRECTION('',(-1.,-2.22044604925E-16,0.));
#15364 = DIRECTION('',(2.22044604925E-16,-1.,0.));
#15365 = ADVANCED_FACE('',(#15366),#15391,.F.);
#15366 = FACE_BOUND('',#15367,.F.);
#15367 = EDGE_LOOP('',(#15368,#15376,#15377,#15385));
#15368 = ORIENTED_EDGE('',*,*,#15369,.F.);
#15369 = EDGE_CURVE('',#13152,#15370,#15372,.T.);
#15370 = VERTEX_POINT('',#15371);
#15371 = CARTESIAN_POINT('',(-2.4,0.845,0.525));
#15372 = LINE('',#15373,#15374);
#15373 = CARTESIAN_POINT('',(-2.1,0.845,0.525));
#15374 = VECTOR('',#15375,1.);
#15375 = DIRECTION('',(-1.,-9.95799250103E-17,0.));
#15376 = ORIENTED_EDGE('',*,*,#13159,.F.);
#15377 = ORIENTED_EDGE('',*,*,#15378,.T.);
#15378 = EDGE_CURVE('',#13160,#15379,#15381,.T.);
#15379 = VERTEX_POINT('',#15380);
#15380 = CARTESIAN_POINT('',(-2.4,1.105,0.525));
#15381 = LINE('',#15382,#15383);
#15382 = CARTESIAN_POINT('',(-2.1,1.105,0.525));
#15383 = VECTOR('',#15384,1.);
#15384 = DIRECTION('',(-1.,-9.95799250103E-17,0.));
#15385 = ORIENTED_EDGE('',*,*,#15386,.F.);
#15386 = EDGE_CURVE('',#15370,#15379,#15387,.T.);
#15387 = LINE('',#15388,#15389);
#15388 = CARTESIAN_POINT('',(-2.4,0.845,0.525));
#15389 = VECTOR('',#15390,1.);
#15390 = DIRECTION('',(-9.95799250103E-17,1.,0.));
#15391 = PLANE('',#15392);
#15392 = AXIS2_PLACEMENT_3D('',#15393,#15394,#15395);
#15393 = CARTESIAN_POINT('',(-2.1,0.845,0.525));
#15394 = DIRECTION('',(0.,0.,1.));
#15395 = DIRECTION('',(-1.,-9.95799250103E-17,0.));
#15396 = ADVANCED_FACE('',(#15397),#15422,.F.);
#15397 = FACE_BOUND('',#15398,.F.);
#15398 = EDGE_LOOP('',(#15399,#15407,#15408,#15416));
#15399 = ORIENTED_EDGE('',*,*,#15400,.F.);
#15400 = EDGE_CURVE('',#13104,#15401,#15403,.T.);
#15401 = VERTEX_POINT('',#15402);
#15402 = CARTESIAN_POINT('',(-2.4,-1.105,0.525));
#15403 = LINE('',#15404,#15405);
#15404 = CARTESIAN_POINT('',(-2.1,-1.105,0.525));
#15405 = VECTOR('',#15406,1.);
#15406 = DIRECTION('',(-1.,-9.95799250103E-17,0.));
#15407 = ORIENTED_EDGE('',*,*,#13111,.F.);
#15408 = ORIENTED_EDGE('',*,*,#15409,.T.);
#15409 = EDGE_CURVE('',#13112,#15410,#15412,.T.);
#15410 = VERTEX_POINT('',#15411);
#15411 = CARTESIAN_POINT('',(-2.4,-0.845,0.525));
#15412 = LINE('',#15413,#15414);
#15413 = CARTESIAN_POINT('',(-2.1,-0.845,0.525));
#15414 = VECTOR('',#15415,1.);
#15415 = DIRECTION('',(-1.,-9.95799250103E-17,0.));
#15416 = ORIENTED_EDGE('',*,*,#15417,.F.);
#15417 = EDGE_CURVE('',#15401,#15410,#15418,.T.);
#15418 = LINE('',#15419,#15420);
#15419 = CARTESIAN_POINT('',(-2.4,-1.105,0.525));
#15420 = VECTOR('',#15421,1.);
#15421 = DIRECTION('',(-9.95799250103E-17,1.,0.));
#15422 = PLANE('',#15423);
#15423 = AXIS2_PLACEMENT_3D('',#15424,#15425,#15426);
#15424 = CARTESIAN_POINT('',(-2.1,-1.105,0.525));
#15425 = DIRECTION('',(0.,0.,1.));
#15426 = DIRECTION('',(-1.,-9.95799250103E-17,0.));
#15427 = ADVANCED_FACE('',(#15428),#15453,.T.);
#15428 = FACE_BOUND('',#15429,.T.);
#15429 = EDGE_LOOP('',(#15430,#15438,#15439,#15447));
#15430 = ORIENTED_EDGE('',*,*,#15431,.T.);
#15431 = EDGE_CURVE('',#15432,#13152,#15434,.T.);
#15432 = VERTEX_POINT('',#15433);
#15433 = CARTESIAN_POINT('',(-2.2,0.845,0.675));
#15434 = LINE('',#15435,#15436);
#15435 = CARTESIAN_POINT('',(-2.2,0.845,0.494086109492));
#15436 = VECTOR('',#15437,1.);
#15437 = DIRECTION('',(-0.,0.,-1.));
#15438 = ORIENTED_EDGE('',*,*,#13151,.T.);
#15439 = ORIENTED_EDGE('',*,*,#15440,.F.);
#15440 = EDGE_CURVE('',#15441,#13144,#15443,.T.);
#15441 = VERTEX_POINT('',#15442);
#15442 = CARTESIAN_POINT('',(-2.2,0.455,0.675));
#15443 = LINE('',#15444,#15445);
#15444 = CARTESIAN_POINT('',(-2.2,0.455,0.494086109492));
#15445 = VECTOR('',#15446,1.);
#15446 = DIRECTION('',(-0.,0.,-1.));
#15447 = ORIENTED_EDGE('',*,*,#15448,.F.);
#15448 = EDGE_CURVE('',#15432,#15441,#15449,.T.);
#15449 = LINE('',#15450,#15451);
#15450 = CARTESIAN_POINT('',(-2.2,2.5,0.675));
#15451 = VECTOR('',#15452,1.);
#15452 = DIRECTION('',(2.22044604925E-16,-1.,0.));
#15453 = PLANE('',#15454);
#15454 = AXIS2_PLACEMENT_3D('',#15455,#15456,#15457);
#15455 = CARTESIAN_POINT('',(-2.2,2.5,0.675));
#15456 = DIRECTION('',(-1.,-2.22044604925E-16,0.));
#15457 = DIRECTION('',(2.22044604925E-16,-1.,0.));
#15458 = ADVANCED_FACE('',(#15459),#15484,.T.);
#15459 = FACE_BOUND('',#15460,.T.);
#15460 = EDGE_LOOP('',(#15461,#15469,#15470,#15478));
#15461 = ORIENTED_EDGE('',*,*,#15462,.T.);
#15462 = EDGE_CURVE('',#15463,#13120,#15465,.T.);
#15463 = VERTEX_POINT('',#15464);
#15464 = CARTESIAN_POINT('',(-2.2,-0.455,0.675));
#15465 = LINE('',#15466,#15467);
#15466 = CARTESIAN_POINT('',(-2.2,-0.455,0.494086109492));
#15467 = VECTOR('',#15468,1.);
#15468 = DIRECTION('',(-0.,0.,-1.));
#15469 = ORIENTED_EDGE('',*,*,#13119,.T.);
#15470 = ORIENTED_EDGE('',*,*,#15471,.F.);
#15471 = EDGE_CURVE('',#15472,#13112,#15474,.T.);
#15472 = VERTEX_POINT('',#15473);
#15473 = CARTESIAN_POINT('',(-2.2,-0.845,0.675));
#15474 = LINE('',#15475,#15476);
#15475 = CARTESIAN_POINT('',(-2.2,-0.845,0.494086109492));
#15476 = VECTOR('',#15477,1.);
#15477 = DIRECTION('',(-0.,0.,-1.));
#15478 = ORIENTED_EDGE('',*,*,#15479,.F.);
#15479 = EDGE_CURVE('',#15463,#15472,#15480,.T.);
#15480 = LINE('',#15481,#15482);
#15481 = CARTESIAN_POINT('',(-2.2,2.5,0.675));
#15482 = VECTOR('',#15483,1.);
#15483 = DIRECTION('',(2.22044604925E-16,-1.,0.));
#15484 = PLANE('',#15485);
#15485 = AXIS2_PLACEMENT_3D('',#15486,#15487,#15488);
#15486 = CARTESIAN_POINT('',(-2.2,2.5,0.675));
#15487 = DIRECTION('',(-1.,-2.22044604925E-16,0.));
#15488 = DIRECTION('',(2.22044604925E-16,-1.,0.));
#15489 = ADVANCED_FACE('',(#15490),#15515,.F.);
#15490 = FACE_BOUND('',#15491,.F.);
#15491 = EDGE_LOOP('',(#15492,#15500,#15501,#15509));
#15492 = ORIENTED_EDGE('',*,*,#15493,.F.);
#15493 = EDGE_CURVE('',#13136,#15494,#15496,.T.);
#15494 = VERTEX_POINT('',#15495);
#15495 = CARTESIAN_POINT('',(-2.4,0.195,0.525));
#15496 = LINE('',#15497,#15498);
#15497 = CARTESIAN_POINT('',(-2.1,0.195,0.525));
#15498 = VECTOR('',#15499,1.);
#15499 = DIRECTION('',(-1.,-9.95799250103E-17,0.));
#15500 = ORIENTED_EDGE('',*,*,#13143,.F.);
#15501 = ORIENTED_EDGE('',*,*,#15502,.T.);
#15502 = EDGE_CURVE('',#13144,#15503,#15505,.T.);
#15503 = VERTEX_POINT('',#15504);
#15504 = CARTESIAN_POINT('',(-2.4,0.455,0.525));
#15505 = LINE('',#15506,#15507);
#15506 = CARTESIAN_POINT('',(-2.1,0.455,0.525));
#15507 = VECTOR('',#15508,1.);
#15508 = DIRECTION('',(-1.,-9.95799250103E-17,0.));
#15509 = ORIENTED_EDGE('',*,*,#15510,.F.);
#15510 = EDGE_CURVE('',#15494,#15503,#15511,.T.);
#15511 = LINE('',#15512,#15513);
#15512 = CARTESIAN_POINT('',(-2.4,0.195,0.525));
#15513 = VECTOR('',#15514,1.);
#15514 = DIRECTION('',(-9.95799250103E-17,1.,0.));
#15515 = PLANE('',#15516);
#15516 = AXIS2_PLACEMENT_3D('',#15517,#15518,#15519);
#15517 = CARTESIAN_POINT('',(-2.1,0.195,0.525));
#15518 = DIRECTION('',(0.,0.,1.));
#15519 = DIRECTION('',(-1.,-9.95799250103E-17,0.));
#15520 = ADVANCED_FACE('',(#15521),#15546,.F.);
#15521 = FACE_BOUND('',#15522,.F.);
#15522 = EDGE_LOOP('',(#15523,#15531,#15532,#15540));
#15523 = ORIENTED_EDGE('',*,*,#15524,.F.);
#15524 = EDGE_CURVE('',#13120,#15525,#15527,.T.);
#15525 = VERTEX_POINT('',#15526);
#15526 = CARTESIAN_POINT('',(-2.4,-0.455,0.525));
#15527 = LINE('',#15528,#15529);
#15528 = CARTESIAN_POINT('',(-2.1,-0.455,0.525));
#15529 = VECTOR('',#15530,1.);
#15530 = DIRECTION('',(-1.,-9.95799250103E-17,0.));
#15531 = ORIENTED_EDGE('',*,*,#13127,.F.);
#15532 = ORIENTED_EDGE('',*,*,#15533,.T.);
#15533 = EDGE_CURVE('',#13128,#15534,#15536,.T.);
#15534 = VERTEX_POINT('',#15535);
#15535 = CARTESIAN_POINT('',(-2.4,-0.195,0.525));
#15536 = LINE('',#15537,#15538);
#15537 = CARTESIAN_POINT('',(-2.1,-0.195,0.525));
#15538 = VECTOR('',#15539,1.);
#15539 = DIRECTION('',(-1.,-9.95799250103E-17,0.));
#15540 = ORIENTED_EDGE('',*,*,#15541,.F.);
#15541 = EDGE_CURVE('',#15525,#15534,#15542,.T.);
#15542 = LINE('',#15543,#15544);
#15543 = CARTESIAN_POINT('',(-2.4,-0.455,0.525));
#15544 = VECTOR('',#15545,1.);
#15545 = DIRECTION('',(-9.95799250103E-17,1.,0.));
#15546 = PLANE('',#15547);
#15547 = AXIS2_PLACEMENT_3D('',#15548,#15549,#15550);
#15548 = CARTESIAN_POINT('',(-2.1,-0.455,0.525));
#15549 = DIRECTION('',(0.,0.,1.));
#15550 = DIRECTION('',(-1.,-9.95799250103E-17,0.));
#15551 = ADVANCED_FACE('',(#15552),#15577,.T.);
#15552 = FACE_BOUND('',#15553,.T.);
#15553 = EDGE_LOOP('',(#15554,#15562,#15563,#15571));
#15554 = ORIENTED_EDGE('',*,*,#15555,.T.);
#15555 = EDGE_CURVE('',#15556,#13136,#15558,.T.);
#15556 = VERTEX_POINT('',#15557);
#15557 = CARTESIAN_POINT('',(-2.2,0.195,0.675));
#15558 = LINE('',#15559,#15560);
#15559 = CARTESIAN_POINT('',(-2.2,0.195,0.494086109492));
#15560 = VECTOR('',#15561,1.);
#15561 = DIRECTION('',(-0.,0.,-1.));
#15562 = ORIENTED_EDGE('',*,*,#13135,.T.);
#15563 = ORIENTED_EDGE('',*,*,#15564,.F.);
#15564 = EDGE_CURVE('',#15565,#13128,#15567,.T.);
#15565 = VERTEX_POINT('',#15566);
#15566 = CARTESIAN_POINT('',(-2.2,-0.195,0.675));
#15567 = LINE('',#15568,#15569);
#15568 = CARTESIAN_POINT('',(-2.2,-0.195,0.494086109492));
#15569 = VECTOR('',#15570,1.);
#15570 = DIRECTION('',(-0.,0.,-1.));
#15571 = ORIENTED_EDGE('',*,*,#15572,.F.);
#15572 = EDGE_CURVE('',#15556,#15565,#15573,.T.);
#15573 = LINE('',#15574,#15575);
#15574 = CARTESIAN_POINT('',(-2.2,2.5,0.675));
#15575 = VECTOR('',#15576,1.);
#15576 = DIRECTION('',(2.22044604925E-16,-1.,0.));
#15577 = PLANE('',#15578);
#15578 = AXIS2_PLACEMENT_3D('',#15579,#15580,#15581);
#15579 = CARTESIAN_POINT('',(-2.2,2.5,0.675));
#15580 = DIRECTION('',(-1.,-2.22044604925E-16,0.));
#15581 = DIRECTION('',(2.22044604925E-16,-1.,0.));
#15582 = ADVANCED_FACE('',(#15583),#15593,.T.);
#15583 = FACE_BOUND('',#15584,.T.);
#15584 = EDGE_LOOP('',(#15585,#15586,#15587,#15588));
#15585 = ORIENTED_EDGE('',*,*,#13216,.T.);
#15586 = ORIENTED_EDGE('',*,*,#13237,.T.);
#15587 = ORIENTED_EDGE('',*,*,#14752,.F.);
#15588 = ORIENTED_EDGE('',*,*,#15589,.F.);
#15589 = EDGE_CURVE('',#13217,#14753,#15590,.T.);
#15590 = B_SPLINE_CURVE_WITH_KNOTS('',1,(#15591,#15592),.UNSPECIFIED.,
  .F.,.F.,(2,2),(0.,1.),.PIECEWISE_BEZIER_KNOTS.);
#15591 = CARTESIAN_POINT('',(-2.2,-2.5,0.675));
#15592 = CARTESIAN_POINT('',(-2.15,-2.45,0.675));
#15593 = B_SPLINE_SURFACE_WITH_KNOTS('',1,1,(
    (#15594,#15595)
    ,(#15596,#15597
    )),.UNSPECIFIED.,.F.,.F.,.F.,(2,2),(2,2),(0.,4.4),(0.,1.),
  .PIECEWISE_BEZIER_KNOTS.);
#15594 = CARTESIAN_POINT('',(-2.2,-2.5,0.675));
#15595 = CARTESIAN_POINT('',(-2.15,-2.45,0.675));
#15596 = CARTESIAN_POINT('',(2.2,-2.5,0.675));
#15597 = CARTESIAN_POINT('',(2.15,-2.45,0.675));
#15598 = ADVANCED_FACE('',(#15599),#15610,.T.);
#15599 = FACE_BOUND('',#15600,.T.);
#15600 = EDGE_LOOP('',(#15601,#15602,#15603,#15604));
#15601 = ORIENTED_EDGE('',*,*,#13419,.T.);
#15602 = ORIENTED_EDGE('',*,*,#14783,.T.);
#15603 = ORIENTED_EDGE('',*,*,#13327,.F.);
#15604 = ORIENTED_EDGE('',*,*,#15605,.F.);
#15605 = EDGE_CURVE('',#13412,#13320,#15606,.T.);
#15606 = LINE('',#15607,#15608);
#15607 = CARTESIAN_POINT('',(2.65,-2.145,0.425));
#15608 = VECTOR('',#15609,1.);
#15609 = DIRECTION('',(2.22044604925E-16,-1.,0.));
#15610 = CYLINDRICAL_SURFACE('',#15611,0.25);
#15611 = AXIS2_PLACEMENT_3D('',#15612,#15613,#15614);
#15612 = CARTESIAN_POINT('',(2.4,-2.145,0.425));
#15613 = DIRECTION('',(-2.22044604925E-16,1.,-0.));
#15614 = DIRECTION('',(1.,2.22044604925E-16,2.22044604925E-15));
#15615 = ADVANCED_FACE('',(#15616),#15627,.F.);
#15616 = FACE_BOUND('',#15617,.F.);
#15617 = EDGE_LOOP('',(#15618,#15624,#15625,#15626));
#15618 = ORIENTED_EDGE('',*,*,#15619,.T.);
#15619 = EDGE_CURVE('',#13403,#13311,#15620,.T.);
#15620 = LINE('',#15621,#15622);
#15621 = CARTESIAN_POINT('',(2.65,-2.145,0.25));
#15622 = VECTOR('',#15623,1.);
#15623 = DIRECTION('',(2.22044604925E-16,-1.,0.));
#15624 = ORIENTED_EDGE('',*,*,#13319,.T.);
#15625 = ORIENTED_EDGE('',*,*,#15605,.F.);
#15626 = ORIENTED_EDGE('',*,*,#13411,.F.);
#15627 = PLANE('',#15628);
#15628 = AXIS2_PLACEMENT_3D('',#15629,#15630,#15631);
#15629 = CARTESIAN_POINT('',(2.65,-2.145,0.25));
#15630 = DIRECTION('',(-1.,-2.22044604925E-16,0.));
#15631 = DIRECTION('',(0.,0.,1.));
#15632 = ADVANCED_FACE('',(#15633),#15644,.F.);
#15633 = FACE_BOUND('',#15634,.F.);
#15634 = EDGE_LOOP('',(#15635,#15641,#15642,#15643));
#15635 = ORIENTED_EDGE('',*,*,#15636,.T.);
#15636 = EDGE_CURVE('',#13395,#13303,#15637,.T.);
#15637 = LINE('',#15638,#15639);
#15638 = CARTESIAN_POINT('',(2.75,-2.145,0.15));
#15639 = VECTOR('',#15640,1.);
#15640 = DIRECTION('',(2.22044604925E-16,-1.,0.));
#15641 = ORIENTED_EDGE('',*,*,#13310,.T.);
#15642 = ORIENTED_EDGE('',*,*,#15619,.F.);
#15643 = ORIENTED_EDGE('',*,*,#13402,.F.);
#15644 = CYLINDRICAL_SURFACE('',#15645,0.1);
#15645 = AXIS2_PLACEMENT_3D('',#15646,#15647,#15648);
#15646 = CARTESIAN_POINT('',(2.75,-2.145,0.25));
#15647 = DIRECTION('',(-2.22044604925E-16,1.,0.));
#15648 = DIRECTION('',(0.,0.,-1.));
#15649 = ADVANCED_FACE('',(#15650),#15661,.F.);
#15650 = FACE_BOUND('',#15651,.F.);
#15651 = EDGE_LOOP('',(#15652,#15658,#15659,#15660));
#15652 = ORIENTED_EDGE('',*,*,#15653,.T.);
#15653 = EDGE_CURVE('',#13387,#13295,#15654,.T.);
#15654 = LINE('',#15655,#15656);
#15655 = CARTESIAN_POINT('',(3.2,-2.145,0.15));
#15656 = VECTOR('',#15657,1.);
#15657 = DIRECTION('',(2.22044604925E-16,-1.,0.));
#15658 = ORIENTED_EDGE('',*,*,#13302,.T.);
#15659 = ORIENTED_EDGE('',*,*,#15636,.F.);
#15660 = ORIENTED_EDGE('',*,*,#13394,.F.);
#15661 = PLANE('',#15662);
#15662 = AXIS2_PLACEMENT_3D('',#15663,#15664,#15665);
#15663 = CARTESIAN_POINT('',(3.2,-2.145,0.15));
#15664 = DIRECTION('',(0.,0.,-1.));
#15665 = DIRECTION('',(-1.,-2.22044604925E-16,-0.));
#15666 = ADVANCED_FACE('',(#15667),#15678,.F.);
#15667 = FACE_BOUND('',#15668,.F.);
#15668 = EDGE_LOOP('',(#15669,#15675,#15676,#15677));
#15669 = ORIENTED_EDGE('',*,*,#15670,.T.);
#15670 = EDGE_CURVE('',#13379,#13287,#15671,.T.);
#15671 = LINE('',#15672,#15673);
#15672 = CARTESIAN_POINT('',(3.2,-2.145,1.110223024625E-16));
#15673 = VECTOR('',#15674,1.);
#15674 = DIRECTION('',(2.22044604925E-16,-1.,0.));
#15675 = ORIENTED_EDGE('',*,*,#13294,.T.);
#15676 = ORIENTED_EDGE('',*,*,#15653,.F.);
#15677 = ORIENTED_EDGE('',*,*,#13386,.F.);
#15678 = PLANE('',#15679);
#15679 = AXIS2_PLACEMENT_3D('',#15680,#15681,#15682);
#15680 = CARTESIAN_POINT('',(3.2,-2.145,1.110223024625E-16));
#15681 = DIRECTION('',(-1.,-2.22044604925E-16,0.));
#15682 = DIRECTION('',(0.,0.,1.));
#15683 = ADVANCED_FACE('',(#15684),#15695,.F.);
#15684 = FACE_BOUND('',#15685,.F.);
#15685 = EDGE_LOOP('',(#15686,#15692,#15693,#15694));
#15686 = ORIENTED_EDGE('',*,*,#15687,.T.);
#15687 = EDGE_CURVE('',#13370,#13278,#15688,.T.);
#15688 = LINE('',#15689,#15690);
#15689 = CARTESIAN_POINT('',(2.75,-2.145,1.110223024625E-16));
#15690 = VECTOR('',#15691,1.);
#15691 = DIRECTION('',(2.22044604925E-16,-1.,0.));
#15692 = ORIENTED_EDGE('',*,*,#13286,.T.);
#15693 = ORIENTED_EDGE('',*,*,#15670,.F.);
#15694 = ORIENTED_EDGE('',*,*,#13378,.F.);
#15695 = PLANE('',#15696);
#15696 = AXIS2_PLACEMENT_3D('',#15697,#15698,#15699);
#15697 = CARTESIAN_POINT('',(2.75,-2.145,1.110223024625E-16));
#15698 = DIRECTION('',(0.,0.,1.));
#15699 = DIRECTION('',(1.,2.22044604925E-16,-0.));
#15700 = ADVANCED_FACE('',(#15701),#15712,.T.);
#15701 = FACE_BOUND('',#15702,.T.);
#15702 = EDGE_LOOP('',(#15703,#15704,#15705,#15706));
#15703 = ORIENTED_EDGE('',*,*,#13369,.T.);
#15704 = ORIENTED_EDGE('',*,*,#15687,.T.);
#15705 = ORIENTED_EDGE('',*,*,#13277,.F.);
#15706 = ORIENTED_EDGE('',*,*,#15707,.F.);
#15707 = EDGE_CURVE('',#13362,#13270,#15708,.T.);
#15708 = LINE('',#15709,#15710);
#15709 = CARTESIAN_POINT('',(2.5,-2.145,0.25));
#15710 = VECTOR('',#15711,1.);
#15711 = DIRECTION('',(2.22044604925E-16,-1.,0.));
#15712 = CYLINDRICAL_SURFACE('',#15713,0.25);
#15713 = AXIS2_PLACEMENT_3D('',#15714,#15715,#15716);
#15714 = CARTESIAN_POINT('',(2.75,-2.145,0.25));
#15715 = DIRECTION('',(-2.22044604925E-16,1.,-0.));
#15716 = DIRECTION('',(-1.,-2.22044604925E-16,-2.442490654175E-15));
#15717 = ADVANCED_FACE('',(#15718),#15724,.F.);
#15718 = FACE_BOUND('',#15719,.F.);
#15719 = EDGE_LOOP('',(#15720,#15721,#15722,#15723));
#15720 = ORIENTED_EDGE('',*,*,#13444,.T.);
#15721 = ORIENTED_EDGE('',*,*,#13269,.T.);
#15722 = ORIENTED_EDGE('',*,*,#15707,.F.);
#15723 = ORIENTED_EDGE('',*,*,#13361,.F.);
#15724 = PLANE('',#15725);
#15725 = AXIS2_PLACEMENT_3D('',#15726,#15727,#15728);
#15726 = CARTESIAN_POINT('',(2.5,-2.145,0.425));
#15727 = DIRECTION('',(1.,2.22044604925E-16,0.));
#15728 = DIRECTION('',(0.,0.,-1.));
#15729 = ADVANCED_FACE('',(#15730),#15741,.T.);
#15730 = FACE_BOUND('',#15731,.T.);
#15731 = EDGE_LOOP('',(#15732,#15733,#15734,#15735));
#15732 = ORIENTED_EDGE('',*,*,#13642,.T.);
#15733 = ORIENTED_EDGE('',*,*,#14853,.T.);
#15734 = ORIENTED_EDGE('',*,*,#13550,.F.);
#15735 = ORIENTED_EDGE('',*,*,#15736,.F.);
#15736 = EDGE_CURVE('',#13635,#13543,#15737,.T.);
#15737 = LINE('',#15738,#15739);
#15738 = CARTESIAN_POINT('',(2.65,-1.495,0.425));
#15739 = VECTOR('',#15740,1.);
#15740 = DIRECTION('',(2.22044604925E-16,-1.,0.));
#15741 = CYLINDRICAL_SURFACE('',#15742,0.25);
#15742 = AXIS2_PLACEMENT_3D('',#15743,#15744,#15745);
#15743 = CARTESIAN_POINT('',(2.4,-1.495,0.425));
#15744 = DIRECTION('',(-2.22044604925E-16,1.,-0.));
#15745 = DIRECTION('',(1.,2.22044604925E-16,2.22044604925E-15));
#15746 = ADVANCED_FACE('',(#15747),#15758,.F.);
#15747 = FACE_BOUND('',#15748,.F.);
#15748 = EDGE_LOOP('',(#15749,#15755,#15756,#15757));
#15749 = ORIENTED_EDGE('',*,*,#15750,.T.);
#15750 = EDGE_CURVE('',#13626,#13534,#15751,.T.);
#15751 = LINE('',#15752,#15753);
#15752 = CARTESIAN_POINT('',(2.65,-1.495,0.25));
#15753 = VECTOR('',#15754,1.);
#15754 = DIRECTION('',(2.22044604925E-16,-1.,0.));
#15755 = ORIENTED_EDGE('',*,*,#13542,.T.);
#15756 = ORIENTED_EDGE('',*,*,#15736,.F.);
#15757 = ORIENTED_EDGE('',*,*,#13634,.F.);
#15758 = PLANE('',#15759);
#15759 = AXIS2_PLACEMENT_3D('',#15760,#15761,#15762);
#15760 = CARTESIAN_POINT('',(2.65,-1.495,0.25));
#15761 = DIRECTION('',(-1.,-2.22044604925E-16,0.));
#15762 = DIRECTION('',(0.,0.,1.));
#15763 = ADVANCED_FACE('',(#15764),#15775,.F.);
#15764 = FACE_BOUND('',#15765,.F.);
#15765 = EDGE_LOOP('',(#15766,#15772,#15773,#15774));
#15766 = ORIENTED_EDGE('',*,*,#15767,.T.);
#15767 = EDGE_CURVE('',#13618,#13526,#15768,.T.);
#15768 = LINE('',#15769,#15770);
#15769 = CARTESIAN_POINT('',(2.75,-1.495,0.15));
#15770 = VECTOR('',#15771,1.);
#15771 = DIRECTION('',(2.22044604925E-16,-1.,0.));
#15772 = ORIENTED_EDGE('',*,*,#13533,.T.);
#15773 = ORIENTED_EDGE('',*,*,#15750,.F.);
#15774 = ORIENTED_EDGE('',*,*,#13625,.F.);
#15775 = CYLINDRICAL_SURFACE('',#15776,0.1);
#15776 = AXIS2_PLACEMENT_3D('',#15777,#15778,#15779);
#15777 = CARTESIAN_POINT('',(2.75,-1.495,0.25));
#15778 = DIRECTION('',(-2.22044604925E-16,1.,0.));
#15779 = DIRECTION('',(0.,0.,-1.));
#15780 = ADVANCED_FACE('',(#15781),#15792,.F.);
#15781 = FACE_BOUND('',#15782,.F.);
#15782 = EDGE_LOOP('',(#15783,#15789,#15790,#15791));
#15783 = ORIENTED_EDGE('',*,*,#15784,.T.);
#15784 = EDGE_CURVE('',#13610,#13518,#15785,.T.);
#15785 = LINE('',#15786,#15787);
#15786 = CARTESIAN_POINT('',(3.2,-1.495,0.15));
#15787 = VECTOR('',#15788,1.);
#15788 = DIRECTION('',(2.22044604925E-16,-1.,0.));
#15789 = ORIENTED_EDGE('',*,*,#13525,.T.);
#15790 = ORIENTED_EDGE('',*,*,#15767,.F.);
#15791 = ORIENTED_EDGE('',*,*,#13617,.F.);
#15792 = PLANE('',#15793);
#15793 = AXIS2_PLACEMENT_3D('',#15794,#15795,#15796);
#15794 = CARTESIAN_POINT('',(3.2,-1.495,0.15));
#15795 = DIRECTION('',(0.,0.,-1.));
#15796 = DIRECTION('',(-1.,-2.22044604925E-16,-0.));
#15797 = ADVANCED_FACE('',(#15798),#15809,.F.);
#15798 = FACE_BOUND('',#15799,.F.);
#15799 = EDGE_LOOP('',(#15800,#15806,#15807,#15808));
#15800 = ORIENTED_EDGE('',*,*,#15801,.T.);
#15801 = EDGE_CURVE('',#13602,#13510,#15802,.T.);
#15802 = LINE('',#15803,#15804);
#15803 = CARTESIAN_POINT('',(3.2,-1.495,1.110223024625E-16));
#15804 = VECTOR('',#15805,1.);
#15805 = DIRECTION('',(2.22044604925E-16,-1.,0.));
#15806 = ORIENTED_EDGE('',*,*,#13517,.T.);
#15807 = ORIENTED_EDGE('',*,*,#15784,.F.);
#15808 = ORIENTED_EDGE('',*,*,#13609,.F.);
#15809 = PLANE('',#15810);
#15810 = AXIS2_PLACEMENT_3D('',#15811,#15812,#15813);
#15811 = CARTESIAN_POINT('',(3.2,-1.495,1.110223024625E-16));
#15812 = DIRECTION('',(-1.,-2.22044604925E-16,0.));
#15813 = DIRECTION('',(0.,0.,1.));
#15814 = ADVANCED_FACE('',(#15815),#15826,.F.);
#15815 = FACE_BOUND('',#15816,.F.);
#15816 = EDGE_LOOP('',(#15817,#15823,#15824,#15825));
#15817 = ORIENTED_EDGE('',*,*,#15818,.T.);
#15818 = EDGE_CURVE('',#13593,#13501,#15819,.T.);
#15819 = LINE('',#15820,#15821);
#15820 = CARTESIAN_POINT('',(2.75,-1.495,1.110223024625E-16));
#15821 = VECTOR('',#15822,1.);
#15822 = DIRECTION('',(2.22044604925E-16,-1.,0.));
#15823 = ORIENTED_EDGE('',*,*,#13509,.T.);
#15824 = ORIENTED_EDGE('',*,*,#15801,.F.);
#15825 = ORIENTED_EDGE('',*,*,#13601,.F.);
#15826 = PLANE('',#15827);
#15827 = AXIS2_PLACEMENT_3D('',#15828,#15829,#15830);
#15828 = CARTESIAN_POINT('',(2.75,-1.495,1.110223024625E-16));
#15829 = DIRECTION('',(0.,0.,1.));
#15830 = DIRECTION('',(1.,2.22044604925E-16,-0.));
#15831 = ADVANCED_FACE('',(#15832),#15843,.T.);
#15832 = FACE_BOUND('',#15833,.T.);
#15833 = EDGE_LOOP('',(#15834,#15835,#15836,#15837));
#15834 = ORIENTED_EDGE('',*,*,#13592,.T.);
#15835 = ORIENTED_EDGE('',*,*,#15818,.T.);
#15836 = ORIENTED_EDGE('',*,*,#13500,.F.);
#15837 = ORIENTED_EDGE('',*,*,#15838,.F.);
#15838 = EDGE_CURVE('',#13585,#13493,#15839,.T.);
#15839 = LINE('',#15840,#15841);
#15840 = CARTESIAN_POINT('',(2.5,-1.495,0.25));
#15841 = VECTOR('',#15842,1.);
#15842 = DIRECTION('',(2.22044604925E-16,-1.,0.));
#15843 = CYLINDRICAL_SURFACE('',#15844,0.25);
#15844 = AXIS2_PLACEMENT_3D('',#15845,#15846,#15847);
#15845 = CARTESIAN_POINT('',(2.75,-1.495,0.25));
#15846 = DIRECTION('',(-2.22044604925E-16,1.,-0.));
#15847 = DIRECTION('',(-1.,-2.22044604925E-16,-2.442490654175E-15));
#15848 = ADVANCED_FACE('',(#15849),#15855,.F.);
#15849 = FACE_BOUND('',#15850,.F.);
#15850 = EDGE_LOOP('',(#15851,#15852,#15853,#15854));
#15851 = ORIENTED_EDGE('',*,*,#13667,.T.);
#15852 = ORIENTED_EDGE('',*,*,#13492,.T.);
#15853 = ORIENTED_EDGE('',*,*,#15838,.F.);
#15854 = ORIENTED_EDGE('',*,*,#13584,.F.);
#15855 = PLANE('',#15856);
#15856 = AXIS2_PLACEMENT_3D('',#15857,#15858,#15859);
#15857 = CARTESIAN_POINT('',(2.5,-1.495,0.425));
#15858 = DIRECTION('',(1.,2.22044604925E-16,0.));
#15859 = DIRECTION('',(0.,0.,-1.));
#15860 = ADVANCED_FACE('',(#15861),#15872,.T.);
#15861 = FACE_BOUND('',#15862,.T.);
#15862 = EDGE_LOOP('',(#15863,#15864,#15865,#15866));
#15863 = ORIENTED_EDGE('',*,*,#14088,.T.);
#15864 = ORIENTED_EDGE('',*,*,#14872,.T.);
#15865 = ORIENTED_EDGE('',*,*,#13882,.F.);
#15866 = ORIENTED_EDGE('',*,*,#15867,.F.);
#15867 = EDGE_CURVE('',#14081,#13875,#15868,.T.);
#15868 = LINE('',#15869,#15870);
#15869 = CARTESIAN_POINT('',(2.65,-0.845,0.425));
#15870 = VECTOR('',#15871,1.);
#15871 = DIRECTION('',(2.22044604925E-16,-1.,0.));
#15872 = CYLINDRICAL_SURFACE('',#15873,0.25);
#15873 = AXIS2_PLACEMENT_3D('',#15874,#15875,#15876);
#15874 = CARTESIAN_POINT('',(2.4,-0.845,0.425));
#15875 = DIRECTION('',(-2.22044604925E-16,1.,-0.));
#15876 = DIRECTION('',(1.,2.22044604925E-16,2.22044604925E-15));
#15877 = ADVANCED_FACE('',(#15878),#15889,.F.);
#15878 = FACE_BOUND('',#15879,.F.);
#15879 = EDGE_LOOP('',(#15880,#15886,#15887,#15888));
#15880 = ORIENTED_EDGE('',*,*,#15881,.T.);
#15881 = EDGE_CURVE('',#14072,#13866,#15882,.T.);
#15882 = LINE('',#15883,#15884);
#15883 = CARTESIAN_POINT('',(2.65,-0.845,0.25));
#15884 = VECTOR('',#15885,1.);
#15885 = DIRECTION('',(2.22044604925E-16,-1.,0.));
#15886 = ORIENTED_EDGE('',*,*,#13874,.T.);
#15887 = ORIENTED_EDGE('',*,*,#15867,.F.);
#15888 = ORIENTED_EDGE('',*,*,#14080,.F.);
#15889 = PLANE('',#15890);
#15890 = AXIS2_PLACEMENT_3D('',#15891,#15892,#15893);
#15891 = CARTESIAN_POINT('',(2.65,-0.845,0.25));
#15892 = DIRECTION('',(-1.,-2.22044604925E-16,0.));
#15893 = DIRECTION('',(0.,0.,1.));
#15894 = ADVANCED_FACE('',(#15895),#15906,.F.);
#15895 = FACE_BOUND('',#15896,.F.);
#15896 = EDGE_LOOP('',(#15897,#15903,#15904,#15905));
#15897 = ORIENTED_EDGE('',*,*,#15898,.T.);
#15898 = EDGE_CURVE('',#14064,#13858,#15899,.T.);
#15899 = LINE('',#15900,#15901);
#15900 = CARTESIAN_POINT('',(2.75,-0.845,0.15));
#15901 = VECTOR('',#15902,1.);
#15902 = DIRECTION('',(2.22044604925E-16,-1.,0.));
#15903 = ORIENTED_EDGE('',*,*,#13865,.T.);
#15904 = ORIENTED_EDGE('',*,*,#15881,.F.);
#15905 = ORIENTED_EDGE('',*,*,#14071,.F.);
#15906 = CYLINDRICAL_SURFACE('',#15907,0.1);
#15907 = AXIS2_PLACEMENT_3D('',#15908,#15909,#15910);
#15908 = CARTESIAN_POINT('',(2.75,-0.845,0.25));
#15909 = DIRECTION('',(-2.22044604925E-16,1.,0.));
#15910 = DIRECTION('',(0.,0.,-1.));
#15911 = ADVANCED_FACE('',(#15912),#15923,.F.);
#15912 = FACE_BOUND('',#15913,.F.);
#15913 = EDGE_LOOP('',(#15914,#15920,#15921,#15922));
#15914 = ORIENTED_EDGE('',*,*,#15915,.T.);
#15915 = EDGE_CURVE('',#14056,#13850,#15916,.T.);
#15916 = LINE('',#15917,#15918);
#15917 = CARTESIAN_POINT('',(3.2,-0.845,0.15));
#15918 = VECTOR('',#15919,1.);
#15919 = DIRECTION('',(2.22044604925E-16,-1.,0.));
#15920 = ORIENTED_EDGE('',*,*,#13857,.T.);
#15921 = ORIENTED_EDGE('',*,*,#15898,.F.);
#15922 = ORIENTED_EDGE('',*,*,#14063,.F.);
#15923 = PLANE('',#15924);
#15924 = AXIS2_PLACEMENT_3D('',#15925,#15926,#15927);
#15925 = CARTESIAN_POINT('',(3.2,-0.845,0.15));
#15926 = DIRECTION('',(0.,0.,-1.));
#15927 = DIRECTION('',(-1.,-2.22044604925E-16,-0.));
#15928 = ADVANCED_FACE('',(#15929),#15940,.F.);
#15929 = FACE_BOUND('',#15930,.F.);
#15930 = EDGE_LOOP('',(#15931,#15937,#15938,#15939));
#15931 = ORIENTED_EDGE('',*,*,#15932,.T.);
#15932 = EDGE_CURVE('',#14048,#13842,#15933,.T.);
#15933 = LINE('',#15934,#15935);
#15934 = CARTESIAN_POINT('',(3.2,-0.845,1.110223024625E-16));
#15935 = VECTOR('',#15936,1.);
#15936 = DIRECTION('',(2.22044604925E-16,-1.,0.));
#15937 = ORIENTED_EDGE('',*,*,#13849,.T.);
#15938 = ORIENTED_EDGE('',*,*,#15915,.F.);
#15939 = ORIENTED_EDGE('',*,*,#14055,.F.);
#15940 = PLANE('',#15941);
#15941 = AXIS2_PLACEMENT_3D('',#15942,#15943,#15944);
#15942 = CARTESIAN_POINT('',(3.2,-0.845,1.110223024625E-16));
#15943 = DIRECTION('',(-1.,-2.22044604925E-16,0.));
#15944 = DIRECTION('',(0.,0.,1.));
#15945 = ADVANCED_FACE('',(#15946),#15957,.F.);
#15946 = FACE_BOUND('',#15947,.F.);
#15947 = EDGE_LOOP('',(#15948,#15954,#15955,#15956));
#15948 = ORIENTED_EDGE('',*,*,#15949,.T.);
#15949 = EDGE_CURVE('',#14039,#13833,#15950,.T.);
#15950 = LINE('',#15951,#15952);
#15951 = CARTESIAN_POINT('',(2.75,-0.845,1.110223024625E-16));
#15952 = VECTOR('',#15953,1.);
#15953 = DIRECTION('',(2.22044604925E-16,-1.,0.));
#15954 = ORIENTED_EDGE('',*,*,#13841,.T.);
#15955 = ORIENTED_EDGE('',*,*,#15932,.F.);
#15956 = ORIENTED_EDGE('',*,*,#14047,.F.);
#15957 = PLANE('',#15958);
#15958 = AXIS2_PLACEMENT_3D('',#15959,#15960,#15961);
#15959 = CARTESIAN_POINT('',(2.75,-0.845,1.110223024625E-16));
#15960 = DIRECTION('',(0.,0.,1.));
#15961 = DIRECTION('',(1.,2.22044604925E-16,-0.));
#15962 = ADVANCED_FACE('',(#15963),#15974,.T.);
#15963 = FACE_BOUND('',#15964,.T.);
#15964 = EDGE_LOOP('',(#15965,#15966,#15967,#15968));
#15965 = ORIENTED_EDGE('',*,*,#14038,.T.);
#15966 = ORIENTED_EDGE('',*,*,#15949,.T.);
#15967 = ORIENTED_EDGE('',*,*,#13832,.F.);
#15968 = ORIENTED_EDGE('',*,*,#15969,.F.);
#15969 = EDGE_CURVE('',#14031,#13825,#15970,.T.);
#15970 = LINE('',#15971,#15972);
#15971 = CARTESIAN_POINT('',(2.5,-0.845,0.25));
#15972 = VECTOR('',#15973,1.);
#15973 = DIRECTION('',(2.22044604925E-16,-1.,0.));
#15974 = CYLINDRICAL_SURFACE('',#15975,0.25);
#15975 = AXIS2_PLACEMENT_3D('',#15976,#15977,#15978);
#15976 = CARTESIAN_POINT('',(2.75,-0.845,0.25));
#15977 = DIRECTION('',(-2.22044604925E-16,1.,-0.));
#15978 = DIRECTION('',(-1.,-2.22044604925E-16,-2.442490654175E-15));
#15979 = ADVANCED_FACE('',(#15980),#15986,.F.);
#15980 = FACE_BOUND('',#15981,.F.);
#15981 = EDGE_LOOP('',(#15982,#15983,#15984,#15985));
#15982 = ORIENTED_EDGE('',*,*,#14113,.T.);
#15983 = ORIENTED_EDGE('',*,*,#13824,.T.);
#15984 = ORIENTED_EDGE('',*,*,#15969,.F.);
#15985 = ORIENTED_EDGE('',*,*,#14030,.F.);
#15986 = PLANE('',#15987);
#15987 = AXIS2_PLACEMENT_3D('',#15988,#15989,#15990);
#15988 = CARTESIAN_POINT('',(2.5,-0.845,0.425));
#15989 = DIRECTION('',(1.,2.22044604925E-16,0.));
#15990 = DIRECTION('',(0.,0.,-1.));
#15991 = ADVANCED_FACE('',(#15992),#16003,.T.);
#15992 = FACE_BOUND('',#15993,.T.);
#15993 = EDGE_LOOP('',(#15994,#15995,#15996,#15997));
#15994 = ORIENTED_EDGE('',*,*,#13974,.T.);
#15995 = ORIENTED_EDGE('',*,*,#14929,.T.);
#15996 = ORIENTED_EDGE('',*,*,#14214,.F.);
#15997 = ORIENTED_EDGE('',*,*,#15998,.F.);
#15998 = EDGE_CURVE('',#13967,#14207,#15999,.T.);
#15999 = LINE('',#16000,#16001);
#16000 = CARTESIAN_POINT('',(2.65,1.105,0.425));
#16001 = VECTOR('',#16002,1.);
#16002 = DIRECTION('',(2.22044604925E-16,-1.,0.));
#16003 = CYLINDRICAL_SURFACE('',#16004,0.25);
#16004 = AXIS2_PLACEMENT_3D('',#16005,#16006,#16007);
#16005 = CARTESIAN_POINT('',(2.4,1.105,0.425));
#16006 = DIRECTION('',(-2.22044604925E-16,1.,-0.));
#16007 = DIRECTION('',(1.,2.22044604925E-16,2.22044604925E-15));
#16008 = ADVANCED_FACE('',(#16009),#16020,.F.);
#16009 = FACE_BOUND('',#16010,.F.);
#16010 = EDGE_LOOP('',(#16011,#16017,#16018,#16019));
#16011 = ORIENTED_EDGE('',*,*,#16012,.T.);
#16012 = EDGE_CURVE('',#13958,#14198,#16013,.T.);
#16013 = LINE('',#16014,#16015);
#16014 = CARTESIAN_POINT('',(2.65,1.105,0.25));
#16015 = VECTOR('',#16016,1.);
#16016 = DIRECTION('',(2.22044604925E-16,-1.,0.));
#16017 = ORIENTED_EDGE('',*,*,#14206,.T.);
#16018 = ORIENTED_EDGE('',*,*,#15998,.F.);
#16019 = ORIENTED_EDGE('',*,*,#13966,.F.);
#16020 = PLANE('',#16021);
#16021 = AXIS2_PLACEMENT_3D('',#16022,#16023,#16024);
#16022 = CARTESIAN_POINT('',(2.65,1.105,0.25));
#16023 = DIRECTION('',(-1.,-2.22044604925E-16,0.));
#16024 = DIRECTION('',(0.,0.,1.));
#16025 = ADVANCED_FACE('',(#16026),#16037,.F.);
#16026 = FACE_BOUND('',#16027,.F.);
#16027 = EDGE_LOOP('',(#16028,#16034,#16035,#16036));
#16028 = ORIENTED_EDGE('',*,*,#16029,.T.);
#16029 = EDGE_CURVE('',#13950,#14190,#16030,.T.);
#16030 = LINE('',#16031,#16032);
#16031 = CARTESIAN_POINT('',(2.75,1.105,0.15));
#16032 = VECTOR('',#16033,1.);
#16033 = DIRECTION('',(2.22044604925E-16,-1.,0.));
#16034 = ORIENTED_EDGE('',*,*,#14197,.T.);
#16035 = ORIENTED_EDGE('',*,*,#16012,.F.);
#16036 = ORIENTED_EDGE('',*,*,#13957,.F.);
#16037 = CYLINDRICAL_SURFACE('',#16038,0.1);
#16038 = AXIS2_PLACEMENT_3D('',#16039,#16040,#16041);
#16039 = CARTESIAN_POINT('',(2.75,1.105,0.25));
#16040 = DIRECTION('',(-2.22044604925E-16,1.,0.));
#16041 = DIRECTION('',(0.,0.,-1.));
#16042 = ADVANCED_FACE('',(#16043),#16054,.F.);
#16043 = FACE_BOUND('',#16044,.F.);
#16044 = EDGE_LOOP('',(#16045,#16051,#16052,#16053));
#16045 = ORIENTED_EDGE('',*,*,#16046,.T.);
#16046 = EDGE_CURVE('',#13942,#14182,#16047,.T.);
#16047 = LINE('',#16048,#16049);
#16048 = CARTESIAN_POINT('',(3.2,1.105,0.15));
#16049 = VECTOR('',#16050,1.);
#16050 = DIRECTION('',(2.22044604925E-16,-1.,0.));
#16051 = ORIENTED_EDGE('',*,*,#14189,.T.);
#16052 = ORIENTED_EDGE('',*,*,#16029,.F.);
#16053 = ORIENTED_EDGE('',*,*,#13949,.F.);
#16054 = PLANE('',#16055);
#16055 = AXIS2_PLACEMENT_3D('',#16056,#16057,#16058);
#16056 = CARTESIAN_POINT('',(3.2,1.105,0.15));
#16057 = DIRECTION('',(0.,0.,-1.));
#16058 = DIRECTION('',(-1.,-2.22044604925E-16,-0.));
#16059 = ADVANCED_FACE('',(#16060),#16071,.F.);
#16060 = FACE_BOUND('',#16061,.F.);
#16061 = EDGE_LOOP('',(#16062,#16068,#16069,#16070));
#16062 = ORIENTED_EDGE('',*,*,#16063,.T.);
#16063 = EDGE_CURVE('',#13934,#14174,#16064,.T.);
#16064 = LINE('',#16065,#16066);
#16065 = CARTESIAN_POINT('',(3.2,1.105,1.110223024625E-16));
#16066 = VECTOR('',#16067,1.);
#16067 = DIRECTION('',(2.22044604925E-16,-1.,0.));
#16068 = ORIENTED_EDGE('',*,*,#14181,.T.);
#16069 = ORIENTED_EDGE('',*,*,#16046,.F.);
#16070 = ORIENTED_EDGE('',*,*,#13941,.F.);
#16071 = PLANE('',#16072);
#16072 = AXIS2_PLACEMENT_3D('',#16073,#16074,#16075);
#16073 = CARTESIAN_POINT('',(3.2,1.105,1.110223024625E-16));
#16074 = DIRECTION('',(-1.,-2.22044604925E-16,0.));
#16075 = DIRECTION('',(0.,0.,1.));
#16076 = ADVANCED_FACE('',(#16077),#16088,.F.);
#16077 = FACE_BOUND('',#16078,.F.);
#16078 = EDGE_LOOP('',(#16079,#16085,#16086,#16087));
#16079 = ORIENTED_EDGE('',*,*,#16080,.T.);
#16080 = EDGE_CURVE('',#13925,#14165,#16081,.T.);
#16081 = LINE('',#16082,#16083);
#16082 = CARTESIAN_POINT('',(2.75,1.105,1.110223024625E-16));
#16083 = VECTOR('',#16084,1.);
#16084 = DIRECTION('',(2.22044604925E-16,-1.,0.));
#16085 = ORIENTED_EDGE('',*,*,#14173,.T.);
#16086 = ORIENTED_EDGE('',*,*,#16063,.F.);
#16087 = ORIENTED_EDGE('',*,*,#13933,.F.);
#16088 = PLANE('',#16089);
#16089 = AXIS2_PLACEMENT_3D('',#16090,#16091,#16092);
#16090 = CARTESIAN_POINT('',(2.75,1.105,1.110223024625E-16));
#16091 = DIRECTION('',(0.,0.,1.));
#16092 = DIRECTION('',(1.,2.22044604925E-16,-0.));
#16093 = ADVANCED_FACE('',(#16094),#16105,.T.);
#16094 = FACE_BOUND('',#16095,.T.);
#16095 = EDGE_LOOP('',(#16096,#16097,#16098,#16099));
#16096 = ORIENTED_EDGE('',*,*,#13924,.T.);
#16097 = ORIENTED_EDGE('',*,*,#16080,.T.);
#16098 = ORIENTED_EDGE('',*,*,#14164,.F.);
#16099 = ORIENTED_EDGE('',*,*,#16100,.F.);
#16100 = EDGE_CURVE('',#13917,#14157,#16101,.T.);
#16101 = LINE('',#16102,#16103);
#16102 = CARTESIAN_POINT('',(2.5,1.105,0.25));
#16103 = VECTOR('',#16104,1.);
#16104 = DIRECTION('',(2.22044604925E-16,-1.,0.));
#16105 = CYLINDRICAL_SURFACE('',#16106,0.25);
#16106 = AXIS2_PLACEMENT_3D('',#16107,#16108,#16109);
#16107 = CARTESIAN_POINT('',(2.75,1.105,0.25));
#16108 = DIRECTION('',(-2.22044604925E-16,1.,-0.));
#16109 = DIRECTION('',(-1.,-2.22044604925E-16,-2.442490654175E-15));
#16110 = ADVANCED_FACE('',(#16111),#16117,.F.);
#16111 = FACE_BOUND('',#16112,.F.);
#16112 = EDGE_LOOP('',(#16113,#16114,#16115,#16116));
#16113 = ORIENTED_EDGE('',*,*,#14138,.T.);
#16114 = ORIENTED_EDGE('',*,*,#14156,.T.);
#16115 = ORIENTED_EDGE('',*,*,#16100,.F.);
#16116 = ORIENTED_EDGE('',*,*,#13916,.F.);
#16117 = PLANE('',#16118);
#16118 = AXIS2_PLACEMENT_3D('',#16119,#16120,#16121);
#16119 = CARTESIAN_POINT('',(2.5,1.105,0.425));
#16120 = DIRECTION('',(1.,2.22044604925E-16,0.));
#16121 = DIRECTION('',(0.,0.,-1.));
#16122 = ADVANCED_FACE('',(#16123),#16134,.T.);
#16123 = FACE_BOUND('',#16124,.T.);
#16124 = EDGE_LOOP('',(#16125,#16126,#16127,#16128));
#16125 = ORIENTED_EDGE('',*,*,#14534,.T.);
#16126 = ORIENTED_EDGE('',*,*,#14910,.T.);
#16127 = ORIENTED_EDGE('',*,*,#14328,.F.);
#16128 = ORIENTED_EDGE('',*,*,#16129,.F.);
#16129 = EDGE_CURVE('',#14527,#14321,#16130,.T.);
#16130 = LINE('',#16131,#16132);
#16131 = CARTESIAN_POINT('',(2.65,-0.195,0.425));
#16132 = VECTOR('',#16133,1.);
#16133 = DIRECTION('',(2.22044604925E-16,-1.,0.));
#16134 = CYLINDRICAL_SURFACE('',#16135,0.25);
#16135 = AXIS2_PLACEMENT_3D('',#16136,#16137,#16138);
#16136 = CARTESIAN_POINT('',(2.4,-0.195,0.425));
#16137 = DIRECTION('',(-2.22044604925E-16,1.,-0.));
#16138 = DIRECTION('',(1.,2.22044604925E-16,2.22044604925E-15));
#16139 = ADVANCED_FACE('',(#16140),#16151,.F.);
#16140 = FACE_BOUND('',#16141,.F.);
#16141 = EDGE_LOOP('',(#16142,#16148,#16149,#16150));
#16142 = ORIENTED_EDGE('',*,*,#16143,.T.);
#16143 = EDGE_CURVE('',#14518,#14312,#16144,.T.);
#16144 = LINE('',#16145,#16146);
#16145 = CARTESIAN_POINT('',(2.65,-0.195,0.25));
#16146 = VECTOR('',#16147,1.);
#16147 = DIRECTION('',(2.22044604925E-16,-1.,0.));
#16148 = ORIENTED_EDGE('',*,*,#14320,.T.);
#16149 = ORIENTED_EDGE('',*,*,#16129,.F.);
#16150 = ORIENTED_EDGE('',*,*,#14526,.F.);
#16151 = PLANE('',#16152);
#16152 = AXIS2_PLACEMENT_3D('',#16153,#16154,#16155);
#16153 = CARTESIAN_POINT('',(2.65,-0.195,0.25));
#16154 = DIRECTION('',(-1.,-2.22044604925E-16,0.));
#16155 = DIRECTION('',(0.,0.,1.));
#16156 = ADVANCED_FACE('',(#16157),#16168,.F.);
#16157 = FACE_BOUND('',#16158,.F.);
#16158 = EDGE_LOOP('',(#16159,#16165,#16166,#16167));
#16159 = ORIENTED_EDGE('',*,*,#16160,.T.);
#16160 = EDGE_CURVE('',#14510,#14304,#16161,.T.);
#16161 = LINE('',#16162,#16163);
#16162 = CARTESIAN_POINT('',(2.75,-0.195,0.15));
#16163 = VECTOR('',#16164,1.);
#16164 = DIRECTION('',(2.22044604925E-16,-1.,0.));
#16165 = ORIENTED_EDGE('',*,*,#14311,.T.);
#16166 = ORIENTED_EDGE('',*,*,#16143,.F.);
#16167 = ORIENTED_EDGE('',*,*,#14517,.F.);
#16168 = CYLINDRICAL_SURFACE('',#16169,0.1);
#16169 = AXIS2_PLACEMENT_3D('',#16170,#16171,#16172);
#16170 = CARTESIAN_POINT('',(2.75,-0.195,0.25));
#16171 = DIRECTION('',(-2.22044604925E-16,1.,0.));
#16172 = DIRECTION('',(0.,0.,-1.));
#16173 = ADVANCED_FACE('',(#16174),#16185,.F.);
#16174 = FACE_BOUND('',#16175,.F.);
#16175 = EDGE_LOOP('',(#16176,#16182,#16183,#16184));
#16176 = ORIENTED_EDGE('',*,*,#16177,.T.);
#16177 = EDGE_CURVE('',#14502,#14296,#16178,.T.);
#16178 = LINE('',#16179,#16180);
#16179 = CARTESIAN_POINT('',(3.2,-0.195,0.15));
#16180 = VECTOR('',#16181,1.);
#16181 = DIRECTION('',(2.22044604925E-16,-1.,0.));
#16182 = ORIENTED_EDGE('',*,*,#14303,.T.);
#16183 = ORIENTED_EDGE('',*,*,#16160,.F.);
#16184 = ORIENTED_EDGE('',*,*,#14509,.F.);
#16185 = PLANE('',#16186);
#16186 = AXIS2_PLACEMENT_3D('',#16187,#16188,#16189);
#16187 = CARTESIAN_POINT('',(3.2,-0.195,0.15));
#16188 = DIRECTION('',(0.,0.,-1.));
#16189 = DIRECTION('',(-1.,-2.22044604925E-16,-0.));
#16190 = ADVANCED_FACE('',(#16191),#16202,.F.);
#16191 = FACE_BOUND('',#16192,.F.);
#16192 = EDGE_LOOP('',(#16193,#16199,#16200,#16201));
#16193 = ORIENTED_EDGE('',*,*,#16194,.T.);
#16194 = EDGE_CURVE('',#14494,#14288,#16195,.T.);
#16195 = LINE('',#16196,#16197);
#16196 = CARTESIAN_POINT('',(3.2,-0.195,1.110223024625E-16));
#16197 = VECTOR('',#16198,1.);
#16198 = DIRECTION('',(2.22044604925E-16,-1.,0.));
#16199 = ORIENTED_EDGE('',*,*,#14295,.T.);
#16200 = ORIENTED_EDGE('',*,*,#16177,.F.);
#16201 = ORIENTED_EDGE('',*,*,#14501,.F.);
#16202 = PLANE('',#16203);
#16203 = AXIS2_PLACEMENT_3D('',#16204,#16205,#16206);
#16204 = CARTESIAN_POINT('',(3.2,-0.195,1.110223024625E-16));
#16205 = DIRECTION('',(-1.,-2.22044604925E-16,0.));
#16206 = DIRECTION('',(0.,0.,1.));
#16207 = ADVANCED_FACE('',(#16208),#16219,.F.);
#16208 = FACE_BOUND('',#16209,.F.);
#16209 = EDGE_LOOP('',(#16210,#16216,#16217,#16218));
#16210 = ORIENTED_EDGE('',*,*,#16211,.T.);
#16211 = EDGE_CURVE('',#14485,#14279,#16212,.T.);
#16212 = LINE('',#16213,#16214);
#16213 = CARTESIAN_POINT('',(2.75,-0.195,1.110223024625E-16));
#16214 = VECTOR('',#16215,1.);
#16215 = DIRECTION('',(2.22044604925E-16,-1.,0.));
#16216 = ORIENTED_EDGE('',*,*,#14287,.T.);
#16217 = ORIENTED_EDGE('',*,*,#16194,.F.);
#16218 = ORIENTED_EDGE('',*,*,#14493,.F.);
#16219 = PLANE('',#16220);
#16220 = AXIS2_PLACEMENT_3D('',#16221,#16222,#16223);
#16221 = CARTESIAN_POINT('',(2.75,-0.195,1.110223024625E-16));
#16222 = DIRECTION('',(0.,0.,1.));
#16223 = DIRECTION('',(1.,2.22044604925E-16,-0.));
#16224 = ADVANCED_FACE('',(#16225),#16236,.T.);
#16225 = FACE_BOUND('',#16226,.T.);
#16226 = EDGE_LOOP('',(#16227,#16228,#16229,#16230));
#16227 = ORIENTED_EDGE('',*,*,#14484,.T.);
#16228 = ORIENTED_EDGE('',*,*,#16211,.T.);
#16229 = ORIENTED_EDGE('',*,*,#14278,.F.);
#16230 = ORIENTED_EDGE('',*,*,#16231,.F.);
#16231 = EDGE_CURVE('',#14477,#14271,#16232,.T.);
#16232 = LINE('',#16233,#16234);
#16233 = CARTESIAN_POINT('',(2.5,-0.195,0.25));
#16234 = VECTOR('',#16235,1.);
#16235 = DIRECTION('',(2.22044604925E-16,-1.,0.));
#16236 = CYLINDRICAL_SURFACE('',#16237,0.25);
#16237 = AXIS2_PLACEMENT_3D('',#16238,#16239,#16240);
#16238 = CARTESIAN_POINT('',(2.75,-0.195,0.25));
#16239 = DIRECTION('',(-2.22044604925E-16,1.,-0.));
#16240 = DIRECTION('',(-1.,-2.22044604925E-16,-2.442490654175E-15));
#16241 = ADVANCED_FACE('',(#16242),#16248,.F.);
#16242 = FACE_BOUND('',#16243,.F.);
#16243 = EDGE_LOOP('',(#16244,#16245,#16246,#16247));
#16244 = ORIENTED_EDGE('',*,*,#14559,.T.);
#16245 = ORIENTED_EDGE('',*,*,#14270,.T.);
#16246 = ORIENTED_EDGE('',*,*,#16231,.F.);
#16247 = ORIENTED_EDGE('',*,*,#14476,.F.);
#16248 = PLANE('',#16249);
#16249 = AXIS2_PLACEMENT_3D('',#16250,#16251,#16252);
#16250 = CARTESIAN_POINT('',(2.5,-0.195,0.425));
#16251 = DIRECTION('',(1.,2.22044604925E-16,0.));
#16252 = DIRECTION('',(0.,0.,-1.));
#16253 = ADVANCED_FACE('',(#16254),#16265,.T.);
#16254 = FACE_BOUND('',#16255,.T.);
#16255 = EDGE_LOOP('',(#16256,#16257,#16258,#16259));
#16256 = ORIENTED_EDGE('',*,*,#14420,.T.);
#16257 = ORIENTED_EDGE('',*,*,#14948,.T.);
#16258 = ORIENTED_EDGE('',*,*,#14660,.F.);
#16259 = ORIENTED_EDGE('',*,*,#16260,.F.);
#16260 = EDGE_CURVE('',#14413,#14653,#16261,.T.);
#16261 = LINE('',#16262,#16263);
#16262 = CARTESIAN_POINT('',(2.65,0.455,0.425));
#16263 = VECTOR('',#16264,1.);
#16264 = DIRECTION('',(2.22044604925E-16,-1.,0.));
#16265 = CYLINDRICAL_SURFACE('',#16266,0.25);
#16266 = AXIS2_PLACEMENT_3D('',#16267,#16268,#16269);
#16267 = CARTESIAN_POINT('',(2.4,0.455,0.425));
#16268 = DIRECTION('',(-2.22044604925E-16,1.,-0.));
#16269 = DIRECTION('',(1.,2.22044604925E-16,2.22044604925E-15));
#16270 = ADVANCED_FACE('',(#16271),#16282,.F.);
#16271 = FACE_BOUND('',#16272,.F.);
#16272 = EDGE_LOOP('',(#16273,#16279,#16280,#16281));
#16273 = ORIENTED_EDGE('',*,*,#16274,.T.);
#16274 = EDGE_CURVE('',#14404,#14644,#16275,.T.);
#16275 = LINE('',#16276,#16277);
#16276 = CARTESIAN_POINT('',(2.65,0.455,0.25));
#16277 = VECTOR('',#16278,1.);
#16278 = DIRECTION('',(2.22044604925E-16,-1.,0.));
#16279 = ORIENTED_EDGE('',*,*,#14652,.T.);
#16280 = ORIENTED_EDGE('',*,*,#16260,.F.);
#16281 = ORIENTED_EDGE('',*,*,#14412,.F.);
#16282 = PLANE('',#16283);
#16283 = AXIS2_PLACEMENT_3D('',#16284,#16285,#16286);
#16284 = CARTESIAN_POINT('',(2.65,0.455,0.25));
#16285 = DIRECTION('',(-1.,-2.22044604925E-16,0.));
#16286 = DIRECTION('',(0.,0.,1.));
#16287 = ADVANCED_FACE('',(#16288),#16299,.F.);
#16288 = FACE_BOUND('',#16289,.F.);
#16289 = EDGE_LOOP('',(#16290,#16296,#16297,#16298));
#16290 = ORIENTED_EDGE('',*,*,#16291,.T.);
#16291 = EDGE_CURVE('',#14396,#14636,#16292,.T.);
#16292 = LINE('',#16293,#16294);
#16293 = CARTESIAN_POINT('',(2.75,0.455,0.15));
#16294 = VECTOR('',#16295,1.);
#16295 = DIRECTION('',(2.22044604925E-16,-1.,0.));
#16296 = ORIENTED_EDGE('',*,*,#14643,.T.);
#16297 = ORIENTED_EDGE('',*,*,#16274,.F.);
#16298 = ORIENTED_EDGE('',*,*,#14403,.F.);
#16299 = CYLINDRICAL_SURFACE('',#16300,0.1);
#16300 = AXIS2_PLACEMENT_3D('',#16301,#16302,#16303);
#16301 = CARTESIAN_POINT('',(2.75,0.455,0.25));
#16302 = DIRECTION('',(-2.22044604925E-16,1.,0.));
#16303 = DIRECTION('',(0.,0.,-1.));
#16304 = ADVANCED_FACE('',(#16305),#16316,.F.);
#16305 = FACE_BOUND('',#16306,.F.);
#16306 = EDGE_LOOP('',(#16307,#16313,#16314,#16315));
#16307 = ORIENTED_EDGE('',*,*,#16308,.T.);
#16308 = EDGE_CURVE('',#14388,#14628,#16309,.T.);
#16309 = LINE('',#16310,#16311);
#16310 = CARTESIAN_POINT('',(3.2,0.455,0.15));
#16311 = VECTOR('',#16312,1.);
#16312 = DIRECTION('',(2.22044604925E-16,-1.,0.));
#16313 = ORIENTED_EDGE('',*,*,#14635,.T.);
#16314 = ORIENTED_EDGE('',*,*,#16291,.F.);
#16315 = ORIENTED_EDGE('',*,*,#14395,.F.);
#16316 = PLANE('',#16317);
#16317 = AXIS2_PLACEMENT_3D('',#16318,#16319,#16320);
#16318 = CARTESIAN_POINT('',(3.2,0.455,0.15));
#16319 = DIRECTION('',(0.,0.,-1.));
#16320 = DIRECTION('',(-1.,-2.22044604925E-16,-0.));
#16321 = ADVANCED_FACE('',(#16322),#16333,.F.);
#16322 = FACE_BOUND('',#16323,.F.);
#16323 = EDGE_LOOP('',(#16324,#16330,#16331,#16332));
#16324 = ORIENTED_EDGE('',*,*,#16325,.T.);
#16325 = EDGE_CURVE('',#14380,#14620,#16326,.T.);
#16326 = LINE('',#16327,#16328);
#16327 = CARTESIAN_POINT('',(3.2,0.455,1.110223024625E-16));
#16328 = VECTOR('',#16329,1.);
#16329 = DIRECTION('',(2.22044604925E-16,-1.,0.));
#16330 = ORIENTED_EDGE('',*,*,#14627,.T.);
#16331 = ORIENTED_EDGE('',*,*,#16308,.F.);
#16332 = ORIENTED_EDGE('',*,*,#14387,.F.);
#16333 = PLANE('',#16334);
#16334 = AXIS2_PLACEMENT_3D('',#16335,#16336,#16337);
#16335 = CARTESIAN_POINT('',(3.2,0.455,1.110223024625E-16));
#16336 = DIRECTION('',(-1.,-2.22044604925E-16,0.));
#16337 = DIRECTION('',(0.,0.,1.));
#16338 = ADVANCED_FACE('',(#16339),#16350,.F.);
#16339 = FACE_BOUND('',#16340,.F.);
#16340 = EDGE_LOOP('',(#16341,#16347,#16348,#16349));
#16341 = ORIENTED_EDGE('',*,*,#16342,.T.);
#16342 = EDGE_CURVE('',#14371,#14611,#16343,.T.);
#16343 = LINE('',#16344,#16345);
#16344 = CARTESIAN_POINT('',(2.75,0.455,1.110223024625E-16));
#16345 = VECTOR('',#16346,1.);
#16346 = DIRECTION('',(2.22044604925E-16,-1.,0.));
#16347 = ORIENTED_EDGE('',*,*,#14619,.T.);
#16348 = ORIENTED_EDGE('',*,*,#16325,.F.);
#16349 = ORIENTED_EDGE('',*,*,#14379,.F.);
#16350 = PLANE('',#16351);
#16351 = AXIS2_PLACEMENT_3D('',#16352,#16353,#16354);
#16352 = CARTESIAN_POINT('',(2.75,0.455,1.110223024625E-16));
#16353 = DIRECTION('',(0.,0.,1.));
#16354 = DIRECTION('',(1.,2.22044604925E-16,-0.));
#16355 = ADVANCED_FACE('',(#16356),#16367,.T.);
#16356 = FACE_BOUND('',#16357,.T.);
#16357 = EDGE_LOOP('',(#16358,#16359,#16360,#16361));
#16358 = ORIENTED_EDGE('',*,*,#14370,.T.);
#16359 = ORIENTED_EDGE('',*,*,#16342,.T.);
#16360 = ORIENTED_EDGE('',*,*,#14610,.F.);
#16361 = ORIENTED_EDGE('',*,*,#16362,.F.);
#16362 = EDGE_CURVE('',#14363,#14603,#16363,.T.);
#16363 = LINE('',#16364,#16365);
#16364 = CARTESIAN_POINT('',(2.5,0.455,0.25));
#16365 = VECTOR('',#16366,1.);
#16366 = DIRECTION('',(2.22044604925E-16,-1.,0.));
#16367 = CYLINDRICAL_SURFACE('',#16368,0.25);
#16368 = AXIS2_PLACEMENT_3D('',#16369,#16370,#16371);
#16369 = CARTESIAN_POINT('',(2.75,0.455,0.25));
#16370 = DIRECTION('',(-2.22044604925E-16,1.,-0.));
#16371 = DIRECTION('',(-1.,-2.22044604925E-16,-2.442490654175E-15));
#16372 = ADVANCED_FACE('',(#16373),#16379,.F.);
#16373 = FACE_BOUND('',#16374,.F.);
#16374 = EDGE_LOOP('',(#16375,#16376,#16377,#16378));
#16375 = ORIENTED_EDGE('',*,*,#14584,.T.);
#16376 = ORIENTED_EDGE('',*,*,#14602,.T.);
#16377 = ORIENTED_EDGE('',*,*,#16362,.F.);
#16378 = ORIENTED_EDGE('',*,*,#14362,.F.);
#16379 = PLANE('',#16380);
#16380 = AXIS2_PLACEMENT_3D('',#16381,#16382,#16383);
#16381 = CARTESIAN_POINT('',(2.5,0.455,0.425));
#16382 = DIRECTION('',(1.,2.22044604925E-16,0.));
#16383 = DIRECTION('',(0.,0.,-1.));
#16384 = ADVANCED_FACE('',(#16385),#16403,.T.);
#16385 = FACE_BOUND('',#16386,.T.);
#16386 = EDGE_LOOP('',(#16387,#16388,#16389,#16397));
#16387 = ORIENTED_EDGE('',*,*,#14706,.F.);
#16388 = ORIENTED_EDGE('',*,*,#14738,.T.);
#16389 = ORIENTED_EDGE('',*,*,#16390,.T.);
#16390 = EDGE_CURVE('',#14731,#16391,#16393,.T.);
#16391 = VERTEX_POINT('',#16392);
#16392 = CARTESIAN_POINT('',(-2.15,2.405,0.675));
#16393 = LINE('',#16394,#16395);
#16394 = CARTESIAN_POINT('',(-2.4,2.405,0.675));
#16395 = VECTOR('',#16396,1.);
#16396 = DIRECTION('',(1.,9.95799250103E-17,0.));
#16397 = ORIENTED_EDGE('',*,*,#16398,.F.);
#16398 = EDGE_CURVE('',#14707,#16391,#16399,.T.);
#16399 = LINE('',#16400,#16401);
#16400 = CARTESIAN_POINT('',(-2.15,2.45,0.675));
#16401 = VECTOR('',#16402,1.);
#16402 = DIRECTION('',(2.22044604925E-16,-1.,0.));
#16403 = B_SPLINE_SURFACE_WITH_KNOTS('',1,1,(
    (#16404,#16405)
    ,(#16406,#16407
    )),.UNSPECIFIED.,.F.,.F.,.F.,(2,2),(2,2),(0.,5.),(0.,1.),
  .PIECEWISE_BEZIER_KNOTS.);
#16404 = CARTESIAN_POINT('',(-2.2,2.5,0.675));
#16405 = CARTESIAN_POINT('',(-2.15,2.45,0.675));
#16406 = CARTESIAN_POINT('',(-2.2,-2.5,0.675));
#16407 = CARTESIAN_POINT('',(-2.15,-2.45,0.675));
#16408 = ADVANCED_FACE('',(#16409),#16495,.T.);
#16409 = FACE_BOUND('',#16410,.T.);
#16410 = EDGE_LOOP('',(#16411,#16412,#16413,#16422,#16430,#16439,#16447,
    #16455,#16463,#16472,#16480,#16489));
#16411 = ORIENTED_EDGE('',*,*,#14730,.T.);
#16412 = ORIENTED_EDGE('',*,*,#15130,.T.);
#16413 = ORIENTED_EDGE('',*,*,#16414,.T.);
#16414 = EDGE_CURVE('',#15131,#16415,#16417,.T.);
#16415 = VERTEX_POINT('',#16416);
#16416 = CARTESIAN_POINT('',(-2.5,2.405,0.425));
#16417 = CIRCLE('',#16418,0.1);
#16418 = AXIS2_PLACEMENT_3D('',#16419,#16420,#16421);
#16419 = CARTESIAN_POINT('',(-2.4,2.405,0.425));
#16420 = DIRECTION('',(9.95799250103E-17,-1.,0.));
#16421 = DIRECTION('',(0.,0.,1.));
#16422 = ORIENTED_EDGE('',*,*,#16423,.T.);
#16423 = EDGE_CURVE('',#16415,#16424,#16426,.T.);
#16424 = VERTEX_POINT('',#16425);
#16425 = CARTESIAN_POINT('',(-2.5,2.405,0.25));
#16426 = LINE('',#16427,#16428);
#16427 = CARTESIAN_POINT('',(-2.5,2.405,0.425));
#16428 = VECTOR('',#16429,1.);
#16429 = DIRECTION('',(-0.,0.,-1.));
#16430 = ORIENTED_EDGE('',*,*,#16431,.T.);
#16431 = EDGE_CURVE('',#16424,#16432,#16434,.T.);
#16432 = VERTEX_POINT('',#16433);
#16433 = CARTESIAN_POINT('',(-2.75,2.405,1.110223024625E-16));
#16434 = CIRCLE('',#16435,0.25);
#16435 = AXIS2_PLACEMENT_3D('',#16436,#16437,#16438);
#16436 = CARTESIAN_POINT('',(-2.75,2.405,0.25));
#16437 = DIRECTION('',(-9.95799250103E-17,1.,0.));
#16438 = DIRECTION('',(1.,9.95799250103E-17,-2.442490654175E-15));
#16439 = ORIENTED_EDGE('',*,*,#16440,.T.);
#16440 = EDGE_CURVE('',#16432,#16441,#16443,.T.);
#16441 = VERTEX_POINT('',#16442);
#16442 = CARTESIAN_POINT('',(-3.2,2.405,1.110223024625E-16));
#16443 = LINE('',#16444,#16445);
#16444 = CARTESIAN_POINT('',(-2.75,2.405,1.110223024625E-16));
#16445 = VECTOR('',#16446,1.);
#16446 = DIRECTION('',(-1.,-9.95799250103E-17,0.));
#16447 = ORIENTED_EDGE('',*,*,#16448,.T.);
#16448 = EDGE_CURVE('',#16441,#16449,#16451,.T.);
#16449 = VERTEX_POINT('',#16450);
#16450 = CARTESIAN_POINT('',(-3.2,2.405,0.15));
#16451 = LINE('',#16452,#16453);
#16452 = CARTESIAN_POINT('',(-3.2,2.405,1.110223024625E-16));
#16453 = VECTOR('',#16454,1.);
#16454 = DIRECTION('',(0.,0.,1.));
#16455 = ORIENTED_EDGE('',*,*,#16456,.T.);
#16456 = EDGE_CURVE('',#16449,#16457,#16459,.T.);
#16457 = VERTEX_POINT('',#16458);
#16458 = CARTESIAN_POINT('',(-2.75,2.405,0.15));
#16459 = LINE('',#16460,#16461);
#16460 = CARTESIAN_POINT('',(-3.2,2.405,0.15));
#16461 = VECTOR('',#16462,1.);
#16462 = DIRECTION('',(1.,9.95799250103E-17,0.));
#16463 = ORIENTED_EDGE('',*,*,#16464,.T.);
#16464 = EDGE_CURVE('',#16457,#16465,#16467,.T.);
#16465 = VERTEX_POINT('',#16466);
#16466 = CARTESIAN_POINT('',(-2.65,2.405,0.25));
#16467 = CIRCLE('',#16468,0.1);
#16468 = AXIS2_PLACEMENT_3D('',#16469,#16470,#16471);
#16469 = CARTESIAN_POINT('',(-2.75,2.405,0.25));
#16470 = DIRECTION('',(9.95799250103E-17,-1.,-0.));
#16471 = DIRECTION('',(-0.,0.,-1.));
#16472 = ORIENTED_EDGE('',*,*,#16473,.T.);
#16473 = EDGE_CURVE('',#16465,#16474,#16476,.T.);
#16474 = VERTEX_POINT('',#16475);
#16475 = CARTESIAN_POINT('',(-2.65,2.405,0.425));
#16476 = LINE('',#16477,#16478);
#16477 = CARTESIAN_POINT('',(-2.65,2.405,0.25));
#16478 = VECTOR('',#16479,1.);
#16479 = DIRECTION('',(0.,0.,1.));
#16480 = ORIENTED_EDGE('',*,*,#16481,.T.);
#16481 = EDGE_CURVE('',#16474,#16482,#16484,.T.);
#16482 = VERTEX_POINT('',#16483);
#16483 = CARTESIAN_POINT('',(-2.4,2.405,0.675));
#16484 = CIRCLE('',#16485,0.25);
#16485 = AXIS2_PLACEMENT_3D('',#16486,#16487,#16488);
#16486 = CARTESIAN_POINT('',(-2.4,2.405,0.425));
#16487 = DIRECTION('',(-9.95799250103E-17,1.,0.));
#16488 = DIRECTION('',(-1.,-9.95799250103E-17,2.22044604925E-15));
#16489 = ORIENTED_EDGE('',*,*,#16490,.T.);
#16490 = EDGE_CURVE('',#16482,#14731,#16491,.T.);
#16491 = LINE('',#16492,#16493);
#16492 = CARTESIAN_POINT('',(-2.4,2.405,0.675));
#16493 = VECTOR('',#16494,1.);
#16494 = DIRECTION('',(1.,9.95799250103E-17,0.));
#16495 = PLANE('',#16496);
#16496 = AXIS2_PLACEMENT_3D('',#16497,#16498,#16499);
#16497 = CARTESIAN_POINT('',(-2.632923288131,2.405,0.313172218985));
#16498 = DIRECTION('',(-9.95799250103E-17,1.,0.));
#16499 = DIRECTION('',(0.,0.,1.));
#16500 = ADVANCED_FACE('',(#16501),#16633,.T.);
#16501 = FACE_BOUND('',#16502,.T.);
#16502 = EDGE_LOOP('',(#16503,#16504,#16512,#16520,#16528,#16536,#16544,
    #16552,#16560,#16568,#16576,#16584,#16592,#16600,#16608,#16616,
    #16624,#16630,#16631,#16632));
#16503 = ORIENTED_EDGE('',*,*,#16398,.T.);
#16504 = ORIENTED_EDGE('',*,*,#16505,.T.);
#16505 = EDGE_CURVE('',#16391,#16506,#16508,.T.);
#16506 = VERTEX_POINT('',#16507);
#16507 = CARTESIAN_POINT('',(-2.15,2.145,0.675));
#16508 = LINE('',#16509,#16510);
#16509 = CARTESIAN_POINT('',(-2.15,2.45,0.675));
#16510 = VECTOR('',#16511,1.);
#16511 = DIRECTION('',(2.22044604925E-16,-1.,0.));
#16512 = ORIENTED_EDGE('',*,*,#16513,.T.);
#16513 = EDGE_CURVE('',#16506,#16514,#16516,.T.);
#16514 = VERTEX_POINT('',#16515);
#16515 = CARTESIAN_POINT('',(-2.15,1.755,0.675));
#16516 = LINE('',#16517,#16518);
#16517 = CARTESIAN_POINT('',(-2.15,2.45,0.675));
#16518 = VECTOR('',#16519,1.);
#16519 = DIRECTION('',(2.22044604925E-16,-1.,0.));
#16520 = ORIENTED_EDGE('',*,*,#16521,.T.);
#16521 = EDGE_CURVE('',#16514,#16522,#16524,.T.);
#16522 = VERTEX_POINT('',#16523);
#16523 = CARTESIAN_POINT('',(-2.15,1.495,0.675));
#16524 = LINE('',#16525,#16526);
#16525 = CARTESIAN_POINT('',(-2.15,2.45,0.675));
#16526 = VECTOR('',#16527,1.);
#16527 = DIRECTION('',(2.22044604925E-16,-1.,0.));
#16528 = ORIENTED_EDGE('',*,*,#16529,.T.);
#16529 = EDGE_CURVE('',#16522,#16530,#16532,.T.);
#16530 = VERTEX_POINT('',#16531);
#16531 = CARTESIAN_POINT('',(-2.15,1.105,0.675));
#16532 = LINE('',#16533,#16534);
#16533 = CARTESIAN_POINT('',(-2.15,2.45,0.675));
#16534 = VECTOR('',#16535,1.);
#16535 = DIRECTION('',(2.22044604925E-16,-1.,0.));
#16536 = ORIENTED_EDGE('',*,*,#16537,.T.);
#16537 = EDGE_CURVE('',#16530,#16538,#16540,.T.);
#16538 = VERTEX_POINT('',#16539);
#16539 = CARTESIAN_POINT('',(-2.15,0.845,0.675));
#16540 = LINE('',#16541,#16542);
#16541 = CARTESIAN_POINT('',(-2.15,2.45,0.675));
#16542 = VECTOR('',#16543,1.);
#16543 = DIRECTION('',(2.22044604925E-16,-1.,0.));
#16544 = ORIENTED_EDGE('',*,*,#16545,.T.);
#16545 = EDGE_CURVE('',#16538,#16546,#16548,.T.);
#16546 = VERTEX_POINT('',#16547);
#16547 = CARTESIAN_POINT('',(-2.15,0.455,0.675));
#16548 = LINE('',#16549,#16550);
#16549 = CARTESIAN_POINT('',(-2.15,2.45,0.675));
#16550 = VECTOR('',#16551,1.);
#16551 = DIRECTION('',(2.22044604925E-16,-1.,0.));
#16552 = ORIENTED_EDGE('',*,*,#16553,.T.);
#16553 = EDGE_CURVE('',#16546,#16554,#16556,.T.);
#16554 = VERTEX_POINT('',#16555);
#16555 = CARTESIAN_POINT('',(-2.15,0.195,0.675));
#16556 = LINE('',#16557,#16558);
#16557 = CARTESIAN_POINT('',(-2.15,2.45,0.675));
#16558 = VECTOR('',#16559,1.);
#16559 = DIRECTION('',(2.22044604925E-16,-1.,0.));
#16560 = ORIENTED_EDGE('',*,*,#16561,.T.);
#16561 = EDGE_CURVE('',#16554,#16562,#16564,.T.);
#16562 = VERTEX_POINT('',#16563);
#16563 = CARTESIAN_POINT('',(-2.15,-0.195,0.675));
#16564 = LINE('',#16565,#16566);
#16565 = CARTESIAN_POINT('',(-2.15,2.45,0.675));
#16566 = VECTOR('',#16567,1.);
#16567 = DIRECTION('',(2.22044604925E-16,-1.,0.));
#16568 = ORIENTED_EDGE('',*,*,#16569,.T.);
#16569 = EDGE_CURVE('',#16562,#16570,#16572,.T.);
#16570 = VERTEX_POINT('',#16571);
#16571 = CARTESIAN_POINT('',(-2.15,-0.455,0.675));
#16572 = LINE('',#16573,#16574);
#16573 = CARTESIAN_POINT('',(-2.15,2.45,0.675));
#16574 = VECTOR('',#16575,1.);
#16575 = DIRECTION('',(2.22044604925E-16,-1.,0.));
#16576 = ORIENTED_EDGE('',*,*,#16577,.T.);
#16577 = EDGE_CURVE('',#16570,#16578,#16580,.T.);
#16578 = VERTEX_POINT('',#16579);
#16579 = CARTESIAN_POINT('',(-2.15,-0.845,0.675));
#16580 = LINE('',#16581,#16582);
#16581 = CARTESIAN_POINT('',(-2.15,2.45,0.675));
#16582 = VECTOR('',#16583,1.);
#16583 = DIRECTION('',(2.22044604925E-16,-1.,0.));
#16584 = ORIENTED_EDGE('',*,*,#16585,.T.);
#16585 = EDGE_CURVE('',#16578,#16586,#16588,.T.);
#16586 = VERTEX_POINT('',#16587);
#16587 = CARTESIAN_POINT('',(-2.15,-1.105,0.675));
#16588 = LINE('',#16589,#16590);
#16589 = CARTESIAN_POINT('',(-2.15,2.45,0.675));
#16590 = VECTOR('',#16591,1.);
#16591 = DIRECTION('',(2.22044604925E-16,-1.,0.));
#16592 = ORIENTED_EDGE('',*,*,#16593,.T.);
#16593 = EDGE_CURVE('',#16586,#16594,#16596,.T.);
#16594 = VERTEX_POINT('',#16595);
#16595 = CARTESIAN_POINT('',(-2.15,-1.495,0.675));
#16596 = LINE('',#16597,#16598);
#16597 = CARTESIAN_POINT('',(-2.15,2.45,0.675));
#16598 = VECTOR('',#16599,1.);
#16599 = DIRECTION('',(2.22044604925E-16,-1.,0.));
#16600 = ORIENTED_EDGE('',*,*,#16601,.T.);
#16601 = EDGE_CURVE('',#16594,#16602,#16604,.T.);
#16602 = VERTEX_POINT('',#16603);
#16603 = CARTESIAN_POINT('',(-2.15,-1.755,0.675));
#16604 = LINE('',#16605,#16606);
#16605 = CARTESIAN_POINT('',(-2.15,2.45,0.675));
#16606 = VECTOR('',#16607,1.);
#16607 = DIRECTION('',(2.22044604925E-16,-1.,0.));
#16608 = ORIENTED_EDGE('',*,*,#16609,.T.);
#16609 = EDGE_CURVE('',#16602,#16610,#16612,.T.);
#16610 = VERTEX_POINT('',#16611);
#16611 = CARTESIAN_POINT('',(-2.15,-2.145,0.675));
#16612 = LINE('',#16613,#16614);
#16613 = CARTESIAN_POINT('',(-2.15,2.45,0.675));
#16614 = VECTOR('',#16615,1.);
#16615 = DIRECTION('',(2.22044604925E-16,-1.,0.));
#16616 = ORIENTED_EDGE('',*,*,#16617,.T.);
#16617 = EDGE_CURVE('',#16610,#16618,#16620,.T.);
#16618 = VERTEX_POINT('',#16619);
#16619 = CARTESIAN_POINT('',(-2.15,-2.405,0.675));
#16620 = LINE('',#16621,#16622);
#16621 = CARTESIAN_POINT('',(-2.15,2.45,0.675));
#16622 = VECTOR('',#16623,1.);
#16623 = DIRECTION('',(2.22044604925E-16,-1.,0.));
#16624 = ORIENTED_EDGE('',*,*,#16625,.T.);
#16625 = EDGE_CURVE('',#16618,#14753,#16626,.T.);
#16626 = LINE('',#16627,#16628);
#16627 = CARTESIAN_POINT('',(-2.15,2.45,0.675));
#16628 = VECTOR('',#16629,1.);
#16629 = DIRECTION('',(2.22044604925E-16,-1.,0.));
#16630 = ORIENTED_EDGE('',*,*,#14769,.T.);
#16631 = ORIENTED_EDGE('',*,*,#14801,.F.);
#16632 = ORIENTED_EDGE('',*,*,#14837,.F.);
#16633 = B_SPLINE_SURFACE_WITH_KNOTS('',1,1,(
    (#16634,#16635)
    ,(#16636,#16637
    )),.UNSPECIFIED.,.F.,.F.,.F.,(2,2),(2,2),(0.,4.9),(0.,1.),
  .PIECEWISE_BEZIER_KNOTS.);
#16634 = CARTESIAN_POINT('',(-2.15,2.45,0.675));
#16635 = CARTESIAN_POINT('',(-2.075061033199,2.375061033199,1.1));
#16636 = CARTESIAN_POINT('',(-2.15,-2.45,0.675));
#16637 = CARTESIAN_POINT('',(-2.075061033199,-2.375061033199,1.1));
#16638 = ADVANCED_FACE('',(#16639),#16658,.F.);
#16639 = FACE_BOUND('',#16640,.F.);
#16640 = EDGE_LOOP('',(#16641,#16650,#16656,#16657));
#16641 = ORIENTED_EDGE('',*,*,#16642,.T.);
#16642 = EDGE_CURVE('',#16643,#16643,#16645,.T.);
#16643 = VERTEX_POINT('',#16644);
#16644 = CARTESIAN_POINT('',(-1.375061033199,1.425061033199,1.));
#16645 = CIRCLE('',#16646,0.25);
#16646 = AXIS2_PLACEMENT_3D('',#16647,#16648,#16649);
#16647 = CARTESIAN_POINT('',(-1.375061033199,1.675061033199,1.));
#16648 = DIRECTION('',(-0.,0.,1.));
#16649 = DIRECTION('',(2.22044604925E-16,-1.,0.));
#16650 = ORIENTED_EDGE('',*,*,#16651,.F.);
#16651 = EDGE_CURVE('',#14820,#16643,#16652,.T.);
#16652 = LINE('',#16653,#16654);
#16653 = CARTESIAN_POINT('',(-1.375061033199,1.425061033199,1.1));
#16654 = VECTOR('',#16655,1.);
#16655 = DIRECTION('',(0.,-0.,-1.));
#16656 = ORIENTED_EDGE('',*,*,#14819,.F.);
#16657 = ORIENTED_EDGE('',*,*,#16651,.T.);
#16658 = CYLINDRICAL_SURFACE('',#16659,0.25);
#16659 = AXIS2_PLACEMENT_3D('',#16660,#16661,#16662);
#16660 = CARTESIAN_POINT('',(-1.375061033199,1.675061033199,1.1));
#16661 = DIRECTION('',(-0.,0.,-1.));
#16662 = DIRECTION('',(2.22044604925E-16,-1.,-0.));
#16663 = ADVANCED_FACE('',(#16664),#16750,.F.);
#16664 = FACE_BOUND('',#16665,.F.);
#16665 = EDGE_LOOP('',(#16666,#16667,#16668,#16677,#16685,#16694,#16702,
    #16710,#16718,#16727,#16735,#16744));
#16666 = ORIENTED_EDGE('',*,*,#15097,.T.);
#16667 = ORIENTED_EDGE('',*,*,#15152,.T.);
#16668 = ORIENTED_EDGE('',*,*,#16669,.T.);
#16669 = EDGE_CURVE('',#15153,#16670,#16672,.T.);
#16670 = VERTEX_POINT('',#16671);
#16671 = CARTESIAN_POINT('',(-2.5,-2.405,0.425));
#16672 = CIRCLE('',#16673,0.1);
#16673 = AXIS2_PLACEMENT_3D('',#16674,#16675,#16676);
#16674 = CARTESIAN_POINT('',(-2.4,-2.405,0.425));
#16675 = DIRECTION('',(9.95799250103E-17,-1.,0.));
#16676 = DIRECTION('',(0.,0.,1.));
#16677 = ORIENTED_EDGE('',*,*,#16678,.T.);
#16678 = EDGE_CURVE('',#16670,#16679,#16681,.T.);
#16679 = VERTEX_POINT('',#16680);
#16680 = CARTESIAN_POINT('',(-2.5,-2.405,0.25));
#16681 = LINE('',#16682,#16683);
#16682 = CARTESIAN_POINT('',(-2.5,-2.405,0.425));
#16683 = VECTOR('',#16684,1.);
#16684 = DIRECTION('',(-0.,0.,-1.));
#16685 = ORIENTED_EDGE('',*,*,#16686,.T.);
#16686 = EDGE_CURVE('',#16679,#16687,#16689,.T.);
#16687 = VERTEX_POINT('',#16688);
#16688 = CARTESIAN_POINT('',(-2.75,-2.405,1.110223024625E-16));
#16689 = CIRCLE('',#16690,0.25);
#16690 = AXIS2_PLACEMENT_3D('',#16691,#16692,#16693);
#16691 = CARTESIAN_POINT('',(-2.75,-2.405,0.25));
#16692 = DIRECTION('',(-9.95799250103E-17,1.,0.));
#16693 = DIRECTION('',(1.,9.95799250103E-17,-2.442490654175E-15));
#16694 = ORIENTED_EDGE('',*,*,#16695,.T.);
#16695 = EDGE_CURVE('',#16687,#16696,#16698,.T.);
#16696 = VERTEX_POINT('',#16697);
#16697 = CARTESIAN_POINT('',(-3.2,-2.405,1.110223024625E-16));
#16698 = LINE('',#16699,#16700);
#16699 = CARTESIAN_POINT('',(-2.75,-2.405,1.110223024625E-16));
#16700 = VECTOR('',#16701,1.);
#16701 = DIRECTION('',(-1.,-9.95799250103E-17,0.));
#16702 = ORIENTED_EDGE('',*,*,#16703,.T.);
#16703 = EDGE_CURVE('',#16696,#16704,#16706,.T.);
#16704 = VERTEX_POINT('',#16705);
#16705 = CARTESIAN_POINT('',(-3.2,-2.405,0.15));
#16706 = LINE('',#16707,#16708);
#16707 = CARTESIAN_POINT('',(-3.2,-2.405,1.110223024625E-16));
#16708 = VECTOR('',#16709,1.);
#16709 = DIRECTION('',(0.,0.,1.));
#16710 = ORIENTED_EDGE('',*,*,#16711,.T.);
#16711 = EDGE_CURVE('',#16704,#16712,#16714,.T.);
#16712 = VERTEX_POINT('',#16713);
#16713 = CARTESIAN_POINT('',(-2.75,-2.405,0.15));
#16714 = LINE('',#16715,#16716);
#16715 = CARTESIAN_POINT('',(-3.2,-2.405,0.15));
#16716 = VECTOR('',#16717,1.);
#16717 = DIRECTION('',(1.,9.95799250103E-17,0.));
#16718 = ORIENTED_EDGE('',*,*,#16719,.T.);
#16719 = EDGE_CURVE('',#16712,#16720,#16722,.T.);
#16720 = VERTEX_POINT('',#16721);
#16721 = CARTESIAN_POINT('',(-2.65,-2.405,0.25));
#16722 = CIRCLE('',#16723,0.1);
#16723 = AXIS2_PLACEMENT_3D('',#16724,#16725,#16726);
#16724 = CARTESIAN_POINT('',(-2.75,-2.405,0.25));
#16725 = DIRECTION('',(9.95799250103E-17,-1.,-0.));
#16726 = DIRECTION('',(-0.,0.,-1.));
#16727 = ORIENTED_EDGE('',*,*,#16728,.T.);
#16728 = EDGE_CURVE('',#16720,#16729,#16731,.T.);
#16729 = VERTEX_POINT('',#16730);
#16730 = CARTESIAN_POINT('',(-2.65,-2.405,0.425));
#16731 = LINE('',#16732,#16733);
#16732 = CARTESIAN_POINT('',(-2.65,-2.405,0.25));
#16733 = VECTOR('',#16734,1.);
#16734 = DIRECTION('',(0.,0.,1.));
#16735 = ORIENTED_EDGE('',*,*,#16736,.T.);
#16736 = EDGE_CURVE('',#16729,#16737,#16739,.T.);
#16737 = VERTEX_POINT('',#16738);
#16738 = CARTESIAN_POINT('',(-2.4,-2.405,0.675));
#16739 = CIRCLE('',#16740,0.25);
#16740 = AXIS2_PLACEMENT_3D('',#16741,#16742,#16743);
#16741 = CARTESIAN_POINT('',(-2.4,-2.405,0.425));
#16742 = DIRECTION('',(-9.95799250103E-17,1.,0.));
#16743 = DIRECTION('',(-1.,-9.95799250103E-17,2.22044604925E-15));
#16744 = ORIENTED_EDGE('',*,*,#16745,.T.);
#16745 = EDGE_CURVE('',#16737,#15098,#16746,.T.);
#16746 = LINE('',#16747,#16748);
#16747 = CARTESIAN_POINT('',(-2.4,-2.405,0.675));
#16748 = VECTOR('',#16749,1.);
#16749 = DIRECTION('',(1.,9.95799250103E-17,0.));
#16750 = PLANE('',#16751);
#16751 = AXIS2_PLACEMENT_3D('',#16752,#16753,#16754);
#16752 = CARTESIAN_POINT('',(-2.632923288131,-2.405,0.313172218985));
#16753 = DIRECTION('',(-9.95799250103E-17,1.,0.));
#16754 = DIRECTION('',(0.,0.,1.));
#16755 = ADVANCED_FACE('',(#16756),#16767,.T.);
#16756 = FACE_BOUND('',#16757,.T.);
#16757 = EDGE_LOOP('',(#16758,#16764,#16765,#16766));
#16758 = ORIENTED_EDGE('',*,*,#16759,.F.);
#16759 = EDGE_CURVE('',#15098,#16618,#16760,.T.);
#16760 = LINE('',#16761,#16762);
#16761 = CARTESIAN_POINT('',(-2.4,-2.405,0.675));
#16762 = VECTOR('',#16763,1.);
#16763 = DIRECTION('',(1.,9.95799250103E-17,0.));
#16764 = ORIENTED_EDGE('',*,*,#15107,.T.);
#16765 = ORIENTED_EDGE('',*,*,#15589,.T.);
#16766 = ORIENTED_EDGE('',*,*,#16625,.F.);
#16767 = B_SPLINE_SURFACE_WITH_KNOTS('',1,1,(
    (#16768,#16769)
    ,(#16770,#16771
    )),.UNSPECIFIED.,.F.,.F.,.F.,(2,2),(2,2),(0.,5.),(0.,1.),
  .PIECEWISE_BEZIER_KNOTS.);
#16768 = CARTESIAN_POINT('',(-2.2,2.5,0.675));
#16769 = CARTESIAN_POINT('',(-2.15,2.45,0.675));
#16770 = CARTESIAN_POINT('',(-2.2,-2.5,0.675));
#16771 = CARTESIAN_POINT('',(-2.15,-2.45,0.675));
#16772 = ADVANCED_FACE('',(#16773),#16859,.F.);
#16773 = FACE_BOUND('',#16774,.F.);
#16774 = EDGE_LOOP('',(#16775,#16776,#16777,#16786,#16794,#16803,#16811,
    #16819,#16827,#16836,#16844,#16853));
#16775 = ORIENTED_EDGE('',*,*,#15183,.T.);
#16776 = ORIENTED_EDGE('',*,*,#15121,.T.);
#16777 = ORIENTED_EDGE('',*,*,#16778,.T.);
#16778 = EDGE_CURVE('',#15122,#16779,#16781,.T.);
#16779 = VERTEX_POINT('',#16780);
#16780 = CARTESIAN_POINT('',(-2.5,2.145,0.425));
#16781 = CIRCLE('',#16782,0.1);
#16782 = AXIS2_PLACEMENT_3D('',#16783,#16784,#16785);
#16783 = CARTESIAN_POINT('',(-2.4,2.145,0.425));
#16784 = DIRECTION('',(9.95799250103E-17,-1.,0.));
#16785 = DIRECTION('',(0.,0.,1.));
#16786 = ORIENTED_EDGE('',*,*,#16787,.T.);
#16787 = EDGE_CURVE('',#16779,#16788,#16790,.T.);
#16788 = VERTEX_POINT('',#16789);
#16789 = CARTESIAN_POINT('',(-2.5,2.145,0.25));
#16790 = LINE('',#16791,#16792);
#16791 = CARTESIAN_POINT('',(-2.5,2.145,0.425));
#16792 = VECTOR('',#16793,1.);
#16793 = DIRECTION('',(-0.,0.,-1.));
#16794 = ORIENTED_EDGE('',*,*,#16795,.T.);
#16795 = EDGE_CURVE('',#16788,#16796,#16798,.T.);
#16796 = VERTEX_POINT('',#16797);
#16797 = CARTESIAN_POINT('',(-2.75,2.145,1.110223024625E-16));
#16798 = CIRCLE('',#16799,0.25);
#16799 = AXIS2_PLACEMENT_3D('',#16800,#16801,#16802);
#16800 = CARTESIAN_POINT('',(-2.75,2.145,0.25));
#16801 = DIRECTION('',(-9.95799250103E-17,1.,0.));
#16802 = DIRECTION('',(1.,9.95799250103E-17,-2.442490654175E-15));
#16803 = ORIENTED_EDGE('',*,*,#16804,.T.);
#16804 = EDGE_CURVE('',#16796,#16805,#16807,.T.);
#16805 = VERTEX_POINT('',#16806);
#16806 = CARTESIAN_POINT('',(-3.2,2.145,1.110223024625E-16));
#16807 = LINE('',#16808,#16809);
#16808 = CARTESIAN_POINT('',(-2.75,2.145,1.110223024625E-16));
#16809 = VECTOR('',#16810,1.);
#16810 = DIRECTION('',(-1.,-9.95799250103E-17,0.));
#16811 = ORIENTED_EDGE('',*,*,#16812,.T.);
#16812 = EDGE_CURVE('',#16805,#16813,#16815,.T.);
#16813 = VERTEX_POINT('',#16814);
#16814 = CARTESIAN_POINT('',(-3.2,2.145,0.15));
#16815 = LINE('',#16816,#16817);
#16816 = CARTESIAN_POINT('',(-3.2,2.145,1.110223024625E-16));
#16817 = VECTOR('',#16818,1.);
#16818 = DIRECTION('',(0.,0.,1.));
#16819 = ORIENTED_EDGE('',*,*,#16820,.T.);
#16820 = EDGE_CURVE('',#16813,#16821,#16823,.T.);
#16821 = VERTEX_POINT('',#16822);
#16822 = CARTESIAN_POINT('',(-2.75,2.145,0.15));
#16823 = LINE('',#16824,#16825);
#16824 = CARTESIAN_POINT('',(-3.2,2.145,0.15));
#16825 = VECTOR('',#16826,1.);
#16826 = DIRECTION('',(1.,9.95799250103E-17,0.));
#16827 = ORIENTED_EDGE('',*,*,#16828,.T.);
#16828 = EDGE_CURVE('',#16821,#16829,#16831,.T.);
#16829 = VERTEX_POINT('',#16830);
#16830 = CARTESIAN_POINT('',(-2.65,2.145,0.25));
#16831 = CIRCLE('',#16832,0.1);
#16832 = AXIS2_PLACEMENT_3D('',#16833,#16834,#16835);
#16833 = CARTESIAN_POINT('',(-2.75,2.145,0.25));
#16834 = DIRECTION('',(9.95799250103E-17,-1.,-0.));
#16835 = DIRECTION('',(-0.,0.,-1.));
#16836 = ORIENTED_EDGE('',*,*,#16837,.T.);
#16837 = EDGE_CURVE('',#16829,#16838,#16840,.T.);
#16838 = VERTEX_POINT('',#16839);
#16839 = CARTESIAN_POINT('',(-2.65,2.145,0.425));
#16840 = LINE('',#16841,#16842);
#16841 = CARTESIAN_POINT('',(-2.65,2.145,0.25));
#16842 = VECTOR('',#16843,1.);
#16843 = DIRECTION('',(0.,0.,1.));
#16844 = ORIENTED_EDGE('',*,*,#16845,.T.);
#16845 = EDGE_CURVE('',#16838,#16846,#16848,.T.);
#16846 = VERTEX_POINT('',#16847);
#16847 = CARTESIAN_POINT('',(-2.4,2.145,0.675));
#16848 = CIRCLE('',#16849,0.25);
#16849 = AXIS2_PLACEMENT_3D('',#16850,#16851,#16852);
#16850 = CARTESIAN_POINT('',(-2.4,2.145,0.425));
#16851 = DIRECTION('',(-9.95799250103E-17,1.,0.));
#16852 = DIRECTION('',(-1.,-9.95799250103E-17,2.22044604925E-15));
#16853 = ORIENTED_EDGE('',*,*,#16854,.T.);
#16854 = EDGE_CURVE('',#16846,#15184,#16855,.T.);
#16855 = LINE('',#16856,#16857);
#16856 = CARTESIAN_POINT('',(-2.4,2.145,0.675));
#16857 = VECTOR('',#16858,1.);
#16858 = DIRECTION('',(1.,9.95799250103E-17,0.));
#16859 = PLANE('',#16860);
#16860 = AXIS2_PLACEMENT_3D('',#16861,#16862,#16863);
#16861 = CARTESIAN_POINT('',(-2.632923288131,2.145,0.313172218985));
#16862 = DIRECTION('',(-9.95799250103E-17,1.,0.));
#16863 = DIRECTION('',(0.,0.,1.));
#16864 = ADVANCED_FACE('',(#16865),#16876,.F.);
#16865 = FACE_BOUND('',#16866,.F.);
#16866 = EDGE_LOOP('',(#16867,#16868,#16869,#16875));
#16867 = ORIENTED_EDGE('',*,*,#15138,.T.);
#16868 = ORIENTED_EDGE('',*,*,#16414,.T.);
#16869 = ORIENTED_EDGE('',*,*,#16870,.F.);
#16870 = EDGE_CURVE('',#16779,#16415,#16871,.T.);
#16871 = LINE('',#16872,#16873);
#16872 = CARTESIAN_POINT('',(-2.5,2.145,0.425));
#16873 = VECTOR('',#16874,1.);
#16874 = DIRECTION('',(-9.95799250103E-17,1.,0.));
#16875 = ORIENTED_EDGE('',*,*,#16778,.F.);
#16876 = CYLINDRICAL_SURFACE('',#16877,0.1);
#16877 = AXIS2_PLACEMENT_3D('',#16878,#16879,#16880);
#16878 = CARTESIAN_POINT('',(-2.4,2.145,0.425));
#16879 = DIRECTION('',(9.95799250103E-17,-1.,0.));
#16880 = DIRECTION('',(0.,0.,1.));
#16881 = ADVANCED_FACE('',(#16882),#16901,.F.);
#16882 = FACE_BOUND('',#16883,.F.);
#16883 = EDGE_LOOP('',(#16884,#16885,#16894,#16900));
#16884 = ORIENTED_EDGE('',*,*,#15169,.T.);
#16885 = ORIENTED_EDGE('',*,*,#16886,.T.);
#16886 = EDGE_CURVE('',#15162,#16887,#16889,.T.);
#16887 = VERTEX_POINT('',#16888);
#16888 = CARTESIAN_POINT('',(-2.5,-2.145,0.425));
#16889 = CIRCLE('',#16890,0.1);
#16890 = AXIS2_PLACEMENT_3D('',#16891,#16892,#16893);
#16891 = CARTESIAN_POINT('',(-2.4,-2.145,0.425));
#16892 = DIRECTION('',(9.95799250103E-17,-1.,0.));
#16893 = DIRECTION('',(0.,0.,1.));
#16894 = ORIENTED_EDGE('',*,*,#16895,.F.);
#16895 = EDGE_CURVE('',#16670,#16887,#16896,.T.);
#16896 = LINE('',#16897,#16898);
#16897 = CARTESIAN_POINT('',(-2.5,-2.405,0.425));
#16898 = VECTOR('',#16899,1.);
#16899 = DIRECTION('',(-9.95799250103E-17,1.,0.));
#16900 = ORIENTED_EDGE('',*,*,#16669,.F.);
#16901 = CYLINDRICAL_SURFACE('',#16902,0.1);
#16902 = AXIS2_PLACEMENT_3D('',#16903,#16904,#16905);
#16903 = CARTESIAN_POINT('',(-2.4,-2.405,0.425));
#16904 = DIRECTION('',(9.95799250103E-17,-1.,0.));
#16905 = DIRECTION('',(0.,0.,1.));
#16906 = ADVANCED_FACE('',(#16907),#16985,.T.);
#16907 = FACE_BOUND('',#16908,.T.);
#16908 = EDGE_LOOP('',(#16909,#16910,#16911,#16912,#16920,#16929,#16937,
    #16945,#16953,#16962,#16970,#16979));
#16909 = ORIENTED_EDGE('',*,*,#15223,.T.);
#16910 = ORIENTED_EDGE('',*,*,#15161,.T.);
#16911 = ORIENTED_EDGE('',*,*,#16886,.T.);
#16912 = ORIENTED_EDGE('',*,*,#16913,.T.);
#16913 = EDGE_CURVE('',#16887,#16914,#16916,.T.);
#16914 = VERTEX_POINT('',#16915);
#16915 = CARTESIAN_POINT('',(-2.5,-2.145,0.25));
#16916 = LINE('',#16917,#16918);
#16917 = CARTESIAN_POINT('',(-2.5,-2.145,0.425));
#16918 = VECTOR('',#16919,1.);
#16919 = DIRECTION('',(-0.,0.,-1.));
#16920 = ORIENTED_EDGE('',*,*,#16921,.T.);
#16921 = EDGE_CURVE('',#16914,#16922,#16924,.T.);
#16922 = VERTEX_POINT('',#16923);
#16923 = CARTESIAN_POINT('',(-2.75,-2.145,1.110223024625E-16));
#16924 = CIRCLE('',#16925,0.25);
#16925 = AXIS2_PLACEMENT_3D('',#16926,#16927,#16928);
#16926 = CARTESIAN_POINT('',(-2.75,-2.145,0.25));
#16927 = DIRECTION('',(-9.95799250103E-17,1.,0.));
#16928 = DIRECTION('',(1.,9.95799250103E-17,-2.442490654175E-15));
#16929 = ORIENTED_EDGE('',*,*,#16930,.T.);
#16930 = EDGE_CURVE('',#16922,#16931,#16933,.T.);
#16931 = VERTEX_POINT('',#16932);
#16932 = CARTESIAN_POINT('',(-3.2,-2.145,1.110223024625E-16));
#16933 = LINE('',#16934,#16935);
#16934 = CARTESIAN_POINT('',(-2.75,-2.145,1.110223024625E-16));
#16935 = VECTOR('',#16936,1.);
#16936 = DIRECTION('',(-1.,-9.95799250103E-17,0.));
#16937 = ORIENTED_EDGE('',*,*,#16938,.T.);
#16938 = EDGE_CURVE('',#16931,#16939,#16941,.T.);
#16939 = VERTEX_POINT('',#16940);
#16940 = CARTESIAN_POINT('',(-3.2,-2.145,0.15));
#16941 = LINE('',#16942,#16943);
#16942 = CARTESIAN_POINT('',(-3.2,-2.145,1.110223024625E-16));
#16943 = VECTOR('',#16944,1.);
#16944 = DIRECTION('',(0.,0.,1.));
#16945 = ORIENTED_EDGE('',*,*,#16946,.T.);
#16946 = EDGE_CURVE('',#16939,#16947,#16949,.T.);
#16947 = VERTEX_POINT('',#16948);
#16948 = CARTESIAN_POINT('',(-2.75,-2.145,0.15));
#16949 = LINE('',#16950,#16951);
#16950 = CARTESIAN_POINT('',(-3.2,-2.145,0.15));
#16951 = VECTOR('',#16952,1.);
#16952 = DIRECTION('',(1.,9.95799250103E-17,0.));
#16953 = ORIENTED_EDGE('',*,*,#16954,.T.);
#16954 = EDGE_CURVE('',#16947,#16955,#16957,.T.);
#16955 = VERTEX_POINT('',#16956);
#16956 = CARTESIAN_POINT('',(-2.65,-2.145,0.25));
#16957 = CIRCLE('',#16958,0.1);
#16958 = AXIS2_PLACEMENT_3D('',#16959,#16960,#16961);
#16959 = CARTESIAN_POINT('',(-2.75,-2.145,0.25));
#16960 = DIRECTION('',(9.95799250103E-17,-1.,-0.));
#16961 = DIRECTION('',(-0.,0.,-1.));
#16962 = ORIENTED_EDGE('',*,*,#16963,.T.);
#16963 = EDGE_CURVE('',#16955,#16964,#16966,.T.);
#16964 = VERTEX_POINT('',#16965);
#16965 = CARTESIAN_POINT('',(-2.65,-2.145,0.425));
#16966 = LINE('',#16967,#16968);
#16967 = CARTESIAN_POINT('',(-2.65,-2.145,0.25));
#16968 = VECTOR('',#16969,1.);
#16969 = DIRECTION('',(0.,0.,1.));
#16970 = ORIENTED_EDGE('',*,*,#16971,.T.);
#16971 = EDGE_CURVE('',#16964,#16972,#16974,.T.);
#16972 = VERTEX_POINT('',#16973);
#16973 = CARTESIAN_POINT('',(-2.4,-2.145,0.675));
#16974 = CIRCLE('',#16975,0.25);
#16975 = AXIS2_PLACEMENT_3D('',#16976,#16977,#16978);
#16976 = CARTESIAN_POINT('',(-2.4,-2.145,0.425));
#16977 = DIRECTION('',(-9.95799250103E-17,1.,0.));
#16978 = DIRECTION('',(-1.,-9.95799250103E-17,2.22044604925E-15));
#16979 = ORIENTED_EDGE('',*,*,#16980,.T.);
#16980 = EDGE_CURVE('',#16972,#15224,#16981,.T.);
#16981 = LINE('',#16982,#16983);
#16982 = CARTESIAN_POINT('',(-2.4,-2.145,0.675));
#16983 = VECTOR('',#16984,1.);
#16984 = DIRECTION('',(1.,9.95799250103E-17,0.));
#16985 = PLANE('',#16986);
#16986 = AXIS2_PLACEMENT_3D('',#16987,#16988,#16989);
#16987 = CARTESIAN_POINT('',(-2.632923288131,-2.145,0.313172218985));
#16988 = DIRECTION('',(-9.95799250103E-17,1.,0.));
#16989 = DIRECTION('',(0.,0.,1.));
#16990 = ADVANCED_FACE('',(#16991),#17007,.T.);
#16991 = FACE_BOUND('',#16992,.T.);
#16992 = EDGE_LOOP('',(#16993,#16999,#17000,#17006));
#16993 = ORIENTED_EDGE('',*,*,#16994,.F.);
#16994 = EDGE_CURVE('',#15184,#16506,#16995,.T.);
#16995 = LINE('',#16996,#16997);
#16996 = CARTESIAN_POINT('',(-2.4,2.145,0.675));
#16997 = VECTOR('',#16998,1.);
#16998 = DIRECTION('',(1.,9.95799250103E-17,0.));
#16999 = ORIENTED_EDGE('',*,*,#15200,.T.);
#17000 = ORIENTED_EDGE('',*,*,#17001,.T.);
#17001 = EDGE_CURVE('',#15193,#16514,#17002,.T.);
#17002 = LINE('',#17003,#17004);
#17003 = CARTESIAN_POINT('',(-2.4,1.755,0.675));
#17004 = VECTOR('',#17005,1.);
#17005 = DIRECTION('',(1.,9.95799250103E-17,0.));
#17006 = ORIENTED_EDGE('',*,*,#16513,.F.);
#17007 = B_SPLINE_SURFACE_WITH_KNOTS('',1,1,(
    (#17008,#17009)
    ,(#17010,#17011
    )),.UNSPECIFIED.,.F.,.F.,.F.,(2,2),(2,2),(0.,5.),(0.,1.),
  .PIECEWISE_BEZIER_KNOTS.);
#17008 = CARTESIAN_POINT('',(-2.2,2.5,0.675));
#17009 = CARTESIAN_POINT('',(-2.15,2.45,0.675));
#17010 = CARTESIAN_POINT('',(-2.2,-2.5,0.675));
#17011 = CARTESIAN_POINT('',(-2.15,-2.45,0.675));
#17012 = ADVANCED_FACE('',(#17013),#17099,.T.);
#17013 = FACE_BOUND('',#17014,.T.);
#17014 = EDGE_LOOP('',(#17015,#17016,#17017,#17026,#17034,#17043,#17051,
    #17059,#17067,#17076,#17084,#17093));
#17015 = ORIENTED_EDGE('',*,*,#15192,.T.);
#17016 = ORIENTED_EDGE('',*,*,#15254,.T.);
#17017 = ORIENTED_EDGE('',*,*,#17018,.T.);
#17018 = EDGE_CURVE('',#15255,#17019,#17021,.T.);
#17019 = VERTEX_POINT('',#17020);
#17020 = CARTESIAN_POINT('',(-2.5,1.755,0.425));
#17021 = CIRCLE('',#17022,0.1);
#17022 = AXIS2_PLACEMENT_3D('',#17023,#17024,#17025);
#17023 = CARTESIAN_POINT('',(-2.4,1.755,0.425));
#17024 = DIRECTION('',(9.95799250103E-17,-1.,0.));
#17025 = DIRECTION('',(0.,0.,1.));
#17026 = ORIENTED_EDGE('',*,*,#17027,.T.);
#17027 = EDGE_CURVE('',#17019,#17028,#17030,.T.);
#17028 = VERTEX_POINT('',#17029);
#17029 = CARTESIAN_POINT('',(-2.5,1.755,0.25));
#17030 = LINE('',#17031,#17032);
#17031 = CARTESIAN_POINT('',(-2.5,1.755,0.425));
#17032 = VECTOR('',#17033,1.);
#17033 = DIRECTION('',(-0.,0.,-1.));
#17034 = ORIENTED_EDGE('',*,*,#17035,.T.);
#17035 = EDGE_CURVE('',#17028,#17036,#17038,.T.);
#17036 = VERTEX_POINT('',#17037);
#17037 = CARTESIAN_POINT('',(-2.75,1.755,1.110223024625E-16));
#17038 = CIRCLE('',#17039,0.25);
#17039 = AXIS2_PLACEMENT_3D('',#17040,#17041,#17042);
#17040 = CARTESIAN_POINT('',(-2.75,1.755,0.25));
#17041 = DIRECTION('',(-9.95799250103E-17,1.,0.));
#17042 = DIRECTION('',(1.,9.95799250103E-17,-2.442490654175E-15));
#17043 = ORIENTED_EDGE('',*,*,#17044,.T.);
#17044 = EDGE_CURVE('',#17036,#17045,#17047,.T.);
#17045 = VERTEX_POINT('',#17046);
#17046 = CARTESIAN_POINT('',(-3.2,1.755,1.110223024625E-16));
#17047 = LINE('',#17048,#17049);
#17048 = CARTESIAN_POINT('',(-2.75,1.755,1.110223024625E-16));
#17049 = VECTOR('',#17050,1.);
#17050 = DIRECTION('',(-1.,-9.95799250103E-17,0.));
#17051 = ORIENTED_EDGE('',*,*,#17052,.T.);
#17052 = EDGE_CURVE('',#17045,#17053,#17055,.T.);
#17053 = VERTEX_POINT('',#17054);
#17054 = CARTESIAN_POINT('',(-3.2,1.755,0.15));
#17055 = LINE('',#17056,#17057);
#17056 = CARTESIAN_POINT('',(-3.2,1.755,1.110223024625E-16));
#17057 = VECTOR('',#17058,1.);
#17058 = DIRECTION('',(0.,0.,1.));
#17059 = ORIENTED_EDGE('',*,*,#17060,.T.);
#17060 = EDGE_CURVE('',#17053,#17061,#17063,.T.);
#17061 = VERTEX_POINT('',#17062);
#17062 = CARTESIAN_POINT('',(-2.75,1.755,0.15));
#17063 = LINE('',#17064,#17065);
#17064 = CARTESIAN_POINT('',(-3.2,1.755,0.15));
#17065 = VECTOR('',#17066,1.);
#17066 = DIRECTION('',(1.,9.95799250103E-17,0.));
#17067 = ORIENTED_EDGE('',*,*,#17068,.T.);
#17068 = EDGE_CURVE('',#17061,#17069,#17071,.T.);
#17069 = VERTEX_POINT('',#17070);
#17070 = CARTESIAN_POINT('',(-2.65,1.755,0.25));
#17071 = CIRCLE('',#17072,0.1);
#17072 = AXIS2_PLACEMENT_3D('',#17073,#17074,#17075);
#17073 = CARTESIAN_POINT('',(-2.75,1.755,0.25));
#17074 = DIRECTION('',(9.95799250103E-17,-1.,-0.));
#17075 = DIRECTION('',(-0.,0.,-1.));
#17076 = ORIENTED_EDGE('',*,*,#17077,.T.);
#17077 = EDGE_CURVE('',#17069,#17078,#17080,.T.);
#17078 = VERTEX_POINT('',#17079);
#17079 = CARTESIAN_POINT('',(-2.65,1.755,0.425));
#17080 = LINE('',#17081,#17082);
#17081 = CARTESIAN_POINT('',(-2.65,1.755,0.25));
#17082 = VECTOR('',#17083,1.);
#17083 = DIRECTION('',(0.,0.,1.));
#17084 = ORIENTED_EDGE('',*,*,#17085,.T.);
#17085 = EDGE_CURVE('',#17078,#17086,#17088,.T.);
#17086 = VERTEX_POINT('',#17087);
#17087 = CARTESIAN_POINT('',(-2.4,1.755,0.675));
#17088 = CIRCLE('',#17089,0.25);
#17089 = AXIS2_PLACEMENT_3D('',#17090,#17091,#17092);
#17090 = CARTESIAN_POINT('',(-2.4,1.755,0.425));
#17091 = DIRECTION('',(-9.95799250103E-17,1.,0.));
#17092 = DIRECTION('',(-1.,-9.95799250103E-17,2.22044604925E-15));
#17093 = ORIENTED_EDGE('',*,*,#17094,.T.);
#17094 = EDGE_CURVE('',#17086,#15193,#17095,.T.);
#17095 = LINE('',#17096,#17097);
#17096 = CARTESIAN_POINT('',(-2.4,1.755,0.675));
#17097 = VECTOR('',#17098,1.);
#17098 = DIRECTION('',(1.,9.95799250103E-17,0.));
#17099 = PLANE('',#17100);
#17100 = AXIS2_PLACEMENT_3D('',#17101,#17102,#17103);
#17101 = CARTESIAN_POINT('',(-2.632923288131,1.755,0.313172218985));
#17102 = DIRECTION('',(-9.95799250103E-17,1.,0.));
#17103 = DIRECTION('',(0.,0.,1.));
#17104 = ADVANCED_FACE('',(#17105),#17191,.F.);
#17105 = FACE_BOUND('',#17106,.F.);
#17106 = EDGE_LOOP('',(#17107,#17108,#17109,#17118,#17126,#17135,#17143,
    #17151,#17159,#17168,#17176,#17185));
#17107 = ORIENTED_EDGE('',*,*,#15214,.T.);
#17108 = ORIENTED_EDGE('',*,*,#15276,.T.);
#17109 = ORIENTED_EDGE('',*,*,#17110,.T.);
#17110 = EDGE_CURVE('',#15277,#17111,#17113,.T.);
#17111 = VERTEX_POINT('',#17112);
#17112 = CARTESIAN_POINT('',(-2.5,-1.755,0.425));
#17113 = CIRCLE('',#17114,0.1);
#17114 = AXIS2_PLACEMENT_3D('',#17115,#17116,#17117);
#17115 = CARTESIAN_POINT('',(-2.4,-1.755,0.425));
#17116 = DIRECTION('',(9.95799250103E-17,-1.,0.));
#17117 = DIRECTION('',(0.,0.,1.));
#17118 = ORIENTED_EDGE('',*,*,#17119,.T.);
#17119 = EDGE_CURVE('',#17111,#17120,#17122,.T.);
#17120 = VERTEX_POINT('',#17121);
#17121 = CARTESIAN_POINT('',(-2.5,-1.755,0.25));
#17122 = LINE('',#17123,#17124);
#17123 = CARTESIAN_POINT('',(-2.5,-1.755,0.425));
#17124 = VECTOR('',#17125,1.);
#17125 = DIRECTION('',(-0.,0.,-1.));
#17126 = ORIENTED_EDGE('',*,*,#17127,.T.);
#17127 = EDGE_CURVE('',#17120,#17128,#17130,.T.);
#17128 = VERTEX_POINT('',#17129);
#17129 = CARTESIAN_POINT('',(-2.75,-1.755,1.110223024625E-16));
#17130 = CIRCLE('',#17131,0.25);
#17131 = AXIS2_PLACEMENT_3D('',#17132,#17133,#17134);
#17132 = CARTESIAN_POINT('',(-2.75,-1.755,0.25));
#17133 = DIRECTION('',(-9.95799250103E-17,1.,0.));
#17134 = DIRECTION('',(1.,9.95799250103E-17,-2.442490654175E-15));
#17135 = ORIENTED_EDGE('',*,*,#17136,.T.);
#17136 = EDGE_CURVE('',#17128,#17137,#17139,.T.);
#17137 = VERTEX_POINT('',#17138);
#17138 = CARTESIAN_POINT('',(-3.2,-1.755,1.110223024625E-16));
#17139 = LINE('',#17140,#17141);
#17140 = CARTESIAN_POINT('',(-2.75,-1.755,1.110223024625E-16));
#17141 = VECTOR('',#17142,1.);
#17142 = DIRECTION('',(-1.,-9.95799250103E-17,0.));
#17143 = ORIENTED_EDGE('',*,*,#17144,.T.);
#17144 = EDGE_CURVE('',#17137,#17145,#17147,.T.);
#17145 = VERTEX_POINT('',#17146);
#17146 = CARTESIAN_POINT('',(-3.2,-1.755,0.15));
#17147 = LINE('',#17148,#17149);
#17148 = CARTESIAN_POINT('',(-3.2,-1.755,1.110223024625E-16));
#17149 = VECTOR('',#17150,1.);
#17150 = DIRECTION('',(0.,0.,1.));
#17151 = ORIENTED_EDGE('',*,*,#17152,.T.);
#17152 = EDGE_CURVE('',#17145,#17153,#17155,.T.);
#17153 = VERTEX_POINT('',#17154);
#17154 = CARTESIAN_POINT('',(-2.75,-1.755,0.15));
#17155 = LINE('',#17156,#17157);
#17156 = CARTESIAN_POINT('',(-3.2,-1.755,0.15));
#17157 = VECTOR('',#17158,1.);
#17158 = DIRECTION('',(1.,9.95799250103E-17,0.));
#17159 = ORIENTED_EDGE('',*,*,#17160,.T.);
#17160 = EDGE_CURVE('',#17153,#17161,#17163,.T.);
#17161 = VERTEX_POINT('',#17162);
#17162 = CARTESIAN_POINT('',(-2.65,-1.755,0.25));
#17163 = CIRCLE('',#17164,0.1);
#17164 = AXIS2_PLACEMENT_3D('',#17165,#17166,#17167);
#17165 = CARTESIAN_POINT('',(-2.75,-1.755,0.25));
#17166 = DIRECTION('',(9.95799250103E-17,-1.,-0.));
#17167 = DIRECTION('',(-0.,0.,-1.));
#17168 = ORIENTED_EDGE('',*,*,#17169,.T.);
#17169 = EDGE_CURVE('',#17161,#17170,#17172,.T.);
#17170 = VERTEX_POINT('',#17171);
#17171 = CARTESIAN_POINT('',(-2.65,-1.755,0.425));
#17172 = LINE('',#17173,#17174);
#17173 = CARTESIAN_POINT('',(-2.65,-1.755,0.25));
#17174 = VECTOR('',#17175,1.);
#17175 = DIRECTION('',(0.,0.,1.));
#17176 = ORIENTED_EDGE('',*,*,#17177,.T.);
#17177 = EDGE_CURVE('',#17170,#17178,#17180,.T.);
#17178 = VERTEX_POINT('',#17179);
#17179 = CARTESIAN_POINT('',(-2.4,-1.755,0.675));
#17180 = CIRCLE('',#17181,0.25);
#17181 = AXIS2_PLACEMENT_3D('',#17182,#17183,#17184);
#17182 = CARTESIAN_POINT('',(-2.4,-1.755,0.425));
#17183 = DIRECTION('',(-9.95799250103E-17,1.,0.));
#17184 = DIRECTION('',(-1.,-9.95799250103E-17,2.22044604925E-15));
#17185 = ORIENTED_EDGE('',*,*,#17186,.T.);
#17186 = EDGE_CURVE('',#17178,#15215,#17187,.T.);
#17187 = LINE('',#17188,#17189);
#17188 = CARTESIAN_POINT('',(-2.4,-1.755,0.675));
#17189 = VECTOR('',#17190,1.);
#17190 = DIRECTION('',(1.,9.95799250103E-17,0.));
#17191 = PLANE('',#17192);
#17192 = AXIS2_PLACEMENT_3D('',#17193,#17194,#17195);
#17193 = CARTESIAN_POINT('',(-2.632923288131,-1.755,0.313172218985));
#17194 = DIRECTION('',(-9.95799250103E-17,1.,0.));
#17195 = DIRECTION('',(0.,0.,1.));
#17196 = ADVANCED_FACE('',(#17197),#17213,.T.);
#17197 = FACE_BOUND('',#17198,.T.);
#17198 = EDGE_LOOP('',(#17199,#17205,#17206,#17212));
#17199 = ORIENTED_EDGE('',*,*,#17200,.F.);
#17200 = EDGE_CURVE('',#15215,#16602,#17201,.T.);
#17201 = LINE('',#17202,#17203);
#17202 = CARTESIAN_POINT('',(-2.4,-1.755,0.675));
#17203 = VECTOR('',#17204,1.);
#17204 = DIRECTION('',(1.,9.95799250103E-17,0.));
#17205 = ORIENTED_EDGE('',*,*,#15231,.T.);
#17206 = ORIENTED_EDGE('',*,*,#17207,.T.);
#17207 = EDGE_CURVE('',#15224,#16610,#17208,.T.);
#17208 = LINE('',#17209,#17210);
#17209 = CARTESIAN_POINT('',(-2.4,-2.145,0.675));
#17210 = VECTOR('',#17211,1.);
#17211 = DIRECTION('',(1.,9.95799250103E-17,0.));
#17212 = ORIENTED_EDGE('',*,*,#16609,.F.);
#17213 = B_SPLINE_SURFACE_WITH_KNOTS('',1,1,(
    (#17214,#17215)
    ,(#17216,#17217
    )),.UNSPECIFIED.,.F.,.F.,.F.,(2,2),(2,2),(0.,5.),(0.,1.),
  .PIECEWISE_BEZIER_KNOTS.);
#17214 = CARTESIAN_POINT('',(-2.2,2.5,0.675));
#17215 = CARTESIAN_POINT('',(-2.15,2.45,0.675));
#17216 = CARTESIAN_POINT('',(-2.2,-2.5,0.675));
#17217 = CARTESIAN_POINT('',(-2.15,-2.45,0.675));
#17218 = ADVANCED_FACE('',(#17219),#17305,.F.);
#17219 = FACE_BOUND('',#17220,.F.);
#17220 = EDGE_LOOP('',(#17221,#17222,#17223,#17232,#17240,#17249,#17257,
    #17265,#17273,#17282,#17290,#17299));
#17221 = ORIENTED_EDGE('',*,*,#15307,.T.);
#17222 = ORIENTED_EDGE('',*,*,#15245,.T.);
#17223 = ORIENTED_EDGE('',*,*,#17224,.T.);
#17224 = EDGE_CURVE('',#15246,#17225,#17227,.T.);
#17225 = VERTEX_POINT('',#17226);
#17226 = CARTESIAN_POINT('',(-2.5,1.495,0.425));
#17227 = CIRCLE('',#17228,0.1);
#17228 = AXIS2_PLACEMENT_3D('',#17229,#17230,#17231);
#17229 = CARTESIAN_POINT('',(-2.4,1.495,0.425));
#17230 = DIRECTION('',(9.95799250103E-17,-1.,0.));
#17231 = DIRECTION('',(0.,0.,1.));
#17232 = ORIENTED_EDGE('',*,*,#17233,.T.);
#17233 = EDGE_CURVE('',#17225,#17234,#17236,.T.);
#17234 = VERTEX_POINT('',#17235);
#17235 = CARTESIAN_POINT('',(-2.5,1.495,0.25));
#17236 = LINE('',#17237,#17238);
#17237 = CARTESIAN_POINT('',(-2.5,1.495,0.425));
#17238 = VECTOR('',#17239,1.);
#17239 = DIRECTION('',(-0.,0.,-1.));
#17240 = ORIENTED_EDGE('',*,*,#17241,.T.);
#17241 = EDGE_CURVE('',#17234,#17242,#17244,.T.);
#17242 = VERTEX_POINT('',#17243);
#17243 = CARTESIAN_POINT('',(-2.75,1.495,1.110223024625E-16));
#17244 = CIRCLE('',#17245,0.25);
#17245 = AXIS2_PLACEMENT_3D('',#17246,#17247,#17248);
#17246 = CARTESIAN_POINT('',(-2.75,1.495,0.25));
#17247 = DIRECTION('',(-9.95799250103E-17,1.,0.));
#17248 = DIRECTION('',(1.,9.95799250103E-17,-2.442490654175E-15));
#17249 = ORIENTED_EDGE('',*,*,#17250,.T.);
#17250 = EDGE_CURVE('',#17242,#17251,#17253,.T.);
#17251 = VERTEX_POINT('',#17252);
#17252 = CARTESIAN_POINT('',(-3.2,1.495,1.110223024625E-16));
#17253 = LINE('',#17254,#17255);
#17254 = CARTESIAN_POINT('',(-2.75,1.495,1.110223024625E-16));
#17255 = VECTOR('',#17256,1.);
#17256 = DIRECTION('',(-1.,-9.95799250103E-17,0.));
#17257 = ORIENTED_EDGE('',*,*,#17258,.T.);
#17258 = EDGE_CURVE('',#17251,#17259,#17261,.T.);
#17259 = VERTEX_POINT('',#17260);
#17260 = CARTESIAN_POINT('',(-3.2,1.495,0.15));
#17261 = LINE('',#17262,#17263);
#17262 = CARTESIAN_POINT('',(-3.2,1.495,1.110223024625E-16));
#17263 = VECTOR('',#17264,1.);
#17264 = DIRECTION('',(0.,0.,1.));
#17265 = ORIENTED_EDGE('',*,*,#17266,.T.);
#17266 = EDGE_CURVE('',#17259,#17267,#17269,.T.);
#17267 = VERTEX_POINT('',#17268);
#17268 = CARTESIAN_POINT('',(-2.75,1.495,0.15));
#17269 = LINE('',#17270,#17271);
#17270 = CARTESIAN_POINT('',(-3.2,1.495,0.15));
#17271 = VECTOR('',#17272,1.);
#17272 = DIRECTION('',(1.,9.95799250103E-17,0.));
#17273 = ORIENTED_EDGE('',*,*,#17274,.T.);
#17274 = EDGE_CURVE('',#17267,#17275,#17277,.T.);
#17275 = VERTEX_POINT('',#17276);
#17276 = CARTESIAN_POINT('',(-2.65,1.495,0.25));
#17277 = CIRCLE('',#17278,0.1);
#17278 = AXIS2_PLACEMENT_3D('',#17279,#17280,#17281);
#17279 = CARTESIAN_POINT('',(-2.75,1.495,0.25));
#17280 = DIRECTION('',(9.95799250103E-17,-1.,-0.));
#17281 = DIRECTION('',(-0.,0.,-1.));
#17282 = ORIENTED_EDGE('',*,*,#17283,.T.);
#17283 = EDGE_CURVE('',#17275,#17284,#17286,.T.);
#17284 = VERTEX_POINT('',#17285);
#17285 = CARTESIAN_POINT('',(-2.65,1.495,0.425));
#17286 = LINE('',#17287,#17288);
#17287 = CARTESIAN_POINT('',(-2.65,1.495,0.25));
#17288 = VECTOR('',#17289,1.);
#17289 = DIRECTION('',(0.,0.,1.));
#17290 = ORIENTED_EDGE('',*,*,#17291,.T.);
#17291 = EDGE_CURVE('',#17284,#17292,#17294,.T.);
#17292 = VERTEX_POINT('',#17293);
#17293 = CARTESIAN_POINT('',(-2.4,1.495,0.675));
#17294 = CIRCLE('',#17295,0.25);
#17295 = AXIS2_PLACEMENT_3D('',#17296,#17297,#17298);
#17296 = CARTESIAN_POINT('',(-2.4,1.495,0.425));
#17297 = DIRECTION('',(-9.95799250103E-17,1.,0.));
#17298 = DIRECTION('',(-1.,-9.95799250103E-17,2.22044604925E-15));
#17299 = ORIENTED_EDGE('',*,*,#17300,.T.);
#17300 = EDGE_CURVE('',#17292,#15308,#17301,.T.);
#17301 = LINE('',#17302,#17303);
#17302 = CARTESIAN_POINT('',(-2.4,1.495,0.675));
#17303 = VECTOR('',#17304,1.);
#17304 = DIRECTION('',(1.,9.95799250103E-17,0.));
#17305 = PLANE('',#17306);
#17306 = AXIS2_PLACEMENT_3D('',#17307,#17308,#17309);
#17307 = CARTESIAN_POINT('',(-2.632923288131,1.495,0.313172218985));
#17308 = DIRECTION('',(-9.95799250103E-17,1.,0.));
#17309 = DIRECTION('',(0.,0.,1.));
#17310 = ADVANCED_FACE('',(#17311),#17322,.F.);
#17311 = FACE_BOUND('',#17312,.F.);
#17312 = EDGE_LOOP('',(#17313,#17314,#17315,#17321));
#17313 = ORIENTED_EDGE('',*,*,#15262,.T.);
#17314 = ORIENTED_EDGE('',*,*,#17018,.T.);
#17315 = ORIENTED_EDGE('',*,*,#17316,.F.);
#17316 = EDGE_CURVE('',#17225,#17019,#17317,.T.);
#17317 = LINE('',#17318,#17319);
#17318 = CARTESIAN_POINT('',(-2.5,1.495,0.425));
#17319 = VECTOR('',#17320,1.);
#17320 = DIRECTION('',(-9.95799250103E-17,1.,0.));
#17321 = ORIENTED_EDGE('',*,*,#17224,.F.);
#17322 = CYLINDRICAL_SURFACE('',#17323,0.1);
#17323 = AXIS2_PLACEMENT_3D('',#17324,#17325,#17326);
#17324 = CARTESIAN_POINT('',(-2.4,1.495,0.425));
#17325 = DIRECTION('',(9.95799250103E-17,-1.,0.));
#17326 = DIRECTION('',(0.,0.,1.));
#17327 = ADVANCED_FACE('',(#17328),#17347,.F.);
#17328 = FACE_BOUND('',#17329,.F.);
#17329 = EDGE_LOOP('',(#17330,#17331,#17340,#17346));
#17330 = ORIENTED_EDGE('',*,*,#15293,.T.);
#17331 = ORIENTED_EDGE('',*,*,#17332,.T.);
#17332 = EDGE_CURVE('',#15286,#17333,#17335,.T.);
#17333 = VERTEX_POINT('',#17334);
#17334 = CARTESIAN_POINT('',(-2.5,-1.495,0.425));
#17335 = CIRCLE('',#17336,0.1);
#17336 = AXIS2_PLACEMENT_3D('',#17337,#17338,#17339);
#17337 = CARTESIAN_POINT('',(-2.4,-1.495,0.425));
#17338 = DIRECTION('',(9.95799250103E-17,-1.,0.));
#17339 = DIRECTION('',(0.,0.,1.));
#17340 = ORIENTED_EDGE('',*,*,#17341,.F.);
#17341 = EDGE_CURVE('',#17111,#17333,#17342,.T.);
#17342 = LINE('',#17343,#17344);
#17343 = CARTESIAN_POINT('',(-2.5,-1.755,0.425));
#17344 = VECTOR('',#17345,1.);
#17345 = DIRECTION('',(-9.95799250103E-17,1.,0.));
#17346 = ORIENTED_EDGE('',*,*,#17110,.F.);
#17347 = CYLINDRICAL_SURFACE('',#17348,0.1);
#17348 = AXIS2_PLACEMENT_3D('',#17349,#17350,#17351);
#17349 = CARTESIAN_POINT('',(-2.4,-1.755,0.425));
#17350 = DIRECTION('',(9.95799250103E-17,-1.,0.));
#17351 = DIRECTION('',(0.,0.,1.));
#17352 = ADVANCED_FACE('',(#17353),#17431,.T.);
#17353 = FACE_BOUND('',#17354,.T.);
#17354 = EDGE_LOOP('',(#17355,#17356,#17357,#17358,#17366,#17375,#17383,
    #17391,#17399,#17408,#17416,#17425));
#17355 = ORIENTED_EDGE('',*,*,#15347,.T.);
#17356 = ORIENTED_EDGE('',*,*,#15285,.T.);
#17357 = ORIENTED_EDGE('',*,*,#17332,.T.);
#17358 = ORIENTED_EDGE('',*,*,#17359,.T.);
#17359 = EDGE_CURVE('',#17333,#17360,#17362,.T.);
#17360 = VERTEX_POINT('',#17361);
#17361 = CARTESIAN_POINT('',(-2.5,-1.495,0.25));
#17362 = LINE('',#17363,#17364);
#17363 = CARTESIAN_POINT('',(-2.5,-1.495,0.425));
#17364 = VECTOR('',#17365,1.);
#17365 = DIRECTION('',(-0.,0.,-1.));
#17366 = ORIENTED_EDGE('',*,*,#17367,.T.);
#17367 = EDGE_CURVE('',#17360,#17368,#17370,.T.);
#17368 = VERTEX_POINT('',#17369);
#17369 = CARTESIAN_POINT('',(-2.75,-1.495,1.110223024625E-16));
#17370 = CIRCLE('',#17371,0.25);
#17371 = AXIS2_PLACEMENT_3D('',#17372,#17373,#17374);
#17372 = CARTESIAN_POINT('',(-2.75,-1.495,0.25));
#17373 = DIRECTION('',(-9.95799250103E-17,1.,0.));
#17374 = DIRECTION('',(1.,9.95799250103E-17,-2.442490654175E-15));
#17375 = ORIENTED_EDGE('',*,*,#17376,.T.);
#17376 = EDGE_CURVE('',#17368,#17377,#17379,.T.);
#17377 = VERTEX_POINT('',#17378);
#17378 = CARTESIAN_POINT('',(-3.2,-1.495,1.110223024625E-16));
#17379 = LINE('',#17380,#17381);
#17380 = CARTESIAN_POINT('',(-2.75,-1.495,1.110223024625E-16));
#17381 = VECTOR('',#17382,1.);
#17382 = DIRECTION('',(-1.,-9.95799250103E-17,0.));
#17383 = ORIENTED_EDGE('',*,*,#17384,.T.);
#17384 = EDGE_CURVE('',#17377,#17385,#17387,.T.);
#17385 = VERTEX_POINT('',#17386);
#17386 = CARTESIAN_POINT('',(-3.2,-1.495,0.15));
#17387 = LINE('',#17388,#17389);
#17388 = CARTESIAN_POINT('',(-3.2,-1.495,1.110223024625E-16));
#17389 = VECTOR('',#17390,1.);
#17390 = DIRECTION('',(0.,0.,1.));
#17391 = ORIENTED_EDGE('',*,*,#17392,.T.);
#17392 = EDGE_CURVE('',#17385,#17393,#17395,.T.);
#17393 = VERTEX_POINT('',#17394);
#17394 = CARTESIAN_POINT('',(-2.75,-1.495,0.15));
#17395 = LINE('',#17396,#17397);
#17396 = CARTESIAN_POINT('',(-3.2,-1.495,0.15));
#17397 = VECTOR('',#17398,1.);
#17398 = DIRECTION('',(1.,9.95799250103E-17,0.));
#17399 = ORIENTED_EDGE('',*,*,#17400,.T.);
#17400 = EDGE_CURVE('',#17393,#17401,#17403,.T.);
#17401 = VERTEX_POINT('',#17402);
#17402 = CARTESIAN_POINT('',(-2.65,-1.495,0.25));
#17403 = CIRCLE('',#17404,0.1);
#17404 = AXIS2_PLACEMENT_3D('',#17405,#17406,#17407);
#17405 = CARTESIAN_POINT('',(-2.75,-1.495,0.25));
#17406 = DIRECTION('',(9.95799250103E-17,-1.,-0.));
#17407 = DIRECTION('',(-0.,0.,-1.));
#17408 = ORIENTED_EDGE('',*,*,#17409,.T.);
#17409 = EDGE_CURVE('',#17401,#17410,#17412,.T.);
#17410 = VERTEX_POINT('',#17411);
#17411 = CARTESIAN_POINT('',(-2.65,-1.495,0.425));
#17412 = LINE('',#17413,#17414);
#17413 = CARTESIAN_POINT('',(-2.65,-1.495,0.25));
#17414 = VECTOR('',#17415,1.);
#17415 = DIRECTION('',(0.,0.,1.));
#17416 = ORIENTED_EDGE('',*,*,#17417,.T.);
#17417 = EDGE_CURVE('',#17410,#17418,#17420,.T.);
#17418 = VERTEX_POINT('',#17419);
#17419 = CARTESIAN_POINT('',(-2.4,-1.495,0.675));
#17420 = CIRCLE('',#17421,0.25);
#17421 = AXIS2_PLACEMENT_3D('',#17422,#17423,#17424);
#17422 = CARTESIAN_POINT('',(-2.4,-1.495,0.425));
#17423 = DIRECTION('',(-9.95799250103E-17,1.,0.));
#17424 = DIRECTION('',(-1.,-9.95799250103E-17,2.22044604925E-15));
#17425 = ORIENTED_EDGE('',*,*,#17426,.T.);
#17426 = EDGE_CURVE('',#17418,#15348,#17427,.T.);
#17427 = LINE('',#17428,#17429);
#17428 = CARTESIAN_POINT('',(-2.4,-1.495,0.675));
#17429 = VECTOR('',#17430,1.);
#17430 = DIRECTION('',(1.,9.95799250103E-17,0.));
#17431 = PLANE('',#17432);
#17432 = AXIS2_PLACEMENT_3D('',#17433,#17434,#17435);
#17433 = CARTESIAN_POINT('',(-2.632923288131,-1.495,0.313172218985));
#17434 = DIRECTION('',(-9.95799250103E-17,1.,0.));
#17435 = DIRECTION('',(0.,0.,1.));
#17436 = ADVANCED_FACE('',(#17437),#17453,.T.);
#17437 = FACE_BOUND('',#17438,.T.);
#17438 = EDGE_LOOP('',(#17439,#17445,#17446,#17452));
#17439 = ORIENTED_EDGE('',*,*,#17440,.F.);
#17440 = EDGE_CURVE('',#15308,#16522,#17441,.T.);
#17441 = LINE('',#17442,#17443);
#17442 = CARTESIAN_POINT('',(-2.4,1.495,0.675));
#17443 = VECTOR('',#17444,1.);
#17444 = DIRECTION('',(1.,9.95799250103E-17,0.));
#17445 = ORIENTED_EDGE('',*,*,#15324,.T.);
#17446 = ORIENTED_EDGE('',*,*,#17447,.T.);
#17447 = EDGE_CURVE('',#15317,#16530,#17448,.T.);
#17448 = LINE('',#17449,#17450);
#17449 = CARTESIAN_POINT('',(-2.4,1.105,0.675));
#17450 = VECTOR('',#17451,1.);
#17451 = DIRECTION('',(1.,9.95799250103E-17,0.));
#17452 = ORIENTED_EDGE('',*,*,#16529,.F.);
#17453 = B_SPLINE_SURFACE_WITH_KNOTS('',1,1,(
    (#17454,#17455)
    ,(#17456,#17457
    )),.UNSPECIFIED.,.F.,.F.,.F.,(2,2),(2,2),(0.,5.),(0.,1.),
  .PIECEWISE_BEZIER_KNOTS.);
#17454 = CARTESIAN_POINT('',(-2.2,2.5,0.675));
#17455 = CARTESIAN_POINT('',(-2.15,2.45,0.675));
#17456 = CARTESIAN_POINT('',(-2.2,-2.5,0.675));
#17457 = CARTESIAN_POINT('',(-2.15,-2.45,0.675));
#17458 = ADVANCED_FACE('',(#17459),#17545,.T.);
#17459 = FACE_BOUND('',#17460,.T.);
#17460 = EDGE_LOOP('',(#17461,#17462,#17463,#17472,#17480,#17489,#17497,
    #17505,#17513,#17522,#17530,#17539));
#17461 = ORIENTED_EDGE('',*,*,#15316,.T.);
#17462 = ORIENTED_EDGE('',*,*,#15378,.T.);
#17463 = ORIENTED_EDGE('',*,*,#17464,.T.);
#17464 = EDGE_CURVE('',#15379,#17465,#17467,.T.);
#17465 = VERTEX_POINT('',#17466);
#17466 = CARTESIAN_POINT('',(-2.5,1.105,0.425));
#17467 = CIRCLE('',#17468,0.1);
#17468 = AXIS2_PLACEMENT_3D('',#17469,#17470,#17471);
#17469 = CARTESIAN_POINT('',(-2.4,1.105,0.425));
#17470 = DIRECTION('',(9.95799250103E-17,-1.,0.));
#17471 = DIRECTION('',(0.,0.,1.));
#17472 = ORIENTED_EDGE('',*,*,#17473,.T.);
#17473 = EDGE_CURVE('',#17465,#17474,#17476,.T.);
#17474 = VERTEX_POINT('',#17475);
#17475 = CARTESIAN_POINT('',(-2.5,1.105,0.25));
#17476 = LINE('',#17477,#17478);
#17477 = CARTESIAN_POINT('',(-2.5,1.105,0.425));
#17478 = VECTOR('',#17479,1.);
#17479 = DIRECTION('',(-0.,0.,-1.));
#17480 = ORIENTED_EDGE('',*,*,#17481,.T.);
#17481 = EDGE_CURVE('',#17474,#17482,#17484,.T.);
#17482 = VERTEX_POINT('',#17483);
#17483 = CARTESIAN_POINT('',(-2.75,1.105,1.110223024625E-16));
#17484 = CIRCLE('',#17485,0.25);
#17485 = AXIS2_PLACEMENT_3D('',#17486,#17487,#17488);
#17486 = CARTESIAN_POINT('',(-2.75,1.105,0.25));
#17487 = DIRECTION('',(-9.95799250103E-17,1.,0.));
#17488 = DIRECTION('',(1.,9.95799250103E-17,-2.442490654175E-15));
#17489 = ORIENTED_EDGE('',*,*,#17490,.T.);
#17490 = EDGE_CURVE('',#17482,#17491,#17493,.T.);
#17491 = VERTEX_POINT('',#17492);
#17492 = CARTESIAN_POINT('',(-3.2,1.105,1.110223024625E-16));
#17493 = LINE('',#17494,#17495);
#17494 = CARTESIAN_POINT('',(-2.75,1.105,1.110223024625E-16));
#17495 = VECTOR('',#17496,1.);
#17496 = DIRECTION('',(-1.,-9.95799250103E-17,0.));
#17497 = ORIENTED_EDGE('',*,*,#17498,.T.);
#17498 = EDGE_CURVE('',#17491,#17499,#17501,.T.);
#17499 = VERTEX_POINT('',#17500);
#17500 = CARTESIAN_POINT('',(-3.2,1.105,0.15));
#17501 = LINE('',#17502,#17503);
#17502 = CARTESIAN_POINT('',(-3.2,1.105,1.110223024625E-16));
#17503 = VECTOR('',#17504,1.);
#17504 = DIRECTION('',(0.,0.,1.));
#17505 = ORIENTED_EDGE('',*,*,#17506,.T.);
#17506 = EDGE_CURVE('',#17499,#17507,#17509,.T.);
#17507 = VERTEX_POINT('',#17508);
#17508 = CARTESIAN_POINT('',(-2.75,1.105,0.15));
#17509 = LINE('',#17510,#17511);
#17510 = CARTESIAN_POINT('',(-3.2,1.105,0.15));
#17511 = VECTOR('',#17512,1.);
#17512 = DIRECTION('',(1.,9.95799250103E-17,0.));
#17513 = ORIENTED_EDGE('',*,*,#17514,.T.);
#17514 = EDGE_CURVE('',#17507,#17515,#17517,.T.);
#17515 = VERTEX_POINT('',#17516);
#17516 = CARTESIAN_POINT('',(-2.65,1.105,0.25));
#17517 = CIRCLE('',#17518,0.1);
#17518 = AXIS2_PLACEMENT_3D('',#17519,#17520,#17521);
#17519 = CARTESIAN_POINT('',(-2.75,1.105,0.25));
#17520 = DIRECTION('',(9.95799250103E-17,-1.,-0.));
#17521 = DIRECTION('',(-0.,0.,-1.));
#17522 = ORIENTED_EDGE('',*,*,#17523,.T.);
#17523 = EDGE_CURVE('',#17515,#17524,#17526,.T.);
#17524 = VERTEX_POINT('',#17525);
#17525 = CARTESIAN_POINT('',(-2.65,1.105,0.425));
#17526 = LINE('',#17527,#17528);
#17527 = CARTESIAN_POINT('',(-2.65,1.105,0.25));
#17528 = VECTOR('',#17529,1.);
#17529 = DIRECTION('',(0.,0.,1.));
#17530 = ORIENTED_EDGE('',*,*,#17531,.T.);
#17531 = EDGE_CURVE('',#17524,#17532,#17534,.T.);
#17532 = VERTEX_POINT('',#17533);
#17533 = CARTESIAN_POINT('',(-2.4,1.105,0.675));
#17534 = CIRCLE('',#17535,0.25);
#17535 = AXIS2_PLACEMENT_3D('',#17536,#17537,#17538);
#17536 = CARTESIAN_POINT('',(-2.4,1.105,0.425));
#17537 = DIRECTION('',(-9.95799250103E-17,1.,0.));
#17538 = DIRECTION('',(-1.,-9.95799250103E-17,2.22044604925E-15));
#17539 = ORIENTED_EDGE('',*,*,#17540,.T.);
#17540 = EDGE_CURVE('',#17532,#15317,#17541,.T.);
#17541 = LINE('',#17542,#17543);
#17542 = CARTESIAN_POINT('',(-2.4,1.105,0.675));
#17543 = VECTOR('',#17544,1.);
#17544 = DIRECTION('',(1.,9.95799250103E-17,0.));
#17545 = PLANE('',#17546);
#17546 = AXIS2_PLACEMENT_3D('',#17547,#17548,#17549);
#17547 = CARTESIAN_POINT('',(-2.632923288131,1.105,0.313172218985));
#17548 = DIRECTION('',(-9.95799250103E-17,1.,0.));
#17549 = DIRECTION('',(0.,0.,1.));
#17550 = ADVANCED_FACE('',(#17551),#17637,.F.);
#17551 = FACE_BOUND('',#17552,.F.);
#17552 = EDGE_LOOP('',(#17553,#17554,#17555,#17564,#17572,#17581,#17589,
    #17597,#17605,#17614,#17622,#17631));
#17553 = ORIENTED_EDGE('',*,*,#15338,.T.);
#17554 = ORIENTED_EDGE('',*,*,#15400,.T.);
#17555 = ORIENTED_EDGE('',*,*,#17556,.T.);
#17556 = EDGE_CURVE('',#15401,#17557,#17559,.T.);
#17557 = VERTEX_POINT('',#17558);
#17558 = CARTESIAN_POINT('',(-2.5,-1.105,0.425));
#17559 = CIRCLE('',#17560,0.1);
#17560 = AXIS2_PLACEMENT_3D('',#17561,#17562,#17563);
#17561 = CARTESIAN_POINT('',(-2.4,-1.105,0.425));
#17562 = DIRECTION('',(9.95799250103E-17,-1.,0.));
#17563 = DIRECTION('',(0.,0.,1.));
#17564 = ORIENTED_EDGE('',*,*,#17565,.T.);
#17565 = EDGE_CURVE('',#17557,#17566,#17568,.T.);
#17566 = VERTEX_POINT('',#17567);
#17567 = CARTESIAN_POINT('',(-2.5,-1.105,0.25));
#17568 = LINE('',#17569,#17570);
#17569 = CARTESIAN_POINT('',(-2.5,-1.105,0.425));
#17570 = VECTOR('',#17571,1.);
#17571 = DIRECTION('',(-0.,0.,-1.));
#17572 = ORIENTED_EDGE('',*,*,#17573,.T.);
#17573 = EDGE_CURVE('',#17566,#17574,#17576,.T.);
#17574 = VERTEX_POINT('',#17575);
#17575 = CARTESIAN_POINT('',(-2.75,-1.105,1.110223024625E-16));
#17576 = CIRCLE('',#17577,0.25);
#17577 = AXIS2_PLACEMENT_3D('',#17578,#17579,#17580);
#17578 = CARTESIAN_POINT('',(-2.75,-1.105,0.25));
#17579 = DIRECTION('',(-9.95799250103E-17,1.,0.));
#17580 = DIRECTION('',(1.,9.95799250103E-17,-2.442490654175E-15));
#17581 = ORIENTED_EDGE('',*,*,#17582,.T.);
#17582 = EDGE_CURVE('',#17574,#17583,#17585,.T.);
#17583 = VERTEX_POINT('',#17584);
#17584 = CARTESIAN_POINT('',(-3.2,-1.105,1.110223024625E-16));
#17585 = LINE('',#17586,#17587);
#17586 = CARTESIAN_POINT('',(-2.75,-1.105,1.110223024625E-16));
#17587 = VECTOR('',#17588,1.);
#17588 = DIRECTION('',(-1.,-9.95799250103E-17,0.));
#17589 = ORIENTED_EDGE('',*,*,#17590,.T.);
#17590 = EDGE_CURVE('',#17583,#17591,#17593,.T.);
#17591 = VERTEX_POINT('',#17592);
#17592 = CARTESIAN_POINT('',(-3.2,-1.105,0.15));
#17593 = LINE('',#17594,#17595);
#17594 = CARTESIAN_POINT('',(-3.2,-1.105,1.110223024625E-16));
#17595 = VECTOR('',#17596,1.);
#17596 = DIRECTION('',(0.,0.,1.));
#17597 = ORIENTED_EDGE('',*,*,#17598,.T.);
#17598 = EDGE_CURVE('',#17591,#17599,#17601,.T.);
#17599 = VERTEX_POINT('',#17600);
#17600 = CARTESIAN_POINT('',(-2.75,-1.105,0.15));
#17601 = LINE('',#17602,#17603);
#17602 = CARTESIAN_POINT('',(-3.2,-1.105,0.15));
#17603 = VECTOR('',#17604,1.);
#17604 = DIRECTION('',(1.,9.95799250103E-17,0.));
#17605 = ORIENTED_EDGE('',*,*,#17606,.T.);
#17606 = EDGE_CURVE('',#17599,#17607,#17609,.T.);
#17607 = VERTEX_POINT('',#17608);
#17608 = CARTESIAN_POINT('',(-2.65,-1.105,0.25));
#17609 = CIRCLE('',#17610,0.1);
#17610 = AXIS2_PLACEMENT_3D('',#17611,#17612,#17613);
#17611 = CARTESIAN_POINT('',(-2.75,-1.105,0.25));
#17612 = DIRECTION('',(9.95799250103E-17,-1.,-0.));
#17613 = DIRECTION('',(-0.,0.,-1.));
#17614 = ORIENTED_EDGE('',*,*,#17615,.T.);
#17615 = EDGE_CURVE('',#17607,#17616,#17618,.T.);
#17616 = VERTEX_POINT('',#17617);
#17617 = CARTESIAN_POINT('',(-2.65,-1.105,0.425));
#17618 = LINE('',#17619,#17620);
#17619 = CARTESIAN_POINT('',(-2.65,-1.105,0.25));
#17620 = VECTOR('',#17621,1.);
#17621 = DIRECTION('',(0.,0.,1.));
#17622 = ORIENTED_EDGE('',*,*,#17623,.T.);
#17623 = EDGE_CURVE('',#17616,#17624,#17626,.T.);
#17624 = VERTEX_POINT('',#17625);
#17625 = CARTESIAN_POINT('',(-2.4,-1.105,0.675));
#17626 = CIRCLE('',#17627,0.25);
#17627 = AXIS2_PLACEMENT_3D('',#17628,#17629,#17630);
#17628 = CARTESIAN_POINT('',(-2.4,-1.105,0.425));
#17629 = DIRECTION('',(-9.95799250103E-17,1.,0.));
#17630 = DIRECTION('',(-1.,-9.95799250103E-17,2.22044604925E-15));
#17631 = ORIENTED_EDGE('',*,*,#17632,.T.);
#17632 = EDGE_CURVE('',#17624,#15339,#17633,.T.);
#17633 = LINE('',#17634,#17635);
#17634 = CARTESIAN_POINT('',(-2.4,-1.105,0.675));
#17635 = VECTOR('',#17636,1.);
#17636 = DIRECTION('',(1.,9.95799250103E-17,0.));
#17637 = PLANE('',#17638);
#17638 = AXIS2_PLACEMENT_3D('',#17639,#17640,#17641);
#17639 = CARTESIAN_POINT('',(-2.632923288131,-1.105,0.313172218985));
#17640 = DIRECTION('',(-9.95799250103E-17,1.,0.));
#17641 = DIRECTION('',(0.,0.,1.));
#17642 = ADVANCED_FACE('',(#17643),#17659,.T.);
#17643 = FACE_BOUND('',#17644,.T.);
#17644 = EDGE_LOOP('',(#17645,#17651,#17652,#17658));
#17645 = ORIENTED_EDGE('',*,*,#17646,.F.);
#17646 = EDGE_CURVE('',#15339,#16586,#17647,.T.);
#17647 = LINE('',#17648,#17649);
#17648 = CARTESIAN_POINT('',(-2.4,-1.105,0.675));
#17649 = VECTOR('',#17650,1.);
#17650 = DIRECTION('',(1.,9.95799250103E-17,0.));
#17651 = ORIENTED_EDGE('',*,*,#15355,.T.);
#17652 = ORIENTED_EDGE('',*,*,#17653,.T.);
#17653 = EDGE_CURVE('',#15348,#16594,#17654,.T.);
#17654 = LINE('',#17655,#17656);
#17655 = CARTESIAN_POINT('',(-2.4,-1.495,0.675));
#17656 = VECTOR('',#17657,1.);
#17657 = DIRECTION('',(1.,9.95799250103E-17,0.));
#17658 = ORIENTED_EDGE('',*,*,#16593,.F.);
#17659 = B_SPLINE_SURFACE_WITH_KNOTS('',1,1,(
    (#17660,#17661)
    ,(#17662,#17663
    )),.UNSPECIFIED.,.F.,.F.,.F.,(2,2),(2,2),(0.,5.),(0.,1.),
  .PIECEWISE_BEZIER_KNOTS.);
#17660 = CARTESIAN_POINT('',(-2.2,2.5,0.675));
#17661 = CARTESIAN_POINT('',(-2.15,2.45,0.675));
#17662 = CARTESIAN_POINT('',(-2.2,-2.5,0.675));
#17663 = CARTESIAN_POINT('',(-2.15,-2.45,0.675));
#17664 = ADVANCED_FACE('',(#17665),#17751,.F.);
#17665 = FACE_BOUND('',#17666,.F.);
#17666 = EDGE_LOOP('',(#17667,#17668,#17669,#17678,#17686,#17695,#17703,
    #17711,#17719,#17728,#17736,#17745));
#17667 = ORIENTED_EDGE('',*,*,#15431,.T.);
#17668 = ORIENTED_EDGE('',*,*,#15369,.T.);
#17669 = ORIENTED_EDGE('',*,*,#17670,.T.);
#17670 = EDGE_CURVE('',#15370,#17671,#17673,.T.);
#17671 = VERTEX_POINT('',#17672);
#17672 = CARTESIAN_POINT('',(-2.5,0.845,0.425));
#17673 = CIRCLE('',#17674,0.1);
#17674 = AXIS2_PLACEMENT_3D('',#17675,#17676,#17677);
#17675 = CARTESIAN_POINT('',(-2.4,0.845,0.425));
#17676 = DIRECTION('',(9.95799250103E-17,-1.,0.));
#17677 = DIRECTION('',(0.,0.,1.));
#17678 = ORIENTED_EDGE('',*,*,#17679,.T.);
#17679 = EDGE_CURVE('',#17671,#17680,#17682,.T.);
#17680 = VERTEX_POINT('',#17681);
#17681 = CARTESIAN_POINT('',(-2.5,0.845,0.25));
#17682 = LINE('',#17683,#17684);
#17683 = CARTESIAN_POINT('',(-2.5,0.845,0.425));
#17684 = VECTOR('',#17685,1.);
#17685 = DIRECTION('',(-0.,0.,-1.));
#17686 = ORIENTED_EDGE('',*,*,#17687,.T.);
#17687 = EDGE_CURVE('',#17680,#17688,#17690,.T.);
#17688 = VERTEX_POINT('',#17689);
#17689 = CARTESIAN_POINT('',(-2.75,0.845,1.110223024625E-16));
#17690 = CIRCLE('',#17691,0.25);
#17691 = AXIS2_PLACEMENT_3D('',#17692,#17693,#17694);
#17692 = CARTESIAN_POINT('',(-2.75,0.845,0.25));
#17693 = DIRECTION('',(-9.95799250103E-17,1.,0.));
#17694 = DIRECTION('',(1.,9.95799250103E-17,-2.442490654175E-15));
#17695 = ORIENTED_EDGE('',*,*,#17696,.T.);
#17696 = EDGE_CURVE('',#17688,#17697,#17699,.T.);
#17697 = VERTEX_POINT('',#17698);
#17698 = CARTESIAN_POINT('',(-3.2,0.845,1.110223024625E-16));
#17699 = LINE('',#17700,#17701);
#17700 = CARTESIAN_POINT('',(-2.75,0.845,1.110223024625E-16));
#17701 = VECTOR('',#17702,1.);
#17702 = DIRECTION('',(-1.,-9.95799250103E-17,0.));
#17703 = ORIENTED_EDGE('',*,*,#17704,.T.);
#17704 = EDGE_CURVE('',#17697,#17705,#17707,.T.);
#17705 = VERTEX_POINT('',#17706);
#17706 = CARTESIAN_POINT('',(-3.2,0.845,0.15));
#17707 = LINE('',#17708,#17709);
#17708 = CARTESIAN_POINT('',(-3.2,0.845,1.110223024625E-16));
#17709 = VECTOR('',#17710,1.);
#17710 = DIRECTION('',(0.,0.,1.));
#17711 = ORIENTED_EDGE('',*,*,#17712,.T.);
#17712 = EDGE_CURVE('',#17705,#17713,#17715,.T.);
#17713 = VERTEX_POINT('',#17714);
#17714 = CARTESIAN_POINT('',(-2.75,0.845,0.15));
#17715 = LINE('',#17716,#17717);
#17716 = CARTESIAN_POINT('',(-3.2,0.845,0.15));
#17717 = VECTOR('',#17718,1.);
#17718 = DIRECTION('',(1.,9.95799250103E-17,0.));
#17719 = ORIENTED_EDGE('',*,*,#17720,.T.);
#17720 = EDGE_CURVE('',#17713,#17721,#17723,.T.);
#17721 = VERTEX_POINT('',#17722);
#17722 = CARTESIAN_POINT('',(-2.65,0.845,0.25));
#17723 = CIRCLE('',#17724,0.1);
#17724 = AXIS2_PLACEMENT_3D('',#17725,#17726,#17727);
#17725 = CARTESIAN_POINT('',(-2.75,0.845,0.25));
#17726 = DIRECTION('',(9.95799250103E-17,-1.,-0.));
#17727 = DIRECTION('',(-0.,0.,-1.));
#17728 = ORIENTED_EDGE('',*,*,#17729,.T.);
#17729 = EDGE_CURVE('',#17721,#17730,#17732,.T.);
#17730 = VERTEX_POINT('',#17731);
#17731 = CARTESIAN_POINT('',(-2.65,0.845,0.425));
#17732 = LINE('',#17733,#17734);
#17733 = CARTESIAN_POINT('',(-2.65,0.845,0.25));
#17734 = VECTOR('',#17735,1.);
#17735 = DIRECTION('',(0.,0.,1.));
#17736 = ORIENTED_EDGE('',*,*,#17737,.T.);
#17737 = EDGE_CURVE('',#17730,#17738,#17740,.T.);
#17738 = VERTEX_POINT('',#17739);
#17739 = CARTESIAN_POINT('',(-2.4,0.845,0.675));
#17740 = CIRCLE('',#17741,0.25);
#17741 = AXIS2_PLACEMENT_3D('',#17742,#17743,#17744);
#17742 = CARTESIAN_POINT('',(-2.4,0.845,0.425));
#17743 = DIRECTION('',(-9.95799250103E-17,1.,0.));
#17744 = DIRECTION('',(-1.,-9.95799250103E-17,2.22044604925E-15));
#17745 = ORIENTED_EDGE('',*,*,#17746,.T.);
#17746 = EDGE_CURVE('',#17738,#15432,#17747,.T.);
#17747 = LINE('',#17748,#17749);
#17748 = CARTESIAN_POINT('',(-2.4,0.845,0.675));
#17749 = VECTOR('',#17750,1.);
#17750 = DIRECTION('',(1.,9.95799250103E-17,0.));
#17751 = PLANE('',#17752);
#17752 = AXIS2_PLACEMENT_3D('',#17753,#17754,#17755);
#17753 = CARTESIAN_POINT('',(-2.632923288131,0.845,0.313172218985));
#17754 = DIRECTION('',(-9.95799250103E-17,1.,0.));
#17755 = DIRECTION('',(0.,0.,1.));
#17756 = ADVANCED_FACE('',(#17757),#17768,.F.);
#17757 = FACE_BOUND('',#17758,.F.);
#17758 = EDGE_LOOP('',(#17759,#17760,#17761,#17767));
#17759 = ORIENTED_EDGE('',*,*,#15386,.T.);
#17760 = ORIENTED_EDGE('',*,*,#17464,.T.);
#17761 = ORIENTED_EDGE('',*,*,#17762,.F.);
#17762 = EDGE_CURVE('',#17671,#17465,#17763,.T.);
#17763 = LINE('',#17764,#17765);
#17764 = CARTESIAN_POINT('',(-2.5,0.845,0.425));
#17765 = VECTOR('',#17766,1.);
#17766 = DIRECTION('',(-9.95799250103E-17,1.,0.));
#17767 = ORIENTED_EDGE('',*,*,#17670,.F.);
#17768 = CYLINDRICAL_SURFACE('',#17769,0.1);
#17769 = AXIS2_PLACEMENT_3D('',#17770,#17771,#17772);
#17770 = CARTESIAN_POINT('',(-2.4,0.845,0.425));
#17771 = DIRECTION('',(9.95799250103E-17,-1.,0.));
#17772 = DIRECTION('',(0.,0.,1.));
#17773 = ADVANCED_FACE('',(#17774),#17793,.F.);
#17774 = FACE_BOUND('',#17775,.F.);
#17775 = EDGE_LOOP('',(#17776,#17777,#17786,#17792));
#17776 = ORIENTED_EDGE('',*,*,#15417,.T.);
#17777 = ORIENTED_EDGE('',*,*,#17778,.T.);
#17778 = EDGE_CURVE('',#15410,#17779,#17781,.T.);
#17779 = VERTEX_POINT('',#17780);
#17780 = CARTESIAN_POINT('',(-2.5,-0.845,0.425));
#17781 = CIRCLE('',#17782,0.1);
#17782 = AXIS2_PLACEMENT_3D('',#17783,#17784,#17785);
#17783 = CARTESIAN_POINT('',(-2.4,-0.845,0.425));
#17784 = DIRECTION('',(9.95799250103E-17,-1.,0.));
#17785 = DIRECTION('',(0.,0.,1.));
#17786 = ORIENTED_EDGE('',*,*,#17787,.F.);
#17787 = EDGE_CURVE('',#17557,#17779,#17788,.T.);
#17788 = LINE('',#17789,#17790);
#17789 = CARTESIAN_POINT('',(-2.5,-1.105,0.425));
#17790 = VECTOR('',#17791,1.);
#17791 = DIRECTION('',(-9.95799250103E-17,1.,0.));
#17792 = ORIENTED_EDGE('',*,*,#17556,.F.);
#17793 = CYLINDRICAL_SURFACE('',#17794,0.1);
#17794 = AXIS2_PLACEMENT_3D('',#17795,#17796,#17797);
#17795 = CARTESIAN_POINT('',(-2.4,-1.105,0.425));
#17796 = DIRECTION('',(9.95799250103E-17,-1.,0.));
#17797 = DIRECTION('',(0.,0.,1.));
#17798 = ADVANCED_FACE('',(#17799),#17877,.T.);
#17799 = FACE_BOUND('',#17800,.T.);
#17800 = EDGE_LOOP('',(#17801,#17802,#17803,#17804,#17812,#17821,#17829,
    #17837,#17845,#17854,#17862,#17871));
#17801 = ORIENTED_EDGE('',*,*,#15471,.T.);
#17802 = ORIENTED_EDGE('',*,*,#15409,.T.);
#17803 = ORIENTED_EDGE('',*,*,#17778,.T.);
#17804 = ORIENTED_EDGE('',*,*,#17805,.T.);
#17805 = EDGE_CURVE('',#17779,#17806,#17808,.T.);
#17806 = VERTEX_POINT('',#17807);
#17807 = CARTESIAN_POINT('',(-2.5,-0.845,0.25));
#17808 = LINE('',#17809,#17810);
#17809 = CARTESIAN_POINT('',(-2.5,-0.845,0.425));
#17810 = VECTOR('',#17811,1.);
#17811 = DIRECTION('',(-0.,0.,-1.));
#17812 = ORIENTED_EDGE('',*,*,#17813,.T.);
#17813 = EDGE_CURVE('',#17806,#17814,#17816,.T.);
#17814 = VERTEX_POINT('',#17815);
#17815 = CARTESIAN_POINT('',(-2.75,-0.845,1.110223024625E-16));
#17816 = CIRCLE('',#17817,0.25);
#17817 = AXIS2_PLACEMENT_3D('',#17818,#17819,#17820);
#17818 = CARTESIAN_POINT('',(-2.75,-0.845,0.25));
#17819 = DIRECTION('',(-9.95799250103E-17,1.,0.));
#17820 = DIRECTION('',(1.,9.95799250103E-17,-2.442490654175E-15));
#17821 = ORIENTED_EDGE('',*,*,#17822,.T.);
#17822 = EDGE_CURVE('',#17814,#17823,#17825,.T.);
#17823 = VERTEX_POINT('',#17824);
#17824 = CARTESIAN_POINT('',(-3.2,-0.845,1.110223024625E-16));
#17825 = LINE('',#17826,#17827);
#17826 = CARTESIAN_POINT('',(-2.75,-0.845,1.110223024625E-16));
#17827 = VECTOR('',#17828,1.);
#17828 = DIRECTION('',(-1.,-9.95799250103E-17,0.));
#17829 = ORIENTED_EDGE('',*,*,#17830,.T.);
#17830 = EDGE_CURVE('',#17823,#17831,#17833,.T.);
#17831 = VERTEX_POINT('',#17832);
#17832 = CARTESIAN_POINT('',(-3.2,-0.845,0.15));
#17833 = LINE('',#17834,#17835);
#17834 = CARTESIAN_POINT('',(-3.2,-0.845,1.110223024625E-16));
#17835 = VECTOR('',#17836,1.);
#17836 = DIRECTION('',(0.,0.,1.));
#17837 = ORIENTED_EDGE('',*,*,#17838,.T.);
#17838 = EDGE_CURVE('',#17831,#17839,#17841,.T.);
#17839 = VERTEX_POINT('',#17840);
#17840 = CARTESIAN_POINT('',(-2.75,-0.845,0.15));
#17841 = LINE('',#17842,#17843);
#17842 = CARTESIAN_POINT('',(-3.2,-0.845,0.15));
#17843 = VECTOR('',#17844,1.);
#17844 = DIRECTION('',(1.,9.95799250103E-17,0.));
#17845 = ORIENTED_EDGE('',*,*,#17846,.T.);
#17846 = EDGE_CURVE('',#17839,#17847,#17849,.T.);
#17847 = VERTEX_POINT('',#17848);
#17848 = CARTESIAN_POINT('',(-2.65,-0.845,0.25));
#17849 = CIRCLE('',#17850,0.1);
#17850 = AXIS2_PLACEMENT_3D('',#17851,#17852,#17853);
#17851 = CARTESIAN_POINT('',(-2.75,-0.845,0.25));
#17852 = DIRECTION('',(9.95799250103E-17,-1.,-0.));
#17853 = DIRECTION('',(-0.,0.,-1.));
#17854 = ORIENTED_EDGE('',*,*,#17855,.T.);
#17855 = EDGE_CURVE('',#17847,#17856,#17858,.T.);
#17856 = VERTEX_POINT('',#17857);
#17857 = CARTESIAN_POINT('',(-2.65,-0.845,0.425));
#17858 = LINE('',#17859,#17860);
#17859 = CARTESIAN_POINT('',(-2.65,-0.845,0.25));
#17860 = VECTOR('',#17861,1.);
#17861 = DIRECTION('',(0.,0.,1.));
#17862 = ORIENTED_EDGE('',*,*,#17863,.T.);
#17863 = EDGE_CURVE('',#17856,#17864,#17866,.T.);
#17864 = VERTEX_POINT('',#17865);
#17865 = CARTESIAN_POINT('',(-2.4,-0.845,0.675));
#17866 = CIRCLE('',#17867,0.25);
#17867 = AXIS2_PLACEMENT_3D('',#17868,#17869,#17870);
#17868 = CARTESIAN_POINT('',(-2.4,-0.845,0.425));
#17869 = DIRECTION('',(-9.95799250103E-17,1.,0.));
#17870 = DIRECTION('',(-1.,-9.95799250103E-17,2.22044604925E-15));
#17871 = ORIENTED_EDGE('',*,*,#17872,.T.);
#17872 = EDGE_CURVE('',#17864,#15472,#17873,.T.);
#17873 = LINE('',#17874,#17875);
#17874 = CARTESIAN_POINT('',(-2.4,-0.845,0.675));
#17875 = VECTOR('',#17876,1.);
#17876 = DIRECTION('',(1.,9.95799250103E-17,0.));
#17877 = PLANE('',#17878);
#17878 = AXIS2_PLACEMENT_3D('',#17879,#17880,#17881);
#17879 = CARTESIAN_POINT('',(-2.632923288131,-0.845,0.313172218985));
#17880 = DIRECTION('',(-9.95799250103E-17,1.,0.));
#17881 = DIRECTION('',(0.,0.,1.));
#17882 = ADVANCED_FACE('',(#17883),#17899,.T.);
#17883 = FACE_BOUND('',#17884,.T.);
#17884 = EDGE_LOOP('',(#17885,#17891,#17892,#17898));
#17885 = ORIENTED_EDGE('',*,*,#17886,.F.);
#17886 = EDGE_CURVE('',#15432,#16538,#17887,.T.);
#17887 = LINE('',#17888,#17889);
#17888 = CARTESIAN_POINT('',(-2.4,0.845,0.675));
#17889 = VECTOR('',#17890,1.);
#17890 = DIRECTION('',(1.,9.95799250103E-17,0.));
#17891 = ORIENTED_EDGE('',*,*,#15448,.T.);
#17892 = ORIENTED_EDGE('',*,*,#17893,.T.);
#17893 = EDGE_CURVE('',#15441,#16546,#17894,.T.);
#17894 = LINE('',#17895,#17896);
#17895 = CARTESIAN_POINT('',(-2.4,0.455,0.675));
#17896 = VECTOR('',#17897,1.);
#17897 = DIRECTION('',(1.,9.95799250103E-17,0.));
#17898 = ORIENTED_EDGE('',*,*,#16545,.F.);
#17899 = B_SPLINE_SURFACE_WITH_KNOTS('',1,1,(
    (#17900,#17901)
    ,(#17902,#17903
    )),.UNSPECIFIED.,.F.,.F.,.F.,(2,2),(2,2),(0.,5.),(0.,1.),
  .PIECEWISE_BEZIER_KNOTS.);
#17900 = CARTESIAN_POINT('',(-2.2,2.5,0.675));
#17901 = CARTESIAN_POINT('',(-2.15,2.45,0.675));
#17902 = CARTESIAN_POINT('',(-2.2,-2.5,0.675));
#17903 = CARTESIAN_POINT('',(-2.15,-2.45,0.675));
#17904 = ADVANCED_FACE('',(#17905),#17991,.T.);
#17905 = FACE_BOUND('',#17906,.T.);
#17906 = EDGE_LOOP('',(#17907,#17908,#17909,#17918,#17926,#17935,#17943,
    #17951,#17959,#17968,#17976,#17985));
#17907 = ORIENTED_EDGE('',*,*,#15440,.T.);
#17908 = ORIENTED_EDGE('',*,*,#15502,.T.);
#17909 = ORIENTED_EDGE('',*,*,#17910,.T.);
#17910 = EDGE_CURVE('',#15503,#17911,#17913,.T.);
#17911 = VERTEX_POINT('',#17912);
#17912 = CARTESIAN_POINT('',(-2.5,0.455,0.425));
#17913 = CIRCLE('',#17914,0.1);
#17914 = AXIS2_PLACEMENT_3D('',#17915,#17916,#17917);
#17915 = CARTESIAN_POINT('',(-2.4,0.455,0.425));
#17916 = DIRECTION('',(9.95799250103E-17,-1.,0.));
#17917 = DIRECTION('',(0.,0.,1.));
#17918 = ORIENTED_EDGE('',*,*,#17919,.T.);
#17919 = EDGE_CURVE('',#17911,#17920,#17922,.T.);
#17920 = VERTEX_POINT('',#17921);
#17921 = CARTESIAN_POINT('',(-2.5,0.455,0.25));
#17922 = LINE('',#17923,#17924);
#17923 = CARTESIAN_POINT('',(-2.5,0.455,0.425));
#17924 = VECTOR('',#17925,1.);
#17925 = DIRECTION('',(-0.,0.,-1.));
#17926 = ORIENTED_EDGE('',*,*,#17927,.T.);
#17927 = EDGE_CURVE('',#17920,#17928,#17930,.T.);
#17928 = VERTEX_POINT('',#17929);
#17929 = CARTESIAN_POINT('',(-2.75,0.455,1.110223024625E-16));
#17930 = CIRCLE('',#17931,0.25);
#17931 = AXIS2_PLACEMENT_3D('',#17932,#17933,#17934);
#17932 = CARTESIAN_POINT('',(-2.75,0.455,0.25));
#17933 = DIRECTION('',(-9.95799250103E-17,1.,0.));
#17934 = DIRECTION('',(1.,9.95799250103E-17,-2.442490654175E-15));
#17935 = ORIENTED_EDGE('',*,*,#17936,.T.);
#17936 = EDGE_CURVE('',#17928,#17937,#17939,.T.);
#17937 = VERTEX_POINT('',#17938);
#17938 = CARTESIAN_POINT('',(-3.2,0.455,1.110223024625E-16));
#17939 = LINE('',#17940,#17941);
#17940 = CARTESIAN_POINT('',(-2.75,0.455,1.110223024625E-16));
#17941 = VECTOR('',#17942,1.);
#17942 = DIRECTION('',(-1.,-9.95799250103E-17,0.));
#17943 = ORIENTED_EDGE('',*,*,#17944,.T.);
#17944 = EDGE_CURVE('',#17937,#17945,#17947,.T.);
#17945 = VERTEX_POINT('',#17946);
#17946 = CARTESIAN_POINT('',(-3.2,0.455,0.15));
#17947 = LINE('',#17948,#17949);
#17948 = CARTESIAN_POINT('',(-3.2,0.455,1.110223024625E-16));
#17949 = VECTOR('',#17950,1.);
#17950 = DIRECTION('',(0.,0.,1.));
#17951 = ORIENTED_EDGE('',*,*,#17952,.T.);
#17952 = EDGE_CURVE('',#17945,#17953,#17955,.T.);
#17953 = VERTEX_POINT('',#17954);
#17954 = CARTESIAN_POINT('',(-2.75,0.455,0.15));
#17955 = LINE('',#17956,#17957);
#17956 = CARTESIAN_POINT('',(-3.2,0.455,0.15));
#17957 = VECTOR('',#17958,1.);
#17958 = DIRECTION('',(1.,9.95799250103E-17,0.));
#17959 = ORIENTED_EDGE('',*,*,#17960,.T.);
#17960 = EDGE_CURVE('',#17953,#17961,#17963,.T.);
#17961 = VERTEX_POINT('',#17962);
#17962 = CARTESIAN_POINT('',(-2.65,0.455,0.25));
#17963 = CIRCLE('',#17964,0.1);
#17964 = AXIS2_PLACEMENT_3D('',#17965,#17966,#17967);
#17965 = CARTESIAN_POINT('',(-2.75,0.455,0.25));
#17966 = DIRECTION('',(9.95799250103E-17,-1.,-0.));
#17967 = DIRECTION('',(-0.,0.,-1.));
#17968 = ORIENTED_EDGE('',*,*,#17969,.T.);
#17969 = EDGE_CURVE('',#17961,#17970,#17972,.T.);
#17970 = VERTEX_POINT('',#17971);
#17971 = CARTESIAN_POINT('',(-2.65,0.455,0.425));
#17972 = LINE('',#17973,#17974);
#17973 = CARTESIAN_POINT('',(-2.65,0.455,0.25));
#17974 = VECTOR('',#17975,1.);
#17975 = DIRECTION('',(0.,0.,1.));
#17976 = ORIENTED_EDGE('',*,*,#17977,.T.);
#17977 = EDGE_CURVE('',#17970,#17978,#17980,.T.);
#17978 = VERTEX_POINT('',#17979);
#17979 = CARTESIAN_POINT('',(-2.4,0.455,0.675));
#17980 = CIRCLE('',#17981,0.25);
#17981 = AXIS2_PLACEMENT_3D('',#17982,#17983,#17984);
#17982 = CARTESIAN_POINT('',(-2.4,0.455,0.425));
#17983 = DIRECTION('',(-9.95799250103E-17,1.,0.));
#17984 = DIRECTION('',(-1.,-9.95799250103E-17,2.22044604925E-15));
#17985 = ORIENTED_EDGE('',*,*,#17986,.T.);
#17986 = EDGE_CURVE('',#17978,#15441,#17987,.T.);
#17987 = LINE('',#17988,#17989);
#17988 = CARTESIAN_POINT('',(-2.4,0.455,0.675));
#17989 = VECTOR('',#17990,1.);
#17990 = DIRECTION('',(1.,9.95799250103E-17,0.));
#17991 = PLANE('',#17992);
#17992 = AXIS2_PLACEMENT_3D('',#17993,#17994,#17995);
#17993 = CARTESIAN_POINT('',(-2.632923288131,0.455,0.313172218985));
#17994 = DIRECTION('',(-9.95799250103E-17,1.,0.));
#17995 = DIRECTION('',(0.,0.,1.));
#17996 = ADVANCED_FACE('',(#17997),#18083,.F.);
#17997 = FACE_BOUND('',#17998,.F.);
#17998 = EDGE_LOOP('',(#17999,#18000,#18001,#18010,#18018,#18027,#18035,
    #18043,#18051,#18060,#18068,#18077));
#17999 = ORIENTED_EDGE('',*,*,#15462,.T.);
#18000 = ORIENTED_EDGE('',*,*,#15524,.T.);
#18001 = ORIENTED_EDGE('',*,*,#18002,.T.);
#18002 = EDGE_CURVE('',#15525,#18003,#18005,.T.);
#18003 = VERTEX_POINT('',#18004);
#18004 = CARTESIAN_POINT('',(-2.5,-0.455,0.425));
#18005 = CIRCLE('',#18006,0.1);
#18006 = AXIS2_PLACEMENT_3D('',#18007,#18008,#18009);
#18007 = CARTESIAN_POINT('',(-2.4,-0.455,0.425));
#18008 = DIRECTION('',(9.95799250103E-17,-1.,0.));
#18009 = DIRECTION('',(0.,0.,1.));
#18010 = ORIENTED_EDGE('',*,*,#18011,.T.);
#18011 = EDGE_CURVE('',#18003,#18012,#18014,.T.);
#18012 = VERTEX_POINT('',#18013);
#18013 = CARTESIAN_POINT('',(-2.5,-0.455,0.25));
#18014 = LINE('',#18015,#18016);
#18015 = CARTESIAN_POINT('',(-2.5,-0.455,0.425));
#18016 = VECTOR('',#18017,1.);
#18017 = DIRECTION('',(-0.,0.,-1.));
#18018 = ORIENTED_EDGE('',*,*,#18019,.T.);
#18019 = EDGE_CURVE('',#18012,#18020,#18022,.T.);
#18020 = VERTEX_POINT('',#18021);
#18021 = CARTESIAN_POINT('',(-2.75,-0.455,1.110223024625E-16));
#18022 = CIRCLE('',#18023,0.25);
#18023 = AXIS2_PLACEMENT_3D('',#18024,#18025,#18026);
#18024 = CARTESIAN_POINT('',(-2.75,-0.455,0.25));
#18025 = DIRECTION('',(-9.95799250103E-17,1.,0.));
#18026 = DIRECTION('',(1.,9.95799250103E-17,-2.442490654175E-15));
#18027 = ORIENTED_EDGE('',*,*,#18028,.T.);
#18028 = EDGE_CURVE('',#18020,#18029,#18031,.T.);
#18029 = VERTEX_POINT('',#18030);
#18030 = CARTESIAN_POINT('',(-3.2,-0.455,1.110223024625E-16));
#18031 = LINE('',#18032,#18033);
#18032 = CARTESIAN_POINT('',(-2.75,-0.455,1.110223024625E-16));
#18033 = VECTOR('',#18034,1.);
#18034 = DIRECTION('',(-1.,-9.95799250103E-17,0.));
#18035 = ORIENTED_EDGE('',*,*,#18036,.T.);
#18036 = EDGE_CURVE('',#18029,#18037,#18039,.T.);
#18037 = VERTEX_POINT('',#18038);
#18038 = CARTESIAN_POINT('',(-3.2,-0.455,0.15));
#18039 = LINE('',#18040,#18041);
#18040 = CARTESIAN_POINT('',(-3.2,-0.455,1.110223024625E-16));
#18041 = VECTOR('',#18042,1.);
#18042 = DIRECTION('',(0.,0.,1.));
#18043 = ORIENTED_EDGE('',*,*,#18044,.T.);
#18044 = EDGE_CURVE('',#18037,#18045,#18047,.T.);
#18045 = VERTEX_POINT('',#18046);
#18046 = CARTESIAN_POINT('',(-2.75,-0.455,0.15));
#18047 = LINE('',#18048,#18049);
#18048 = CARTESIAN_POINT('',(-3.2,-0.455,0.15));
#18049 = VECTOR('',#18050,1.);
#18050 = DIRECTION('',(1.,9.95799250103E-17,0.));
#18051 = ORIENTED_EDGE('',*,*,#18052,.T.);
#18052 = EDGE_CURVE('',#18045,#18053,#18055,.T.);
#18053 = VERTEX_POINT('',#18054);
#18054 = CARTESIAN_POINT('',(-2.65,-0.455,0.25));
#18055 = CIRCLE('',#18056,0.1);
#18056 = AXIS2_PLACEMENT_3D('',#18057,#18058,#18059);
#18057 = CARTESIAN_POINT('',(-2.75,-0.455,0.25));
#18058 = DIRECTION('',(9.95799250103E-17,-1.,-0.));
#18059 = DIRECTION('',(-0.,0.,-1.));
#18060 = ORIENTED_EDGE('',*,*,#18061,.T.);
#18061 = EDGE_CURVE('',#18053,#18062,#18064,.T.);
#18062 = VERTEX_POINT('',#18063);
#18063 = CARTESIAN_POINT('',(-2.65,-0.455,0.425));
#18064 = LINE('',#18065,#18066);
#18065 = CARTESIAN_POINT('',(-2.65,-0.455,0.25));
#18066 = VECTOR('',#18067,1.);
#18067 = DIRECTION('',(0.,0.,1.));
#18068 = ORIENTED_EDGE('',*,*,#18069,.T.);
#18069 = EDGE_CURVE('',#18062,#18070,#18072,.T.);
#18070 = VERTEX_POINT('',#18071);
#18071 = CARTESIAN_POINT('',(-2.4,-0.455,0.675));
#18072 = CIRCLE('',#18073,0.25);
#18073 = AXIS2_PLACEMENT_3D('',#18074,#18075,#18076);
#18074 = CARTESIAN_POINT('',(-2.4,-0.455,0.425));
#18075 = DIRECTION('',(-9.95799250103E-17,1.,0.));
#18076 = DIRECTION('',(-1.,-9.95799250103E-17,2.22044604925E-15));
#18077 = ORIENTED_EDGE('',*,*,#18078,.T.);
#18078 = EDGE_CURVE('',#18070,#15463,#18079,.T.);
#18079 = LINE('',#18080,#18081);
#18080 = CARTESIAN_POINT('',(-2.4,-0.455,0.675));
#18081 = VECTOR('',#18082,1.);
#18082 = DIRECTION('',(1.,9.95799250103E-17,0.));
#18083 = PLANE('',#18084);
#18084 = AXIS2_PLACEMENT_3D('',#18085,#18086,#18087);
#18085 = CARTESIAN_POINT('',(-2.632923288131,-0.455,0.313172218985));
#18086 = DIRECTION('',(-9.95799250103E-17,1.,0.));
#18087 = DIRECTION('',(0.,0.,1.));
#18088 = ADVANCED_FACE('',(#18089),#18105,.T.);
#18089 = FACE_BOUND('',#18090,.T.);
#18090 = EDGE_LOOP('',(#18091,#18097,#18098,#18104));
#18091 = ORIENTED_EDGE('',*,*,#18092,.F.);
#18092 = EDGE_CURVE('',#15463,#16570,#18093,.T.);
#18093 = LINE('',#18094,#18095);
#18094 = CARTESIAN_POINT('',(-2.4,-0.455,0.675));
#18095 = VECTOR('',#18096,1.);
#18096 = DIRECTION('',(1.,9.95799250103E-17,0.));
#18097 = ORIENTED_EDGE('',*,*,#15479,.T.);
#18098 = ORIENTED_EDGE('',*,*,#18099,.T.);
#18099 = EDGE_CURVE('',#15472,#16578,#18100,.T.);
#18100 = LINE('',#18101,#18102);
#18101 = CARTESIAN_POINT('',(-2.4,-0.845,0.675));
#18102 = VECTOR('',#18103,1.);
#18103 = DIRECTION('',(1.,9.95799250103E-17,0.));
#18104 = ORIENTED_EDGE('',*,*,#16577,.F.);
#18105 = B_SPLINE_SURFACE_WITH_KNOTS('',1,1,(
    (#18106,#18107)
    ,(#18108,#18109
    )),.UNSPECIFIED.,.F.,.F.,.F.,(2,2),(2,2),(0.,5.),(0.,1.),
  .PIECEWISE_BEZIER_KNOTS.);
#18106 = CARTESIAN_POINT('',(-2.2,2.5,0.675));
#18107 = CARTESIAN_POINT('',(-2.15,2.45,0.675));
#18108 = CARTESIAN_POINT('',(-2.2,-2.5,0.675));
#18109 = CARTESIAN_POINT('',(-2.15,-2.45,0.675));
#18110 = ADVANCED_FACE('',(#18111),#18197,.F.);
#18111 = FACE_BOUND('',#18112,.F.);
#18112 = EDGE_LOOP('',(#18113,#18114,#18115,#18124,#18132,#18141,#18149,
    #18157,#18165,#18174,#18182,#18191));
#18113 = ORIENTED_EDGE('',*,*,#15555,.T.);
#18114 = ORIENTED_EDGE('',*,*,#15493,.T.);
#18115 = ORIENTED_EDGE('',*,*,#18116,.T.);
#18116 = EDGE_CURVE('',#15494,#18117,#18119,.T.);
#18117 = VERTEX_POINT('',#18118);
#18118 = CARTESIAN_POINT('',(-2.5,0.195,0.425));
#18119 = CIRCLE('',#18120,0.1);
#18120 = AXIS2_PLACEMENT_3D('',#18121,#18122,#18123);
#18121 = CARTESIAN_POINT('',(-2.4,0.195,0.425));
#18122 = DIRECTION('',(9.95799250103E-17,-1.,0.));
#18123 = DIRECTION('',(0.,0.,1.));
#18124 = ORIENTED_EDGE('',*,*,#18125,.T.);
#18125 = EDGE_CURVE('',#18117,#18126,#18128,.T.);
#18126 = VERTEX_POINT('',#18127);
#18127 = CARTESIAN_POINT('',(-2.5,0.195,0.25));
#18128 = LINE('',#18129,#18130);
#18129 = CARTESIAN_POINT('',(-2.5,0.195,0.425));
#18130 = VECTOR('',#18131,1.);
#18131 = DIRECTION('',(-0.,0.,-1.));
#18132 = ORIENTED_EDGE('',*,*,#18133,.T.);
#18133 = EDGE_CURVE('',#18126,#18134,#18136,.T.);
#18134 = VERTEX_POINT('',#18135);
#18135 = CARTESIAN_POINT('',(-2.75,0.195,1.110223024625E-16));
#18136 = CIRCLE('',#18137,0.25);
#18137 = AXIS2_PLACEMENT_3D('',#18138,#18139,#18140);
#18138 = CARTESIAN_POINT('',(-2.75,0.195,0.25));
#18139 = DIRECTION('',(-9.95799250103E-17,1.,0.));
#18140 = DIRECTION('',(1.,9.95799250103E-17,-2.442490654175E-15));
#18141 = ORIENTED_EDGE('',*,*,#18142,.T.);
#18142 = EDGE_CURVE('',#18134,#18143,#18145,.T.);
#18143 = VERTEX_POINT('',#18144);
#18144 = CARTESIAN_POINT('',(-3.2,0.195,1.110223024625E-16));
#18145 = LINE('',#18146,#18147);
#18146 = CARTESIAN_POINT('',(-2.75,0.195,1.110223024625E-16));
#18147 = VECTOR('',#18148,1.);
#18148 = DIRECTION('',(-1.,-9.95799250103E-17,0.));
#18149 = ORIENTED_EDGE('',*,*,#18150,.T.);
#18150 = EDGE_CURVE('',#18143,#18151,#18153,.T.);
#18151 = VERTEX_POINT('',#18152);
#18152 = CARTESIAN_POINT('',(-3.2,0.195,0.15));
#18153 = LINE('',#18154,#18155);
#18154 = CARTESIAN_POINT('',(-3.2,0.195,1.110223024625E-16));
#18155 = VECTOR('',#18156,1.);
#18156 = DIRECTION('',(0.,0.,1.));
#18157 = ORIENTED_EDGE('',*,*,#18158,.T.);
#18158 = EDGE_CURVE('',#18151,#18159,#18161,.T.);
#18159 = VERTEX_POINT('',#18160);
#18160 = CARTESIAN_POINT('',(-2.75,0.195,0.15));
#18161 = LINE('',#18162,#18163);
#18162 = CARTESIAN_POINT('',(-3.2,0.195,0.15));
#18163 = VECTOR('',#18164,1.);
#18164 = DIRECTION('',(1.,9.95799250103E-17,0.));
#18165 = ORIENTED_EDGE('',*,*,#18166,.T.);
#18166 = EDGE_CURVE('',#18159,#18167,#18169,.T.);
#18167 = VERTEX_POINT('',#18168);
#18168 = CARTESIAN_POINT('',(-2.65,0.195,0.25));
#18169 = CIRCLE('',#18170,0.1);
#18170 = AXIS2_PLACEMENT_3D('',#18171,#18172,#18173);
#18171 = CARTESIAN_POINT('',(-2.75,0.195,0.25));
#18172 = DIRECTION('',(9.95799250103E-17,-1.,-0.));
#18173 = DIRECTION('',(-0.,0.,-1.));
#18174 = ORIENTED_EDGE('',*,*,#18175,.T.);
#18175 = EDGE_CURVE('',#18167,#18176,#18178,.T.);
#18176 = VERTEX_POINT('',#18177);
#18177 = CARTESIAN_POINT('',(-2.65,0.195,0.425));
#18178 = LINE('',#18179,#18180);
#18179 = CARTESIAN_POINT('',(-2.65,0.195,0.25));
#18180 = VECTOR('',#18181,1.);
#18181 = DIRECTION('',(0.,0.,1.));
#18182 = ORIENTED_EDGE('',*,*,#18183,.T.);
#18183 = EDGE_CURVE('',#18176,#18184,#18186,.T.);
#18184 = VERTEX_POINT('',#18185);
#18185 = CARTESIAN_POINT('',(-2.4,0.195,0.675));
#18186 = CIRCLE('',#18187,0.25);
#18187 = AXIS2_PLACEMENT_3D('',#18188,#18189,#18190);
#18188 = CARTESIAN_POINT('',(-2.4,0.195,0.425));
#18189 = DIRECTION('',(-9.95799250103E-17,1.,0.));
#18190 = DIRECTION('',(-1.,-9.95799250103E-17,2.22044604925E-15));
#18191 = ORIENTED_EDGE('',*,*,#18192,.T.);
#18192 = EDGE_CURVE('',#18184,#15556,#18193,.T.);
#18193 = LINE('',#18194,#18195);
#18194 = CARTESIAN_POINT('',(-2.4,0.195,0.675));
#18195 = VECTOR('',#18196,1.);
#18196 = DIRECTION('',(1.,9.95799250103E-17,0.));
#18197 = PLANE('',#18198);
#18198 = AXIS2_PLACEMENT_3D('',#18199,#18200,#18201);
#18199 = CARTESIAN_POINT('',(-2.632923288131,0.195,0.313172218985));
#18200 = DIRECTION('',(-9.95799250103E-17,1.,0.));
#18201 = DIRECTION('',(0.,0.,1.));
#18202 = ADVANCED_FACE('',(#18203),#18214,.F.);
#18203 = FACE_BOUND('',#18204,.F.);
#18204 = EDGE_LOOP('',(#18205,#18206,#18207,#18213));
#18205 = ORIENTED_EDGE('',*,*,#15510,.T.);
#18206 = ORIENTED_EDGE('',*,*,#17910,.T.);
#18207 = ORIENTED_EDGE('',*,*,#18208,.F.);
#18208 = EDGE_CURVE('',#18117,#17911,#18209,.T.);
#18209 = LINE('',#18210,#18211);
#18210 = CARTESIAN_POINT('',(-2.5,0.195,0.425));
#18211 = VECTOR('',#18212,1.);
#18212 = DIRECTION('',(-9.95799250103E-17,1.,0.));
#18213 = ORIENTED_EDGE('',*,*,#18116,.F.);
#18214 = CYLINDRICAL_SURFACE('',#18215,0.1);
#18215 = AXIS2_PLACEMENT_3D('',#18216,#18217,#18218);
#18216 = CARTESIAN_POINT('',(-2.4,0.195,0.425));
#18217 = DIRECTION('',(9.95799250103E-17,-1.,0.));
#18218 = DIRECTION('',(0.,0.,1.));
#18219 = ADVANCED_FACE('',(#18220),#18239,.F.);
#18220 = FACE_BOUND('',#18221,.F.);
#18221 = EDGE_LOOP('',(#18222,#18223,#18232,#18238));
#18222 = ORIENTED_EDGE('',*,*,#15541,.T.);
#18223 = ORIENTED_EDGE('',*,*,#18224,.T.);
#18224 = EDGE_CURVE('',#15534,#18225,#18227,.T.);
#18225 = VERTEX_POINT('',#18226);
#18226 = CARTESIAN_POINT('',(-2.5,-0.195,0.425));
#18227 = CIRCLE('',#18228,0.1);
#18228 = AXIS2_PLACEMENT_3D('',#18229,#18230,#18231);
#18229 = CARTESIAN_POINT('',(-2.4,-0.195,0.425));
#18230 = DIRECTION('',(9.95799250103E-17,-1.,0.));
#18231 = DIRECTION('',(0.,0.,1.));
#18232 = ORIENTED_EDGE('',*,*,#18233,.F.);
#18233 = EDGE_CURVE('',#18003,#18225,#18234,.T.);
#18234 = LINE('',#18235,#18236);
#18235 = CARTESIAN_POINT('',(-2.5,-0.455,0.425));
#18236 = VECTOR('',#18237,1.);
#18237 = DIRECTION('',(-9.95799250103E-17,1.,0.));
#18238 = ORIENTED_EDGE('',*,*,#18002,.F.);
#18239 = CYLINDRICAL_SURFACE('',#18240,0.1);
#18240 = AXIS2_PLACEMENT_3D('',#18241,#18242,#18243);
#18241 = CARTESIAN_POINT('',(-2.4,-0.455,0.425));
#18242 = DIRECTION('',(9.95799250103E-17,-1.,0.));
#18243 = DIRECTION('',(0.,0.,1.));
#18244 = ADVANCED_FACE('',(#18245),#18323,.T.);
#18245 = FACE_BOUND('',#18246,.T.);
#18246 = EDGE_LOOP('',(#18247,#18248,#18249,#18250,#18258,#18267,#18275,
    #18283,#18291,#18300,#18308,#18317));
#18247 = ORIENTED_EDGE('',*,*,#15564,.T.);
#18248 = ORIENTED_EDGE('',*,*,#15533,.T.);
#18249 = ORIENTED_EDGE('',*,*,#18224,.T.);
#18250 = ORIENTED_EDGE('',*,*,#18251,.T.);
#18251 = EDGE_CURVE('',#18225,#18252,#18254,.T.);
#18252 = VERTEX_POINT('',#18253);
#18253 = CARTESIAN_POINT('',(-2.5,-0.195,0.25));
#18254 = LINE('',#18255,#18256);
#18255 = CARTESIAN_POINT('',(-2.5,-0.195,0.425));
#18256 = VECTOR('',#18257,1.);
#18257 = DIRECTION('',(-0.,0.,-1.));
#18258 = ORIENTED_EDGE('',*,*,#18259,.T.);
#18259 = EDGE_CURVE('',#18252,#18260,#18262,.T.);
#18260 = VERTEX_POINT('',#18261);
#18261 = CARTESIAN_POINT('',(-2.75,-0.195,1.110223024625E-16));
#18262 = CIRCLE('',#18263,0.25);
#18263 = AXIS2_PLACEMENT_3D('',#18264,#18265,#18266);
#18264 = CARTESIAN_POINT('',(-2.75,-0.195,0.25));
#18265 = DIRECTION('',(-9.95799250103E-17,1.,0.));
#18266 = DIRECTION('',(1.,9.95799250103E-17,-2.442490654175E-15));
#18267 = ORIENTED_EDGE('',*,*,#18268,.T.);
#18268 = EDGE_CURVE('',#18260,#18269,#18271,.T.);
#18269 = VERTEX_POINT('',#18270);
#18270 = CARTESIAN_POINT('',(-3.2,-0.195,1.110223024625E-16));
#18271 = LINE('',#18272,#18273);
#18272 = CARTESIAN_POINT('',(-2.75,-0.195,1.110223024625E-16));
#18273 = VECTOR('',#18274,1.);
#18274 = DIRECTION('',(-1.,-9.95799250103E-17,0.));
#18275 = ORIENTED_EDGE('',*,*,#18276,.T.);
#18276 = EDGE_CURVE('',#18269,#18277,#18279,.T.);
#18277 = VERTEX_POINT('',#18278);
#18278 = CARTESIAN_POINT('',(-3.2,-0.195,0.15));
#18279 = LINE('',#18280,#18281);
#18280 = CARTESIAN_POINT('',(-3.2,-0.195,1.110223024625E-16));
#18281 = VECTOR('',#18282,1.);
#18282 = DIRECTION('',(0.,0.,1.));
#18283 = ORIENTED_EDGE('',*,*,#18284,.T.);
#18284 = EDGE_CURVE('',#18277,#18285,#18287,.T.);
#18285 = VERTEX_POINT('',#18286);
#18286 = CARTESIAN_POINT('',(-2.75,-0.195,0.15));
#18287 = LINE('',#18288,#18289);
#18288 = CARTESIAN_POINT('',(-3.2,-0.195,0.15));
#18289 = VECTOR('',#18290,1.);
#18290 = DIRECTION('',(1.,9.95799250103E-17,0.));
#18291 = ORIENTED_EDGE('',*,*,#18292,.T.);
#18292 = EDGE_CURVE('',#18285,#18293,#18295,.T.);
#18293 = VERTEX_POINT('',#18294);
#18294 = CARTESIAN_POINT('',(-2.65,-0.195,0.25));
#18295 = CIRCLE('',#18296,0.1);
#18296 = AXIS2_PLACEMENT_3D('',#18297,#18298,#18299);
#18297 = CARTESIAN_POINT('',(-2.75,-0.195,0.25));
#18298 = DIRECTION('',(9.95799250103E-17,-1.,-0.));
#18299 = DIRECTION('',(-0.,0.,-1.));
#18300 = ORIENTED_EDGE('',*,*,#18301,.T.);
#18301 = EDGE_CURVE('',#18293,#18302,#18304,.T.);
#18302 = VERTEX_POINT('',#18303);
#18303 = CARTESIAN_POINT('',(-2.65,-0.195,0.425));
#18304 = LINE('',#18305,#18306);
#18305 = CARTESIAN_POINT('',(-2.65,-0.195,0.25));
#18306 = VECTOR('',#18307,1.);
#18307 = DIRECTION('',(0.,0.,1.));
#18308 = ORIENTED_EDGE('',*,*,#18309,.T.);
#18309 = EDGE_CURVE('',#18302,#18310,#18312,.T.);
#18310 = VERTEX_POINT('',#18311);
#18311 = CARTESIAN_POINT('',(-2.4,-0.195,0.675));
#18312 = CIRCLE('',#18313,0.25);
#18313 = AXIS2_PLACEMENT_3D('',#18314,#18315,#18316);
#18314 = CARTESIAN_POINT('',(-2.4,-0.195,0.425));
#18315 = DIRECTION('',(-9.95799250103E-17,1.,0.));
#18316 = DIRECTION('',(-1.,-9.95799250103E-17,2.22044604925E-15));
#18317 = ORIENTED_EDGE('',*,*,#18318,.T.);
#18318 = EDGE_CURVE('',#18310,#15565,#18319,.T.);
#18319 = LINE('',#18320,#18321);
#18320 = CARTESIAN_POINT('',(-2.4,-0.195,0.675));
#18321 = VECTOR('',#18322,1.);
#18322 = DIRECTION('',(1.,9.95799250103E-17,0.));
#18323 = PLANE('',#18324);
#18324 = AXIS2_PLACEMENT_3D('',#18325,#18326,#18327);
#18325 = CARTESIAN_POINT('',(-2.632923288131,-0.195,0.313172218985));
#18326 = DIRECTION('',(-9.95799250103E-17,1.,0.));
#18327 = DIRECTION('',(0.,0.,1.));
#18328 = ADVANCED_FACE('',(#18329),#18345,.T.);
#18329 = FACE_BOUND('',#18330,.T.);
#18330 = EDGE_LOOP('',(#18331,#18337,#18338,#18344));
#18331 = ORIENTED_EDGE('',*,*,#18332,.F.);
#18332 = EDGE_CURVE('',#15556,#16554,#18333,.T.);
#18333 = LINE('',#18334,#18335);
#18334 = CARTESIAN_POINT('',(-2.4,0.195,0.675));
#18335 = VECTOR('',#18336,1.);
#18336 = DIRECTION('',(1.,9.95799250103E-17,0.));
#18337 = ORIENTED_EDGE('',*,*,#15572,.T.);
#18338 = ORIENTED_EDGE('',*,*,#18339,.T.);
#18339 = EDGE_CURVE('',#15565,#16562,#18340,.T.);
#18340 = LINE('',#18341,#18342);
#18341 = CARTESIAN_POINT('',(-2.4,-0.195,0.675));
#18342 = VECTOR('',#18343,1.);
#18343 = DIRECTION('',(1.,9.95799250103E-17,0.));
#18344 = ORIENTED_EDGE('',*,*,#16561,.F.);
#18345 = B_SPLINE_SURFACE_WITH_KNOTS('',1,1,(
    (#18346,#18347)
    ,(#18348,#18349
    )),.UNSPECIFIED.,.F.,.F.,.F.,(2,2),(2,2),(0.,5.),(0.,1.),
  .PIECEWISE_BEZIER_KNOTS.);
#18346 = CARTESIAN_POINT('',(-2.2,2.5,0.675));
#18347 = CARTESIAN_POINT('',(-2.15,2.45,0.675));
#18348 = CARTESIAN_POINT('',(-2.2,-2.5,0.675));
#18349 = CARTESIAN_POINT('',(-2.15,-2.45,0.675));
#18350 = ADVANCED_FACE('',(#18351),#18364,.F.);
#18351 = FACE_BOUND('',#18352,.F.);
#18352 = EDGE_LOOP('',(#18353,#18354,#18360,#18361,#18362,#18363));
#18353 = ORIENTED_EDGE('',*,*,#16854,.F.);
#18354 = ORIENTED_EDGE('',*,*,#18355,.T.);
#18355 = EDGE_CURVE('',#16846,#16482,#18356,.T.);
#18356 = LINE('',#18357,#18358);
#18357 = CARTESIAN_POINT('',(-2.4,2.145,0.675));
#18358 = VECTOR('',#18359,1.);
#18359 = DIRECTION('',(-9.95799250103E-17,1.,0.));
#18360 = ORIENTED_EDGE('',*,*,#16490,.T.);
#18361 = ORIENTED_EDGE('',*,*,#16390,.T.);
#18362 = ORIENTED_EDGE('',*,*,#16505,.T.);
#18363 = ORIENTED_EDGE('',*,*,#16994,.F.);
#18364 = PLANE('',#18365);
#18365 = AXIS2_PLACEMENT_3D('',#18366,#18367,#18368);
#18366 = CARTESIAN_POINT('',(-2.4,2.145,0.675));
#18367 = DIRECTION('',(-0.,0.,-1.));
#18368 = DIRECTION('',(1.,9.95799250103E-17,0.));
#18369 = ADVANCED_FACE('',(#18370),#18381,.T.);
#18370 = FACE_BOUND('',#18371,.T.);
#18371 = EDGE_LOOP('',(#18372,#18373,#18374,#18375));
#18372 = ORIENTED_EDGE('',*,*,#16845,.T.);
#18373 = ORIENTED_EDGE('',*,*,#18355,.T.);
#18374 = ORIENTED_EDGE('',*,*,#16481,.F.);
#18375 = ORIENTED_EDGE('',*,*,#18376,.F.);
#18376 = EDGE_CURVE('',#16838,#16474,#18377,.T.);
#18377 = LINE('',#18378,#18379);
#18378 = CARTESIAN_POINT('',(-2.65,2.145,0.425));
#18379 = VECTOR('',#18380,1.);
#18380 = DIRECTION('',(-9.95799250103E-17,1.,0.));
#18381 = CYLINDRICAL_SURFACE('',#18382,0.25);
#18382 = AXIS2_PLACEMENT_3D('',#18383,#18384,#18385);
#18383 = CARTESIAN_POINT('',(-2.4,2.145,0.425));
#18384 = DIRECTION('',(9.95799250103E-17,-1.,-0.));
#18385 = DIRECTION('',(-1.,-9.95799250103E-17,2.22044604925E-15));
#18386 = ADVANCED_FACE('',(#18387),#18398,.F.);
#18387 = FACE_BOUND('',#18388,.F.);
#18388 = EDGE_LOOP('',(#18389,#18395,#18396,#18397));
#18389 = ORIENTED_EDGE('',*,*,#18390,.T.);
#18390 = EDGE_CURVE('',#16829,#16465,#18391,.T.);
#18391 = LINE('',#18392,#18393);
#18392 = CARTESIAN_POINT('',(-2.65,2.145,0.25));
#18393 = VECTOR('',#18394,1.);
#18394 = DIRECTION('',(-9.95799250103E-17,1.,0.));
#18395 = ORIENTED_EDGE('',*,*,#16473,.T.);
#18396 = ORIENTED_EDGE('',*,*,#18376,.F.);
#18397 = ORIENTED_EDGE('',*,*,#16837,.F.);
#18398 = PLANE('',#18399);
#18399 = AXIS2_PLACEMENT_3D('',#18400,#18401,#18402);
#18400 = CARTESIAN_POINT('',(-2.65,2.145,0.25));
#18401 = DIRECTION('',(1.,9.95799250103E-17,0.));
#18402 = DIRECTION('',(0.,-0.,1.));
#18403 = ADVANCED_FACE('',(#18404),#18415,.F.);
#18404 = FACE_BOUND('',#18405,.F.);
#18405 = EDGE_LOOP('',(#18406,#18412,#18413,#18414));
#18406 = ORIENTED_EDGE('',*,*,#18407,.T.);
#18407 = EDGE_CURVE('',#16821,#16457,#18408,.T.);
#18408 = LINE('',#18409,#18410);
#18409 = CARTESIAN_POINT('',(-2.75,2.145,0.15));
#18410 = VECTOR('',#18411,1.);
#18411 = DIRECTION('',(-9.95799250103E-17,1.,0.));
#18412 = ORIENTED_EDGE('',*,*,#16464,.T.);
#18413 = ORIENTED_EDGE('',*,*,#18390,.F.);
#18414 = ORIENTED_EDGE('',*,*,#16828,.F.);
#18415 = CYLINDRICAL_SURFACE('',#18416,0.1);
#18416 = AXIS2_PLACEMENT_3D('',#18417,#18418,#18419);
#18417 = CARTESIAN_POINT('',(-2.75,2.145,0.25));
#18418 = DIRECTION('',(9.95799250103E-17,-1.,0.));
#18419 = DIRECTION('',(0.,-0.,-1.));
#18420 = ADVANCED_FACE('',(#18421),#18432,.F.);
#18421 = FACE_BOUND('',#18422,.F.);
#18422 = EDGE_LOOP('',(#18423,#18429,#18430,#18431));
#18423 = ORIENTED_EDGE('',*,*,#18424,.T.);
#18424 = EDGE_CURVE('',#16813,#16449,#18425,.T.);
#18425 = LINE('',#18426,#18427);
#18426 = CARTESIAN_POINT('',(-3.2,2.145,0.15));
#18427 = VECTOR('',#18428,1.);
#18428 = DIRECTION('',(-9.95799250103E-17,1.,0.));
#18429 = ORIENTED_EDGE('',*,*,#16456,.T.);
#18430 = ORIENTED_EDGE('',*,*,#18407,.F.);
#18431 = ORIENTED_EDGE('',*,*,#16820,.F.);
#18432 = PLANE('',#18433);
#18433 = AXIS2_PLACEMENT_3D('',#18434,#18435,#18436);
#18434 = CARTESIAN_POINT('',(-3.2,2.145,0.15));
#18435 = DIRECTION('',(-0.,0.,-1.));
#18436 = DIRECTION('',(1.,9.95799250103E-17,0.));
#18437 = ADVANCED_FACE('',(#18438),#18449,.F.);
#18438 = FACE_BOUND('',#18439,.F.);
#18439 = EDGE_LOOP('',(#18440,#18446,#18447,#18448));
#18440 = ORIENTED_EDGE('',*,*,#18441,.T.);
#18441 = EDGE_CURVE('',#16805,#16441,#18442,.T.);
#18442 = LINE('',#18443,#18444);
#18443 = CARTESIAN_POINT('',(-3.2,2.145,1.110223024625E-16));
#18444 = VECTOR('',#18445,1.);
#18445 = DIRECTION('',(-9.95799250103E-17,1.,0.));
#18446 = ORIENTED_EDGE('',*,*,#16448,.T.);
#18447 = ORIENTED_EDGE('',*,*,#18424,.F.);
#18448 = ORIENTED_EDGE('',*,*,#16812,.F.);
#18449 = PLANE('',#18450);
#18450 = AXIS2_PLACEMENT_3D('',#18451,#18452,#18453);
#18451 = CARTESIAN_POINT('',(-3.2,2.145,1.110223024625E-16));
#18452 = DIRECTION('',(1.,9.95799250103E-17,0.));
#18453 = DIRECTION('',(0.,-0.,1.));
#18454 = ADVANCED_FACE('',(#18455),#18466,.F.);
#18455 = FACE_BOUND('',#18456,.F.);
#18456 = EDGE_LOOP('',(#18457,#18463,#18464,#18465));
#18457 = ORIENTED_EDGE('',*,*,#18458,.T.);
#18458 = EDGE_CURVE('',#16796,#16432,#18459,.T.);
#18459 = LINE('',#18460,#18461);
#18460 = CARTESIAN_POINT('',(-2.75,2.145,1.110223024625E-16));
#18461 = VECTOR('',#18462,1.);
#18462 = DIRECTION('',(-9.95799250103E-17,1.,0.));
#18463 = ORIENTED_EDGE('',*,*,#16440,.T.);
#18464 = ORIENTED_EDGE('',*,*,#18441,.F.);
#18465 = ORIENTED_EDGE('',*,*,#16804,.F.);
#18466 = PLANE('',#18467);
#18467 = AXIS2_PLACEMENT_3D('',#18468,#18469,#18470);
#18468 = CARTESIAN_POINT('',(-2.75,2.145,1.110223024625E-16));
#18469 = DIRECTION('',(0.,0.,1.));
#18470 = DIRECTION('',(-1.,-9.95799250103E-17,0.));
#18471 = ADVANCED_FACE('',(#18472),#18483,.T.);
#18472 = FACE_BOUND('',#18473,.T.);
#18473 = EDGE_LOOP('',(#18474,#18475,#18476,#18477));
#18474 = ORIENTED_EDGE('',*,*,#16795,.T.);
#18475 = ORIENTED_EDGE('',*,*,#18458,.T.);
#18476 = ORIENTED_EDGE('',*,*,#16431,.F.);
#18477 = ORIENTED_EDGE('',*,*,#18478,.F.);
#18478 = EDGE_CURVE('',#16788,#16424,#18479,.T.);
#18479 = LINE('',#18480,#18481);
#18480 = CARTESIAN_POINT('',(-2.5,2.145,0.25));
#18481 = VECTOR('',#18482,1.);
#18482 = DIRECTION('',(-9.95799250103E-17,1.,0.));
#18483 = CYLINDRICAL_SURFACE('',#18484,0.25);
#18484 = AXIS2_PLACEMENT_3D('',#18485,#18486,#18487);
#18485 = CARTESIAN_POINT('',(-2.75,2.145,0.25));
#18486 = DIRECTION('',(9.95799250103E-17,-1.,-0.));
#18487 = DIRECTION('',(1.,9.95799250103E-17,-2.442490654175E-15));
#18488 = ADVANCED_FACE('',(#18489),#18495,.F.);
#18489 = FACE_BOUND('',#18490,.F.);
#18490 = EDGE_LOOP('',(#18491,#18492,#18493,#18494));
#18491 = ORIENTED_EDGE('',*,*,#16870,.T.);
#18492 = ORIENTED_EDGE('',*,*,#16423,.T.);
#18493 = ORIENTED_EDGE('',*,*,#18478,.F.);
#18494 = ORIENTED_EDGE('',*,*,#16787,.F.);
#18495 = PLANE('',#18496);
#18496 = AXIS2_PLACEMENT_3D('',#18497,#18498,#18499);
#18497 = CARTESIAN_POINT('',(-2.5,2.145,0.425));
#18498 = DIRECTION('',(-1.,-9.95799250103E-17,0.));
#18499 = DIRECTION('',(-0.,0.,-1.));
#18500 = ADVANCED_FACE('',(#18501),#18514,.F.);
#18501 = FACE_BOUND('',#18502,.F.);
#18502 = EDGE_LOOP('',(#18503,#18504,#18510,#18511,#18512,#18513));
#18503 = ORIENTED_EDGE('',*,*,#17300,.F.);
#18504 = ORIENTED_EDGE('',*,*,#18505,.T.);
#18505 = EDGE_CURVE('',#17292,#17086,#18506,.T.);
#18506 = LINE('',#18507,#18508);
#18507 = CARTESIAN_POINT('',(-2.4,1.495,0.675));
#18508 = VECTOR('',#18509,1.);
#18509 = DIRECTION('',(-9.95799250103E-17,1.,0.));
#18510 = ORIENTED_EDGE('',*,*,#17094,.T.);
#18511 = ORIENTED_EDGE('',*,*,#17001,.T.);
#18512 = ORIENTED_EDGE('',*,*,#16521,.T.);
#18513 = ORIENTED_EDGE('',*,*,#17440,.F.);
#18514 = PLANE('',#18515);
#18515 = AXIS2_PLACEMENT_3D('',#18516,#18517,#18518);
#18516 = CARTESIAN_POINT('',(-2.4,1.495,0.675));
#18517 = DIRECTION('',(-0.,0.,-1.));
#18518 = DIRECTION('',(1.,9.95799250103E-17,0.));
#18519 = ADVANCED_FACE('',(#18520),#18533,.F.);
#18520 = FACE_BOUND('',#18521,.F.);
#18521 = EDGE_LOOP('',(#18522,#18523,#18529,#18530,#18531,#18532));
#18522 = ORIENTED_EDGE('',*,*,#16745,.F.);
#18523 = ORIENTED_EDGE('',*,*,#18524,.T.);
#18524 = EDGE_CURVE('',#16737,#16972,#18525,.T.);
#18525 = LINE('',#18526,#18527);
#18526 = CARTESIAN_POINT('',(-2.4,-2.405,0.675));
#18527 = VECTOR('',#18528,1.);
#18528 = DIRECTION('',(-9.95799250103E-17,1.,0.));
#18529 = ORIENTED_EDGE('',*,*,#16980,.T.);
#18530 = ORIENTED_EDGE('',*,*,#17207,.T.);
#18531 = ORIENTED_EDGE('',*,*,#16617,.T.);
#18532 = ORIENTED_EDGE('',*,*,#16759,.F.);
#18533 = PLANE('',#18534);
#18534 = AXIS2_PLACEMENT_3D('',#18535,#18536,#18537);
#18535 = CARTESIAN_POINT('',(-2.4,-2.405,0.675));
#18536 = DIRECTION('',(-0.,0.,-1.));
#18537 = DIRECTION('',(1.,9.95799250103E-17,0.));
#18538 = ADVANCED_FACE('',(#18539),#18552,.F.);
#18539 = FACE_BOUND('',#18540,.F.);
#18540 = EDGE_LOOP('',(#18541,#18542,#18548,#18549,#18550,#18551));
#18541 = ORIENTED_EDGE('',*,*,#17746,.F.);
#18542 = ORIENTED_EDGE('',*,*,#18543,.T.);
#18543 = EDGE_CURVE('',#17738,#17532,#18544,.T.);
#18544 = LINE('',#18545,#18546);
#18545 = CARTESIAN_POINT('',(-2.4,0.845,0.675));
#18546 = VECTOR('',#18547,1.);
#18547 = DIRECTION('',(-9.95799250103E-17,1.,0.));
#18548 = ORIENTED_EDGE('',*,*,#17540,.T.);
#18549 = ORIENTED_EDGE('',*,*,#17447,.T.);
#18550 = ORIENTED_EDGE('',*,*,#16537,.T.);
#18551 = ORIENTED_EDGE('',*,*,#17886,.F.);
#18552 = PLANE('',#18553);
#18553 = AXIS2_PLACEMENT_3D('',#18554,#18555,#18556);
#18554 = CARTESIAN_POINT('',(-2.4,0.845,0.675));
#18555 = DIRECTION('',(-0.,0.,-1.));
#18556 = DIRECTION('',(1.,9.95799250103E-17,0.));
#18557 = ADVANCED_FACE('',(#18558),#18571,.F.);
#18558 = FACE_BOUND('',#18559,.F.);
#18559 = EDGE_LOOP('',(#18560,#18561,#18567,#18568,#18569,#18570));
#18560 = ORIENTED_EDGE('',*,*,#17186,.F.);
#18561 = ORIENTED_EDGE('',*,*,#18562,.T.);
#18562 = EDGE_CURVE('',#17178,#17418,#18563,.T.);
#18563 = LINE('',#18564,#18565);
#18564 = CARTESIAN_POINT('',(-2.4,-1.755,0.675));
#18565 = VECTOR('',#18566,1.);
#18566 = DIRECTION('',(-9.95799250103E-17,1.,0.));
#18567 = ORIENTED_EDGE('',*,*,#17426,.T.);
#18568 = ORIENTED_EDGE('',*,*,#17653,.T.);
#18569 = ORIENTED_EDGE('',*,*,#16601,.T.);
#18570 = ORIENTED_EDGE('',*,*,#17200,.F.);
#18571 = PLANE('',#18572);
#18572 = AXIS2_PLACEMENT_3D('',#18573,#18574,#18575);
#18573 = CARTESIAN_POINT('',(-2.4,-1.755,0.675));
#18574 = DIRECTION('',(-0.,0.,-1.));
#18575 = DIRECTION('',(1.,9.95799250103E-17,0.));
#18576 = ADVANCED_FACE('',(#18577),#18590,.F.);
#18577 = FACE_BOUND('',#18578,.F.);
#18578 = EDGE_LOOP('',(#18579,#18580,#18586,#18587,#18588,#18589));
#18579 = ORIENTED_EDGE('',*,*,#18192,.F.);
#18580 = ORIENTED_EDGE('',*,*,#18581,.T.);
#18581 = EDGE_CURVE('',#18184,#17978,#18582,.T.);
#18582 = LINE('',#18583,#18584);
#18583 = CARTESIAN_POINT('',(-2.4,0.195,0.675));
#18584 = VECTOR('',#18585,1.);
#18585 = DIRECTION('',(-9.95799250103E-17,1.,0.));
#18586 = ORIENTED_EDGE('',*,*,#17986,.T.);
#18587 = ORIENTED_EDGE('',*,*,#17893,.T.);
#18588 = ORIENTED_EDGE('',*,*,#16553,.T.);
#18589 = ORIENTED_EDGE('',*,*,#18332,.F.);
#18590 = PLANE('',#18591);
#18591 = AXIS2_PLACEMENT_3D('',#18592,#18593,#18594);
#18592 = CARTESIAN_POINT('',(-2.4,0.195,0.675));
#18593 = DIRECTION('',(-0.,0.,-1.));
#18594 = DIRECTION('',(1.,9.95799250103E-17,0.));
#18595 = ADVANCED_FACE('',(#18596),#18609,.F.);
#18596 = FACE_BOUND('',#18597,.F.);
#18597 = EDGE_LOOP('',(#18598,#18599,#18605,#18606,#18607,#18608));
#18598 = ORIENTED_EDGE('',*,*,#17632,.F.);
#18599 = ORIENTED_EDGE('',*,*,#18600,.T.);
#18600 = EDGE_CURVE('',#17624,#17864,#18601,.T.);
#18601 = LINE('',#18602,#18603);
#18602 = CARTESIAN_POINT('',(-2.4,-1.105,0.675));
#18603 = VECTOR('',#18604,1.);
#18604 = DIRECTION('',(-9.95799250103E-17,1.,0.));
#18605 = ORIENTED_EDGE('',*,*,#17872,.T.);
#18606 = ORIENTED_EDGE('',*,*,#18099,.T.);
#18607 = ORIENTED_EDGE('',*,*,#16585,.T.);
#18608 = ORIENTED_EDGE('',*,*,#17646,.F.);
#18609 = PLANE('',#18610);
#18610 = AXIS2_PLACEMENT_3D('',#18611,#18612,#18613);
#18611 = CARTESIAN_POINT('',(-2.4,-1.105,0.675));
#18612 = DIRECTION('',(-0.,0.,-1.));
#18613 = DIRECTION('',(1.,9.95799250103E-17,0.));
#18614 = ADVANCED_FACE('',(#18615),#18628,.F.);
#18615 = FACE_BOUND('',#18616,.F.);
#18616 = EDGE_LOOP('',(#18617,#18618,#18624,#18625,#18626,#18627));
#18617 = ORIENTED_EDGE('',*,*,#18078,.F.);
#18618 = ORIENTED_EDGE('',*,*,#18619,.T.);
#18619 = EDGE_CURVE('',#18070,#18310,#18620,.T.);
#18620 = LINE('',#18621,#18622);
#18621 = CARTESIAN_POINT('',(-2.4,-0.455,0.675));
#18622 = VECTOR('',#18623,1.);
#18623 = DIRECTION('',(-9.95799250103E-17,1.,0.));
#18624 = ORIENTED_EDGE('',*,*,#18318,.T.);
#18625 = ORIENTED_EDGE('',*,*,#18339,.T.);
#18626 = ORIENTED_EDGE('',*,*,#16569,.T.);
#18627 = ORIENTED_EDGE('',*,*,#18092,.F.);
#18628 = PLANE('',#18629);
#18629 = AXIS2_PLACEMENT_3D('',#18630,#18631,#18632);
#18630 = CARTESIAN_POINT('',(-2.4,-0.455,0.675));
#18631 = DIRECTION('',(-0.,0.,-1.));
#18632 = DIRECTION('',(1.,9.95799250103E-17,0.));
#18633 = ADVANCED_FACE('',(#18634),#18637,.T.);
#18634 = FACE_BOUND('',#18635,.T.);
#18635 = EDGE_LOOP('',(#18636));
#18636 = ORIENTED_EDGE('',*,*,#16642,.T.);
#18637 = PLANE('',#18638);
#18638 = AXIS2_PLACEMENT_3D('',#18639,#18640,#18641);
#18639 = CARTESIAN_POINT('',(-1.375061033199,1.675061033199,1.));
#18640 = DIRECTION('',(0.,0.,1.));
#18641 = DIRECTION('',(2.22044604925E-16,-1.,0.));
#18642 = ADVANCED_FACE('',(#18643),#18654,.T.);
#18643 = FACE_BOUND('',#18644,.T.);
#18644 = EDGE_LOOP('',(#18645,#18646,#18647,#18648));
#18645 = ORIENTED_EDGE('',*,*,#16736,.T.);
#18646 = ORIENTED_EDGE('',*,*,#18524,.T.);
#18647 = ORIENTED_EDGE('',*,*,#16971,.F.);
#18648 = ORIENTED_EDGE('',*,*,#18649,.F.);
#18649 = EDGE_CURVE('',#16729,#16964,#18650,.T.);
#18650 = LINE('',#18651,#18652);
#18651 = CARTESIAN_POINT('',(-2.65,-2.405,0.425));
#18652 = VECTOR('',#18653,1.);
#18653 = DIRECTION('',(-9.95799250103E-17,1.,0.));
#18654 = CYLINDRICAL_SURFACE('',#18655,0.25);
#18655 = AXIS2_PLACEMENT_3D('',#18656,#18657,#18658);
#18656 = CARTESIAN_POINT('',(-2.4,-2.405,0.425));
#18657 = DIRECTION('',(9.95799250103E-17,-1.,-0.));
#18658 = DIRECTION('',(-1.,-9.95799250103E-17,2.22044604925E-15));
#18659 = ADVANCED_FACE('',(#18660),#18671,.F.);
#18660 = FACE_BOUND('',#18661,.F.);
#18661 = EDGE_LOOP('',(#18662,#18668,#18669,#18670));
#18662 = ORIENTED_EDGE('',*,*,#18663,.T.);
#18663 = EDGE_CURVE('',#16720,#16955,#18664,.T.);
#18664 = LINE('',#18665,#18666);
#18665 = CARTESIAN_POINT('',(-2.65,-2.405,0.25));
#18666 = VECTOR('',#18667,1.);
#18667 = DIRECTION('',(-9.95799250103E-17,1.,0.));
#18668 = ORIENTED_EDGE('',*,*,#16963,.T.);
#18669 = ORIENTED_EDGE('',*,*,#18649,.F.);
#18670 = ORIENTED_EDGE('',*,*,#16728,.F.);
#18671 = PLANE('',#18672);
#18672 = AXIS2_PLACEMENT_3D('',#18673,#18674,#18675);
#18673 = CARTESIAN_POINT('',(-2.65,-2.405,0.25));
#18674 = DIRECTION('',(1.,9.95799250103E-17,0.));
#18675 = DIRECTION('',(0.,-0.,1.));
#18676 = ADVANCED_FACE('',(#18677),#18688,.F.);
#18677 = FACE_BOUND('',#18678,.F.);
#18678 = EDGE_LOOP('',(#18679,#18685,#18686,#18687));
#18679 = ORIENTED_EDGE('',*,*,#18680,.T.);
#18680 = EDGE_CURVE('',#16712,#16947,#18681,.T.);
#18681 = LINE('',#18682,#18683);
#18682 = CARTESIAN_POINT('',(-2.75,-2.405,0.15));
#18683 = VECTOR('',#18684,1.);
#18684 = DIRECTION('',(-9.95799250103E-17,1.,0.));
#18685 = ORIENTED_EDGE('',*,*,#16954,.T.);
#18686 = ORIENTED_EDGE('',*,*,#18663,.F.);
#18687 = ORIENTED_EDGE('',*,*,#16719,.F.);
#18688 = CYLINDRICAL_SURFACE('',#18689,0.1);
#18689 = AXIS2_PLACEMENT_3D('',#18690,#18691,#18692);
#18690 = CARTESIAN_POINT('',(-2.75,-2.405,0.25));
#18691 = DIRECTION('',(9.95799250103E-17,-1.,0.));
#18692 = DIRECTION('',(0.,-0.,-1.));
#18693 = ADVANCED_FACE('',(#18694),#18705,.F.);
#18694 = FACE_BOUND('',#18695,.F.);
#18695 = EDGE_LOOP('',(#18696,#18702,#18703,#18704));
#18696 = ORIENTED_EDGE('',*,*,#18697,.T.);
#18697 = EDGE_CURVE('',#16704,#16939,#18698,.T.);
#18698 = LINE('',#18699,#18700);
#18699 = CARTESIAN_POINT('',(-3.2,-2.405,0.15));
#18700 = VECTOR('',#18701,1.);
#18701 = DIRECTION('',(-9.95799250103E-17,1.,0.));
#18702 = ORIENTED_EDGE('',*,*,#16946,.T.);
#18703 = ORIENTED_EDGE('',*,*,#18680,.F.);
#18704 = ORIENTED_EDGE('',*,*,#16711,.F.);
#18705 = PLANE('',#18706);
#18706 = AXIS2_PLACEMENT_3D('',#18707,#18708,#18709);
#18707 = CARTESIAN_POINT('',(-3.2,-2.405,0.15));
#18708 = DIRECTION('',(-0.,0.,-1.));
#18709 = DIRECTION('',(1.,9.95799250103E-17,0.));
#18710 = ADVANCED_FACE('',(#18711),#18722,.F.);
#18711 = FACE_BOUND('',#18712,.F.);
#18712 = EDGE_LOOP('',(#18713,#18719,#18720,#18721));
#18713 = ORIENTED_EDGE('',*,*,#18714,.T.);
#18714 = EDGE_CURVE('',#16696,#16931,#18715,.T.);
#18715 = LINE('',#18716,#18717);
#18716 = CARTESIAN_POINT('',(-3.2,-2.405,1.110223024625E-16));
#18717 = VECTOR('',#18718,1.);
#18718 = DIRECTION('',(-9.95799250103E-17,1.,0.));
#18719 = ORIENTED_EDGE('',*,*,#16938,.T.);
#18720 = ORIENTED_EDGE('',*,*,#18697,.F.);
#18721 = ORIENTED_EDGE('',*,*,#16703,.F.);
#18722 = PLANE('',#18723);
#18723 = AXIS2_PLACEMENT_3D('',#18724,#18725,#18726);
#18724 = CARTESIAN_POINT('',(-3.2,-2.405,1.110223024625E-16));
#18725 = DIRECTION('',(1.,9.95799250103E-17,0.));
#18726 = DIRECTION('',(0.,-0.,1.));
#18727 = ADVANCED_FACE('',(#18728),#18739,.F.);
#18728 = FACE_BOUND('',#18729,.F.);
#18729 = EDGE_LOOP('',(#18730,#18736,#18737,#18738));
#18730 = ORIENTED_EDGE('',*,*,#18731,.T.);
#18731 = EDGE_CURVE('',#16687,#16922,#18732,.T.);
#18732 = LINE('',#18733,#18734);
#18733 = CARTESIAN_POINT('',(-2.75,-2.405,1.110223024625E-16));
#18734 = VECTOR('',#18735,1.);
#18735 = DIRECTION('',(-9.95799250103E-17,1.,0.));
#18736 = ORIENTED_EDGE('',*,*,#16930,.T.);
#18737 = ORIENTED_EDGE('',*,*,#18714,.F.);
#18738 = ORIENTED_EDGE('',*,*,#16695,.F.);
#18739 = PLANE('',#18740);
#18740 = AXIS2_PLACEMENT_3D('',#18741,#18742,#18743);
#18741 = CARTESIAN_POINT('',(-2.75,-2.405,1.110223024625E-16));
#18742 = DIRECTION('',(0.,0.,1.));
#18743 = DIRECTION('',(-1.,-9.95799250103E-17,0.));
#18744 = ADVANCED_FACE('',(#18745),#18756,.T.);
#18745 = FACE_BOUND('',#18746,.T.);
#18746 = EDGE_LOOP('',(#18747,#18748,#18749,#18750));
#18747 = ORIENTED_EDGE('',*,*,#16686,.T.);
#18748 = ORIENTED_EDGE('',*,*,#18731,.T.);
#18749 = ORIENTED_EDGE('',*,*,#16921,.F.);
#18750 = ORIENTED_EDGE('',*,*,#18751,.F.);
#18751 = EDGE_CURVE('',#16679,#16914,#18752,.T.);
#18752 = LINE('',#18753,#18754);
#18753 = CARTESIAN_POINT('',(-2.5,-2.405,0.25));
#18754 = VECTOR('',#18755,1.);
#18755 = DIRECTION('',(-9.95799250103E-17,1.,0.));
#18756 = CYLINDRICAL_SURFACE('',#18757,0.25);
#18757 = AXIS2_PLACEMENT_3D('',#18758,#18759,#18760);
#18758 = CARTESIAN_POINT('',(-2.75,-2.405,0.25));
#18759 = DIRECTION('',(9.95799250103E-17,-1.,-0.));
#18760 = DIRECTION('',(1.,9.95799250103E-17,-2.442490654175E-15));
#18761 = ADVANCED_FACE('',(#18762),#18768,.F.);
#18762 = FACE_BOUND('',#18763,.F.);
#18763 = EDGE_LOOP('',(#18764,#18765,#18766,#18767));
#18764 = ORIENTED_EDGE('',*,*,#16895,.T.);
#18765 = ORIENTED_EDGE('',*,*,#16913,.T.);
#18766 = ORIENTED_EDGE('',*,*,#18751,.F.);
#18767 = ORIENTED_EDGE('',*,*,#16678,.F.);
#18768 = PLANE('',#18769);
#18769 = AXIS2_PLACEMENT_3D('',#18770,#18771,#18772);
#18770 = CARTESIAN_POINT('',(-2.5,-2.405,0.425));
#18771 = DIRECTION('',(-1.,-9.95799250103E-17,0.));
#18772 = DIRECTION('',(-0.,0.,-1.));
#18773 = ADVANCED_FACE('',(#18774),#18785,.T.);
#18774 = FACE_BOUND('',#18775,.T.);
#18775 = EDGE_LOOP('',(#18776,#18777,#18778,#18779));
#18776 = ORIENTED_EDGE('',*,*,#17291,.T.);
#18777 = ORIENTED_EDGE('',*,*,#18505,.T.);
#18778 = ORIENTED_EDGE('',*,*,#17085,.F.);
#18779 = ORIENTED_EDGE('',*,*,#18780,.F.);
#18780 = EDGE_CURVE('',#17284,#17078,#18781,.T.);
#18781 = LINE('',#18782,#18783);
#18782 = CARTESIAN_POINT('',(-2.65,1.495,0.425));
#18783 = VECTOR('',#18784,1.);
#18784 = DIRECTION('',(-9.95799250103E-17,1.,0.));
#18785 = CYLINDRICAL_SURFACE('',#18786,0.25);
#18786 = AXIS2_PLACEMENT_3D('',#18787,#18788,#18789);
#18787 = CARTESIAN_POINT('',(-2.4,1.495,0.425));
#18788 = DIRECTION('',(9.95799250103E-17,-1.,-0.));
#18789 = DIRECTION('',(-1.,-9.95799250103E-17,2.22044604925E-15));
#18790 = ADVANCED_FACE('',(#18791),#18802,.F.);
#18791 = FACE_BOUND('',#18792,.F.);
#18792 = EDGE_LOOP('',(#18793,#18799,#18800,#18801));
#18793 = ORIENTED_EDGE('',*,*,#18794,.T.);
#18794 = EDGE_CURVE('',#17275,#17069,#18795,.T.);
#18795 = LINE('',#18796,#18797);
#18796 = CARTESIAN_POINT('',(-2.65,1.495,0.25));
#18797 = VECTOR('',#18798,1.);
#18798 = DIRECTION('',(-9.95799250103E-17,1.,0.));
#18799 = ORIENTED_EDGE('',*,*,#17077,.T.);
#18800 = ORIENTED_EDGE('',*,*,#18780,.F.);
#18801 = ORIENTED_EDGE('',*,*,#17283,.F.);
#18802 = PLANE('',#18803);
#18803 = AXIS2_PLACEMENT_3D('',#18804,#18805,#18806);
#18804 = CARTESIAN_POINT('',(-2.65,1.495,0.25));
#18805 = DIRECTION('',(1.,9.95799250103E-17,0.));
#18806 = DIRECTION('',(0.,-0.,1.));
#18807 = ADVANCED_FACE('',(#18808),#18819,.F.);
#18808 = FACE_BOUND('',#18809,.F.);
#18809 = EDGE_LOOP('',(#18810,#18816,#18817,#18818));
#18810 = ORIENTED_EDGE('',*,*,#18811,.T.);
#18811 = EDGE_CURVE('',#17267,#17061,#18812,.T.);
#18812 = LINE('',#18813,#18814);
#18813 = CARTESIAN_POINT('',(-2.75,1.495,0.15));
#18814 = VECTOR('',#18815,1.);
#18815 = DIRECTION('',(-9.95799250103E-17,1.,0.));
#18816 = ORIENTED_EDGE('',*,*,#17068,.T.);
#18817 = ORIENTED_EDGE('',*,*,#18794,.F.);
#18818 = ORIENTED_EDGE('',*,*,#17274,.F.);
#18819 = CYLINDRICAL_SURFACE('',#18820,0.1);
#18820 = AXIS2_PLACEMENT_3D('',#18821,#18822,#18823);
#18821 = CARTESIAN_POINT('',(-2.75,1.495,0.25));
#18822 = DIRECTION('',(9.95799250103E-17,-1.,0.));
#18823 = DIRECTION('',(0.,-0.,-1.));
#18824 = ADVANCED_FACE('',(#18825),#18836,.F.);
#18825 = FACE_BOUND('',#18826,.F.);
#18826 = EDGE_LOOP('',(#18827,#18833,#18834,#18835));
#18827 = ORIENTED_EDGE('',*,*,#18828,.T.);
#18828 = EDGE_CURVE('',#17259,#17053,#18829,.T.);
#18829 = LINE('',#18830,#18831);
#18830 = CARTESIAN_POINT('',(-3.2,1.495,0.15));
#18831 = VECTOR('',#18832,1.);
#18832 = DIRECTION('',(-9.95799250103E-17,1.,0.));
#18833 = ORIENTED_EDGE('',*,*,#17060,.T.);
#18834 = ORIENTED_EDGE('',*,*,#18811,.F.);
#18835 = ORIENTED_EDGE('',*,*,#17266,.F.);
#18836 = PLANE('',#18837);
#18837 = AXIS2_PLACEMENT_3D('',#18838,#18839,#18840);
#18838 = CARTESIAN_POINT('',(-3.2,1.495,0.15));
#18839 = DIRECTION('',(-0.,0.,-1.));
#18840 = DIRECTION('',(1.,9.95799250103E-17,0.));
#18841 = ADVANCED_FACE('',(#18842),#18853,.F.);
#18842 = FACE_BOUND('',#18843,.F.);
#18843 = EDGE_LOOP('',(#18844,#18850,#18851,#18852));
#18844 = ORIENTED_EDGE('',*,*,#18845,.T.);
#18845 = EDGE_CURVE('',#17251,#17045,#18846,.T.);
#18846 = LINE('',#18847,#18848);
#18847 = CARTESIAN_POINT('',(-3.2,1.495,1.110223024625E-16));
#18848 = VECTOR('',#18849,1.);
#18849 = DIRECTION('',(-9.95799250103E-17,1.,0.));
#18850 = ORIENTED_EDGE('',*,*,#17052,.T.);
#18851 = ORIENTED_EDGE('',*,*,#18828,.F.);
#18852 = ORIENTED_EDGE('',*,*,#17258,.F.);
#18853 = PLANE('',#18854);
#18854 = AXIS2_PLACEMENT_3D('',#18855,#18856,#18857);
#18855 = CARTESIAN_POINT('',(-3.2,1.495,1.110223024625E-16));
#18856 = DIRECTION('',(1.,9.95799250103E-17,0.));
#18857 = DIRECTION('',(0.,-0.,1.));
#18858 = ADVANCED_FACE('',(#18859),#18870,.F.);
#18859 = FACE_BOUND('',#18860,.F.);
#18860 = EDGE_LOOP('',(#18861,#18867,#18868,#18869));
#18861 = ORIENTED_EDGE('',*,*,#18862,.T.);
#18862 = EDGE_CURVE('',#17242,#17036,#18863,.T.);
#18863 = LINE('',#18864,#18865);
#18864 = CARTESIAN_POINT('',(-2.75,1.495,1.110223024625E-16));
#18865 = VECTOR('',#18866,1.);
#18866 = DIRECTION('',(-9.95799250103E-17,1.,0.));
#18867 = ORIENTED_EDGE('',*,*,#17044,.T.);
#18868 = ORIENTED_EDGE('',*,*,#18845,.F.);
#18869 = ORIENTED_EDGE('',*,*,#17250,.F.);
#18870 = PLANE('',#18871);
#18871 = AXIS2_PLACEMENT_3D('',#18872,#18873,#18874);
#18872 = CARTESIAN_POINT('',(-2.75,1.495,1.110223024625E-16));
#18873 = DIRECTION('',(0.,0.,1.));
#18874 = DIRECTION('',(-1.,-9.95799250103E-17,0.));
#18875 = ADVANCED_FACE('',(#18876),#18887,.T.);
#18876 = FACE_BOUND('',#18877,.T.);
#18877 = EDGE_LOOP('',(#18878,#18879,#18880,#18881));
#18878 = ORIENTED_EDGE('',*,*,#17241,.T.);
#18879 = ORIENTED_EDGE('',*,*,#18862,.T.);
#18880 = ORIENTED_EDGE('',*,*,#17035,.F.);
#18881 = ORIENTED_EDGE('',*,*,#18882,.F.);
#18882 = EDGE_CURVE('',#17234,#17028,#18883,.T.);
#18883 = LINE('',#18884,#18885);
#18884 = CARTESIAN_POINT('',(-2.5,1.495,0.25));
#18885 = VECTOR('',#18886,1.);
#18886 = DIRECTION('',(-9.95799250103E-17,1.,0.));
#18887 = CYLINDRICAL_SURFACE('',#18888,0.25);
#18888 = AXIS2_PLACEMENT_3D('',#18889,#18890,#18891);
#18889 = CARTESIAN_POINT('',(-2.75,1.495,0.25));
#18890 = DIRECTION('',(9.95799250103E-17,-1.,-0.));
#18891 = DIRECTION('',(1.,9.95799250103E-17,-2.442490654175E-15));
#18892 = ADVANCED_FACE('',(#18893),#18899,.F.);
#18893 = FACE_BOUND('',#18894,.F.);
#18894 = EDGE_LOOP('',(#18895,#18896,#18897,#18898));
#18895 = ORIENTED_EDGE('',*,*,#17316,.T.);
#18896 = ORIENTED_EDGE('',*,*,#17027,.T.);
#18897 = ORIENTED_EDGE('',*,*,#18882,.F.);
#18898 = ORIENTED_EDGE('',*,*,#17233,.F.);
#18899 = PLANE('',#18900);
#18900 = AXIS2_PLACEMENT_3D('',#18901,#18902,#18903);
#18901 = CARTESIAN_POINT('',(-2.5,1.495,0.425));
#18902 = DIRECTION('',(-1.,-9.95799250103E-17,0.));
#18903 = DIRECTION('',(-0.,0.,-1.));
#18904 = ADVANCED_FACE('',(#18905),#18916,.T.);
#18905 = FACE_BOUND('',#18906,.T.);
#18906 = EDGE_LOOP('',(#18907,#18908,#18909,#18910));
#18907 = ORIENTED_EDGE('',*,*,#17177,.T.);
#18908 = ORIENTED_EDGE('',*,*,#18562,.T.);
#18909 = ORIENTED_EDGE('',*,*,#17417,.F.);
#18910 = ORIENTED_EDGE('',*,*,#18911,.F.);
#18911 = EDGE_CURVE('',#17170,#17410,#18912,.T.);
#18912 = LINE('',#18913,#18914);
#18913 = CARTESIAN_POINT('',(-2.65,-1.755,0.425));
#18914 = VECTOR('',#18915,1.);
#18915 = DIRECTION('',(-9.95799250103E-17,1.,0.));
#18916 = CYLINDRICAL_SURFACE('',#18917,0.25);
#18917 = AXIS2_PLACEMENT_3D('',#18918,#18919,#18920);
#18918 = CARTESIAN_POINT('',(-2.4,-1.755,0.425));
#18919 = DIRECTION('',(9.95799250103E-17,-1.,-0.));
#18920 = DIRECTION('',(-1.,-9.95799250103E-17,2.22044604925E-15));
#18921 = ADVANCED_FACE('',(#18922),#18933,.F.);
#18922 = FACE_BOUND('',#18923,.F.);
#18923 = EDGE_LOOP('',(#18924,#18930,#18931,#18932));
#18924 = ORIENTED_EDGE('',*,*,#18925,.T.);
#18925 = EDGE_CURVE('',#17161,#17401,#18926,.T.);
#18926 = LINE('',#18927,#18928);
#18927 = CARTESIAN_POINT('',(-2.65,-1.755,0.25));
#18928 = VECTOR('',#18929,1.);
#18929 = DIRECTION('',(-9.95799250103E-17,1.,0.));
#18930 = ORIENTED_EDGE('',*,*,#17409,.T.);
#18931 = ORIENTED_EDGE('',*,*,#18911,.F.);
#18932 = ORIENTED_EDGE('',*,*,#17169,.F.);
#18933 = PLANE('',#18934);
#18934 = AXIS2_PLACEMENT_3D('',#18935,#18936,#18937);
#18935 = CARTESIAN_POINT('',(-2.65,-1.755,0.25));
#18936 = DIRECTION('',(1.,9.95799250103E-17,0.));
#18937 = DIRECTION('',(0.,-0.,1.));
#18938 = ADVANCED_FACE('',(#18939),#18950,.F.);
#18939 = FACE_BOUND('',#18940,.F.);
#18940 = EDGE_LOOP('',(#18941,#18947,#18948,#18949));
#18941 = ORIENTED_EDGE('',*,*,#18942,.T.);
#18942 = EDGE_CURVE('',#17153,#17393,#18943,.T.);
#18943 = LINE('',#18944,#18945);
#18944 = CARTESIAN_POINT('',(-2.75,-1.755,0.15));
#18945 = VECTOR('',#18946,1.);
#18946 = DIRECTION('',(-9.95799250103E-17,1.,0.));
#18947 = ORIENTED_EDGE('',*,*,#17400,.T.);
#18948 = ORIENTED_EDGE('',*,*,#18925,.F.);
#18949 = ORIENTED_EDGE('',*,*,#17160,.F.);
#18950 = CYLINDRICAL_SURFACE('',#18951,0.1);
#18951 = AXIS2_PLACEMENT_3D('',#18952,#18953,#18954);
#18952 = CARTESIAN_POINT('',(-2.75,-1.755,0.25));
#18953 = DIRECTION('',(9.95799250103E-17,-1.,0.));
#18954 = DIRECTION('',(0.,-0.,-1.));
#18955 = ADVANCED_FACE('',(#18956),#18967,.F.);
#18956 = FACE_BOUND('',#18957,.F.);
#18957 = EDGE_LOOP('',(#18958,#18964,#18965,#18966));
#18958 = ORIENTED_EDGE('',*,*,#18959,.T.);
#18959 = EDGE_CURVE('',#17145,#17385,#18960,.T.);
#18960 = LINE('',#18961,#18962);
#18961 = CARTESIAN_POINT('',(-3.2,-1.755,0.15));
#18962 = VECTOR('',#18963,1.);
#18963 = DIRECTION('',(-9.95799250103E-17,1.,0.));
#18964 = ORIENTED_EDGE('',*,*,#17392,.T.);
#18965 = ORIENTED_EDGE('',*,*,#18942,.F.);
#18966 = ORIENTED_EDGE('',*,*,#17152,.F.);
#18967 = PLANE('',#18968);
#18968 = AXIS2_PLACEMENT_3D('',#18969,#18970,#18971);
#18969 = CARTESIAN_POINT('',(-3.2,-1.755,0.15));
#18970 = DIRECTION('',(-0.,0.,-1.));
#18971 = DIRECTION('',(1.,9.95799250103E-17,0.));
#18972 = ADVANCED_FACE('',(#18973),#18984,.F.);
#18973 = FACE_BOUND('',#18974,.F.);
#18974 = EDGE_LOOP('',(#18975,#18981,#18982,#18983));
#18975 = ORIENTED_EDGE('',*,*,#18976,.T.);
#18976 = EDGE_CURVE('',#17137,#17377,#18977,.T.);
#18977 = LINE('',#18978,#18979);
#18978 = CARTESIAN_POINT('',(-3.2,-1.755,1.110223024625E-16));
#18979 = VECTOR('',#18980,1.);
#18980 = DIRECTION('',(-9.95799250103E-17,1.,0.));
#18981 = ORIENTED_EDGE('',*,*,#17384,.T.);
#18982 = ORIENTED_EDGE('',*,*,#18959,.F.);
#18983 = ORIENTED_EDGE('',*,*,#17144,.F.);
#18984 = PLANE('',#18985);
#18985 = AXIS2_PLACEMENT_3D('',#18986,#18987,#18988);
#18986 = CARTESIAN_POINT('',(-3.2,-1.755,1.110223024625E-16));
#18987 = DIRECTION('',(1.,9.95799250103E-17,0.));
#18988 = DIRECTION('',(0.,-0.,1.));
#18989 = ADVANCED_FACE('',(#18990),#19001,.F.);
#18990 = FACE_BOUND('',#18991,.F.);
#18991 = EDGE_LOOP('',(#18992,#18998,#18999,#19000));
#18992 = ORIENTED_EDGE('',*,*,#18993,.T.);
#18993 = EDGE_CURVE('',#17128,#17368,#18994,.T.);
#18994 = LINE('',#18995,#18996);
#18995 = CARTESIAN_POINT('',(-2.75,-1.755,1.110223024625E-16));
#18996 = VECTOR('',#18997,1.);
#18997 = DIRECTION('',(-9.95799250103E-17,1.,0.));
#18998 = ORIENTED_EDGE('',*,*,#17376,.T.);
#18999 = ORIENTED_EDGE('',*,*,#18976,.F.);
#19000 = ORIENTED_EDGE('',*,*,#17136,.F.);
#19001 = PLANE('',#19002);
#19002 = AXIS2_PLACEMENT_3D('',#19003,#19004,#19005);
#19003 = CARTESIAN_POINT('',(-2.75,-1.755,1.110223024625E-16));
#19004 = DIRECTION('',(0.,0.,1.));
#19005 = DIRECTION('',(-1.,-9.95799250103E-17,0.));
#19006 = ADVANCED_FACE('',(#19007),#19018,.T.);
#19007 = FACE_BOUND('',#19008,.T.);
#19008 = EDGE_LOOP('',(#19009,#19010,#19011,#19012));
#19009 = ORIENTED_EDGE('',*,*,#17127,.T.);
#19010 = ORIENTED_EDGE('',*,*,#18993,.T.);
#19011 = ORIENTED_EDGE('',*,*,#17367,.F.);
#19012 = ORIENTED_EDGE('',*,*,#19013,.F.);
#19013 = EDGE_CURVE('',#17120,#17360,#19014,.T.);
#19014 = LINE('',#19015,#19016);
#19015 = CARTESIAN_POINT('',(-2.5,-1.755,0.25));
#19016 = VECTOR('',#19017,1.);
#19017 = DIRECTION('',(-9.95799250103E-17,1.,0.));
#19018 = CYLINDRICAL_SURFACE('',#19019,0.25);
#19019 = AXIS2_PLACEMENT_3D('',#19020,#19021,#19022);
#19020 = CARTESIAN_POINT('',(-2.75,-1.755,0.25));
#19021 = DIRECTION('',(9.95799250103E-17,-1.,-0.));
#19022 = DIRECTION('',(1.,9.95799250103E-17,-2.442490654175E-15));
#19023 = ADVANCED_FACE('',(#19024),#19030,.F.);
#19024 = FACE_BOUND('',#19025,.F.);
#19025 = EDGE_LOOP('',(#19026,#19027,#19028,#19029));
#19026 = ORIENTED_EDGE('',*,*,#17341,.T.);
#19027 = ORIENTED_EDGE('',*,*,#17359,.T.);
#19028 = ORIENTED_EDGE('',*,*,#19013,.F.);
#19029 = ORIENTED_EDGE('',*,*,#17119,.F.);
#19030 = PLANE('',#19031);
#19031 = AXIS2_PLACEMENT_3D('',#19032,#19033,#19034);
#19032 = CARTESIAN_POINT('',(-2.5,-1.755,0.425));
#19033 = DIRECTION('',(-1.,-9.95799250103E-17,0.));
#19034 = DIRECTION('',(-0.,0.,-1.));
#19035 = ADVANCED_FACE('',(#19036),#19047,.T.);
#19036 = FACE_BOUND('',#19037,.T.);
#19037 = EDGE_LOOP('',(#19038,#19039,#19040,#19041));
#19038 = ORIENTED_EDGE('',*,*,#17737,.T.);
#19039 = ORIENTED_EDGE('',*,*,#18543,.T.);
#19040 = ORIENTED_EDGE('',*,*,#17531,.F.);
#19041 = ORIENTED_EDGE('',*,*,#19042,.F.);
#19042 = EDGE_CURVE('',#17730,#17524,#19043,.T.);
#19043 = LINE('',#19044,#19045);
#19044 = CARTESIAN_POINT('',(-2.65,0.845,0.425));
#19045 = VECTOR('',#19046,1.);
#19046 = DIRECTION('',(-9.95799250103E-17,1.,0.));
#19047 = CYLINDRICAL_SURFACE('',#19048,0.25);
#19048 = AXIS2_PLACEMENT_3D('',#19049,#19050,#19051);
#19049 = CARTESIAN_POINT('',(-2.4,0.845,0.425));
#19050 = DIRECTION('',(9.95799250103E-17,-1.,-0.));
#19051 = DIRECTION('',(-1.,-9.95799250103E-17,2.22044604925E-15));
#19052 = ADVANCED_FACE('',(#19053),#19064,.F.);
#19053 = FACE_BOUND('',#19054,.F.);
#19054 = EDGE_LOOP('',(#19055,#19061,#19062,#19063));
#19055 = ORIENTED_EDGE('',*,*,#19056,.T.);
#19056 = EDGE_CURVE('',#17721,#17515,#19057,.T.);
#19057 = LINE('',#19058,#19059);
#19058 = CARTESIAN_POINT('',(-2.65,0.845,0.25));
#19059 = VECTOR('',#19060,1.);
#19060 = DIRECTION('',(-9.95799250103E-17,1.,0.));
#19061 = ORIENTED_EDGE('',*,*,#17523,.T.);
#19062 = ORIENTED_EDGE('',*,*,#19042,.F.);
#19063 = ORIENTED_EDGE('',*,*,#17729,.F.);
#19064 = PLANE('',#19065);
#19065 = AXIS2_PLACEMENT_3D('',#19066,#19067,#19068);
#19066 = CARTESIAN_POINT('',(-2.65,0.845,0.25));
#19067 = DIRECTION('',(1.,9.95799250103E-17,0.));
#19068 = DIRECTION('',(0.,-0.,1.));
#19069 = ADVANCED_FACE('',(#19070),#19081,.F.);
#19070 = FACE_BOUND('',#19071,.F.);
#19071 = EDGE_LOOP('',(#19072,#19078,#19079,#19080));
#19072 = ORIENTED_EDGE('',*,*,#19073,.T.);
#19073 = EDGE_CURVE('',#17713,#17507,#19074,.T.);
#19074 = LINE('',#19075,#19076);
#19075 = CARTESIAN_POINT('',(-2.75,0.845,0.15));
#19076 = VECTOR('',#19077,1.);
#19077 = DIRECTION('',(-9.95799250103E-17,1.,0.));
#19078 = ORIENTED_EDGE('',*,*,#17514,.T.);
#19079 = ORIENTED_EDGE('',*,*,#19056,.F.);
#19080 = ORIENTED_EDGE('',*,*,#17720,.F.);
#19081 = CYLINDRICAL_SURFACE('',#19082,0.1);
#19082 = AXIS2_PLACEMENT_3D('',#19083,#19084,#19085);
#19083 = CARTESIAN_POINT('',(-2.75,0.845,0.25));
#19084 = DIRECTION('',(9.95799250103E-17,-1.,0.));
#19085 = DIRECTION('',(0.,-0.,-1.));
#19086 = ADVANCED_FACE('',(#19087),#19098,.F.);
#19087 = FACE_BOUND('',#19088,.F.);
#19088 = EDGE_LOOP('',(#19089,#19095,#19096,#19097));
#19089 = ORIENTED_EDGE('',*,*,#19090,.T.);
#19090 = EDGE_CURVE('',#17705,#17499,#19091,.T.);
#19091 = LINE('',#19092,#19093);
#19092 = CARTESIAN_POINT('',(-3.2,0.845,0.15));
#19093 = VECTOR('',#19094,1.);
#19094 = DIRECTION('',(-9.95799250103E-17,1.,0.));
#19095 = ORIENTED_EDGE('',*,*,#17506,.T.);
#19096 = ORIENTED_EDGE('',*,*,#19073,.F.);
#19097 = ORIENTED_EDGE('',*,*,#17712,.F.);
#19098 = PLANE('',#19099);
#19099 = AXIS2_PLACEMENT_3D('',#19100,#19101,#19102);
#19100 = CARTESIAN_POINT('',(-3.2,0.845,0.15));
#19101 = DIRECTION('',(-0.,0.,-1.));
#19102 = DIRECTION('',(1.,9.95799250103E-17,0.));
#19103 = ADVANCED_FACE('',(#19104),#19115,.F.);
#19104 = FACE_BOUND('',#19105,.F.);
#19105 = EDGE_LOOP('',(#19106,#19112,#19113,#19114));
#19106 = ORIENTED_EDGE('',*,*,#19107,.T.);
#19107 = EDGE_CURVE('',#17697,#17491,#19108,.T.);
#19108 = LINE('',#19109,#19110);
#19109 = CARTESIAN_POINT('',(-3.2,0.845,1.110223024625E-16));
#19110 = VECTOR('',#19111,1.);
#19111 = DIRECTION('',(-9.95799250103E-17,1.,0.));
#19112 = ORIENTED_EDGE('',*,*,#17498,.T.);
#19113 = ORIENTED_EDGE('',*,*,#19090,.F.);
#19114 = ORIENTED_EDGE('',*,*,#17704,.F.);
#19115 = PLANE('',#19116);
#19116 = AXIS2_PLACEMENT_3D('',#19117,#19118,#19119);
#19117 = CARTESIAN_POINT('',(-3.2,0.845,1.110223024625E-16));
#19118 = DIRECTION('',(1.,9.95799250103E-17,0.));
#19119 = DIRECTION('',(0.,-0.,1.));
#19120 = ADVANCED_FACE('',(#19121),#19132,.F.);
#19121 = FACE_BOUND('',#19122,.F.);
#19122 = EDGE_LOOP('',(#19123,#19129,#19130,#19131));
#19123 = ORIENTED_EDGE('',*,*,#19124,.T.);
#19124 = EDGE_CURVE('',#17688,#17482,#19125,.T.);
#19125 = LINE('',#19126,#19127);
#19126 = CARTESIAN_POINT('',(-2.75,0.845,1.110223024625E-16));
#19127 = VECTOR('',#19128,1.);
#19128 = DIRECTION('',(-9.95799250103E-17,1.,0.));
#19129 = ORIENTED_EDGE('',*,*,#17490,.T.);
#19130 = ORIENTED_EDGE('',*,*,#19107,.F.);
#19131 = ORIENTED_EDGE('',*,*,#17696,.F.);
#19132 = PLANE('',#19133);
#19133 = AXIS2_PLACEMENT_3D('',#19134,#19135,#19136);
#19134 = CARTESIAN_POINT('',(-2.75,0.845,1.110223024625E-16));
#19135 = DIRECTION('',(0.,0.,1.));
#19136 = DIRECTION('',(-1.,-9.95799250103E-17,0.));
#19137 = ADVANCED_FACE('',(#19138),#19149,.T.);
#19138 = FACE_BOUND('',#19139,.T.);
#19139 = EDGE_LOOP('',(#19140,#19141,#19142,#19143));
#19140 = ORIENTED_EDGE('',*,*,#17687,.T.);
#19141 = ORIENTED_EDGE('',*,*,#19124,.T.);
#19142 = ORIENTED_EDGE('',*,*,#17481,.F.);
#19143 = ORIENTED_EDGE('',*,*,#19144,.F.);
#19144 = EDGE_CURVE('',#17680,#17474,#19145,.T.);
#19145 = LINE('',#19146,#19147);
#19146 = CARTESIAN_POINT('',(-2.5,0.845,0.25));
#19147 = VECTOR('',#19148,1.);
#19148 = DIRECTION('',(-9.95799250103E-17,1.,0.));
#19149 = CYLINDRICAL_SURFACE('',#19150,0.25);
#19150 = AXIS2_PLACEMENT_3D('',#19151,#19152,#19153);
#19151 = CARTESIAN_POINT('',(-2.75,0.845,0.25));
#19152 = DIRECTION('',(9.95799250103E-17,-1.,-0.));
#19153 = DIRECTION('',(1.,9.95799250103E-17,-2.442490654175E-15));
#19154 = ADVANCED_FACE('',(#19155),#19161,.F.);
#19155 = FACE_BOUND('',#19156,.F.);
#19156 = EDGE_LOOP('',(#19157,#19158,#19159,#19160));
#19157 = ORIENTED_EDGE('',*,*,#17762,.T.);
#19158 = ORIENTED_EDGE('',*,*,#17473,.T.);
#19159 = ORIENTED_EDGE('',*,*,#19144,.F.);
#19160 = ORIENTED_EDGE('',*,*,#17679,.F.);
#19161 = PLANE('',#19162);
#19162 = AXIS2_PLACEMENT_3D('',#19163,#19164,#19165);
#19163 = CARTESIAN_POINT('',(-2.5,0.845,0.425));
#19164 = DIRECTION('',(-1.,-9.95799250103E-17,0.));
#19165 = DIRECTION('',(-0.,0.,-1.));
#19166 = ADVANCED_FACE('',(#19167),#19178,.T.);
#19167 = FACE_BOUND('',#19168,.T.);
#19168 = EDGE_LOOP('',(#19169,#19170,#19171,#19172));
#19169 = ORIENTED_EDGE('',*,*,#17623,.T.);
#19170 = ORIENTED_EDGE('',*,*,#18600,.T.);
#19171 = ORIENTED_EDGE('',*,*,#17863,.F.);
#19172 = ORIENTED_EDGE('',*,*,#19173,.F.);
#19173 = EDGE_CURVE('',#17616,#17856,#19174,.T.);
#19174 = LINE('',#19175,#19176);
#19175 = CARTESIAN_POINT('',(-2.65,-1.105,0.425));
#19176 = VECTOR('',#19177,1.);
#19177 = DIRECTION('',(-9.95799250103E-17,1.,0.));
#19178 = CYLINDRICAL_SURFACE('',#19179,0.25);
#19179 = AXIS2_PLACEMENT_3D('',#19180,#19181,#19182);
#19180 = CARTESIAN_POINT('',(-2.4,-1.105,0.425));
#19181 = DIRECTION('',(9.95799250103E-17,-1.,-0.));
#19182 = DIRECTION('',(-1.,-9.95799250103E-17,2.22044604925E-15));
#19183 = ADVANCED_FACE('',(#19184),#19195,.F.);
#19184 = FACE_BOUND('',#19185,.F.);
#19185 = EDGE_LOOP('',(#19186,#19192,#19193,#19194));
#19186 = ORIENTED_EDGE('',*,*,#19187,.T.);
#19187 = EDGE_CURVE('',#17607,#17847,#19188,.T.);
#19188 = LINE('',#19189,#19190);
#19189 = CARTESIAN_POINT('',(-2.65,-1.105,0.25));
#19190 = VECTOR('',#19191,1.);
#19191 = DIRECTION('',(-9.95799250103E-17,1.,0.));
#19192 = ORIENTED_EDGE('',*,*,#17855,.T.);
#19193 = ORIENTED_EDGE('',*,*,#19173,.F.);
#19194 = ORIENTED_EDGE('',*,*,#17615,.F.);
#19195 = PLANE('',#19196);
#19196 = AXIS2_PLACEMENT_3D('',#19197,#19198,#19199);
#19197 = CARTESIAN_POINT('',(-2.65,-1.105,0.25));
#19198 = DIRECTION('',(1.,9.95799250103E-17,0.));
#19199 = DIRECTION('',(0.,-0.,1.));
#19200 = ADVANCED_FACE('',(#19201),#19212,.F.);
#19201 = FACE_BOUND('',#19202,.F.);
#19202 = EDGE_LOOP('',(#19203,#19209,#19210,#19211));
#19203 = ORIENTED_EDGE('',*,*,#19204,.T.);
#19204 = EDGE_CURVE('',#17599,#17839,#19205,.T.);
#19205 = LINE('',#19206,#19207);
#19206 = CARTESIAN_POINT('',(-2.75,-1.105,0.15));
#19207 = VECTOR('',#19208,1.);
#19208 = DIRECTION('',(-9.95799250103E-17,1.,0.));
#19209 = ORIENTED_EDGE('',*,*,#17846,.T.);
#19210 = ORIENTED_EDGE('',*,*,#19187,.F.);
#19211 = ORIENTED_EDGE('',*,*,#17606,.F.);
#19212 = CYLINDRICAL_SURFACE('',#19213,0.1);
#19213 = AXIS2_PLACEMENT_3D('',#19214,#19215,#19216);
#19214 = CARTESIAN_POINT('',(-2.75,-1.105,0.25));
#19215 = DIRECTION('',(9.95799250103E-17,-1.,0.));
#19216 = DIRECTION('',(0.,-0.,-1.));
#19217 = ADVANCED_FACE('',(#19218),#19229,.F.);
#19218 = FACE_BOUND('',#19219,.F.);
#19219 = EDGE_LOOP('',(#19220,#19226,#19227,#19228));
#19220 = ORIENTED_EDGE('',*,*,#19221,.T.);
#19221 = EDGE_CURVE('',#17591,#17831,#19222,.T.);
#19222 = LINE('',#19223,#19224);
#19223 = CARTESIAN_POINT('',(-3.2,-1.105,0.15));
#19224 = VECTOR('',#19225,1.);
#19225 = DIRECTION('',(-9.95799250103E-17,1.,0.));
#19226 = ORIENTED_EDGE('',*,*,#17838,.T.);
#19227 = ORIENTED_EDGE('',*,*,#19204,.F.);
#19228 = ORIENTED_EDGE('',*,*,#17598,.F.);
#19229 = PLANE('',#19230);
#19230 = AXIS2_PLACEMENT_3D('',#19231,#19232,#19233);
#19231 = CARTESIAN_POINT('',(-3.2,-1.105,0.15));
#19232 = DIRECTION('',(-0.,0.,-1.));
#19233 = DIRECTION('',(1.,9.95799250103E-17,0.));
#19234 = ADVANCED_FACE('',(#19235),#19246,.F.);
#19235 = FACE_BOUND('',#19236,.F.);
#19236 = EDGE_LOOP('',(#19237,#19243,#19244,#19245));
#19237 = ORIENTED_EDGE('',*,*,#19238,.T.);
#19238 = EDGE_CURVE('',#17583,#17823,#19239,.T.);
#19239 = LINE('',#19240,#19241);
#19240 = CARTESIAN_POINT('',(-3.2,-1.105,1.110223024625E-16));
#19241 = VECTOR('',#19242,1.);
#19242 = DIRECTION('',(-9.95799250103E-17,1.,0.));
#19243 = ORIENTED_EDGE('',*,*,#17830,.T.);
#19244 = ORIENTED_EDGE('',*,*,#19221,.F.);
#19245 = ORIENTED_EDGE('',*,*,#17590,.F.);
#19246 = PLANE('',#19247);
#19247 = AXIS2_PLACEMENT_3D('',#19248,#19249,#19250);
#19248 = CARTESIAN_POINT('',(-3.2,-1.105,1.110223024625E-16));
#19249 = DIRECTION('',(1.,9.95799250103E-17,0.));
#19250 = DIRECTION('',(0.,-0.,1.));
#19251 = ADVANCED_FACE('',(#19252),#19263,.F.);
#19252 = FACE_BOUND('',#19253,.F.);
#19253 = EDGE_LOOP('',(#19254,#19260,#19261,#19262));
#19254 = ORIENTED_EDGE('',*,*,#19255,.T.);
#19255 = EDGE_CURVE('',#17574,#17814,#19256,.T.);
#19256 = LINE('',#19257,#19258);
#19257 = CARTESIAN_POINT('',(-2.75,-1.105,1.110223024625E-16));
#19258 = VECTOR('',#19259,1.);
#19259 = DIRECTION('',(-9.95799250103E-17,1.,0.));
#19260 = ORIENTED_EDGE('',*,*,#17822,.T.);
#19261 = ORIENTED_EDGE('',*,*,#19238,.F.);
#19262 = ORIENTED_EDGE('',*,*,#17582,.F.);
#19263 = PLANE('',#19264);
#19264 = AXIS2_PLACEMENT_3D('',#19265,#19266,#19267);
#19265 = CARTESIAN_POINT('',(-2.75,-1.105,1.110223024625E-16));
#19266 = DIRECTION('',(0.,0.,1.));
#19267 = DIRECTION('',(-1.,-9.95799250103E-17,0.));
#19268 = ADVANCED_FACE('',(#19269),#19280,.T.);
#19269 = FACE_BOUND('',#19270,.T.);
#19270 = EDGE_LOOP('',(#19271,#19272,#19273,#19274));
#19271 = ORIENTED_EDGE('',*,*,#17573,.T.);
#19272 = ORIENTED_EDGE('',*,*,#19255,.T.);
#19273 = ORIENTED_EDGE('',*,*,#17813,.F.);
#19274 = ORIENTED_EDGE('',*,*,#19275,.F.);
#19275 = EDGE_CURVE('',#17566,#17806,#19276,.T.);
#19276 = LINE('',#19277,#19278);
#19277 = CARTESIAN_POINT('',(-2.5,-1.105,0.25));
#19278 = VECTOR('',#19279,1.);
#19279 = DIRECTION('',(-9.95799250103E-17,1.,0.));
#19280 = CYLINDRICAL_SURFACE('',#19281,0.25);
#19281 = AXIS2_PLACEMENT_3D('',#19282,#19283,#19284);
#19282 = CARTESIAN_POINT('',(-2.75,-1.105,0.25));
#19283 = DIRECTION('',(9.95799250103E-17,-1.,-0.));
#19284 = DIRECTION('',(1.,9.95799250103E-17,-2.442490654175E-15));
#19285 = ADVANCED_FACE('',(#19286),#19292,.F.);
#19286 = FACE_BOUND('',#19287,.F.);
#19287 = EDGE_LOOP('',(#19288,#19289,#19290,#19291));
#19288 = ORIENTED_EDGE('',*,*,#17787,.T.);
#19289 = ORIENTED_EDGE('',*,*,#17805,.T.);
#19290 = ORIENTED_EDGE('',*,*,#19275,.F.);
#19291 = ORIENTED_EDGE('',*,*,#17565,.F.);
#19292 = PLANE('',#19293);
#19293 = AXIS2_PLACEMENT_3D('',#19294,#19295,#19296);
#19294 = CARTESIAN_POINT('',(-2.5,-1.105,0.425));
#19295 = DIRECTION('',(-1.,-9.95799250103E-17,0.));
#19296 = DIRECTION('',(-0.,0.,-1.));
#19297 = ADVANCED_FACE('',(#19298),#19309,.T.);
#19298 = FACE_BOUND('',#19299,.T.);
#19299 = EDGE_LOOP('',(#19300,#19301,#19302,#19303));
#19300 = ORIENTED_EDGE('',*,*,#18183,.T.);
#19301 = ORIENTED_EDGE('',*,*,#18581,.T.);
#19302 = ORIENTED_EDGE('',*,*,#17977,.F.);
#19303 = ORIENTED_EDGE('',*,*,#19304,.F.);
#19304 = EDGE_CURVE('',#18176,#17970,#19305,.T.);
#19305 = LINE('',#19306,#19307);
#19306 = CARTESIAN_POINT('',(-2.65,0.195,0.425));
#19307 = VECTOR('',#19308,1.);
#19308 = DIRECTION('',(-9.95799250103E-17,1.,0.));
#19309 = CYLINDRICAL_SURFACE('',#19310,0.25);
#19310 = AXIS2_PLACEMENT_3D('',#19311,#19312,#19313);
#19311 = CARTESIAN_POINT('',(-2.4,0.195,0.425));
#19312 = DIRECTION('',(9.95799250103E-17,-1.,-0.));
#19313 = DIRECTION('',(-1.,-9.95799250103E-17,2.22044604925E-15));
#19314 = ADVANCED_FACE('',(#19315),#19326,.F.);
#19315 = FACE_BOUND('',#19316,.F.);
#19316 = EDGE_LOOP('',(#19317,#19323,#19324,#19325));
#19317 = ORIENTED_EDGE('',*,*,#19318,.T.);
#19318 = EDGE_CURVE('',#18167,#17961,#19319,.T.);
#19319 = LINE('',#19320,#19321);
#19320 = CARTESIAN_POINT('',(-2.65,0.195,0.25));
#19321 = VECTOR('',#19322,1.);
#19322 = DIRECTION('',(-9.95799250103E-17,1.,0.));
#19323 = ORIENTED_EDGE('',*,*,#17969,.T.);
#19324 = ORIENTED_EDGE('',*,*,#19304,.F.);
#19325 = ORIENTED_EDGE('',*,*,#18175,.F.);
#19326 = PLANE('',#19327);
#19327 = AXIS2_PLACEMENT_3D('',#19328,#19329,#19330);
#19328 = CARTESIAN_POINT('',(-2.65,0.195,0.25));
#19329 = DIRECTION('',(1.,9.95799250103E-17,0.));
#19330 = DIRECTION('',(0.,-0.,1.));
#19331 = ADVANCED_FACE('',(#19332),#19343,.F.);
#19332 = FACE_BOUND('',#19333,.F.);
#19333 = EDGE_LOOP('',(#19334,#19340,#19341,#19342));
#19334 = ORIENTED_EDGE('',*,*,#19335,.T.);
#19335 = EDGE_CURVE('',#18159,#17953,#19336,.T.);
#19336 = LINE('',#19337,#19338);
#19337 = CARTESIAN_POINT('',(-2.75,0.195,0.15));
#19338 = VECTOR('',#19339,1.);
#19339 = DIRECTION('',(-9.95799250103E-17,1.,0.));
#19340 = ORIENTED_EDGE('',*,*,#17960,.T.);
#19341 = ORIENTED_EDGE('',*,*,#19318,.F.);
#19342 = ORIENTED_EDGE('',*,*,#18166,.F.);
#19343 = CYLINDRICAL_SURFACE('',#19344,0.1);
#19344 = AXIS2_PLACEMENT_3D('',#19345,#19346,#19347);
#19345 = CARTESIAN_POINT('',(-2.75,0.195,0.25));
#19346 = DIRECTION('',(9.95799250103E-17,-1.,0.));
#19347 = DIRECTION('',(0.,-0.,-1.));
#19348 = ADVANCED_FACE('',(#19349),#19360,.F.);
#19349 = FACE_BOUND('',#19350,.F.);
#19350 = EDGE_LOOP('',(#19351,#19357,#19358,#19359));
#19351 = ORIENTED_EDGE('',*,*,#19352,.T.);
#19352 = EDGE_CURVE('',#18151,#17945,#19353,.T.);
#19353 = LINE('',#19354,#19355);
#19354 = CARTESIAN_POINT('',(-3.2,0.195,0.15));
#19355 = VECTOR('',#19356,1.);
#19356 = DIRECTION('',(-9.95799250103E-17,1.,0.));
#19357 = ORIENTED_EDGE('',*,*,#17952,.T.);
#19358 = ORIENTED_EDGE('',*,*,#19335,.F.);
#19359 = ORIENTED_EDGE('',*,*,#18158,.F.);
#19360 = PLANE('',#19361);
#19361 = AXIS2_PLACEMENT_3D('',#19362,#19363,#19364);
#19362 = CARTESIAN_POINT('',(-3.2,0.195,0.15));
#19363 = DIRECTION('',(-0.,0.,-1.));
#19364 = DIRECTION('',(1.,9.95799250103E-17,0.));
#19365 = ADVANCED_FACE('',(#19366),#19377,.F.);
#19366 = FACE_BOUND('',#19367,.F.);
#19367 = EDGE_LOOP('',(#19368,#19374,#19375,#19376));
#19368 = ORIENTED_EDGE('',*,*,#19369,.T.);
#19369 = EDGE_CURVE('',#18143,#17937,#19370,.T.);
#19370 = LINE('',#19371,#19372);
#19371 = CARTESIAN_POINT('',(-3.2,0.195,1.110223024625E-16));
#19372 = VECTOR('',#19373,1.);
#19373 = DIRECTION('',(-9.95799250103E-17,1.,0.));
#19374 = ORIENTED_EDGE('',*,*,#17944,.T.);
#19375 = ORIENTED_EDGE('',*,*,#19352,.F.);
#19376 = ORIENTED_EDGE('',*,*,#18150,.F.);
#19377 = PLANE('',#19378);
#19378 = AXIS2_PLACEMENT_3D('',#19379,#19380,#19381);
#19379 = CARTESIAN_POINT('',(-3.2,0.195,1.110223024625E-16));
#19380 = DIRECTION('',(1.,9.95799250103E-17,0.));
#19381 = DIRECTION('',(0.,-0.,1.));
#19382 = ADVANCED_FACE('',(#19383),#19394,.F.);
#19383 = FACE_BOUND('',#19384,.F.);
#19384 = EDGE_LOOP('',(#19385,#19391,#19392,#19393));
#19385 = ORIENTED_EDGE('',*,*,#19386,.T.);
#19386 = EDGE_CURVE('',#18134,#17928,#19387,.T.);
#19387 = LINE('',#19388,#19389);
#19388 = CARTESIAN_POINT('',(-2.75,0.195,1.110223024625E-16));
#19389 = VECTOR('',#19390,1.);
#19390 = DIRECTION('',(-9.95799250103E-17,1.,0.));
#19391 = ORIENTED_EDGE('',*,*,#17936,.T.);
#19392 = ORIENTED_EDGE('',*,*,#19369,.F.);
#19393 = ORIENTED_EDGE('',*,*,#18142,.F.);
#19394 = PLANE('',#19395);
#19395 = AXIS2_PLACEMENT_3D('',#19396,#19397,#19398);
#19396 = CARTESIAN_POINT('',(-2.75,0.195,1.110223024625E-16));
#19397 = DIRECTION('',(0.,0.,1.));
#19398 = DIRECTION('',(-1.,-9.95799250103E-17,0.));
#19399 = ADVANCED_FACE('',(#19400),#19411,.T.);
#19400 = FACE_BOUND('',#19401,.T.);
#19401 = EDGE_LOOP('',(#19402,#19403,#19404,#19405));
#19402 = ORIENTED_EDGE('',*,*,#18133,.T.);
#19403 = ORIENTED_EDGE('',*,*,#19386,.T.);
#19404 = ORIENTED_EDGE('',*,*,#17927,.F.);
#19405 = ORIENTED_EDGE('',*,*,#19406,.F.);
#19406 = EDGE_CURVE('',#18126,#17920,#19407,.T.);
#19407 = LINE('',#19408,#19409);
#19408 = CARTESIAN_POINT('',(-2.5,0.195,0.25));
#19409 = VECTOR('',#19410,1.);
#19410 = DIRECTION('',(-9.95799250103E-17,1.,0.));
#19411 = CYLINDRICAL_SURFACE('',#19412,0.25);
#19412 = AXIS2_PLACEMENT_3D('',#19413,#19414,#19415);
#19413 = CARTESIAN_POINT('',(-2.75,0.195,0.25));
#19414 = DIRECTION('',(9.95799250103E-17,-1.,-0.));
#19415 = DIRECTION('',(1.,9.95799250103E-17,-2.442490654175E-15));
#19416 = ADVANCED_FACE('',(#19417),#19423,.F.);
#19417 = FACE_BOUND('',#19418,.F.);
#19418 = EDGE_LOOP('',(#19419,#19420,#19421,#19422));
#19419 = ORIENTED_EDGE('',*,*,#18208,.T.);
#19420 = ORIENTED_EDGE('',*,*,#17919,.T.);
#19421 = ORIENTED_EDGE('',*,*,#19406,.F.);
#19422 = ORIENTED_EDGE('',*,*,#18125,.F.);
#19423 = PLANE('',#19424);
#19424 = AXIS2_PLACEMENT_3D('',#19425,#19426,#19427);
#19425 = CARTESIAN_POINT('',(-2.5,0.195,0.425));
#19426 = DIRECTION('',(-1.,-9.95799250103E-17,0.));
#19427 = DIRECTION('',(-0.,0.,-1.));
#19428 = ADVANCED_FACE('',(#19429),#19440,.T.);
#19429 = FACE_BOUND('',#19430,.T.);
#19430 = EDGE_LOOP('',(#19431,#19432,#19433,#19434));
#19431 = ORIENTED_EDGE('',*,*,#18069,.T.);
#19432 = ORIENTED_EDGE('',*,*,#18619,.T.);
#19433 = ORIENTED_EDGE('',*,*,#18309,.F.);
#19434 = ORIENTED_EDGE('',*,*,#19435,.F.);
#19435 = EDGE_CURVE('',#18062,#18302,#19436,.T.);
#19436 = LINE('',#19437,#19438);
#19437 = CARTESIAN_POINT('',(-2.65,-0.455,0.425));
#19438 = VECTOR('',#19439,1.);
#19439 = DIRECTION('',(-9.95799250103E-17,1.,0.));
#19440 = CYLINDRICAL_SURFACE('',#19441,0.25);
#19441 = AXIS2_PLACEMENT_3D('',#19442,#19443,#19444);
#19442 = CARTESIAN_POINT('',(-2.4,-0.455,0.425));
#19443 = DIRECTION('',(9.95799250103E-17,-1.,-0.));
#19444 = DIRECTION('',(-1.,-9.95799250103E-17,2.22044604925E-15));
#19445 = ADVANCED_FACE('',(#19446),#19457,.F.);
#19446 = FACE_BOUND('',#19447,.F.);
#19447 = EDGE_LOOP('',(#19448,#19454,#19455,#19456));
#19448 = ORIENTED_EDGE('',*,*,#19449,.T.);
#19449 = EDGE_CURVE('',#18053,#18293,#19450,.T.);
#19450 = LINE('',#19451,#19452);
#19451 = CARTESIAN_POINT('',(-2.65,-0.455,0.25));
#19452 = VECTOR('',#19453,1.);
#19453 = DIRECTION('',(-9.95799250103E-17,1.,0.));
#19454 = ORIENTED_EDGE('',*,*,#18301,.T.);
#19455 = ORIENTED_EDGE('',*,*,#19435,.F.);
#19456 = ORIENTED_EDGE('',*,*,#18061,.F.);
#19457 = PLANE('',#19458);
#19458 = AXIS2_PLACEMENT_3D('',#19459,#19460,#19461);
#19459 = CARTESIAN_POINT('',(-2.65,-0.455,0.25));
#19460 = DIRECTION('',(1.,9.95799250103E-17,0.));
#19461 = DIRECTION('',(0.,-0.,1.));
#19462 = ADVANCED_FACE('',(#19463),#19474,.F.);
#19463 = FACE_BOUND('',#19464,.F.);
#19464 = EDGE_LOOP('',(#19465,#19471,#19472,#19473));
#19465 = ORIENTED_EDGE('',*,*,#19466,.T.);
#19466 = EDGE_CURVE('',#18045,#18285,#19467,.T.);
#19467 = LINE('',#19468,#19469);
#19468 = CARTESIAN_POINT('',(-2.75,-0.455,0.15));
#19469 = VECTOR('',#19470,1.);
#19470 = DIRECTION('',(-9.95799250103E-17,1.,0.));
#19471 = ORIENTED_EDGE('',*,*,#18292,.T.);
#19472 = ORIENTED_EDGE('',*,*,#19449,.F.);
#19473 = ORIENTED_EDGE('',*,*,#18052,.F.);
#19474 = CYLINDRICAL_SURFACE('',#19475,0.1);
#19475 = AXIS2_PLACEMENT_3D('',#19476,#19477,#19478);
#19476 = CARTESIAN_POINT('',(-2.75,-0.455,0.25));
#19477 = DIRECTION('',(9.95799250103E-17,-1.,0.));
#19478 = DIRECTION('',(0.,-0.,-1.));
#19479 = ADVANCED_FACE('',(#19480),#19491,.F.);
#19480 = FACE_BOUND('',#19481,.F.);
#19481 = EDGE_LOOP('',(#19482,#19488,#19489,#19490));
#19482 = ORIENTED_EDGE('',*,*,#19483,.T.);
#19483 = EDGE_CURVE('',#18037,#18277,#19484,.T.);
#19484 = LINE('',#19485,#19486);
#19485 = CARTESIAN_POINT('',(-3.2,-0.455,0.15));
#19486 = VECTOR('',#19487,1.);
#19487 = DIRECTION('',(-9.95799250103E-17,1.,0.));
#19488 = ORIENTED_EDGE('',*,*,#18284,.T.);
#19489 = ORIENTED_EDGE('',*,*,#19466,.F.);
#19490 = ORIENTED_EDGE('',*,*,#18044,.F.);
#19491 = PLANE('',#19492);
#19492 = AXIS2_PLACEMENT_3D('',#19493,#19494,#19495);
#19493 = CARTESIAN_POINT('',(-3.2,-0.455,0.15));
#19494 = DIRECTION('',(-0.,0.,-1.));
#19495 = DIRECTION('',(1.,9.95799250103E-17,0.));
#19496 = ADVANCED_FACE('',(#19497),#19508,.F.);
#19497 = FACE_BOUND('',#19498,.F.);
#19498 = EDGE_LOOP('',(#19499,#19505,#19506,#19507));
#19499 = ORIENTED_EDGE('',*,*,#19500,.T.);
#19500 = EDGE_CURVE('',#18029,#18269,#19501,.T.);
#19501 = LINE('',#19502,#19503);
#19502 = CARTESIAN_POINT('',(-3.2,-0.455,1.110223024625E-16));
#19503 = VECTOR('',#19504,1.);
#19504 = DIRECTION('',(-9.95799250103E-17,1.,0.));
#19505 = ORIENTED_EDGE('',*,*,#18276,.T.);
#19506 = ORIENTED_EDGE('',*,*,#19483,.F.);
#19507 = ORIENTED_EDGE('',*,*,#18036,.F.);
#19508 = PLANE('',#19509);
#19509 = AXIS2_PLACEMENT_3D('',#19510,#19511,#19512);
#19510 = CARTESIAN_POINT('',(-3.2,-0.455,1.110223024625E-16));
#19511 = DIRECTION('',(1.,9.95799250103E-17,0.));
#19512 = DIRECTION('',(0.,-0.,1.));
#19513 = ADVANCED_FACE('',(#19514),#19525,.F.);
#19514 = FACE_BOUND('',#19515,.F.);
#19515 = EDGE_LOOP('',(#19516,#19522,#19523,#19524));
#19516 = ORIENTED_EDGE('',*,*,#19517,.T.);
#19517 = EDGE_CURVE('',#18020,#18260,#19518,.T.);
#19518 = LINE('',#19519,#19520);
#19519 = CARTESIAN_POINT('',(-2.75,-0.455,1.110223024625E-16));
#19520 = VECTOR('',#19521,1.);
#19521 = DIRECTION('',(-9.95799250103E-17,1.,0.));
#19522 = ORIENTED_EDGE('',*,*,#18268,.T.);
#19523 = ORIENTED_EDGE('',*,*,#19500,.F.);
#19524 = ORIENTED_EDGE('',*,*,#18028,.F.);
#19525 = PLANE('',#19526);
#19526 = AXIS2_PLACEMENT_3D('',#19527,#19528,#19529);
#19527 = CARTESIAN_POINT('',(-2.75,-0.455,1.110223024625E-16));
#19528 = DIRECTION('',(0.,0.,1.));
#19529 = DIRECTION('',(-1.,-9.95799250103E-17,0.));
#19530 = ADVANCED_FACE('',(#19531),#19542,.T.);
#19531 = FACE_BOUND('',#19532,.T.);
#19532 = EDGE_LOOP('',(#19533,#19534,#19535,#19536));
#19533 = ORIENTED_EDGE('',*,*,#18019,.T.);
#19534 = ORIENTED_EDGE('',*,*,#19517,.T.);
#19535 = ORIENTED_EDGE('',*,*,#18259,.F.);
#19536 = ORIENTED_EDGE('',*,*,#19537,.F.);
#19537 = EDGE_CURVE('',#18012,#18252,#19538,.T.);
#19538 = LINE('',#19539,#19540);
#19539 = CARTESIAN_POINT('',(-2.5,-0.455,0.25));
#19540 = VECTOR('',#19541,1.);
#19541 = DIRECTION('',(-9.95799250103E-17,1.,0.));
#19542 = CYLINDRICAL_SURFACE('',#19543,0.25);
#19543 = AXIS2_PLACEMENT_3D('',#19544,#19545,#19546);
#19544 = CARTESIAN_POINT('',(-2.75,-0.455,0.25));
#19545 = DIRECTION('',(9.95799250103E-17,-1.,-0.));
#19546 = DIRECTION('',(1.,9.95799250103E-17,-2.442490654175E-15));
#19547 = ADVANCED_FACE('',(#19548),#19554,.F.);
#19548 = FACE_BOUND('',#19549,.F.);
#19549 = EDGE_LOOP('',(#19550,#19551,#19552,#19553));
#19550 = ORIENTED_EDGE('',*,*,#18233,.T.);
#19551 = ORIENTED_EDGE('',*,*,#18251,.T.);
#19552 = ORIENTED_EDGE('',*,*,#19537,.F.);
#19553 = ORIENTED_EDGE('',*,*,#18011,.F.);
#19554 = PLANE('',#19555);
#19555 = AXIS2_PLACEMENT_3D('',#19556,#19557,#19558);
#19556 = CARTESIAN_POINT('',(-2.5,-0.455,0.425));
#19557 = DIRECTION('',(-1.,-9.95799250103E-17,0.));
#19558 = DIRECTION('',(-0.,0.,-1.));
#19559 = ( GEOMETRIC_REPRESENTATION_CONTEXT(3) 
GLOBAL_UNCERTAINTY_ASSIGNED_CONTEXT((#19563)) 
GLOBAL_UNIT_ASSIGNED_CONTEXT((#19560,#19561,#19562)) 
REPRESENTATION_CONTEXT('Context #1',
  '3D Context with UNIT and UNCERTAINTY') );
#19560 = ( LENGTH_UNIT() NAMED_UNIT(*) SI_UNIT(.MILLI.,.METRE.) );
#19561 = ( NAMED_UNIT(*) PLANE_ANGLE_UNIT() SI_UNIT($,.RADIAN.) );
#19562 = ( NAMED_UNIT(*) SI_UNIT($,.STERADIAN.) SOLID_ANGLE_UNIT() );
#19563 = UNCERTAINTY_MEASURE_WITH_UNIT(LENGTH_MEASURE(2.E-06),#19560,
  'distance_accuracy_value','confusion accuracy');
#19564 = CONTEXT_DEPENDENT_SHAPE_REPRESENTATION(#19565,#19567);
#19565 = ( REPRESENTATION_RELATIONSHIP('','',#11619,#10) 
REPRESENTATION_RELATIONSHIP_WITH_TRANSFORMATION(#19566) 
SHAPE_REPRESENTATION_RELATIONSHIP() );
#19566 = ITEM_DEFINED_TRANSFORMATION('','',#11,#163);
#19567 = PRODUCT_DEFINITION_SHAPE('Placement','Placement of an item',
  #19568);
#19568 = NEXT_ASSEMBLY_USAGE_OCCURRENCE('38','U1','',#5,#11614,$);
#19569 = PRODUCT_RELATED_PRODUCT_CATEGORY('part',$,(#11616));
#19570 = CONTEXT_DEPENDENT_SHAPE_REPRESENTATION(#19571,#19573);
#19571 = ( REPRESENTATION_RELATIONSHIP('','',#7053,#10) 
REPRESENTATION_RELATIONSHIP_WITH_TRANSFORMATION(#19572) 
SHAPE_REPRESENTATION_RELATIONSHIP() );
#19572 = ITEM_DEFINED_TRANSFORMATION('','',#11,#167);
#19573 = PRODUCT_DEFINITION_SHAPE('Placement','Placement of an item',
  #19574);
#19574 = NEXT_ASSEMBLY_USAGE_OCCURRENCE('39','F4','',#5,#7048,$);
#19575 = CONTEXT_DEPENDENT_SHAPE_REPRESENTATION(#19576,#19578);
#19576 = ( REPRESENTATION_RELATIONSHIP('','',#3779,#10) 
REPRESENTATION_RELATIONSHIP_WITH_TRANSFORMATION(#19577) 
SHAPE_REPRESENTATION_RELATIONSHIP() );
#19577 = ITEM_DEFINED_TRANSFORMATION('','',#11,#171);
#19578 = PRODUCT_DEFINITION_SHAPE('Placement','Placement of an item',
  #19579);
#19579 = NEXT_ASSEMBLY_USAGE_OCCURRENCE('40','RR3','',#5,#3774,$);
#19580 = CONTEXT_DEPENDENT_SHAPE_REPRESENTATION(#19581,#19583);
#19581 = ( REPRESENTATION_RELATIONSHIP('','',#212,#10) 
REPRESENTATION_RELATIONSHIP_WITH_TRANSFORMATION(#19582) 
SHAPE_REPRESENTATION_RELATIONSHIP() );
#19582 = ITEM_DEFINED_TRANSFORMATION('','',#11,#175);
#19583 = PRODUCT_DEFINITION_SHAPE('Placement','Placement of an item',
  #19584);
#19584 = NEXT_ASSEMBLY_USAGE_OCCURRENCE('41','RU2','',#5,#207,$);
#19585 = CONTEXT_DEPENDENT_SHAPE_REPRESENTATION(#19586,#19588);
#19586 = ( REPRESENTATION_RELATIONSHIP('','',#3779,#10) 
REPRESENTATION_RELATIONSHIP_WITH_TRANSFORMATION(#19587) 
SHAPE_REPRESENTATION_RELATIONSHIP() );
#19587 = ITEM_DEFINED_TRANSFORMATION('','',#11,#179);
#19588 = PRODUCT_DEFINITION_SHAPE('Placement','Placement of an item',
  #19589);
#19589 = NEXT_ASSEMBLY_USAGE_OCCURRENCE('42','RG1','',#5,#3774,$);
#19590 = CONTEXT_DEPENDENT_SHAPE_REPRESENTATION(#19591,#19593);
#19591 = ( REPRESENTATION_RELATIONSHIP('','',#3779,#10) 
REPRESENTATION_RELATIONSHIP_WITH_TRANSFORMATION(#19592) 
SHAPE_REPRESENTATION_RELATIONSHIP() );
#19592 = ITEM_DEFINED_TRANSFORMATION('','',#11,#183);
#19593 = PRODUCT_DEFINITION_SHAPE('Placement','Placement of an item',
  #19594);
#19594 = NEXT_ASSEMBLY_USAGE_OCCURRENCE('43','RIV','',#5,#3774,$);
#19595 = CONTEXT_DEPENDENT_SHAPE_REPRESENTATION(#19596,#19598);
#19596 = ( REPRESENTATION_RELATIONSHIP('','',#1021,#10) 
REPRESENTATION_RELATIONSHIP_WITH_TRANSFORMATION(#19597) 
SHAPE_REPRESENTATION_RELATIONSHIP() );
#19597 = ITEM_DEFINED_TRANSFORMATION('','',#11,#187);
#19598 = PRODUCT_DEFINITION_SHAPE('Placement','Placement of an item',
  #19599);
#19599 = NEXT_ASSEMBLY_USAGE_OCCURRENCE('44','OKV','',#5,#1016,$);
#19600 = CONTEXT_DEPENDENT_SHAPE_REPRESENTATION(#19601,#19603);
#19601 = ( REPRESENTATION_RELATIONSHIP('','',#3779,#10) 
REPRESENTATION_RELATIONSHIP_WITH_TRANSFORMATION(#19602) 
SHAPE_REPRESENTATION_RELATIONSHIP() );
#19602 = ITEM_DEFINED_TRANSFORMATION('','',#11,#191);
#19603 = PRODUCT_DEFINITION_SHAPE('Placement','Placement of an item',
  #19604);
#19604 = NEXT_ASSEMBLY_USAGE_OCCURRENCE('45','RI4','',#5,#3774,$);
#19605 = SHAPE_DEFINITION_REPRESENTATION(#19606,#19612);
#19606 = PRODUCT_DEFINITION_SHAPE('','',#19607);
#19607 = PRODUCT_DEFINITION('design','',#19608,#19611);
#19608 = PRODUCT_DEFINITION_FORMATION('','',#19609);
#19609 = PRODUCT('AP_Dist4_PCB','AP_Dist4_PCB','',(#19610));
#19610 = PRODUCT_CONTEXT('',#2,'mechanical');
#19611 = PRODUCT_DEFINITION_CONTEXT('part definition',#2,'design');
#19612 = ADVANCED_BREP_SHAPE_REPRESENTATION('',(#11,#19613),#21314);
#19613 = MANIFOLD_SOLID_BREP('',#19614);
#19614 = CLOSED_SHELL('',(#19615,#19657,#19688,#19719,#20162,#20605,
    #20622,#20639,#20656,#20673,#20685,#20707,#20724,#20741,#20753,
    #20770,#20787,#20804,#20821,#20838,#20855,#20877,#20894,#20911,
    #20923,#20940,#20957,#20974,#20991,#21008,#21025,#21042,#21059,
    #21076,#21093,#21110,#21127,#21144,#21161,#21178,#21195,#21212,
    #21229,#21246,#21263,#21280,#21297));
#19615 = ADVANCED_FACE('',(#19616),#19652,.T.);
#19616 = FACE_BOUND('',#19617,.T.);
#19617 = EDGE_LOOP('',(#19618,#19628,#19637,#19645));
#19618 = ORIENTED_EDGE('',*,*,#19619,.T.);
#19619 = EDGE_CURVE('',#19620,#19622,#19624,.T.);
#19620 = VERTEX_POINT('',#19621);
#19621 = CARTESIAN_POINT('',(186.,-100.,0.));
#19622 = VERTEX_POINT('',#19623);
#19623 = CARTESIAN_POINT('',(186.,-100.,1.51));
#19624 = LINE('',#19625,#19626);
#19625 = CARTESIAN_POINT('',(186.,-100.,0.));
#19626 = VECTOR('',#19627,1.);
#19627 = DIRECTION('',(0.,0.,1.));
#19628 = ORIENTED_EDGE('',*,*,#19629,.T.);
#19629 = EDGE_CURVE('',#19622,#19630,#19632,.T.);
#19630 = VERTEX_POINT('',#19631);
#19631 = CARTESIAN_POINT('',(188.,-102.,1.51));
#19632 = CIRCLE('',#19633,2.000000212955);
#19633 = AXIS2_PLACEMENT_3D('',#19634,#19635,#19636);
#19634 = CARTESIAN_POINT('',(185.99999978704,-102.0000002129,1.51));
#19635 = DIRECTION('',(0.,0.,-1.));
#19636 = DIRECTION('',(1.064773897809E-07,1.,0.));
#19637 = ORIENTED_EDGE('',*,*,#19638,.F.);
#19638 = EDGE_CURVE('',#19639,#19630,#19641,.T.);
#19639 = VERTEX_POINT('',#19640);
#19640 = CARTESIAN_POINT('',(188.,-102.,0.));
#19641 = LINE('',#19642,#19643);
#19642 = CARTESIAN_POINT('',(188.,-102.,0.));
#19643 = VECTOR('',#19644,1.);
#19644 = DIRECTION('',(0.,0.,1.));
#19645 = ORIENTED_EDGE('',*,*,#19646,.F.);
#19646 = EDGE_CURVE('',#19620,#19639,#19647,.T.);
#19647 = CIRCLE('',#19648,2.000000212955);
#19648 = AXIS2_PLACEMENT_3D('',#19649,#19650,#19651);
#19649 = CARTESIAN_POINT('',(185.99999978704,-102.0000002129,0.));
#19650 = DIRECTION('',(0.,0.,-1.));
#19651 = DIRECTION('',(1.064773897809E-07,1.,0.));
#19652 = CYLINDRICAL_SURFACE('',#19653,2.000000212955);
#19653 = AXIS2_PLACEMENT_3D('',#19654,#19655,#19656);
#19654 = CARTESIAN_POINT('',(185.99999978704,-102.0000002129,0.));
#19655 = DIRECTION('',(0.,0.,-1.));
#19656 = DIRECTION('',(1.064773897809E-07,1.,0.));
#19657 = ADVANCED_FACE('',(#19658),#19683,.T.);
#19658 = FACE_BOUND('',#19659,.T.);
#19659 = EDGE_LOOP('',(#19660,#19670,#19676,#19677));
#19660 = ORIENTED_EDGE('',*,*,#19661,.T.);
#19661 = EDGE_CURVE('',#19662,#19664,#19666,.T.);
#19662 = VERTEX_POINT('',#19663);
#19663 = CARTESIAN_POINT('',(102.,-100.,0.));
#19664 = VERTEX_POINT('',#19665);
#19665 = CARTESIAN_POINT('',(102.,-100.,1.51));
#19666 = LINE('',#19667,#19668);
#19667 = CARTESIAN_POINT('',(102.,-100.,0.));
#19668 = VECTOR('',#19669,1.);
#19669 = DIRECTION('',(0.,0.,1.));
#19670 = ORIENTED_EDGE('',*,*,#19671,.T.);
#19671 = EDGE_CURVE('',#19664,#19622,#19672,.T.);
#19672 = LINE('',#19673,#19674);
#19673 = CARTESIAN_POINT('',(102.,-100.,1.51));
#19674 = VECTOR('',#19675,1.);
#19675 = DIRECTION('',(1.,0.,0.));
#19676 = ORIENTED_EDGE('',*,*,#19619,.F.);
#19677 = ORIENTED_EDGE('',*,*,#19678,.F.);
#19678 = EDGE_CURVE('',#19662,#19620,#19679,.T.);
#19679 = LINE('',#19680,#19681);
#19680 = CARTESIAN_POINT('',(102.,-100.,0.));
#19681 = VECTOR('',#19682,1.);
#19682 = DIRECTION('',(1.,0.,0.));
#19683 = PLANE('',#19684);
#19684 = AXIS2_PLACEMENT_3D('',#19685,#19686,#19687);
#19685 = CARTESIAN_POINT('',(102.,-100.,0.));
#19686 = DIRECTION('',(0.,1.,0.));
#19687 = DIRECTION('',(1.,0.,0.));
#19688 = ADVANCED_FACE('',(#19689),#19714,.T.);
#19689 = FACE_BOUND('',#19690,.T.);
#19690 = EDGE_LOOP('',(#19691,#19692,#19700,#19708));
#19691 = ORIENTED_EDGE('',*,*,#19638,.T.);
#19692 = ORIENTED_EDGE('',*,*,#19693,.T.);
#19693 = EDGE_CURVE('',#19630,#19694,#19696,.T.);
#19694 = VERTEX_POINT('',#19695);
#19695 = CARTESIAN_POINT('',(188.,-154.,1.51));
#19696 = LINE('',#19697,#19698);
#19697 = CARTESIAN_POINT('',(188.,-102.,1.51));
#19698 = VECTOR('',#19699,1.);
#19699 = DIRECTION('',(0.,-1.,0.));
#19700 = ORIENTED_EDGE('',*,*,#19701,.F.);
#19701 = EDGE_CURVE('',#19702,#19694,#19704,.T.);
#19702 = VERTEX_POINT('',#19703);
#19703 = CARTESIAN_POINT('',(188.,-154.,0.));
#19704 = LINE('',#19705,#19706);
#19705 = CARTESIAN_POINT('',(188.,-154.,0.));
#19706 = VECTOR('',#19707,1.);
#19707 = DIRECTION('',(0.,0.,1.));
#19708 = ORIENTED_EDGE('',*,*,#19709,.F.);
#19709 = EDGE_CURVE('',#19639,#19702,#19710,.T.);
#19710 = LINE('',#19711,#19712);
#19711 = CARTESIAN_POINT('',(188.,-102.,0.));
#19712 = VECTOR('',#19713,1.);
#19713 = DIRECTION('',(0.,-1.,0.));
#19714 = PLANE('',#19715);
#19715 = AXIS2_PLACEMENT_3D('',#19716,#19717,#19718);
#19716 = CARTESIAN_POINT('',(188.,-102.,0.));
#19717 = DIRECTION('',(1.,0.,-0.));
#19718 = DIRECTION('',(0.,-1.,0.));
#19719 = ADVANCED_FACE('',(#19720,#19766,#19802,#19813,#19824,#19835,
    #19846,#19857,#19868,#19904,#19915,#19926,#19937,#19948,#19959,
    #19970,#19981,#19992,#20003,#20014,#20025,#20036,#20047,#20058,
    #20069,#20080,#20091,#20102,#20113,#20124,#20135,#20146),#20157,.F.
  );
#19720 = FACE_BOUND('',#19721,.F.);
#19721 = EDGE_LOOP('',(#19722,#19723,#19724,#19733,#19741,#19750,#19758,
    #19765));
#19722 = ORIENTED_EDGE('',*,*,#19646,.F.);
#19723 = ORIENTED_EDGE('',*,*,#19678,.F.);
#19724 = ORIENTED_EDGE('',*,*,#19725,.F.);
#19725 = EDGE_CURVE('',#19726,#19662,#19728,.T.);
#19726 = VERTEX_POINT('',#19727);
#19727 = CARTESIAN_POINT('',(100.,-102.,0.));
#19728 = CIRCLE('',#19729,1.99999850585);
#19729 = AXIS2_PLACEMENT_3D('',#19730,#19731,#19732);
#19730 = CARTESIAN_POINT('',(101.99999850585,-101.9999985058,0.));
#19731 = DIRECTION('',(0.,0.,-1.));
#19732 = DIRECTION('',(-1.,-7.470757491648E-07,-0.));
#19733 = ORIENTED_EDGE('',*,*,#19734,.F.);
#19734 = EDGE_CURVE('',#19735,#19726,#19737,.T.);
#19735 = VERTEX_POINT('',#19736);
#19736 = CARTESIAN_POINT('',(100.,-154.,0.));
#19737 = LINE('',#19738,#19739);
#19738 = CARTESIAN_POINT('',(100.,-154.,0.));
#19739 = VECTOR('',#19740,1.);
#19740 = DIRECTION('',(0.,1.,0.));
#19741 = ORIENTED_EDGE('',*,*,#19742,.F.);
#19742 = EDGE_CURVE('',#19743,#19735,#19745,.T.);
#19743 = VERTEX_POINT('',#19744);
#19744 = CARTESIAN_POINT('',(102.,-156.,0.));
#19745 = CIRCLE('',#19746,2.000000212955);
#19746 = AXIS2_PLACEMENT_3D('',#19747,#19748,#19749);
#19747 = CARTESIAN_POINT('',(102.00000021295,-153.999999787,0.));
#19748 = DIRECTION('',(0.,0.,-1.));
#19749 = DIRECTION('',(-1.064773897809E-07,-1.,-0.));
#19750 = ORIENTED_EDGE('',*,*,#19751,.F.);
#19751 = EDGE_CURVE('',#19752,#19743,#19754,.T.);
#19752 = VERTEX_POINT('',#19753);
#19753 = CARTESIAN_POINT('',(186.,-156.,0.));
#19754 = LINE('',#19755,#19756);
#19755 = CARTESIAN_POINT('',(186.,-156.,0.));
#19756 = VECTOR('',#19757,1.);
#19757 = DIRECTION('',(-1.,0.,0.));
#19758 = ORIENTED_EDGE('',*,*,#19759,.F.);
#19759 = EDGE_CURVE('',#19702,#19752,#19760,.T.);
#19760 = CIRCLE('',#19761,2.000001920065);
#19761 = AXIS2_PLACEMENT_3D('',#19762,#19763,#19764);
#19762 = CARTESIAN_POINT('',(185.99999807993,-153.9999980799,0.));
#19763 = DIRECTION('',(0.,0.,-1.));
#19764 = DIRECTION('',(1.,-9.600311321928E-07,0.));
#19765 = ORIENTED_EDGE('',*,*,#19709,.F.);
#19766 = FACE_BOUND('',#19767,.F.);
#19767 = EDGE_LOOP('',(#19768,#19779,#19787,#19796));
#19768 = ORIENTED_EDGE('',*,*,#19769,.T.);
#19769 = EDGE_CURVE('',#19770,#19772,#19774,.T.);
#19770 = VERTEX_POINT('',#19771);
#19771 = CARTESIAN_POINT('',(111.55,-146.85,0.));
#19772 = VERTEX_POINT('',#19773);
#19773 = CARTESIAN_POINT('',(111.55,-147.45,0.));
#19774 = CIRCLE('',#19775,0.3);
#19775 = AXIS2_PLACEMENT_3D('',#19776,#19777,#19778);
#19776 = CARTESIAN_POINT('',(111.55,-147.15,0.));
#19777 = DIRECTION('',(-0.,0.,-1.));
#19778 = DIRECTION('',(4.736951571734E-14,-1.,-0.));
#19779 = ORIENTED_EDGE('',*,*,#19780,.T.);
#19780 = EDGE_CURVE('',#19772,#19781,#19783,.T.);
#19781 = VERTEX_POINT('',#19782);
#19782 = CARTESIAN_POINT('',(110.45,-147.45,0.));
#19783 = LINE('',#19784,#19785);
#19784 = CARTESIAN_POINT('',(55.225,-147.45,0.));
#19785 = VECTOR('',#19786,1.);
#19786 = DIRECTION('',(-1.,0.,0.));
#19787 = ORIENTED_EDGE('',*,*,#19788,.T.);
#19788 = EDGE_CURVE('',#19781,#19789,#19791,.T.);
#19789 = VERTEX_POINT('',#19790);
#19790 = CARTESIAN_POINT('',(110.45,-146.85,0.));
#19791 = CIRCLE('',#19792,0.3);
#19792 = AXIS2_PLACEMENT_3D('',#19793,#19794,#19795);
#19793 = CARTESIAN_POINT('',(110.45,-147.15,0.));
#19794 = DIRECTION('',(-0.,0.,-1.));
#19795 = DIRECTION('',(-4.736951571734E-14,1.,0.));
#19796 = ORIENTED_EDGE('',*,*,#19797,.T.);
#19797 = EDGE_CURVE('',#19789,#19770,#19798,.T.);
#19798 = LINE('',#19799,#19800);
#19799 = CARTESIAN_POINT('',(55.775,-146.85,0.));
#19800 = VECTOR('',#19801,1.);
#19801 = DIRECTION('',(1.,0.,-0.));
#19802 = FACE_BOUND('',#19803,.F.);
#19803 = EDGE_LOOP('',(#19804));
#19804 = ORIENTED_EDGE('',*,*,#19805,.T.);
#19805 = EDGE_CURVE('',#19806,#19806,#19808,.T.);
#19806 = VERTEX_POINT('',#19807);
#19807 = CARTESIAN_POINT('',(117.,-145.35,0.));
#19808 = CIRCLE('',#19809,1.35);
#19809 = AXIS2_PLACEMENT_3D('',#19810,#19811,#19812);
#19810 = CARTESIAN_POINT('',(117.,-144.,0.));
#19811 = DIRECTION('',(-0.,0.,-1.));
#19812 = DIRECTION('',(-0.,-1.,0.));
#19813 = FACE_BOUND('',#19814,.F.);
#19814 = EDGE_LOOP('',(#19815));
#19815 = ORIENTED_EDGE('',*,*,#19816,.T.);
#19816 = EDGE_CURVE('',#19817,#19817,#19819,.T.);
#19817 = VERTEX_POINT('',#19818);
#19818 = CARTESIAN_POINT('',(123.5,-151.25,0.));
#19819 = CIRCLE('',#19820,0.85);
#19820 = AXIS2_PLACEMENT_3D('',#19821,#19822,#19823);
#19821 = CARTESIAN_POINT('',(123.5,-150.4,0.));
#19822 = DIRECTION('',(-0.,0.,-1.));
#19823 = DIRECTION('',(-0.,-1.,0.));
#19824 = FACE_BOUND('',#19825,.F.);
#19825 = EDGE_LOOP('',(#19826));
#19826 = ORIENTED_EDGE('',*,*,#19827,.T.);
#19827 = EDGE_CURVE('',#19828,#19828,#19830,.T.);
#19828 = VERTEX_POINT('',#19829);
#19829 = CARTESIAN_POINT('',(127.46,-151.25,0.));
#19830 = CIRCLE('',#19831,0.85);
#19831 = AXIS2_PLACEMENT_3D('',#19832,#19833,#19834);
#19832 = CARTESIAN_POINT('',(127.46,-150.4,0.));
#19833 = DIRECTION('',(-0.,0.,-1.));
#19834 = DIRECTION('',(-1.671865260612E-14,-1.,0.));
#19835 = FACE_BOUND('',#19836,.F.);
#19836 = EDGE_LOOP('',(#19837));
#19837 = ORIENTED_EDGE('',*,*,#19838,.T.);
#19838 = EDGE_CURVE('',#19839,#19839,#19841,.T.);
#19839 = VERTEX_POINT('',#19840);
#19840 = CARTESIAN_POINT('',(139.5,-151.25,0.));
#19841 = CIRCLE('',#19842,0.85);
#19842 = AXIS2_PLACEMENT_3D('',#19843,#19844,#19845);
#19843 = CARTESIAN_POINT('',(139.5,-150.4,0.));
#19844 = DIRECTION('',(-0.,0.,-1.));
#19845 = DIRECTION('',(-0.,-1.,0.));
#19846 = FACE_BOUND('',#19847,.F.);
#19847 = EDGE_LOOP('',(#19848));
#19848 = ORIENTED_EDGE('',*,*,#19849,.T.);
#19849 = EDGE_CURVE('',#19850,#19850,#19852,.T.);
#19850 = VERTEX_POINT('',#19851);
#19851 = CARTESIAN_POINT('',(143.46,-151.25,0.));
#19852 = CIRCLE('',#19853,0.85);
#19853 = AXIS2_PLACEMENT_3D('',#19854,#19855,#19856);
#19854 = CARTESIAN_POINT('',(143.46,-150.4,0.));
#19855 = DIRECTION('',(-0.,0.,-1.));
#19856 = DIRECTION('',(-0.,-1.,0.));
#19857 = FACE_BOUND('',#19858,.F.);
#19858 = EDGE_LOOP('',(#19859));
#19859 = ORIENTED_EDGE('',*,*,#19860,.T.);
#19860 = EDGE_CURVE('',#19861,#19861,#19863,.T.);
#19861 = VERTEX_POINT('',#19862);
#19862 = CARTESIAN_POINT('',(117.,-138.15,0.));
#19863 = CIRCLE('',#19864,1.35);
#19864 = AXIS2_PLACEMENT_3D('',#19865,#19866,#19867);
#19865 = CARTESIAN_POINT('',(117.,-136.8,0.));
#19866 = DIRECTION('',(-0.,0.,-1.));
#19867 = DIRECTION('',(-0.,-1.,0.));
#19868 = FACE_BOUND('',#19869,.F.);
#19869 = EDGE_LOOP('',(#19870,#19881,#19889,#19898));
#19870 = ORIENTED_EDGE('',*,*,#19871,.T.);
#19871 = EDGE_CURVE('',#19872,#19874,#19876,.T.);
#19872 = VERTEX_POINT('',#19873);
#19873 = CARTESIAN_POINT('',(111.55,-133.35,0.));
#19874 = VERTEX_POINT('',#19875);
#19875 = CARTESIAN_POINT('',(111.55,-133.95,0.));
#19876 = CIRCLE('',#19877,0.3);
#19877 = AXIS2_PLACEMENT_3D('',#19878,#19879,#19880);
#19878 = CARTESIAN_POINT('',(111.55,-133.65,0.));
#19879 = DIRECTION('',(-0.,0.,-1.));
#19880 = DIRECTION('',(4.736951571734E-14,-1.,-0.));
#19881 = ORIENTED_EDGE('',*,*,#19882,.T.);
#19882 = EDGE_CURVE('',#19874,#19883,#19885,.T.);
#19883 = VERTEX_POINT('',#19884);
#19884 = CARTESIAN_POINT('',(110.45,-133.95,0.));
#19885 = LINE('',#19886,#19887);
#19886 = CARTESIAN_POINT('',(55.225,-133.95,0.));
#19887 = VECTOR('',#19888,1.);
#19888 = DIRECTION('',(-1.,0.,0.));
#19889 = ORIENTED_EDGE('',*,*,#19890,.T.);
#19890 = EDGE_CURVE('',#19883,#19891,#19893,.T.);
#19891 = VERTEX_POINT('',#19892);
#19892 = CARTESIAN_POINT('',(110.45,-133.35,0.));
#19893 = CIRCLE('',#19894,0.3);
#19894 = AXIS2_PLACEMENT_3D('',#19895,#19896,#19897);
#19895 = CARTESIAN_POINT('',(110.45,-133.65,0.));
#19896 = DIRECTION('',(-0.,0.,-1.));
#19897 = DIRECTION('',(-4.736951571734E-14,1.,0.));
#19898 = ORIENTED_EDGE('',*,*,#19899,.T.);
#19899 = EDGE_CURVE('',#19891,#19872,#19900,.T.);
#19900 = LINE('',#19901,#19902);
#19901 = CARTESIAN_POINT('',(55.775,-133.35,0.));
#19902 = VECTOR('',#19903,1.);
#19903 = DIRECTION('',(1.,0.,-0.));
#19904 = FACE_BOUND('',#19905,.F.);
#19905 = EDGE_LOOP('',(#19906));
#19906 = ORIENTED_EDGE('',*,*,#19907,.T.);
#19907 = EDGE_CURVE('',#19908,#19908,#19910,.T.);
#19908 = VERTEX_POINT('',#19909);
#19909 = CARTESIAN_POINT('',(121.8,-134.81,0.));
#19910 = CIRCLE('',#19911,0.89);
#19911 = AXIS2_PLACEMENT_3D('',#19912,#19913,#19914);
#19912 = CARTESIAN_POINT('',(121.8,-133.92,0.));
#19913 = DIRECTION('',(-0.,0.,-1.));
#19914 = DIRECTION('',(-0.,-1.,0.));
#19915 = FACE_BOUND('',#19916,.F.);
#19916 = EDGE_LOOP('',(#19917));
#19917 = ORIENTED_EDGE('',*,*,#19918,.T.);
#19918 = EDGE_CURVE('',#19919,#19919,#19921,.T.);
#19919 = VERTEX_POINT('',#19920);
#19920 = CARTESIAN_POINT('',(125.2,-134.81,0.));
#19921 = CIRCLE('',#19922,0.89);
#19922 = AXIS2_PLACEMENT_3D('',#19923,#19924,#19925);
#19923 = CARTESIAN_POINT('',(125.2,-133.92,0.));
#19924 = DIRECTION('',(-0.,0.,-1.));
#19925 = DIRECTION('',(-0.,-1.,0.));
#19926 = FACE_BOUND('',#19927,.F.);
#19927 = EDGE_LOOP('',(#19928));
#19928 = ORIENTED_EDGE('',*,*,#19929,.T.);
#19929 = EDGE_CURVE('',#19930,#19930,#19932,.T.);
#19930 = VERTEX_POINT('',#19931);
#19931 = CARTESIAN_POINT('',(137.8,-134.81,0.));
#19932 = CIRCLE('',#19933,0.89);
#19933 = AXIS2_PLACEMENT_3D('',#19934,#19935,#19936);
#19934 = CARTESIAN_POINT('',(137.8,-133.92,0.));
#19935 = DIRECTION('',(-0.,0.,-1.));
#19936 = DIRECTION('',(-0.,-1.,0.));
#19937 = FACE_BOUND('',#19938,.F.);
#19938 = EDGE_LOOP('',(#19939));
#19939 = ORIENTED_EDGE('',*,*,#19940,.T.);
#19940 = EDGE_CURVE('',#19941,#19941,#19943,.T.);
#19941 = VERTEX_POINT('',#19942);
#19942 = CARTESIAN_POINT('',(141.2,-134.81,0.));
#19943 = CIRCLE('',#19944,0.89);
#19944 = AXIS2_PLACEMENT_3D('',#19945,#19946,#19947);
#19945 = CARTESIAN_POINT('',(141.2,-133.92,0.));
#19946 = DIRECTION('',(-0.,0.,-1.));
#19947 = DIRECTION('',(-0.,-1.,0.));
#19948 = FACE_BOUND('',#19949,.F.);
#19949 = EDGE_LOOP('',(#19950));
#19950 = ORIENTED_EDGE('',*,*,#19951,.T.);
#19951 = EDGE_CURVE('',#19952,#19952,#19954,.T.);
#19952 = VERTEX_POINT('',#19953);
#19953 = CARTESIAN_POINT('',(155.5,-151.25,0.));
#19954 = CIRCLE('',#19955,0.85);
#19955 = AXIS2_PLACEMENT_3D('',#19956,#19957,#19958);
#19956 = CARTESIAN_POINT('',(155.5,-150.4,0.));
#19957 = DIRECTION('',(-0.,0.,-1.));
#19958 = DIRECTION('',(-0.,-1.,0.));
#19959 = FACE_BOUND('',#19960,.F.);
#19960 = EDGE_LOOP('',(#19961));
#19961 = ORIENTED_EDGE('',*,*,#19962,.T.);
#19962 = EDGE_CURVE('',#19963,#19963,#19965,.T.);
#19963 = VERTEX_POINT('',#19964);
#19964 = CARTESIAN_POINT('',(159.46,-151.25,0.));
#19965 = CIRCLE('',#19966,0.85);
#19966 = AXIS2_PLACEMENT_3D('',#19967,#19968,#19969);
#19967 = CARTESIAN_POINT('',(159.46,-150.4,0.));
#19968 = DIRECTION('',(-0.,0.,-1.));
#19969 = DIRECTION('',(-0.,-1.,0.));
#19970 = FACE_BOUND('',#19971,.F.);
#19971 = EDGE_LOOP('',(#19972));
#19972 = ORIENTED_EDGE('',*,*,#19973,.T.);
#19973 = EDGE_CURVE('',#19974,#19974,#19976,.T.);
#19974 = VERTEX_POINT('',#19975);
#19975 = CARTESIAN_POINT('',(171.5,-151.25,0.));
#19976 = CIRCLE('',#19977,0.85);
#19977 = AXIS2_PLACEMENT_3D('',#19978,#19979,#19980);
#19978 = CARTESIAN_POINT('',(171.5,-150.4,0.));
#19979 = DIRECTION('',(-0.,0.,-1.));
#19980 = DIRECTION('',(-0.,-1.,0.));
#19981 = FACE_BOUND('',#19982,.F.);
#19982 = EDGE_LOOP('',(#19983));
#19983 = ORIENTED_EDGE('',*,*,#19984,.T.);
#19984 = EDGE_CURVE('',#19985,#19985,#19987,.T.);
#19985 = VERTEX_POINT('',#19986);
#19986 = CARTESIAN_POINT('',(175.46,-151.25,0.));
#19987 = CIRCLE('',#19988,0.85);
#19988 = AXIS2_PLACEMENT_3D('',#19989,#19990,#19991);
#19989 = CARTESIAN_POINT('',(175.46,-150.4,0.));
#19990 = DIRECTION('',(-0.,0.,-1.));
#19991 = DIRECTION('',(-0.,-1.,0.));
#19992 = FACE_BOUND('',#19993,.F.);
#19993 = EDGE_LOOP('',(#19994));
#19994 = ORIENTED_EDGE('',*,*,#19995,.T.);
#19995 = EDGE_CURVE('',#19996,#19996,#19998,.T.);
#19996 = VERTEX_POINT('',#19997);
#19997 = CARTESIAN_POINT('',(184.5,-154.1,0.));
#19998 = CIRCLE('',#19999,1.6);
#19999 = AXIS2_PLACEMENT_3D('',#20000,#20001,#20002);
#20000 = CARTESIAN_POINT('',(184.5,-152.5,0.));
#20001 = DIRECTION('',(-0.,0.,-1.));
#20002 = DIRECTION('',(-0.,-1.,0.));
#20003 = FACE_BOUND('',#20004,.F.);
#20004 = EDGE_LOOP('',(#20005));
#20005 = ORIENTED_EDGE('',*,*,#20006,.T.);
#20006 = EDGE_CURVE('',#20007,#20007,#20009,.T.);
#20007 = VERTEX_POINT('',#20008);
#20008 = CARTESIAN_POINT('',(153.8,-134.81,0.));
#20009 = CIRCLE('',#20010,0.89);
#20010 = AXIS2_PLACEMENT_3D('',#20011,#20012,#20013);
#20011 = CARTESIAN_POINT('',(153.8,-133.92,0.));
#20012 = DIRECTION('',(-0.,0.,-1.));
#20013 = DIRECTION('',(-0.,-1.,0.));
#20014 = FACE_BOUND('',#20015,.F.);
#20015 = EDGE_LOOP('',(#20016));
#20016 = ORIENTED_EDGE('',*,*,#20017,.T.);
#20017 = EDGE_CURVE('',#20018,#20018,#20020,.T.);
#20018 = VERTEX_POINT('',#20019);
#20019 = CARTESIAN_POINT('',(157.2,-134.81,0.));
#20020 = CIRCLE('',#20021,0.89);
#20021 = AXIS2_PLACEMENT_3D('',#20022,#20023,#20024);
#20022 = CARTESIAN_POINT('',(157.2,-133.92,0.));
#20023 = DIRECTION('',(-0.,0.,-1.));
#20024 = DIRECTION('',(-0.,-1.,0.));
#20025 = FACE_BOUND('',#20026,.F.);
#20026 = EDGE_LOOP('',(#20027));
#20027 = ORIENTED_EDGE('',*,*,#20028,.T.);
#20028 = EDGE_CURVE('',#20029,#20029,#20031,.T.);
#20029 = VERTEX_POINT('',#20030);
#20030 = CARTESIAN_POINT('',(184.5,-141.1,0.));
#20031 = CIRCLE('',#20032,1.6);
#20032 = AXIS2_PLACEMENT_3D('',#20033,#20034,#20035);
#20033 = CARTESIAN_POINT('',(184.5,-139.5,0.));
#20034 = DIRECTION('',(-0.,0.,-1.));
#20035 = DIRECTION('',(-0.,-1.,0.));
#20036 = FACE_BOUND('',#20037,.F.);
#20037 = EDGE_LOOP('',(#20038));
#20038 = ORIENTED_EDGE('',*,*,#20039,.T.);
#20039 = EDGE_CURVE('',#20040,#20040,#20042,.T.);
#20040 = VERTEX_POINT('',#20041);
#20041 = CARTESIAN_POINT('',(169.8,-134.81,0.));
#20042 = CIRCLE('',#20043,0.89);
#20043 = AXIS2_PLACEMENT_3D('',#20044,#20045,#20046);
#20044 = CARTESIAN_POINT('',(169.8,-133.92,0.));
#20045 = DIRECTION('',(-0.,0.,-1.));
#20046 = DIRECTION('',(-0.,-1.,0.));
#20047 = FACE_BOUND('',#20048,.F.);
#20048 = EDGE_LOOP('',(#20049));
#20049 = ORIENTED_EDGE('',*,*,#20050,.T.);
#20050 = EDGE_CURVE('',#20051,#20051,#20053,.T.);
#20051 = VERTEX_POINT('',#20052);
#20052 = CARTESIAN_POINT('',(173.2,-134.81,0.));
#20053 = CIRCLE('',#20054,0.89);
#20054 = AXIS2_PLACEMENT_3D('',#20055,#20056,#20057);
#20055 = CARTESIAN_POINT('',(173.2,-133.92,0.));
#20056 = DIRECTION('',(-0.,0.,-1.));
#20057 = DIRECTION('',(-0.,-1.,0.));
#20058 = FACE_BOUND('',#20059,.F.);
#20059 = EDGE_LOOP('',(#20060));
#20060 = ORIENTED_EDGE('',*,*,#20061,.T.);
#20061 = EDGE_CURVE('',#20062,#20062,#20064,.T.);
#20062 = VERTEX_POINT('',#20063);
#20063 = CARTESIAN_POINT('',(121.8,-124.89,0.));
#20064 = CIRCLE('',#20065,0.89);
#20065 = AXIS2_PLACEMENT_3D('',#20066,#20067,#20068);
#20066 = CARTESIAN_POINT('',(121.8,-124.,0.));
#20067 = DIRECTION('',(-0.,0.,-1.));
#20068 = DIRECTION('',(-0.,-1.,0.));
#20069 = FACE_BOUND('',#20070,.F.);
#20070 = EDGE_LOOP('',(#20071));
#20071 = ORIENTED_EDGE('',*,*,#20072,.T.);
#20072 = EDGE_CURVE('',#20073,#20073,#20075,.T.);
#20073 = VERTEX_POINT('',#20074);
#20074 = CARTESIAN_POINT('',(125.2,-124.89,0.));
#20075 = CIRCLE('',#20076,0.89);
#20076 = AXIS2_PLACEMENT_3D('',#20077,#20078,#20079);
#20077 = CARTESIAN_POINT('',(125.2,-124.,0.));
#20078 = DIRECTION('',(-0.,0.,-1.));
#20079 = DIRECTION('',(-0.,-1.,0.));
#20080 = FACE_BOUND('',#20081,.F.);
#20081 = EDGE_LOOP('',(#20082));
#20082 = ORIENTED_EDGE('',*,*,#20083,.T.);
#20083 = EDGE_CURVE('',#20084,#20084,#20086,.T.);
#20084 = VERTEX_POINT('',#20085);
#20085 = CARTESIAN_POINT('',(137.8,-124.89,0.));
#20086 = CIRCLE('',#20087,0.89);
#20087 = AXIS2_PLACEMENT_3D('',#20088,#20089,#20090);
#20088 = CARTESIAN_POINT('',(137.8,-124.,0.));
#20089 = DIRECTION('',(-0.,0.,-1.));
#20090 = DIRECTION('',(-0.,-1.,0.));
#20091 = FACE_BOUND('',#20092,.F.);
#20092 = EDGE_LOOP('',(#20093));
#20093 = ORIENTED_EDGE('',*,*,#20094,.T.);
#20094 = EDGE_CURVE('',#20095,#20095,#20097,.T.);
#20095 = VERTEX_POINT('',#20096);
#20096 = CARTESIAN_POINT('',(141.2,-124.89,0.));
#20097 = CIRCLE('',#20098,0.89);
#20098 = AXIS2_PLACEMENT_3D('',#20099,#20100,#20101);
#20099 = CARTESIAN_POINT('',(141.2,-124.,0.));
#20100 = DIRECTION('',(-0.,0.,-1.));
#20101 = DIRECTION('',(-0.,-1.,0.));
#20102 = FACE_BOUND('',#20103,.F.);
#20103 = EDGE_LOOP('',(#20104));
#20104 = ORIENTED_EDGE('',*,*,#20105,.T.);
#20105 = EDGE_CURVE('',#20106,#20106,#20108,.T.);
#20106 = VERTEX_POINT('',#20107);
#20107 = CARTESIAN_POINT('',(103.5,-105.1,0.));
#20108 = CIRCLE('',#20109,1.6);
#20109 = AXIS2_PLACEMENT_3D('',#20110,#20111,#20112);
#20110 = CARTESIAN_POINT('',(103.5,-103.5,0.));
#20111 = DIRECTION('',(-0.,0.,-1.));
#20112 = DIRECTION('',(-0.,-1.,0.));
#20113 = FACE_BOUND('',#20114,.F.);
#20114 = EDGE_LOOP('',(#20115));
#20115 = ORIENTED_EDGE('',*,*,#20116,.T.);
#20116 = EDGE_CURVE('',#20117,#20117,#20119,.T.);
#20117 = VERTEX_POINT('',#20118);
#20118 = CARTESIAN_POINT('',(153.8,-124.89,0.));
#20119 = CIRCLE('',#20120,0.89);
#20120 = AXIS2_PLACEMENT_3D('',#20121,#20122,#20123);
#20121 = CARTESIAN_POINT('',(153.8,-124.,0.));
#20122 = DIRECTION('',(-0.,0.,-1.));
#20123 = DIRECTION('',(-0.,-1.,0.));
#20124 = FACE_BOUND('',#20125,.F.);
#20125 = EDGE_LOOP('',(#20126));
#20126 = ORIENTED_EDGE('',*,*,#20127,.T.);
#20127 = EDGE_CURVE('',#20128,#20128,#20130,.T.);
#20128 = VERTEX_POINT('',#20129);
#20129 = CARTESIAN_POINT('',(157.2,-124.89,0.));
#20130 = CIRCLE('',#20131,0.89);
#20131 = AXIS2_PLACEMENT_3D('',#20132,#20133,#20134);
#20132 = CARTESIAN_POINT('',(157.2,-124.,0.));
#20133 = DIRECTION('',(-0.,0.,-1.));
#20134 = DIRECTION('',(-0.,-1.,0.));
#20135 = FACE_BOUND('',#20136,.F.);
#20136 = EDGE_LOOP('',(#20137));
#20137 = ORIENTED_EDGE('',*,*,#20138,.T.);
#20138 = EDGE_CURVE('',#20139,#20139,#20141,.T.);
#20139 = VERTEX_POINT('',#20140);
#20140 = CARTESIAN_POINT('',(169.8,-124.89,0.));
#20141 = CIRCLE('',#20142,0.89);
#20142 = AXIS2_PLACEMENT_3D('',#20143,#20144,#20145);
#20143 = CARTESIAN_POINT('',(169.8,-124.,0.));
#20144 = DIRECTION('',(-0.,0.,-1.));
#20145 = DIRECTION('',(-0.,-1.,0.));
#20146 = FACE_BOUND('',#20147,.F.);
#20147 = EDGE_LOOP('',(#20148));
#20148 = ORIENTED_EDGE('',*,*,#20149,.T.);
#20149 = EDGE_CURVE('',#20150,#20150,#20152,.T.);
#20150 = VERTEX_POINT('',#20151);
#20151 = CARTESIAN_POINT('',(173.2,-124.89,0.));
#20152 = CIRCLE('',#20153,0.89);
#20153 = AXIS2_PLACEMENT_3D('',#20154,#20155,#20156);
#20154 = CARTESIAN_POINT('',(173.2,-124.,0.));
#20155 = DIRECTION('',(-0.,0.,-1.));
#20156 = DIRECTION('',(-0.,-1.,0.));
#20157 = PLANE('',#20158);
#20158 = AXIS2_PLACEMENT_3D('',#20159,#20160,#20161);
#20159 = CARTESIAN_POINT('',(0.,0.,0.));
#20160 = DIRECTION('',(0.,0.,1.));
#20161 = DIRECTION('',(1.,0.,-0.));
#20162 = ADVANCED_FACE('',(#20163,#20209,#20245,#20256,#20267,#20278,
    #20289,#20300,#20311,#20347,#20358,#20369,#20380,#20391,#20402,
    #20413,#20424,#20435,#20446,#20457,#20468,#20479,#20490,#20501,
    #20512,#20523,#20534,#20545,#20556,#20567,#20578,#20589),#20600,.T.
  );
#20163 = FACE_BOUND('',#20164,.T.);
#20164 = EDGE_LOOP('',(#20165,#20166,#20167,#20176,#20184,#20193,#20201,
    #20208));
#20165 = ORIENTED_EDGE('',*,*,#19629,.F.);
#20166 = ORIENTED_EDGE('',*,*,#19671,.F.);
#20167 = ORIENTED_EDGE('',*,*,#20168,.F.);
#20168 = EDGE_CURVE('',#20169,#19664,#20171,.T.);
#20169 = VERTEX_POINT('',#20170);
#20170 = CARTESIAN_POINT('',(100.,-102.,1.51));
#20171 = CIRCLE('',#20172,1.99999850585);
#20172 = AXIS2_PLACEMENT_3D('',#20173,#20174,#20175);
#20173 = CARTESIAN_POINT('',(101.99999850585,-101.9999985058,1.51));
#20174 = DIRECTION('',(0.,0.,-1.));
#20175 = DIRECTION('',(-1.,-7.470757491648E-07,-0.));
#20176 = ORIENTED_EDGE('',*,*,#20177,.F.);
#20177 = EDGE_CURVE('',#20178,#20169,#20180,.T.);
#20178 = VERTEX_POINT('',#20179);
#20179 = CARTESIAN_POINT('',(100.,-154.,1.51));
#20180 = LINE('',#20181,#20182);
#20181 = CARTESIAN_POINT('',(100.,-154.,1.51));
#20182 = VECTOR('',#20183,1.);
#20183 = DIRECTION('',(0.,1.,0.));
#20184 = ORIENTED_EDGE('',*,*,#20185,.F.);
#20185 = EDGE_CURVE('',#20186,#20178,#20188,.T.);
#20186 = VERTEX_POINT('',#20187);
#20187 = CARTESIAN_POINT('',(102.,-156.,1.51));
#20188 = CIRCLE('',#20189,2.000000212955);
#20189 = AXIS2_PLACEMENT_3D('',#20190,#20191,#20192);
#20190 = CARTESIAN_POINT('',(102.00000021295,-153.999999787,1.51));
#20191 = DIRECTION('',(0.,0.,-1.));
#20192 = DIRECTION('',(-1.064773897809E-07,-1.,-0.));
#20193 = ORIENTED_EDGE('',*,*,#20194,.F.);
#20194 = EDGE_CURVE('',#20195,#20186,#20197,.T.);
#20195 = VERTEX_POINT('',#20196);
#20196 = CARTESIAN_POINT('',(186.,-156.,1.51));
#20197 = LINE('',#20198,#20199);
#20198 = CARTESIAN_POINT('',(186.,-156.,1.51));
#20199 = VECTOR('',#20200,1.);
#20200 = DIRECTION('',(-1.,0.,0.));
#20201 = ORIENTED_EDGE('',*,*,#20202,.F.);
#20202 = EDGE_CURVE('',#19694,#20195,#20203,.T.);
#20203 = CIRCLE('',#20204,2.000001920065);
#20204 = AXIS2_PLACEMENT_3D('',#20205,#20206,#20207);
#20205 = CARTESIAN_POINT('',(185.99999807993,-153.9999980799,1.51));
#20206 = DIRECTION('',(0.,0.,-1.));
#20207 = DIRECTION('',(1.,-9.600311321928E-07,0.));
#20208 = ORIENTED_EDGE('',*,*,#19693,.F.);
#20209 = FACE_BOUND('',#20210,.T.);
#20210 = EDGE_LOOP('',(#20211,#20222,#20230,#20239));
#20211 = ORIENTED_EDGE('',*,*,#20212,.T.);
#20212 = EDGE_CURVE('',#20213,#20215,#20217,.T.);
#20213 = VERTEX_POINT('',#20214);
#20214 = CARTESIAN_POINT('',(111.55,-146.85,1.51));
#20215 = VERTEX_POINT('',#20216);
#20216 = CARTESIAN_POINT('',(111.55,-147.45,1.51));
#20217 = CIRCLE('',#20218,0.3);
#20218 = AXIS2_PLACEMENT_3D('',#20219,#20220,#20221);
#20219 = CARTESIAN_POINT('',(111.55,-147.15,1.51));
#20220 = DIRECTION('',(-0.,0.,-1.));
#20221 = DIRECTION('',(4.736951571734E-14,-1.,-0.));
#20222 = ORIENTED_EDGE('',*,*,#20223,.T.);
#20223 = EDGE_CURVE('',#20215,#20224,#20226,.T.);
#20224 = VERTEX_POINT('',#20225);
#20225 = CARTESIAN_POINT('',(110.45,-147.45,1.51));
#20226 = LINE('',#20227,#20228);
#20227 = CARTESIAN_POINT('',(55.225,-147.45,1.51));
#20228 = VECTOR('',#20229,1.);
#20229 = DIRECTION('',(-1.,0.,0.));
#20230 = ORIENTED_EDGE('',*,*,#20231,.T.);
#20231 = EDGE_CURVE('',#20224,#20232,#20234,.T.);
#20232 = VERTEX_POINT('',#20233);
#20233 = CARTESIAN_POINT('',(110.45,-146.85,1.51));
#20234 = CIRCLE('',#20235,0.3);
#20235 = AXIS2_PLACEMENT_3D('',#20236,#20237,#20238);
#20236 = CARTESIAN_POINT('',(110.45,-147.15,1.51));
#20237 = DIRECTION('',(-0.,0.,-1.));
#20238 = DIRECTION('',(-4.736951571734E-14,1.,0.));
#20239 = ORIENTED_EDGE('',*,*,#20240,.T.);
#20240 = EDGE_CURVE('',#20232,#20213,#20241,.T.);
#20241 = LINE('',#20242,#20243);
#20242 = CARTESIAN_POINT('',(55.775,-146.85,1.51));
#20243 = VECTOR('',#20244,1.);
#20244 = DIRECTION('',(1.,0.,-0.));
#20245 = FACE_BOUND('',#20246,.T.);
#20246 = EDGE_LOOP('',(#20247));
#20247 = ORIENTED_EDGE('',*,*,#20248,.T.);
#20248 = EDGE_CURVE('',#20249,#20249,#20251,.T.);
#20249 = VERTEX_POINT('',#20250);
#20250 = CARTESIAN_POINT('',(117.,-145.35,1.51));
#20251 = CIRCLE('',#20252,1.35);
#20252 = AXIS2_PLACEMENT_3D('',#20253,#20254,#20255);
#20253 = CARTESIAN_POINT('',(117.,-144.,1.51));
#20254 = DIRECTION('',(-0.,0.,-1.));
#20255 = DIRECTION('',(-0.,-1.,0.));
#20256 = FACE_BOUND('',#20257,.T.);
#20257 = EDGE_LOOP('',(#20258));
#20258 = ORIENTED_EDGE('',*,*,#20259,.T.);
#20259 = EDGE_CURVE('',#20260,#20260,#20262,.T.);
#20260 = VERTEX_POINT('',#20261);
#20261 = CARTESIAN_POINT('',(123.5,-151.25,1.51));
#20262 = CIRCLE('',#20263,0.85);
#20263 = AXIS2_PLACEMENT_3D('',#20264,#20265,#20266);
#20264 = CARTESIAN_POINT('',(123.5,-150.4,1.51));
#20265 = DIRECTION('',(-0.,0.,-1.));
#20266 = DIRECTION('',(-0.,-1.,0.));
#20267 = FACE_BOUND('',#20268,.T.);
#20268 = EDGE_LOOP('',(#20269));
#20269 = ORIENTED_EDGE('',*,*,#20270,.T.);
#20270 = EDGE_CURVE('',#20271,#20271,#20273,.T.);
#20271 = VERTEX_POINT('',#20272);
#20272 = CARTESIAN_POINT('',(127.46,-151.25,1.51));
#20273 = CIRCLE('',#20274,0.85);
#20274 = AXIS2_PLACEMENT_3D('',#20275,#20276,#20277);
#20275 = CARTESIAN_POINT('',(127.46,-150.4,1.51));
#20276 = DIRECTION('',(-0.,0.,-1.));
#20277 = DIRECTION('',(-1.671865260612E-14,-1.,0.));
#20278 = FACE_BOUND('',#20279,.T.);
#20279 = EDGE_LOOP('',(#20280));
#20280 = ORIENTED_EDGE('',*,*,#20281,.T.);
#20281 = EDGE_CURVE('',#20282,#20282,#20284,.T.);
#20282 = VERTEX_POINT('',#20283);
#20283 = CARTESIAN_POINT('',(139.5,-151.25,1.51));
#20284 = CIRCLE('',#20285,0.85);
#20285 = AXIS2_PLACEMENT_3D('',#20286,#20287,#20288);
#20286 = CARTESIAN_POINT('',(139.5,-150.4,1.51));
#20287 = DIRECTION('',(-0.,0.,-1.));
#20288 = DIRECTION('',(-0.,-1.,0.));
#20289 = FACE_BOUND('',#20290,.T.);
#20290 = EDGE_LOOP('',(#20291));
#20291 = ORIENTED_EDGE('',*,*,#20292,.T.);
#20292 = EDGE_CURVE('',#20293,#20293,#20295,.T.);
#20293 = VERTEX_POINT('',#20294);
#20294 = CARTESIAN_POINT('',(143.46,-151.25,1.51));
#20295 = CIRCLE('',#20296,0.85);
#20296 = AXIS2_PLACEMENT_3D('',#20297,#20298,#20299);
#20297 = CARTESIAN_POINT('',(143.46,-150.4,1.51));
#20298 = DIRECTION('',(-0.,0.,-1.));
#20299 = DIRECTION('',(-0.,-1.,0.));
#20300 = FACE_BOUND('',#20301,.T.);
#20301 = EDGE_LOOP('',(#20302));
#20302 = ORIENTED_EDGE('',*,*,#20303,.T.);
#20303 = EDGE_CURVE('',#20304,#20304,#20306,.T.);
#20304 = VERTEX_POINT('',#20305);
#20305 = CARTESIAN_POINT('',(117.,-138.15,1.51));
#20306 = CIRCLE('',#20307,1.35);
#20307 = AXIS2_PLACEMENT_3D('',#20308,#20309,#20310);
#20308 = CARTESIAN_POINT('',(117.,-136.8,1.51));
#20309 = DIRECTION('',(-0.,0.,-1.));
#20310 = DIRECTION('',(-0.,-1.,0.));
#20311 = FACE_BOUND('',#20312,.T.);
#20312 = EDGE_LOOP('',(#20313,#20324,#20332,#20341));
#20313 = ORIENTED_EDGE('',*,*,#20314,.T.);
#20314 = EDGE_CURVE('',#20315,#20317,#20319,.T.);
#20315 = VERTEX_POINT('',#20316);
#20316 = CARTESIAN_POINT('',(111.55,-133.35,1.51));
#20317 = VERTEX_POINT('',#20318);
#20318 = CARTESIAN_POINT('',(111.55,-133.95,1.51));
#20319 = CIRCLE('',#20320,0.3);
#20320 = AXIS2_PLACEMENT_3D('',#20321,#20322,#20323);
#20321 = CARTESIAN_POINT('',(111.55,-133.65,1.51));
#20322 = DIRECTION('',(-0.,0.,-1.));
#20323 = DIRECTION('',(4.736951571734E-14,-1.,-0.));
#20324 = ORIENTED_EDGE('',*,*,#20325,.T.);
#20325 = EDGE_CURVE('',#20317,#20326,#20328,.T.);
#20326 = VERTEX_POINT('',#20327);
#20327 = CARTESIAN_POINT('',(110.45,-133.95,1.51));
#20328 = LINE('',#20329,#20330);
#20329 = CARTESIAN_POINT('',(55.225,-133.95,1.51));
#20330 = VECTOR('',#20331,1.);
#20331 = DIRECTION('',(-1.,0.,0.));
#20332 = ORIENTED_EDGE('',*,*,#20333,.T.);
#20333 = EDGE_CURVE('',#20326,#20334,#20336,.T.);
#20334 = VERTEX_POINT('',#20335);
#20335 = CARTESIAN_POINT('',(110.45,-133.35,1.51));
#20336 = CIRCLE('',#20337,0.3);
#20337 = AXIS2_PLACEMENT_3D('',#20338,#20339,#20340);
#20338 = CARTESIAN_POINT('',(110.45,-133.65,1.51));
#20339 = DIRECTION('',(-0.,0.,-1.));
#20340 = DIRECTION('',(-4.736951571734E-14,1.,0.));
#20341 = ORIENTED_EDGE('',*,*,#20342,.T.);
#20342 = EDGE_CURVE('',#20334,#20315,#20343,.T.);
#20343 = LINE('',#20344,#20345);
#20344 = CARTESIAN_POINT('',(55.775,-133.35,1.51));
#20345 = VECTOR('',#20346,1.);
#20346 = DIRECTION('',(1.,0.,-0.));
#20347 = FACE_BOUND('',#20348,.T.);
#20348 = EDGE_LOOP('',(#20349));
#20349 = ORIENTED_EDGE('',*,*,#20350,.T.);
#20350 = EDGE_CURVE('',#20351,#20351,#20353,.T.);
#20351 = VERTEX_POINT('',#20352);
#20352 = CARTESIAN_POINT('',(121.8,-134.81,1.51));
#20353 = CIRCLE('',#20354,0.89);
#20354 = AXIS2_PLACEMENT_3D('',#20355,#20356,#20357);
#20355 = CARTESIAN_POINT('',(121.8,-133.92,1.51));
#20356 = DIRECTION('',(-0.,0.,-1.));
#20357 = DIRECTION('',(-0.,-1.,0.));
#20358 = FACE_BOUND('',#20359,.T.);
#20359 = EDGE_LOOP('',(#20360));
#20360 = ORIENTED_EDGE('',*,*,#20361,.T.);
#20361 = EDGE_CURVE('',#20362,#20362,#20364,.T.);
#20362 = VERTEX_POINT('',#20363);
#20363 = CARTESIAN_POINT('',(125.2,-134.81,1.51));
#20364 = CIRCLE('',#20365,0.89);
#20365 = AXIS2_PLACEMENT_3D('',#20366,#20367,#20368);
#20366 = CARTESIAN_POINT('',(125.2,-133.92,1.51));
#20367 = DIRECTION('',(-0.,0.,-1.));
#20368 = DIRECTION('',(-0.,-1.,0.));
#20369 = FACE_BOUND('',#20370,.T.);
#20370 = EDGE_LOOP('',(#20371));
#20371 = ORIENTED_EDGE('',*,*,#20372,.T.);
#20372 = EDGE_CURVE('',#20373,#20373,#20375,.T.);
#20373 = VERTEX_POINT('',#20374);
#20374 = CARTESIAN_POINT('',(137.8,-134.81,1.51));
#20375 = CIRCLE('',#20376,0.89);
#20376 = AXIS2_PLACEMENT_3D('',#20377,#20378,#20379);
#20377 = CARTESIAN_POINT('',(137.8,-133.92,1.51));
#20378 = DIRECTION('',(-0.,0.,-1.));
#20379 = DIRECTION('',(-0.,-1.,0.));
#20380 = FACE_BOUND('',#20381,.T.);
#20381 = EDGE_LOOP('',(#20382));
#20382 = ORIENTED_EDGE('',*,*,#20383,.T.);
#20383 = EDGE_CURVE('',#20384,#20384,#20386,.T.);
#20384 = VERTEX_POINT('',#20385);
#20385 = CARTESIAN_POINT('',(141.2,-134.81,1.51));
#20386 = CIRCLE('',#20387,0.89);
#20387 = AXIS2_PLACEMENT_3D('',#20388,#20389,#20390);
#20388 = CARTESIAN_POINT('',(141.2,-133.92,1.51));
#20389 = DIRECTION('',(-0.,0.,-1.));
#20390 = DIRECTION('',(-0.,-1.,0.));
#20391 = FACE_BOUND('',#20392,.T.);
#20392 = EDGE_LOOP('',(#20393));
#20393 = ORIENTED_EDGE('',*,*,#20394,.T.);
#20394 = EDGE_CURVE('',#20395,#20395,#20397,.T.);
#20395 = VERTEX_POINT('',#20396);
#20396 = CARTESIAN_POINT('',(155.5,-151.25,1.51));
#20397 = CIRCLE('',#20398,0.85);
#20398 = AXIS2_PLACEMENT_3D('',#20399,#20400,#20401);
#20399 = CARTESIAN_POINT('',(155.5,-150.4,1.51));
#20400 = DIRECTION('',(-0.,0.,-1.));
#20401 = DIRECTION('',(-0.,-1.,0.));
#20402 = FACE_BOUND('',#20403,.T.);
#20403 = EDGE_LOOP('',(#20404));
#20404 = ORIENTED_EDGE('',*,*,#20405,.T.);
#20405 = EDGE_CURVE('',#20406,#20406,#20408,.T.);
#20406 = VERTEX_POINT('',#20407);
#20407 = CARTESIAN_POINT('',(159.46,-151.25,1.51));
#20408 = CIRCLE('',#20409,0.85);
#20409 = AXIS2_PLACEMENT_3D('',#20410,#20411,#20412);
#20410 = CARTESIAN_POINT('',(159.46,-150.4,1.51));
#20411 = DIRECTION('',(-0.,0.,-1.));
#20412 = DIRECTION('',(-0.,-1.,0.));
#20413 = FACE_BOUND('',#20414,.T.);
#20414 = EDGE_LOOP('',(#20415));
#20415 = ORIENTED_EDGE('',*,*,#20416,.T.);
#20416 = EDGE_CURVE('',#20417,#20417,#20419,.T.);
#20417 = VERTEX_POINT('',#20418);
#20418 = CARTESIAN_POINT('',(171.5,-151.25,1.51));
#20419 = CIRCLE('',#20420,0.85);
#20420 = AXIS2_PLACEMENT_3D('',#20421,#20422,#20423);
#20421 = CARTESIAN_POINT('',(171.5,-150.4,1.51));
#20422 = DIRECTION('',(-0.,0.,-1.));
#20423 = DIRECTION('',(-0.,-1.,0.));
#20424 = FACE_BOUND('',#20425,.T.);
#20425 = EDGE_LOOP('',(#20426));
#20426 = ORIENTED_EDGE('',*,*,#20427,.T.);
#20427 = EDGE_CURVE('',#20428,#20428,#20430,.T.);
#20428 = VERTEX_POINT('',#20429);
#20429 = CARTESIAN_POINT('',(175.46,-151.25,1.51));
#20430 = CIRCLE('',#20431,0.85);
#20431 = AXIS2_PLACEMENT_3D('',#20432,#20433,#20434);
#20432 = CARTESIAN_POINT('',(175.46,-150.4,1.51));
#20433 = DIRECTION('',(-0.,0.,-1.));
#20434 = DIRECTION('',(-0.,-1.,0.));
#20435 = FACE_BOUND('',#20436,.T.);
#20436 = EDGE_LOOP('',(#20437));
#20437 = ORIENTED_EDGE('',*,*,#20438,.T.);
#20438 = EDGE_CURVE('',#20439,#20439,#20441,.T.);
#20439 = VERTEX_POINT('',#20440);
#20440 = CARTESIAN_POINT('',(184.5,-154.1,1.51));
#20441 = CIRCLE('',#20442,1.6);
#20442 = AXIS2_PLACEMENT_3D('',#20443,#20444,#20445);
#20443 = CARTESIAN_POINT('',(184.5,-152.5,1.51));
#20444 = DIRECTION('',(-0.,0.,-1.));
#20445 = DIRECTION('',(-0.,-1.,0.));
#20446 = FACE_BOUND('',#20447,.T.);
#20447 = EDGE_LOOP('',(#20448));
#20448 = ORIENTED_EDGE('',*,*,#20449,.T.);
#20449 = EDGE_CURVE('',#20450,#20450,#20452,.T.);
#20450 = VERTEX_POINT('',#20451);
#20451 = CARTESIAN_POINT('',(153.8,-134.81,1.51));
#20452 = CIRCLE('',#20453,0.89);
#20453 = AXIS2_PLACEMENT_3D('',#20454,#20455,#20456);
#20454 = CARTESIAN_POINT('',(153.8,-133.92,1.51));
#20455 = DIRECTION('',(-0.,0.,-1.));
#20456 = DIRECTION('',(-0.,-1.,0.));
#20457 = FACE_BOUND('',#20458,.T.);
#20458 = EDGE_LOOP('',(#20459));
#20459 = ORIENTED_EDGE('',*,*,#20460,.T.);
#20460 = EDGE_CURVE('',#20461,#20461,#20463,.T.);
#20461 = VERTEX_POINT('',#20462);
#20462 = CARTESIAN_POINT('',(157.2,-134.81,1.51));
#20463 = CIRCLE('',#20464,0.89);
#20464 = AXIS2_PLACEMENT_3D('',#20465,#20466,#20467);
#20465 = CARTESIAN_POINT('',(157.2,-133.92,1.51));
#20466 = DIRECTION('',(-0.,0.,-1.));
#20467 = DIRECTION('',(-0.,-1.,0.));
#20468 = FACE_BOUND('',#20469,.T.);
#20469 = EDGE_LOOP('',(#20470));
#20470 = ORIENTED_EDGE('',*,*,#20471,.T.);
#20471 = EDGE_CURVE('',#20472,#20472,#20474,.T.);
#20472 = VERTEX_POINT('',#20473);
#20473 = CARTESIAN_POINT('',(184.5,-141.1,1.51));
#20474 = CIRCLE('',#20475,1.6);
#20475 = AXIS2_PLACEMENT_3D('',#20476,#20477,#20478);
#20476 = CARTESIAN_POINT('',(184.5,-139.5,1.51));
#20477 = DIRECTION('',(-0.,0.,-1.));
#20478 = DIRECTION('',(-0.,-1.,0.));
#20479 = FACE_BOUND('',#20480,.T.);
#20480 = EDGE_LOOP('',(#20481));
#20481 = ORIENTED_EDGE('',*,*,#20482,.T.);
#20482 = EDGE_CURVE('',#20483,#20483,#20485,.T.);
#20483 = VERTEX_POINT('',#20484);
#20484 = CARTESIAN_POINT('',(169.8,-134.81,1.51));
#20485 = CIRCLE('',#20486,0.89);
#20486 = AXIS2_PLACEMENT_3D('',#20487,#20488,#20489);
#20487 = CARTESIAN_POINT('',(169.8,-133.92,1.51));
#20488 = DIRECTION('',(-0.,0.,-1.));
#20489 = DIRECTION('',(-0.,-1.,0.));
#20490 = FACE_BOUND('',#20491,.T.);
#20491 = EDGE_LOOP('',(#20492));
#20492 = ORIENTED_EDGE('',*,*,#20493,.T.);
#20493 = EDGE_CURVE('',#20494,#20494,#20496,.T.);
#20494 = VERTEX_POINT('',#20495);
#20495 = CARTESIAN_POINT('',(173.2,-134.81,1.51));
#20496 = CIRCLE('',#20497,0.89);
#20497 = AXIS2_PLACEMENT_3D('',#20498,#20499,#20500);
#20498 = CARTESIAN_POINT('',(173.2,-133.92,1.51));
#20499 = DIRECTION('',(-0.,0.,-1.));
#20500 = DIRECTION('',(-0.,-1.,0.));
#20501 = FACE_BOUND('',#20502,.T.);
#20502 = EDGE_LOOP('',(#20503));
#20503 = ORIENTED_EDGE('',*,*,#20504,.T.);
#20504 = EDGE_CURVE('',#20505,#20505,#20507,.T.);
#20505 = VERTEX_POINT('',#20506);
#20506 = CARTESIAN_POINT('',(121.8,-124.89,1.51));
#20507 = CIRCLE('',#20508,0.89);
#20508 = AXIS2_PLACEMENT_3D('',#20509,#20510,#20511);
#20509 = CARTESIAN_POINT('',(121.8,-124.,1.51));
#20510 = DIRECTION('',(-0.,0.,-1.));
#20511 = DIRECTION('',(-0.,-1.,0.));
#20512 = FACE_BOUND('',#20513,.T.);
#20513 = EDGE_LOOP('',(#20514));
#20514 = ORIENTED_EDGE('',*,*,#20515,.T.);
#20515 = EDGE_CURVE('',#20516,#20516,#20518,.T.);
#20516 = VERTEX_POINT('',#20517);
#20517 = CARTESIAN_POINT('',(125.2,-124.89,1.51));
#20518 = CIRCLE('',#20519,0.89);
#20519 = AXIS2_PLACEMENT_3D('',#20520,#20521,#20522);
#20520 = CARTESIAN_POINT('',(125.2,-124.,1.51));
#20521 = DIRECTION('',(-0.,0.,-1.));
#20522 = DIRECTION('',(-0.,-1.,0.));
#20523 = FACE_BOUND('',#20524,.T.);
#20524 = EDGE_LOOP('',(#20525));
#20525 = ORIENTED_EDGE('',*,*,#20526,.T.);
#20526 = EDGE_CURVE('',#20527,#20527,#20529,.T.);
#20527 = VERTEX_POINT('',#20528);
#20528 = CARTESIAN_POINT('',(137.8,-124.89,1.51));
#20529 = CIRCLE('',#20530,0.89);
#20530 = AXIS2_PLACEMENT_3D('',#20531,#20532,#20533);
#20531 = CARTESIAN_POINT('',(137.8,-124.,1.51));
#20532 = DIRECTION('',(-0.,0.,-1.));
#20533 = DIRECTION('',(-0.,-1.,0.));
#20534 = FACE_BOUND('',#20535,.T.);
#20535 = EDGE_LOOP('',(#20536));
#20536 = ORIENTED_EDGE('',*,*,#20537,.T.);
#20537 = EDGE_CURVE('',#20538,#20538,#20540,.T.);
#20538 = VERTEX_POINT('',#20539);
#20539 = CARTESIAN_POINT('',(141.2,-124.89,1.51));
#20540 = CIRCLE('',#20541,0.89);
#20541 = AXIS2_PLACEMENT_3D('',#20542,#20543,#20544);
#20542 = CARTESIAN_POINT('',(141.2,-124.,1.51));
#20543 = DIRECTION('',(-0.,0.,-1.));
#20544 = DIRECTION('',(-0.,-1.,0.));
#20545 = FACE_BOUND('',#20546,.T.);
#20546 = EDGE_LOOP('',(#20547));
#20547 = ORIENTED_EDGE('',*,*,#20548,.T.);
#20548 = EDGE_CURVE('',#20549,#20549,#20551,.T.);
#20549 = VERTEX_POINT('',#20550);
#20550 = CARTESIAN_POINT('',(103.5,-105.1,1.51));
#20551 = CIRCLE('',#20552,1.6);
#20552 = AXIS2_PLACEMENT_3D('',#20553,#20554,#20555);
#20553 = CARTESIAN_POINT('',(103.5,-103.5,1.51));
#20554 = DIRECTION('',(-0.,0.,-1.));
#20555 = DIRECTION('',(-0.,-1.,0.));
#20556 = FACE_BOUND('',#20557,.T.);
#20557 = EDGE_LOOP('',(#20558));
#20558 = ORIENTED_EDGE('',*,*,#20559,.T.);
#20559 = EDGE_CURVE('',#20560,#20560,#20562,.T.);
#20560 = VERTEX_POINT('',#20561);
#20561 = CARTESIAN_POINT('',(153.8,-124.89,1.51));
#20562 = CIRCLE('',#20563,0.89);
#20563 = AXIS2_PLACEMENT_3D('',#20564,#20565,#20566);
#20564 = CARTESIAN_POINT('',(153.8,-124.,1.51));
#20565 = DIRECTION('',(-0.,0.,-1.));
#20566 = DIRECTION('',(-0.,-1.,0.));
#20567 = FACE_BOUND('',#20568,.T.);
#20568 = EDGE_LOOP('',(#20569));
#20569 = ORIENTED_EDGE('',*,*,#20570,.T.);
#20570 = EDGE_CURVE('',#20571,#20571,#20573,.T.);
#20571 = VERTEX_POINT('',#20572);
#20572 = CARTESIAN_POINT('',(157.2,-124.89,1.51));
#20573 = CIRCLE('',#20574,0.89);
#20574 = AXIS2_PLACEMENT_3D('',#20575,#20576,#20577);
#20575 = CARTESIAN_POINT('',(157.2,-124.,1.51));
#20576 = DIRECTION('',(-0.,0.,-1.));
#20577 = DIRECTION('',(-0.,-1.,0.));
#20578 = FACE_BOUND('',#20579,.T.);
#20579 = EDGE_LOOP('',(#20580));
#20580 = ORIENTED_EDGE('',*,*,#20581,.T.);
#20581 = EDGE_CURVE('',#20582,#20582,#20584,.T.);
#20582 = VERTEX_POINT('',#20583);
#20583 = CARTESIAN_POINT('',(169.8,-124.89,1.51));
#20584 = CIRCLE('',#20585,0.89);
#20585 = AXIS2_PLACEMENT_3D('',#20586,#20587,#20588);
#20586 = CARTESIAN_POINT('',(169.8,-124.,1.51));
#20587 = DIRECTION('',(-0.,0.,-1.));
#20588 = DIRECTION('',(-0.,-1.,0.));
#20589 = FACE_BOUND('',#20590,.T.);
#20590 = EDGE_LOOP('',(#20591));
#20591 = ORIENTED_EDGE('',*,*,#20592,.T.);
#20592 = EDGE_CURVE('',#20593,#20593,#20595,.T.);
#20593 = VERTEX_POINT('',#20594);
#20594 = CARTESIAN_POINT('',(173.2,-124.89,1.51));
#20595 = CIRCLE('',#20596,0.89);
#20596 = AXIS2_PLACEMENT_3D('',#20597,#20598,#20599);
#20597 = CARTESIAN_POINT('',(173.2,-124.,1.51));
#20598 = DIRECTION('',(-0.,0.,-1.));
#20599 = DIRECTION('',(-0.,-1.,0.));
#20600 = PLANE('',#20601);
#20601 = AXIS2_PLACEMENT_3D('',#20602,#20603,#20604);
#20602 = CARTESIAN_POINT('',(0.,0.,1.51));
#20603 = DIRECTION('',(0.,0.,1.));
#20604 = DIRECTION('',(1.,0.,-0.));
#20605 = ADVANCED_FACE('',(#20606),#20617,.T.);
#20606 = FACE_BOUND('',#20607,.T.);
#20607 = EDGE_LOOP('',(#20608,#20614,#20615,#20616));
#20608 = ORIENTED_EDGE('',*,*,#20609,.T.);
#20609 = EDGE_CURVE('',#19726,#20169,#20610,.T.);
#20610 = LINE('',#20611,#20612);
#20611 = CARTESIAN_POINT('',(100.,-102.,0.));
#20612 = VECTOR('',#20613,1.);
#20613 = DIRECTION('',(0.,0.,1.));
#20614 = ORIENTED_EDGE('',*,*,#20168,.T.);
#20615 = ORIENTED_EDGE('',*,*,#19661,.F.);
#20616 = ORIENTED_EDGE('',*,*,#19725,.F.);
#20617 = CYLINDRICAL_SURFACE('',#20618,1.99999850585);
#20618 = AXIS2_PLACEMENT_3D('',#20619,#20620,#20621);
#20619 = CARTESIAN_POINT('',(101.99999850585,-101.9999985058,0.));
#20620 = DIRECTION('',(0.,0.,-1.));
#20621 = DIRECTION('',(-1.,-7.470757491648E-07,-0.));
#20622 = ADVANCED_FACE('',(#20623),#20634,.T.);
#20623 = FACE_BOUND('',#20624,.T.);
#20624 = EDGE_LOOP('',(#20625,#20626,#20627,#20633));
#20625 = ORIENTED_EDGE('',*,*,#19701,.T.);
#20626 = ORIENTED_EDGE('',*,*,#20202,.T.);
#20627 = ORIENTED_EDGE('',*,*,#20628,.F.);
#20628 = EDGE_CURVE('',#19752,#20195,#20629,.T.);
#20629 = LINE('',#20630,#20631);
#20630 = CARTESIAN_POINT('',(186.,-156.,0.));
#20631 = VECTOR('',#20632,1.);
#20632 = DIRECTION('',(0.,0.,1.));
#20633 = ORIENTED_EDGE('',*,*,#19759,.F.);
#20634 = CYLINDRICAL_SURFACE('',#20635,2.000001920065);
#20635 = AXIS2_PLACEMENT_3D('',#20636,#20637,#20638);
#20636 = CARTESIAN_POINT('',(185.99999807993,-153.9999980799,0.));
#20637 = DIRECTION('',(0.,0.,-1.));
#20638 = DIRECTION('',(1.,-9.600311321928E-07,0.));
#20639 = ADVANCED_FACE('',(#20640),#20651,.T.);
#20640 = FACE_BOUND('',#20641,.T.);
#20641 = EDGE_LOOP('',(#20642,#20648,#20649,#20650));
#20642 = ORIENTED_EDGE('',*,*,#20643,.T.);
#20643 = EDGE_CURVE('',#19735,#20178,#20644,.T.);
#20644 = LINE('',#20645,#20646);
#20645 = CARTESIAN_POINT('',(100.,-154.,0.));
#20646 = VECTOR('',#20647,1.);
#20647 = DIRECTION('',(0.,0.,1.));
#20648 = ORIENTED_EDGE('',*,*,#20177,.T.);
#20649 = ORIENTED_EDGE('',*,*,#20609,.F.);
#20650 = ORIENTED_EDGE('',*,*,#19734,.F.);
#20651 = PLANE('',#20652);
#20652 = AXIS2_PLACEMENT_3D('',#20653,#20654,#20655);
#20653 = CARTESIAN_POINT('',(100.,-154.,0.));
#20654 = DIRECTION('',(-1.,0.,0.));
#20655 = DIRECTION('',(0.,1.,0.));
#20656 = ADVANCED_FACE('',(#20657),#20668,.T.);
#20657 = FACE_BOUND('',#20658,.T.);
#20658 = EDGE_LOOP('',(#20659,#20660,#20661,#20667));
#20659 = ORIENTED_EDGE('',*,*,#20628,.T.);
#20660 = ORIENTED_EDGE('',*,*,#20194,.T.);
#20661 = ORIENTED_EDGE('',*,*,#20662,.F.);
#20662 = EDGE_CURVE('',#19743,#20186,#20663,.T.);
#20663 = LINE('',#20664,#20665);
#20664 = CARTESIAN_POINT('',(102.,-156.,0.));
#20665 = VECTOR('',#20666,1.);
#20666 = DIRECTION('',(0.,0.,1.));
#20667 = ORIENTED_EDGE('',*,*,#19751,.F.);
#20668 = PLANE('',#20669);
#20669 = AXIS2_PLACEMENT_3D('',#20670,#20671,#20672);
#20670 = CARTESIAN_POINT('',(186.,-156.,0.));
#20671 = DIRECTION('',(0.,-1.,0.));
#20672 = DIRECTION('',(-1.,0.,0.));
#20673 = ADVANCED_FACE('',(#20674),#20680,.T.);
#20674 = FACE_BOUND('',#20675,.T.);
#20675 = EDGE_LOOP('',(#20676,#20677,#20678,#20679));
#20676 = ORIENTED_EDGE('',*,*,#20662,.T.);
#20677 = ORIENTED_EDGE('',*,*,#20185,.T.);
#20678 = ORIENTED_EDGE('',*,*,#20643,.F.);
#20679 = ORIENTED_EDGE('',*,*,#19742,.F.);
#20680 = CYLINDRICAL_SURFACE('',#20681,2.000000212955);
#20681 = AXIS2_PLACEMENT_3D('',#20682,#20683,#20684);
#20682 = CARTESIAN_POINT('',(102.00000021295,-153.999999787,0.));
#20683 = DIRECTION('',(0.,0.,-1.));
#20684 = DIRECTION('',(-1.064773897809E-07,-1.,-0.));
#20685 = ADVANCED_FACE('',(#20686),#20702,.F.);
#20686 = FACE_BOUND('',#20687,.T.);
#20687 = EDGE_LOOP('',(#20688,#20689,#20695,#20696));
#20688 = ORIENTED_EDGE('',*,*,#19769,.T.);
#20689 = ORIENTED_EDGE('',*,*,#20690,.T.);
#20690 = EDGE_CURVE('',#19772,#20215,#20691,.T.);
#20691 = LINE('',#20692,#20693);
#20692 = CARTESIAN_POINT('',(111.55,-147.45,-4.6E-02));
#20693 = VECTOR('',#20694,1.);
#20694 = DIRECTION('',(0.,0.,1.));
#20695 = ORIENTED_EDGE('',*,*,#20212,.F.);
#20696 = ORIENTED_EDGE('',*,*,#20697,.F.);
#20697 = EDGE_CURVE('',#19770,#20213,#20698,.T.);
#20698 = LINE('',#20699,#20700);
#20699 = CARTESIAN_POINT('',(111.55,-146.85,-4.6E-02));
#20700 = VECTOR('',#20701,1.);
#20701 = DIRECTION('',(0.,0.,1.));
#20702 = CYLINDRICAL_SURFACE('',#20703,0.3);
#20703 = AXIS2_PLACEMENT_3D('',#20704,#20705,#20706);
#20704 = CARTESIAN_POINT('',(111.55,-147.15,-4.6E-02));
#20705 = DIRECTION('',(-0.,0.,-1.));
#20706 = DIRECTION('',(4.736951571734E-14,-1.,-0.));
#20707 = ADVANCED_FACE('',(#20708),#20719,.T.);
#20708 = FACE_BOUND('',#20709,.T.);
#20709 = EDGE_LOOP('',(#20710,#20711,#20712,#20713));
#20710 = ORIENTED_EDGE('',*,*,#19797,.T.);
#20711 = ORIENTED_EDGE('',*,*,#20697,.T.);
#20712 = ORIENTED_EDGE('',*,*,#20240,.F.);
#20713 = ORIENTED_EDGE('',*,*,#20714,.F.);
#20714 = EDGE_CURVE('',#19789,#20232,#20715,.T.);
#20715 = LINE('',#20716,#20717);
#20716 = CARTESIAN_POINT('',(110.45,-146.85,-4.6E-02));
#20717 = VECTOR('',#20718,1.);
#20718 = DIRECTION('',(0.,0.,1.));
#20719 = PLANE('',#20720);
#20720 = AXIS2_PLACEMENT_3D('',#20721,#20722,#20723);
#20721 = CARTESIAN_POINT('',(111.55,-146.85,-4.6E-02));
#20722 = DIRECTION('',(0.,-1.,0.));
#20723 = DIRECTION('',(-1.,0.,0.));
#20724 = ADVANCED_FACE('',(#20725),#20736,.F.);
#20725 = FACE_BOUND('',#20726,.T.);
#20726 = EDGE_LOOP('',(#20727,#20728,#20729,#20730));
#20727 = ORIENTED_EDGE('',*,*,#19788,.T.);
#20728 = ORIENTED_EDGE('',*,*,#20714,.T.);
#20729 = ORIENTED_EDGE('',*,*,#20231,.F.);
#20730 = ORIENTED_EDGE('',*,*,#20731,.F.);
#20731 = EDGE_CURVE('',#19781,#20224,#20732,.T.);
#20732 = LINE('',#20733,#20734);
#20733 = CARTESIAN_POINT('',(110.45,-147.45,-4.6E-02));
#20734 = VECTOR('',#20735,1.);
#20735 = DIRECTION('',(0.,0.,1.));
#20736 = CYLINDRICAL_SURFACE('',#20737,0.3);
#20737 = AXIS2_PLACEMENT_3D('',#20738,#20739,#20740);
#20738 = CARTESIAN_POINT('',(110.45,-147.15,-4.6E-02));
#20739 = DIRECTION('',(-0.,-0.,-1.));
#20740 = DIRECTION('',(-4.736951571734E-14,1.,0.));
#20741 = ADVANCED_FACE('',(#20742),#20748,.T.);
#20742 = FACE_BOUND('',#20743,.T.);
#20743 = EDGE_LOOP('',(#20744,#20745,#20746,#20747));
#20744 = ORIENTED_EDGE('',*,*,#19780,.T.);
#20745 = ORIENTED_EDGE('',*,*,#20731,.T.);
#20746 = ORIENTED_EDGE('',*,*,#20223,.F.);
#20747 = ORIENTED_EDGE('',*,*,#20690,.F.);
#20748 = PLANE('',#20749);
#20749 = AXIS2_PLACEMENT_3D('',#20750,#20751,#20752);
#20750 = CARTESIAN_POINT('',(110.45,-147.45,-4.6E-02));
#20751 = DIRECTION('',(0.,1.,0.));
#20752 = DIRECTION('',(1.,0.,0.));
#20753 = ADVANCED_FACE('',(#20754),#20765,.F.);
#20754 = FACE_BOUND('',#20755,.T.);
#20755 = EDGE_LOOP('',(#20756,#20757,#20763,#20764));
#20756 = ORIENTED_EDGE('',*,*,#19805,.T.);
#20757 = ORIENTED_EDGE('',*,*,#20758,.T.);
#20758 = EDGE_CURVE('',#19806,#20249,#20759,.T.);
#20759 = LINE('',#20760,#20761);
#20760 = CARTESIAN_POINT('',(117.,-145.35,-4.6E-02));
#20761 = VECTOR('',#20762,1.);
#20762 = DIRECTION('',(0.,0.,1.));
#20763 = ORIENTED_EDGE('',*,*,#20248,.F.);
#20764 = ORIENTED_EDGE('',*,*,#20758,.F.);
#20765 = CYLINDRICAL_SURFACE('',#20766,1.35);
#20766 = AXIS2_PLACEMENT_3D('',#20767,#20768,#20769);
#20767 = CARTESIAN_POINT('',(117.,-144.,-4.6E-02));
#20768 = DIRECTION('',(-0.,-0.,-1.));
#20769 = DIRECTION('',(-0.,-1.,0.));
#20770 = ADVANCED_FACE('',(#20771),#20782,.F.);
#20771 = FACE_BOUND('',#20772,.T.);
#20772 = EDGE_LOOP('',(#20773,#20774,#20780,#20781));
#20773 = ORIENTED_EDGE('',*,*,#19816,.T.);
#20774 = ORIENTED_EDGE('',*,*,#20775,.T.);
#20775 = EDGE_CURVE('',#19817,#20260,#20776,.T.);
#20776 = LINE('',#20777,#20778);
#20777 = CARTESIAN_POINT('',(123.5,-151.25,-4.6E-02));
#20778 = VECTOR('',#20779,1.);
#20779 = DIRECTION('',(0.,0.,1.));
#20780 = ORIENTED_EDGE('',*,*,#20259,.F.);
#20781 = ORIENTED_EDGE('',*,*,#20775,.F.);
#20782 = CYLINDRICAL_SURFACE('',#20783,0.85);
#20783 = AXIS2_PLACEMENT_3D('',#20784,#20785,#20786);
#20784 = CARTESIAN_POINT('',(123.5,-150.4,-4.6E-02));
#20785 = DIRECTION('',(-0.,-0.,-1.));
#20786 = DIRECTION('',(-0.,-1.,0.));
#20787 = ADVANCED_FACE('',(#20788),#20799,.F.);
#20788 = FACE_BOUND('',#20789,.T.);
#20789 = EDGE_LOOP('',(#20790,#20791,#20797,#20798));
#20790 = ORIENTED_EDGE('',*,*,#19827,.T.);
#20791 = ORIENTED_EDGE('',*,*,#20792,.T.);
#20792 = EDGE_CURVE('',#19828,#20271,#20793,.T.);
#20793 = LINE('',#20794,#20795);
#20794 = CARTESIAN_POINT('',(127.46,-151.25,-4.6E-02));
#20795 = VECTOR('',#20796,1.);
#20796 = DIRECTION('',(0.,0.,1.));
#20797 = ORIENTED_EDGE('',*,*,#20270,.F.);
#20798 = ORIENTED_EDGE('',*,*,#20792,.F.);
#20799 = CYLINDRICAL_SURFACE('',#20800,0.85);
#20800 = AXIS2_PLACEMENT_3D('',#20801,#20802,#20803);
#20801 = CARTESIAN_POINT('',(127.46,-150.4,-4.6E-02));
#20802 = DIRECTION('',(-0.,-0.,-1.));
#20803 = DIRECTION('',(-1.671865260612E-14,-1.,0.));
#20804 = ADVANCED_FACE('',(#20805),#20816,.F.);
#20805 = FACE_BOUND('',#20806,.T.);
#20806 = EDGE_LOOP('',(#20807,#20808,#20814,#20815));
#20807 = ORIENTED_EDGE('',*,*,#19838,.T.);
#20808 = ORIENTED_EDGE('',*,*,#20809,.T.);
#20809 = EDGE_CURVE('',#19839,#20282,#20810,.T.);
#20810 = LINE('',#20811,#20812);
#20811 = CARTESIAN_POINT('',(139.5,-151.25,-4.6E-02));
#20812 = VECTOR('',#20813,1.);
#20813 = DIRECTION('',(0.,0.,1.));
#20814 = ORIENTED_EDGE('',*,*,#20281,.F.);
#20815 = ORIENTED_EDGE('',*,*,#20809,.F.);
#20816 = CYLINDRICAL_SURFACE('',#20817,0.85);
#20817 = AXIS2_PLACEMENT_3D('',#20818,#20819,#20820);
#20818 = CARTESIAN_POINT('',(139.5,-150.4,-4.6E-02));
#20819 = DIRECTION('',(-0.,-0.,-1.));
#20820 = DIRECTION('',(-0.,-1.,0.));
#20821 = ADVANCED_FACE('',(#20822),#20833,.F.);
#20822 = FACE_BOUND('',#20823,.T.);
#20823 = EDGE_LOOP('',(#20824,#20825,#20831,#20832));
#20824 = ORIENTED_EDGE('',*,*,#19849,.T.);
#20825 = ORIENTED_EDGE('',*,*,#20826,.T.);
#20826 = EDGE_CURVE('',#19850,#20293,#20827,.T.);
#20827 = LINE('',#20828,#20829);
#20828 = CARTESIAN_POINT('',(143.46,-151.25,-4.6E-02));
#20829 = VECTOR('',#20830,1.);
#20830 = DIRECTION('',(0.,0.,1.));
#20831 = ORIENTED_EDGE('',*,*,#20292,.F.);
#20832 = ORIENTED_EDGE('',*,*,#20826,.F.);
#20833 = CYLINDRICAL_SURFACE('',#20834,0.85);
#20834 = AXIS2_PLACEMENT_3D('',#20835,#20836,#20837);
#20835 = CARTESIAN_POINT('',(143.46,-150.4,-4.6E-02));
#20836 = DIRECTION('',(-0.,-0.,-1.));
#20837 = DIRECTION('',(-0.,-1.,0.));
#20838 = ADVANCED_FACE('',(#20839),#20850,.F.);
#20839 = FACE_BOUND('',#20840,.T.);
#20840 = EDGE_LOOP('',(#20841,#20842,#20848,#20849));
#20841 = ORIENTED_EDGE('',*,*,#19860,.T.);
#20842 = ORIENTED_EDGE('',*,*,#20843,.T.);
#20843 = EDGE_CURVE('',#19861,#20304,#20844,.T.);
#20844 = LINE('',#20845,#20846);
#20845 = CARTESIAN_POINT('',(117.,-138.15,-4.6E-02));
#20846 = VECTOR('',#20847,1.);
#20847 = DIRECTION('',(0.,0.,1.));
#20848 = ORIENTED_EDGE('',*,*,#20303,.F.);
#20849 = ORIENTED_EDGE('',*,*,#20843,.F.);
#20850 = CYLINDRICAL_SURFACE('',#20851,1.35);
#20851 = AXIS2_PLACEMENT_3D('',#20852,#20853,#20854);
#20852 = CARTESIAN_POINT('',(117.,-136.8,-4.6E-02));
#20853 = DIRECTION('',(-0.,-0.,-1.));
#20854 = DIRECTION('',(-0.,-1.,0.));
#20855 = ADVANCED_FACE('',(#20856),#20872,.F.);
#20856 = FACE_BOUND('',#20857,.T.);
#20857 = EDGE_LOOP('',(#20858,#20859,#20865,#20866));
#20858 = ORIENTED_EDGE('',*,*,#19871,.T.);
#20859 = ORIENTED_EDGE('',*,*,#20860,.T.);
#20860 = EDGE_CURVE('',#19874,#20317,#20861,.T.);
#20861 = LINE('',#20862,#20863);
#20862 = CARTESIAN_POINT('',(111.55,-133.95,-4.6E-02));
#20863 = VECTOR('',#20864,1.);
#20864 = DIRECTION('',(0.,0.,1.));
#20865 = ORIENTED_EDGE('',*,*,#20314,.F.);
#20866 = ORIENTED_EDGE('',*,*,#20867,.F.);
#20867 = EDGE_CURVE('',#19872,#20315,#20868,.T.);
#20868 = LINE('',#20869,#20870);
#20869 = CARTESIAN_POINT('',(111.55,-133.35,-4.6E-02));
#20870 = VECTOR('',#20871,1.);
#20871 = DIRECTION('',(0.,0.,1.));
#20872 = CYLINDRICAL_SURFACE('',#20873,0.3);
#20873 = AXIS2_PLACEMENT_3D('',#20874,#20875,#20876);
#20874 = CARTESIAN_POINT('',(111.55,-133.65,-4.6E-02));
#20875 = DIRECTION('',(-0.,0.,-1.));
#20876 = DIRECTION('',(4.736951571734E-14,-1.,-0.));
#20877 = ADVANCED_FACE('',(#20878),#20889,.T.);
#20878 = FACE_BOUND('',#20879,.T.);
#20879 = EDGE_LOOP('',(#20880,#20881,#20882,#20883));
#20880 = ORIENTED_EDGE('',*,*,#19899,.T.);
#20881 = ORIENTED_EDGE('',*,*,#20867,.T.);
#20882 = ORIENTED_EDGE('',*,*,#20342,.F.);
#20883 = ORIENTED_EDGE('',*,*,#20884,.F.);
#20884 = EDGE_CURVE('',#19891,#20334,#20885,.T.);
#20885 = LINE('',#20886,#20887);
#20886 = CARTESIAN_POINT('',(110.45,-133.35,-4.6E-02));
#20887 = VECTOR('',#20888,1.);
#20888 = DIRECTION('',(0.,0.,1.));
#20889 = PLANE('',#20890);
#20890 = AXIS2_PLACEMENT_3D('',#20891,#20892,#20893);
#20891 = CARTESIAN_POINT('',(111.55,-133.35,-4.6E-02));
#20892 = DIRECTION('',(0.,-1.,0.));
#20893 = DIRECTION('',(-1.,0.,0.));
#20894 = ADVANCED_FACE('',(#20895),#20906,.F.);
#20895 = FACE_BOUND('',#20896,.T.);
#20896 = EDGE_LOOP('',(#20897,#20898,#20899,#20900));
#20897 = ORIENTED_EDGE('',*,*,#19890,.T.);
#20898 = ORIENTED_EDGE('',*,*,#20884,.T.);
#20899 = ORIENTED_EDGE('',*,*,#20333,.F.);
#20900 = ORIENTED_EDGE('',*,*,#20901,.F.);
#20901 = EDGE_CURVE('',#19883,#20326,#20902,.T.);
#20902 = LINE('',#20903,#20904);
#20903 = CARTESIAN_POINT('',(110.45,-133.95,-4.6E-02));
#20904 = VECTOR('',#20905,1.);
#20905 = DIRECTION('',(0.,0.,1.));
#20906 = CYLINDRICAL_SURFACE('',#20907,0.3);
#20907 = AXIS2_PLACEMENT_3D('',#20908,#20909,#20910);
#20908 = CARTESIAN_POINT('',(110.45,-133.65,-4.6E-02));
#20909 = DIRECTION('',(-0.,-0.,-1.));
#20910 = DIRECTION('',(-4.736951571734E-14,1.,0.));
#20911 = ADVANCED_FACE('',(#20912),#20918,.T.);
#20912 = FACE_BOUND('',#20913,.T.);
#20913 = EDGE_LOOP('',(#20914,#20915,#20916,#20917));
#20914 = ORIENTED_EDGE('',*,*,#19882,.T.);
#20915 = ORIENTED_EDGE('',*,*,#20901,.T.);
#20916 = ORIENTED_EDGE('',*,*,#20325,.F.);
#20917 = ORIENTED_EDGE('',*,*,#20860,.F.);
#20918 = PLANE('',#20919);
#20919 = AXIS2_PLACEMENT_3D('',#20920,#20921,#20922);
#20920 = CARTESIAN_POINT('',(110.45,-133.95,-4.6E-02));
#20921 = DIRECTION('',(0.,1.,0.));
#20922 = DIRECTION('',(1.,0.,0.));
#20923 = ADVANCED_FACE('',(#20924),#20935,.F.);
#20924 = FACE_BOUND('',#20925,.T.);
#20925 = EDGE_LOOP('',(#20926,#20927,#20933,#20934));
#20926 = ORIENTED_EDGE('',*,*,#19907,.T.);
#20927 = ORIENTED_EDGE('',*,*,#20928,.T.);
#20928 = EDGE_CURVE('',#19908,#20351,#20929,.T.);
#20929 = LINE('',#20930,#20931);
#20930 = CARTESIAN_POINT('',(121.8,-134.81,-4.6E-02));
#20931 = VECTOR('',#20932,1.);
#20932 = DIRECTION('',(0.,0.,1.));
#20933 = ORIENTED_EDGE('',*,*,#20350,.F.);
#20934 = ORIENTED_EDGE('',*,*,#20928,.F.);
#20935 = CYLINDRICAL_SURFACE('',#20936,0.89);
#20936 = AXIS2_PLACEMENT_3D('',#20937,#20938,#20939);
#20937 = CARTESIAN_POINT('',(121.8,-133.92,-4.6E-02));
#20938 = DIRECTION('',(-0.,-0.,-1.));
#20939 = DIRECTION('',(-0.,-1.,0.));
#20940 = ADVANCED_FACE('',(#20941),#20952,.F.);
#20941 = FACE_BOUND('',#20942,.T.);
#20942 = EDGE_LOOP('',(#20943,#20944,#20950,#20951));
#20943 = ORIENTED_EDGE('',*,*,#19918,.T.);
#20944 = ORIENTED_EDGE('',*,*,#20945,.T.);
#20945 = EDGE_CURVE('',#19919,#20362,#20946,.T.);
#20946 = LINE('',#20947,#20948);
#20947 = CARTESIAN_POINT('',(125.2,-134.81,-4.6E-02));
#20948 = VECTOR('',#20949,1.);
#20949 = DIRECTION('',(0.,0.,1.));
#20950 = ORIENTED_EDGE('',*,*,#20361,.F.);
#20951 = ORIENTED_EDGE('',*,*,#20945,.F.);
#20952 = CYLINDRICAL_SURFACE('',#20953,0.89);
#20953 = AXIS2_PLACEMENT_3D('',#20954,#20955,#20956);
#20954 = CARTESIAN_POINT('',(125.2,-133.92,-4.6E-02));
#20955 = DIRECTION('',(-0.,-0.,-1.));
#20956 = DIRECTION('',(-0.,-1.,0.));
#20957 = ADVANCED_FACE('',(#20958),#20969,.F.);
#20958 = FACE_BOUND('',#20959,.T.);
#20959 = EDGE_LOOP('',(#20960,#20961,#20967,#20968));
#20960 = ORIENTED_EDGE('',*,*,#19929,.T.);
#20961 = ORIENTED_EDGE('',*,*,#20962,.T.);
#20962 = EDGE_CURVE('',#19930,#20373,#20963,.T.);
#20963 = LINE('',#20964,#20965);
#20964 = CARTESIAN_POINT('',(137.8,-134.81,-4.6E-02));
#20965 = VECTOR('',#20966,1.);
#20966 = DIRECTION('',(0.,0.,1.));
#20967 = ORIENTED_EDGE('',*,*,#20372,.F.);
#20968 = ORIENTED_EDGE('',*,*,#20962,.F.);
#20969 = CYLINDRICAL_SURFACE('',#20970,0.89);
#20970 = AXIS2_PLACEMENT_3D('',#20971,#20972,#20973);
#20971 = CARTESIAN_POINT('',(137.8,-133.92,-4.6E-02));
#20972 = DIRECTION('',(-0.,-0.,-1.));
#20973 = DIRECTION('',(-0.,-1.,0.));
#20974 = ADVANCED_FACE('',(#20975),#20986,.F.);
#20975 = FACE_BOUND('',#20976,.T.);
#20976 = EDGE_LOOP('',(#20977,#20978,#20984,#20985));
#20977 = ORIENTED_EDGE('',*,*,#19940,.T.);
#20978 = ORIENTED_EDGE('',*,*,#20979,.T.);
#20979 = EDGE_CURVE('',#19941,#20384,#20980,.T.);
#20980 = LINE('',#20981,#20982);
#20981 = CARTESIAN_POINT('',(141.2,-134.81,-4.6E-02));
#20982 = VECTOR('',#20983,1.);
#20983 = DIRECTION('',(0.,0.,1.));
#20984 = ORIENTED_EDGE('',*,*,#20383,.F.);
#20985 = ORIENTED_EDGE('',*,*,#20979,.F.);
#20986 = CYLINDRICAL_SURFACE('',#20987,0.89);
#20987 = AXIS2_PLACEMENT_3D('',#20988,#20989,#20990);
#20988 = CARTESIAN_POINT('',(141.2,-133.92,-4.6E-02));
#20989 = DIRECTION('',(-0.,-0.,-1.));
#20990 = DIRECTION('',(-0.,-1.,0.));
#20991 = ADVANCED_FACE('',(#20992),#21003,.F.);
#20992 = FACE_BOUND('',#20993,.T.);
#20993 = EDGE_LOOP('',(#20994,#20995,#21001,#21002));
#20994 = ORIENTED_EDGE('',*,*,#19951,.T.);
#20995 = ORIENTED_EDGE('',*,*,#20996,.T.);
#20996 = EDGE_CURVE('',#19952,#20395,#20997,.T.);
#20997 = LINE('',#20998,#20999);
#20998 = CARTESIAN_POINT('',(155.5,-151.25,-4.6E-02));
#20999 = VECTOR('',#21000,1.);
#21000 = DIRECTION('',(0.,0.,1.));
#21001 = ORIENTED_EDGE('',*,*,#20394,.F.);
#21002 = ORIENTED_EDGE('',*,*,#20996,.F.);
#21003 = CYLINDRICAL_SURFACE('',#21004,0.85);
#21004 = AXIS2_PLACEMENT_3D('',#21005,#21006,#21007);
#21005 = CARTESIAN_POINT('',(155.5,-150.4,-4.6E-02));
#21006 = DIRECTION('',(-0.,-0.,-1.));
#21007 = DIRECTION('',(-0.,-1.,0.));
#21008 = ADVANCED_FACE('',(#21009),#21020,.F.);
#21009 = FACE_BOUND('',#21010,.T.);
#21010 = EDGE_LOOP('',(#21011,#21012,#21018,#21019));
#21011 = ORIENTED_EDGE('',*,*,#19962,.T.);
#21012 = ORIENTED_EDGE('',*,*,#21013,.T.);
#21013 = EDGE_CURVE('',#19963,#20406,#21014,.T.);
#21014 = LINE('',#21015,#21016);
#21015 = CARTESIAN_POINT('',(159.46,-151.25,-4.6E-02));
#21016 = VECTOR('',#21017,1.);
#21017 = DIRECTION('',(0.,0.,1.));
#21018 = ORIENTED_EDGE('',*,*,#20405,.F.);
#21019 = ORIENTED_EDGE('',*,*,#21013,.F.);
#21020 = CYLINDRICAL_SURFACE('',#21021,0.85);
#21021 = AXIS2_PLACEMENT_3D('',#21022,#21023,#21024);
#21022 = CARTESIAN_POINT('',(159.46,-150.4,-4.6E-02));
#21023 = DIRECTION('',(-0.,-0.,-1.));
#21024 = DIRECTION('',(-0.,-1.,0.));
#21025 = ADVANCED_FACE('',(#21026),#21037,.F.);
#21026 = FACE_BOUND('',#21027,.T.);
#21027 = EDGE_LOOP('',(#21028,#21029,#21035,#21036));
#21028 = ORIENTED_EDGE('',*,*,#19973,.T.);
#21029 = ORIENTED_EDGE('',*,*,#21030,.T.);
#21030 = EDGE_CURVE('',#19974,#20417,#21031,.T.);
#21031 = LINE('',#21032,#21033);
#21032 = CARTESIAN_POINT('',(171.5,-151.25,-4.6E-02));
#21033 = VECTOR('',#21034,1.);
#21034 = DIRECTION('',(0.,0.,1.));
#21035 = ORIENTED_EDGE('',*,*,#20416,.F.);
#21036 = ORIENTED_EDGE('',*,*,#21030,.F.);
#21037 = CYLINDRICAL_SURFACE('',#21038,0.85);
#21038 = AXIS2_PLACEMENT_3D('',#21039,#21040,#21041);
#21039 = CARTESIAN_POINT('',(171.5,-150.4,-4.6E-02));
#21040 = DIRECTION('',(-0.,-0.,-1.));
#21041 = DIRECTION('',(-0.,-1.,0.));
#21042 = ADVANCED_FACE('',(#21043),#21054,.F.);
#21043 = FACE_BOUND('',#21044,.T.);
#21044 = EDGE_LOOP('',(#21045,#21046,#21052,#21053));
#21045 = ORIENTED_EDGE('',*,*,#19984,.T.);
#21046 = ORIENTED_EDGE('',*,*,#21047,.T.);
#21047 = EDGE_CURVE('',#19985,#20428,#21048,.T.);
#21048 = LINE('',#21049,#21050);
#21049 = CARTESIAN_POINT('',(175.46,-151.25,-4.6E-02));
#21050 = VECTOR('',#21051,1.);
#21051 = DIRECTION('',(0.,0.,1.));
#21052 = ORIENTED_EDGE('',*,*,#20427,.F.);
#21053 = ORIENTED_EDGE('',*,*,#21047,.F.);
#21054 = CYLINDRICAL_SURFACE('',#21055,0.85);
#21055 = AXIS2_PLACEMENT_3D('',#21056,#21057,#21058);
#21056 = CARTESIAN_POINT('',(175.46,-150.4,-4.6E-02));
#21057 = DIRECTION('',(-0.,-0.,-1.));
#21058 = DIRECTION('',(-0.,-1.,0.));
#21059 = ADVANCED_FACE('',(#21060),#21071,.F.);
#21060 = FACE_BOUND('',#21061,.T.);
#21061 = EDGE_LOOP('',(#21062,#21063,#21069,#21070));
#21062 = ORIENTED_EDGE('',*,*,#19995,.T.);
#21063 = ORIENTED_EDGE('',*,*,#21064,.T.);
#21064 = EDGE_CURVE('',#19996,#20439,#21065,.T.);
#21065 = LINE('',#21066,#21067);
#21066 = CARTESIAN_POINT('',(184.5,-154.1,-4.6E-02));
#21067 = VECTOR('',#21068,1.);
#21068 = DIRECTION('',(0.,0.,1.));
#21069 = ORIENTED_EDGE('',*,*,#20438,.F.);
#21070 = ORIENTED_EDGE('',*,*,#21064,.F.);
#21071 = CYLINDRICAL_SURFACE('',#21072,1.6);
#21072 = AXIS2_PLACEMENT_3D('',#21073,#21074,#21075);
#21073 = CARTESIAN_POINT('',(184.5,-152.5,-4.6E-02));
#21074 = DIRECTION('',(-0.,-0.,-1.));
#21075 = DIRECTION('',(-0.,-1.,0.));
#21076 = ADVANCED_FACE('',(#21077),#21088,.F.);
#21077 = FACE_BOUND('',#21078,.T.);
#21078 = EDGE_LOOP('',(#21079,#21080,#21086,#21087));
#21079 = ORIENTED_EDGE('',*,*,#20006,.T.);
#21080 = ORIENTED_EDGE('',*,*,#21081,.T.);
#21081 = EDGE_CURVE('',#20007,#20450,#21082,.T.);
#21082 = LINE('',#21083,#21084);
#21083 = CARTESIAN_POINT('',(153.8,-134.81,-4.6E-02));
#21084 = VECTOR('',#21085,1.);
#21085 = DIRECTION('',(0.,0.,1.));
#21086 = ORIENTED_EDGE('',*,*,#20449,.F.);
#21087 = ORIENTED_EDGE('',*,*,#21081,.F.);
#21088 = CYLINDRICAL_SURFACE('',#21089,0.89);
#21089 = AXIS2_PLACEMENT_3D('',#21090,#21091,#21092);
#21090 = CARTESIAN_POINT('',(153.8,-133.92,-4.6E-02));
#21091 = DIRECTION('',(-0.,-0.,-1.));
#21092 = DIRECTION('',(-0.,-1.,0.));
#21093 = ADVANCED_FACE('',(#21094),#21105,.F.);
#21094 = FACE_BOUND('',#21095,.T.);
#21095 = EDGE_LOOP('',(#21096,#21097,#21103,#21104));
#21096 = ORIENTED_EDGE('',*,*,#20017,.T.);
#21097 = ORIENTED_EDGE('',*,*,#21098,.T.);
#21098 = EDGE_CURVE('',#20018,#20461,#21099,.T.);
#21099 = LINE('',#21100,#21101);
#21100 = CARTESIAN_POINT('',(157.2,-134.81,-4.6E-02));
#21101 = VECTOR('',#21102,1.);
#21102 = DIRECTION('',(0.,0.,1.));
#21103 = ORIENTED_EDGE('',*,*,#20460,.F.);
#21104 = ORIENTED_EDGE('',*,*,#21098,.F.);
#21105 = CYLINDRICAL_SURFACE('',#21106,0.89);
#21106 = AXIS2_PLACEMENT_3D('',#21107,#21108,#21109);
#21107 = CARTESIAN_POINT('',(157.2,-133.92,-4.6E-02));
#21108 = DIRECTION('',(-0.,-0.,-1.));
#21109 = DIRECTION('',(-0.,-1.,0.));
#21110 = ADVANCED_FACE('',(#21111),#21122,.F.);
#21111 = FACE_BOUND('',#21112,.T.);
#21112 = EDGE_LOOP('',(#21113,#21114,#21120,#21121));
#21113 = ORIENTED_EDGE('',*,*,#20028,.T.);
#21114 = ORIENTED_EDGE('',*,*,#21115,.T.);
#21115 = EDGE_CURVE('',#20029,#20472,#21116,.T.);
#21116 = LINE('',#21117,#21118);
#21117 = CARTESIAN_POINT('',(184.5,-141.1,-4.6E-02));
#21118 = VECTOR('',#21119,1.);
#21119 = DIRECTION('',(0.,0.,1.));
#21120 = ORIENTED_EDGE('',*,*,#20471,.F.);
#21121 = ORIENTED_EDGE('',*,*,#21115,.F.);
#21122 = CYLINDRICAL_SURFACE('',#21123,1.6);
#21123 = AXIS2_PLACEMENT_3D('',#21124,#21125,#21126);
#21124 = CARTESIAN_POINT('',(184.5,-139.5,-4.6E-02));
#21125 = DIRECTION('',(-0.,-0.,-1.));
#21126 = DIRECTION('',(-0.,-1.,0.));
#21127 = ADVANCED_FACE('',(#21128),#21139,.F.);
#21128 = FACE_BOUND('',#21129,.T.);
#21129 = EDGE_LOOP('',(#21130,#21131,#21137,#21138));
#21130 = ORIENTED_EDGE('',*,*,#20039,.T.);
#21131 = ORIENTED_EDGE('',*,*,#21132,.T.);
#21132 = EDGE_CURVE('',#20040,#20483,#21133,.T.);
#21133 = LINE('',#21134,#21135);
#21134 = CARTESIAN_POINT('',(169.8,-134.81,-4.6E-02));
#21135 = VECTOR('',#21136,1.);
#21136 = DIRECTION('',(0.,0.,1.));
#21137 = ORIENTED_EDGE('',*,*,#20482,.F.);
#21138 = ORIENTED_EDGE('',*,*,#21132,.F.);
#21139 = CYLINDRICAL_SURFACE('',#21140,0.89);
#21140 = AXIS2_PLACEMENT_3D('',#21141,#21142,#21143);
#21141 = CARTESIAN_POINT('',(169.8,-133.92,-4.6E-02));
#21142 = DIRECTION('',(-0.,-0.,-1.));
#21143 = DIRECTION('',(-0.,-1.,0.));
#21144 = ADVANCED_FACE('',(#21145),#21156,.F.);
#21145 = FACE_BOUND('',#21146,.T.);
#21146 = EDGE_LOOP('',(#21147,#21148,#21154,#21155));
#21147 = ORIENTED_EDGE('',*,*,#20050,.T.);
#21148 = ORIENTED_EDGE('',*,*,#21149,.T.);
#21149 = EDGE_CURVE('',#20051,#20494,#21150,.T.);
#21150 = LINE('',#21151,#21152);
#21151 = CARTESIAN_POINT('',(173.2,-134.81,-4.6E-02));
#21152 = VECTOR('',#21153,1.);
#21153 = DIRECTION('',(0.,0.,1.));
#21154 = ORIENTED_EDGE('',*,*,#20493,.F.);
#21155 = ORIENTED_EDGE('',*,*,#21149,.F.);
#21156 = CYLINDRICAL_SURFACE('',#21157,0.89);
#21157 = AXIS2_PLACEMENT_3D('',#21158,#21159,#21160);
#21158 = CARTESIAN_POINT('',(173.2,-133.92,-4.6E-02));
#21159 = DIRECTION('',(-0.,-0.,-1.));
#21160 = DIRECTION('',(-0.,-1.,0.));
#21161 = ADVANCED_FACE('',(#21162),#21173,.F.);
#21162 = FACE_BOUND('',#21163,.T.);
#21163 = EDGE_LOOP('',(#21164,#21165,#21171,#21172));
#21164 = ORIENTED_EDGE('',*,*,#20061,.T.);
#21165 = ORIENTED_EDGE('',*,*,#21166,.T.);
#21166 = EDGE_CURVE('',#20062,#20505,#21167,.T.);
#21167 = LINE('',#21168,#21169);
#21168 = CARTESIAN_POINT('',(121.8,-124.89,-4.6E-02));
#21169 = VECTOR('',#21170,1.);
#21170 = DIRECTION('',(0.,0.,1.));
#21171 = ORIENTED_EDGE('',*,*,#20504,.F.);
#21172 = ORIENTED_EDGE('',*,*,#21166,.F.);
#21173 = CYLINDRICAL_SURFACE('',#21174,0.89);
#21174 = AXIS2_PLACEMENT_3D('',#21175,#21176,#21177);
#21175 = CARTESIAN_POINT('',(121.8,-124.,-4.6E-02));
#21176 = DIRECTION('',(-0.,-0.,-1.));
#21177 = DIRECTION('',(-0.,-1.,0.));
#21178 = ADVANCED_FACE('',(#21179),#21190,.F.);
#21179 = FACE_BOUND('',#21180,.T.);
#21180 = EDGE_LOOP('',(#21181,#21182,#21188,#21189));
#21181 = ORIENTED_EDGE('',*,*,#20072,.T.);
#21182 = ORIENTED_EDGE('',*,*,#21183,.T.);
#21183 = EDGE_CURVE('',#20073,#20516,#21184,.T.);
#21184 = LINE('',#21185,#21186);
#21185 = CARTESIAN_POINT('',(125.2,-124.89,-4.6E-02));
#21186 = VECTOR('',#21187,1.);
#21187 = DIRECTION('',(0.,0.,1.));
#21188 = ORIENTED_EDGE('',*,*,#20515,.F.);
#21189 = ORIENTED_EDGE('',*,*,#21183,.F.);
#21190 = CYLINDRICAL_SURFACE('',#21191,0.89);
#21191 = AXIS2_PLACEMENT_3D('',#21192,#21193,#21194);
#21192 = CARTESIAN_POINT('',(125.2,-124.,-4.6E-02));
#21193 = DIRECTION('',(-0.,-0.,-1.));
#21194 = DIRECTION('',(-0.,-1.,0.));
#21195 = ADVANCED_FACE('',(#21196),#21207,.F.);
#21196 = FACE_BOUND('',#21197,.T.);
#21197 = EDGE_LOOP('',(#21198,#21199,#21205,#21206));
#21198 = ORIENTED_EDGE('',*,*,#20083,.T.);
#21199 = ORIENTED_EDGE('',*,*,#21200,.T.);
#21200 = EDGE_CURVE('',#20084,#20527,#21201,.T.);
#21201 = LINE('',#21202,#21203);
#21202 = CARTESIAN_POINT('',(137.8,-124.89,-4.6E-02));
#21203 = VECTOR('',#21204,1.);
#21204 = DIRECTION('',(0.,0.,1.));
#21205 = ORIENTED_EDGE('',*,*,#20526,.F.);
#21206 = ORIENTED_EDGE('',*,*,#21200,.F.);
#21207 = CYLINDRICAL_SURFACE('',#21208,0.89);
#21208 = AXIS2_PLACEMENT_3D('',#21209,#21210,#21211);
#21209 = CARTESIAN_POINT('',(137.8,-124.,-4.6E-02));
#21210 = DIRECTION('',(-0.,-0.,-1.));
#21211 = DIRECTION('',(-0.,-1.,0.));
#21212 = ADVANCED_FACE('',(#21213),#21224,.F.);
#21213 = FACE_BOUND('',#21214,.T.);
#21214 = EDGE_LOOP('',(#21215,#21216,#21222,#21223));
#21215 = ORIENTED_EDGE('',*,*,#20094,.T.);
#21216 = ORIENTED_EDGE('',*,*,#21217,.T.);
#21217 = EDGE_CURVE('',#20095,#20538,#21218,.T.);
#21218 = LINE('',#21219,#21220);
#21219 = CARTESIAN_POINT('',(141.2,-124.89,-4.6E-02));
#21220 = VECTOR('',#21221,1.);
#21221 = DIRECTION('',(0.,0.,1.));
#21222 = ORIENTED_EDGE('',*,*,#20537,.F.);
#21223 = ORIENTED_EDGE('',*,*,#21217,.F.);
#21224 = CYLINDRICAL_SURFACE('',#21225,0.89);
#21225 = AXIS2_PLACEMENT_3D('',#21226,#21227,#21228);
#21226 = CARTESIAN_POINT('',(141.2,-124.,-4.6E-02));
#21227 = DIRECTION('',(-0.,-0.,-1.));
#21228 = DIRECTION('',(-0.,-1.,0.));
#21229 = ADVANCED_FACE('',(#21230),#21241,.F.);
#21230 = FACE_BOUND('',#21231,.T.);
#21231 = EDGE_LOOP('',(#21232,#21233,#21239,#21240));
#21232 = ORIENTED_EDGE('',*,*,#20105,.T.);
#21233 = ORIENTED_EDGE('',*,*,#21234,.T.);
#21234 = EDGE_CURVE('',#20106,#20549,#21235,.T.);
#21235 = LINE('',#21236,#21237);
#21236 = CARTESIAN_POINT('',(103.5,-105.1,-4.6E-02));
#21237 = VECTOR('',#21238,1.);
#21238 = DIRECTION('',(0.,0.,1.));
#21239 = ORIENTED_EDGE('',*,*,#20548,.F.);
#21240 = ORIENTED_EDGE('',*,*,#21234,.F.);
#21241 = CYLINDRICAL_SURFACE('',#21242,1.6);
#21242 = AXIS2_PLACEMENT_3D('',#21243,#21244,#21245);
#21243 = CARTESIAN_POINT('',(103.5,-103.5,-4.6E-02));
#21244 = DIRECTION('',(-0.,-0.,-1.));
#21245 = DIRECTION('',(-0.,-1.,0.));
#21246 = ADVANCED_FACE('',(#21247),#21258,.F.);
#21247 = FACE_BOUND('',#21248,.T.);
#21248 = EDGE_LOOP('',(#21249,#21250,#21256,#21257));
#21249 = ORIENTED_EDGE('',*,*,#20116,.T.);
#21250 = ORIENTED_EDGE('',*,*,#21251,.T.);
#21251 = EDGE_CURVE('',#20117,#20560,#21252,.T.);
#21252 = LINE('',#21253,#21254);
#21253 = CARTESIAN_POINT('',(153.8,-124.89,-4.6E-02));
#21254 = VECTOR('',#21255,1.);
#21255 = DIRECTION('',(0.,0.,1.));
#21256 = ORIENTED_EDGE('',*,*,#20559,.F.);
#21257 = ORIENTED_EDGE('',*,*,#21251,.F.);
#21258 = CYLINDRICAL_SURFACE('',#21259,0.89);
#21259 = AXIS2_PLACEMENT_3D('',#21260,#21261,#21262);
#21260 = CARTESIAN_POINT('',(153.8,-124.,-4.6E-02));
#21261 = DIRECTION('',(-0.,-0.,-1.));
#21262 = DIRECTION('',(-0.,-1.,0.));
#21263 = ADVANCED_FACE('',(#21264),#21275,.F.);
#21264 = FACE_BOUND('',#21265,.T.);
#21265 = EDGE_LOOP('',(#21266,#21267,#21273,#21274));
#21266 = ORIENTED_EDGE('',*,*,#20127,.T.);
#21267 = ORIENTED_EDGE('',*,*,#21268,.T.);
#21268 = EDGE_CURVE('',#20128,#20571,#21269,.T.);
#21269 = LINE('',#21270,#21271);
#21270 = CARTESIAN_POINT('',(157.2,-124.89,-4.6E-02));
#21271 = VECTOR('',#21272,1.);
#21272 = DIRECTION('',(0.,0.,1.));
#21273 = ORIENTED_EDGE('',*,*,#20570,.F.);
#21274 = ORIENTED_EDGE('',*,*,#21268,.F.);
#21275 = CYLINDRICAL_SURFACE('',#21276,0.89);
#21276 = AXIS2_PLACEMENT_3D('',#21277,#21278,#21279);
#21277 = CARTESIAN_POINT('',(157.2,-124.,-4.6E-02));
#21278 = DIRECTION('',(-0.,-0.,-1.));
#21279 = DIRECTION('',(-0.,-1.,0.));
#21280 = ADVANCED_FACE('',(#21281),#21292,.F.);
#21281 = FACE_BOUND('',#21282,.T.);
#21282 = EDGE_LOOP('',(#21283,#21284,#21290,#21291));
#21283 = ORIENTED_EDGE('',*,*,#20138,.T.);
#21284 = ORIENTED_EDGE('',*,*,#21285,.T.);
#21285 = EDGE_CURVE('',#20139,#20582,#21286,.T.);
#21286 = LINE('',#21287,#21288);
#21287 = CARTESIAN_POINT('',(169.8,-124.89,-4.6E-02));
#21288 = VECTOR('',#21289,1.);
#21289 = DIRECTION('',(0.,0.,1.));
#21290 = ORIENTED_EDGE('',*,*,#20581,.F.);
#21291 = ORIENTED_EDGE('',*,*,#21285,.F.);
#21292 = CYLINDRICAL_SURFACE('',#21293,0.89);
#21293 = AXIS2_PLACEMENT_3D('',#21294,#21295,#21296);
#21294 = CARTESIAN_POINT('',(169.8,-124.,-4.6E-02));
#21295 = DIRECTION('',(-0.,-0.,-1.));
#21296 = DIRECTION('',(-0.,-1.,0.));
#21297 = ADVANCED_FACE('',(#21298),#21309,.F.);
#21298 = FACE_BOUND('',#21299,.T.);
#21299 = EDGE_LOOP('',(#21300,#21301,#21307,#21308));
#21300 = ORIENTED_EDGE('',*,*,#20149,.T.);
#21301 = ORIENTED_EDGE('',*,*,#21302,.T.);
#21302 = EDGE_CURVE('',#20150,#20593,#21303,.T.);
#21303 = LINE('',#21304,#21305);
#21304 = CARTESIAN_POINT('',(173.2,-124.89,-4.6E-02));
#21305 = VECTOR('',#21306,1.);
#21306 = DIRECTION('',(0.,0.,1.));
#21307 = ORIENTED_EDGE('',*,*,#20592,.F.);
#21308 = ORIENTED_EDGE('',*,*,#21302,.F.);
#21309 = CYLINDRICAL_SURFACE('',#21310,0.89);
#21310 = AXIS2_PLACEMENT_3D('',#21311,#21312,#21313);
#21311 = CARTESIAN_POINT('',(173.2,-124.,-4.6E-02));
#21312 = DIRECTION('',(-0.,-0.,-1.));
#21313 = DIRECTION('',(-0.,-1.,0.));
#21314 = ( GEOMETRIC_REPRESENTATION_CONTEXT(3) 
GLOBAL_UNCERTAINTY_ASSIGNED_CONTEXT((#21318)) 
GLOBAL_UNIT_ASSIGNED_CONTEXT((#21315,#21316,#21317)) 
REPRESENTATION_CONTEXT('Context #1',
  '3D Context with UNIT and UNCERTAINTY') );
#21315 = ( LENGTH_UNIT() NAMED_UNIT(*) SI_UNIT(.MILLI.,.METRE.) );
#21316 = ( NAMED_UNIT(*) PLANE_ANGLE_UNIT() SI_UNIT($,.RADIAN.) );
#21317 = ( NAMED_UNIT(*) SI_UNIT($,.STERADIAN.) SOLID_ANGLE_UNIT() );
#21318 = UNCERTAINTY_MEASURE_WITH_UNIT(LENGTH_MEASURE(1.E-07),#21315,
  'distance_accuracy_value','confusion accuracy');
#21319 = CONTEXT_DEPENDENT_SHAPE_REPRESENTATION(#21320,#21322);
#21320 = ( REPRESENTATION_RELATIONSHIP('','',#19612,#10) 
REPRESENTATION_RELATIONSHIP_WITH_TRANSFORMATION(#21321) 
SHAPE_REPRESENTATION_RELATIONSHIP() );
#21321 = ITEM_DEFINED_TRANSFORMATION('','',#11,#195);
#21322 = PRODUCT_DEFINITION_SHAPE('Placement','Placement of an item',
  #21323);
#21323 = NEXT_ASSEMBLY_USAGE_OCCURRENCE('46','=>[0:1:1:9]','',#5,#19607,
  $);
#21324 = PRODUCT_RELATED_PRODUCT_CATEGORY('part',$,(#19609));
#21325 = MECHANICAL_DESIGN_GEOMETRIC_PRESENTATION_REPRESENTATION('',(
    #21326),#21314);
#21326 = STYLED_ITEM('color',(#21327),#19613);
#21327 = PRESENTATION_STYLE_ASSIGNMENT((#21328));
#21328 = SURFACE_STYLE_USAGE(.BOTH.,#21329);
#21329 = SURFACE_SIDE_STYLE('',(#21330));
#21330 = SURFACE_STYLE_FILL_AREA(#21331);
#21331 = FILL_AREA_STYLE('',(#21332));
#21332 = FILL_AREA_STYLE_COLOUR('',#21333);
#21333 = COLOUR_RGB('',0.313304153717,0.484529207832,0.410020903123);
ENDSEC;
END-ISO-10303-21;
