ISO-10303-21;
HEADER;
FILE_DESCRIPTION(('KiCad electronic assembly'),'2;1');
FILE_NAME('AP_Input.step','2026-10-06T22:20:50',('Pcbnew'),('Kicad'),
  'Open CASCADE STEP processor 7.6','KiCad to STEP converter','Unknown'
  );
FILE_SCHEMA(('AUTOMOTIVE_DESIGN { 1 0 10303 214 1 1 1 1 }'));
ENDSEC;
DATA;
#1 = APPLICATION_PROTOCOL_DEFINITION('international standard',
  'automotive_design',2000,#2);
#2 = APPLICATION_CONTEXT(
  'core data for automotive mechanical design processes');
#3 = SHAPE_DEFINITION_REPRESENTATION(#4,#10);
#4 = PRODUCT_DEFINITION_SHAPE('','',#5);
#5 = PRODUCT_DEFINITION('design','',#6,#9);
#6 = PRODUCT_DEFINITION_FORMATION('','',#7);
#7 = PRODUCT('AP_Input 1','AP_Input 1','',(#8));
#8 = PRODUCT_CONTEXT('',#2,'mechanical');
#9 = PRODUCT_DEFINITION_CONTEXT('part definition',#2,'design');
#10 = SHAPE_REPRESENTATION('',(#11,#15,#19,#23,#27,#31,#35,#39,#43,#47,
    #51,#55,#59,#63,#67,#71,#75,#79,#83,#87,#91,#95,#99,#103,#107,#111,
    #115,#119,#123,#127,#131,#135,#139,#143,#147,#151,#155,#159,#163,
    #167,#171,#175,#179,#183,#187,#191,#195,#199,#203,#207,#211,#215,
    #219,#223,#227,#231,#235,#239,#243,#247,#251,#255,#259),#263);
#11 = AXIS2_PLACEMENT_3D('',#12,#13,#14);
#12 = CARTESIAN_POINT('',(0.,0.,0.));
#13 = DIRECTION('',(0.,0.,1.));
#14 = DIRECTION('',(1.,0.,-0.));
#15 = AXIS2_PLACEMENT_3D('',#16,#17,#18);
#16 = CARTESIAN_POINT('',(152.2,-122.8,1.595));
#17 = DIRECTION('',(0.,-0.,1.));
#18 = DIRECTION('',(1.110223024625E-16,1.,0.));
#19 = AXIS2_PLACEMENT_3D('',#20,#21,#22);
#20 = CARTESIAN_POINT('',(129.7,-119.2,1.595));
#21 = DIRECTION('',(0.,-0.,1.));
#22 = DIRECTION('',(1.110223024625E-16,1.,0.));
#23 = AXIS2_PLACEMENT_3D('',#24,#25,#26);
#24 = CARTESIAN_POINT('',(127.2,-136.,1.595));
#25 = DIRECTION('',(0.,-0.,1.));
#26 = DIRECTION('',(1.110223024625E-16,1.,0.));
#27 = AXIS2_PLACEMENT_3D('',#28,#29,#30);
#28 = CARTESIAN_POINT('',(146.5,-151.,1.595));
#29 = DIRECTION('',(0.,0.,1.));
#30 = DIRECTION('',(1.,0.,0.));
#31 = AXIS2_PLACEMENT_3D('',#32,#33,#34);
#32 = CARTESIAN_POINT('',(104.7,-136.,1.595));
#33 = DIRECTION('',(0.,-0.,1.));
#34 = DIRECTION('',(1.110223024625E-16,1.,0.));
#35 = AXIS2_PLACEMENT_3D('',#36,#37,#38);
#36 = CARTESIAN_POINT('',(136.,-129.25,1.595));
#37 = DIRECTION('',(0.,-0.,1.));
#38 = DIRECTION('',(1.110223024625E-16,1.,0.));
#39 = AXIS2_PLACEMENT_3D('',#40,#41,#42);
#40 = CARTESIAN_POINT('',(146.,-111.,1.595));
#41 = DIRECTION('',(0.,0.,1.));
#42 = DIRECTION('',(1.,0.,0.));
#43 = AXIS2_PLACEMENT_3D('',#44,#45,#46);
#44 = CARTESIAN_POINT('',(112.1,-151.,1.595));
#45 = DIRECTION('',(0.,0.,1.));
#46 = DIRECTION('',(1.,0.,0.));
#47 = AXIS2_PLACEMENT_3D('',#48,#49,#50);
#48 = CARTESIAN_POINT('',(126.,-112.5,1.595));
#49 = DIRECTION('',(0.,0.,1.));
#50 = DIRECTION('',(1.,0.,0.));
#51 = AXIS2_PLACEMENT_3D('',#52,#53,#54);
#52 = CARTESIAN_POINT('',(137.9,-151.,1.595));
#53 = DIRECTION('',(0.,0.,1.));
#54 = DIRECTION('',(1.,0.,0.));
#55 = AXIS2_PLACEMENT_3D('',#56,#57,#58);
#56 = CARTESIAN_POINT('',(159.7,-119.2,1.595));
#57 = DIRECTION('',(0.,-0.,1.));
#58 = DIRECTION('',(1.110223024625E-16,1.,0.));
#59 = AXIS2_PLACEMENT_3D('',#60,#61,#62);
#60 = CARTESIAN_POINT('',(121.,-129.25,1.595));
#61 = DIRECTION('',(0.,-0.,1.));
#62 = DIRECTION('',(1.110223024625E-16,1.,0.));
#63 = AXIS2_PLACEMENT_3D('',#64,#65,#66);
#64 = CARTESIAN_POINT('',(143.5,-129.25,1.595));
#65 = DIRECTION('',(0.,-0.,1.));
#66 = DIRECTION('',(1.110223024625E-16,1.,0.));
#67 = AXIS2_PLACEMENT_3D('',#68,#69,#70);
#68 = CARTESIAN_POINT('',(145.4,-136.5,1.595));
#69 = DIRECTION('',(0.,-0.,1.));
#70 = DIRECTION('',(1.110223024625E-16,1.,0.));
#71 = AXIS2_PLACEMENT_3D('',#72,#73,#74);
#72 = CARTESIAN_POINT('',(142.3,-122.8,1.595));
#73 = DIRECTION('',(0.,-0.,1.));
#74 = DIRECTION('',(1.110223024625E-16,1.,0.));
#75 = AXIS2_PLACEMENT_3D('',#76,#77,#78);
#76 = CARTESIAN_POINT('',(152.2,-119.2,1.595));
#77 = DIRECTION('',(0.,-0.,1.));
#78 = DIRECTION('',(1.110223024625E-16,1.,0.));
#79 = AXIS2_PLACEMENT_3D('',#80,#81,#82);
#80 = CARTESIAN_POINT('',(122.2,-119.2,1.595));
#81 = DIRECTION('',(0.,-0.,1.));
#82 = DIRECTION('',(1.110223024625E-16,1.,0.));
#83 = AXIS2_PLACEMENT_3D('',#84,#85,#86);
#84 = CARTESIAN_POINT('',(106.,-129.25,1.595));
#85 = DIRECTION('',(0.,-0.,1.));
#86 = DIRECTION('',(1.110223024625E-16,1.,0.));
#87 = AXIS2_PLACEMENT_3D('',#88,#89,#90);
#88 = CARTESIAN_POINT('',(112.2,-136.,1.595));
#89 = DIRECTION('',(0.,-0.,1.));
#90 = DIRECTION('',(1.110223024625E-16,1.,0.));
#91 = AXIS2_PLACEMENT_3D('',#92,#93,#94);
#92 = CARTESIAN_POINT('',(149.8,-122.8,1.595));
#93 = DIRECTION('',(0.,-0.,1.));
#94 = DIRECTION('',(1.110223024625E-16,1.,0.));
#95 = AXIS2_PLACEMENT_3D('',#96,#97,#98);
#96 = CARTESIAN_POINT('',(107.2,-122.8,1.595));
#97 = DIRECTION('',(0.,-0.,1.));
#98 = DIRECTION('',(1.110223024625E-16,1.,0.));
#99 = AXIS2_PLACEMENT_3D('',#100,#101,#102);
#100 = CARTESIAN_POINT('',(163.7,-151.,1.595));
#101 = DIRECTION('',(0.,0.,1.));
#102 = DIRECTION('',(1.,0.,0.));
#103 = AXIS2_PLACEMENT_3D('',#104,#105,#106);
#104 = CARTESIAN_POINT('',(120.7,-151.,1.595));
#105 = DIRECTION('',(0.,0.,1.));
#106 = DIRECTION('',(1.,0.,0.));
#107 = AXIS2_PLACEMENT_3D('',#108,#109,#110);
#108 = CARTESIAN_POINT('',(119.8,-122.8,1.595));
#109 = DIRECTION('',(0.,-0.,1.));
#110 = DIRECTION('',(1.110223024625E-16,1.,0.));
#111 = AXIS2_PLACEMENT_3D('',#112,#113,#114);
#112 = CARTESIAN_POINT('',(107.9,-136.5,1.595));
#113 = DIRECTION('',(0.,-0.,1.));
#114 = DIRECTION('',(1.110223024625E-16,1.,0.));
#115 = AXIS2_PLACEMENT_3D('',#116,#117,#118);
#116 = CARTESIAN_POINT('',(103.5,-151.,1.595));
#117 = DIRECTION('',(0.,0.,1.));
#118 = DIRECTION('',(1.,0.,0.));
#119 = AXIS2_PLACEMENT_3D('',#120,#121,#122);
#120 = CARTESIAN_POINT('',(126.,-109.,1.595));
#121 = DIRECTION('',(0.,0.,1.));
#122 = DIRECTION('',(1.,0.,0.));
#123 = AXIS2_PLACEMENT_3D('',#124,#125,#126);
#124 = CARTESIAN_POINT('',(137.2,-122.8,1.595));
#125 = DIRECTION('',(0.,-0.,1.));
#126 = DIRECTION('',(1.110223024625E-16,1.,0.));
#127 = AXIS2_PLACEMENT_3D('',#128,#129,#130);
#128 = CARTESIAN_POINT('',(130.,-103.5,1.595));
#129 = DIRECTION('',(0.,-0.,1.));
#130 = DIRECTION('',(1.110223024625E-16,1.,0.));
#131 = AXIS2_PLACEMENT_3D('',#132,#133,#134);
#132 = CARTESIAN_POINT('',(158.5,-129.25,1.595));
#133 = DIRECTION('',(0.,-0.,1.));
#134 = DIRECTION('',(1.110223024625E-16,1.,0.));
#135 = AXIS2_PLACEMENT_3D('',#136,#137,#138);
#136 = CARTESIAN_POINT('',(115.4,-136.5,1.595));
#137 = DIRECTION('',(0.,-0.,1.));
#138 = DIRECTION('',(1.110223024625E-16,1.,0.));
#139 = AXIS2_PLACEMENT_3D('',#140,#141,#142);
#140 = CARTESIAN_POINT('',(152.9,-136.5,1.595));
#141 = DIRECTION('',(0.,-0.,1.));
#142 = DIRECTION('',(1.110223024625E-16,1.,0.));
#143 = AXIS2_PLACEMENT_3D('',#144,#145,#146);
#144 = CARTESIAN_POINT('',(130.4,-136.5,1.595));
#145 = DIRECTION('',(0.,-0.,1.));
#146 = DIRECTION('',(1.110223024625E-16,1.,0.));
#147 = AXIS2_PLACEMENT_3D('',#148,#149,#150);
#148 = CARTESIAN_POINT('',(151.,-129.25,1.595));
#149 = DIRECTION('',(0.,-0.,1.));
#150 = DIRECTION('',(1.110223024625E-16,1.,0.));
#151 = AXIS2_PLACEMENT_3D('',#152,#153,#154);
#152 = CARTESIAN_POINT('',(114.7,-119.2,1.595));
#153 = DIRECTION('',(0.,-0.,1.));
#154 = DIRECTION('',(1.110223024625E-16,1.,0.));
#155 = AXIS2_PLACEMENT_3D('',#156,#157,#158);
#156 = CARTESIAN_POINT('',(146.,-115.6,1.595));
#157 = DIRECTION('',(0.,0.,1.));
#158 = DIRECTION('',(1.,0.,0.));
#159 = AXIS2_PLACEMENT_3D('',#160,#161,#162);
#160 = CARTESIAN_POINT('',(129.7,-122.8,1.595));
#161 = DIRECTION('',(0.,-0.,1.));
#162 = DIRECTION('',(1.110223024625E-16,1.,0.));
#163 = AXIS2_PLACEMENT_3D('',#164,#165,#166);
#164 = CARTESIAN_POINT('',(160.4,-136.5,1.595));
#165 = DIRECTION('',(0.,-0.,1.));
#166 = DIRECTION('',(1.110223024625E-16,1.,0.));
#167 = AXIS2_PLACEMENT_3D('',#168,#169,#170);
#168 = CARTESIAN_POINT('',(137.9,-136.5,1.595));
#169 = DIRECTION('',(0.,-0.,1.));
#170 = DIRECTION('',(1.110223024625E-16,1.,0.));
#171 = AXIS2_PLACEMENT_3D('',#172,#173,#174);
#172 = CARTESIAN_POINT('',(134.8,-122.8,1.595));
#173 = DIRECTION('',(0.,-0.,1.));
#174 = DIRECTION('',(1.110223024625E-16,1.,0.));
#175 = AXIS2_PLACEMENT_3D('',#176,#177,#178);
#176 = CARTESIAN_POINT('',(157.2,-136.,1.595));
#177 = DIRECTION('',(0.,-0.,1.));
#178 = DIRECTION('',(1.110223024625E-16,1.,0.));
#179 = AXIS2_PLACEMENT_3D('',#180,#181,#182);
#180 = CARTESIAN_POINT('',(134.7,-136.,1.595));
#181 = DIRECTION('',(0.,-0.,1.));
#182 = DIRECTION('',(1.110223024625E-16,1.,0.));
#183 = AXIS2_PLACEMENT_3D('',#184,#185,#186);
#184 = CARTESIAN_POINT('',(137.2,-119.2,1.595));
#185 = DIRECTION('',(0.,-0.,1.));
#186 = DIRECTION('',(1.110223024625E-16,1.,0.));
#187 = AXIS2_PLACEMENT_3D('',#188,#189,#190);
#188 = CARTESIAN_POINT('',(144.7,-119.2,1.595));
#189 = DIRECTION('',(0.,-0.,1.));
#190 = DIRECTION('',(1.110223024625E-16,1.,0.));
#191 = AXIS2_PLACEMENT_3D('',#192,#193,#194);
#192 = CARTESIAN_POINT('',(104.8,-122.8,1.595));
#193 = DIRECTION('',(0.,-0.,1.));
#194 = DIRECTION('',(1.110223024625E-16,1.,0.));
#195 = AXIS2_PLACEMENT_3D('',#196,#197,#198);
#196 = CARTESIAN_POINT('',(128.5,-129.25,1.595));
#197 = DIRECTION('',(0.,-0.,1.));
#198 = DIRECTION('',(1.110223024625E-16,1.,0.));
#199 = AXIS2_PLACEMENT_3D('',#200,#201,#202);
#200 = CARTESIAN_POINT('',(142.2,-136.,1.595));
#201 = DIRECTION('',(0.,-0.,1.));
#202 = DIRECTION('',(1.110223024625E-16,1.,0.));
#203 = AXIS2_PLACEMENT_3D('',#204,#205,#206);
#204 = CARTESIAN_POINT('',(155.1,-151.,1.595));
#205 = DIRECTION('',(0.,0.,1.));
#206 = DIRECTION('',(1.,0.,0.));
#207 = AXIS2_PLACEMENT_3D('',#208,#209,#210);
#208 = CARTESIAN_POINT('',(149.7,-136.,1.595));
#209 = DIRECTION('',(0.,-0.,1.));
#210 = DIRECTION('',(1.110223024625E-16,1.,0.));
#211 = AXIS2_PLACEMENT_3D('',#212,#213,#214);
#212 = CARTESIAN_POINT('',(129.3,-151.,1.595));
#213 = DIRECTION('',(0.,0.,1.));
#214 = DIRECTION('',(1.,0.,0.));
#215 = AXIS2_PLACEMENT_3D('',#216,#217,#218);
#216 = CARTESIAN_POINT('',(107.2,-119.2,1.595));
#217 = DIRECTION('',(0.,-0.,1.));
#218 = DIRECTION('',(1.110223024625E-16,1.,0.));
#219 = AXIS2_PLACEMENT_3D('',#220,#221,#222);
#220 = CARTESIAN_POINT('',(122.9,-136.5,1.595));
#221 = DIRECTION('',(0.,-0.,1.));
#222 = DIRECTION('',(1.110223024625E-16,1.,0.));
#223 = AXIS2_PLACEMENT_3D('',#224,#225,#226);
#224 = CARTESIAN_POINT('',(159.7,-122.8,1.595));
#225 = DIRECTION('',(0.,-0.,1.));
#226 = DIRECTION('',(1.110223024625E-16,1.,0.));
#227 = AXIS2_PLACEMENT_3D('',#228,#229,#230);
#228 = CARTESIAN_POINT('',(122.2,-122.8,1.595));
#229 = DIRECTION('',(0.,-0.,1.));
#230 = DIRECTION('',(1.110223024625E-16,1.,0.));
#231 = AXIS2_PLACEMENT_3D('',#232,#233,#234);
#232 = CARTESIAN_POINT('',(144.7,-122.8,1.595));
#233 = DIRECTION('',(0.,-0.,1.));
#234 = DIRECTION('',(1.110223024625E-16,1.,0.));
#235 = AXIS2_PLACEMENT_3D('',#236,#237,#238);
#236 = CARTESIAN_POINT('',(112.3,-122.8,1.595));
#237 = DIRECTION('',(0.,-0.,1.));
#238 = DIRECTION('',(1.110223024625E-16,1.,0.));
#239 = AXIS2_PLACEMENT_3D('',#240,#241,#242);
#240 = CARTESIAN_POINT('',(127.3,-122.8,1.595));
#241 = DIRECTION('',(0.,-0.,1.));
#242 = DIRECTION('',(1.110223024625E-16,1.,0.));
#243 = AXIS2_PLACEMENT_3D('',#244,#245,#246);
#244 = CARTESIAN_POINT('',(113.5,-129.25,1.595));
#245 = DIRECTION('',(0.,-0.,1.));
#246 = DIRECTION('',(1.110223024625E-16,1.,0.));
#247 = AXIS2_PLACEMENT_3D('',#248,#249,#250);
#248 = CARTESIAN_POINT('',(157.3,-122.8,1.595));
#249 = DIRECTION('',(0.,-0.,1.));
#250 = DIRECTION('',(1.110223024625E-16,1.,0.));
#251 = AXIS2_PLACEMENT_3D('',#252,#253,#254);
#252 = CARTESIAN_POINT('',(114.7,-122.8,1.595));
#253 = DIRECTION('',(0.,-0.,1.));
#254 = DIRECTION('',(1.110223024625E-16,1.,0.));
#255 = AXIS2_PLACEMENT_3D('',#256,#257,#258);
#256 = CARTESIAN_POINT('',(119.7,-136.,1.595));
#257 = DIRECTION('',(0.,-0.,1.));
#258 = DIRECTION('',(1.110223024625E-16,1.,0.));
#259 = AXIS2_PLACEMENT_3D('',#260,#261,#262);
#260 = CARTESIAN_POINT('',(0.,0.,0.));
#261 = DIRECTION('',(0.,0.,1.));
#262 = DIRECTION('',(1.,0.,-0.));
#263 = ( GEOMETRIC_REPRESENTATION_CONTEXT(3) 
GLOBAL_UNCERTAINTY_ASSIGNED_CONTEXT((#267)) GLOBAL_UNIT_ASSIGNED_CONTEXT
((#264,#265,#266)) REPRESENTATION_CONTEXT('Context #1',
  '3D Context with UNIT and UNCERTAINTY') );
#264 = ( LENGTH_UNIT() NAMED_UNIT(*) SI_UNIT(.MILLI.,.METRE.) );
#265 = ( NAMED_UNIT(*) PLANE_ANGLE_UNIT() SI_UNIT($,.RADIAN.) );
#266 = ( NAMED_UNIT(*) SI_UNIT($,.STERADIAN.) SOLID_ANGLE_UNIT() );
#267 = UNCERTAINTY_MEASURE_WITH_UNIT(LENGTH_MEASURE(2.E-07),#264,
  'distance_accuracy_value','confusion accuracy');
#268 = PRODUCT_RELATED_PRODUCT_CATEGORY('part',$,(#7));
#269 = SHAPE_DEFINITION_REPRESENTATION(#270,#276);
#270 = PRODUCT_DEFINITION_SHAPE('','',#271);
#271 = PRODUCT_DEFINITION('design','',#272,#275);
#272 = PRODUCT_DEFINITION_FORMATION('','',#273);
#273 = PRODUCT('R_0603_1608Metric','R_0603_1608Metric','',(#274));
#274 = PRODUCT_CONTEXT('',#2,'mechanical');
#275 = PRODUCT_DEFINITION_CONTEXT('part definition',#2,'design');
#276 = ADVANCED_BREP_SHAPE_REPRESENTATION('',(#11,#277),#1067);
#277 = MANIFOLD_SOLID_BREP('',#278);
#278 = CLOSED_SHELL('',(#279,#319,#402,#427,#452,#519,#536,#553,#602,
    #619,#636,#685,#702,#771,#802,#826,#895,#919,#936,#953,#970,#987,
    #1004,#1021,#1038,#1055));
#279 = ADVANCED_FACE('',(#280),#314,.F.);
#280 = FACE_BOUND('',#281,.F.);
#281 = EDGE_LOOP('',(#282,#292,#300,#308));
#282 = ORIENTED_EDGE('',*,*,#283,.F.);
#283 = EDGE_CURVE('',#284,#286,#288,.T.);
#284 = VERTEX_POINT('',#285);
#285 = CARTESIAN_POINT('',(-0.8,-0.4,4.5E-02));
#286 = VERTEX_POINT('',#287);
#287 = CARTESIAN_POINT('',(-0.8,-0.4,0.405));
#288 = LINE('',#289,#290);
#289 = CARTESIAN_POINT('',(-0.8,-0.4,0.));
#290 = VECTOR('',#291,1.);
#291 = DIRECTION('',(0.,0.,1.));
#292 = ORIENTED_EDGE('',*,*,#293,.T.);
#293 = EDGE_CURVE('',#284,#294,#296,.T.);
#294 = VERTEX_POINT('',#295);
#295 = CARTESIAN_POINT('',(-0.8,0.4,4.5E-02));
#296 = LINE('',#297,#298);
#297 = CARTESIAN_POINT('',(-0.8,-0.4,4.5E-02));
#298 = VECTOR('',#299,1.);
#299 = DIRECTION('',(0.,1.,0.));
#300 = ORIENTED_EDGE('',*,*,#301,.T.);
#301 = EDGE_CURVE('',#294,#302,#304,.T.);
#302 = VERTEX_POINT('',#303);
#303 = CARTESIAN_POINT('',(-0.8,0.4,0.405));
#304 = LINE('',#305,#306);
#305 = CARTESIAN_POINT('',(-0.8,0.4,0.));
#306 = VECTOR('',#307,1.);
#307 = DIRECTION('',(0.,0.,1.));
#308 = ORIENTED_EDGE('',*,*,#309,.F.);
#309 = EDGE_CURVE('',#286,#302,#310,.T.);
#310 = LINE('',#311,#312);
#311 = CARTESIAN_POINT('',(-0.8,-0.4,0.405));
#312 = VECTOR('',#313,1.);
#313 = DIRECTION('',(0.,1.,0.));
#314 = PLANE('',#315);
#315 = AXIS2_PLACEMENT_3D('',#316,#317,#318);
#316 = CARTESIAN_POINT('',(-0.8,-0.4,0.));
#317 = DIRECTION('',(1.,0.,0.));
#318 = DIRECTION('',(0.,0.,1.));
#319 = ADVANCED_FACE('',(#320),#397,.F.);
#320 = FACE_BOUND('',#321,.F.);
#321 = EDGE_LOOP('',(#322,#332,#339,#340,#349,#357,#366,#374,#382,#390)
  );
#322 = ORIENTED_EDGE('',*,*,#323,.F.);
#323 = EDGE_CURVE('',#324,#326,#328,.T.);
#324 = VERTEX_POINT('',#325);
#325 = CARTESIAN_POINT('',(-0.755,-0.4,-2.775557561563E-17));
#326 = VERTEX_POINT('',#327);
#327 = CARTESIAN_POINT('',(-0.545,-0.4,-2.775557561563E-17));
#328 = LINE('',#329,#330);
#329 = CARTESIAN_POINT('',(-0.8,-0.4,0.));
#330 = VECTOR('',#331,1.);
#331 = DIRECTION('',(1.,0.,0.));
#332 = ORIENTED_EDGE('',*,*,#333,.F.);
#333 = EDGE_CURVE('',#284,#324,#334,.T.);
#334 = CIRCLE('',#335,4.5E-02);
#335 = AXIS2_PLACEMENT_3D('',#336,#337,#338);
#336 = CARTESIAN_POINT('',(-0.755,-0.4,4.5E-02));
#337 = DIRECTION('',(0.,-1.,0.));
#338 = DIRECTION('',(0.,0.,1.));
#339 = ORIENTED_EDGE('',*,*,#283,.T.);
#340 = ORIENTED_EDGE('',*,*,#341,.T.);
#341 = EDGE_CURVE('',#286,#342,#344,.T.);
#342 = VERTEX_POINT('',#343);
#343 = CARTESIAN_POINT('',(-0.755,-0.4,0.45));
#344 = CIRCLE('',#345,4.5E-02);
#345 = AXIS2_PLACEMENT_3D('',#346,#347,#348);
#346 = CARTESIAN_POINT('',(-0.755,-0.4,0.405));
#347 = DIRECTION('',(0.,1.,0.));
#348 = DIRECTION('',(0.,-0.,1.));
#349 = ORIENTED_EDGE('',*,*,#350,.T.);
#350 = EDGE_CURVE('',#342,#351,#353,.T.);
#351 = VERTEX_POINT('',#352);
#352 = CARTESIAN_POINT('',(-0.545,-0.4,0.45));
#353 = LINE('',#354,#355);
#354 = CARTESIAN_POINT('',(-0.8,-0.4,0.45));
#355 = VECTOR('',#356,1.);
#356 = DIRECTION('',(1.,0.,0.));
#357 = ORIENTED_EDGE('',*,*,#358,.F.);
#358 = EDGE_CURVE('',#359,#351,#361,.T.);
#359 = VERTEX_POINT('',#360);
#360 = CARTESIAN_POINT('',(-0.5,-0.4,0.405));
#361 = CIRCLE('',#362,4.5E-02);
#362 = AXIS2_PLACEMENT_3D('',#363,#364,#365);
#363 = CARTESIAN_POINT('',(-0.545,-0.4,0.405));
#364 = DIRECTION('',(0.,-1.,0.));
#365 = DIRECTION('',(0.,0.,1.));
#366 = ORIENTED_EDGE('',*,*,#367,.F.);
#367 = EDGE_CURVE('',#368,#359,#370,.T.);
#368 = VERTEX_POINT('',#369);
#369 = CARTESIAN_POINT('',(-0.755,-0.4,0.405));
#370 = LINE('',#371,#372);
#371 = CARTESIAN_POINT('',(-0.755,-0.4,0.405));
#372 = VECTOR('',#373,1.);
#373 = DIRECTION('',(1.,0.,0.));
#374 = ORIENTED_EDGE('',*,*,#375,.F.);
#375 = EDGE_CURVE('',#376,#368,#378,.T.);
#376 = VERTEX_POINT('',#377);
#377 = CARTESIAN_POINT('',(-0.755,-0.4,4.5E-02));
#378 = LINE('',#379,#380);
#379 = CARTESIAN_POINT('',(-0.755,-0.4,4.5E-02));
#380 = VECTOR('',#381,1.);
#381 = DIRECTION('',(0.,0.,1.));
#382 = ORIENTED_EDGE('',*,*,#383,.T.);
#383 = EDGE_CURVE('',#376,#384,#386,.T.);
#384 = VERTEX_POINT('',#385);
#385 = CARTESIAN_POINT('',(-0.5,-0.4,4.5E-02));
#386 = LINE('',#387,#388);
#387 = CARTESIAN_POINT('',(-0.755,-0.4,4.5E-02));
#388 = VECTOR('',#389,1.);
#389 = DIRECTION('',(1.,0.,0.));
#390 = ORIENTED_EDGE('',*,*,#391,.T.);
#391 = EDGE_CURVE('',#384,#326,#392,.T.);
#392 = CIRCLE('',#393,4.5E-02);
#393 = AXIS2_PLACEMENT_3D('',#394,#395,#396);
#394 = CARTESIAN_POINT('',(-0.545,-0.4,4.5E-02));
#395 = DIRECTION('',(0.,1.,0.));
#396 = DIRECTION('',(0.,-0.,1.));
#397 = PLANE('',#398);
#398 = AXIS2_PLACEMENT_3D('',#399,#400,#401);
#399 = CARTESIAN_POINT('',(-0.8,-0.4,0.));
#400 = DIRECTION('',(0.,1.,0.));
#401 = DIRECTION('',(0.,-0.,1.));
#402 = ADVANCED_FACE('',(#403),#422,.T.);
#403 = FACE_BOUND('',#404,.T.);
#404 = EDGE_LOOP('',(#405,#406,#415,#421));
#405 = ORIENTED_EDGE('',*,*,#293,.T.);
#406 = ORIENTED_EDGE('',*,*,#407,.T.);
#407 = EDGE_CURVE('',#294,#408,#410,.T.);
#408 = VERTEX_POINT('',#409);
#409 = CARTESIAN_POINT('',(-0.755,0.4,-2.775557561563E-17));
#410 = CIRCLE('',#411,4.5E-02);
#411 = AXIS2_PLACEMENT_3D('',#412,#413,#414);
#412 = CARTESIAN_POINT('',(-0.755,0.4,4.5E-02));
#413 = DIRECTION('',(0.,-1.,0.));
#414 = DIRECTION('',(0.,0.,1.));
#415 = ORIENTED_EDGE('',*,*,#416,.F.);
#416 = EDGE_CURVE('',#324,#408,#417,.T.);
#417 = LINE('',#418,#419);
#418 = CARTESIAN_POINT('',(-0.755,-0.4,-2.775557561563E-17));
#419 = VECTOR('',#420,1.);
#420 = DIRECTION('',(0.,1.,0.));
#421 = ORIENTED_EDGE('',*,*,#333,.F.);
#422 = CYLINDRICAL_SURFACE('',#423,4.5E-02);
#423 = AXIS2_PLACEMENT_3D('',#424,#425,#426);
#424 = CARTESIAN_POINT('',(-0.755,-0.4,4.5E-02));
#425 = DIRECTION('',(0.,1.,0.));
#426 = DIRECTION('',(-1.,0.,0.));
#427 = ADVANCED_FACE('',(#428),#447,.T.);
#428 = FACE_BOUND('',#429,.T.);
#429 = EDGE_LOOP('',(#430,#431,#439,#446));
#430 = ORIENTED_EDGE('',*,*,#341,.T.);
#431 = ORIENTED_EDGE('',*,*,#432,.T.);
#432 = EDGE_CURVE('',#342,#433,#435,.T.);
#433 = VERTEX_POINT('',#434);
#434 = CARTESIAN_POINT('',(-0.755,0.4,0.45));
#435 = LINE('',#436,#437);
#436 = CARTESIAN_POINT('',(-0.755,-0.4,0.45));
#437 = VECTOR('',#438,1.);
#438 = DIRECTION('',(0.,1.,0.));
#439 = ORIENTED_EDGE('',*,*,#440,.F.);
#440 = EDGE_CURVE('',#302,#433,#441,.T.);
#441 = CIRCLE('',#442,4.5E-02);
#442 = AXIS2_PLACEMENT_3D('',#443,#444,#445);
#443 = CARTESIAN_POINT('',(-0.755,0.4,0.405));
#444 = DIRECTION('',(0.,1.,0.));
#445 = DIRECTION('',(0.,-0.,1.));
#446 = ORIENTED_EDGE('',*,*,#309,.F.);
#447 = CYLINDRICAL_SURFACE('',#448,4.5E-02);
#448 = AXIS2_PLACEMENT_3D('',#449,#450,#451);
#449 = CARTESIAN_POINT('',(-0.755,-0.4,0.405));
#450 = DIRECTION('',(0.,1.,0.));
#451 = DIRECTION('',(-1.,0.,0.));
#452 = ADVANCED_FACE('',(#453),#514,.T.);
#453 = FACE_BOUND('',#454,.T.);
#454 = EDGE_LOOP('',(#455,#463,#464,#465,#466,#474,#483,#491,#499,#507)
  );
#455 = ORIENTED_EDGE('',*,*,#456,.F.);
#456 = EDGE_CURVE('',#408,#457,#459,.T.);
#457 = VERTEX_POINT('',#458);
#458 = CARTESIAN_POINT('',(-0.545,0.4,-2.775557561563E-17));
#459 = LINE('',#460,#461);
#460 = CARTESIAN_POINT('',(-0.8,0.4,0.));
#461 = VECTOR('',#462,1.);
#462 = DIRECTION('',(1.,0.,0.));
#463 = ORIENTED_EDGE('',*,*,#407,.F.);
#464 = ORIENTED_EDGE('',*,*,#301,.T.);
#465 = ORIENTED_EDGE('',*,*,#440,.T.);
#466 = ORIENTED_EDGE('',*,*,#467,.T.);
#467 = EDGE_CURVE('',#433,#468,#470,.T.);
#468 = VERTEX_POINT('',#469);
#469 = CARTESIAN_POINT('',(-0.545,0.4,0.45));
#470 = LINE('',#471,#472);
#471 = CARTESIAN_POINT('',(-0.8,0.4,0.45));
#472 = VECTOR('',#473,1.);
#473 = DIRECTION('',(1.,0.,0.));
#474 = ORIENTED_EDGE('',*,*,#475,.F.);
#475 = EDGE_CURVE('',#476,#468,#478,.T.);
#476 = VERTEX_POINT('',#477);
#477 = CARTESIAN_POINT('',(-0.5,0.4,0.405));
#478 = CIRCLE('',#479,4.5E-02);
#479 = AXIS2_PLACEMENT_3D('',#480,#481,#482);
#480 = CARTESIAN_POINT('',(-0.545,0.4,0.405));
#481 = DIRECTION('',(0.,-1.,0.));
#482 = DIRECTION('',(0.,0.,1.));
#483 = ORIENTED_EDGE('',*,*,#484,.F.);
#484 = EDGE_CURVE('',#485,#476,#487,.T.);
#485 = VERTEX_POINT('',#486);
#486 = CARTESIAN_POINT('',(-0.755,0.4,0.405));
#487 = LINE('',#488,#489);
#488 = CARTESIAN_POINT('',(-0.755,0.4,0.405));
#489 = VECTOR('',#490,1.);
#490 = DIRECTION('',(1.,0.,0.));
#491 = ORIENTED_EDGE('',*,*,#492,.F.);
#492 = EDGE_CURVE('',#493,#485,#495,.T.);
#493 = VERTEX_POINT('',#494);
#494 = CARTESIAN_POINT('',(-0.755,0.4,4.5E-02));
#495 = LINE('',#496,#497);
#496 = CARTESIAN_POINT('',(-0.755,0.4,4.5E-02));
#497 = VECTOR('',#498,1.);
#498 = DIRECTION('',(0.,0.,1.));
#499 = ORIENTED_EDGE('',*,*,#500,.T.);
#500 = EDGE_CURVE('',#493,#501,#503,.T.);
#501 = VERTEX_POINT('',#502);
#502 = CARTESIAN_POINT('',(-0.5,0.4,4.5E-02));
#503 = LINE('',#504,#505);
#504 = CARTESIAN_POINT('',(-0.755,0.4,4.5E-02));
#505 = VECTOR('',#506,1.);
#506 = DIRECTION('',(1.,0.,0.));
#507 = ORIENTED_EDGE('',*,*,#508,.T.);
#508 = EDGE_CURVE('',#501,#457,#509,.T.);
#509 = CIRCLE('',#510,4.5E-02);
#510 = AXIS2_PLACEMENT_3D('',#511,#512,#513);
#511 = CARTESIAN_POINT('',(-0.545,0.4,4.5E-02));
#512 = DIRECTION('',(0.,1.,0.));
#513 = DIRECTION('',(0.,-0.,1.));
#514 = PLANE('',#515);
#515 = AXIS2_PLACEMENT_3D('',#516,#517,#518);
#516 = CARTESIAN_POINT('',(-0.8,0.4,0.));
#517 = DIRECTION('',(0.,1.,0.));
#518 = DIRECTION('',(0.,-0.,1.));
#519 = ADVANCED_FACE('',(#520),#531,.F.);
#520 = FACE_BOUND('',#521,.F.);
#521 = EDGE_LOOP('',(#522,#523,#524,#525));
#522 = ORIENTED_EDGE('',*,*,#456,.F.);
#523 = ORIENTED_EDGE('',*,*,#416,.F.);
#524 = ORIENTED_EDGE('',*,*,#323,.T.);
#525 = ORIENTED_EDGE('',*,*,#526,.T.);
#526 = EDGE_CURVE('',#326,#457,#527,.T.);
#527 = LINE('',#528,#529);
#528 = CARTESIAN_POINT('',(-0.545,-0.4,-2.775557561563E-17));
#529 = VECTOR('',#530,1.);
#530 = DIRECTION('',(0.,1.,0.));
#531 = PLANE('',#532);
#532 = AXIS2_PLACEMENT_3D('',#533,#534,#535);
#533 = CARTESIAN_POINT('',(-0.8,-0.4,0.));
#534 = DIRECTION('',(0.,0.,1.));
#535 = DIRECTION('',(1.,0.,-0.));
#536 = ADVANCED_FACE('',(#537),#548,.T.);
#537 = FACE_BOUND('',#538,.T.);
#538 = EDGE_LOOP('',(#539,#540,#541,#542));
#539 = ORIENTED_EDGE('',*,*,#391,.T.);
#540 = ORIENTED_EDGE('',*,*,#526,.T.);
#541 = ORIENTED_EDGE('',*,*,#508,.F.);
#542 = ORIENTED_EDGE('',*,*,#543,.F.);
#543 = EDGE_CURVE('',#384,#501,#544,.T.);
#544 = LINE('',#545,#546);
#545 = CARTESIAN_POINT('',(-0.5,-0.4,4.5E-02));
#546 = VECTOR('',#547,1.);
#547 = DIRECTION('',(0.,1.,0.));
#548 = CYLINDRICAL_SURFACE('',#549,4.5E-02);
#549 = AXIS2_PLACEMENT_3D('',#550,#551,#552);
#550 = CARTESIAN_POINT('',(-0.545,-0.4,4.5E-02));
#551 = DIRECTION('',(0.,1.,0.));
#552 = DIRECTION('',(1.,0.,0.));
#553 = ADVANCED_FACE('',(#554),#597,.F.);
#554 = FACE_BOUND('',#555,.F.);
#555 = EDGE_LOOP('',(#556,#557,#558,#559,#567,#575,#583,#591));
#556 = ORIENTED_EDGE('',*,*,#383,.F.);
#557 = ORIENTED_EDGE('',*,*,#375,.T.);
#558 = ORIENTED_EDGE('',*,*,#367,.T.);
#559 = ORIENTED_EDGE('',*,*,#560,.T.);
#560 = EDGE_CURVE('',#359,#561,#563,.T.);
#561 = VERTEX_POINT('',#562);
#562 = CARTESIAN_POINT('',(0.5,-0.4,0.405));
#563 = LINE('',#564,#565);
#564 = CARTESIAN_POINT('',(-0.5,-0.4,0.405));
#565 = VECTOR('',#566,1.);
#566 = DIRECTION('',(1.,0.,0.));
#567 = ORIENTED_EDGE('',*,*,#568,.T.);
#568 = EDGE_CURVE('',#561,#569,#571,.T.);
#569 = VERTEX_POINT('',#570);
#570 = CARTESIAN_POINT('',(0.755,-0.4,0.405));
#571 = LINE('',#572,#573);
#572 = CARTESIAN_POINT('',(-0.755,-0.4,0.405));
#573 = VECTOR('',#574,1.);
#574 = DIRECTION('',(1.,0.,0.));
#575 = ORIENTED_EDGE('',*,*,#576,.F.);
#576 = EDGE_CURVE('',#577,#569,#579,.T.);
#577 = VERTEX_POINT('',#578);
#578 = CARTESIAN_POINT('',(0.755,-0.4,4.5E-02));
#579 = LINE('',#580,#581);
#580 = CARTESIAN_POINT('',(0.755,-0.4,4.5E-02));
#581 = VECTOR('',#582,1.);
#582 = DIRECTION('',(0.,0.,1.));
#583 = ORIENTED_EDGE('',*,*,#584,.F.);
#584 = EDGE_CURVE('',#585,#577,#587,.T.);
#585 = VERTEX_POINT('',#586);
#586 = CARTESIAN_POINT('',(0.5,-0.4,4.5E-02));
#587 = LINE('',#588,#589);
#588 = CARTESIAN_POINT('',(-0.755,-0.4,4.5E-02));
#589 = VECTOR('',#590,1.);
#590 = DIRECTION('',(1.,0.,0.));
#591 = ORIENTED_EDGE('',*,*,#592,.F.);
#592 = EDGE_CURVE('',#384,#585,#593,.T.);
#593 = LINE('',#594,#595);
#594 = CARTESIAN_POINT('',(-0.755,-0.4,4.5E-02));
#595 = VECTOR('',#596,1.);
#596 = DIRECTION('',(1.,0.,0.));
#597 = PLANE('',#598);
#598 = AXIS2_PLACEMENT_3D('',#599,#600,#601);
#599 = CARTESIAN_POINT('',(-0.755,-0.4,4.5E-02));
#600 = DIRECTION('',(0.,1.,0.));
#601 = DIRECTION('',(0.,-0.,1.));
#602 = ADVANCED_FACE('',(#603),#614,.T.);
#603 = FACE_BOUND('',#604,.T.);
#604 = EDGE_LOOP('',(#605,#606,#607,#608));
#605 = ORIENTED_EDGE('',*,*,#467,.F.);
#606 = ORIENTED_EDGE('',*,*,#432,.F.);
#607 = ORIENTED_EDGE('',*,*,#350,.T.);
#608 = ORIENTED_EDGE('',*,*,#609,.T.);
#609 = EDGE_CURVE('',#351,#468,#610,.T.);
#610 = LINE('',#611,#612);
#611 = CARTESIAN_POINT('',(-0.545,-0.4,0.45));
#612 = VECTOR('',#613,1.);
#613 = DIRECTION('',(0.,1.,0.));
#614 = PLANE('',#615);
#615 = AXIS2_PLACEMENT_3D('',#616,#617,#618);
#616 = CARTESIAN_POINT('',(-0.8,-0.4,0.45));
#617 = DIRECTION('',(0.,0.,1.));
#618 = DIRECTION('',(1.,0.,-0.));
#619 = ADVANCED_FACE('',(#620),#631,.T.);
#620 = FACE_BOUND('',#621,.T.);
#621 = EDGE_LOOP('',(#622,#628,#629,#630));
#622 = ORIENTED_EDGE('',*,*,#623,.T.);
#623 = EDGE_CURVE('',#359,#476,#624,.T.);
#624 = LINE('',#625,#626);
#625 = CARTESIAN_POINT('',(-0.5,-0.4,0.405));
#626 = VECTOR('',#627,1.);
#627 = DIRECTION('',(0.,1.,0.));
#628 = ORIENTED_EDGE('',*,*,#475,.T.);
#629 = ORIENTED_EDGE('',*,*,#609,.F.);
#630 = ORIENTED_EDGE('',*,*,#358,.F.);
#631 = CYLINDRICAL_SURFACE('',#632,4.5E-02);
#632 = AXIS2_PLACEMENT_3D('',#633,#634,#635);
#633 = CARTESIAN_POINT('',(-0.545,-0.4,0.405));
#634 = DIRECTION('',(0.,1.,0.));
#635 = DIRECTION('',(1.,0.,0.));
#636 = ADVANCED_FACE('',(#637),#680,.T.);
#637 = FACE_BOUND('',#638,.T.);
#638 = EDGE_LOOP('',(#639,#640,#641,#642,#650,#658,#666,#674));
#639 = ORIENTED_EDGE('',*,*,#500,.F.);
#640 = ORIENTED_EDGE('',*,*,#492,.T.);
#641 = ORIENTED_EDGE('',*,*,#484,.T.);
#642 = ORIENTED_EDGE('',*,*,#643,.T.);
#643 = EDGE_CURVE('',#476,#644,#646,.T.);
#644 = VERTEX_POINT('',#645);
#645 = CARTESIAN_POINT('',(0.5,0.4,0.405));
#646 = LINE('',#647,#648);
#647 = CARTESIAN_POINT('',(-0.5,0.4,0.405));
#648 = VECTOR('',#649,1.);
#649 = DIRECTION('',(1.,0.,0.));
#650 = ORIENTED_EDGE('',*,*,#651,.T.);
#651 = EDGE_CURVE('',#644,#652,#654,.T.);
#652 = VERTEX_POINT('',#653);
#653 = CARTESIAN_POINT('',(0.755,0.4,0.405));
#654 = LINE('',#655,#656);
#655 = CARTESIAN_POINT('',(-0.755,0.4,0.405));
#656 = VECTOR('',#657,1.);
#657 = DIRECTION('',(1.,0.,0.));
#658 = ORIENTED_EDGE('',*,*,#659,.F.);
#659 = EDGE_CURVE('',#660,#652,#662,.T.);
#660 = VERTEX_POINT('',#661);
#661 = CARTESIAN_POINT('',(0.755,0.4,4.5E-02));
#662 = LINE('',#663,#664);
#663 = CARTESIAN_POINT('',(0.755,0.4,4.5E-02));
#664 = VECTOR('',#665,1.);
#665 = DIRECTION('',(0.,0.,1.));
#666 = ORIENTED_EDGE('',*,*,#667,.F.);
#667 = EDGE_CURVE('',#668,#660,#670,.T.);
#668 = VERTEX_POINT('',#669);
#669 = CARTESIAN_POINT('',(0.5,0.4,4.5E-02));
#670 = LINE('',#671,#672);
#671 = CARTESIAN_POINT('',(-0.755,0.4,4.5E-02));
#672 = VECTOR('',#673,1.);
#673 = DIRECTION('',(1.,0.,0.));
#674 = ORIENTED_EDGE('',*,*,#675,.F.);
#675 = EDGE_CURVE('',#501,#668,#676,.T.);
#676 = LINE('',#677,#678);
#677 = CARTESIAN_POINT('',(-0.755,0.4,4.5E-02));
#678 = VECTOR('',#679,1.);
#679 = DIRECTION('',(1.,0.,0.));
#680 = PLANE('',#681);
#681 = AXIS2_PLACEMENT_3D('',#682,#683,#684);
#682 = CARTESIAN_POINT('',(-0.755,0.4,4.5E-02));
#683 = DIRECTION('',(0.,1.,0.));
#684 = DIRECTION('',(0.,-0.,1.));
#685 = ADVANCED_FACE('',(#686),#697,.F.);
#686 = FACE_BOUND('',#687,.F.);
#687 = EDGE_LOOP('',(#688,#689,#690,#696));
#688 = ORIENTED_EDGE('',*,*,#543,.F.);
#689 = ORIENTED_EDGE('',*,*,#592,.T.);
#690 = ORIENTED_EDGE('',*,*,#691,.T.);
#691 = EDGE_CURVE('',#585,#668,#692,.T.);
#692 = LINE('',#693,#694);
#693 = CARTESIAN_POINT('',(0.5,-0.4,4.5E-02));
#694 = VECTOR('',#695,1.);
#695 = DIRECTION('',(0.,1.,0.));
#696 = ORIENTED_EDGE('',*,*,#675,.F.);
#697 = PLANE('',#698);
#698 = AXIS2_PLACEMENT_3D('',#699,#700,#701);
#699 = CARTESIAN_POINT('',(-0.755,-0.4,4.5E-02));
#700 = DIRECTION('',(0.,0.,1.));
#701 = DIRECTION('',(1.,0.,-0.));
#702 = ADVANCED_FACE('',(#703),#766,.F.);
#703 = FACE_BOUND('',#704,.F.);
#704 = EDGE_LOOP('',(#705,#715,#722,#723,#724,#725,#734,#742,#751,#759)
  );
#705 = ORIENTED_EDGE('',*,*,#706,.F.);
#706 = EDGE_CURVE('',#707,#709,#711,.T.);
#707 = VERTEX_POINT('',#708);
#708 = CARTESIAN_POINT('',(0.545,-0.4,-2.775557561563E-17));
#709 = VERTEX_POINT('',#710);
#710 = CARTESIAN_POINT('',(0.755,-0.4,-2.775557561563E-17));
#711 = LINE('',#712,#713);
#712 = CARTESIAN_POINT('',(0.5,-0.4,0.));
#713 = VECTOR('',#714,1.);
#714 = DIRECTION('',(1.,0.,0.));
#715 = ORIENTED_EDGE('',*,*,#716,.F.);
#716 = EDGE_CURVE('',#585,#707,#717,.T.);
#717 = CIRCLE('',#718,4.5E-02);
#718 = AXIS2_PLACEMENT_3D('',#719,#720,#721);
#719 = CARTESIAN_POINT('',(0.545,-0.4,4.5E-02));
#720 = DIRECTION('',(0.,-1.,0.));
#721 = DIRECTION('',(0.,0.,1.));
#722 = ORIENTED_EDGE('',*,*,#584,.T.);
#723 = ORIENTED_EDGE('',*,*,#576,.T.);
#724 = ORIENTED_EDGE('',*,*,#568,.F.);
#725 = ORIENTED_EDGE('',*,*,#726,.T.);
#726 = EDGE_CURVE('',#561,#727,#729,.T.);
#727 = VERTEX_POINT('',#728);
#728 = CARTESIAN_POINT('',(0.545,-0.4,0.45));
#729 = CIRCLE('',#730,4.5E-02);
#730 = AXIS2_PLACEMENT_3D('',#731,#732,#733);
#731 = CARTESIAN_POINT('',(0.545,-0.4,0.405));
#732 = DIRECTION('',(0.,1.,0.));
#733 = DIRECTION('',(0.,-0.,1.));
#734 = ORIENTED_EDGE('',*,*,#735,.T.);
#735 = EDGE_CURVE('',#727,#736,#738,.T.);
#736 = VERTEX_POINT('',#737);
#737 = CARTESIAN_POINT('',(0.755,-0.4,0.45));
#738 = LINE('',#739,#740);
#739 = CARTESIAN_POINT('',(0.5,-0.4,0.45));
#740 = VECTOR('',#741,1.);
#741 = DIRECTION('',(1.,0.,0.));
#742 = ORIENTED_EDGE('',*,*,#743,.F.);
#743 = EDGE_CURVE('',#744,#736,#746,.T.);
#744 = VERTEX_POINT('',#745);
#745 = CARTESIAN_POINT('',(0.8,-0.4,0.405));
#746 = CIRCLE('',#747,4.5E-02);
#747 = AXIS2_PLACEMENT_3D('',#748,#749,#750);
#748 = CARTESIAN_POINT('',(0.755,-0.4,0.405));
#749 = DIRECTION('',(0.,-1.,0.));
#750 = DIRECTION('',(0.,0.,1.));
#751 = ORIENTED_EDGE('',*,*,#752,.F.);
#752 = EDGE_CURVE('',#753,#744,#755,.T.);
#753 = VERTEX_POINT('',#754);
#754 = CARTESIAN_POINT('',(0.8,-0.4,4.5E-02));
#755 = LINE('',#756,#757);
#756 = CARTESIAN_POINT('',(0.8,-0.4,0.));
#757 = VECTOR('',#758,1.);
#758 = DIRECTION('',(0.,0.,1.));
#759 = ORIENTED_EDGE('',*,*,#760,.T.);
#760 = EDGE_CURVE('',#753,#709,#761,.T.);
#761 = CIRCLE('',#762,4.5E-02);
#762 = AXIS2_PLACEMENT_3D('',#763,#764,#765);
#763 = CARTESIAN_POINT('',(0.755,-0.4,4.5E-02));
#764 = DIRECTION('',(0.,1.,0.));
#765 = DIRECTION('',(0.,-0.,1.));
#766 = PLANE('',#767);
#767 = AXIS2_PLACEMENT_3D('',#768,#769,#770);
#768 = CARTESIAN_POINT('',(0.5,-0.4,0.));
#769 = DIRECTION('',(0.,1.,0.));
#770 = DIRECTION('',(0.,-0.,1.));
#771 = ADVANCED_FACE('',(#772),#797,.F.);
#772 = FACE_BOUND('',#773,.F.);
#773 = EDGE_LOOP('',(#774,#775,#783,#791));
#774 = ORIENTED_EDGE('',*,*,#560,.F.);
#775 = ORIENTED_EDGE('',*,*,#776,.T.);
#776 = EDGE_CURVE('',#359,#777,#779,.T.);
#777 = VERTEX_POINT('',#778);
#778 = CARTESIAN_POINT('',(-0.5,-0.4,0.45));
#779 = LINE('',#780,#781);
#780 = CARTESIAN_POINT('',(-0.5,-0.4,0.405));
#781 = VECTOR('',#782,1.);
#782 = DIRECTION('',(0.,0.,1.));
#783 = ORIENTED_EDGE('',*,*,#784,.T.);
#784 = EDGE_CURVE('',#777,#785,#787,.T.);
#785 = VERTEX_POINT('',#786);
#786 = CARTESIAN_POINT('',(0.5,-0.4,0.45));
#787 = LINE('',#788,#789);
#788 = CARTESIAN_POINT('',(-0.5,-0.4,0.45));
#789 = VECTOR('',#790,1.);
#790 = DIRECTION('',(1.,0.,0.));
#791 = ORIENTED_EDGE('',*,*,#792,.F.);
#792 = EDGE_CURVE('',#561,#785,#793,.T.);
#793 = LINE('',#794,#795);
#794 = CARTESIAN_POINT('',(0.5,-0.4,0.405));
#795 = VECTOR('',#796,1.);
#796 = DIRECTION('',(0.,0.,1.));
#797 = PLANE('',#798);
#798 = AXIS2_PLACEMENT_3D('',#799,#800,#801);
#799 = CARTESIAN_POINT('',(-0.5,-0.4,0.405));
#800 = DIRECTION('',(0.,1.,0.));
#801 = DIRECTION('',(0.,-0.,1.));
#802 = ADVANCED_FACE('',(#803),#821,.F.);
#803 = FACE_BOUND('',#804,.F.);
#804 = EDGE_LOOP('',(#805,#806,#807,#815));
#805 = ORIENTED_EDGE('',*,*,#776,.F.);
#806 = ORIENTED_EDGE('',*,*,#623,.T.);
#807 = ORIENTED_EDGE('',*,*,#808,.T.);
#808 = EDGE_CURVE('',#476,#809,#811,.T.);
#809 = VERTEX_POINT('',#810);
#810 = CARTESIAN_POINT('',(-0.5,0.4,0.45));
#811 = LINE('',#812,#813);
#812 = CARTESIAN_POINT('',(-0.5,0.4,0.405));
#813 = VECTOR('',#814,1.);
#814 = DIRECTION('',(0.,0.,1.));
#815 = ORIENTED_EDGE('',*,*,#816,.F.);
#816 = EDGE_CURVE('',#777,#809,#817,.T.);
#817 = LINE('',#818,#819);
#818 = CARTESIAN_POINT('',(-0.5,-0.4,0.45));
#819 = VECTOR('',#820,1.);
#820 = DIRECTION('',(0.,1.,0.));
#821 = PLANE('',#822);
#822 = AXIS2_PLACEMENT_3D('',#823,#824,#825);
#823 = CARTESIAN_POINT('',(-0.5,-0.4,0.405));
#824 = DIRECTION('',(1.,0.,0.));
#825 = DIRECTION('',(0.,0.,1.));
#826 = ADVANCED_FACE('',(#827),#890,.T.);
#827 = FACE_BOUND('',#828,.T.);
#828 = EDGE_LOOP('',(#829,#839,#846,#847,#848,#849,#858,#866,#875,#883)
  );
#829 = ORIENTED_EDGE('',*,*,#830,.F.);
#830 = EDGE_CURVE('',#831,#833,#835,.T.);
#831 = VERTEX_POINT('',#832);
#832 = CARTESIAN_POINT('',(0.545,0.4,-2.775557561563E-17));
#833 = VERTEX_POINT('',#834);
#834 = CARTESIAN_POINT('',(0.755,0.4,-2.775557561563E-17));
#835 = LINE('',#836,#837);
#836 = CARTESIAN_POINT('',(0.5,0.4,0.));
#837 = VECTOR('',#838,1.);
#838 = DIRECTION('',(1.,0.,0.));
#839 = ORIENTED_EDGE('',*,*,#840,.F.);
#840 = EDGE_CURVE('',#668,#831,#841,.T.);
#841 = CIRCLE('',#842,4.5E-02);
#842 = AXIS2_PLACEMENT_3D('',#843,#844,#845);
#843 = CARTESIAN_POINT('',(0.545,0.4,4.5E-02));
#844 = DIRECTION('',(0.,-1.,0.));
#845 = DIRECTION('',(0.,0.,1.));
#846 = ORIENTED_EDGE('',*,*,#667,.T.);
#847 = ORIENTED_EDGE('',*,*,#659,.T.);
#848 = ORIENTED_EDGE('',*,*,#651,.F.);
#849 = ORIENTED_EDGE('',*,*,#850,.T.);
#850 = EDGE_CURVE('',#644,#851,#853,.T.);
#851 = VERTEX_POINT('',#852);
#852 = CARTESIAN_POINT('',(0.545,0.4,0.45));
#853 = CIRCLE('',#854,4.5E-02);
#854 = AXIS2_PLACEMENT_3D('',#855,#856,#857);
#855 = CARTESIAN_POINT('',(0.545,0.4,0.405));
#856 = DIRECTION('',(0.,1.,0.));
#857 = DIRECTION('',(0.,-0.,1.));
#858 = ORIENTED_EDGE('',*,*,#859,.T.);
#859 = EDGE_CURVE('',#851,#860,#862,.T.);
#860 = VERTEX_POINT('',#861);
#861 = CARTESIAN_POINT('',(0.755,0.4,0.45));
#862 = LINE('',#863,#864);
#863 = CARTESIAN_POINT('',(0.5,0.4,0.45));
#864 = VECTOR('',#865,1.);
#865 = DIRECTION('',(1.,0.,0.));
#866 = ORIENTED_EDGE('',*,*,#867,.F.);
#867 = EDGE_CURVE('',#868,#860,#870,.T.);
#868 = VERTEX_POINT('',#869);
#869 = CARTESIAN_POINT('',(0.8,0.4,0.405));
#870 = CIRCLE('',#871,4.5E-02);
#871 = AXIS2_PLACEMENT_3D('',#872,#873,#874);
#872 = CARTESIAN_POINT('',(0.755,0.4,0.405));
#873 = DIRECTION('',(0.,-1.,0.));
#874 = DIRECTION('',(0.,0.,1.));
#875 = ORIENTED_EDGE('',*,*,#876,.F.);
#876 = EDGE_CURVE('',#877,#868,#879,.T.);
#877 = VERTEX_POINT('',#878);
#878 = CARTESIAN_POINT('',(0.8,0.4,4.5E-02));
#879 = LINE('',#880,#881);
#880 = CARTESIAN_POINT('',(0.8,0.4,0.));
#881 = VECTOR('',#882,1.);
#882 = DIRECTION('',(0.,0.,1.));
#883 = ORIENTED_EDGE('',*,*,#884,.T.);
#884 = EDGE_CURVE('',#877,#833,#885,.T.);
#885 = CIRCLE('',#886,4.5E-02);
#886 = AXIS2_PLACEMENT_3D('',#887,#888,#889);
#887 = CARTESIAN_POINT('',(0.755,0.4,4.5E-02));
#888 = DIRECTION('',(0.,1.,0.));
#889 = DIRECTION('',(0.,-0.,1.));
#890 = PLANE('',#891);
#891 = AXIS2_PLACEMENT_3D('',#892,#893,#894);
#892 = CARTESIAN_POINT('',(0.5,0.4,0.));
#893 = DIRECTION('',(0.,1.,0.));
#894 = DIRECTION('',(0.,-0.,1.));
#895 = ADVANCED_FACE('',(#896),#914,.T.);
#896 = FACE_BOUND('',#897,.T.);
#897 = EDGE_LOOP('',(#898,#899,#900,#908));
#898 = ORIENTED_EDGE('',*,*,#643,.F.);
#899 = ORIENTED_EDGE('',*,*,#808,.T.);
#900 = ORIENTED_EDGE('',*,*,#901,.T.);
#901 = EDGE_CURVE('',#809,#902,#904,.T.);
#902 = VERTEX_POINT('',#903);
#903 = CARTESIAN_POINT('',(0.5,0.4,0.45));
#904 = LINE('',#905,#906);
#905 = CARTESIAN_POINT('',(-0.5,0.4,0.45));
#906 = VECTOR('',#907,1.);
#907 = DIRECTION('',(1.,0.,0.));
#908 = ORIENTED_EDGE('',*,*,#909,.F.);
#909 = EDGE_CURVE('',#644,#902,#910,.T.);
#910 = LINE('',#911,#912);
#911 = CARTESIAN_POINT('',(0.5,0.4,0.405));
#912 = VECTOR('',#913,1.);
#913 = DIRECTION('',(0.,0.,1.));
#914 = PLANE('',#915);
#915 = AXIS2_PLACEMENT_3D('',#916,#917,#918);
#916 = CARTESIAN_POINT('',(-0.5,0.4,0.405));
#917 = DIRECTION('',(0.,1.,0.));
#918 = DIRECTION('',(0.,-0.,1.));
#919 = ADVANCED_FACE('',(#920),#931,.T.);
#920 = FACE_BOUND('',#921,.T.);
#921 = EDGE_LOOP('',(#922,#923,#924,#930));
#922 = ORIENTED_EDGE('',*,*,#691,.T.);
#923 = ORIENTED_EDGE('',*,*,#840,.T.);
#924 = ORIENTED_EDGE('',*,*,#925,.F.);
#925 = EDGE_CURVE('',#707,#831,#926,.T.);
#926 = LINE('',#927,#928);
#927 = CARTESIAN_POINT('',(0.545,-0.4,-2.775557561563E-17));
#928 = VECTOR('',#929,1.);
#929 = DIRECTION('',(0.,1.,0.));
#930 = ORIENTED_EDGE('',*,*,#716,.F.);
#931 = CYLINDRICAL_SURFACE('',#932,4.5E-02);
#932 = AXIS2_PLACEMENT_3D('',#933,#934,#935);
#933 = CARTESIAN_POINT('',(0.545,-0.4,4.5E-02));
#934 = DIRECTION('',(0.,1.,0.));
#935 = DIRECTION('',(-1.,0.,0.));
#936 = ADVANCED_FACE('',(#937),#948,.F.);
#937 = FACE_BOUND('',#938,.F.);
#938 = EDGE_LOOP('',(#939,#940,#941,#942));
#939 = ORIENTED_EDGE('',*,*,#830,.F.);
#940 = ORIENTED_EDGE('',*,*,#925,.F.);
#941 = ORIENTED_EDGE('',*,*,#706,.T.);
#942 = ORIENTED_EDGE('',*,*,#943,.T.);
#943 = EDGE_CURVE('',#709,#833,#944,.T.);
#944 = LINE('',#945,#946);
#945 = CARTESIAN_POINT('',(0.755,-0.4,-2.775557561563E-17));
#946 = VECTOR('',#947,1.);
#947 = DIRECTION('',(0.,1.,0.));
#948 = PLANE('',#949);
#949 = AXIS2_PLACEMENT_3D('',#950,#951,#952);
#950 = CARTESIAN_POINT('',(0.5,-0.4,0.));
#951 = DIRECTION('',(0.,0.,1.));
#952 = DIRECTION('',(1.,0.,-0.));
#953 = ADVANCED_FACE('',(#954),#965,.T.);
#954 = FACE_BOUND('',#955,.T.);
#955 = EDGE_LOOP('',(#956,#957,#958,#959));
#956 = ORIENTED_EDGE('',*,*,#760,.T.);
#957 = ORIENTED_EDGE('',*,*,#943,.T.);
#958 = ORIENTED_EDGE('',*,*,#884,.F.);
#959 = ORIENTED_EDGE('',*,*,#960,.F.);
#960 = EDGE_CURVE('',#753,#877,#961,.T.);
#961 = LINE('',#962,#963);
#962 = CARTESIAN_POINT('',(0.8,-0.4,4.5E-02));
#963 = VECTOR('',#964,1.);
#964 = DIRECTION('',(0.,1.,0.));
#965 = CYLINDRICAL_SURFACE('',#966,4.5E-02);
#966 = AXIS2_PLACEMENT_3D('',#967,#968,#969);
#967 = CARTESIAN_POINT('',(0.755,-0.4,4.5E-02));
#968 = DIRECTION('',(0.,1.,0.));
#969 = DIRECTION('',(1.,0.,0.));
#970 = ADVANCED_FACE('',(#971),#982,.T.);
#971 = FACE_BOUND('',#972,.T.);
#972 = EDGE_LOOP('',(#973,#974,#975,#976));
#973 = ORIENTED_EDGE('',*,*,#752,.F.);
#974 = ORIENTED_EDGE('',*,*,#960,.T.);
#975 = ORIENTED_EDGE('',*,*,#876,.T.);
#976 = ORIENTED_EDGE('',*,*,#977,.F.);
#977 = EDGE_CURVE('',#744,#868,#978,.T.);
#978 = LINE('',#979,#980);
#979 = CARTESIAN_POINT('',(0.8,-0.4,0.405));
#980 = VECTOR('',#981,1.);
#981 = DIRECTION('',(0.,1.,0.));
#982 = PLANE('',#983);
#983 = AXIS2_PLACEMENT_3D('',#984,#985,#986);
#984 = CARTESIAN_POINT('',(0.8,-0.4,0.));
#985 = DIRECTION('',(1.,0.,0.));
#986 = DIRECTION('',(0.,0.,1.));
#987 = ADVANCED_FACE('',(#988),#999,.T.);
#988 = FACE_BOUND('',#989,.T.);
#989 = EDGE_LOOP('',(#990,#991,#992,#998));
#990 = ORIENTED_EDGE('',*,*,#977,.T.);
#991 = ORIENTED_EDGE('',*,*,#867,.T.);
#992 = ORIENTED_EDGE('',*,*,#993,.F.);
#993 = EDGE_CURVE('',#736,#860,#994,.T.);
#994 = LINE('',#995,#996);
#995 = CARTESIAN_POINT('',(0.755,-0.4,0.45));
#996 = VECTOR('',#997,1.);
#997 = DIRECTION('',(0.,1.,0.));
#998 = ORIENTED_EDGE('',*,*,#743,.F.);
#999 = CYLINDRICAL_SURFACE('',#1000,4.5E-02);
#1000 = AXIS2_PLACEMENT_3D('',#1001,#1002,#1003);
#1001 = CARTESIAN_POINT('',(0.755,-0.4,0.405));
#1002 = DIRECTION('',(0.,1.,0.));
#1003 = DIRECTION('',(1.,0.,0.));
#1004 = ADVANCED_FACE('',(#1005),#1016,.T.);
#1005 = FACE_BOUND('',#1006,.T.);
#1006 = EDGE_LOOP('',(#1007,#1008,#1014,#1015));
#1007 = ORIENTED_EDGE('',*,*,#859,.F.);
#1008 = ORIENTED_EDGE('',*,*,#1009,.F.);
#1009 = EDGE_CURVE('',#727,#851,#1010,.T.);
#1010 = LINE('',#1011,#1012);
#1011 = CARTESIAN_POINT('',(0.545,-0.4,0.45));
#1012 = VECTOR('',#1013,1.);
#1013 = DIRECTION('',(0.,1.,0.));
#1014 = ORIENTED_EDGE('',*,*,#735,.T.);
#1015 = ORIENTED_EDGE('',*,*,#993,.T.);
#1016 = PLANE('',#1017);
#1017 = AXIS2_PLACEMENT_3D('',#1018,#1019,#1020);
#1018 = CARTESIAN_POINT('',(0.5,-0.4,0.45));
#1019 = DIRECTION('',(0.,0.,1.));
#1020 = DIRECTION('',(1.,0.,-0.));
#1021 = ADVANCED_FACE('',(#1022),#1033,.T.);
#1022 = FACE_BOUND('',#1023,.T.);
#1023 = EDGE_LOOP('',(#1024,#1025,#1026,#1027));
#1024 = ORIENTED_EDGE('',*,*,#726,.T.);
#1025 = ORIENTED_EDGE('',*,*,#1009,.T.);
#1026 = ORIENTED_EDGE('',*,*,#850,.F.);
#1027 = ORIENTED_EDGE('',*,*,#1028,.F.);
#1028 = EDGE_CURVE('',#561,#644,#1029,.T.);
#1029 = LINE('',#1030,#1031);
#1030 = CARTESIAN_POINT('',(0.5,-0.4,0.405));
#1031 = VECTOR('',#1032,1.);
#1032 = DIRECTION('',(0.,1.,0.));
#1033 = CYLINDRICAL_SURFACE('',#1034,4.5E-02);
#1034 = AXIS2_PLACEMENT_3D('',#1035,#1036,#1037);
#1035 = CARTESIAN_POINT('',(0.545,-0.4,0.405));
#1036 = DIRECTION('',(0.,1.,0.));
#1037 = DIRECTION('',(-1.,0.,0.));
#1038 = ADVANCED_FACE('',(#1039),#1050,.T.);
#1039 = FACE_BOUND('',#1040,.T.);
#1040 = EDGE_LOOP('',(#1041,#1042,#1043,#1044));
#1041 = ORIENTED_EDGE('',*,*,#792,.F.);
#1042 = ORIENTED_EDGE('',*,*,#1028,.T.);
#1043 = ORIENTED_EDGE('',*,*,#909,.T.);
#1044 = ORIENTED_EDGE('',*,*,#1045,.F.);
#1045 = EDGE_CURVE('',#785,#902,#1046,.T.);
#1046 = LINE('',#1047,#1048);
#1047 = CARTESIAN_POINT('',(0.5,-0.4,0.45));
#1048 = VECTOR('',#1049,1.);
#1049 = DIRECTION('',(0.,1.,0.));
#1050 = PLANE('',#1051);
#1051 = AXIS2_PLACEMENT_3D('',#1052,#1053,#1054);
#1052 = CARTESIAN_POINT('',(0.5,-0.4,0.405));
#1053 = DIRECTION('',(1.,0.,0.));
#1054 = DIRECTION('',(0.,0.,1.));
#1055 = ADVANCED_FACE('',(#1056),#1062,.T.);
#1056 = FACE_BOUND('',#1057,.T.);
#1057 = EDGE_LOOP('',(#1058,#1059,#1060,#1061));
#1058 = ORIENTED_EDGE('',*,*,#816,.F.);
#1059 = ORIENTED_EDGE('',*,*,#784,.T.);
#1060 = ORIENTED_EDGE('',*,*,#1045,.T.);
#1061 = ORIENTED_EDGE('',*,*,#901,.F.);
#1062 = PLANE('',#1063);
#1063 = AXIS2_PLACEMENT_3D('',#1064,#1065,#1066);
#1064 = CARTESIAN_POINT('',(-0.5,-0.4,0.45));
#1065 = DIRECTION('',(0.,0.,1.));
#1066 = DIRECTION('',(1.,0.,-0.));
#1067 = ( GEOMETRIC_REPRESENTATION_CONTEXT(3) 
GLOBAL_UNCERTAINTY_ASSIGNED_CONTEXT((#1071)) 
GLOBAL_UNIT_ASSIGNED_CONTEXT((#1068,#1069,#1070)) REPRESENTATION_CONTEXT
('Context #1','3D Context with UNIT and UNCERTAINTY') );
#1068 = ( LENGTH_UNIT() NAMED_UNIT(*) SI_UNIT(.MILLI.,.METRE.) );
#1069 = ( NAMED_UNIT(*) PLANE_ANGLE_UNIT() SI_UNIT($,.RADIAN.) );
#1070 = ( NAMED_UNIT(*) SI_UNIT($,.STERADIAN.) SOLID_ANGLE_UNIT() );
#1071 = UNCERTAINTY_MEASURE_WITH_UNIT(LENGTH_MEASURE(1.E-07),#1068,
  'distance_accuracy_value','confusion accuracy');
#1072 = CONTEXT_DEPENDENT_SHAPE_REPRESENTATION(#1073,#1075);
#1073 = ( REPRESENTATION_RELATIONSHIP('','',#276,#10) 
REPRESENTATION_RELATIONSHIP_WITH_TRANSFORMATION(#1074) 
SHAPE_REPRESENTATION_RELATIONSHIP() );
#1074 = ITEM_DEFINED_TRANSFORMATION('','',#11,#15);
#1075 = PRODUCT_DEFINITION_SHAPE('Placement','Placement of an item',
  #1076);
#1076 = NEXT_ASSEMBLY_USAGE_OCCURRENCE('1','RL7','',#5,#271,$);
#1077 = PRODUCT_RELATED_PRODUCT_CATEGORY('part',$,(#273));
#1078 = SHAPE_DEFINITION_REPRESENTATION(#1079,#1085);
#1079 = PRODUCT_DEFINITION_SHAPE('','',#1080);
#1080 = PRODUCT_DEFINITION('design','',#1081,#1084);
#1081 = PRODUCT_DEFINITION_FORMATION('','',#1082);
#1082 = PRODUCT('LED_0603_1608Metric','LED_0603_1608Metric','',(#1083));
#1083 = PRODUCT_CONTEXT('',#2,'mechanical');
#1084 = PRODUCT_DEFINITION_CONTEXT('part definition',#2,'design');
#1085 = ADVANCED_BREP_SHAPE_REPRESENTATION('',(#11,#1086),#2609);
#1086 = MANIFOLD_SOLID_BREP('',#1087);
#1087 = CLOSED_SHELL('',(#1088,#1128,#1175,#1254,#1278,#1318,#1349,#1366
    ,#1399,#1423,#1490,#1611,#1678,#1702,#1733,#1766,#1822,#1846,#1870,
    #1894,#1927,#1939,#2002,#2027,#2044,#2068,#2086,#2104,#2122,#2139,
    #2156,#2187,#2212,#2237,#2261,#2278,#2309,#2333,#2350,#2378,#2403,
    #2427,#2452,#2499,#2516,#2528,#2550,#2562,#2580,#2598));
#1088 = ADVANCED_FACE('',(#1089),#1123,.F.);
#1089 = FACE_BOUND('',#1090,.F.);
#1090 = EDGE_LOOP('',(#1091,#1101,#1109,#1117));
#1091 = ORIENTED_EDGE('',*,*,#1092,.T.);
#1092 = EDGE_CURVE('',#1093,#1095,#1097,.T.);
#1093 = VERTEX_POINT('',#1094);
#1094 = CARTESIAN_POINT('',(-0.5,-0.4,0.47));
#1095 = VERTEX_POINT('',#1096);
#1096 = CARTESIAN_POINT('',(-0.45,-0.4,1.1));
#1097 = LINE('',#1098,#1099);
#1098 = CARTESIAN_POINT('',(-0.5,-0.4,0.47));
#1099 = VECTOR('',#1100,1.);
#1100 = DIRECTION('',(7.911630099815E-02,0.,0.996865392576));
#1101 = ORIENTED_EDGE('',*,*,#1102,.T.);
#1102 = EDGE_CURVE('',#1095,#1103,#1105,.T.);
#1103 = VERTEX_POINT('',#1104);
#1104 = CARTESIAN_POINT('',(0.45,-0.4,1.1));
#1105 = LINE('',#1106,#1107);
#1106 = CARTESIAN_POINT('',(-0.45,-0.4,1.1));
#1107 = VECTOR('',#1108,1.);
#1108 = DIRECTION('',(1.,0.,0.));
#1109 = ORIENTED_EDGE('',*,*,#1110,.T.);
#1110 = EDGE_CURVE('',#1103,#1111,#1113,.T.);
#1111 = VERTEX_POINT('',#1112);
#1112 = CARTESIAN_POINT('',(0.5,-0.4,0.47));
#1113 = LINE('',#1114,#1115);
#1114 = CARTESIAN_POINT('',(0.45,-0.4,1.1));
#1115 = VECTOR('',#1116,1.);
#1116 = DIRECTION('',(7.911630099815E-02,0.,-0.996865392576));
#1117 = ORIENTED_EDGE('',*,*,#1118,.T.);
#1118 = EDGE_CURVE('',#1111,#1093,#1119,.T.);
#1119 = LINE('',#1120,#1121);
#1120 = CARTESIAN_POINT('',(0.5,-0.4,0.47));
#1121 = VECTOR('',#1122,1.);
#1122 = DIRECTION('',(-1.,0.,0.));
#1123 = PLANE('',#1124);
#1124 = AXIS2_PLACEMENT_3D('',#1125,#1126,#1127);
#1125 = CARTESIAN_POINT('',(-8.772411109409E-18,-0.4,0.775044128294));
#1126 = DIRECTION('',(0.,1.,0.));
#1127 = DIRECTION('',(0.,-0.,1.));
#1128 = ADVANCED_FACE('',(#1129),#1170,.T.);
#1129 = FACE_BOUND('',#1130,.T.);
#1130 = EDGE_LOOP('',(#1131,#1141,#1149,#1155,#1156,#1164));
#1131 = ORIENTED_EDGE('',*,*,#1132,.T.);
#1132 = EDGE_CURVE('',#1133,#1135,#1137,.T.);
#1133 = VERTEX_POINT('',#1134);
#1134 = CARTESIAN_POINT('',(-0.5,0.4,0.47));
#1135 = VERTEX_POINT('',#1136);
#1136 = CARTESIAN_POINT('',(-0.5,0.3,0.47));
#1137 = LINE('',#1138,#1139);
#1138 = CARTESIAN_POINT('',(-0.5,0.4,0.47));
#1139 = VECTOR('',#1140,1.);
#1140 = DIRECTION('',(0.,-1.,0.));
#1141 = ORIENTED_EDGE('',*,*,#1142,.F.);
#1142 = EDGE_CURVE('',#1143,#1135,#1145,.T.);
#1143 = VERTEX_POINT('',#1144);
#1144 = CARTESIAN_POINT('',(-0.5,-0.3,0.47));
#1145 = LINE('',#1146,#1147);
#1146 = CARTESIAN_POINT('',(-0.5,-0.4,0.47));
#1147 = VECTOR('',#1148,1.);
#1148 = DIRECTION('',(0.,1.,0.));
#1149 = ORIENTED_EDGE('',*,*,#1150,.T.);
#1150 = EDGE_CURVE('',#1143,#1093,#1151,.T.);
#1151 = LINE('',#1152,#1153);
#1152 = CARTESIAN_POINT('',(-0.5,0.4,0.47));
#1153 = VECTOR('',#1154,1.);
#1154 = DIRECTION('',(0.,-1.,0.));
#1155 = ORIENTED_EDGE('',*,*,#1092,.T.);
#1156 = ORIENTED_EDGE('',*,*,#1157,.F.);
#1157 = EDGE_CURVE('',#1158,#1095,#1160,.T.);
#1158 = VERTEX_POINT('',#1159);
#1159 = CARTESIAN_POINT('',(-0.45,0.4,1.1));
#1160 = LINE('',#1161,#1162);
#1161 = CARTESIAN_POINT('',(-0.45,0.4,1.1));
#1162 = VECTOR('',#1163,1.);
#1163 = DIRECTION('',(0.,-1.,0.));
#1164 = ORIENTED_EDGE('',*,*,#1165,.F.);
#1165 = EDGE_CURVE('',#1133,#1158,#1166,.T.);
#1166 = LINE('',#1167,#1168);
#1167 = CARTESIAN_POINT('',(-0.5,0.4,0.47));
#1168 = VECTOR('',#1169,1.);
#1169 = DIRECTION('',(7.911630099815E-02,0.,0.996865392576));
#1170 = PLANE('',#1171);
#1171 = AXIS2_PLACEMENT_3D('',#1172,#1173,#1174);
#1172 = CARTESIAN_POINT('',(-0.5,0.4,0.47));
#1173 = DIRECTION('',(-0.996865392576,0.,7.911630099815E-02));
#1174 = DIRECTION('',(7.911630099815E-02,0.,0.996865392576));
#1175 = ADVANCED_FACE('',(#1176),#1249,.F.);
#1176 = FACE_BOUND('',#1177,.F.);
#1177 = EDGE_LOOP('',(#1178,#1188,#1196,#1204,#1210,#1211,#1219,#1227,
    #1235,#1243));
#1178 = ORIENTED_EDGE('',*,*,#1179,.F.);
#1179 = EDGE_CURVE('',#1180,#1182,#1184,.T.);
#1180 = VERTEX_POINT('',#1181);
#1181 = CARTESIAN_POINT('',(-0.77,-0.4,3.E-02));
#1182 = VERTEX_POINT('',#1183);
#1183 = CARTESIAN_POINT('',(-0.725,-0.4,3.E-02));
#1184 = LINE('',#1185,#1186);
#1185 = CARTESIAN_POINT('',(-0.77,-0.4,3.E-02));
#1186 = VECTOR('',#1187,1.);
#1187 = DIRECTION('',(1.,0.,0.));
#1188 = ORIENTED_EDGE('',*,*,#1189,.T.);
#1189 = EDGE_CURVE('',#1180,#1190,#1192,.T.);
#1190 = VERTEX_POINT('',#1191);
#1191 = CARTESIAN_POINT('',(-0.77,-0.4,0.47));
#1192 = LINE('',#1193,#1194);
#1193 = CARTESIAN_POINT('',(-0.77,-0.4,3.E-02));
#1194 = VECTOR('',#1195,1.);
#1195 = DIRECTION('',(0.,0.,1.));
#1196 = ORIENTED_EDGE('',*,*,#1197,.T.);
#1197 = EDGE_CURVE('',#1190,#1198,#1200,.T.);
#1198 = VERTEX_POINT('',#1199);
#1199 = CARTESIAN_POINT('',(-0.725,-0.4,0.47));
#1200 = LINE('',#1201,#1202);
#1201 = CARTESIAN_POINT('',(-0.77,-0.4,0.47));
#1202 = VECTOR('',#1203,1.);
#1203 = DIRECTION('',(1.,0.,0.));
#1204 = ORIENTED_EDGE('',*,*,#1205,.T.);
#1205 = EDGE_CURVE('',#1198,#1093,#1206,.T.);
#1206 = LINE('',#1207,#1208);
#1207 = CARTESIAN_POINT('',(-0.77,-0.4,0.47));
#1208 = VECTOR('',#1209,1.);
#1209 = DIRECTION('',(1.,0.,0.));
#1210 = ORIENTED_EDGE('',*,*,#1118,.F.);
#1211 = ORIENTED_EDGE('',*,*,#1212,.T.);
#1212 = EDGE_CURVE('',#1111,#1213,#1215,.T.);
#1213 = VERTEX_POINT('',#1214);
#1214 = CARTESIAN_POINT('',(0.725,-0.4,0.47));
#1215 = LINE('',#1216,#1217);
#1216 = CARTESIAN_POINT('',(-0.77,-0.4,0.47));
#1217 = VECTOR('',#1218,1.);
#1218 = DIRECTION('',(1.,0.,0.));
#1219 = ORIENTED_EDGE('',*,*,#1220,.T.);
#1220 = EDGE_CURVE('',#1213,#1221,#1223,.T.);
#1221 = VERTEX_POINT('',#1222);
#1222 = CARTESIAN_POINT('',(0.77,-0.4,0.47));
#1223 = LINE('',#1224,#1225);
#1224 = CARTESIAN_POINT('',(-0.77,-0.4,0.47));
#1225 = VECTOR('',#1226,1.);
#1226 = DIRECTION('',(1.,0.,0.));
#1227 = ORIENTED_EDGE('',*,*,#1228,.F.);
#1228 = EDGE_CURVE('',#1229,#1221,#1231,.T.);
#1229 = VERTEX_POINT('',#1230);
#1230 = CARTESIAN_POINT('',(0.77,-0.4,3.E-02));
#1231 = LINE('',#1232,#1233);
#1232 = CARTESIAN_POINT('',(0.77,-0.4,3.E-02));
#1233 = VECTOR('',#1234,1.);
#1234 = DIRECTION('',(0.,0.,1.));
#1235 = ORIENTED_EDGE('',*,*,#1236,.F.);
#1236 = EDGE_CURVE('',#1237,#1229,#1239,.T.);
#1237 = VERTEX_POINT('',#1238);
#1238 = CARTESIAN_POINT('',(0.725,-0.4,3.E-02));
#1239 = LINE('',#1240,#1241);
#1240 = CARTESIAN_POINT('',(-0.77,-0.4,3.E-02));
#1241 = VECTOR('',#1242,1.);
#1242 = DIRECTION('',(1.,0.,0.));
#1243 = ORIENTED_EDGE('',*,*,#1244,.F.);
#1244 = EDGE_CURVE('',#1182,#1237,#1245,.T.);
#1245 = LINE('',#1246,#1247);
#1246 = CARTESIAN_POINT('',(-0.77,-0.4,3.E-02));
#1247 = VECTOR('',#1248,1.);
#1248 = DIRECTION('',(1.,0.,0.));
#1249 = PLANE('',#1250);
#1250 = AXIS2_PLACEMENT_3D('',#1251,#1252,#1253);
#1251 = CARTESIAN_POINT('',(-0.77,-0.4,3.E-02));
#1252 = DIRECTION('',(0.,1.,0.));
#1253 = DIRECTION('',(0.,-0.,1.));
#1254 = ADVANCED_FACE('',(#1255),#1273,.T.);
#1255 = FACE_BOUND('',#1256,.T.);
#1256 = EDGE_LOOP('',(#1257,#1258,#1259,#1267));
#1257 = ORIENTED_EDGE('',*,*,#1157,.T.);
#1258 = ORIENTED_EDGE('',*,*,#1102,.T.);
#1259 = ORIENTED_EDGE('',*,*,#1260,.F.);
#1260 = EDGE_CURVE('',#1261,#1103,#1263,.T.);
#1261 = VERTEX_POINT('',#1262);
#1262 = CARTESIAN_POINT('',(0.45,0.4,1.1));
#1263 = LINE('',#1264,#1265);
#1264 = CARTESIAN_POINT('',(0.45,0.4,1.1));
#1265 = VECTOR('',#1266,1.);
#1266 = DIRECTION('',(0.,-1.,0.));
#1267 = ORIENTED_EDGE('',*,*,#1268,.F.);
#1268 = EDGE_CURVE('',#1158,#1261,#1269,.T.);
#1269 = LINE('',#1270,#1271);
#1270 = CARTESIAN_POINT('',(-0.45,0.4,1.1));
#1271 = VECTOR('',#1272,1.);
#1272 = DIRECTION('',(1.,0.,0.));
#1273 = PLANE('',#1274);
#1274 = AXIS2_PLACEMENT_3D('',#1275,#1276,#1277);
#1275 = CARTESIAN_POINT('',(-0.45,0.4,1.1));
#1276 = DIRECTION('',(0.,0.,1.));
#1277 = DIRECTION('',(1.,0.,-0.));
#1278 = ADVANCED_FACE('',(#1279),#1313,.T.);
#1279 = FACE_BOUND('',#1280,.T.);
#1280 = EDGE_LOOP('',(#1281,#1282,#1283,#1291,#1299,#1307));
#1281 = ORIENTED_EDGE('',*,*,#1260,.T.);
#1282 = ORIENTED_EDGE('',*,*,#1110,.T.);
#1283 = ORIENTED_EDGE('',*,*,#1284,.F.);
#1284 = EDGE_CURVE('',#1285,#1111,#1287,.T.);
#1285 = VERTEX_POINT('',#1286);
#1286 = CARTESIAN_POINT('',(0.5,-0.3,0.47));
#1287 = LINE('',#1288,#1289);
#1288 = CARTESIAN_POINT('',(0.5,0.4,0.47));
#1289 = VECTOR('',#1290,1.);
#1290 = DIRECTION('',(0.,-1.,0.));
#1291 = ORIENTED_EDGE('',*,*,#1292,.T.);
#1292 = EDGE_CURVE('',#1285,#1293,#1295,.T.);
#1293 = VERTEX_POINT('',#1294);
#1294 = CARTESIAN_POINT('',(0.5,0.3,0.47));
#1295 = LINE('',#1296,#1297);
#1296 = CARTESIAN_POINT('',(0.5,-0.4,0.47));
#1297 = VECTOR('',#1298,1.);
#1298 = DIRECTION('',(0.,1.,0.));
#1299 = ORIENTED_EDGE('',*,*,#1300,.F.);
#1300 = EDGE_CURVE('',#1301,#1293,#1303,.T.);
#1301 = VERTEX_POINT('',#1302);
#1302 = CARTESIAN_POINT('',(0.5,0.4,0.47));
#1303 = LINE('',#1304,#1305);
#1304 = CARTESIAN_POINT('',(0.5,0.4,0.47));
#1305 = VECTOR('',#1306,1.);
#1306 = DIRECTION('',(0.,-1.,0.));
#1307 = ORIENTED_EDGE('',*,*,#1308,.F.);
#1308 = EDGE_CURVE('',#1261,#1301,#1309,.T.);
#1309 = LINE('',#1310,#1311);
#1310 = CARTESIAN_POINT('',(0.45,0.4,1.1));
#1311 = VECTOR('',#1312,1.);
#1312 = DIRECTION('',(7.911630099815E-02,0.,-0.996865392576));
#1313 = PLANE('',#1314);
#1314 = AXIS2_PLACEMENT_3D('',#1315,#1316,#1317);
#1315 = CARTESIAN_POINT('',(0.45,0.4,1.1));
#1316 = DIRECTION('',(0.996865392576,0.,7.911630099815E-02));
#1317 = DIRECTION('',(7.911630099815E-02,0.,-0.996865392576));
#1318 = ADVANCED_FACE('',(#1319),#1344,.T.);
#1319 = FACE_BOUND('',#1320,.T.);
#1320 = EDGE_LOOP('',(#1321,#1329,#1337,#1343));
#1321 = ORIENTED_EDGE('',*,*,#1322,.F.);
#1322 = EDGE_CURVE('',#1323,#1133,#1325,.T.);
#1323 = VERTEX_POINT('',#1324);
#1324 = CARTESIAN_POINT('',(-0.725,0.4,0.47));
#1325 = LINE('',#1326,#1327);
#1326 = CARTESIAN_POINT('',(-0.77,0.4,0.47));
#1327 = VECTOR('',#1328,1.);
#1328 = DIRECTION('',(1.,0.,0.));
#1329 = ORIENTED_EDGE('',*,*,#1330,.F.);
#1330 = EDGE_CURVE('',#1331,#1323,#1333,.T.);
#1331 = VERTEX_POINT('',#1332);
#1332 = CARTESIAN_POINT('',(-0.725,0.3,0.47));
#1333 = LINE('',#1334,#1335);
#1334 = CARTESIAN_POINT('',(-0.725,5.E-02,0.47));
#1335 = VECTOR('',#1336,1.);
#1336 = DIRECTION('',(0.,1.,0.));
#1337 = ORIENTED_EDGE('',*,*,#1338,.F.);
#1338 = EDGE_CURVE('',#1135,#1331,#1339,.T.);
#1339 = LINE('',#1340,#1341);
#1340 = CARTESIAN_POINT('',(-0.7475,0.3,0.47));
#1341 = VECTOR('',#1342,1.);
#1342 = DIRECTION('',(-1.,0.,0.));
#1343 = ORIENTED_EDGE('',*,*,#1132,.F.);
#1344 = PLANE('',#1345);
#1345 = AXIS2_PLACEMENT_3D('',#1346,#1347,#1348);
#1346 = CARTESIAN_POINT('',(-0.77,-0.4,0.47));
#1347 = DIRECTION('',(0.,0.,1.));
#1348 = DIRECTION('',(1.,0.,-0.));
#1349 = ADVANCED_FACE('',(#1350),#1361,.T.);
#1350 = FACE_BOUND('',#1351,.T.);
#1351 = EDGE_LOOP('',(#1352,#1353,#1354,#1355));
#1352 = ORIENTED_EDGE('',*,*,#1165,.T.);
#1353 = ORIENTED_EDGE('',*,*,#1268,.T.);
#1354 = ORIENTED_EDGE('',*,*,#1308,.T.);
#1355 = ORIENTED_EDGE('',*,*,#1356,.T.);
#1356 = EDGE_CURVE('',#1301,#1133,#1357,.T.);
#1357 = LINE('',#1358,#1359);
#1358 = CARTESIAN_POINT('',(0.5,0.4,0.47));
#1359 = VECTOR('',#1360,1.);
#1360 = DIRECTION('',(-1.,0.,0.));
#1361 = PLANE('',#1362);
#1362 = AXIS2_PLACEMENT_3D('',#1363,#1364,#1365);
#1363 = CARTESIAN_POINT('',(-8.772411109409E-18,0.4,0.775044128294));
#1364 = DIRECTION('',(0.,1.,0.));
#1365 = DIRECTION('',(0.,-0.,1.));
#1366 = ADVANCED_FACE('',(#1367),#1394,.T.);
#1367 = FACE_BOUND('',#1368,.T.);
#1368 = EDGE_LOOP('',(#1369,#1378,#1386,#1393));
#1369 = ORIENTED_EDGE('',*,*,#1370,.F.);
#1370 = EDGE_CURVE('',#1371,#1135,#1373,.T.);
#1371 = VERTEX_POINT('',#1372);
#1372 = CARTESIAN_POINT('',(-0.53,0.3,0.5));
#1373 = CIRCLE('',#1374,3.E-02);
#1374 = AXIS2_PLACEMENT_3D('',#1375,#1376,#1377);
#1375 = CARTESIAN_POINT('',(-0.53,0.3,0.47));
#1376 = DIRECTION('',(-0.,1.,0.));
#1377 = DIRECTION('',(1.,0.,0.));
#1378 = ORIENTED_EDGE('',*,*,#1379,.F.);
#1379 = EDGE_CURVE('',#1380,#1371,#1382,.T.);
#1380 = VERTEX_POINT('',#1381);
#1381 = CARTESIAN_POINT('',(-0.53,-0.3,0.5));
#1382 = LINE('',#1383,#1384);
#1383 = CARTESIAN_POINT('',(-0.53,-0.4,0.5));
#1384 = VECTOR('',#1385,1.);
#1385 = DIRECTION('',(0.,1.,0.));
#1386 = ORIENTED_EDGE('',*,*,#1387,.T.);
#1387 = EDGE_CURVE('',#1380,#1143,#1388,.T.);
#1388 = CIRCLE('',#1389,3.E-02);
#1389 = AXIS2_PLACEMENT_3D('',#1390,#1391,#1392);
#1390 = CARTESIAN_POINT('',(-0.53,-0.3,0.47));
#1391 = DIRECTION('',(-0.,1.,0.));
#1392 = DIRECTION('',(1.,0.,0.));
#1393 = ORIENTED_EDGE('',*,*,#1142,.T.);
#1394 = CYLINDRICAL_SURFACE('',#1395,3.E-02);
#1395 = AXIS2_PLACEMENT_3D('',#1396,#1397,#1398);
#1396 = CARTESIAN_POINT('',(-0.53,-0.4,0.47));
#1397 = DIRECTION('',(0.,1.,0.));
#1398 = DIRECTION('',(1.,0.,0.));
#1399 = ADVANCED_FACE('',(#1400),#1418,.T.);
#1400 = FACE_BOUND('',#1401,.T.);
#1401 = EDGE_LOOP('',(#1402,#1410,#1411,#1412));
#1402 = ORIENTED_EDGE('',*,*,#1403,.F.);
#1403 = EDGE_CURVE('',#1198,#1404,#1406,.T.);
#1404 = VERTEX_POINT('',#1405);
#1405 = CARTESIAN_POINT('',(-0.725,-0.3,0.47));
#1406 = LINE('',#1407,#1408);
#1407 = CARTESIAN_POINT('',(-0.725,-0.35,0.47));
#1408 = VECTOR('',#1409,1.);
#1409 = DIRECTION('',(0.,1.,0.));
#1410 = ORIENTED_EDGE('',*,*,#1205,.T.);
#1411 = ORIENTED_EDGE('',*,*,#1150,.F.);
#1412 = ORIENTED_EDGE('',*,*,#1413,.F.);
#1413 = EDGE_CURVE('',#1404,#1143,#1414,.T.);
#1414 = LINE('',#1415,#1416);
#1415 = CARTESIAN_POINT('',(-2.25E-02,-0.3,0.47));
#1416 = VECTOR('',#1417,1.);
#1417 = DIRECTION('',(1.,0.,0.));
#1418 = PLANE('',#1419);
#1419 = AXIS2_PLACEMENT_3D('',#1420,#1421,#1422);
#1420 = CARTESIAN_POINT('',(-0.77,-0.4,0.47));
#1421 = DIRECTION('',(0.,0.,1.));
#1422 = DIRECTION('',(1.,0.,-0.));
#1423 = ADVANCED_FACE('',(#1424),#1485,.F.);
#1424 = FACE_BOUND('',#1425,.F.);
#1425 = EDGE_LOOP('',(#1426,#1436,#1445,#1453,#1462,#1470,#1476,#1477,
    #1478,#1479));
#1426 = ORIENTED_EDGE('',*,*,#1427,.F.);
#1427 = EDGE_CURVE('',#1428,#1430,#1432,.T.);
#1428 = VERTEX_POINT('',#1429);
#1429 = CARTESIAN_POINT('',(-0.77,-0.4,-3.469446951954E-18));
#1430 = VERTEX_POINT('',#1431);
#1431 = CARTESIAN_POINT('',(-0.725,-0.4,0.));
#1432 = LINE('',#1433,#1434);
#1433 = CARTESIAN_POINT('',(-0.8,-0.4,0.));
#1434 = VECTOR('',#1435,1.);
#1435 = DIRECTION('',(1.,0.,0.));
#1436 = ORIENTED_EDGE('',*,*,#1437,.F.);
#1437 = EDGE_CURVE('',#1438,#1428,#1440,.T.);
#1438 = VERTEX_POINT('',#1439);
#1439 = CARTESIAN_POINT('',(-0.8,-0.4,3.E-02));
#1440 = CIRCLE('',#1441,3.E-02);
#1441 = AXIS2_PLACEMENT_3D('',#1442,#1443,#1444);
#1442 = CARTESIAN_POINT('',(-0.77,-0.4,3.E-02));
#1443 = DIRECTION('',(0.,-1.,0.));
#1444 = DIRECTION('',(0.,0.,1.));
#1445 = ORIENTED_EDGE('',*,*,#1446,.T.);
#1446 = EDGE_CURVE('',#1438,#1447,#1449,.T.);
#1447 = VERTEX_POINT('',#1448);
#1448 = CARTESIAN_POINT('',(-0.8,-0.4,0.47));
#1449 = LINE('',#1450,#1451);
#1450 = CARTESIAN_POINT('',(-0.8,-0.4,0.));
#1451 = VECTOR('',#1452,1.);
#1452 = DIRECTION('',(0.,0.,1.));
#1453 = ORIENTED_EDGE('',*,*,#1454,.T.);
#1454 = EDGE_CURVE('',#1447,#1455,#1457,.T.);
#1455 = VERTEX_POINT('',#1456);
#1456 = CARTESIAN_POINT('',(-0.77,-0.4,0.5));
#1457 = CIRCLE('',#1458,3.E-02);
#1458 = AXIS2_PLACEMENT_3D('',#1459,#1460,#1461);
#1459 = CARTESIAN_POINT('',(-0.77,-0.4,0.47));
#1460 = DIRECTION('',(0.,1.,0.));
#1461 = DIRECTION('',(0.,-0.,1.));
#1462 = ORIENTED_EDGE('',*,*,#1463,.T.);
#1463 = EDGE_CURVE('',#1455,#1464,#1466,.T.);
#1464 = VERTEX_POINT('',#1465);
#1465 = CARTESIAN_POINT('',(-0.725,-0.4,0.5));
#1466 = LINE('',#1467,#1468);
#1467 = CARTESIAN_POINT('',(-0.8,-0.4,0.5));
#1468 = VECTOR('',#1469,1.);
#1469 = DIRECTION('',(1.,0.,0.));
#1470 = ORIENTED_EDGE('',*,*,#1471,.F.);
#1471 = EDGE_CURVE('',#1198,#1464,#1472,.T.);
#1472 = LINE('',#1473,#1474);
#1473 = CARTESIAN_POINT('',(-0.725,-0.4,0.375));
#1474 = VECTOR('',#1475,1.);
#1475 = DIRECTION('',(0.,0.,1.));
#1476 = ORIENTED_EDGE('',*,*,#1197,.F.);
#1477 = ORIENTED_EDGE('',*,*,#1189,.F.);
#1478 = ORIENTED_EDGE('',*,*,#1179,.T.);
#1479 = ORIENTED_EDGE('',*,*,#1480,.F.);
#1480 = EDGE_CURVE('',#1430,#1182,#1481,.T.);
#1481 = LINE('',#1482,#1483);
#1482 = CARTESIAN_POINT('',(-0.725,-0.4,0.375));
#1483 = VECTOR('',#1484,1.);
#1484 = DIRECTION('',(0.,0.,1.));
#1485 = PLANE('',#1486);
#1486 = AXIS2_PLACEMENT_3D('',#1487,#1488,#1489);
#1487 = CARTESIAN_POINT('',(-0.8,-0.4,0.));
#1488 = DIRECTION('',(0.,1.,0.));
#1489 = DIRECTION('',(0.,-0.,1.));
#1490 = ADVANCED_FACE('',(#1491,#1580),#1606,.F.);
#1491 = FACE_BOUND('',#1492,.F.);
#1492 = EDGE_LOOP('',(#1493,#1501,#1502,#1510,#1518,#1526,#1534,#1542,
    #1550,#1558,#1566,#1574));
#1493 = ORIENTED_EDGE('',*,*,#1494,.F.);
#1494 = EDGE_CURVE('',#1182,#1495,#1497,.T.);
#1495 = VERTEX_POINT('',#1496);
#1496 = CARTESIAN_POINT('',(-0.725,-0.3,3.E-02));
#1497 = LINE('',#1498,#1499);
#1498 = CARTESIAN_POINT('',(-0.725,-0.35,3.E-02));
#1499 = VECTOR('',#1500,1.);
#1500 = DIRECTION('',(0.,1.,0.));
#1501 = ORIENTED_EDGE('',*,*,#1244,.T.);
#1502 = ORIENTED_EDGE('',*,*,#1503,.F.);
#1503 = EDGE_CURVE('',#1504,#1237,#1506,.T.);
#1504 = VERTEX_POINT('',#1505);
#1505 = CARTESIAN_POINT('',(0.725,-0.3,3.E-02));
#1506 = LINE('',#1507,#1508);
#1507 = CARTESIAN_POINT('',(0.725,-0.45,3.E-02));
#1508 = VECTOR('',#1509,1.);
#1509 = DIRECTION('',(0.,-1.,0.));
#1510 = ORIENTED_EDGE('',*,*,#1511,.F.);
#1511 = EDGE_CURVE('',#1512,#1504,#1514,.T.);
#1512 = VERTEX_POINT('',#1513);
#1513 = CARTESIAN_POINT('',(0.5,-0.3,3.E-02));
#1514 = LINE('',#1515,#1516);
#1515 = CARTESIAN_POINT('',(-2.25E-02,-0.3,3.E-02));
#1516 = VECTOR('',#1517,1.);
#1517 = DIRECTION('',(1.,0.,0.));
#1518 = ORIENTED_EDGE('',*,*,#1519,.T.);
#1519 = EDGE_CURVE('',#1512,#1520,#1522,.T.);
#1520 = VERTEX_POINT('',#1521);
#1521 = CARTESIAN_POINT('',(0.5,0.3,3.E-02));
#1522 = LINE('',#1523,#1524);
#1523 = CARTESIAN_POINT('',(0.5,-0.4,3.E-02));
#1524 = VECTOR('',#1525,1.);
#1525 = DIRECTION('',(0.,1.,0.));
#1526 = ORIENTED_EDGE('',*,*,#1527,.F.);
#1527 = EDGE_CURVE('',#1528,#1520,#1530,.T.);
#1528 = VERTEX_POINT('',#1529);
#1529 = CARTESIAN_POINT('',(0.725,0.3,3.E-02));
#1530 = LINE('',#1531,#1532);
#1531 = CARTESIAN_POINT('',(-0.7475,0.3,3.E-02));
#1532 = VECTOR('',#1533,1.);
#1533 = DIRECTION('',(-1.,0.,0.));
#1534 = ORIENTED_EDGE('',*,*,#1535,.F.);
#1535 = EDGE_CURVE('',#1536,#1528,#1538,.T.);
#1536 = VERTEX_POINT('',#1537);
#1537 = CARTESIAN_POINT('',(0.725,0.4,3.E-02));
#1538 = LINE('',#1539,#1540);
#1539 = CARTESIAN_POINT('',(0.725,-5.E-02,3.E-02));
#1540 = VECTOR('',#1541,1.);
#1541 = DIRECTION('',(0.,-1.,0.));
#1542 = ORIENTED_EDGE('',*,*,#1543,.F.);
#1543 = EDGE_CURVE('',#1544,#1536,#1546,.T.);
#1544 = VERTEX_POINT('',#1545);
#1545 = CARTESIAN_POINT('',(-0.725,0.4,3.E-02));
#1546 = LINE('',#1547,#1548);
#1547 = CARTESIAN_POINT('',(-0.77,0.4,3.E-02));
#1548 = VECTOR('',#1549,1.);
#1549 = DIRECTION('',(1.,0.,0.));
#1550 = ORIENTED_EDGE('',*,*,#1551,.F.);
#1551 = EDGE_CURVE('',#1552,#1544,#1554,.T.);
#1552 = VERTEX_POINT('',#1553);
#1553 = CARTESIAN_POINT('',(-0.725,0.3,3.E-02));
#1554 = LINE('',#1555,#1556);
#1555 = CARTESIAN_POINT('',(-0.725,5.E-02,3.E-02));
#1556 = VECTOR('',#1557,1.);
#1557 = DIRECTION('',(0.,1.,0.));
#1558 = ORIENTED_EDGE('',*,*,#1559,.F.);
#1559 = EDGE_CURVE('',#1560,#1552,#1562,.T.);
#1560 = VERTEX_POINT('',#1561);
#1561 = CARTESIAN_POINT('',(-0.5,0.3,3.E-02));
#1562 = LINE('',#1563,#1564);
#1563 = CARTESIAN_POINT('',(-0.7475,0.3,3.E-02));
#1564 = VECTOR('',#1565,1.);
#1565 = DIRECTION('',(-1.,0.,0.));
#1566 = ORIENTED_EDGE('',*,*,#1567,.F.);
#1567 = EDGE_CURVE('',#1568,#1560,#1570,.T.);
#1568 = VERTEX_POINT('',#1569);
#1569 = CARTESIAN_POINT('',(-0.5,-0.3,3.E-02));
#1570 = LINE('',#1571,#1572);
#1571 = CARTESIAN_POINT('',(-0.5,-0.4,3.E-02));
#1572 = VECTOR('',#1573,1.);
#1573 = DIRECTION('',(0.,1.,0.));
#1574 = ORIENTED_EDGE('',*,*,#1575,.F.);
#1575 = EDGE_CURVE('',#1495,#1568,#1576,.T.);
#1576 = LINE('',#1577,#1578);
#1577 = CARTESIAN_POINT('',(-2.25E-02,-0.3,3.E-02));
#1578 = VECTOR('',#1579,1.);
#1579 = DIRECTION('',(1.,0.,0.));
#1580 = FACE_BOUND('',#1581,.F.);
#1581 = EDGE_LOOP('',(#1582,#1592,#1600));
#1582 = ORIENTED_EDGE('',*,*,#1583,.T.);
#1583 = EDGE_CURVE('',#1584,#1586,#1588,.T.);
#1584 = VERTEX_POINT('',#1585);
#1585 = CARTESIAN_POINT('',(0.277128129211,0.32,3.E-02));
#1586 = VERTEX_POINT('',#1587);
#1587 = CARTESIAN_POINT('',(0.277128129211,-0.32,3.E-02));
#1588 = LINE('',#1589,#1590);
#1589 = CARTESIAN_POINT('',(0.277128129211,0.32,3.E-02));
#1590 = VECTOR('',#1591,1.);
#1591 = DIRECTION('',(0.,-1.,0.));
#1592 = ORIENTED_EDGE('',*,*,#1593,.T.);
#1593 = EDGE_CURVE('',#1586,#1594,#1596,.T.);
#1594 = VERTEX_POINT('',#1595);
#1595 = CARTESIAN_POINT('',(-0.277128129211,0.,3.E-02));
#1596 = LINE('',#1597,#1598);
#1597 = CARTESIAN_POINT('',(0.277128129211,-0.32,3.E-02));
#1598 = VECTOR('',#1599,1.);
#1599 = DIRECTION('',(-0.866025403784,0.5,0.));
#1600 = ORIENTED_EDGE('',*,*,#1601,.T.);
#1601 = EDGE_CURVE('',#1594,#1584,#1602,.T.);
#1602 = LINE('',#1603,#1604);
#1603 = CARTESIAN_POINT('',(-0.277128129211,0.,3.E-02));
#1604 = VECTOR('',#1605,1.);
#1605 = DIRECTION('',(0.866025403784,0.5,0.));
#1606 = PLANE('',#1607);
#1607 = AXIS2_PLACEMENT_3D('',#1608,#1609,#1610);
#1608 = CARTESIAN_POINT('',(-0.77,-0.4,3.E-02));
#1609 = DIRECTION('',(0.,0.,1.));
#1610 = DIRECTION('',(1.,0.,-0.));
#1611 = ADVANCED_FACE('',(#1612),#1673,.F.);
#1612 = FACE_BOUND('',#1613,.F.);
#1613 = EDGE_LOOP('',(#1614,#1624,#1630,#1631,#1632,#1633,#1641,#1649,
    #1658,#1666));
#1614 = ORIENTED_EDGE('',*,*,#1615,.F.);
#1615 = EDGE_CURVE('',#1616,#1618,#1620,.T.);
#1616 = VERTEX_POINT('',#1617);
#1617 = CARTESIAN_POINT('',(0.725,-0.4,0.));
#1618 = VERTEX_POINT('',#1619);
#1619 = CARTESIAN_POINT('',(0.77,-0.4,-3.469446951954E-18));
#1620 = LINE('',#1621,#1622);
#1621 = CARTESIAN_POINT('',(0.5,-0.4,0.));
#1622 = VECTOR('',#1623,1.);
#1623 = DIRECTION('',(1.,0.,0.));
#1624 = ORIENTED_EDGE('',*,*,#1625,.F.);
#1625 = EDGE_CURVE('',#1237,#1616,#1626,.T.);
#1626 = LINE('',#1627,#1628);
#1627 = CARTESIAN_POINT('',(0.725,-0.4,0.375));
#1628 = VECTOR('',#1629,1.);
#1629 = DIRECTION('',(0.,0.,-1.));
#1630 = ORIENTED_EDGE('',*,*,#1236,.T.);
#1631 = ORIENTED_EDGE('',*,*,#1228,.T.);
#1632 = ORIENTED_EDGE('',*,*,#1220,.F.);
#1633 = ORIENTED_EDGE('',*,*,#1634,.F.);
#1634 = EDGE_CURVE('',#1635,#1213,#1637,.T.);
#1635 = VERTEX_POINT('',#1636);
#1636 = CARTESIAN_POINT('',(0.725,-0.4,0.5));
#1637 = LINE('',#1638,#1639);
#1638 = CARTESIAN_POINT('',(0.725,-0.4,0.375));
#1639 = VECTOR('',#1640,1.);
#1640 = DIRECTION('',(0.,0.,-1.));
#1641 = ORIENTED_EDGE('',*,*,#1642,.T.);
#1642 = EDGE_CURVE('',#1635,#1643,#1645,.T.);
#1643 = VERTEX_POINT('',#1644);
#1644 = CARTESIAN_POINT('',(0.77,-0.4,0.5));
#1645 = LINE('',#1646,#1647);
#1646 = CARTESIAN_POINT('',(0.5,-0.4,0.5));
#1647 = VECTOR('',#1648,1.);
#1648 = DIRECTION('',(1.,0.,0.));
#1649 = ORIENTED_EDGE('',*,*,#1650,.F.);
#1650 = EDGE_CURVE('',#1651,#1643,#1653,.T.);
#1651 = VERTEX_POINT('',#1652);
#1652 = CARTESIAN_POINT('',(0.8,-0.4,0.47));
#1653 = CIRCLE('',#1654,3.E-02);
#1654 = AXIS2_PLACEMENT_3D('',#1655,#1656,#1657);
#1655 = CARTESIAN_POINT('',(0.77,-0.4,0.47));
#1656 = DIRECTION('',(0.,-1.,0.));
#1657 = DIRECTION('',(0.,0.,1.));
#1658 = ORIENTED_EDGE('',*,*,#1659,.F.);
#1659 = EDGE_CURVE('',#1660,#1651,#1662,.T.);
#1660 = VERTEX_POINT('',#1661);
#1661 = CARTESIAN_POINT('',(0.8,-0.4,3.E-02));
#1662 = LINE('',#1663,#1664);
#1663 = CARTESIAN_POINT('',(0.8,-0.4,0.));
#1664 = VECTOR('',#1665,1.);
#1665 = DIRECTION('',(0.,0.,1.));
#1666 = ORIENTED_EDGE('',*,*,#1667,.T.);
#1667 = EDGE_CURVE('',#1660,#1618,#1668,.T.);
#1668 = CIRCLE('',#1669,3.E-02);
#1669 = AXIS2_PLACEMENT_3D('',#1670,#1671,#1672);
#1670 = CARTESIAN_POINT('',(0.77,-0.4,3.E-02));
#1671 = DIRECTION('',(0.,1.,0.));
#1672 = DIRECTION('',(0.,-0.,1.));
#1673 = PLANE('',#1674);
#1674 = AXIS2_PLACEMENT_3D('',#1675,#1676,#1677);
#1675 = CARTESIAN_POINT('',(0.5,-0.4,0.));
#1676 = DIRECTION('',(0.,1.,0.));
#1677 = DIRECTION('',(0.,-0.,1.));
#1678 = ADVANCED_FACE('',(#1679),#1697,.T.);
#1679 = FACE_BOUND('',#1680,.T.);
#1680 = EDGE_LOOP('',(#1681,#1689,#1690,#1691));
#1681 = ORIENTED_EDGE('',*,*,#1682,.F.);
#1682 = EDGE_CURVE('',#1285,#1683,#1685,.T.);
#1683 = VERTEX_POINT('',#1684);
#1684 = CARTESIAN_POINT('',(0.725,-0.3,0.47));
#1685 = LINE('',#1686,#1687);
#1686 = CARTESIAN_POINT('',(-2.25E-02,-0.3,0.47));
#1687 = VECTOR('',#1688,1.);
#1688 = DIRECTION('',(1.,0.,0.));
#1689 = ORIENTED_EDGE('',*,*,#1284,.T.);
#1690 = ORIENTED_EDGE('',*,*,#1212,.T.);
#1691 = ORIENTED_EDGE('',*,*,#1692,.F.);
#1692 = EDGE_CURVE('',#1683,#1213,#1693,.T.);
#1693 = LINE('',#1694,#1695);
#1694 = CARTESIAN_POINT('',(0.725,-0.45,0.47));
#1695 = VECTOR('',#1696,1.);
#1696 = DIRECTION('',(0.,-1.,0.));
#1697 = PLANE('',#1698);
#1698 = AXIS2_PLACEMENT_3D('',#1699,#1700,#1701);
#1699 = CARTESIAN_POINT('',(-0.77,-0.4,0.47));
#1700 = DIRECTION('',(0.,0.,1.));
#1701 = DIRECTION('',(1.,0.,-0.));
#1702 = ADVANCED_FACE('',(#1703),#1728,.T.);
#1703 = FACE_BOUND('',#1704,.T.);
#1704 = EDGE_LOOP('',(#1705,#1713,#1714,#1722));
#1705 = ORIENTED_EDGE('',*,*,#1706,.F.);
#1706 = EDGE_CURVE('',#1301,#1707,#1709,.T.);
#1707 = VERTEX_POINT('',#1708);
#1708 = CARTESIAN_POINT('',(0.725,0.4,0.47));
#1709 = LINE('',#1710,#1711);
#1710 = CARTESIAN_POINT('',(-0.77,0.4,0.47));
#1711 = VECTOR('',#1712,1.);
#1712 = DIRECTION('',(1.,0.,0.));
#1713 = ORIENTED_EDGE('',*,*,#1300,.T.);
#1714 = ORIENTED_EDGE('',*,*,#1715,.F.);
#1715 = EDGE_CURVE('',#1716,#1293,#1718,.T.);
#1716 = VERTEX_POINT('',#1717);
#1717 = CARTESIAN_POINT('',(0.725,0.3,0.47));
#1718 = LINE('',#1719,#1720);
#1719 = CARTESIAN_POINT('',(-0.7475,0.3,0.47));
#1720 = VECTOR('',#1721,1.);
#1721 = DIRECTION('',(-1.,0.,0.));
#1722 = ORIENTED_EDGE('',*,*,#1723,.F.);
#1723 = EDGE_CURVE('',#1707,#1716,#1724,.T.);
#1724 = LINE('',#1725,#1726);
#1725 = CARTESIAN_POINT('',(0.725,-5.E-02,0.47));
#1726 = VECTOR('',#1727,1.);
#1727 = DIRECTION('',(0.,-1.,0.));
#1728 = PLANE('',#1729);
#1729 = AXIS2_PLACEMENT_3D('',#1730,#1731,#1732);
#1730 = CARTESIAN_POINT('',(-0.77,-0.4,0.47));
#1731 = DIRECTION('',(0.,0.,1.));
#1732 = DIRECTION('',(1.,0.,-0.));
#1733 = ADVANCED_FACE('',(#1734),#1761,.T.);
#1734 = FACE_BOUND('',#1735,.T.);
#1735 = EDGE_LOOP('',(#1736,#1737,#1746,#1754));
#1736 = ORIENTED_EDGE('',*,*,#1292,.F.);
#1737 = ORIENTED_EDGE('',*,*,#1738,.T.);
#1738 = EDGE_CURVE('',#1285,#1739,#1741,.T.);
#1739 = VERTEX_POINT('',#1740);
#1740 = CARTESIAN_POINT('',(0.53,-0.3,0.5));
#1741 = CIRCLE('',#1742,3.E-02);
#1742 = AXIS2_PLACEMENT_3D('',#1743,#1744,#1745);
#1743 = CARTESIAN_POINT('',(0.53,-0.3,0.47));
#1744 = DIRECTION('',(0.,1.,-0.));
#1745 = DIRECTION('',(-1.,0.,0.));
#1746 = ORIENTED_EDGE('',*,*,#1747,.T.);
#1747 = EDGE_CURVE('',#1739,#1748,#1750,.T.);
#1748 = VERTEX_POINT('',#1749);
#1749 = CARTESIAN_POINT('',(0.53,0.3,0.5));
#1750 = LINE('',#1751,#1752);
#1751 = CARTESIAN_POINT('',(0.53,-0.4,0.5));
#1752 = VECTOR('',#1753,1.);
#1753 = DIRECTION('',(0.,1.,0.));
#1754 = ORIENTED_EDGE('',*,*,#1755,.F.);
#1755 = EDGE_CURVE('',#1293,#1748,#1756,.T.);
#1756 = CIRCLE('',#1757,3.E-02);
#1757 = AXIS2_PLACEMENT_3D('',#1758,#1759,#1760);
#1758 = CARTESIAN_POINT('',(0.53,0.3,0.47));
#1759 = DIRECTION('',(0.,1.,-0.));
#1760 = DIRECTION('',(-1.,0.,0.));
#1761 = CYLINDRICAL_SURFACE('',#1762,3.E-02);
#1762 = AXIS2_PLACEMENT_3D('',#1763,#1764,#1765);
#1763 = CARTESIAN_POINT('',(0.53,-0.4,0.47));
#1764 = DIRECTION('',(0.,1.,0.));
#1765 = DIRECTION('',(-1.,0.,0.));
#1766 = ADVANCED_FACE('',(#1767),#1817,.T.);
#1767 = FACE_BOUND('',#1768,.T.);
#1768 = EDGE_LOOP('',(#1769,#1777,#1785,#1791,#1792,#1793,#1794,#1802,
    #1810,#1816));
#1769 = ORIENTED_EDGE('',*,*,#1770,.F.);
#1770 = EDGE_CURVE('',#1771,#1544,#1773,.T.);
#1771 = VERTEX_POINT('',#1772);
#1772 = CARTESIAN_POINT('',(-0.77,0.4,3.E-02));
#1773 = LINE('',#1774,#1775);
#1774 = CARTESIAN_POINT('',(-0.77,0.4,3.E-02));
#1775 = VECTOR('',#1776,1.);
#1776 = DIRECTION('',(1.,0.,0.));
#1777 = ORIENTED_EDGE('',*,*,#1778,.T.);
#1778 = EDGE_CURVE('',#1771,#1779,#1781,.T.);
#1779 = VERTEX_POINT('',#1780);
#1780 = CARTESIAN_POINT('',(-0.77,0.4,0.47));
#1781 = LINE('',#1782,#1783);
#1782 = CARTESIAN_POINT('',(-0.77,0.4,3.E-02));
#1783 = VECTOR('',#1784,1.);
#1784 = DIRECTION('',(0.,0.,1.));
#1785 = ORIENTED_EDGE('',*,*,#1786,.T.);
#1786 = EDGE_CURVE('',#1779,#1323,#1787,.T.);
#1787 = LINE('',#1788,#1789);
#1788 = CARTESIAN_POINT('',(-0.77,0.4,0.47));
#1789 = VECTOR('',#1790,1.);
#1790 = DIRECTION('',(1.,0.,0.));
#1791 = ORIENTED_EDGE('',*,*,#1322,.T.);
#1792 = ORIENTED_EDGE('',*,*,#1356,.F.);
#1793 = ORIENTED_EDGE('',*,*,#1706,.T.);
#1794 = ORIENTED_EDGE('',*,*,#1795,.T.);
#1795 = EDGE_CURVE('',#1707,#1796,#1798,.T.);
#1796 = VERTEX_POINT('',#1797);
#1797 = CARTESIAN_POINT('',(0.77,0.4,0.47));
#1798 = LINE('',#1799,#1800);
#1799 = CARTESIAN_POINT('',(-0.77,0.4,0.47));
#1800 = VECTOR('',#1801,1.);
#1801 = DIRECTION('',(1.,0.,0.));
#1802 = ORIENTED_EDGE('',*,*,#1803,.F.);
#1803 = EDGE_CURVE('',#1804,#1796,#1806,.T.);
#1804 = VERTEX_POINT('',#1805);
#1805 = CARTESIAN_POINT('',(0.77,0.4,3.E-02));
#1806 = LINE('',#1807,#1808);
#1807 = CARTESIAN_POINT('',(0.77,0.4,3.E-02));
#1808 = VECTOR('',#1809,1.);
#1809 = DIRECTION('',(0.,0.,1.));
#1810 = ORIENTED_EDGE('',*,*,#1811,.F.);
#1811 = EDGE_CURVE('',#1536,#1804,#1812,.T.);
#1812 = LINE('',#1813,#1814);
#1813 = CARTESIAN_POINT('',(-0.77,0.4,3.E-02));
#1814 = VECTOR('',#1815,1.);
#1815 = DIRECTION('',(1.,0.,0.));
#1816 = ORIENTED_EDGE('',*,*,#1543,.F.);
#1817 = PLANE('',#1818);
#1818 = AXIS2_PLACEMENT_3D('',#1819,#1820,#1821);
#1819 = CARTESIAN_POINT('',(-0.77,0.4,3.E-02));
#1820 = DIRECTION('',(0.,1.,0.));
#1821 = DIRECTION('',(0.,-0.,1.));
#1822 = ADVANCED_FACE('',(#1823),#1841,.F.);
#1823 = FACE_BOUND('',#1824,.F.);
#1824 = EDGE_LOOP('',(#1825,#1833,#1839,#1840));
#1825 = ORIENTED_EDGE('',*,*,#1826,.F.);
#1826 = EDGE_CURVE('',#1827,#1371,#1829,.T.);
#1827 = VERTEX_POINT('',#1828);
#1828 = CARTESIAN_POINT('',(-0.725,0.3,0.5));
#1829 = LINE('',#1830,#1831);
#1830 = CARTESIAN_POINT('',(-0.7625,0.3,0.5));
#1831 = VECTOR('',#1832,1.);
#1832 = DIRECTION('',(1.,0.,0.));
#1833 = ORIENTED_EDGE('',*,*,#1834,.T.);
#1834 = EDGE_CURVE('',#1827,#1331,#1835,.T.);
#1835 = LINE('',#1836,#1837);
#1836 = CARTESIAN_POINT('',(-0.725,0.3,0.75));
#1837 = VECTOR('',#1838,1.);
#1838 = DIRECTION('',(-0.,-0.,-1.));
#1839 = ORIENTED_EDGE('',*,*,#1338,.F.);
#1840 = ORIENTED_EDGE('',*,*,#1370,.F.);
#1841 = PLANE('',#1842);
#1842 = AXIS2_PLACEMENT_3D('',#1843,#1844,#1845);
#1843 = CARTESIAN_POINT('',(-0.725,0.3,0.75));
#1844 = DIRECTION('',(0.,-1.,0.));
#1845 = DIRECTION('',(1.,0.,0.));
#1846 = ADVANCED_FACE('',(#1847),#1865,.F.);
#1847 = FACE_BOUND('',#1848,.F.);
#1848 = EDGE_LOOP('',(#1849,#1850,#1858,#1864));
#1849 = ORIENTED_EDGE('',*,*,#1834,.F.);
#1850 = ORIENTED_EDGE('',*,*,#1851,.F.);
#1851 = EDGE_CURVE('',#1852,#1827,#1854,.T.);
#1852 = VERTEX_POINT('',#1853);
#1853 = CARTESIAN_POINT('',(-0.725,0.4,0.5));
#1854 = LINE('',#1855,#1856);
#1855 = CARTESIAN_POINT('',(-0.725,5.E-02,0.5));
#1856 = VECTOR('',#1857,1.);
#1857 = DIRECTION('',(0.,-1.,0.));
#1858 = ORIENTED_EDGE('',*,*,#1859,.F.);
#1859 = EDGE_CURVE('',#1323,#1852,#1860,.T.);
#1860 = LINE('',#1861,#1862);
#1861 = CARTESIAN_POINT('',(-0.725,0.4,0.375));
#1862 = VECTOR('',#1863,1.);
#1863 = DIRECTION('',(0.,0.,1.));
#1864 = ORIENTED_EDGE('',*,*,#1330,.F.);
#1865 = PLANE('',#1866);
#1866 = AXIS2_PLACEMENT_3D('',#1867,#1868,#1869);
#1867 = CARTESIAN_POINT('',(-0.725,0.5,0.75));
#1868 = DIRECTION('',(-1.,0.,0.));
#1869 = DIRECTION('',(0.,-1.,0.));
#1870 = ADVANCED_FACE('',(#1871),#1889,.F.);
#1871 = FACE_BOUND('',#1872,.F.);
#1872 = EDGE_LOOP('',(#1873,#1881,#1887,#1888));
#1873 = ORIENTED_EDGE('',*,*,#1874,.F.);
#1874 = EDGE_CURVE('',#1875,#1404,#1877,.T.);
#1875 = VERTEX_POINT('',#1876);
#1876 = CARTESIAN_POINT('',(-0.725,-0.3,0.5));
#1877 = LINE('',#1878,#1879);
#1878 = CARTESIAN_POINT('',(-0.725,-0.3,0.75));
#1879 = VECTOR('',#1880,1.);
#1880 = DIRECTION('',(-0.,-0.,-1.));
#1881 = ORIENTED_EDGE('',*,*,#1882,.F.);
#1882 = EDGE_CURVE('',#1380,#1875,#1883,.T.);
#1883 = LINE('',#1884,#1885);
#1884 = CARTESIAN_POINT('',(-3.75E-02,-0.3,0.5));
#1885 = VECTOR('',#1886,1.);
#1886 = DIRECTION('',(-1.,0.,0.));
#1887 = ORIENTED_EDGE('',*,*,#1387,.T.);
#1888 = ORIENTED_EDGE('',*,*,#1413,.F.);
#1889 = PLANE('',#1890);
#1890 = AXIS2_PLACEMENT_3D('',#1891,#1892,#1893);
#1891 = CARTESIAN_POINT('',(0.725,-0.3,0.75));
#1892 = DIRECTION('',(0.,1.,0.));
#1893 = DIRECTION('',(-1.,0.,0.));
#1894 = ADVANCED_FACE('',(#1895),#1922,.T.);
#1895 = FACE_BOUND('',#1896,.T.);
#1896 = EDGE_LOOP('',(#1897,#1905,#1911,#1912,#1918,#1919,#1920,#1921));
#1897 = ORIENTED_EDGE('',*,*,#1898,.F.);
#1898 = EDGE_CURVE('',#1899,#1852,#1901,.T.);
#1899 = VERTEX_POINT('',#1900);
#1900 = CARTESIAN_POINT('',(-0.77,0.4,0.5));
#1901 = LINE('',#1902,#1903);
#1902 = CARTESIAN_POINT('',(-0.8,0.4,0.5));
#1903 = VECTOR('',#1904,1.);
#1904 = DIRECTION('',(1.,0.,0.));
#1905 = ORIENTED_EDGE('',*,*,#1906,.F.);
#1906 = EDGE_CURVE('',#1455,#1899,#1907,.T.);
#1907 = LINE('',#1908,#1909);
#1908 = CARTESIAN_POINT('',(-0.77,-0.4,0.5));
#1909 = VECTOR('',#1910,1.);
#1910 = DIRECTION('',(0.,1.,0.));
#1911 = ORIENTED_EDGE('',*,*,#1463,.T.);
#1912 = ORIENTED_EDGE('',*,*,#1913,.F.);
#1913 = EDGE_CURVE('',#1875,#1464,#1914,.T.);
#1914 = LINE('',#1915,#1916);
#1915 = CARTESIAN_POINT('',(-0.725,-0.35,0.5));
#1916 = VECTOR('',#1917,1.);
#1917 = DIRECTION('',(0.,-1.,0.));
#1918 = ORIENTED_EDGE('',*,*,#1882,.F.);
#1919 = ORIENTED_EDGE('',*,*,#1379,.T.);
#1920 = ORIENTED_EDGE('',*,*,#1826,.F.);
#1921 = ORIENTED_EDGE('',*,*,#1851,.F.);
#1922 = PLANE('',#1923);
#1923 = AXIS2_PLACEMENT_3D('',#1924,#1925,#1926);
#1924 = CARTESIAN_POINT('',(-0.8,-0.4,0.5));
#1925 = DIRECTION('',(0.,0.,1.));
#1926 = DIRECTION('',(1.,0.,-0.));
#1927 = ADVANCED_FACE('',(#1928),#1934,.F.);
#1928 = FACE_BOUND('',#1929,.F.);
#1929 = EDGE_LOOP('',(#1930,#1931,#1932,#1933));
#1930 = ORIENTED_EDGE('',*,*,#1913,.F.);
#1931 = ORIENTED_EDGE('',*,*,#1874,.T.);
#1932 = ORIENTED_EDGE('',*,*,#1403,.F.);
#1933 = ORIENTED_EDGE('',*,*,#1471,.T.);
#1934 = PLANE('',#1935);
#1935 = AXIS2_PLACEMENT_3D('',#1936,#1937,#1938);
#1936 = CARTESIAN_POINT('',(-0.725,-0.3,0.75));
#1937 = DIRECTION('',(-1.,0.,0.));
#1938 = DIRECTION('',(0.,-1.,0.));
#1939 = ADVANCED_FACE('',(#1940),#1997,.F.);
#1940 = FACE_BOUND('',#1941,.F.);
#1941 = EDGE_LOOP('',(#1942,#1952,#1958,#1959,#1967,#1975,#1983,#1991));
#1942 = ORIENTED_EDGE('',*,*,#1943,.F.);
#1943 = EDGE_CURVE('',#1944,#1946,#1948,.T.);
#1944 = VERTEX_POINT('',#1945);
#1945 = CARTESIAN_POINT('',(-0.77,0.4,-3.469446951954E-18));
#1946 = VERTEX_POINT('',#1947);
#1947 = CARTESIAN_POINT('',(-0.725,0.4,0.));
#1948 = LINE('',#1949,#1950);
#1949 = CARTESIAN_POINT('',(-0.8,0.4,0.));
#1950 = VECTOR('',#1951,1.);
#1951 = DIRECTION('',(1.,0.,0.));
#1952 = ORIENTED_EDGE('',*,*,#1953,.F.);
#1953 = EDGE_CURVE('',#1428,#1944,#1954,.T.);
#1954 = LINE('',#1955,#1956);
#1955 = CARTESIAN_POINT('',(-0.77,-0.4,-3.469446951954E-18));
#1956 = VECTOR('',#1957,1.);
#1957 = DIRECTION('',(0.,1.,0.));
#1958 = ORIENTED_EDGE('',*,*,#1427,.T.);
#1959 = ORIENTED_EDGE('',*,*,#1960,.F.);
#1960 = EDGE_CURVE('',#1961,#1430,#1963,.T.);
#1961 = VERTEX_POINT('',#1962);
#1962 = CARTESIAN_POINT('',(-0.725,-0.3,0.));
#1963 = LINE('',#1964,#1965);
#1964 = CARTESIAN_POINT('',(-0.725,-0.35,0.));
#1965 = VECTOR('',#1966,1.);
#1966 = DIRECTION('',(0.,-1.,0.));
#1967 = ORIENTED_EDGE('',*,*,#1968,.F.);
#1968 = EDGE_CURVE('',#1969,#1961,#1971,.T.);
#1969 = VERTEX_POINT('',#1970);
#1970 = CARTESIAN_POINT('',(-0.53,-0.3,-3.469446951954E-18));
#1971 = LINE('',#1972,#1973);
#1972 = CARTESIAN_POINT('',(-3.75E-02,-0.3,0.));
#1973 = VECTOR('',#1974,1.);
#1974 = DIRECTION('',(-1.,0.,0.));
#1975 = ORIENTED_EDGE('',*,*,#1976,.T.);
#1976 = EDGE_CURVE('',#1969,#1977,#1979,.T.);
#1977 = VERTEX_POINT('',#1978);
#1978 = CARTESIAN_POINT('',(-0.53,0.3,-3.469446951954E-18));
#1979 = LINE('',#1980,#1981);
#1980 = CARTESIAN_POINT('',(-0.53,-0.4,-3.469446951954E-18));
#1981 = VECTOR('',#1982,1.);
#1982 = DIRECTION('',(0.,1.,0.));
#1983 = ORIENTED_EDGE('',*,*,#1984,.F.);
#1984 = EDGE_CURVE('',#1985,#1977,#1987,.T.);
#1985 = VERTEX_POINT('',#1986);
#1986 = CARTESIAN_POINT('',(-0.725,0.3,0.));
#1987 = LINE('',#1988,#1989);
#1988 = CARTESIAN_POINT('',(-0.7625,0.3,0.));
#1989 = VECTOR('',#1990,1.);
#1990 = DIRECTION('',(1.,0.,0.));
#1991 = ORIENTED_EDGE('',*,*,#1992,.F.);
#1992 = EDGE_CURVE('',#1946,#1985,#1993,.T.);
#1993 = LINE('',#1994,#1995);
#1994 = CARTESIAN_POINT('',(-0.725,5.E-02,0.));
#1995 = VECTOR('',#1996,1.);
#1996 = DIRECTION('',(0.,-1.,0.));
#1997 = PLANE('',#1998);
#1998 = AXIS2_PLACEMENT_3D('',#1999,#2000,#2001);
#1999 = CARTESIAN_POINT('',(-0.8,-0.4,0.));
#2000 = DIRECTION('',(0.,0.,1.));
#2001 = DIRECTION('',(1.,0.,-0.));
#2002 = ADVANCED_FACE('',(#2003),#2022,.T.);
#2003 = FACE_BOUND('',#2004,.T.);
#2004 = EDGE_LOOP('',(#2005,#2013,#2020,#2021));
#2005 = ORIENTED_EDGE('',*,*,#2006,.T.);
#2006 = EDGE_CURVE('',#1438,#2007,#2009,.T.);
#2007 = VERTEX_POINT('',#2008);
#2008 = CARTESIAN_POINT('',(-0.8,0.4,3.E-02));
#2009 = LINE('',#2010,#2011);
#2010 = CARTESIAN_POINT('',(-0.8,-0.4,3.E-02));
#2011 = VECTOR('',#2012,1.);
#2012 = DIRECTION('',(0.,1.,0.));
#2013 = ORIENTED_EDGE('',*,*,#2014,.T.);
#2014 = EDGE_CURVE('',#2007,#1944,#2015,.T.);
#2015 = CIRCLE('',#2016,3.E-02);
#2016 = AXIS2_PLACEMENT_3D('',#2017,#2018,#2019);
#2017 = CARTESIAN_POINT('',(-0.77,0.4,3.E-02));
#2018 = DIRECTION('',(0.,-1.,0.));
#2019 = DIRECTION('',(0.,0.,1.));
#2020 = ORIENTED_EDGE('',*,*,#1953,.F.);
#2021 = ORIENTED_EDGE('',*,*,#1437,.F.);
#2022 = CYLINDRICAL_SURFACE('',#2023,3.E-02);
#2023 = AXIS2_PLACEMENT_3D('',#2024,#2025,#2026);
#2024 = CARTESIAN_POINT('',(-0.77,-0.4,3.E-02));
#2025 = DIRECTION('',(0.,1.,0.));
#2026 = DIRECTION('',(-1.,0.,0.));
#2027 = ADVANCED_FACE('',(#2028),#2039,.F.);
#2028 = FACE_BOUND('',#2029,.F.);
#2029 = EDGE_LOOP('',(#2030,#2031,#2037,#2038));
#2030 = ORIENTED_EDGE('',*,*,#1494,.T.);
#2031 = ORIENTED_EDGE('',*,*,#2032,.T.);
#2032 = EDGE_CURVE('',#1495,#1961,#2033,.T.);
#2033 = LINE('',#2034,#2035);
#2034 = CARTESIAN_POINT('',(-0.725,-0.3,0.75));
#2035 = VECTOR('',#2036,1.);
#2036 = DIRECTION('',(-0.,-0.,-1.));
#2037 = ORIENTED_EDGE('',*,*,#1960,.T.);
#2038 = ORIENTED_EDGE('',*,*,#1480,.T.);
#2039 = PLANE('',#2040);
#2040 = AXIS2_PLACEMENT_3D('',#2041,#2042,#2043);
#2041 = CARTESIAN_POINT('',(-0.725,-0.3,0.75));
#2042 = DIRECTION('',(-1.,0.,0.));
#2043 = DIRECTION('',(0.,-1.,0.));
#2044 = ADVANCED_FACE('',(#2045),#2063,.F.);
#2045 = FACE_BOUND('',#2046,.F.);
#2046 = EDGE_LOOP('',(#2047,#2048,#2049,#2057));
#2047 = ORIENTED_EDGE('',*,*,#1446,.F.);
#2048 = ORIENTED_EDGE('',*,*,#2006,.T.);
#2049 = ORIENTED_EDGE('',*,*,#2050,.T.);
#2050 = EDGE_CURVE('',#2007,#2051,#2053,.T.);
#2051 = VERTEX_POINT('',#2052);
#2052 = CARTESIAN_POINT('',(-0.8,0.4,0.47));
#2053 = LINE('',#2054,#2055);
#2054 = CARTESIAN_POINT('',(-0.8,0.4,0.));
#2055 = VECTOR('',#2056,1.);
#2056 = DIRECTION('',(0.,0.,1.));
#2057 = ORIENTED_EDGE('',*,*,#2058,.F.);
#2058 = EDGE_CURVE('',#1447,#2051,#2059,.T.);
#2059 = LINE('',#2060,#2061);
#2060 = CARTESIAN_POINT('',(-0.8,-0.4,0.47));
#2061 = VECTOR('',#2062,1.);
#2062 = DIRECTION('',(0.,1.,0.));
#2063 = PLANE('',#2064);
#2064 = AXIS2_PLACEMENT_3D('',#2065,#2066,#2067);
#2065 = CARTESIAN_POINT('',(-0.8,-0.4,0.));
#2066 = DIRECTION('',(1.,0.,0.));
#2067 = DIRECTION('',(0.,0.,1.));
#2068 = ADVANCED_FACE('',(#2069),#2081,.T.);
#2069 = FACE_BOUND('',#2070,.T.);
#2070 = EDGE_LOOP('',(#2071,#2072,#2073,#2080));
#2071 = ORIENTED_EDGE('',*,*,#1454,.T.);
#2072 = ORIENTED_EDGE('',*,*,#1906,.T.);
#2073 = ORIENTED_EDGE('',*,*,#2074,.F.);
#2074 = EDGE_CURVE('',#2051,#1899,#2075,.T.);
#2075 = CIRCLE('',#2076,3.E-02);
#2076 = AXIS2_PLACEMENT_3D('',#2077,#2078,#2079);
#2077 = CARTESIAN_POINT('',(-0.77,0.4,0.47));
#2078 = DIRECTION('',(0.,1.,0.));
#2079 = DIRECTION('',(0.,-0.,1.));
#2080 = ORIENTED_EDGE('',*,*,#2058,.F.);
#2081 = CYLINDRICAL_SURFACE('',#2082,3.E-02);
#2082 = AXIS2_PLACEMENT_3D('',#2083,#2084,#2085);
#2083 = CARTESIAN_POINT('',(-0.77,-0.4,0.47));
#2084 = DIRECTION('',(0.,1.,0.));
#2085 = DIRECTION('',(-1.,0.,0.));
#2086 = ADVANCED_FACE('',(#2087),#2099,.F.);
#2087 = FACE_BOUND('',#2088,.F.);
#2088 = EDGE_LOOP('',(#2089,#2090,#2091,#2098));
#2089 = ORIENTED_EDGE('',*,*,#2032,.F.);
#2090 = ORIENTED_EDGE('',*,*,#1575,.T.);
#2091 = ORIENTED_EDGE('',*,*,#2092,.T.);
#2092 = EDGE_CURVE('',#1568,#1969,#2093,.T.);
#2093 = CIRCLE('',#2094,3.E-02);
#2094 = AXIS2_PLACEMENT_3D('',#2095,#2096,#2097);
#2095 = CARTESIAN_POINT('',(-0.53,-0.3,3.E-02));
#2096 = DIRECTION('',(-0.,1.,0.));
#2097 = DIRECTION('',(1.,0.,0.));
#2098 = ORIENTED_EDGE('',*,*,#1968,.T.);
#2099 = PLANE('',#2100);
#2100 = AXIS2_PLACEMENT_3D('',#2101,#2102,#2103);
#2101 = CARTESIAN_POINT('',(0.725,-0.3,0.75));
#2102 = DIRECTION('',(0.,1.,0.));
#2103 = DIRECTION('',(-1.,0.,0.));
#2104 = ADVANCED_FACE('',(#2105),#2117,.T.);
#2105 = FACE_BOUND('',#2106,.T.);
#2106 = EDGE_LOOP('',(#2107,#2108,#2109,#2110));
#2107 = ORIENTED_EDGE('',*,*,#1567,.F.);
#2108 = ORIENTED_EDGE('',*,*,#2092,.T.);
#2109 = ORIENTED_EDGE('',*,*,#1976,.T.);
#2110 = ORIENTED_EDGE('',*,*,#2111,.F.);
#2111 = EDGE_CURVE('',#1560,#1977,#2112,.T.);
#2112 = CIRCLE('',#2113,3.E-02);
#2113 = AXIS2_PLACEMENT_3D('',#2114,#2115,#2116);
#2114 = CARTESIAN_POINT('',(-0.53,0.3,3.E-02));
#2115 = DIRECTION('',(-0.,1.,0.));
#2116 = DIRECTION('',(1.,0.,0.));
#2117 = CYLINDRICAL_SURFACE('',#2118,3.E-02);
#2118 = AXIS2_PLACEMENT_3D('',#2119,#2120,#2121);
#2119 = CARTESIAN_POINT('',(-0.53,-0.4,3.E-02));
#2120 = DIRECTION('',(0.,1.,0.));
#2121 = DIRECTION('',(1.,0.,0.));
#2122 = ADVANCED_FACE('',(#2123),#2134,.F.);
#2123 = FACE_BOUND('',#2124,.F.);
#2124 = EDGE_LOOP('',(#2125,#2126,#2132,#2133));
#2125 = ORIENTED_EDGE('',*,*,#1559,.T.);
#2126 = ORIENTED_EDGE('',*,*,#2127,.T.);
#2127 = EDGE_CURVE('',#1552,#1985,#2128,.T.);
#2128 = LINE('',#2129,#2130);
#2129 = CARTESIAN_POINT('',(-0.725,0.3,0.75));
#2130 = VECTOR('',#2131,1.);
#2131 = DIRECTION('',(-0.,-0.,-1.));
#2132 = ORIENTED_EDGE('',*,*,#1984,.T.);
#2133 = ORIENTED_EDGE('',*,*,#2111,.F.);
#2134 = PLANE('',#2135);
#2135 = AXIS2_PLACEMENT_3D('',#2136,#2137,#2138);
#2136 = CARTESIAN_POINT('',(-0.725,0.3,0.75));
#2137 = DIRECTION('',(0.,-1.,0.));
#2138 = DIRECTION('',(1.,0.,0.));
#2139 = ADVANCED_FACE('',(#2140),#2151,.F.);
#2140 = FACE_BOUND('',#2141,.F.);
#2141 = EDGE_LOOP('',(#2142,#2143,#2144,#2150));
#2142 = ORIENTED_EDGE('',*,*,#2127,.F.);
#2143 = ORIENTED_EDGE('',*,*,#1551,.T.);
#2144 = ORIENTED_EDGE('',*,*,#2145,.F.);
#2145 = EDGE_CURVE('',#1946,#1544,#2146,.T.);
#2146 = LINE('',#2147,#2148);
#2147 = CARTESIAN_POINT('',(-0.725,0.4,0.375));
#2148 = VECTOR('',#2149,1.);
#2149 = DIRECTION('',(0.,0.,1.));
#2150 = ORIENTED_EDGE('',*,*,#1992,.T.);
#2151 = PLANE('',#2152);
#2152 = AXIS2_PLACEMENT_3D('',#2153,#2154,#2155);
#2153 = CARTESIAN_POINT('',(-0.725,0.5,0.75));
#2154 = DIRECTION('',(-1.,0.,0.));
#2155 = DIRECTION('',(0.,-1.,0.));
#2156 = ADVANCED_FACE('',(#2157),#2182,.F.);
#2157 = FACE_BOUND('',#2158,.F.);
#2158 = EDGE_LOOP('',(#2159,#2160,#2168,#2176));
#2159 = ORIENTED_EDGE('',*,*,#1535,.T.);
#2160 = ORIENTED_EDGE('',*,*,#2161,.T.);
#2161 = EDGE_CURVE('',#1528,#2162,#2164,.T.);
#2162 = VERTEX_POINT('',#2163);
#2163 = CARTESIAN_POINT('',(0.725,0.3,0.));
#2164 = LINE('',#2165,#2166);
#2165 = CARTESIAN_POINT('',(0.725,0.3,0.75));
#2166 = VECTOR('',#2167,1.);
#2167 = DIRECTION('',(-0.,-0.,-1.));
#2168 = ORIENTED_EDGE('',*,*,#2169,.T.);
#2169 = EDGE_CURVE('',#2162,#2170,#2172,.T.);
#2170 = VERTEX_POINT('',#2171);
#2171 = CARTESIAN_POINT('',(0.725,0.4,0.));
#2172 = LINE('',#2173,#2174);
#2173 = CARTESIAN_POINT('',(0.725,-5.E-02,0.));
#2174 = VECTOR('',#2175,1.);
#2175 = DIRECTION('',(0.,1.,0.));
#2176 = ORIENTED_EDGE('',*,*,#2177,.F.);
#2177 = EDGE_CURVE('',#1536,#2170,#2178,.T.);
#2178 = LINE('',#2179,#2180);
#2179 = CARTESIAN_POINT('',(0.725,0.4,0.375));
#2180 = VECTOR('',#2181,1.);
#2181 = DIRECTION('',(0.,0.,-1.));
#2182 = PLANE('',#2183);
#2183 = AXIS2_PLACEMENT_3D('',#2184,#2185,#2186);
#2184 = CARTESIAN_POINT('',(0.725,0.3,0.75));
#2185 = DIRECTION('',(1.,0.,0.));
#2186 = DIRECTION('',(-0.,1.,0.));
#2187 = ADVANCED_FACE('',(#2188),#2207,.F.);
#2188 = FACE_BOUND('',#2189,.F.);
#2189 = EDGE_LOOP('',(#2190,#2191,#2192,#2201));
#2190 = ORIENTED_EDGE('',*,*,#2161,.F.);
#2191 = ORIENTED_EDGE('',*,*,#1527,.T.);
#2192 = ORIENTED_EDGE('',*,*,#2193,.F.);
#2193 = EDGE_CURVE('',#2194,#1520,#2196,.T.);
#2194 = VERTEX_POINT('',#2195);
#2195 = CARTESIAN_POINT('',(0.53,0.3,-3.469446951954E-18));
#2196 = CIRCLE('',#2197,3.E-02);
#2197 = AXIS2_PLACEMENT_3D('',#2198,#2199,#2200);
#2198 = CARTESIAN_POINT('',(0.53,0.3,3.E-02));
#2199 = DIRECTION('',(0.,1.,-0.));
#2200 = DIRECTION('',(-1.,0.,0.));
#2201 = ORIENTED_EDGE('',*,*,#2202,.T.);
#2202 = EDGE_CURVE('',#2194,#2162,#2203,.T.);
#2203 = LINE('',#2204,#2205);
#2204 = CARTESIAN_POINT('',(-0.1125,0.3,0.));
#2205 = VECTOR('',#2206,1.);
#2206 = DIRECTION('',(1.,0.,0.));
#2207 = PLANE('',#2208);
#2208 = AXIS2_PLACEMENT_3D('',#2209,#2210,#2211);
#2209 = CARTESIAN_POINT('',(-0.725,0.3,0.75));
#2210 = DIRECTION('',(0.,-1.,0.));
#2211 = DIRECTION('',(1.,0.,0.));
#2212 = ADVANCED_FACE('',(#2213),#2232,.T.);
#2213 = FACE_BOUND('',#2214,.T.);
#2214 = EDGE_LOOP('',(#2215,#2216,#2224,#2231));
#2215 = ORIENTED_EDGE('',*,*,#2193,.F.);
#2216 = ORIENTED_EDGE('',*,*,#2217,.F.);
#2217 = EDGE_CURVE('',#2218,#2194,#2220,.T.);
#2218 = VERTEX_POINT('',#2219);
#2219 = CARTESIAN_POINT('',(0.53,-0.3,-3.469446951954E-18));
#2220 = LINE('',#2221,#2222);
#2221 = CARTESIAN_POINT('',(0.53,-0.4,-3.469446951954E-18));
#2222 = VECTOR('',#2223,1.);
#2223 = DIRECTION('',(0.,1.,0.));
#2224 = ORIENTED_EDGE('',*,*,#2225,.T.);
#2225 = EDGE_CURVE('',#2218,#1512,#2226,.T.);
#2226 = CIRCLE('',#2227,3.E-02);
#2227 = AXIS2_PLACEMENT_3D('',#2228,#2229,#2230);
#2228 = CARTESIAN_POINT('',(0.53,-0.3,3.E-02));
#2229 = DIRECTION('',(0.,1.,-0.));
#2230 = DIRECTION('',(-1.,0.,0.));
#2231 = ORIENTED_EDGE('',*,*,#1519,.T.);
#2232 = CYLINDRICAL_SURFACE('',#2233,3.E-02);
#2233 = AXIS2_PLACEMENT_3D('',#2234,#2235,#2236);
#2234 = CARTESIAN_POINT('',(0.53,-0.4,3.E-02));
#2235 = DIRECTION('',(0.,1.,0.));
#2236 = DIRECTION('',(-1.,0.,0.));
#2237 = ADVANCED_FACE('',(#2238),#2256,.F.);
#2238 = FACE_BOUND('',#2239,.F.);
#2239 = EDGE_LOOP('',(#2240,#2241,#2249,#2255));
#2240 = ORIENTED_EDGE('',*,*,#1511,.T.);
#2241 = ORIENTED_EDGE('',*,*,#2242,.T.);
#2242 = EDGE_CURVE('',#1504,#2243,#2245,.T.);
#2243 = VERTEX_POINT('',#2244);
#2244 = CARTESIAN_POINT('',(0.725,-0.3,0.));
#2245 = LINE('',#2246,#2247);
#2246 = CARTESIAN_POINT('',(0.725,-0.3,0.75));
#2247 = VECTOR('',#2248,1.);
#2248 = DIRECTION('',(-0.,-0.,-1.));
#2249 = ORIENTED_EDGE('',*,*,#2250,.T.);
#2250 = EDGE_CURVE('',#2243,#2218,#2251,.T.);
#2251 = LINE('',#2252,#2253);
#2252 = CARTESIAN_POINT('',(0.6125,-0.3,0.));
#2253 = VECTOR('',#2254,1.);
#2254 = DIRECTION('',(-1.,0.,0.));
#2255 = ORIENTED_EDGE('',*,*,#2225,.T.);
#2256 = PLANE('',#2257);
#2257 = AXIS2_PLACEMENT_3D('',#2258,#2259,#2260);
#2258 = CARTESIAN_POINT('',(0.725,-0.3,0.75));
#2259 = DIRECTION('',(0.,1.,0.));
#2260 = DIRECTION('',(-1.,0.,0.));
#2261 = ADVANCED_FACE('',(#2262),#2273,.F.);
#2262 = FACE_BOUND('',#2263,.F.);
#2263 = EDGE_LOOP('',(#2264,#2265,#2266,#2267));
#2264 = ORIENTED_EDGE('',*,*,#2242,.F.);
#2265 = ORIENTED_EDGE('',*,*,#1503,.T.);
#2266 = ORIENTED_EDGE('',*,*,#1625,.T.);
#2267 = ORIENTED_EDGE('',*,*,#2268,.T.);
#2268 = EDGE_CURVE('',#1616,#2243,#2269,.T.);
#2269 = LINE('',#2270,#2271);
#2270 = CARTESIAN_POINT('',(0.725,-0.45,0.));
#2271 = VECTOR('',#2272,1.);
#2272 = DIRECTION('',(0.,1.,0.));
#2273 = PLANE('',#2274);
#2274 = AXIS2_PLACEMENT_3D('',#2275,#2276,#2277);
#2275 = CARTESIAN_POINT('',(0.725,-0.5,0.75));
#2276 = DIRECTION('',(1.,0.,0.));
#2277 = DIRECTION('',(-0.,1.,0.));
#2278 = ADVANCED_FACE('',(#2279),#2304,.T.);
#2279 = FACE_BOUND('',#2280,.T.);
#2280 = EDGE_LOOP('',(#2281,#2289,#2290,#2298));
#2281 = ORIENTED_EDGE('',*,*,#2282,.T.);
#2282 = EDGE_CURVE('',#2283,#1584,#2285,.T.);
#2283 = VERTEX_POINT('',#2284);
#2284 = CARTESIAN_POINT('',(0.277128129211,0.32,1.5E-02));
#2285 = LINE('',#2286,#2287);
#2286 = CARTESIAN_POINT('',(0.277128129211,0.32,1.5E-02));
#2287 = VECTOR('',#2288,1.);
#2288 = DIRECTION('',(0.,0.,1.));
#2289 = ORIENTED_EDGE('',*,*,#1583,.T.);
#2290 = ORIENTED_EDGE('',*,*,#2291,.F.);
#2291 = EDGE_CURVE('',#2292,#1586,#2294,.T.);
#2292 = VERTEX_POINT('',#2293);
#2293 = CARTESIAN_POINT('',(0.277128129211,-0.32,1.5E-02));
#2294 = LINE('',#2295,#2296);
#2295 = CARTESIAN_POINT('',(0.277128129211,-0.32,1.5E-02));
#2296 = VECTOR('',#2297,1.);
#2297 = DIRECTION('',(0.,0.,1.));
#2298 = ORIENTED_EDGE('',*,*,#2299,.F.);
#2299 = EDGE_CURVE('',#2283,#2292,#2300,.T.);
#2300 = LINE('',#2301,#2302);
#2301 = CARTESIAN_POINT('',(0.277128129211,0.32,1.5E-02));
#2302 = VECTOR('',#2303,1.);
#2303 = DIRECTION('',(0.,-1.,0.));
#2304 = PLANE('',#2305);
#2305 = AXIS2_PLACEMENT_3D('',#2306,#2307,#2308);
#2306 = CARTESIAN_POINT('',(0.277128129211,0.32,1.5E-02));
#2307 = DIRECTION('',(1.,0.,0.));
#2308 = DIRECTION('',(0.,-1.,0.));
#2309 = ADVANCED_FACE('',(#2310),#2328,.T.);
#2310 = FACE_BOUND('',#2311,.T.);
#2311 = EDGE_LOOP('',(#2312,#2320,#2321,#2322));
#2312 = ORIENTED_EDGE('',*,*,#2313,.T.);
#2313 = EDGE_CURVE('',#2314,#1594,#2316,.T.);
#2314 = VERTEX_POINT('',#2315);
#2315 = CARTESIAN_POINT('',(-0.277128129211,0.,1.5E-02));
#2316 = LINE('',#2317,#2318);
#2317 = CARTESIAN_POINT('',(-0.277128129211,0.,1.5E-02));
#2318 = VECTOR('',#2319,1.);
#2319 = DIRECTION('',(0.,0.,1.));
#2320 = ORIENTED_EDGE('',*,*,#1601,.T.);
#2321 = ORIENTED_EDGE('',*,*,#2282,.F.);
#2322 = ORIENTED_EDGE('',*,*,#2323,.F.);
#2323 = EDGE_CURVE('',#2314,#2283,#2324,.T.);
#2324 = LINE('',#2325,#2326);
#2325 = CARTESIAN_POINT('',(-0.277128129211,0.,1.5E-02));
#2326 = VECTOR('',#2327,1.);
#2327 = DIRECTION('',(0.866025403784,0.5,0.));
#2328 = PLANE('',#2329);
#2329 = AXIS2_PLACEMENT_3D('',#2330,#2331,#2332);
#2330 = CARTESIAN_POINT('',(-0.277128129211,0.,1.5E-02));
#2331 = DIRECTION('',(-0.5,0.866025403784,0.));
#2332 = DIRECTION('',(0.866025403784,0.5,0.));
#2333 = ADVANCED_FACE('',(#2334),#2345,.T.);
#2334 = FACE_BOUND('',#2335,.T.);
#2335 = EDGE_LOOP('',(#2336,#2337,#2338,#2339));
#2336 = ORIENTED_EDGE('',*,*,#2291,.T.);
#2337 = ORIENTED_EDGE('',*,*,#1593,.T.);
#2338 = ORIENTED_EDGE('',*,*,#2313,.F.);
#2339 = ORIENTED_EDGE('',*,*,#2340,.F.);
#2340 = EDGE_CURVE('',#2292,#2314,#2341,.T.);
#2341 = LINE('',#2342,#2343);
#2342 = CARTESIAN_POINT('',(0.277128129211,-0.32,1.5E-02));
#2343 = VECTOR('',#2344,1.);
#2344 = DIRECTION('',(-0.866025403784,0.5,0.));
#2345 = PLANE('',#2346);
#2346 = AXIS2_PLACEMENT_3D('',#2347,#2348,#2349);
#2347 = CARTESIAN_POINT('',(0.277128129211,-0.32,1.5E-02));
#2348 = DIRECTION('',(-0.5,-0.866025403784,0.));
#2349 = DIRECTION('',(-0.866025403784,0.5,0.));
#2350 = ADVANCED_FACE('',(#2351),#2373,.F.);
#2351 = FACE_BOUND('',#2352,.F.);
#2352 = EDGE_LOOP('',(#2353,#2361,#2362,#2363,#2364,#2365,#2366,#2367));
#2353 = ORIENTED_EDGE('',*,*,#2354,.F.);
#2354 = EDGE_CURVE('',#2170,#2355,#2357,.T.);
#2355 = VERTEX_POINT('',#2356);
#2356 = CARTESIAN_POINT('',(0.77,0.4,-3.469446951954E-18));
#2357 = LINE('',#2358,#2359);
#2358 = CARTESIAN_POINT('',(0.5,0.4,0.));
#2359 = VECTOR('',#2360,1.);
#2360 = DIRECTION('',(1.,0.,0.));
#2361 = ORIENTED_EDGE('',*,*,#2169,.F.);
#2362 = ORIENTED_EDGE('',*,*,#2202,.F.);
#2363 = ORIENTED_EDGE('',*,*,#2217,.F.);
#2364 = ORIENTED_EDGE('',*,*,#2250,.F.);
#2365 = ORIENTED_EDGE('',*,*,#2268,.F.);
#2366 = ORIENTED_EDGE('',*,*,#1615,.T.);
#2367 = ORIENTED_EDGE('',*,*,#2368,.T.);
#2368 = EDGE_CURVE('',#1618,#2355,#2369,.T.);
#2369 = LINE('',#2370,#2371);
#2370 = CARTESIAN_POINT('',(0.77,-0.4,-3.469446951954E-18));
#2371 = VECTOR('',#2372,1.);
#2372 = DIRECTION('',(0.,1.,0.));
#2373 = PLANE('',#2374);
#2374 = AXIS2_PLACEMENT_3D('',#2375,#2376,#2377);
#2375 = CARTESIAN_POINT('',(0.5,-0.4,0.));
#2376 = DIRECTION('',(0.,0.,1.));
#2377 = DIRECTION('',(1.,0.,-0.));
#2378 = ADVANCED_FACE('',(#2379),#2398,.T.);
#2379 = FACE_BOUND('',#2380,.T.);
#2380 = EDGE_LOOP('',(#2381,#2382,#2383,#2392));
#2381 = ORIENTED_EDGE('',*,*,#1667,.T.);
#2382 = ORIENTED_EDGE('',*,*,#2368,.T.);
#2383 = ORIENTED_EDGE('',*,*,#2384,.F.);
#2384 = EDGE_CURVE('',#2385,#2355,#2387,.T.);
#2385 = VERTEX_POINT('',#2386);
#2386 = CARTESIAN_POINT('',(0.8,0.4,3.E-02));
#2387 = CIRCLE('',#2388,3.E-02);
#2388 = AXIS2_PLACEMENT_3D('',#2389,#2390,#2391);
#2389 = CARTESIAN_POINT('',(0.77,0.4,3.E-02));
#2390 = DIRECTION('',(0.,1.,0.));
#2391 = DIRECTION('',(0.,-0.,1.));
#2392 = ORIENTED_EDGE('',*,*,#2393,.F.);
#2393 = EDGE_CURVE('',#1660,#2385,#2394,.T.);
#2394 = LINE('',#2395,#2396);
#2395 = CARTESIAN_POINT('',(0.8,-0.4,3.E-02));
#2396 = VECTOR('',#2397,1.);
#2397 = DIRECTION('',(0.,1.,0.));
#2398 = CYLINDRICAL_SURFACE('',#2399,3.E-02);
#2399 = AXIS2_PLACEMENT_3D('',#2400,#2401,#2402);
#2400 = CARTESIAN_POINT('',(0.77,-0.4,3.E-02));
#2401 = DIRECTION('',(0.,1.,0.));
#2402 = DIRECTION('',(1.,0.,0.));
#2403 = ADVANCED_FACE('',(#2404),#2422,.T.);
#2404 = FACE_BOUND('',#2405,.T.);
#2405 = EDGE_LOOP('',(#2406,#2407,#2408,#2416));
#2406 = ORIENTED_EDGE('',*,*,#1659,.F.);
#2407 = ORIENTED_EDGE('',*,*,#2393,.T.);
#2408 = ORIENTED_EDGE('',*,*,#2409,.T.);
#2409 = EDGE_CURVE('',#2385,#2410,#2412,.T.);
#2410 = VERTEX_POINT('',#2411);
#2411 = CARTESIAN_POINT('',(0.8,0.4,0.47));
#2412 = LINE('',#2413,#2414);
#2413 = CARTESIAN_POINT('',(0.8,0.4,0.));
#2414 = VECTOR('',#2415,1.);
#2415 = DIRECTION('',(0.,0.,1.));
#2416 = ORIENTED_EDGE('',*,*,#2417,.F.);
#2417 = EDGE_CURVE('',#1651,#2410,#2418,.T.);
#2418 = LINE('',#2419,#2420);
#2419 = CARTESIAN_POINT('',(0.8,-0.4,0.47));
#2420 = VECTOR('',#2421,1.);
#2421 = DIRECTION('',(0.,1.,0.));
#2422 = PLANE('',#2423);
#2423 = AXIS2_PLACEMENT_3D('',#2424,#2425,#2426);
#2424 = CARTESIAN_POINT('',(0.8,-0.4,0.));
#2425 = DIRECTION('',(1.,0.,0.));
#2426 = DIRECTION('',(0.,0.,1.));
#2427 = ADVANCED_FACE('',(#2428),#2447,.T.);
#2428 = FACE_BOUND('',#2429,.T.);
#2429 = EDGE_LOOP('',(#2430,#2431,#2440,#2446));
#2430 = ORIENTED_EDGE('',*,*,#2417,.T.);
#2431 = ORIENTED_EDGE('',*,*,#2432,.T.);
#2432 = EDGE_CURVE('',#2410,#2433,#2435,.T.);
#2433 = VERTEX_POINT('',#2434);
#2434 = CARTESIAN_POINT('',(0.77,0.4,0.5));
#2435 = CIRCLE('',#2436,3.E-02);
#2436 = AXIS2_PLACEMENT_3D('',#2437,#2438,#2439);
#2437 = CARTESIAN_POINT('',(0.77,0.4,0.47));
#2438 = DIRECTION('',(0.,-1.,0.));
#2439 = DIRECTION('',(0.,0.,1.));
#2440 = ORIENTED_EDGE('',*,*,#2441,.F.);
#2441 = EDGE_CURVE('',#1643,#2433,#2442,.T.);
#2442 = LINE('',#2443,#2444);
#2443 = CARTESIAN_POINT('',(0.77,-0.4,0.5));
#2444 = VECTOR('',#2445,1.);
#2445 = DIRECTION('',(0.,1.,0.));
#2446 = ORIENTED_EDGE('',*,*,#1650,.F.);
#2447 = CYLINDRICAL_SURFACE('',#2448,3.E-02);
#2448 = AXIS2_PLACEMENT_3D('',#2449,#2450,#2451);
#2449 = CARTESIAN_POINT('',(0.77,-0.4,0.47));
#2450 = DIRECTION('',(0.,1.,0.));
#2451 = DIRECTION('',(1.,0.,0.));
#2452 = ADVANCED_FACE('',(#2453),#2494,.T.);
#2453 = FACE_BOUND('',#2454,.T.);
#2454 = EDGE_LOOP('',(#2455,#2463,#2471,#2477,#2478,#2486,#2492,#2493));
#2455 = ORIENTED_EDGE('',*,*,#2456,.F.);
#2456 = EDGE_CURVE('',#2457,#2433,#2459,.T.);
#2457 = VERTEX_POINT('',#2458);
#2458 = CARTESIAN_POINT('',(0.725,0.4,0.5));
#2459 = LINE('',#2460,#2461);
#2460 = CARTESIAN_POINT('',(0.5,0.4,0.5));
#2461 = VECTOR('',#2462,1.);
#2462 = DIRECTION('',(1.,0.,0.));
#2463 = ORIENTED_EDGE('',*,*,#2464,.F.);
#2464 = EDGE_CURVE('',#2465,#2457,#2467,.T.);
#2465 = VERTEX_POINT('',#2466);
#2466 = CARTESIAN_POINT('',(0.725,0.3,0.5));
#2467 = LINE('',#2468,#2469);
#2468 = CARTESIAN_POINT('',(0.725,-5.E-02,0.5));
#2469 = VECTOR('',#2470,1.);
#2470 = DIRECTION('',(0.,1.,0.));
#2471 = ORIENTED_EDGE('',*,*,#2472,.F.);
#2472 = EDGE_CURVE('',#1748,#2465,#2473,.T.);
#2473 = LINE('',#2474,#2475);
#2474 = CARTESIAN_POINT('',(-0.1125,0.3,0.5));
#2475 = VECTOR('',#2476,1.);
#2476 = DIRECTION('',(1.,0.,0.));
#2477 = ORIENTED_EDGE('',*,*,#1747,.F.);
#2478 = ORIENTED_EDGE('',*,*,#2479,.F.);
#2479 = EDGE_CURVE('',#2480,#1739,#2482,.T.);
#2480 = VERTEX_POINT('',#2481);
#2481 = CARTESIAN_POINT('',(0.725,-0.3,0.5));
#2482 = LINE('',#2483,#2484);
#2483 = CARTESIAN_POINT('',(0.6125,-0.3,0.5));
#2484 = VECTOR('',#2485,1.);
#2485 = DIRECTION('',(-1.,0.,0.));
#2486 = ORIENTED_EDGE('',*,*,#2487,.F.);
#2487 = EDGE_CURVE('',#1635,#2480,#2488,.T.);
#2488 = LINE('',#2489,#2490);
#2489 = CARTESIAN_POINT('',(0.725,-0.45,0.5));
#2490 = VECTOR('',#2491,1.);
#2491 = DIRECTION('',(0.,1.,0.));
#2492 = ORIENTED_EDGE('',*,*,#1642,.T.);
#2493 = ORIENTED_EDGE('',*,*,#2441,.T.);
#2494 = PLANE('',#2495);
#2495 = AXIS2_PLACEMENT_3D('',#2496,#2497,#2498);
#2496 = CARTESIAN_POINT('',(0.5,-0.4,0.5));
#2497 = DIRECTION('',(0.,0.,1.));
#2498 = DIRECTION('',(1.,0.,-0.));
#2499 = ADVANCED_FACE('',(#2500),#2511,.F.);
#2500 = FACE_BOUND('',#2501,.F.);
#2501 = EDGE_LOOP('',(#2502,#2508,#2509,#2510));
#2502 = ORIENTED_EDGE('',*,*,#2503,.F.);
#2503 = EDGE_CURVE('',#2480,#1683,#2504,.T.);
#2504 = LINE('',#2505,#2506);
#2505 = CARTESIAN_POINT('',(0.725,-0.3,0.75));
#2506 = VECTOR('',#2507,1.);
#2507 = DIRECTION('',(-0.,-0.,-1.));
#2508 = ORIENTED_EDGE('',*,*,#2487,.F.);
#2509 = ORIENTED_EDGE('',*,*,#1634,.T.);
#2510 = ORIENTED_EDGE('',*,*,#1692,.F.);
#2511 = PLANE('',#2512);
#2512 = AXIS2_PLACEMENT_3D('',#2513,#2514,#2515);
#2513 = CARTESIAN_POINT('',(0.725,-0.5,0.75));
#2514 = DIRECTION('',(1.,0.,0.));
#2515 = DIRECTION('',(-0.,1.,0.));
#2516 = ADVANCED_FACE('',(#2517),#2523,.F.);
#2517 = FACE_BOUND('',#2518,.F.);
#2518 = EDGE_LOOP('',(#2519,#2520,#2521,#2522));
#2519 = ORIENTED_EDGE('',*,*,#2479,.F.);
#2520 = ORIENTED_EDGE('',*,*,#2503,.T.);
#2521 = ORIENTED_EDGE('',*,*,#1682,.F.);
#2522 = ORIENTED_EDGE('',*,*,#1738,.T.);
#2523 = PLANE('',#2524);
#2524 = AXIS2_PLACEMENT_3D('',#2525,#2526,#2527);
#2525 = CARTESIAN_POINT('',(0.725,-0.3,0.75));
#2526 = DIRECTION('',(0.,1.,0.));
#2527 = DIRECTION('',(-1.,0.,0.));
#2528 = ADVANCED_FACE('',(#2529),#2545,.F.);
#2529 = FACE_BOUND('',#2530,.F.);
#2530 = EDGE_LOOP('',(#2531,#2532,#2538,#2539));
#2531 = ORIENTED_EDGE('',*,*,#2464,.F.);
#2532 = ORIENTED_EDGE('',*,*,#2533,.T.);
#2533 = EDGE_CURVE('',#2465,#1716,#2534,.T.);
#2534 = LINE('',#2535,#2536);
#2535 = CARTESIAN_POINT('',(0.725,0.3,0.75));
#2536 = VECTOR('',#2537,1.);
#2537 = DIRECTION('',(-0.,-0.,-1.));
#2538 = ORIENTED_EDGE('',*,*,#1723,.F.);
#2539 = ORIENTED_EDGE('',*,*,#2540,.F.);
#2540 = EDGE_CURVE('',#2457,#1707,#2541,.T.);
#2541 = LINE('',#2542,#2543);
#2542 = CARTESIAN_POINT('',(0.725,0.4,0.375));
#2543 = VECTOR('',#2544,1.);
#2544 = DIRECTION('',(0.,0.,-1.));
#2545 = PLANE('',#2546);
#2546 = AXIS2_PLACEMENT_3D('',#2547,#2548,#2549);
#2547 = CARTESIAN_POINT('',(0.725,0.3,0.75));
#2548 = DIRECTION('',(1.,0.,0.));
#2549 = DIRECTION('',(-0.,1.,0.));
#2550 = ADVANCED_FACE('',(#2551),#2557,.F.);
#2551 = FACE_BOUND('',#2552,.F.);
#2552 = EDGE_LOOP('',(#2553,#2554,#2555,#2556));
#2553 = ORIENTED_EDGE('',*,*,#2533,.F.);
#2554 = ORIENTED_EDGE('',*,*,#2472,.F.);
#2555 = ORIENTED_EDGE('',*,*,#1755,.F.);
#2556 = ORIENTED_EDGE('',*,*,#1715,.F.);
#2557 = PLANE('',#2558);
#2558 = AXIS2_PLACEMENT_3D('',#2559,#2560,#2561);
#2559 = CARTESIAN_POINT('',(-0.725,0.3,0.75));
#2560 = DIRECTION('',(0.,-1.,0.));
#2561 = DIRECTION('',(1.,0.,0.));
#2562 = ADVANCED_FACE('',(#2563),#2575,.T.);
#2563 = FACE_BOUND('',#2564,.T.);
#2564 = EDGE_LOOP('',(#2565,#2566,#2567,#2568,#2569,#2570,#2571,#2572,
    #2573,#2574));
#2565 = ORIENTED_EDGE('',*,*,#1943,.F.);
#2566 = ORIENTED_EDGE('',*,*,#2014,.F.);
#2567 = ORIENTED_EDGE('',*,*,#2050,.T.);
#2568 = ORIENTED_EDGE('',*,*,#2074,.T.);
#2569 = ORIENTED_EDGE('',*,*,#1898,.T.);
#2570 = ORIENTED_EDGE('',*,*,#1859,.F.);
#2571 = ORIENTED_EDGE('',*,*,#1786,.F.);
#2572 = ORIENTED_EDGE('',*,*,#1778,.F.);
#2573 = ORIENTED_EDGE('',*,*,#1770,.T.);
#2574 = ORIENTED_EDGE('',*,*,#2145,.F.);
#2575 = PLANE('',#2576);
#2576 = AXIS2_PLACEMENT_3D('',#2577,#2578,#2579);
#2577 = CARTESIAN_POINT('',(-0.8,0.4,0.));
#2578 = DIRECTION('',(0.,1.,0.));
#2579 = DIRECTION('',(0.,-0.,1.));
#2580 = ADVANCED_FACE('',(#2581),#2593,.T.);
#2581 = FACE_BOUND('',#2582,.T.);
#2582 = EDGE_LOOP('',(#2583,#2584,#2585,#2586,#2587,#2588,#2589,#2590,
    #2591,#2592));
#2583 = ORIENTED_EDGE('',*,*,#2354,.F.);
#2584 = ORIENTED_EDGE('',*,*,#2177,.F.);
#2585 = ORIENTED_EDGE('',*,*,#1811,.T.);
#2586 = ORIENTED_EDGE('',*,*,#1803,.T.);
#2587 = ORIENTED_EDGE('',*,*,#1795,.F.);
#2588 = ORIENTED_EDGE('',*,*,#2540,.F.);
#2589 = ORIENTED_EDGE('',*,*,#2456,.T.);
#2590 = ORIENTED_EDGE('',*,*,#2432,.F.);
#2591 = ORIENTED_EDGE('',*,*,#2409,.F.);
#2592 = ORIENTED_EDGE('',*,*,#2384,.T.);
#2593 = PLANE('',#2594);
#2594 = AXIS2_PLACEMENT_3D('',#2595,#2596,#2597);
#2595 = CARTESIAN_POINT('',(0.5,0.4,0.));
#2596 = DIRECTION('',(0.,1.,0.));
#2597 = DIRECTION('',(0.,-0.,1.));
#2598 = ADVANCED_FACE('',(#2599),#2604,.T.);
#2599 = FACE_BOUND('',#2600,.T.);
#2600 = EDGE_LOOP('',(#2601,#2602,#2603));
#2601 = ORIENTED_EDGE('',*,*,#2323,.T.);
#2602 = ORIENTED_EDGE('',*,*,#2299,.T.);
#2603 = ORIENTED_EDGE('',*,*,#2340,.T.);
#2604 = PLANE('',#2605);
#2605 = AXIS2_PLACEMENT_3D('',#2606,#2607,#2608);
#2606 = CARTESIAN_POINT('',(9.237604307034E-02,0.,1.5E-02));
#2607 = DIRECTION('',(-0.,-0.,-1.));
#2608 = DIRECTION('',(-1.,0.,0.));
#2609 = ( GEOMETRIC_REPRESENTATION_CONTEXT(3) 
GLOBAL_UNCERTAINTY_ASSIGNED_CONTEXT((#2613)) 
GLOBAL_UNIT_ASSIGNED_CONTEXT((#2610,#2611,#2612)) REPRESENTATION_CONTEXT
('Context #1','3D Context with UNIT and UNCERTAINTY') );
#2610 = ( LENGTH_UNIT() NAMED_UNIT(*) SI_UNIT(.MILLI.,.METRE.) );
#2611 = ( NAMED_UNIT(*) PLANE_ANGLE_UNIT() SI_UNIT($,.RADIAN.) );
#2612 = ( NAMED_UNIT(*) SI_UNIT($,.STERADIAN.) SOLID_ANGLE_UNIT() );
#2613 = UNCERTAINTY_MEASURE_WITH_UNIT(LENGTH_MEASURE(1.E-07),#2610,
  'distance_accuracy_value','confusion accuracy');
#2614 = CONTEXT_DEPENDENT_SHAPE_REPRESENTATION(#2615,#2617);
#2615 = ( REPRESENTATION_RELATIONSHIP('','',#1085,#10) 
REPRESENTATION_RELATIONSHIP_WITH_TRANSFORMATION(#2616) 
SHAPE_REPRESENTATION_RELATIONSHIP() );
#2616 = ITEM_DEFINED_TRANSFORMATION('','',#11,#19);
#2617 = PRODUCT_DEFINITION_SHAPE('Placement','Placement of an item',
  #2618);
#2618 = NEXT_ASSEMBLY_USAGE_OCCURRENCE('2','DL4','',#5,#1080,$);
#2619 = PRODUCT_RELATED_PRODUCT_CATEGORY('part',$,(#1082));
#2620 = SHAPE_DEFINITION_REPRESENTATION(#2621,#2627);
#2621 = PRODUCT_DEFINITION_SHAPE('','',#2622);
#2622 = PRODUCT_DEFINITION('design','',#2623,#2626);
#2623 = PRODUCT_DEFINITION_FORMATION('','',#2624);
#2624 = PRODUCT('R_1206_3216Metric','R_1206_3216Metric','',(#2625));
#2625 = PRODUCT_CONTEXT('',#2,'mechanical');
#2626 = PRODUCT_DEFINITION_CONTEXT('part definition',#2,'design');
#2627 = ADVANCED_BREP_SHAPE_REPRESENTATION('',(#11,#2628),#3418);
#2628 = MANIFOLD_SOLID_BREP('',#2629);
#2629 = CLOSED_SHELL('',(#2630,#2670,#2753,#2778,#2803,#2870,#2887,#2904
    ,#2953,#2970,#2987,#3036,#3053,#3122,#3153,#3177,#3246,#3270,#3287,
    #3304,#3321,#3338,#3355,#3372,#3389,#3406));
#2630 = ADVANCED_FACE('',(#2631),#2665,.F.);
#2631 = FACE_BOUND('',#2632,.F.);
#2632 = EDGE_LOOP('',(#2633,#2643,#2651,#2659));
#2633 = ORIENTED_EDGE('',*,*,#2634,.F.);
#2634 = EDGE_CURVE('',#2635,#2637,#2639,.T.);
#2635 = VERTEX_POINT('',#2636);
#2636 = CARTESIAN_POINT('',(-1.6,-0.8,5.5E-02));
#2637 = VERTEX_POINT('',#2638);
#2638 = CARTESIAN_POINT('',(-1.6,-0.8,0.495));
#2639 = LINE('',#2640,#2641);
#2640 = CARTESIAN_POINT('',(-1.6,-0.8,0.));
#2641 = VECTOR('',#2642,1.);
#2642 = DIRECTION('',(0.,0.,1.));
#2643 = ORIENTED_EDGE('',*,*,#2644,.T.);
#2644 = EDGE_CURVE('',#2635,#2645,#2647,.T.);
#2645 = VERTEX_POINT('',#2646);
#2646 = CARTESIAN_POINT('',(-1.6,0.8,5.5E-02));
#2647 = LINE('',#2648,#2649);
#2648 = CARTESIAN_POINT('',(-1.6,-0.8,5.5E-02));
#2649 = VECTOR('',#2650,1.);
#2650 = DIRECTION('',(0.,1.,0.));
#2651 = ORIENTED_EDGE('',*,*,#2652,.T.);
#2652 = EDGE_CURVE('',#2645,#2653,#2655,.T.);
#2653 = VERTEX_POINT('',#2654);
#2654 = CARTESIAN_POINT('',(-1.6,0.8,0.495));
#2655 = LINE('',#2656,#2657);
#2656 = CARTESIAN_POINT('',(-1.6,0.8,0.));
#2657 = VECTOR('',#2658,1.);
#2658 = DIRECTION('',(0.,0.,1.));
#2659 = ORIENTED_EDGE('',*,*,#2660,.F.);
#2660 = EDGE_CURVE('',#2637,#2653,#2661,.T.);
#2661 = LINE('',#2662,#2663);
#2662 = CARTESIAN_POINT('',(-1.6,-0.8,0.495));
#2663 = VECTOR('',#2664,1.);
#2664 = DIRECTION('',(0.,1.,0.));
#2665 = PLANE('',#2666);
#2666 = AXIS2_PLACEMENT_3D('',#2667,#2668,#2669);
#2667 = CARTESIAN_POINT('',(-1.6,-0.8,0.));
#2668 = DIRECTION('',(1.,0.,0.));
#2669 = DIRECTION('',(0.,0.,1.));
#2670 = ADVANCED_FACE('',(#2671),#2748,.F.);
#2671 = FACE_BOUND('',#2672,.F.);
#2672 = EDGE_LOOP('',(#2673,#2683,#2690,#2691,#2700,#2708,#2717,#2725,
    #2733,#2741));
#2673 = ORIENTED_EDGE('',*,*,#2674,.F.);
#2674 = EDGE_CURVE('',#2675,#2677,#2679,.T.);
#2675 = VERTEX_POINT('',#2676);
#2676 = CARTESIAN_POINT('',(-1.545,-0.8,0.));
#2677 = VERTEX_POINT('',#2678);
#2678 = CARTESIAN_POINT('',(-1.255,-0.8,0.));
#2679 = LINE('',#2680,#2681);
#2680 = CARTESIAN_POINT('',(-1.6,-0.8,0.));
#2681 = VECTOR('',#2682,1.);
#2682 = DIRECTION('',(1.,0.,0.));
#2683 = ORIENTED_EDGE('',*,*,#2684,.F.);
#2684 = EDGE_CURVE('',#2635,#2675,#2685,.T.);
#2685 = CIRCLE('',#2686,5.5E-02);
#2686 = AXIS2_PLACEMENT_3D('',#2687,#2688,#2689);
#2687 = CARTESIAN_POINT('',(-1.545,-0.8,5.5E-02));
#2688 = DIRECTION('',(0.,-1.,0.));
#2689 = DIRECTION('',(0.,0.,1.));
#2690 = ORIENTED_EDGE('',*,*,#2634,.T.);
#2691 = ORIENTED_EDGE('',*,*,#2692,.T.);
#2692 = EDGE_CURVE('',#2637,#2693,#2695,.T.);
#2693 = VERTEX_POINT('',#2694);
#2694 = CARTESIAN_POINT('',(-1.545,-0.8,0.55));
#2695 = CIRCLE('',#2696,5.5E-02);
#2696 = AXIS2_PLACEMENT_3D('',#2697,#2698,#2699);
#2697 = CARTESIAN_POINT('',(-1.545,-0.8,0.495));
#2698 = DIRECTION('',(0.,1.,0.));
#2699 = DIRECTION('',(0.,-0.,1.));
#2700 = ORIENTED_EDGE('',*,*,#2701,.T.);
#2701 = EDGE_CURVE('',#2693,#2702,#2704,.T.);
#2702 = VERTEX_POINT('',#2703);
#2703 = CARTESIAN_POINT('',(-1.255,-0.8,0.55));
#2704 = LINE('',#2705,#2706);
#2705 = CARTESIAN_POINT('',(-1.6,-0.8,0.55));
#2706 = VECTOR('',#2707,1.);
#2707 = DIRECTION('',(1.,0.,0.));
#2708 = ORIENTED_EDGE('',*,*,#2709,.F.);
#2709 = EDGE_CURVE('',#2710,#2702,#2712,.T.);
#2710 = VERTEX_POINT('',#2711);
#2711 = CARTESIAN_POINT('',(-1.2,-0.8,0.495));
#2712 = CIRCLE('',#2713,5.5E-02);
#2713 = AXIS2_PLACEMENT_3D('',#2714,#2715,#2716);
#2714 = CARTESIAN_POINT('',(-1.255,-0.8,0.495));
#2715 = DIRECTION('',(0.,-1.,0.));
#2716 = DIRECTION('',(0.,0.,1.));
#2717 = ORIENTED_EDGE('',*,*,#2718,.F.);
#2718 = EDGE_CURVE('',#2719,#2710,#2721,.T.);
#2719 = VERTEX_POINT('',#2720);
#2720 = CARTESIAN_POINT('',(-1.545,-0.8,0.495));
#2721 = LINE('',#2722,#2723);
#2722 = CARTESIAN_POINT('',(-1.545,-0.8,0.495));
#2723 = VECTOR('',#2724,1.);
#2724 = DIRECTION('',(1.,0.,0.));
#2725 = ORIENTED_EDGE('',*,*,#2726,.F.);
#2726 = EDGE_CURVE('',#2727,#2719,#2729,.T.);
#2727 = VERTEX_POINT('',#2728);
#2728 = CARTESIAN_POINT('',(-1.545,-0.8,5.5E-02));
#2729 = LINE('',#2730,#2731);
#2730 = CARTESIAN_POINT('',(-1.545,-0.8,5.5E-02));
#2731 = VECTOR('',#2732,1.);
#2732 = DIRECTION('',(0.,0.,1.));
#2733 = ORIENTED_EDGE('',*,*,#2734,.T.);
#2734 = EDGE_CURVE('',#2727,#2735,#2737,.T.);
#2735 = VERTEX_POINT('',#2736);
#2736 = CARTESIAN_POINT('',(-1.2,-0.8,5.5E-02));
#2737 = LINE('',#2738,#2739);
#2738 = CARTESIAN_POINT('',(-1.545,-0.8,5.5E-02));
#2739 = VECTOR('',#2740,1.);
#2740 = DIRECTION('',(1.,0.,0.));
#2741 = ORIENTED_EDGE('',*,*,#2742,.T.);
#2742 = EDGE_CURVE('',#2735,#2677,#2743,.T.);
#2743 = CIRCLE('',#2744,5.5E-02);
#2744 = AXIS2_PLACEMENT_3D('',#2745,#2746,#2747);
#2745 = CARTESIAN_POINT('',(-1.255,-0.8,5.5E-02));
#2746 = DIRECTION('',(0.,1.,0.));
#2747 = DIRECTION('',(0.,-0.,1.));
#2748 = PLANE('',#2749);
#2749 = AXIS2_PLACEMENT_3D('',#2750,#2751,#2752);
#2750 = CARTESIAN_POINT('',(-1.6,-0.8,0.));
#2751 = DIRECTION('',(0.,1.,0.));
#2752 = DIRECTION('',(0.,-0.,1.));
#2753 = ADVANCED_FACE('',(#2754),#2773,.T.);
#2754 = FACE_BOUND('',#2755,.T.);
#2755 = EDGE_LOOP('',(#2756,#2757,#2766,#2772));
#2756 = ORIENTED_EDGE('',*,*,#2644,.T.);
#2757 = ORIENTED_EDGE('',*,*,#2758,.T.);
#2758 = EDGE_CURVE('',#2645,#2759,#2761,.T.);
#2759 = VERTEX_POINT('',#2760);
#2760 = CARTESIAN_POINT('',(-1.545,0.8,0.));
#2761 = CIRCLE('',#2762,5.5E-02);
#2762 = AXIS2_PLACEMENT_3D('',#2763,#2764,#2765);
#2763 = CARTESIAN_POINT('',(-1.545,0.8,5.5E-02));
#2764 = DIRECTION('',(0.,-1.,0.));
#2765 = DIRECTION('',(0.,0.,1.));
#2766 = ORIENTED_EDGE('',*,*,#2767,.F.);
#2767 = EDGE_CURVE('',#2675,#2759,#2768,.T.);
#2768 = LINE('',#2769,#2770);
#2769 = CARTESIAN_POINT('',(-1.545,-0.8,0.));
#2770 = VECTOR('',#2771,1.);
#2771 = DIRECTION('',(0.,1.,0.));
#2772 = ORIENTED_EDGE('',*,*,#2684,.F.);
#2773 = CYLINDRICAL_SURFACE('',#2774,5.5E-02);
#2774 = AXIS2_PLACEMENT_3D('',#2775,#2776,#2777);
#2775 = CARTESIAN_POINT('',(-1.545,-0.8,5.5E-02));
#2776 = DIRECTION('',(0.,1.,0.));
#2777 = DIRECTION('',(-1.,0.,0.));
#2778 = ADVANCED_FACE('',(#2779),#2798,.T.);
#2779 = FACE_BOUND('',#2780,.T.);
#2780 = EDGE_LOOP('',(#2781,#2782,#2790,#2797));
#2781 = ORIENTED_EDGE('',*,*,#2692,.T.);
#2782 = ORIENTED_EDGE('',*,*,#2783,.T.);
#2783 = EDGE_CURVE('',#2693,#2784,#2786,.T.);
#2784 = VERTEX_POINT('',#2785);
#2785 = CARTESIAN_POINT('',(-1.545,0.8,0.55));
#2786 = LINE('',#2787,#2788);
#2787 = CARTESIAN_POINT('',(-1.545,-0.8,0.55));
#2788 = VECTOR('',#2789,1.);
#2789 = DIRECTION('',(0.,1.,0.));
#2790 = ORIENTED_EDGE('',*,*,#2791,.F.);
#2791 = EDGE_CURVE('',#2653,#2784,#2792,.T.);
#2792 = CIRCLE('',#2793,5.5E-02);
#2793 = AXIS2_PLACEMENT_3D('',#2794,#2795,#2796);
#2794 = CARTESIAN_POINT('',(-1.545,0.8,0.495));
#2795 = DIRECTION('',(0.,1.,0.));
#2796 = DIRECTION('',(0.,-0.,1.));
#2797 = ORIENTED_EDGE('',*,*,#2660,.F.);
#2798 = CYLINDRICAL_SURFACE('',#2799,5.5E-02);
#2799 = AXIS2_PLACEMENT_3D('',#2800,#2801,#2802);
#2800 = CARTESIAN_POINT('',(-1.545,-0.8,0.495));
#2801 = DIRECTION('',(0.,1.,0.));
#2802 = DIRECTION('',(-1.,0.,0.));
#2803 = ADVANCED_FACE('',(#2804),#2865,.T.);
#2804 = FACE_BOUND('',#2805,.T.);
#2805 = EDGE_LOOP('',(#2806,#2814,#2815,#2816,#2817,#2825,#2834,#2842,
    #2850,#2858));
#2806 = ORIENTED_EDGE('',*,*,#2807,.F.);
#2807 = EDGE_CURVE('',#2759,#2808,#2810,.T.);
#2808 = VERTEX_POINT('',#2809);
#2809 = CARTESIAN_POINT('',(-1.255,0.8,0.));
#2810 = LINE('',#2811,#2812);
#2811 = CARTESIAN_POINT('',(-1.6,0.8,0.));
#2812 = VECTOR('',#2813,1.);
#2813 = DIRECTION('',(1.,0.,0.));
#2814 = ORIENTED_EDGE('',*,*,#2758,.F.);
#2815 = ORIENTED_EDGE('',*,*,#2652,.T.);
#2816 = ORIENTED_EDGE('',*,*,#2791,.T.);
#2817 = ORIENTED_EDGE('',*,*,#2818,.T.);
#2818 = EDGE_CURVE('',#2784,#2819,#2821,.T.);
#2819 = VERTEX_POINT('',#2820);
#2820 = CARTESIAN_POINT('',(-1.255,0.8,0.55));
#2821 = LINE('',#2822,#2823);
#2822 = CARTESIAN_POINT('',(-1.6,0.8,0.55));
#2823 = VECTOR('',#2824,1.);
#2824 = DIRECTION('',(1.,0.,0.));
#2825 = ORIENTED_EDGE('',*,*,#2826,.F.);
#2826 = EDGE_CURVE('',#2827,#2819,#2829,.T.);
#2827 = VERTEX_POINT('',#2828);
#2828 = CARTESIAN_POINT('',(-1.2,0.8,0.495));
#2829 = CIRCLE('',#2830,5.5E-02);
#2830 = AXIS2_PLACEMENT_3D('',#2831,#2832,#2833);
#2831 = CARTESIAN_POINT('',(-1.255,0.8,0.495));
#2832 = DIRECTION('',(0.,-1.,0.));
#2833 = DIRECTION('',(0.,0.,1.));
#2834 = ORIENTED_EDGE('',*,*,#2835,.F.);
#2835 = EDGE_CURVE('',#2836,#2827,#2838,.T.);
#2836 = VERTEX_POINT('',#2837);
#2837 = CARTESIAN_POINT('',(-1.545,0.8,0.495));
#2838 = LINE('',#2839,#2840);
#2839 = CARTESIAN_POINT('',(-1.545,0.8,0.495));
#2840 = VECTOR('',#2841,1.);
#2841 = DIRECTION('',(1.,0.,0.));
#2842 = ORIENTED_EDGE('',*,*,#2843,.F.);
#2843 = EDGE_CURVE('',#2844,#2836,#2846,.T.);
#2844 = VERTEX_POINT('',#2845);
#2845 = CARTESIAN_POINT('',(-1.545,0.8,5.5E-02));
#2846 = LINE('',#2847,#2848);
#2847 = CARTESIAN_POINT('',(-1.545,0.8,5.5E-02));
#2848 = VECTOR('',#2849,1.);
#2849 = DIRECTION('',(0.,0.,1.));
#2850 = ORIENTED_EDGE('',*,*,#2851,.T.);
#2851 = EDGE_CURVE('',#2844,#2852,#2854,.T.);
#2852 = VERTEX_POINT('',#2853);
#2853 = CARTESIAN_POINT('',(-1.2,0.8,5.5E-02));
#2854 = LINE('',#2855,#2856);
#2855 = CARTESIAN_POINT('',(-1.545,0.8,5.5E-02));
#2856 = VECTOR('',#2857,1.);
#2857 = DIRECTION('',(1.,0.,0.));
#2858 = ORIENTED_EDGE('',*,*,#2859,.T.);
#2859 = EDGE_CURVE('',#2852,#2808,#2860,.T.);
#2860 = CIRCLE('',#2861,5.5E-02);
#2861 = AXIS2_PLACEMENT_3D('',#2862,#2863,#2864);
#2862 = CARTESIAN_POINT('',(-1.255,0.8,5.5E-02));
#2863 = DIRECTION('',(0.,1.,0.));
#2864 = DIRECTION('',(0.,-0.,1.));
#2865 = PLANE('',#2866);
#2866 = AXIS2_PLACEMENT_3D('',#2867,#2868,#2869);
#2867 = CARTESIAN_POINT('',(-1.6,0.8,0.));
#2868 = DIRECTION('',(0.,1.,0.));
#2869 = DIRECTION('',(0.,-0.,1.));
#2870 = ADVANCED_FACE('',(#2871),#2882,.F.);
#2871 = FACE_BOUND('',#2872,.F.);
#2872 = EDGE_LOOP('',(#2873,#2874,#2875,#2876));
#2873 = ORIENTED_EDGE('',*,*,#2807,.F.);
#2874 = ORIENTED_EDGE('',*,*,#2767,.F.);
#2875 = ORIENTED_EDGE('',*,*,#2674,.T.);
#2876 = ORIENTED_EDGE('',*,*,#2877,.T.);
#2877 = EDGE_CURVE('',#2677,#2808,#2878,.T.);
#2878 = LINE('',#2879,#2880);
#2879 = CARTESIAN_POINT('',(-1.255,-0.8,0.));
#2880 = VECTOR('',#2881,1.);
#2881 = DIRECTION('',(0.,1.,0.));
#2882 = PLANE('',#2883);
#2883 = AXIS2_PLACEMENT_3D('',#2884,#2885,#2886);
#2884 = CARTESIAN_POINT('',(-1.6,-0.8,0.));
#2885 = DIRECTION('',(0.,0.,1.));
#2886 = DIRECTION('',(1.,0.,-0.));
#2887 = ADVANCED_FACE('',(#2888),#2899,.T.);
#2888 = FACE_BOUND('',#2889,.T.);
#2889 = EDGE_LOOP('',(#2890,#2891,#2892,#2893));
#2890 = ORIENTED_EDGE('',*,*,#2742,.T.);
#2891 = ORIENTED_EDGE('',*,*,#2877,.T.);
#2892 = ORIENTED_EDGE('',*,*,#2859,.F.);
#2893 = ORIENTED_EDGE('',*,*,#2894,.F.);
#2894 = EDGE_CURVE('',#2735,#2852,#2895,.T.);
#2895 = LINE('',#2896,#2897);
#2896 = CARTESIAN_POINT('',(-1.2,-0.8,5.5E-02));
#2897 = VECTOR('',#2898,1.);
#2898 = DIRECTION('',(0.,1.,0.));
#2899 = CYLINDRICAL_SURFACE('',#2900,5.5E-02);
#2900 = AXIS2_PLACEMENT_3D('',#2901,#2902,#2903);
#2901 = CARTESIAN_POINT('',(-1.255,-0.8,5.5E-02));
#2902 = DIRECTION('',(0.,1.,0.));
#2903 = DIRECTION('',(1.,0.,0.));
#2904 = ADVANCED_FACE('',(#2905),#2948,.F.);
#2905 = FACE_BOUND('',#2906,.F.);
#2906 = EDGE_LOOP('',(#2907,#2908,#2909,#2910,#2918,#2926,#2934,#2942));
#2907 = ORIENTED_EDGE('',*,*,#2734,.F.);
#2908 = ORIENTED_EDGE('',*,*,#2726,.T.);
#2909 = ORIENTED_EDGE('',*,*,#2718,.T.);
#2910 = ORIENTED_EDGE('',*,*,#2911,.T.);
#2911 = EDGE_CURVE('',#2710,#2912,#2914,.T.);
#2912 = VERTEX_POINT('',#2913);
#2913 = CARTESIAN_POINT('',(1.2,-0.8,0.495));
#2914 = LINE('',#2915,#2916);
#2915 = CARTESIAN_POINT('',(-1.2,-0.8,0.495));
#2916 = VECTOR('',#2917,1.);
#2917 = DIRECTION('',(1.,0.,0.));
#2918 = ORIENTED_EDGE('',*,*,#2919,.T.);
#2919 = EDGE_CURVE('',#2912,#2920,#2922,.T.);
#2920 = VERTEX_POINT('',#2921);
#2921 = CARTESIAN_POINT('',(1.545,-0.8,0.495));
#2922 = LINE('',#2923,#2924);
#2923 = CARTESIAN_POINT('',(-1.545,-0.8,0.495));
#2924 = VECTOR('',#2925,1.);
#2925 = DIRECTION('',(1.,0.,0.));
#2926 = ORIENTED_EDGE('',*,*,#2927,.F.);
#2927 = EDGE_CURVE('',#2928,#2920,#2930,.T.);
#2928 = VERTEX_POINT('',#2929);
#2929 = CARTESIAN_POINT('',(1.545,-0.8,5.5E-02));
#2930 = LINE('',#2931,#2932);
#2931 = CARTESIAN_POINT('',(1.545,-0.8,5.5E-02));
#2932 = VECTOR('',#2933,1.);
#2933 = DIRECTION('',(0.,0.,1.));
#2934 = ORIENTED_EDGE('',*,*,#2935,.F.);
#2935 = EDGE_CURVE('',#2936,#2928,#2938,.T.);
#2936 = VERTEX_POINT('',#2937);
#2937 = CARTESIAN_POINT('',(1.2,-0.8,5.5E-02));
#2938 = LINE('',#2939,#2940);
#2939 = CARTESIAN_POINT('',(-1.545,-0.8,5.5E-02));
#2940 = VECTOR('',#2941,1.);
#2941 = DIRECTION('',(1.,0.,0.));
#2942 = ORIENTED_EDGE('',*,*,#2943,.F.);
#2943 = EDGE_CURVE('',#2735,#2936,#2944,.T.);
#2944 = LINE('',#2945,#2946);
#2945 = CARTESIAN_POINT('',(-1.545,-0.8,5.5E-02));
#2946 = VECTOR('',#2947,1.);
#2947 = DIRECTION('',(1.,0.,0.));
#2948 = PLANE('',#2949);
#2949 = AXIS2_PLACEMENT_3D('',#2950,#2951,#2952);
#2950 = CARTESIAN_POINT('',(-1.545,-0.8,5.5E-02));
#2951 = DIRECTION('',(0.,1.,0.));
#2952 = DIRECTION('',(0.,-0.,1.));
#2953 = ADVANCED_FACE('',(#2954),#2965,.T.);
#2954 = FACE_BOUND('',#2955,.T.);
#2955 = EDGE_LOOP('',(#2956,#2957,#2958,#2959));
#2956 = ORIENTED_EDGE('',*,*,#2818,.F.);
#2957 = ORIENTED_EDGE('',*,*,#2783,.F.);
#2958 = ORIENTED_EDGE('',*,*,#2701,.T.);
#2959 = ORIENTED_EDGE('',*,*,#2960,.T.);
#2960 = EDGE_CURVE('',#2702,#2819,#2961,.T.);
#2961 = LINE('',#2962,#2963);
#2962 = CARTESIAN_POINT('',(-1.255,-0.8,0.55));
#2963 = VECTOR('',#2964,1.);
#2964 = DIRECTION('',(0.,1.,0.));
#2965 = PLANE('',#2966);
#2966 = AXIS2_PLACEMENT_3D('',#2967,#2968,#2969);
#2967 = CARTESIAN_POINT('',(-1.6,-0.8,0.55));
#2968 = DIRECTION('',(0.,0.,1.));
#2969 = DIRECTION('',(1.,0.,-0.));
#2970 = ADVANCED_FACE('',(#2971),#2982,.T.);
#2971 = FACE_BOUND('',#2972,.T.);
#2972 = EDGE_LOOP('',(#2973,#2979,#2980,#2981));
#2973 = ORIENTED_EDGE('',*,*,#2974,.T.);
#2974 = EDGE_CURVE('',#2710,#2827,#2975,.T.);
#2975 = LINE('',#2976,#2977);
#2976 = CARTESIAN_POINT('',(-1.2,-0.8,0.495));
#2977 = VECTOR('',#2978,1.);
#2978 = DIRECTION('',(0.,1.,0.));
#2979 = ORIENTED_EDGE('',*,*,#2826,.T.);
#2980 = ORIENTED_EDGE('',*,*,#2960,.F.);
#2981 = ORIENTED_EDGE('',*,*,#2709,.F.);
#2982 = CYLINDRICAL_SURFACE('',#2983,5.5E-02);
#2983 = AXIS2_PLACEMENT_3D('',#2984,#2985,#2986);
#2984 = CARTESIAN_POINT('',(-1.255,-0.8,0.495));
#2985 = DIRECTION('',(0.,1.,0.));
#2986 = DIRECTION('',(1.,0.,0.));
#2987 = ADVANCED_FACE('',(#2988),#3031,.T.);
#2988 = FACE_BOUND('',#2989,.T.);
#2989 = EDGE_LOOP('',(#2990,#2991,#2992,#2993,#3001,#3009,#3017,#3025));
#2990 = ORIENTED_EDGE('',*,*,#2851,.F.);
#2991 = ORIENTED_EDGE('',*,*,#2843,.T.);
#2992 = ORIENTED_EDGE('',*,*,#2835,.T.);
#2993 = ORIENTED_EDGE('',*,*,#2994,.T.);
#2994 = EDGE_CURVE('',#2827,#2995,#2997,.T.);
#2995 = VERTEX_POINT('',#2996);
#2996 = CARTESIAN_POINT('',(1.2,0.8,0.495));
#2997 = LINE('',#2998,#2999);
#2998 = CARTESIAN_POINT('',(-1.2,0.8,0.495));
#2999 = VECTOR('',#3000,1.);
#3000 = DIRECTION('',(1.,0.,0.));
#3001 = ORIENTED_EDGE('',*,*,#3002,.T.);
#3002 = EDGE_CURVE('',#2995,#3003,#3005,.T.);
#3003 = VERTEX_POINT('',#3004);
#3004 = CARTESIAN_POINT('',(1.545,0.8,0.495));
#3005 = LINE('',#3006,#3007);
#3006 = CARTESIAN_POINT('',(-1.545,0.8,0.495));
#3007 = VECTOR('',#3008,1.);
#3008 = DIRECTION('',(1.,0.,0.));
#3009 = ORIENTED_EDGE('',*,*,#3010,.F.);
#3010 = EDGE_CURVE('',#3011,#3003,#3013,.T.);
#3011 = VERTEX_POINT('',#3012);
#3012 = CARTESIAN_POINT('',(1.545,0.8,5.5E-02));
#3013 = LINE('',#3014,#3015);
#3014 = CARTESIAN_POINT('',(1.545,0.8,5.5E-02));
#3015 = VECTOR('',#3016,1.);
#3016 = DIRECTION('',(0.,0.,1.));
#3017 = ORIENTED_EDGE('',*,*,#3018,.F.);
#3018 = EDGE_CURVE('',#3019,#3011,#3021,.T.);
#3019 = VERTEX_POINT('',#3020);
#3020 = CARTESIAN_POINT('',(1.2,0.8,5.5E-02));
#3021 = LINE('',#3022,#3023);
#3022 = CARTESIAN_POINT('',(-1.545,0.8,5.5E-02));
#3023 = VECTOR('',#3024,1.);
#3024 = DIRECTION('',(1.,0.,0.));
#3025 = ORIENTED_EDGE('',*,*,#3026,.F.);
#3026 = EDGE_CURVE('',#2852,#3019,#3027,.T.);
#3027 = LINE('',#3028,#3029);
#3028 = CARTESIAN_POINT('',(-1.545,0.8,5.5E-02));
#3029 = VECTOR('',#3030,1.);
#3030 = DIRECTION('',(1.,0.,0.));
#3031 = PLANE('',#3032);
#3032 = AXIS2_PLACEMENT_3D('',#3033,#3034,#3035);
#3033 = CARTESIAN_POINT('',(-1.545,0.8,5.5E-02));
#3034 = DIRECTION('',(0.,1.,0.));
#3035 = DIRECTION('',(0.,-0.,1.));
#3036 = ADVANCED_FACE('',(#3037),#3048,.F.);
#3037 = FACE_BOUND('',#3038,.F.);
#3038 = EDGE_LOOP('',(#3039,#3040,#3041,#3047));
#3039 = ORIENTED_EDGE('',*,*,#2894,.F.);
#3040 = ORIENTED_EDGE('',*,*,#2943,.T.);
#3041 = ORIENTED_EDGE('',*,*,#3042,.T.);
#3042 = EDGE_CURVE('',#2936,#3019,#3043,.T.);
#3043 = LINE('',#3044,#3045);
#3044 = CARTESIAN_POINT('',(1.2,-0.8,5.5E-02));
#3045 = VECTOR('',#3046,1.);
#3046 = DIRECTION('',(0.,1.,0.));
#3047 = ORIENTED_EDGE('',*,*,#3026,.F.);
#3048 = PLANE('',#3049);
#3049 = AXIS2_PLACEMENT_3D('',#3050,#3051,#3052);
#3050 = CARTESIAN_POINT('',(-1.545,-0.8,5.5E-02));
#3051 = DIRECTION('',(0.,0.,1.));
#3052 = DIRECTION('',(1.,0.,-0.));
#3053 = ADVANCED_FACE('',(#3054),#3117,.F.);
#3054 = FACE_BOUND('',#3055,.F.);
#3055 = EDGE_LOOP('',(#3056,#3066,#3073,#3074,#3075,#3076,#3085,#3093,
    #3102,#3110));
#3056 = ORIENTED_EDGE('',*,*,#3057,.F.);
#3057 = EDGE_CURVE('',#3058,#3060,#3062,.T.);
#3058 = VERTEX_POINT('',#3059);
#3059 = CARTESIAN_POINT('',(1.255,-0.8,0.));
#3060 = VERTEX_POINT('',#3061);
#3061 = CARTESIAN_POINT('',(1.545,-0.8,0.));
#3062 = LINE('',#3063,#3064);
#3063 = CARTESIAN_POINT('',(1.2,-0.8,0.));
#3064 = VECTOR('',#3065,1.);
#3065 = DIRECTION('',(1.,0.,0.));
#3066 = ORIENTED_EDGE('',*,*,#3067,.F.);
#3067 = EDGE_CURVE('',#2936,#3058,#3068,.T.);
#3068 = CIRCLE('',#3069,5.5E-02);
#3069 = AXIS2_PLACEMENT_3D('',#3070,#3071,#3072);
#3070 = CARTESIAN_POINT('',(1.255,-0.8,5.5E-02));
#3071 = DIRECTION('',(0.,-1.,0.));
#3072 = DIRECTION('',(0.,0.,1.));
#3073 = ORIENTED_EDGE('',*,*,#2935,.T.);
#3074 = ORIENTED_EDGE('',*,*,#2927,.T.);
#3075 = ORIENTED_EDGE('',*,*,#2919,.F.);
#3076 = ORIENTED_EDGE('',*,*,#3077,.T.);
#3077 = EDGE_CURVE('',#2912,#3078,#3080,.T.);
#3078 = VERTEX_POINT('',#3079);
#3079 = CARTESIAN_POINT('',(1.255,-0.8,0.55));
#3080 = CIRCLE('',#3081,5.5E-02);
#3081 = AXIS2_PLACEMENT_3D('',#3082,#3083,#3084);
#3082 = CARTESIAN_POINT('',(1.255,-0.8,0.495));
#3083 = DIRECTION('',(0.,1.,0.));
#3084 = DIRECTION('',(0.,-0.,1.));
#3085 = ORIENTED_EDGE('',*,*,#3086,.T.);
#3086 = EDGE_CURVE('',#3078,#3087,#3089,.T.);
#3087 = VERTEX_POINT('',#3088);
#3088 = CARTESIAN_POINT('',(1.545,-0.8,0.55));
#3089 = LINE('',#3090,#3091);
#3090 = CARTESIAN_POINT('',(1.2,-0.8,0.55));
#3091 = VECTOR('',#3092,1.);
#3092 = DIRECTION('',(1.,0.,0.));
#3093 = ORIENTED_EDGE('',*,*,#3094,.F.);
#3094 = EDGE_CURVE('',#3095,#3087,#3097,.T.);
#3095 = VERTEX_POINT('',#3096);
#3096 = CARTESIAN_POINT('',(1.6,-0.8,0.495));
#3097 = CIRCLE('',#3098,5.5E-02);
#3098 = AXIS2_PLACEMENT_3D('',#3099,#3100,#3101);
#3099 = CARTESIAN_POINT('',(1.545,-0.8,0.495));
#3100 = DIRECTION('',(0.,-1.,0.));
#3101 = DIRECTION('',(0.,0.,1.));
#3102 = ORIENTED_EDGE('',*,*,#3103,.F.);
#3103 = EDGE_CURVE('',#3104,#3095,#3106,.T.);
#3104 = VERTEX_POINT('',#3105);
#3105 = CARTESIAN_POINT('',(1.6,-0.8,5.5E-02));
#3106 = LINE('',#3107,#3108);
#3107 = CARTESIAN_POINT('',(1.6,-0.8,0.));
#3108 = VECTOR('',#3109,1.);
#3109 = DIRECTION('',(0.,0.,1.));
#3110 = ORIENTED_EDGE('',*,*,#3111,.T.);
#3111 = EDGE_CURVE('',#3104,#3060,#3112,.T.);
#3112 = CIRCLE('',#3113,5.5E-02);
#3113 = AXIS2_PLACEMENT_3D('',#3114,#3115,#3116);
#3114 = CARTESIAN_POINT('',(1.545,-0.8,5.5E-02));
#3115 = DIRECTION('',(0.,1.,0.));
#3116 = DIRECTION('',(0.,-0.,1.));
#3117 = PLANE('',#3118);
#3118 = AXIS2_PLACEMENT_3D('',#3119,#3120,#3121);
#3119 = CARTESIAN_POINT('',(1.2,-0.8,0.));
#3120 = DIRECTION('',(0.,1.,0.));
#3121 = DIRECTION('',(0.,-0.,1.));
#3122 = ADVANCED_FACE('',(#3123),#3148,.F.);
#3123 = FACE_BOUND('',#3124,.F.);
#3124 = EDGE_LOOP('',(#3125,#3126,#3134,#3142));
#3125 = ORIENTED_EDGE('',*,*,#2911,.F.);
#3126 = ORIENTED_EDGE('',*,*,#3127,.T.);
#3127 = EDGE_CURVE('',#2710,#3128,#3130,.T.);
#3128 = VERTEX_POINT('',#3129);
#3129 = CARTESIAN_POINT('',(-1.2,-0.8,0.55));
#3130 = LINE('',#3131,#3132);
#3131 = CARTESIAN_POINT('',(-1.2,-0.8,0.495));
#3132 = VECTOR('',#3133,1.);
#3133 = DIRECTION('',(0.,0.,1.));
#3134 = ORIENTED_EDGE('',*,*,#3135,.T.);
#3135 = EDGE_CURVE('',#3128,#3136,#3138,.T.);
#3136 = VERTEX_POINT('',#3137);
#3137 = CARTESIAN_POINT('',(1.2,-0.8,0.55));
#3138 = LINE('',#3139,#3140);
#3139 = CARTESIAN_POINT('',(-1.2,-0.8,0.55));
#3140 = VECTOR('',#3141,1.);
#3141 = DIRECTION('',(1.,0.,0.));
#3142 = ORIENTED_EDGE('',*,*,#3143,.F.);
#3143 = EDGE_CURVE('',#2912,#3136,#3144,.T.);
#3144 = LINE('',#3145,#3146);
#3145 = CARTESIAN_POINT('',(1.2,-0.8,0.495));
#3146 = VECTOR('',#3147,1.);
#3147 = DIRECTION('',(0.,0.,1.));
#3148 = PLANE('',#3149);
#3149 = AXIS2_PLACEMENT_3D('',#3150,#3151,#3152);
#3150 = CARTESIAN_POINT('',(-1.2,-0.8,0.495));
#3151 = DIRECTION('',(0.,1.,0.));
#3152 = DIRECTION('',(0.,-0.,1.));
#3153 = ADVANCED_FACE('',(#3154),#3172,.F.);
#3154 = FACE_BOUND('',#3155,.F.);
#3155 = EDGE_LOOP('',(#3156,#3157,#3158,#3166));
#3156 = ORIENTED_EDGE('',*,*,#3127,.F.);
#3157 = ORIENTED_EDGE('',*,*,#2974,.T.);
#3158 = ORIENTED_EDGE('',*,*,#3159,.T.);
#3159 = EDGE_CURVE('',#2827,#3160,#3162,.T.);
#3160 = VERTEX_POINT('',#3161);
#3161 = CARTESIAN_POINT('',(-1.2,0.8,0.55));
#3162 = LINE('',#3163,#3164);
#3163 = CARTESIAN_POINT('',(-1.2,0.8,0.495));
#3164 = VECTOR('',#3165,1.);
#3165 = DIRECTION('',(0.,0.,1.));
#3166 = ORIENTED_EDGE('',*,*,#3167,.F.);
#3167 = EDGE_CURVE('',#3128,#3160,#3168,.T.);
#3168 = LINE('',#3169,#3170);
#3169 = CARTESIAN_POINT('',(-1.2,-0.8,0.55));
#3170 = VECTOR('',#3171,1.);
#3171 = DIRECTION('',(0.,1.,0.));
#3172 = PLANE('',#3173);
#3173 = AXIS2_PLACEMENT_3D('',#3174,#3175,#3176);
#3174 = CARTESIAN_POINT('',(-1.2,-0.8,0.495));
#3175 = DIRECTION('',(1.,0.,0.));
#3176 = DIRECTION('',(0.,0.,1.));
#3177 = ADVANCED_FACE('',(#3178),#3241,.T.);
#3178 = FACE_BOUND('',#3179,.T.);
#3179 = EDGE_LOOP('',(#3180,#3190,#3197,#3198,#3199,#3200,#3209,#3217,
    #3226,#3234));
#3180 = ORIENTED_EDGE('',*,*,#3181,.F.);
#3181 = EDGE_CURVE('',#3182,#3184,#3186,.T.);
#3182 = VERTEX_POINT('',#3183);
#3183 = CARTESIAN_POINT('',(1.255,0.8,0.));
#3184 = VERTEX_POINT('',#3185);
#3185 = CARTESIAN_POINT('',(1.545,0.8,0.));
#3186 = LINE('',#3187,#3188);
#3187 = CARTESIAN_POINT('',(1.2,0.8,0.));
#3188 = VECTOR('',#3189,1.);
#3189 = DIRECTION('',(1.,0.,0.));
#3190 = ORIENTED_EDGE('',*,*,#3191,.F.);
#3191 = EDGE_CURVE('',#3019,#3182,#3192,.T.);
#3192 = CIRCLE('',#3193,5.5E-02);
#3193 = AXIS2_PLACEMENT_3D('',#3194,#3195,#3196);
#3194 = CARTESIAN_POINT('',(1.255,0.8,5.5E-02));
#3195 = DIRECTION('',(0.,-1.,0.));
#3196 = DIRECTION('',(0.,0.,1.));
#3197 = ORIENTED_EDGE('',*,*,#3018,.T.);
#3198 = ORIENTED_EDGE('',*,*,#3010,.T.);
#3199 = ORIENTED_EDGE('',*,*,#3002,.F.);
#3200 = ORIENTED_EDGE('',*,*,#3201,.T.);
#3201 = EDGE_CURVE('',#2995,#3202,#3204,.T.);
#3202 = VERTEX_POINT('',#3203);
#3203 = CARTESIAN_POINT('',(1.255,0.8,0.55));
#3204 = CIRCLE('',#3205,5.5E-02);
#3205 = AXIS2_PLACEMENT_3D('',#3206,#3207,#3208);
#3206 = CARTESIAN_POINT('',(1.255,0.8,0.495));
#3207 = DIRECTION('',(0.,1.,0.));
#3208 = DIRECTION('',(0.,-0.,1.));
#3209 = ORIENTED_EDGE('',*,*,#3210,.T.);
#3210 = EDGE_CURVE('',#3202,#3211,#3213,.T.);
#3211 = VERTEX_POINT('',#3212);
#3212 = CARTESIAN_POINT('',(1.545,0.8,0.55));
#3213 = LINE('',#3214,#3215);
#3214 = CARTESIAN_POINT('',(1.2,0.8,0.55));
#3215 = VECTOR('',#3216,1.);
#3216 = DIRECTION('',(1.,0.,0.));
#3217 = ORIENTED_EDGE('',*,*,#3218,.F.);
#3218 = EDGE_CURVE('',#3219,#3211,#3221,.T.);
#3219 = VERTEX_POINT('',#3220);
#3220 = CARTESIAN_POINT('',(1.6,0.8,0.495));
#3221 = CIRCLE('',#3222,5.5E-02);
#3222 = AXIS2_PLACEMENT_3D('',#3223,#3224,#3225);
#3223 = CARTESIAN_POINT('',(1.545,0.8,0.495));
#3224 = DIRECTION('',(0.,-1.,0.));
#3225 = DIRECTION('',(0.,0.,1.));
#3226 = ORIENTED_EDGE('',*,*,#3227,.F.);
#3227 = EDGE_CURVE('',#3228,#3219,#3230,.T.);
#3228 = VERTEX_POINT('',#3229);
#3229 = CARTESIAN_POINT('',(1.6,0.8,5.5E-02));
#3230 = LINE('',#3231,#3232);
#3231 = CARTESIAN_POINT('',(1.6,0.8,0.));
#3232 = VECTOR('',#3233,1.);
#3233 = DIRECTION('',(0.,0.,1.));
#3234 = ORIENTED_EDGE('',*,*,#3235,.T.);
#3235 = EDGE_CURVE('',#3228,#3184,#3236,.T.);
#3236 = CIRCLE('',#3237,5.5E-02);
#3237 = AXIS2_PLACEMENT_3D('',#3238,#3239,#3240);
#3238 = CARTESIAN_POINT('',(1.545,0.8,5.5E-02));
#3239 = DIRECTION('',(0.,1.,0.));
#3240 = DIRECTION('',(0.,-0.,1.));
#3241 = PLANE('',#3242);
#3242 = AXIS2_PLACEMENT_3D('',#3243,#3244,#3245);
#3243 = CARTESIAN_POINT('',(1.2,0.8,0.));
#3244 = DIRECTION('',(0.,1.,0.));
#3245 = DIRECTION('',(0.,-0.,1.));
#3246 = ADVANCED_FACE('',(#3247),#3265,.T.);
#3247 = FACE_BOUND('',#3248,.T.);
#3248 = EDGE_LOOP('',(#3249,#3250,#3251,#3259));
#3249 = ORIENTED_EDGE('',*,*,#2994,.F.);
#3250 = ORIENTED_EDGE('',*,*,#3159,.T.);
#3251 = ORIENTED_EDGE('',*,*,#3252,.T.);
#3252 = EDGE_CURVE('',#3160,#3253,#3255,.T.);
#3253 = VERTEX_POINT('',#3254);
#3254 = CARTESIAN_POINT('',(1.2,0.8,0.55));
#3255 = LINE('',#3256,#3257);
#3256 = CARTESIAN_POINT('',(-1.2,0.8,0.55));
#3257 = VECTOR('',#3258,1.);
#3258 = DIRECTION('',(1.,0.,0.));
#3259 = ORIENTED_EDGE('',*,*,#3260,.F.);
#3260 = EDGE_CURVE('',#2995,#3253,#3261,.T.);
#3261 = LINE('',#3262,#3263);
#3262 = CARTESIAN_POINT('',(1.2,0.8,0.495));
#3263 = VECTOR('',#3264,1.);
#3264 = DIRECTION('',(0.,0.,1.));
#3265 = PLANE('',#3266);
#3266 = AXIS2_PLACEMENT_3D('',#3267,#3268,#3269);
#3267 = CARTESIAN_POINT('',(-1.2,0.8,0.495));
#3268 = DIRECTION('',(0.,1.,0.));
#3269 = DIRECTION('',(0.,-0.,1.));
#3270 = ADVANCED_FACE('',(#3271),#3282,.T.);
#3271 = FACE_BOUND('',#3272,.T.);
#3272 = EDGE_LOOP('',(#3273,#3274,#3275,#3281));
#3273 = ORIENTED_EDGE('',*,*,#3042,.T.);
#3274 = ORIENTED_EDGE('',*,*,#3191,.T.);
#3275 = ORIENTED_EDGE('',*,*,#3276,.F.);
#3276 = EDGE_CURVE('',#3058,#3182,#3277,.T.);
#3277 = LINE('',#3278,#3279);
#3278 = CARTESIAN_POINT('',(1.255,-0.8,0.));
#3279 = VECTOR('',#3280,1.);
#3280 = DIRECTION('',(0.,1.,0.));
#3281 = ORIENTED_EDGE('',*,*,#3067,.F.);
#3282 = CYLINDRICAL_SURFACE('',#3283,5.5E-02);
#3283 = AXIS2_PLACEMENT_3D('',#3284,#3285,#3286);
#3284 = CARTESIAN_POINT('',(1.255,-0.8,5.5E-02));
#3285 = DIRECTION('',(0.,1.,0.));
#3286 = DIRECTION('',(-1.,0.,0.));
#3287 = ADVANCED_FACE('',(#3288),#3299,.F.);
#3288 = FACE_BOUND('',#3289,.F.);
#3289 = EDGE_LOOP('',(#3290,#3291,#3292,#3293));
#3290 = ORIENTED_EDGE('',*,*,#3181,.F.);
#3291 = ORIENTED_EDGE('',*,*,#3276,.F.);
#3292 = ORIENTED_EDGE('',*,*,#3057,.T.);
#3293 = ORIENTED_EDGE('',*,*,#3294,.T.);
#3294 = EDGE_CURVE('',#3060,#3184,#3295,.T.);
#3295 = LINE('',#3296,#3297);
#3296 = CARTESIAN_POINT('',(1.545,-0.8,0.));
#3297 = VECTOR('',#3298,1.);
#3298 = DIRECTION('',(0.,1.,0.));
#3299 = PLANE('',#3300);
#3300 = AXIS2_PLACEMENT_3D('',#3301,#3302,#3303);
#3301 = CARTESIAN_POINT('',(1.2,-0.8,0.));
#3302 = DIRECTION('',(0.,0.,1.));
#3303 = DIRECTION('',(1.,0.,-0.));
#3304 = ADVANCED_FACE('',(#3305),#3316,.T.);
#3305 = FACE_BOUND('',#3306,.T.);
#3306 = EDGE_LOOP('',(#3307,#3308,#3309,#3310));
#3307 = ORIENTED_EDGE('',*,*,#3111,.T.);
#3308 = ORIENTED_EDGE('',*,*,#3294,.T.);
#3309 = ORIENTED_EDGE('',*,*,#3235,.F.);
#3310 = ORIENTED_EDGE('',*,*,#3311,.F.);
#3311 = EDGE_CURVE('',#3104,#3228,#3312,.T.);
#3312 = LINE('',#3313,#3314);
#3313 = CARTESIAN_POINT('',(1.6,-0.8,5.5E-02));
#3314 = VECTOR('',#3315,1.);
#3315 = DIRECTION('',(0.,1.,0.));
#3316 = CYLINDRICAL_SURFACE('',#3317,5.5E-02);
#3317 = AXIS2_PLACEMENT_3D('',#3318,#3319,#3320);
#3318 = CARTESIAN_POINT('',(1.545,-0.8,5.5E-02));
#3319 = DIRECTION('',(0.,1.,0.));
#3320 = DIRECTION('',(1.,0.,0.));
#3321 = ADVANCED_FACE('',(#3322),#3333,.T.);
#3322 = FACE_BOUND('',#3323,.T.);
#3323 = EDGE_LOOP('',(#3324,#3325,#3326,#3327));
#3324 = ORIENTED_EDGE('',*,*,#3103,.F.);
#3325 = ORIENTED_EDGE('',*,*,#3311,.T.);
#3326 = ORIENTED_EDGE('',*,*,#3227,.T.);
#3327 = ORIENTED_EDGE('',*,*,#3328,.F.);
#3328 = EDGE_CURVE('',#3095,#3219,#3329,.T.);
#3329 = LINE('',#3330,#3331);
#3330 = CARTESIAN_POINT('',(1.6,-0.8,0.495));
#3331 = VECTOR('',#3332,1.);
#3332 = DIRECTION('',(0.,1.,0.));
#3333 = PLANE('',#3334);
#3334 = AXIS2_PLACEMENT_3D('',#3335,#3336,#3337);
#3335 = CARTESIAN_POINT('',(1.6,-0.8,0.));
#3336 = DIRECTION('',(1.,0.,0.));
#3337 = DIRECTION('',(0.,0.,1.));
#3338 = ADVANCED_FACE('',(#3339),#3350,.T.);
#3339 = FACE_BOUND('',#3340,.T.);
#3340 = EDGE_LOOP('',(#3341,#3342,#3343,#3349));
#3341 = ORIENTED_EDGE('',*,*,#3328,.T.);
#3342 = ORIENTED_EDGE('',*,*,#3218,.T.);
#3343 = ORIENTED_EDGE('',*,*,#3344,.F.);
#3344 = EDGE_CURVE('',#3087,#3211,#3345,.T.);
#3345 = LINE('',#3346,#3347);
#3346 = CARTESIAN_POINT('',(1.545,-0.8,0.55));
#3347 = VECTOR('',#3348,1.);
#3348 = DIRECTION('',(0.,1.,0.));
#3349 = ORIENTED_EDGE('',*,*,#3094,.F.);
#3350 = CYLINDRICAL_SURFACE('',#3351,5.5E-02);
#3351 = AXIS2_PLACEMENT_3D('',#3352,#3353,#3354);
#3352 = CARTESIAN_POINT('',(1.545,-0.8,0.495));
#3353 = DIRECTION('',(0.,1.,0.));
#3354 = DIRECTION('',(1.,0.,0.));
#3355 = ADVANCED_FACE('',(#3356),#3367,.T.);
#3356 = FACE_BOUND('',#3357,.T.);
#3357 = EDGE_LOOP('',(#3358,#3359,#3365,#3366));
#3358 = ORIENTED_EDGE('',*,*,#3210,.F.);
#3359 = ORIENTED_EDGE('',*,*,#3360,.F.);
#3360 = EDGE_CURVE('',#3078,#3202,#3361,.T.);
#3361 = LINE('',#3362,#3363);
#3362 = CARTESIAN_POINT('',(1.255,-0.8,0.55));
#3363 = VECTOR('',#3364,1.);
#3364 = DIRECTION('',(0.,1.,0.));
#3365 = ORIENTED_EDGE('',*,*,#3086,.T.);
#3366 = ORIENTED_EDGE('',*,*,#3344,.T.);
#3367 = PLANE('',#3368);
#3368 = AXIS2_PLACEMENT_3D('',#3369,#3370,#3371);
#3369 = CARTESIAN_POINT('',(1.2,-0.8,0.55));
#3370 = DIRECTION('',(0.,0.,1.));
#3371 = DIRECTION('',(1.,0.,-0.));
#3372 = ADVANCED_FACE('',(#3373),#3384,.T.);
#3373 = FACE_BOUND('',#3374,.T.);
#3374 = EDGE_LOOP('',(#3375,#3376,#3377,#3378));
#3375 = ORIENTED_EDGE('',*,*,#3077,.T.);
#3376 = ORIENTED_EDGE('',*,*,#3360,.T.);
#3377 = ORIENTED_EDGE('',*,*,#3201,.F.);
#3378 = ORIENTED_EDGE('',*,*,#3379,.F.);
#3379 = EDGE_CURVE('',#2912,#2995,#3380,.T.);
#3380 = LINE('',#3381,#3382);
#3381 = CARTESIAN_POINT('',(1.2,-0.8,0.495));
#3382 = VECTOR('',#3383,1.);
#3383 = DIRECTION('',(0.,1.,0.));
#3384 = CYLINDRICAL_SURFACE('',#3385,5.5E-02);
#3385 = AXIS2_PLACEMENT_3D('',#3386,#3387,#3388);
#3386 = CARTESIAN_POINT('',(1.255,-0.8,0.495));
#3387 = DIRECTION('',(0.,1.,0.));
#3388 = DIRECTION('',(-1.,0.,0.));
#3389 = ADVANCED_FACE('',(#3390),#3401,.T.);
#3390 = FACE_BOUND('',#3391,.T.);
#3391 = EDGE_LOOP('',(#3392,#3393,#3394,#3395));
#3392 = ORIENTED_EDGE('',*,*,#3143,.F.);
#3393 = ORIENTED_EDGE('',*,*,#3379,.T.);
#3394 = ORIENTED_EDGE('',*,*,#3260,.T.);
#3395 = ORIENTED_EDGE('',*,*,#3396,.F.);
#3396 = EDGE_CURVE('',#3136,#3253,#3397,.T.);
#3397 = LINE('',#3398,#3399);
#3398 = CARTESIAN_POINT('',(1.2,-0.8,0.55));
#3399 = VECTOR('',#3400,1.);
#3400 = DIRECTION('',(0.,1.,0.));
#3401 = PLANE('',#3402);
#3402 = AXIS2_PLACEMENT_3D('',#3403,#3404,#3405);
#3403 = CARTESIAN_POINT('',(1.2,-0.8,0.495));
#3404 = DIRECTION('',(1.,0.,0.));
#3405 = DIRECTION('',(0.,0.,1.));
#3406 = ADVANCED_FACE('',(#3407),#3413,.T.);
#3407 = FACE_BOUND('',#3408,.T.);
#3408 = EDGE_LOOP('',(#3409,#3410,#3411,#3412));
#3409 = ORIENTED_EDGE('',*,*,#3167,.F.);
#3410 = ORIENTED_EDGE('',*,*,#3135,.T.);
#3411 = ORIENTED_EDGE('',*,*,#3396,.T.);
#3412 = ORIENTED_EDGE('',*,*,#3252,.F.);
#3413 = PLANE('',#3414);
#3414 = AXIS2_PLACEMENT_3D('',#3415,#3416,#3417);
#3415 = CARTESIAN_POINT('',(-1.2,-0.8,0.55));
#3416 = DIRECTION('',(0.,0.,1.));
#3417 = DIRECTION('',(1.,0.,-0.));
#3418 = ( GEOMETRIC_REPRESENTATION_CONTEXT(3) 
GLOBAL_UNCERTAINTY_ASSIGNED_CONTEXT((#3422)) 
GLOBAL_UNIT_ASSIGNED_CONTEXT((#3419,#3420,#3421)) REPRESENTATION_CONTEXT
('Context #1','3D Context with UNIT and UNCERTAINTY') );
#3419 = ( LENGTH_UNIT() NAMED_UNIT(*) SI_UNIT(.MILLI.,.METRE.) );
#3420 = ( NAMED_UNIT(*) PLANE_ANGLE_UNIT() SI_UNIT($,.RADIAN.) );
#3421 = ( NAMED_UNIT(*) SI_UNIT($,.STERADIAN.) SOLID_ANGLE_UNIT() );
#3422 = UNCERTAINTY_MEASURE_WITH_UNIT(LENGTH_MEASURE(1.E-07),#3419,
  'distance_accuracy_value','confusion accuracy');
#3423 = CONTEXT_DEPENDENT_SHAPE_REPRESENTATION(#3424,#3426);
#3424 = ( REPRESENTATION_RELATIONSHIP('','',#2627,#10) 
REPRESENTATION_RELATIONSHIP_WITH_TRANSFORMATION(#3425) 
SHAPE_REPRESENTATION_RELATIONSHIP() );
#3425 = ITEM_DEFINED_TRANSFORMATION('','',#11,#23);
#3426 = PRODUCT_DEFINITION_SHAPE('Placement','Placement of an item',
  #3427);
#3427 = NEXT_ASSEMBLY_USAGE_OCCURRENCE('3','RI4','',#5,#2622,$);
#3428 = PRODUCT_RELATED_PRODUCT_CATEGORY('part',$,(#2624));
#3429 = SHAPE_DEFINITION_REPRESENTATION(#3430,#3436);
#3430 = PRODUCT_DEFINITION_SHAPE('','',#3431);
#3431 = PRODUCT_DEFINITION('design','',#3432,#3435);
#3432 = PRODUCT_DEFINITION_FORMATION('','',#3433);
#3433 = PRODUCT('JST_XH_B2B-XH-A_1x02_P2.50mm_Vertical',
  'JST_XH_B2B-XH-A_1x02_P2.50mm_Vertical','',(#3434));
#3434 = PRODUCT_CONTEXT('',#2,'mechanical');
#3435 = PRODUCT_DEFINITION_CONTEXT('part definition',#2,'design');
#3436 = ADVANCED_BREP_SHAPE_REPRESENTATION('',(#11,#3437),#6152);
#3437 = MANIFOLD_SOLID_BREP('',#3438);
#3438 = CLOSED_SHELL('',(#3439,#3511,#3550,#3574,#3639,#3663,#3751,#3775
    ,#3840,#3865,#3914,#3931,#3955,#3972,#4110,#4134,#4304,#4328,#4361,
    #4385,#4416,#4433,#4466,#4490,#4521,#4533,#4566,#4583,#4600,#4612,
    #4692,#4709,#4726,#4743,#4760,#4777,#4794,#4811,#4828,#4845,#4862,
    #4874,#4891,#4908,#4954,#5000,#5031,#5055,#5079,#5096,#5127,#5151,
    #5175,#5192,#5255,#5279,#5335,#5352,#5415,#5439,#5495,#5512,#5543,
    #5567,#5591,#5608,#5639,#5663,#5687,#5704,#5751,#5782,#5794,#5811,
    #5837,#5870,#5917,#5948,#5960,#5977,#6003,#6036,#6048,#6060,#6077,
    #6094,#6106,#6123,#6140));
#3439 = ADVANCED_FACE('',(#3440),#3506,.T.);
#3440 = FACE_BOUND('',#3441,.T.);
#3441 = EDGE_LOOP('',(#3442,#3452,#3460,#3468,#3476,#3484,#3492,#3500));
#3442 = ORIENTED_EDGE('',*,*,#3443,.T.);
#3443 = EDGE_CURVE('',#3444,#3446,#3448,.T.);
#3444 = VERTEX_POINT('',#3445);
#3445 = CARTESIAN_POINT('',(-1.8,0.5,7.));
#3446 = VERTEX_POINT('',#3447);
#3447 = CARTESIAN_POINT('',(-2.45,0.5,7.));
#3448 = LINE('',#3449,#3450);
#3449 = CARTESIAN_POINT('',(4.95,0.5,7.));
#3450 = VECTOR('',#3451,1.);
#3451 = DIRECTION('',(-1.,1.224646799147E-16,0.));
#3452 = ORIENTED_EDGE('',*,*,#3453,.T.);
#3453 = EDGE_CURVE('',#3446,#3454,#3456,.T.);
#3454 = VERTEX_POINT('',#3455);
#3455 = CARTESIAN_POINT('',(-2.45,-3.4,7.));
#3456 = LINE('',#3457,#3458);
#3457 = CARTESIAN_POINT('',(-2.45,2.35,7.));
#3458 = VECTOR('',#3459,1.);
#3459 = DIRECTION('',(-1.224646799147E-16,-1.,0.));
#3460 = ORIENTED_EDGE('',*,*,#3461,.T.);
#3461 = EDGE_CURVE('',#3454,#3462,#3464,.T.);
#3462 = VERTEX_POINT('',#3463);
#3463 = CARTESIAN_POINT('',(4.95,-3.4,7.));
#3464 = LINE('',#3465,#3466);
#3465 = CARTESIAN_POINT('',(-2.45,-3.4,7.));
#3466 = VECTOR('',#3467,1.);
#3467 = DIRECTION('',(1.,-1.224646799147E-16,0.));
#3468 = ORIENTED_EDGE('',*,*,#3469,.T.);
#3469 = EDGE_CURVE('',#3462,#3470,#3472,.T.);
#3470 = VERTEX_POINT('',#3471);
#3471 = CARTESIAN_POINT('',(4.95,0.5,7.));
#3472 = LINE('',#3473,#3474);
#3473 = CARTESIAN_POINT('',(4.95,-3.4,7.));
#3474 = VECTOR('',#3475,1.);
#3475 = DIRECTION('',(1.224646799147E-16,1.,0.));
#3476 = ORIENTED_EDGE('',*,*,#3477,.T.);
#3477 = EDGE_CURVE('',#3470,#3478,#3480,.T.);
#3478 = VERTEX_POINT('',#3479);
#3479 = CARTESIAN_POINT('',(4.3,0.5,7.));
#3480 = LINE('',#3481,#3482);
#3481 = CARTESIAN_POINT('',(4.95,0.5,7.));
#3482 = VECTOR('',#3483,1.);
#3483 = DIRECTION('',(-1.,1.224646799147E-16,0.));
#3484 = ORIENTED_EDGE('',*,*,#3485,.F.);
#3485 = EDGE_CURVE('',#3486,#3478,#3488,.T.);
#3486 = VERTEX_POINT('',#3487);
#3487 = CARTESIAN_POINT('',(4.3,-2.85,7.));
#3488 = LINE('',#3489,#3490);
#3489 = CARTESIAN_POINT('',(4.3,-2.65,7.));
#3490 = VECTOR('',#3491,1.);
#3491 = DIRECTION('',(1.224646799147E-16,1.,0.));
#3492 = ORIENTED_EDGE('',*,*,#3493,.F.);
#3493 = EDGE_CURVE('',#3494,#3486,#3496,.T.);
#3494 = VERTEX_POINT('',#3495);
#3495 = CARTESIAN_POINT('',(-1.8,-2.85,7.));
#3496 = LINE('',#3497,#3498);
#3497 = CARTESIAN_POINT('',(-1.6,-2.85,7.));
#3498 = VECTOR('',#3499,1.);
#3499 = DIRECTION('',(1.,-1.224646799147E-16,0.));
#3500 = ORIENTED_EDGE('',*,*,#3501,.F.);
#3501 = EDGE_CURVE('',#3444,#3494,#3502,.T.);
#3502 = LINE('',#3503,#3504);
#3503 = CARTESIAN_POINT('',(-1.8,0.5,7.));
#3504 = VECTOR('',#3505,1.);
#3505 = DIRECTION('',(-1.224646799147E-16,-1.,0.));
#3506 = PLANE('',#3507);
#3507 = AXIS2_PLACEMENT_3D('',#3508,#3509,#3510);
#3508 = CARTESIAN_POINT('',(1.25,-0.525,7.));
#3509 = DIRECTION('',(0.,0.,1.));
#3510 = DIRECTION('',(-1.,1.224646799147E-16,0.));
#3511 = ADVANCED_FACE('',(#3512),#3545,.T.);
#3512 = FACE_BOUND('',#3513,.T.);
#3513 = EDGE_LOOP('',(#3514,#3524,#3532,#3538,#3539));
#3514 = ORIENTED_EDGE('',*,*,#3515,.T.);
#3515 = EDGE_CURVE('',#3516,#3518,#3520,.T.);
#3516 = VERTEX_POINT('',#3517);
#3517 = CARTESIAN_POINT('',(-1.6,0.5,6.8));
#3518 = VERTEX_POINT('',#3519);
#3519 = CARTESIAN_POINT('',(-1.6,0.5,3.65));
#3520 = LINE('',#3521,#3522);
#3521 = CARTESIAN_POINT('',(-1.6,0.5,5.325));
#3522 = VECTOR('',#3523,1.);
#3523 = DIRECTION('',(-0.,0.,-1.));
#3524 = ORIENTED_EDGE('',*,*,#3525,.T.);
#3525 = EDGE_CURVE('',#3518,#3526,#3528,.T.);
#3526 = VERTEX_POINT('',#3527);
#3527 = CARTESIAN_POINT('',(-2.45,0.5,3.65));
#3528 = LINE('',#3529,#3530);
#3529 = CARTESIAN_POINT('',(4.95,0.5,3.65));
#3530 = VECTOR('',#3531,1.);
#3531 = DIRECTION('',(-1.,1.224646799147E-16,0.));
#3532 = ORIENTED_EDGE('',*,*,#3533,.T.);
#3533 = EDGE_CURVE('',#3526,#3446,#3534,.T.);
#3534 = LINE('',#3535,#3536);
#3535 = CARTESIAN_POINT('',(-2.45,0.5,1.825));
#3536 = VECTOR('',#3537,1.);
#3537 = DIRECTION('',(0.,0.,1.));
#3538 = ORIENTED_EDGE('',*,*,#3443,.F.);
#3539 = ORIENTED_EDGE('',*,*,#3540,.T.);
#3540 = EDGE_CURVE('',#3444,#3516,#3541,.T.);
#3541 = LINE('',#3542,#3543);
#3542 = CARTESIAN_POINT('',(0.775,0.5,4.425));
#3543 = VECTOR('',#3544,1.);
#3544 = DIRECTION('',(0.707106781187,-8.659560562349E-17,-0.707106781187
    ));
#3545 = PLANE('',#3546);
#3546 = AXIS2_PLACEMENT_3D('',#3547,#3548,#3549);
#3547 = CARTESIAN_POINT('',(4.95,0.5,3.65));
#3548 = DIRECTION('',(1.224646799147E-16,1.,0.));
#3549 = DIRECTION('',(0.,-0.,1.));
#3550 = ADVANCED_FACE('',(#3551),#3569,.F.);
#3551 = FACE_BOUND('',#3552,.T.);
#3552 = EDGE_LOOP('',(#3553,#3554,#3555,#3563));
#3553 = ORIENTED_EDGE('',*,*,#3540,.F.);
#3554 = ORIENTED_EDGE('',*,*,#3501,.T.);
#3555 = ORIENTED_EDGE('',*,*,#3556,.T.);
#3556 = EDGE_CURVE('',#3494,#3557,#3559,.T.);
#3557 = VERTEX_POINT('',#3558);
#3558 = CARTESIAN_POINT('',(-1.6,-2.65,6.8));
#3559 = LINE('',#3560,#3561);
#3560 = CARTESIAN_POINT('',(-1.141666666667,-2.191666666667,
    6.341666666667));
#3561 = VECTOR('',#3562,1.);
#3562 = DIRECTION('',(0.57735026919,0.57735026919,-0.57735026919));
#3563 = ORIENTED_EDGE('',*,*,#3564,.F.);
#3564 = EDGE_CURVE('',#3516,#3557,#3565,.T.);
#3565 = LINE('',#3566,#3567);
#3566 = CARTESIAN_POINT('',(-1.6,0.5,6.8));
#3567 = VECTOR('',#3568,1.);
#3568 = DIRECTION('',(-1.224646799147E-16,-1.,0.));
#3569 = PLANE('',#3570);
#3570 = AXIS2_PLACEMENT_3D('',#3571,#3572,#3573);
#3571 = CARTESIAN_POINT('',(-1.7,0.5,6.9));
#3572 = DIRECTION('',(-0.707106781187,8.659560562349E-17,-0.707106781187
    ));
#3573 = DIRECTION('',(1.224646799147E-16,1.,-2.105272540809E-29));
#3574 = ADVANCED_FACE('',(#3575),#3634,.F.);
#3575 = FACE_BOUND('',#3576,.F.);
#3576 = EDGE_LOOP('',(#3577,#3587,#3595,#3603,#3611,#3620,#3626,#3627,
    #3628));
#3577 = ORIENTED_EDGE('',*,*,#3578,.F.);
#3578 = EDGE_CURVE('',#3579,#3581,#3583,.T.);
#3579 = VERTEX_POINT('',#3580);
#3580 = CARTESIAN_POINT('',(-2.45,2.35,0.));
#3581 = VERTEX_POINT('',#3582);
#3582 = CARTESIAN_POINT('',(-2.45,-3.4,0.));
#3583 = LINE('',#3584,#3585);
#3584 = CARTESIAN_POINT('',(-2.45,2.35,0.));
#3585 = VECTOR('',#3586,1.);
#3586 = DIRECTION('',(-1.224646799147E-16,-1.,0.));
#3587 = ORIENTED_EDGE('',*,*,#3588,.T.);
#3588 = EDGE_CURVE('',#3579,#3589,#3591,.T.);
#3589 = VERTEX_POINT('',#3590);
#3590 = CARTESIAN_POINT('',(-2.45,2.35,7.));
#3591 = LINE('',#3592,#3593);
#3592 = CARTESIAN_POINT('',(-2.45,2.35,0.));
#3593 = VECTOR('',#3594,1.);
#3594 = DIRECTION('',(0.,0.,1.));
#3595 = ORIENTED_EDGE('',*,*,#3596,.T.);
#3596 = EDGE_CURVE('',#3589,#3597,#3599,.T.);
#3597 = VERTEX_POINT('',#3598);
#3598 = CARTESIAN_POINT('',(-2.45,1.5,7.));
#3599 = LINE('',#3600,#3601);
#3600 = CARTESIAN_POINT('',(-2.45,2.35,7.));
#3601 = VECTOR('',#3602,1.);
#3602 = DIRECTION('',(-1.224646799147E-16,-1.,0.));
#3603 = ORIENTED_EDGE('',*,*,#3604,.T.);
#3604 = EDGE_CURVE('',#3597,#3605,#3607,.T.);
#3605 = VERTEX_POINT('',#3606);
#3606 = CARTESIAN_POINT('',(-2.45,1.5,4.15));
#3607 = LINE('',#3608,#3609);
#3608 = CARTESIAN_POINT('',(-2.45,1.5,3.5));
#3609 = VECTOR('',#3610,1.);
#3610 = DIRECTION('',(-0.,0.,-1.));
#3611 = ORIENTED_EDGE('',*,*,#3612,.F.);
#3612 = EDGE_CURVE('',#3613,#3605,#3615,.T.);
#3613 = VERTEX_POINT('',#3614);
#3614 = CARTESIAN_POINT('',(-2.45,1.,3.65));
#3615 = CIRCLE('',#3616,0.5);
#3616 = AXIS2_PLACEMENT_3D('',#3617,#3618,#3619);
#3617 = CARTESIAN_POINT('',(-2.45,1.,4.15));
#3618 = DIRECTION('',(1.,-1.224646799147E-16,0.));
#3619 = DIRECTION('',(1.224646799147E-16,1.,0.));
#3620 = ORIENTED_EDGE('',*,*,#3621,.T.);
#3621 = EDGE_CURVE('',#3613,#3526,#3622,.T.);
#3622 = LINE('',#3623,#3624);
#3623 = CARTESIAN_POINT('',(-2.45,1.675,3.65));
#3624 = VECTOR('',#3625,1.);
#3625 = DIRECTION('',(-1.224646799147E-16,-1.,0.));
#3626 = ORIENTED_EDGE('',*,*,#3533,.T.);
#3627 = ORIENTED_EDGE('',*,*,#3453,.T.);
#3628 = ORIENTED_EDGE('',*,*,#3629,.F.);
#3629 = EDGE_CURVE('',#3581,#3454,#3630,.T.);
#3630 = LINE('',#3631,#3632);
#3631 = CARTESIAN_POINT('',(-2.45,-3.4,0.));
#3632 = VECTOR('',#3633,1.);
#3633 = DIRECTION('',(0.,0.,1.));
#3634 = PLANE('',#3635);
#3635 = AXIS2_PLACEMENT_3D('',#3636,#3637,#3638);
#3636 = CARTESIAN_POINT('',(-2.45,2.35,0.));
#3637 = DIRECTION('',(1.,-1.224646799147E-16,0.));
#3638 = DIRECTION('',(-1.224646799147E-16,-1.,0.));
#3639 = ADVANCED_FACE('',(#3640),#3658,.F.);
#3640 = FACE_BOUND('',#3641,.T.);
#3641 = EDGE_LOOP('',(#3642,#3643,#3644,#3652));
#3642 = ORIENTED_EDGE('',*,*,#3556,.F.);
#3643 = ORIENTED_EDGE('',*,*,#3493,.T.);
#3644 = ORIENTED_EDGE('',*,*,#3645,.T.);
#3645 = EDGE_CURVE('',#3486,#3646,#3648,.T.);
#3646 = VERTEX_POINT('',#3647);
#3647 = CARTESIAN_POINT('',(4.1,-2.65,6.8));
#3648 = LINE('',#3649,#3650);
#3649 = CARTESIAN_POINT('',(3.216666666667,-1.766666666667,
    5.916666666667));
#3650 = VECTOR('',#3651,1.);
#3651 = DIRECTION('',(-0.57735026919,0.57735026919,-0.57735026919));
#3652 = ORIENTED_EDGE('',*,*,#3653,.F.);
#3653 = EDGE_CURVE('',#3557,#3646,#3654,.T.);
#3654 = LINE('',#3655,#3656);
#3655 = CARTESIAN_POINT('',(-1.6,-2.65,6.8));
#3656 = VECTOR('',#3657,1.);
#3657 = DIRECTION('',(1.,-1.224646799147E-16,0.));
#3658 = PLANE('',#3659);
#3659 = AXIS2_PLACEMENT_3D('',#3660,#3661,#3662);
#3660 = CARTESIAN_POINT('',(-1.6,-2.75,6.9));
#3661 = DIRECTION('',(-8.659560562349E-17,-0.707106781187,
    -0.707106781187));
#3662 = DIRECTION('',(-1.,1.224646799147E-16,-2.105272540809E-29));
#3663 = ADVANCED_FACE('',(#3664),#3746,.F.);
#3664 = FACE_BOUND('',#3665,.F.);
#3665 = EDGE_LOOP('',(#3666,#3674,#3675,#3676,#3684,#3692,#3700,#3708,
    #3716,#3724,#3732,#3740));
#3666 = ORIENTED_EDGE('',*,*,#3667,.F.);
#3667 = EDGE_CURVE('',#3581,#3668,#3670,.T.);
#3668 = VERTEX_POINT('',#3669);
#3669 = CARTESIAN_POINT('',(-0.75,-3.4,0.));
#3670 = LINE('',#3671,#3672);
#3671 = CARTESIAN_POINT('',(-2.45,-3.4,0.));
#3672 = VECTOR('',#3673,1.);
#3673 = DIRECTION('',(1.,-1.224646799147E-16,0.));
#3674 = ORIENTED_EDGE('',*,*,#3629,.T.);
#3675 = ORIENTED_EDGE('',*,*,#3461,.T.);
#3676 = ORIENTED_EDGE('',*,*,#3677,.F.);
#3677 = EDGE_CURVE('',#3678,#3462,#3680,.T.);
#3678 = VERTEX_POINT('',#3679);
#3679 = CARTESIAN_POINT('',(4.95,-3.4,0.));
#3680 = LINE('',#3681,#3682);
#3681 = CARTESIAN_POINT('',(4.95,-3.4,0.));
#3682 = VECTOR('',#3683,1.);
#3683 = DIRECTION('',(0.,0.,1.));
#3684 = ORIENTED_EDGE('',*,*,#3685,.F.);
#3685 = EDGE_CURVE('',#3686,#3678,#3688,.T.);
#3686 = VERTEX_POINT('',#3687);
#3687 = CARTESIAN_POINT('',(3.25,-3.4,0.));
#3688 = LINE('',#3689,#3690);
#3689 = CARTESIAN_POINT('',(-2.45,-3.4,0.));
#3690 = VECTOR('',#3691,1.);
#3691 = DIRECTION('',(1.,-1.224646799147E-16,0.));
#3692 = ORIENTED_EDGE('',*,*,#3693,.F.);
#3693 = EDGE_CURVE('',#3694,#3686,#3696,.T.);
#3694 = VERTEX_POINT('',#3695);
#3695 = CARTESIAN_POINT('',(3.25,-3.4,1.));
#3696 = LINE('',#3697,#3698);
#3697 = CARTESIAN_POINT('',(3.25,-3.4,1.));
#3698 = VECTOR('',#3699,1.);
#3699 = DIRECTION('',(-0.,0.,-1.));
#3700 = ORIENTED_EDGE('',*,*,#3701,.T.);
#3701 = EDGE_CURVE('',#3694,#3702,#3704,.T.);
#3702 = VERTEX_POINT('',#3703);
#3703 = CARTESIAN_POINT('',(1.75,-3.4,1.));
#3704 = LINE('',#3705,#3706);
#3705 = CARTESIAN_POINT('',(3.25,-3.4,1.));
#3706 = VECTOR('',#3707,1.);
#3707 = DIRECTION('',(-1.,1.224646799147E-16,0.));
#3708 = ORIENTED_EDGE('',*,*,#3709,.T.);
#3709 = EDGE_CURVE('',#3702,#3710,#3712,.T.);
#3710 = VERTEX_POINT('',#3711);
#3711 = CARTESIAN_POINT('',(1.75,-3.4,0.));
#3712 = LINE('',#3713,#3714);
#3713 = CARTESIAN_POINT('',(1.75,-3.4,1.));
#3714 = VECTOR('',#3715,1.);
#3715 = DIRECTION('',(-0.,0.,-1.));
#3716 = ORIENTED_EDGE('',*,*,#3717,.F.);
#3717 = EDGE_CURVE('',#3718,#3710,#3720,.T.);
#3718 = VERTEX_POINT('',#3719);
#3719 = CARTESIAN_POINT('',(0.75,-3.4,0.));
#3720 = LINE('',#3721,#3722);
#3721 = CARTESIAN_POINT('',(-2.45,-3.4,0.));
#3722 = VECTOR('',#3723,1.);
#3723 = DIRECTION('',(1.,-1.224646799147E-16,0.));
#3724 = ORIENTED_EDGE('',*,*,#3725,.F.);
#3725 = EDGE_CURVE('',#3726,#3718,#3728,.T.);
#3726 = VERTEX_POINT('',#3727);
#3727 = CARTESIAN_POINT('',(0.75,-3.4,1.));
#3728 = LINE('',#3729,#3730);
#3729 = CARTESIAN_POINT('',(0.75,-3.4,1.));
#3730 = VECTOR('',#3731,1.);
#3731 = DIRECTION('',(-0.,0.,-1.));
#3732 = ORIENTED_EDGE('',*,*,#3733,.T.);
#3733 = EDGE_CURVE('',#3726,#3734,#3736,.T.);
#3734 = VERTEX_POINT('',#3735);
#3735 = CARTESIAN_POINT('',(-0.75,-3.4,1.));
#3736 = LINE('',#3737,#3738);
#3737 = CARTESIAN_POINT('',(0.75,-3.4,1.));
#3738 = VECTOR('',#3739,1.);
#3739 = DIRECTION('',(-1.,1.224646799147E-16,0.));
#3740 = ORIENTED_EDGE('',*,*,#3741,.T.);
#3741 = EDGE_CURVE('',#3734,#3668,#3742,.T.);
#3742 = LINE('',#3743,#3744);
#3743 = CARTESIAN_POINT('',(-0.75,-3.4,1.));
#3744 = VECTOR('',#3745,1.);
#3745 = DIRECTION('',(-0.,0.,-1.));
#3746 = PLANE('',#3747);
#3747 = AXIS2_PLACEMENT_3D('',#3748,#3749,#3750);
#3748 = CARTESIAN_POINT('',(-2.45,-3.4,0.));
#3749 = DIRECTION('',(1.224646799147E-16,1.,0.));
#3750 = DIRECTION('',(1.,-1.224646799147E-16,0.));
#3751 = ADVANCED_FACE('',(#3752),#3770,.F.);
#3752 = FACE_BOUND('',#3753,.T.);
#3753 = EDGE_LOOP('',(#3754,#3755,#3756,#3764));
#3754 = ORIENTED_EDGE('',*,*,#3645,.F.);
#3755 = ORIENTED_EDGE('',*,*,#3485,.T.);
#3756 = ORIENTED_EDGE('',*,*,#3757,.T.);
#3757 = EDGE_CURVE('',#3478,#3758,#3760,.T.);
#3758 = VERTEX_POINT('',#3759);
#3759 = CARTESIAN_POINT('',(4.1,0.5,6.8));
#3760 = LINE('',#3761,#3762);
#3761 = CARTESIAN_POINT('',(3.575,0.5,6.275));
#3762 = VECTOR('',#3763,1.);
#3763 = DIRECTION('',(-0.707106781187,8.659560562349E-17,-0.707106781187
    ));
#3764 = ORIENTED_EDGE('',*,*,#3765,.F.);
#3765 = EDGE_CURVE('',#3646,#3758,#3766,.T.);
#3766 = LINE('',#3767,#3768);
#3767 = CARTESIAN_POINT('',(4.1,-2.65,6.8));
#3768 = VECTOR('',#3769,1.);
#3769 = DIRECTION('',(1.224646799147E-16,1.,0.));
#3770 = PLANE('',#3771);
#3771 = AXIS2_PLACEMENT_3D('',#3772,#3773,#3774);
#3772 = CARTESIAN_POINT('',(4.2,-2.65,6.9));
#3773 = DIRECTION('',(0.707106781187,-8.659560562349E-17,-0.707106781187
    ));
#3774 = DIRECTION('',(-1.224646799147E-16,-1.,-2.105272540809E-29));
#3775 = ADVANCED_FACE('',(#3776),#3835,.F.);
#3776 = FACE_BOUND('',#3777,.F.);
#3777 = EDGE_LOOP('',(#3778,#3786,#3787,#3788,#3796,#3804,#3813,#3821,
    #3829));
#3778 = ORIENTED_EDGE('',*,*,#3779,.F.);
#3779 = EDGE_CURVE('',#3678,#3780,#3782,.T.);
#3780 = VERTEX_POINT('',#3781);
#3781 = CARTESIAN_POINT('',(4.95,2.35,0.));
#3782 = LINE('',#3783,#3784);
#3783 = CARTESIAN_POINT('',(4.95,-3.4,0.));
#3784 = VECTOR('',#3785,1.);
#3785 = DIRECTION('',(1.224646799147E-16,1.,0.));
#3786 = ORIENTED_EDGE('',*,*,#3677,.T.);
#3787 = ORIENTED_EDGE('',*,*,#3469,.T.);
#3788 = ORIENTED_EDGE('',*,*,#3789,.F.);
#3789 = EDGE_CURVE('',#3790,#3470,#3792,.T.);
#3790 = VERTEX_POINT('',#3791);
#3791 = CARTESIAN_POINT('',(4.95,0.5,3.65));
#3792 = LINE('',#3793,#3794);
#3793 = CARTESIAN_POINT('',(4.95,0.5,3.65));
#3794 = VECTOR('',#3795,1.);
#3795 = DIRECTION('',(0.,0.,1.));
#3796 = ORIENTED_EDGE('',*,*,#3797,.F.);
#3797 = EDGE_CURVE('',#3798,#3790,#3800,.T.);
#3798 = VERTEX_POINT('',#3799);
#3799 = CARTESIAN_POINT('',(4.95,1.,3.65));
#3800 = LINE('',#3801,#3802);
#3801 = CARTESIAN_POINT('',(4.95,1.,3.65));
#3802 = VECTOR('',#3803,1.);
#3803 = DIRECTION('',(-1.224646799147E-16,-1.,0.));
#3804 = ORIENTED_EDGE('',*,*,#3805,.F.);
#3805 = EDGE_CURVE('',#3806,#3798,#3808,.T.);
#3806 = VERTEX_POINT('',#3807);
#3807 = CARTESIAN_POINT('',(4.95,1.5,4.15));
#3808 = CIRCLE('',#3809,0.5);
#3809 = AXIS2_PLACEMENT_3D('',#3810,#3811,#3812);
#3810 = CARTESIAN_POINT('',(4.95,1.,4.15));
#3811 = DIRECTION('',(-1.,1.224646799147E-16,0.));
#3812 = DIRECTION('',(1.224646799147E-16,1.,0.));
#3813 = ORIENTED_EDGE('',*,*,#3814,.F.);
#3814 = EDGE_CURVE('',#3815,#3806,#3817,.T.);
#3815 = VERTEX_POINT('',#3816);
#3816 = CARTESIAN_POINT('',(4.95,1.5,7.));
#3817 = LINE('',#3818,#3819);
#3818 = CARTESIAN_POINT('',(4.95,1.5,7.));
#3819 = VECTOR('',#3820,1.);
#3820 = DIRECTION('',(-0.,0.,-1.));
#3821 = ORIENTED_EDGE('',*,*,#3822,.T.);
#3822 = EDGE_CURVE('',#3815,#3823,#3825,.T.);
#3823 = VERTEX_POINT('',#3824);
#3824 = CARTESIAN_POINT('',(4.95,2.35,7.));
#3825 = LINE('',#3826,#3827);
#3826 = CARTESIAN_POINT('',(4.95,-3.4,7.));
#3827 = VECTOR('',#3828,1.);
#3828 = DIRECTION('',(1.224646799147E-16,1.,0.));
#3829 = ORIENTED_EDGE('',*,*,#3830,.F.);
#3830 = EDGE_CURVE('',#3780,#3823,#3831,.T.);
#3831 = LINE('',#3832,#3833);
#3832 = CARTESIAN_POINT('',(4.95,2.35,0.));
#3833 = VECTOR('',#3834,1.);
#3834 = DIRECTION('',(0.,0.,1.));
#3835 = PLANE('',#3836);
#3836 = AXIS2_PLACEMENT_3D('',#3837,#3838,#3839);
#3837 = CARTESIAN_POINT('',(4.95,-3.4,0.));
#3838 = DIRECTION('',(-1.,1.224646799147E-16,0.));
#3839 = DIRECTION('',(1.224646799147E-16,1.,0.));
#3840 = ADVANCED_FACE('',(#3841),#3860,.T.);
#3841 = FACE_BOUND('',#3842,.T.);
#3842 = EDGE_LOOP('',(#3843,#3844,#3845,#3853,#3859));
#3843 = ORIENTED_EDGE('',*,*,#3477,.F.);
#3844 = ORIENTED_EDGE('',*,*,#3789,.F.);
#3845 = ORIENTED_EDGE('',*,*,#3846,.T.);
#3846 = EDGE_CURVE('',#3790,#3847,#3849,.T.);
#3847 = VERTEX_POINT('',#3848);
#3848 = CARTESIAN_POINT('',(4.1,0.5,3.65));
#3849 = LINE('',#3850,#3851);
#3850 = CARTESIAN_POINT('',(4.95,0.5,3.65));
#3851 = VECTOR('',#3852,1.);
#3852 = DIRECTION('',(-1.,1.224646799147E-16,0.));
#3853 = ORIENTED_EDGE('',*,*,#3854,.T.);
#3854 = EDGE_CURVE('',#3847,#3758,#3855,.T.);
#3855 = LINE('',#3856,#3857);
#3856 = CARTESIAN_POINT('',(4.1,0.5,5.325));
#3857 = VECTOR('',#3858,1.);
#3858 = DIRECTION('',(0.,0.,1.));
#3859 = ORIENTED_EDGE('',*,*,#3757,.F.);
#3860 = PLANE('',#3861);
#3861 = AXIS2_PLACEMENT_3D('',#3862,#3863,#3864);
#3862 = CARTESIAN_POINT('',(4.95,0.5,3.65));
#3863 = DIRECTION('',(1.224646799147E-16,1.,0.));
#3864 = DIRECTION('',(0.,-0.,1.));
#3865 = ADVANCED_FACE('',(#3866),#3909,.F.);
#3866 = FACE_BOUND('',#3867,.F.);
#3867 = EDGE_LOOP('',(#3868,#3869,#3877,#3886,#3894,#3902,#3908));
#3868 = ORIENTED_EDGE('',*,*,#3515,.T.);
#3869 = ORIENTED_EDGE('',*,*,#3870,.T.);
#3870 = EDGE_CURVE('',#3518,#3871,#3873,.T.);
#3871 = VERTEX_POINT('',#3872);
#3872 = CARTESIAN_POINT('',(-1.6,1.,3.65));
#3873 = LINE('',#3874,#3875);
#3874 = CARTESIAN_POINT('',(-1.6,1.25,3.65));
#3875 = VECTOR('',#3876,1.);
#3876 = DIRECTION('',(1.224646799147E-16,1.,0.));
#3877 = ORIENTED_EDGE('',*,*,#3878,.T.);
#3878 = EDGE_CURVE('',#3871,#3879,#3881,.T.);
#3879 = VERTEX_POINT('',#3880);
#3880 = CARTESIAN_POINT('',(-1.6,1.5,4.15));
#3881 = CIRCLE('',#3882,0.5);
#3882 = AXIS2_PLACEMENT_3D('',#3883,#3884,#3885);
#3883 = CARTESIAN_POINT('',(-1.6,1.,4.15));
#3884 = DIRECTION('',(1.,-1.224646799147E-16,0.));
#3885 = DIRECTION('',(1.224646799147E-16,1.,0.));
#3886 = ORIENTED_EDGE('',*,*,#3887,.T.);
#3887 = EDGE_CURVE('',#3879,#3888,#3890,.T.);
#3888 = VERTEX_POINT('',#3889);
#3889 = CARTESIAN_POINT('',(-1.6,1.5,1.85));
#3890 = LINE('',#3891,#3892);
#3891 = CARTESIAN_POINT('',(-1.6,1.5,7.));
#3892 = VECTOR('',#3893,1.);
#3893 = DIRECTION('',(0.,0.,-1.));
#3894 = ORIENTED_EDGE('',*,*,#3895,.T.);
#3895 = EDGE_CURVE('',#3888,#3896,#3898,.T.);
#3896 = VERTEX_POINT('',#3897);
#3897 = CARTESIAN_POINT('',(-1.6,-2.65,1.85));
#3898 = LINE('',#3899,#3900);
#3899 = CARTESIAN_POINT('',(-1.6,1.5,1.85));
#3900 = VECTOR('',#3901,1.);
#3901 = DIRECTION('',(-1.224646799147E-16,-1.,0.));
#3902 = ORIENTED_EDGE('',*,*,#3903,.F.);
#3903 = EDGE_CURVE('',#3557,#3896,#3904,.T.);
#3904 = LINE('',#3905,#3906);
#3905 = CARTESIAN_POINT('',(-1.6,-2.65,7.));
#3906 = VECTOR('',#3907,1.);
#3907 = DIRECTION('',(0.,0.,-1.));
#3908 = ORIENTED_EDGE('',*,*,#3564,.F.);
#3909 = PLANE('',#3910);
#3910 = AXIS2_PLACEMENT_3D('',#3911,#3912,#3913);
#3911 = CARTESIAN_POINT('',(-1.6,1.5,7.));
#3912 = DIRECTION('',(-1.,1.224646799147E-16,0.));
#3913 = DIRECTION('',(-1.224646799147E-16,-1.,0.));
#3914 = ADVANCED_FACE('',(#3915),#3926,.T.);
#3915 = FACE_BOUND('',#3916,.T.);
#3916 = EDGE_LOOP('',(#3917,#3918,#3924,#3925));
#3917 = ORIENTED_EDGE('',*,*,#3870,.T.);
#3918 = ORIENTED_EDGE('',*,*,#3919,.T.);
#3919 = EDGE_CURVE('',#3871,#3613,#3920,.T.);
#3920 = LINE('',#3921,#3922);
#3921 = CARTESIAN_POINT('',(4.95,1.,3.65));
#3922 = VECTOR('',#3923,1.);
#3923 = DIRECTION('',(-1.,1.224646799147E-16,0.));
#3924 = ORIENTED_EDGE('',*,*,#3621,.T.);
#3925 = ORIENTED_EDGE('',*,*,#3525,.F.);
#3926 = PLANE('',#3927);
#3927 = AXIS2_PLACEMENT_3D('',#3928,#3929,#3930);
#3928 = CARTESIAN_POINT('',(4.95,1.,3.65));
#3929 = DIRECTION('',(0.,0.,1.));
#3930 = DIRECTION('',(-1.224646799147E-16,-1.,0.));
#3931 = ADVANCED_FACE('',(#3932),#3950,.F.);
#3932 = FACE_BOUND('',#3933,.F.);
#3933 = EDGE_LOOP('',(#3934,#3935,#3943,#3949));
#3934 = ORIENTED_EDGE('',*,*,#3667,.T.);
#3935 = ORIENTED_EDGE('',*,*,#3936,.T.);
#3936 = EDGE_CURVE('',#3668,#3937,#3939,.T.);
#3937 = VERTEX_POINT('',#3938);
#3938 = CARTESIAN_POINT('',(-0.75,2.35,0.));
#3939 = LINE('',#3940,#3941);
#3940 = CARTESIAN_POINT('',(-0.75,-3.4,0.));
#3941 = VECTOR('',#3942,1.);
#3942 = DIRECTION('',(1.224646799147E-16,1.,0.));
#3943 = ORIENTED_EDGE('',*,*,#3944,.T.);
#3944 = EDGE_CURVE('',#3937,#3579,#3945,.T.);
#3945 = LINE('',#3946,#3947);
#3946 = CARTESIAN_POINT('',(4.95,2.35,0.));
#3947 = VECTOR('',#3948,1.);
#3948 = DIRECTION('',(-1.,1.224646799147E-16,0.));
#3949 = ORIENTED_EDGE('',*,*,#3578,.T.);
#3950 = PLANE('',#3951);
#3951 = AXIS2_PLACEMENT_3D('',#3952,#3953,#3954);
#3952 = CARTESIAN_POINT('',(1.25,-0.525,0.));
#3953 = DIRECTION('',(0.,0.,1.));
#3954 = DIRECTION('',(-1.,1.224646799147E-16,0.));
#3955 = ADVANCED_FACE('',(#3956),#3967,.F.);
#3956 = FACE_BOUND('',#3957,.F.);
#3957 = EDGE_LOOP('',(#3958,#3959,#3960,#3966));
#3958 = ORIENTED_EDGE('',*,*,#3919,.T.);
#3959 = ORIENTED_EDGE('',*,*,#3612,.T.);
#3960 = ORIENTED_EDGE('',*,*,#3961,.F.);
#3961 = EDGE_CURVE('',#3879,#3605,#3962,.T.);
#3962 = LINE('',#3963,#3964);
#3963 = CARTESIAN_POINT('',(4.95,1.5,4.15));
#3964 = VECTOR('',#3965,1.);
#3965 = DIRECTION('',(-1.,1.224646799147E-16,0.));
#3966 = ORIENTED_EDGE('',*,*,#3878,.F.);
#3967 = CYLINDRICAL_SURFACE('',#3968,0.5);
#3968 = AXIS2_PLACEMENT_3D('',#3969,#3970,#3971);
#3969 = CARTESIAN_POINT('',(4.95,1.,4.15));
#3970 = DIRECTION('',(1.,-1.224646799147E-16,-0.));
#3971 = DIRECTION('',(1.224646799147E-16,1.,0.));
#3972 = ADVANCED_FACE('',(#3973),#4105,.T.);
#3973 = FACE_BOUND('',#3974,.T.);
#3974 = EDGE_LOOP('',(#3975,#3976,#3984,#3992,#4000,#4008,#4016,#4025,
    #4033,#4042,#4050,#4058,#4066,#4074,#4080,#4081,#4082,#4083,#4091,
    #4099));
#3975 = ORIENTED_EDGE('',*,*,#3814,.F.);
#3976 = ORIENTED_EDGE('',*,*,#3977,.T.);
#3977 = EDGE_CURVE('',#3815,#3978,#3980,.T.);
#3978 = VERTEX_POINT('',#3979);
#3979 = CARTESIAN_POINT('',(3.,1.5,7.));
#3980 = LINE('',#3981,#3982);
#3981 = CARTESIAN_POINT('',(4.95,1.5,7.));
#3982 = VECTOR('',#3983,1.);
#3983 = DIRECTION('',(-1.,1.224646799147E-16,0.));
#3984 = ORIENTED_EDGE('',*,*,#3985,.T.);
#3985 = EDGE_CURVE('',#3978,#3986,#3988,.T.);
#3986 = VERTEX_POINT('',#3987);
#3987 = CARTESIAN_POINT('',(3.,1.5,6.1));
#3988 = LINE('',#3989,#3990);
#3989 = CARTESIAN_POINT('',(3.,1.5,5.340388446215));
#3990 = VECTOR('',#3991,1.);
#3991 = DIRECTION('',(-2.467162276945E-16,8.387236609414E-17,-1.));
#3992 = ORIENTED_EDGE('',*,*,#3993,.T.);
#3993 = EDGE_CURVE('',#3986,#3994,#3996,.T.);
#3994 = VERTEX_POINT('',#3995);
#3995 = CARTESIAN_POINT('',(2.75,1.5,5.85));
#3996 = LINE('',#3997,#3998);
#3997 = CARTESIAN_POINT('',(2.057694223108,1.5,5.157694223108));
#3998 = VECTOR('',#3999,1.);
#3999 = DIRECTION('',(-0.707106781187,1.459023244428E-16,-0.707106781187
    ));
#4000 = ORIENTED_EDGE('',*,*,#4001,.T.);
#4001 = EDGE_CURVE('',#3994,#4002,#4004,.T.);
#4002 = VERTEX_POINT('',#4003);
#4003 = CARTESIAN_POINT('',(3.,1.5,5.6));
#4004 = LINE('',#4005,#4006);
#4005 = CARTESIAN_POINT('',(2.817305776892,1.5,5.782694223108));
#4006 = VECTOR('',#4007,1.);
#4007 = DIRECTION('',(0.707106781187,-2.72888868042E-17,-0.707106781187)
  );
#4008 = ORIENTED_EDGE('',*,*,#4009,.T.);
#4009 = EDGE_CURVE('',#4002,#4010,#4012,.T.);
#4010 = VERTEX_POINT('',#4011);
#4011 = CARTESIAN_POINT('',(3.,1.5,3.85));
#4012 = LINE('',#4013,#4014);
#4013 = CARTESIAN_POINT('',(3.,1.5,3.840388446215));
#4014 = VECTOR('',#4015,1.);
#4015 = DIRECTION('',(1.027140246741E-32,8.387236609414E-17,-1.));
#4016 = ORIENTED_EDGE('',*,*,#4017,.F.);
#4017 = EDGE_CURVE('',#4018,#4010,#4020,.T.);
#4018 = VERTEX_POINT('',#4019);
#4019 = CARTESIAN_POINT('',(2.25,1.5,3.1));
#4020 = CIRCLE('',#4021,0.75);
#4021 = AXIS2_PLACEMENT_3D('',#4022,#4023,#4024);
#4022 = CARTESIAN_POINT('',(2.25,1.5,3.85));
#4023 = DIRECTION('',(-1.224646799147E-16,-1.,0.));
#4024 = DIRECTION('',(-0.,0.,-1.));
#4025 = ORIENTED_EDGE('',*,*,#4026,.F.);
#4026 = EDGE_CURVE('',#4027,#4018,#4029,.T.);
#4027 = VERTEX_POINT('',#4028);
#4028 = CARTESIAN_POINT('',(0.25,1.5,3.1));
#4029 = LINE('',#4030,#4031);
#4030 = CARTESIAN_POINT('',(1.25,1.5,3.1));
#4031 = VECTOR('',#4032,1.);
#4032 = DIRECTION('',(1.,-1.224646799147E-16,6.189508478766E-63));
#4033 = ORIENTED_EDGE('',*,*,#4034,.F.);
#4034 = EDGE_CURVE('',#4035,#4027,#4037,.T.);
#4035 = VERTEX_POINT('',#4036);
#4036 = CARTESIAN_POINT('',(-0.5,1.5,3.85));
#4037 = CIRCLE('',#4038,0.75);
#4038 = AXIS2_PLACEMENT_3D('',#4039,#4040,#4041);
#4039 = CARTESIAN_POINT('',(0.25,1.5,3.85));
#4040 = DIRECTION('',(-1.224646799147E-16,-1.,0.));
#4041 = DIRECTION('',(-0.,0.,-1.));
#4042 = ORIENTED_EDGE('',*,*,#4043,.F.);
#4043 = EDGE_CURVE('',#4044,#4035,#4046,.T.);
#4044 = VERTEX_POINT('',#4045);
#4045 = CARTESIAN_POINT('',(-0.5,1.5,5.6));
#4046 = LINE('',#4047,#4048);
#4047 = CARTESIAN_POINT('',(-0.5,1.5,3.840388446215));
#4048 = VECTOR('',#4049,1.);
#4049 = DIRECTION('',(1.027140246741E-32,8.387236609414E-17,-1.));
#4050 = ORIENTED_EDGE('',*,*,#4051,.F.);
#4051 = EDGE_CURVE('',#4052,#4044,#4054,.T.);
#4052 = VERTEX_POINT('',#4053);
#4053 = CARTESIAN_POINT('',(-0.25,1.5,5.85));
#4054 = LINE('',#4055,#4056);
#4055 = CARTESIAN_POINT('',(-0.317305776892,1.5,5.782694223108));
#4056 = VECTOR('',#4057,1.);
#4057 = DIRECTION('',(-0.707106781187,1.459023244428E-16,-0.707106781187
    ));
#4058 = ORIENTED_EDGE('',*,*,#4059,.F.);
#4059 = EDGE_CURVE('',#4060,#4052,#4062,.T.);
#4060 = VERTEX_POINT('',#4061);
#4061 = CARTESIAN_POINT('',(-0.5,1.5,6.1));
#4062 = LINE('',#4063,#4064);
#4063 = CARTESIAN_POINT('',(0.442305776892,1.5,5.157694223108));
#4064 = VECTOR('',#4065,1.);
#4065 = DIRECTION('',(0.707106781187,-2.72888868042E-17,-0.707106781187)
  );
#4066 = ORIENTED_EDGE('',*,*,#4067,.F.);
#4067 = EDGE_CURVE('',#4068,#4060,#4070,.T.);
#4068 = VERTEX_POINT('',#4069);
#4069 = CARTESIAN_POINT('',(-0.5,1.5,7.));
#4070 = LINE('',#4071,#4072);
#4071 = CARTESIAN_POINT('',(-0.5,1.5,5.340388446215));
#4072 = VECTOR('',#4073,1.);
#4073 = DIRECTION('',(1.027140246741E-32,8.387236609414E-17,-1.));
#4074 = ORIENTED_EDGE('',*,*,#4075,.T.);
#4075 = EDGE_CURVE('',#4068,#3597,#4076,.T.);
#4076 = LINE('',#4077,#4078);
#4077 = CARTESIAN_POINT('',(4.95,1.5,7.));
#4078 = VECTOR('',#4079,1.);
#4079 = DIRECTION('',(-1.,1.224646799147E-16,0.));
#4080 = ORIENTED_EDGE('',*,*,#3604,.T.);
#4081 = ORIENTED_EDGE('',*,*,#3961,.F.);
#4082 = ORIENTED_EDGE('',*,*,#3887,.T.);
#4083 = ORIENTED_EDGE('',*,*,#4084,.F.);
#4084 = EDGE_CURVE('',#4085,#3888,#4087,.T.);
#4085 = VERTEX_POINT('',#4086);
#4086 = CARTESIAN_POINT('',(4.1,1.5,1.85));
#4087 = LINE('',#4088,#4089);
#4088 = CARTESIAN_POINT('',(4.1,1.5,1.85));
#4089 = VECTOR('',#4090,1.);
#4090 = DIRECTION('',(-1.,1.224646799147E-16,0.));
#4091 = ORIENTED_EDGE('',*,*,#4092,.F.);
#4092 = EDGE_CURVE('',#4093,#4085,#4095,.T.);
#4093 = VERTEX_POINT('',#4094);
#4094 = CARTESIAN_POINT('',(4.1,1.5,4.15));
#4095 = LINE('',#4096,#4097);
#4096 = CARTESIAN_POINT('',(4.1,1.5,7.));
#4097 = VECTOR('',#4098,1.);
#4098 = DIRECTION('',(0.,0.,-1.));
#4099 = ORIENTED_EDGE('',*,*,#4100,.F.);
#4100 = EDGE_CURVE('',#3806,#4093,#4101,.T.);
#4101 = LINE('',#4102,#4103);
#4102 = CARTESIAN_POINT('',(4.95,1.5,4.15));
#4103 = VECTOR('',#4104,1.);
#4104 = DIRECTION('',(-1.,1.224646799147E-16,0.));
#4105 = PLANE('',#4106);
#4106 = AXIS2_PLACEMENT_3D('',#4107,#4108,#4109);
#4107 = CARTESIAN_POINT('',(1.25,1.5,4.58077689243));
#4108 = DIRECTION('',(-1.224646799147E-16,-1.,-8.387236609414E-17));
#4109 = DIRECTION('',(-1.027140246741E-32,-8.387236609414E-17,1.));
#4110 = ADVANCED_FACE('',(#4111),#4129,.T.);
#4111 = FACE_BOUND('',#4112,.T.);
#4112 = EDGE_LOOP('',(#4113,#4114,#4122,#4128));
#4113 = ORIENTED_EDGE('',*,*,#4075,.F.);
#4114 = ORIENTED_EDGE('',*,*,#4115,.F.);
#4115 = EDGE_CURVE('',#4116,#4068,#4118,.T.);
#4116 = VERTEX_POINT('',#4117);
#4117 = CARTESIAN_POINT('',(-0.5,2.35,7.));
#4118 = LINE('',#4119,#4120);
#4119 = CARTESIAN_POINT('',(-0.5,2.35,7.));
#4120 = VECTOR('',#4121,1.);
#4121 = DIRECTION('',(-1.224646799147E-16,-1.,0.));
#4122 = ORIENTED_EDGE('',*,*,#4123,.T.);
#4123 = EDGE_CURVE('',#4116,#3589,#4124,.T.);
#4124 = LINE('',#4125,#4126);
#4125 = CARTESIAN_POINT('',(4.95,2.35,7.));
#4126 = VECTOR('',#4127,1.);
#4127 = DIRECTION('',(-1.,1.224646799147E-16,0.));
#4128 = ORIENTED_EDGE('',*,*,#3596,.T.);
#4129 = PLANE('',#4130);
#4130 = AXIS2_PLACEMENT_3D('',#4131,#4132,#4133);
#4131 = CARTESIAN_POINT('',(1.25,-0.525,7.));
#4132 = DIRECTION('',(0.,0.,1.));
#4133 = DIRECTION('',(-1.,1.224646799147E-16,0.));
#4134 = ADVANCED_FACE('',(#4135),#4299,.F.);
#4135 = FACE_BOUND('',#4136,.F.);
#4136 = EDGE_LOOP('',(#4137,#4145,#4146,#4154,#4162,#4170,#4178,#4186,
    #4195,#4203,#4212,#4220,#4228,#4236,#4242,#4243,#4244,#4245,#4253,
    #4261,#4269,#4277,#4285,#4293));
#4137 = ORIENTED_EDGE('',*,*,#4138,.F.);
#4138 = EDGE_CURVE('',#3780,#4139,#4141,.T.);
#4139 = VERTEX_POINT('',#4140);
#4140 = CARTESIAN_POINT('',(3.25,2.35,0.));
#4141 = LINE('',#4142,#4143);
#4142 = CARTESIAN_POINT('',(4.95,2.35,0.));
#4143 = VECTOR('',#4144,1.);
#4144 = DIRECTION('',(-1.,1.224646799147E-16,0.));
#4145 = ORIENTED_EDGE('',*,*,#3830,.T.);
#4146 = ORIENTED_EDGE('',*,*,#4147,.T.);
#4147 = EDGE_CURVE('',#3823,#4148,#4150,.T.);
#4148 = VERTEX_POINT('',#4149);
#4149 = CARTESIAN_POINT('',(3.,2.35,7.));
#4150 = LINE('',#4151,#4152);
#4151 = CARTESIAN_POINT('',(4.95,2.35,7.));
#4152 = VECTOR('',#4153,1.);
#4153 = DIRECTION('',(-1.,1.224646799147E-16,0.));
#4154 = ORIENTED_EDGE('',*,*,#4155,.F.);
#4155 = EDGE_CURVE('',#4156,#4148,#4158,.T.);
#4156 = VERTEX_POINT('',#4157);
#4157 = CARTESIAN_POINT('',(3.,2.35,6.1));
#4158 = LINE('',#4159,#4160);
#4159 = CARTESIAN_POINT('',(3.,2.35,6.1));
#4160 = VECTOR('',#4161,1.);
#4161 = DIRECTION('',(2.467162276945E-16,-3.021402385438E-32,1.));
#4162 = ORIENTED_EDGE('',*,*,#4163,.F.);
#4163 = EDGE_CURVE('',#4164,#4156,#4166,.T.);
#4164 = VERTEX_POINT('',#4165);
#4165 = CARTESIAN_POINT('',(2.75,2.35,5.85));
#4166 = LINE('',#4167,#4168);
#4167 = CARTESIAN_POINT('',(2.75,2.35,5.85));
#4168 = VECTOR('',#4169,1.);
#4169 = DIRECTION('',(0.707106781187,-8.659560562349E-17,0.707106781187)
  );
#4170 = ORIENTED_EDGE('',*,*,#4171,.F.);
#4171 = EDGE_CURVE('',#4172,#4164,#4174,.T.);
#4172 = VERTEX_POINT('',#4173);
#4173 = CARTESIAN_POINT('',(3.,2.35,5.6));
#4174 = LINE('',#4175,#4176);
#4175 = CARTESIAN_POINT('',(3.,2.35,5.6));
#4176 = VECTOR('',#4177,1.);
#4177 = DIRECTION('',(-0.707106781187,8.659560562349E-17,0.707106781187)
  );
#4178 = ORIENTED_EDGE('',*,*,#4179,.F.);
#4179 = EDGE_CURVE('',#4180,#4172,#4182,.T.);
#4180 = VERTEX_POINT('',#4181);
#4181 = CARTESIAN_POINT('',(3.,2.35,3.85));
#4182 = LINE('',#4183,#4184);
#4183 = CARTESIAN_POINT('',(3.,2.35,3.1));
#4184 = VECTOR('',#4185,1.);
#4185 = DIRECTION('',(0.,0.,1.));
#4186 = ORIENTED_EDGE('',*,*,#4187,.F.);
#4187 = EDGE_CURVE('',#4188,#4180,#4190,.T.);
#4188 = VERTEX_POINT('',#4189);
#4189 = CARTESIAN_POINT('',(2.25,2.35,3.1));
#4190 = CIRCLE('',#4191,0.75);
#4191 = AXIS2_PLACEMENT_3D('',#4192,#4193,#4194);
#4192 = CARTESIAN_POINT('',(2.25,2.35,3.85));
#4193 = DIRECTION('',(-1.224646799147E-16,-1.,0.));
#4194 = DIRECTION('',(0.,0.,1.));
#4195 = ORIENTED_EDGE('',*,*,#4196,.F.);
#4196 = EDGE_CURVE('',#4197,#4188,#4199,.T.);
#4197 = VERTEX_POINT('',#4198);
#4198 = CARTESIAN_POINT('',(0.25,2.35,3.1));
#4199 = LINE('',#4200,#4201);
#4200 = CARTESIAN_POINT('',(1.25,2.35,3.1));
#4201 = VECTOR('',#4202,1.);
#4202 = DIRECTION('',(1.,-1.224646799147E-16,0.));
#4203 = ORIENTED_EDGE('',*,*,#4204,.T.);
#4204 = EDGE_CURVE('',#4197,#4205,#4207,.T.);
#4205 = VERTEX_POINT('',#4206);
#4206 = CARTESIAN_POINT('',(-0.5,2.35,3.85));
#4207 = CIRCLE('',#4208,0.75);
#4208 = AXIS2_PLACEMENT_3D('',#4209,#4210,#4211);
#4209 = CARTESIAN_POINT('',(0.25,2.35,3.85));
#4210 = DIRECTION('',(1.224646799147E-16,1.,-0.));
#4211 = DIRECTION('',(0.,0.,1.));
#4212 = ORIENTED_EDGE('',*,*,#4213,.T.);
#4213 = EDGE_CURVE('',#4205,#4214,#4216,.T.);
#4214 = VERTEX_POINT('',#4215);
#4215 = CARTESIAN_POINT('',(-0.5,2.35,5.6));
#4216 = LINE('',#4217,#4218);
#4217 = CARTESIAN_POINT('',(-0.5,2.35,3.1));
#4218 = VECTOR('',#4219,1.);
#4219 = DIRECTION('',(0.,0.,1.));
#4220 = ORIENTED_EDGE('',*,*,#4221,.T.);
#4221 = EDGE_CURVE('',#4214,#4222,#4224,.T.);
#4222 = VERTEX_POINT('',#4223);
#4223 = CARTESIAN_POINT('',(-0.25,2.35,5.85));
#4224 = LINE('',#4225,#4226);
#4225 = CARTESIAN_POINT('',(-0.5,2.35,5.6));
#4226 = VECTOR('',#4227,1.);
#4227 = DIRECTION('',(0.707106781187,-8.659560562349E-17,0.707106781187)
  );
#4228 = ORIENTED_EDGE('',*,*,#4229,.T.);
#4229 = EDGE_CURVE('',#4222,#4230,#4232,.T.);
#4230 = VERTEX_POINT('',#4231);
#4231 = CARTESIAN_POINT('',(-0.5,2.35,6.1));
#4232 = LINE('',#4233,#4234);
#4233 = CARTESIAN_POINT('',(-0.25,2.35,5.85));
#4234 = VECTOR('',#4235,1.);
#4235 = DIRECTION('',(-0.707106781187,8.659560562349E-17,0.707106781187)
  );
#4236 = ORIENTED_EDGE('',*,*,#4237,.T.);
#4237 = EDGE_CURVE('',#4230,#4116,#4238,.T.);
#4238 = LINE('',#4239,#4240);
#4239 = CARTESIAN_POINT('',(-0.5,2.35,6.1));
#4240 = VECTOR('',#4241,1.);
#4241 = DIRECTION('',(0.,0.,1.));
#4242 = ORIENTED_EDGE('',*,*,#4123,.T.);
#4243 = ORIENTED_EDGE('',*,*,#3588,.F.);
#4244 = ORIENTED_EDGE('',*,*,#3944,.F.);
#4245 = ORIENTED_EDGE('',*,*,#4246,.T.);
#4246 = EDGE_CURVE('',#3937,#4247,#4249,.T.);
#4247 = VERTEX_POINT('',#4248);
#4248 = CARTESIAN_POINT('',(-0.75,2.35,1.));
#4249 = LINE('',#4250,#4251);
#4250 = CARTESIAN_POINT('',(-0.75,2.35,0.));
#4251 = VECTOR('',#4252,1.);
#4252 = DIRECTION('',(0.,0.,1.));
#4253 = ORIENTED_EDGE('',*,*,#4254,.F.);
#4254 = EDGE_CURVE('',#4255,#4247,#4257,.T.);
#4255 = VERTEX_POINT('',#4256);
#4256 = CARTESIAN_POINT('',(0.75,2.35,1.));
#4257 = LINE('',#4258,#4259);
#4258 = CARTESIAN_POINT('',(0.75,2.35,1.));
#4259 = VECTOR('',#4260,1.);
#4260 = DIRECTION('',(-1.,1.224646799147E-16,0.));
#4261 = ORIENTED_EDGE('',*,*,#4262,.F.);
#4262 = EDGE_CURVE('',#4263,#4255,#4265,.T.);
#4263 = VERTEX_POINT('',#4264);
#4264 = CARTESIAN_POINT('',(0.75,2.35,0.));
#4265 = LINE('',#4266,#4267);
#4266 = CARTESIAN_POINT('',(0.75,2.35,0.));
#4267 = VECTOR('',#4268,1.);
#4268 = DIRECTION('',(0.,0.,1.));
#4269 = ORIENTED_EDGE('',*,*,#4270,.F.);
#4270 = EDGE_CURVE('',#4271,#4263,#4273,.T.);
#4271 = VERTEX_POINT('',#4272);
#4272 = CARTESIAN_POINT('',(1.75,2.35,0.));
#4273 = LINE('',#4274,#4275);
#4274 = CARTESIAN_POINT('',(4.95,2.35,0.));
#4275 = VECTOR('',#4276,1.);
#4276 = DIRECTION('',(-1.,1.224646799147E-16,0.));
#4277 = ORIENTED_EDGE('',*,*,#4278,.T.);
#4278 = EDGE_CURVE('',#4271,#4279,#4281,.T.);
#4279 = VERTEX_POINT('',#4280);
#4280 = CARTESIAN_POINT('',(1.75,2.35,1.));
#4281 = LINE('',#4282,#4283);
#4282 = CARTESIAN_POINT('',(1.75,2.35,0.));
#4283 = VECTOR('',#4284,1.);
#4284 = DIRECTION('',(0.,0.,1.));
#4285 = ORIENTED_EDGE('',*,*,#4286,.F.);
#4286 = EDGE_CURVE('',#4287,#4279,#4289,.T.);
#4287 = VERTEX_POINT('',#4288);
#4288 = CARTESIAN_POINT('',(3.25,2.35,1.));
#4289 = LINE('',#4290,#4291);
#4290 = CARTESIAN_POINT('',(3.25,2.35,1.));
#4291 = VECTOR('',#4292,1.);
#4292 = DIRECTION('',(-1.,1.224646799147E-16,0.));
#4293 = ORIENTED_EDGE('',*,*,#4294,.F.);
#4294 = EDGE_CURVE('',#4139,#4287,#4295,.T.);
#4295 = LINE('',#4296,#4297);
#4296 = CARTESIAN_POINT('',(3.25,2.35,0.));
#4297 = VECTOR('',#4298,1.);
#4298 = DIRECTION('',(0.,0.,1.));
#4299 = PLANE('',#4300);
#4300 = AXIS2_PLACEMENT_3D('',#4301,#4302,#4303);
#4301 = CARTESIAN_POINT('',(4.95,2.35,0.));
#4302 = DIRECTION('',(-1.224646799147E-16,-1.,0.));
#4303 = DIRECTION('',(-1.,1.224646799147E-16,0.));
#4304 = ADVANCED_FACE('',(#4305),#4323,.F.);
#4305 = FACE_BOUND('',#4306,.F.);
#4306 = EDGE_LOOP('',(#4307,#4308,#4316,#4322));
#4307 = ORIENTED_EDGE('',*,*,#3903,.T.);
#4308 = ORIENTED_EDGE('',*,*,#4309,.T.);
#4309 = EDGE_CURVE('',#3896,#4310,#4312,.T.);
#4310 = VERTEX_POINT('',#4311);
#4311 = CARTESIAN_POINT('',(4.1,-2.65,1.85));
#4312 = LINE('',#4313,#4314);
#4313 = CARTESIAN_POINT('',(-1.6,-2.65,1.85));
#4314 = VECTOR('',#4315,1.);
#4315 = DIRECTION('',(1.,-1.224646799147E-16,0.));
#4316 = ORIENTED_EDGE('',*,*,#4317,.F.);
#4317 = EDGE_CURVE('',#3646,#4310,#4318,.T.);
#4318 = LINE('',#4319,#4320);
#4319 = CARTESIAN_POINT('',(4.1,-2.65,7.));
#4320 = VECTOR('',#4321,1.);
#4321 = DIRECTION('',(0.,0.,-1.));
#4322 = ORIENTED_EDGE('',*,*,#3653,.F.);
#4323 = PLANE('',#4324);
#4324 = AXIS2_PLACEMENT_3D('',#4325,#4326,#4327);
#4325 = CARTESIAN_POINT('',(-1.6,-2.65,7.));
#4326 = DIRECTION('',(-1.224646799147E-16,-1.,0.));
#4327 = DIRECTION('',(1.,-1.224646799147E-16,0.));
#4328 = ADVANCED_FACE('',(#4329),#4356,.T.);
#4329 = FACE_BOUND('',#4330,.T.);
#4330 = EDGE_LOOP('',(#4331,#4332,#4340,#4348,#4354,#4355));
#4331 = ORIENTED_EDGE('',*,*,#4246,.T.);
#4332 = ORIENTED_EDGE('',*,*,#4333,.T.);
#4333 = EDGE_CURVE('',#4247,#4334,#4336,.T.);
#4334 = VERTEX_POINT('',#4335);
#4335 = CARTESIAN_POINT('',(-0.75,0.5,0.3));
#4336 = LINE('',#4337,#4338);
#4337 = CARTESIAN_POINT('',(-0.75,2.35,1.));
#4338 = VECTOR('',#4339,1.);
#4339 = DIRECTION('',(-1.14539532148E-16,-0.935286257456,-0.353892097416
    ));
#4340 = ORIENTED_EDGE('',*,*,#4341,.T.);
#4341 = EDGE_CURVE('',#4334,#4342,#4344,.T.);
#4342 = VERTEX_POINT('',#4343);
#4343 = CARTESIAN_POINT('',(-0.75,-0.5,0.3));
#4344 = LINE('',#4345,#4346);
#4345 = CARTESIAN_POINT('',(-0.75,0.5,0.3));
#4346 = VECTOR('',#4347,1.);
#4347 = DIRECTION('',(-1.224646799147E-16,-1.,0.));
#4348 = ORIENTED_EDGE('',*,*,#4349,.T.);
#4349 = EDGE_CURVE('',#4342,#3734,#4350,.T.);
#4350 = LINE('',#4351,#4352);
#4351 = CARTESIAN_POINT('',(-0.75,-0.5,0.3));
#4352 = VECTOR('',#4353,1.);
#4353 = DIRECTION('',(-1.190457365237E-16,-0.972082208573,0.234640533104
    ));
#4354 = ORIENTED_EDGE('',*,*,#3741,.T.);
#4355 = ORIENTED_EDGE('',*,*,#3936,.T.);
#4356 = PLANE('',#4357);
#4357 = AXIS2_PLACEMENT_3D('',#4358,#4359,#4360);
#4358 = CARTESIAN_POINT('',(-0.75,-0.515451356496,0.330008245993));
#4359 = DIRECTION('',(1.,-1.224646799147E-16,-1.256256073143E-32));
#4360 = DIRECTION('',(-1.256256073143E-32,1.538469978883E-48,-1.));
#4361 = ADVANCED_FACE('',(#4362),#4380,.F.);
#4362 = FACE_BOUND('',#4363,.F.);
#4363 = EDGE_LOOP('',(#4364,#4372,#4373,#4374));
#4364 = ORIENTED_EDGE('',*,*,#4365,.T.);
#4365 = EDGE_CURVE('',#4366,#4342,#4368,.T.);
#4366 = VERTEX_POINT('',#4367);
#4367 = CARTESIAN_POINT('',(0.75,-0.5,0.3));
#4368 = LINE('',#4369,#4370);
#4369 = CARTESIAN_POINT('',(0.75,-0.5,0.3));
#4370 = VECTOR('',#4371,1.);
#4371 = DIRECTION('',(-1.,1.224646799147E-16,0.));
#4372 = ORIENTED_EDGE('',*,*,#4349,.T.);
#4373 = ORIENTED_EDGE('',*,*,#3733,.F.);
#4374 = ORIENTED_EDGE('',*,*,#4375,.F.);
#4375 = EDGE_CURVE('',#4366,#3726,#4376,.T.);
#4376 = LINE('',#4377,#4378);
#4377 = CARTESIAN_POINT('',(0.75,-0.5,0.3));
#4378 = VECTOR('',#4379,1.);
#4379 = DIRECTION('',(-1.190457365237E-16,-0.972082208573,0.234640533104
    ));
#4380 = PLANE('',#4381);
#4381 = AXIS2_PLACEMENT_3D('',#4382,#4383,#4384);
#4382 = CARTESIAN_POINT('',(0.75,-0.5,0.3));
#4383 = DIRECTION('',(2.87351777816E-17,0.234640533104,0.972082208573));
#4384 = DIRECTION('',(-1.190457365237E-16,-0.972082208573,0.234640533104
    ));
#4385 = ADVANCED_FACE('',(#4386),#4411,.F.);
#4386 = FACE_BOUND('',#4387,.F.);
#4387 = EDGE_LOOP('',(#4388,#4389,#4397,#4403,#4404,#4405));
#4388 = ORIENTED_EDGE('',*,*,#4262,.T.);
#4389 = ORIENTED_EDGE('',*,*,#4390,.T.);
#4390 = EDGE_CURVE('',#4255,#4391,#4393,.T.);
#4391 = VERTEX_POINT('',#4392);
#4392 = CARTESIAN_POINT('',(0.75,0.5,0.3));
#4393 = LINE('',#4394,#4395);
#4394 = CARTESIAN_POINT('',(0.75,2.35,1.));
#4395 = VECTOR('',#4396,1.);
#4396 = DIRECTION('',(-1.14539532148E-16,-0.935286257456,-0.353892097416
    ));
#4397 = ORIENTED_EDGE('',*,*,#4398,.T.);
#4398 = EDGE_CURVE('',#4391,#4366,#4399,.T.);
#4399 = LINE('',#4400,#4401);
#4400 = CARTESIAN_POINT('',(0.75,0.5,0.3));
#4401 = VECTOR('',#4402,1.);
#4402 = DIRECTION('',(-1.224646799147E-16,-1.,0.));
#4403 = ORIENTED_EDGE('',*,*,#4375,.T.);
#4404 = ORIENTED_EDGE('',*,*,#3725,.T.);
#4405 = ORIENTED_EDGE('',*,*,#4406,.T.);
#4406 = EDGE_CURVE('',#3718,#4263,#4407,.T.);
#4407 = LINE('',#4408,#4409);
#4408 = CARTESIAN_POINT('',(0.75,-3.4,0.));
#4409 = VECTOR('',#4410,1.);
#4410 = DIRECTION('',(1.224646799147E-16,1.,0.));
#4411 = PLANE('',#4412);
#4412 = AXIS2_PLACEMENT_3D('',#4413,#4414,#4415);
#4413 = CARTESIAN_POINT('',(0.75,-0.515451356496,0.330008245993));
#4414 = DIRECTION('',(1.,-1.224646799147E-16,-1.256256073143E-32));
#4415 = DIRECTION('',(-1.256256073143E-32,1.538469978883E-48,-1.));
#4416 = ADVANCED_FACE('',(#4417),#4428,.F.);
#4417 = FACE_BOUND('',#4418,.F.);
#4418 = EDGE_LOOP('',(#4419,#4420,#4426,#4427));
#4419 = ORIENTED_EDGE('',*,*,#3717,.T.);
#4420 = ORIENTED_EDGE('',*,*,#4421,.T.);
#4421 = EDGE_CURVE('',#3710,#4271,#4422,.T.);
#4422 = LINE('',#4423,#4424);
#4423 = CARTESIAN_POINT('',(1.75,-3.4,0.));
#4424 = VECTOR('',#4425,1.);
#4425 = DIRECTION('',(1.224646799147E-16,1.,0.));
#4426 = ORIENTED_EDGE('',*,*,#4270,.T.);
#4427 = ORIENTED_EDGE('',*,*,#4406,.F.);
#4428 = PLANE('',#4429);
#4429 = AXIS2_PLACEMENT_3D('',#4430,#4431,#4432);
#4430 = CARTESIAN_POINT('',(1.25,-0.525,0.));
#4431 = DIRECTION('',(0.,0.,1.));
#4432 = DIRECTION('',(-1.,1.224646799147E-16,0.));
#4433 = ADVANCED_FACE('',(#4434),#4461,.T.);
#4434 = FACE_BOUND('',#4435,.T.);
#4435 = EDGE_LOOP('',(#4436,#4437,#4445,#4453,#4459,#4460));
#4436 = ORIENTED_EDGE('',*,*,#4278,.T.);
#4437 = ORIENTED_EDGE('',*,*,#4438,.T.);
#4438 = EDGE_CURVE('',#4279,#4439,#4441,.T.);
#4439 = VERTEX_POINT('',#4440);
#4440 = CARTESIAN_POINT('',(1.75,0.5,0.3));
#4441 = LINE('',#4442,#4443);
#4442 = CARTESIAN_POINT('',(1.75,2.35,1.));
#4443 = VECTOR('',#4444,1.);
#4444 = DIRECTION('',(-1.14539532148E-16,-0.935286257456,-0.353892097416
    ));
#4445 = ORIENTED_EDGE('',*,*,#4446,.T.);
#4446 = EDGE_CURVE('',#4439,#4447,#4449,.T.);
#4447 = VERTEX_POINT('',#4448);
#4448 = CARTESIAN_POINT('',(1.75,-0.5,0.3));
#4449 = LINE('',#4450,#4451);
#4450 = CARTESIAN_POINT('',(1.75,0.5,0.3));
#4451 = VECTOR('',#4452,1.);
#4452 = DIRECTION('',(-1.224646799147E-16,-1.,0.));
#4453 = ORIENTED_EDGE('',*,*,#4454,.T.);
#4454 = EDGE_CURVE('',#4447,#3702,#4455,.T.);
#4455 = LINE('',#4456,#4457);
#4456 = CARTESIAN_POINT('',(1.75,-0.5,0.3));
#4457 = VECTOR('',#4458,1.);
#4458 = DIRECTION('',(-1.190457365237E-16,-0.972082208573,0.234640533104
    ));
#4459 = ORIENTED_EDGE('',*,*,#3709,.T.);
#4460 = ORIENTED_EDGE('',*,*,#4421,.T.);
#4461 = PLANE('',#4462);
#4462 = AXIS2_PLACEMENT_3D('',#4463,#4464,#4465);
#4463 = CARTESIAN_POINT('',(1.75,-0.515451356496,0.330008245993));
#4464 = DIRECTION('',(1.,-1.224646799147E-16,-1.256256073143E-32));
#4465 = DIRECTION('',(-1.256256073143E-32,1.538469978883E-48,-1.));
#4466 = ADVANCED_FACE('',(#4467),#4485,.F.);
#4467 = FACE_BOUND('',#4468,.F.);
#4468 = EDGE_LOOP('',(#4469,#4477,#4478,#4479));
#4469 = ORIENTED_EDGE('',*,*,#4470,.T.);
#4470 = EDGE_CURVE('',#4471,#4447,#4473,.T.);
#4471 = VERTEX_POINT('',#4472);
#4472 = CARTESIAN_POINT('',(3.25,-0.5,0.3));
#4473 = LINE('',#4474,#4475);
#4474 = CARTESIAN_POINT('',(3.25,-0.5,0.3));
#4475 = VECTOR('',#4476,1.);
#4476 = DIRECTION('',(-1.,1.224646799147E-16,0.));
#4477 = ORIENTED_EDGE('',*,*,#4454,.T.);
#4478 = ORIENTED_EDGE('',*,*,#3701,.F.);
#4479 = ORIENTED_EDGE('',*,*,#4480,.F.);
#4480 = EDGE_CURVE('',#4471,#3694,#4481,.T.);
#4481 = LINE('',#4482,#4483);
#4482 = CARTESIAN_POINT('',(3.25,-0.5,0.3));
#4483 = VECTOR('',#4484,1.);
#4484 = DIRECTION('',(-1.190457365237E-16,-0.972082208573,0.234640533104
    ));
#4485 = PLANE('',#4486);
#4486 = AXIS2_PLACEMENT_3D('',#4487,#4488,#4489);
#4487 = CARTESIAN_POINT('',(3.25,-0.5,0.3));
#4488 = DIRECTION('',(2.87351777816E-17,0.234640533104,0.972082208573));
#4489 = DIRECTION('',(-1.190457365237E-16,-0.972082208573,0.234640533104
    ));
#4490 = ADVANCED_FACE('',(#4491),#4516,.F.);
#4491 = FACE_BOUND('',#4492,.F.);
#4492 = EDGE_LOOP('',(#4493,#4494,#4502,#4508,#4509,#4510));
#4493 = ORIENTED_EDGE('',*,*,#4294,.T.);
#4494 = ORIENTED_EDGE('',*,*,#4495,.T.);
#4495 = EDGE_CURVE('',#4287,#4496,#4498,.T.);
#4496 = VERTEX_POINT('',#4497);
#4497 = CARTESIAN_POINT('',(3.25,0.5,0.3));
#4498 = LINE('',#4499,#4500);
#4499 = CARTESIAN_POINT('',(3.25,2.35,1.));
#4500 = VECTOR('',#4501,1.);
#4501 = DIRECTION('',(-1.14539532148E-16,-0.935286257456,-0.353892097416
    ));
#4502 = ORIENTED_EDGE('',*,*,#4503,.T.);
#4503 = EDGE_CURVE('',#4496,#4471,#4504,.T.);
#4504 = LINE('',#4505,#4506);
#4505 = CARTESIAN_POINT('',(3.25,0.5,0.3));
#4506 = VECTOR('',#4507,1.);
#4507 = DIRECTION('',(-1.224646799147E-16,-1.,0.));
#4508 = ORIENTED_EDGE('',*,*,#4480,.T.);
#4509 = ORIENTED_EDGE('',*,*,#3693,.T.);
#4510 = ORIENTED_EDGE('',*,*,#4511,.T.);
#4511 = EDGE_CURVE('',#3686,#4139,#4512,.T.);
#4512 = LINE('',#4513,#4514);
#4513 = CARTESIAN_POINT('',(3.25,-3.4,0.));
#4514 = VECTOR('',#4515,1.);
#4515 = DIRECTION('',(1.224646799147E-16,1.,0.));
#4516 = PLANE('',#4517);
#4517 = AXIS2_PLACEMENT_3D('',#4518,#4519,#4520);
#4518 = CARTESIAN_POINT('',(3.25,-0.515451356496,0.330008245993));
#4519 = DIRECTION('',(1.,-1.224646799147E-16,-1.256256073143E-32));
#4520 = DIRECTION('',(-1.256256073143E-32,1.538469978883E-48,-1.));
#4521 = ADVANCED_FACE('',(#4522),#4528,.F.);
#4522 = FACE_BOUND('',#4523,.F.);
#4523 = EDGE_LOOP('',(#4524,#4525,#4526,#4527));
#4524 = ORIENTED_EDGE('',*,*,#3779,.T.);
#4525 = ORIENTED_EDGE('',*,*,#4138,.T.);
#4526 = ORIENTED_EDGE('',*,*,#4511,.F.);
#4527 = ORIENTED_EDGE('',*,*,#3685,.T.);
#4528 = PLANE('',#4529);
#4529 = AXIS2_PLACEMENT_3D('',#4530,#4531,#4532);
#4530 = CARTESIAN_POINT('',(1.25,-0.525,0.));
#4531 = DIRECTION('',(0.,0.,1.));
#4532 = DIRECTION('',(-1.,1.224646799147E-16,0.));
#4533 = ADVANCED_FACE('',(#4534),#4561,.F.);
#4534 = FACE_BOUND('',#4535,.F.);
#4535 = EDGE_LOOP('',(#4536,#4537,#4538,#4539,#4545,#4546,#4555));
#4536 = ORIENTED_EDGE('',*,*,#3854,.T.);
#4537 = ORIENTED_EDGE('',*,*,#3765,.F.);
#4538 = ORIENTED_EDGE('',*,*,#4317,.T.);
#4539 = ORIENTED_EDGE('',*,*,#4540,.T.);
#4540 = EDGE_CURVE('',#4310,#4085,#4541,.T.);
#4541 = LINE('',#4542,#4543);
#4542 = CARTESIAN_POINT('',(4.1,-2.65,1.85));
#4543 = VECTOR('',#4544,1.);
#4544 = DIRECTION('',(1.224646799147E-16,1.,0.));
#4545 = ORIENTED_EDGE('',*,*,#4092,.F.);
#4546 = ORIENTED_EDGE('',*,*,#4547,.F.);
#4547 = EDGE_CURVE('',#4548,#4093,#4550,.T.);
#4548 = VERTEX_POINT('',#4549);
#4549 = CARTESIAN_POINT('',(4.1,1.,3.65));
#4550 = CIRCLE('',#4551,0.5);
#4551 = AXIS2_PLACEMENT_3D('',#4552,#4553,#4554);
#4552 = CARTESIAN_POINT('',(4.1,1.,4.15));
#4553 = DIRECTION('',(1.,-1.224646799147E-16,0.));
#4554 = DIRECTION('',(1.224646799147E-16,1.,0.));
#4555 = ORIENTED_EDGE('',*,*,#4556,.T.);
#4556 = EDGE_CURVE('',#4548,#3847,#4557,.T.);
#4557 = LINE('',#4558,#4559);
#4558 = CARTESIAN_POINT('',(4.1,-0.825,3.65));
#4559 = VECTOR('',#4560,1.);
#4560 = DIRECTION('',(-1.224646799147E-16,-1.,0.));
#4561 = PLANE('',#4562);
#4562 = AXIS2_PLACEMENT_3D('',#4563,#4564,#4565);
#4563 = CARTESIAN_POINT('',(4.1,-2.65,7.));
#4564 = DIRECTION('',(1.,-1.224646799147E-16,0.));
#4565 = DIRECTION('',(1.224646799147E-16,1.,0.));
#4566 = ADVANCED_FACE('',(#4567),#4578,.T.);
#4567 = FACE_BOUND('',#4568,.T.);
#4568 = EDGE_LOOP('',(#4569,#4570,#4571,#4572));
#4569 = ORIENTED_EDGE('',*,*,#3977,.F.);
#4570 = ORIENTED_EDGE('',*,*,#3822,.T.);
#4571 = ORIENTED_EDGE('',*,*,#4147,.T.);
#4572 = ORIENTED_EDGE('',*,*,#4573,.T.);
#4573 = EDGE_CURVE('',#4148,#3978,#4574,.T.);
#4574 = LINE('',#4575,#4576);
#4575 = CARTESIAN_POINT('',(3.,2.35,7.));
#4576 = VECTOR('',#4577,1.);
#4577 = DIRECTION('',(-1.224646799147E-16,-1.,0.));
#4578 = PLANE('',#4579);
#4579 = AXIS2_PLACEMENT_3D('',#4580,#4581,#4582);
#4580 = CARTESIAN_POINT('',(1.25,-0.525,7.));
#4581 = DIRECTION('',(0.,0.,1.));
#4582 = DIRECTION('',(-1.,1.224646799147E-16,0.));
#4583 = ADVANCED_FACE('',(#4584),#4595,.F.);
#4584 = FACE_BOUND('',#4585,.F.);
#4585 = EDGE_LOOP('',(#4586,#4592,#4593,#4594));
#4586 = ORIENTED_EDGE('',*,*,#4587,.T.);
#4587 = EDGE_CURVE('',#3798,#4548,#4588,.T.);
#4588 = LINE('',#4589,#4590);
#4589 = CARTESIAN_POINT('',(4.95,1.,3.65));
#4590 = VECTOR('',#4591,1.);
#4591 = DIRECTION('',(-1.,1.224646799147E-16,0.));
#4592 = ORIENTED_EDGE('',*,*,#4547,.T.);
#4593 = ORIENTED_EDGE('',*,*,#4100,.F.);
#4594 = ORIENTED_EDGE('',*,*,#3805,.T.);
#4595 = CYLINDRICAL_SURFACE('',#4596,0.5);
#4596 = AXIS2_PLACEMENT_3D('',#4597,#4598,#4599);
#4597 = CARTESIAN_POINT('',(4.95,1.,4.15));
#4598 = DIRECTION('',(1.,-1.224646799147E-16,-0.));
#4599 = DIRECTION('',(1.224646799147E-16,1.,0.));
#4600 = ADVANCED_FACE('',(#4601),#4607,.T.);
#4601 = FACE_BOUND('',#4602,.T.);
#4602 = EDGE_LOOP('',(#4603,#4604,#4605,#4606));
#4603 = ORIENTED_EDGE('',*,*,#3797,.F.);
#4604 = ORIENTED_EDGE('',*,*,#4587,.T.);
#4605 = ORIENTED_EDGE('',*,*,#4556,.T.);
#4606 = ORIENTED_EDGE('',*,*,#3846,.F.);
#4607 = PLANE('',#4608);
#4608 = AXIS2_PLACEMENT_3D('',#4609,#4610,#4611);
#4609 = CARTESIAN_POINT('',(4.95,1.,3.65));
#4610 = DIRECTION('',(0.,0.,1.));
#4611 = DIRECTION('',(-1.224646799147E-16,-1.,0.));
#4612 = ADVANCED_FACE('',(#4613,#4619,#4653),#4687,.T.);
#4613 = FACE_BOUND('',#4614,.T.);
#4614 = EDGE_LOOP('',(#4615,#4616,#4617,#4618));
#4615 = ORIENTED_EDGE('',*,*,#4084,.T.);
#4616 = ORIENTED_EDGE('',*,*,#3895,.T.);
#4617 = ORIENTED_EDGE('',*,*,#4309,.T.);
#4618 = ORIENTED_EDGE('',*,*,#4540,.T.);
#4619 = FACE_BOUND('',#4620,.T.);
#4620 = EDGE_LOOP('',(#4621,#4631,#4639,#4647));
#4621 = ORIENTED_EDGE('',*,*,#4622,.F.);
#4622 = EDGE_CURVE('',#4623,#4625,#4627,.T.);
#4623 = VERTEX_POINT('',#4624);
#4624 = CARTESIAN_POINT('',(-0.32,0.32,1.85));
#4625 = VERTEX_POINT('',#4626);
#4626 = CARTESIAN_POINT('',(-0.32,-0.32,1.85));
#4627 = LINE('',#4628,#4629);
#4628 = CARTESIAN_POINT('',(-0.32,-0.26920299558,1.85));
#4629 = VECTOR('',#4630,1.);
#4630 = DIRECTION('',(-1.224646799147E-16,-1.,0.));
#4631 = ORIENTED_EDGE('',*,*,#4632,.T.);
#4632 = EDGE_CURVE('',#4623,#4633,#4635,.T.);
#4633 = VERTEX_POINT('',#4634);
#4634 = CARTESIAN_POINT('',(0.32,0.32,1.85));
#4635 = LINE('',#4636,#4637);
#4636 = CARTESIAN_POINT('',(0.785,0.32,1.85));
#4637 = VECTOR('',#4638,1.);
#4638 = DIRECTION('',(1.,-1.224646799147E-16,0.));
#4639 = ORIENTED_EDGE('',*,*,#4640,.T.);
#4640 = EDGE_CURVE('',#4633,#4641,#4643,.T.);
#4641 = VERTEX_POINT('',#4642);
#4642 = CARTESIAN_POINT('',(0.32,-0.32,1.85));
#4643 = LINE('',#4644,#4645);
#4644 = CARTESIAN_POINT('',(0.32,-0.26920299558,1.85));
#4645 = VECTOR('',#4646,1.);
#4646 = DIRECTION('',(-1.224646799147E-16,-1.,0.));
#4647 = ORIENTED_EDGE('',*,*,#4648,.T.);
#4648 = EDGE_CURVE('',#4641,#4625,#4649,.T.);
#4649 = LINE('',#4650,#4651);
#4650 = CARTESIAN_POINT('',(0.785,-0.32,1.85));
#4651 = VECTOR('',#4652,1.);
#4652 = DIRECTION('',(-1.,1.224646799147E-16,0.));
#4653 = FACE_BOUND('',#4654,.T.);
#4654 = EDGE_LOOP('',(#4655,#4665,#4673,#4681));
#4655 = ORIENTED_EDGE('',*,*,#4656,.F.);
#4656 = EDGE_CURVE('',#4657,#4659,#4661,.T.);
#4657 = VERTEX_POINT('',#4658);
#4658 = CARTESIAN_POINT('',(2.18,0.32,1.85));
#4659 = VERTEX_POINT('',#4660);
#4660 = CARTESIAN_POINT('',(2.18,-0.32,1.85));
#4661 = LINE('',#4662,#4663);
#4662 = CARTESIAN_POINT('',(2.18,-0.26920299558,1.85));
#4663 = VECTOR('',#4664,1.);
#4664 = DIRECTION('',(-1.224646799147E-16,-1.,0.));
#4665 = ORIENTED_EDGE('',*,*,#4666,.T.);
#4666 = EDGE_CURVE('',#4657,#4667,#4669,.T.);
#4667 = VERTEX_POINT('',#4668);
#4668 = CARTESIAN_POINT('',(2.82,0.32,1.85));
#4669 = LINE('',#4670,#4671);
#4670 = CARTESIAN_POINT('',(2.035,0.32,1.85));
#4671 = VECTOR('',#4672,1.);
#4672 = DIRECTION('',(1.,-1.224646799147E-16,0.));
#4673 = ORIENTED_EDGE('',*,*,#4674,.T.);
#4674 = EDGE_CURVE('',#4667,#4675,#4677,.T.);
#4675 = VERTEX_POINT('',#4676);
#4676 = CARTESIAN_POINT('',(2.82,-0.32,1.85));
#4677 = LINE('',#4678,#4679);
#4678 = CARTESIAN_POINT('',(2.82,-0.26920299558,1.85));
#4679 = VECTOR('',#4680,1.);
#4680 = DIRECTION('',(-1.224646799147E-16,-1.,0.));
#4681 = ORIENTED_EDGE('',*,*,#4682,.T.);
#4682 = EDGE_CURVE('',#4675,#4659,#4683,.T.);
#4683 = LINE('',#4684,#4685);
#4684 = CARTESIAN_POINT('',(2.035,-0.32,1.85));
#4685 = VECTOR('',#4686,1.);
#4686 = DIRECTION('',(-1.,1.224646799147E-16,0.));
#4687 = PLANE('',#4688);
#4688 = AXIS2_PLACEMENT_3D('',#4689,#4690,#4691);
#4689 = CARTESIAN_POINT('',(1.25,-0.575,1.85));
#4690 = DIRECTION('',(0.,0.,1.));
#4691 = DIRECTION('',(-1.,1.224646799147E-16,0.));
#4692 = ADVANCED_FACE('',(#4693),#4704,.F.);
#4693 = FACE_BOUND('',#4694,.F.);
#4694 = EDGE_LOOP('',(#4695,#4696,#4702,#4703));
#4695 = ORIENTED_EDGE('',*,*,#4237,.F.);
#4696 = ORIENTED_EDGE('',*,*,#4697,.T.);
#4697 = EDGE_CURVE('',#4230,#4060,#4698,.T.);
#4698 = LINE('',#4699,#4700);
#4699 = CARTESIAN_POINT('',(-0.5,2.35,6.1));
#4700 = VECTOR('',#4701,1.);
#4701 = DIRECTION('',(-1.224646799147E-16,-1.,0.));
#4702 = ORIENTED_EDGE('',*,*,#4067,.F.);
#4703 = ORIENTED_EDGE('',*,*,#4115,.F.);
#4704 = PLANE('',#4705);
#4705 = AXIS2_PLACEMENT_3D('',#4706,#4707,#4708);
#4706 = CARTESIAN_POINT('',(-0.5,2.35,6.1));
#4707 = DIRECTION('',(-1.,1.224646799147E-16,0.));
#4708 = DIRECTION('',(0.,0.,1.));
#4709 = ADVANCED_FACE('',(#4710),#4721,.F.);
#4710 = FACE_BOUND('',#4711,.F.);
#4711 = EDGE_LOOP('',(#4712,#4713,#4719,#4720));
#4712 = ORIENTED_EDGE('',*,*,#4229,.F.);
#4713 = ORIENTED_EDGE('',*,*,#4714,.T.);
#4714 = EDGE_CURVE('',#4222,#4052,#4715,.T.);
#4715 = LINE('',#4716,#4717);
#4716 = CARTESIAN_POINT('',(-0.25,2.35,5.85));
#4717 = VECTOR('',#4718,1.);
#4718 = DIRECTION('',(-1.224646799147E-16,-1.,0.));
#4719 = ORIENTED_EDGE('',*,*,#4059,.F.);
#4720 = ORIENTED_EDGE('',*,*,#4697,.F.);
#4721 = PLANE('',#4722);
#4722 = AXIS2_PLACEMENT_3D('',#4723,#4724,#4725);
#4723 = CARTESIAN_POINT('',(-0.25,2.35,5.85));
#4724 = DIRECTION('',(-0.707106781187,8.659560562349E-17,-0.707106781187
    ));
#4725 = DIRECTION('',(-0.707106781187,8.659560562349E-17,0.707106781187)
  );
#4726 = ADVANCED_FACE('',(#4727),#4738,.F.);
#4727 = FACE_BOUND('',#4728,.F.);
#4728 = EDGE_LOOP('',(#4729,#4730,#4736,#4737));
#4729 = ORIENTED_EDGE('',*,*,#4221,.F.);
#4730 = ORIENTED_EDGE('',*,*,#4731,.T.);
#4731 = EDGE_CURVE('',#4214,#4044,#4732,.T.);
#4732 = LINE('',#4733,#4734);
#4733 = CARTESIAN_POINT('',(-0.5,2.35,5.6));
#4734 = VECTOR('',#4735,1.);
#4735 = DIRECTION('',(-1.224646799147E-16,-1.,0.));
#4736 = ORIENTED_EDGE('',*,*,#4051,.F.);
#4737 = ORIENTED_EDGE('',*,*,#4714,.F.);
#4738 = PLANE('',#4739);
#4739 = AXIS2_PLACEMENT_3D('',#4740,#4741,#4742);
#4740 = CARTESIAN_POINT('',(-0.5,2.35,5.6));
#4741 = DIRECTION('',(-0.707106781187,8.659560562349E-17,0.707106781187)
  );
#4742 = DIRECTION('',(0.707106781187,-8.659560562349E-17,0.707106781187)
  );
#4743 = ADVANCED_FACE('',(#4744),#4755,.F.);
#4744 = FACE_BOUND('',#4745,.F.);
#4745 = EDGE_LOOP('',(#4746,#4747,#4753,#4754));
#4746 = ORIENTED_EDGE('',*,*,#4213,.F.);
#4747 = ORIENTED_EDGE('',*,*,#4748,.T.);
#4748 = EDGE_CURVE('',#4205,#4035,#4749,.T.);
#4749 = LINE('',#4750,#4751);
#4750 = CARTESIAN_POINT('',(-0.5,2.35,3.85));
#4751 = VECTOR('',#4752,1.);
#4752 = DIRECTION('',(-1.224646799147E-16,-1.,0.));
#4753 = ORIENTED_EDGE('',*,*,#4043,.F.);
#4754 = ORIENTED_EDGE('',*,*,#4731,.F.);
#4755 = PLANE('',#4756);
#4756 = AXIS2_PLACEMENT_3D('',#4757,#4758,#4759);
#4757 = CARTESIAN_POINT('',(-0.5,2.35,3.1));
#4758 = DIRECTION('',(-1.,1.224646799147E-16,0.));
#4759 = DIRECTION('',(0.,0.,1.));
#4760 = ADVANCED_FACE('',(#4761),#4772,.F.);
#4761 = FACE_BOUND('',#4762,.F.);
#4762 = EDGE_LOOP('',(#4763,#4764,#4765,#4766));
#4763 = ORIENTED_EDGE('',*,*,#4034,.F.);
#4764 = ORIENTED_EDGE('',*,*,#4748,.F.);
#4765 = ORIENTED_EDGE('',*,*,#4204,.F.);
#4766 = ORIENTED_EDGE('',*,*,#4767,.T.);
#4767 = EDGE_CURVE('',#4197,#4027,#4768,.T.);
#4768 = LINE('',#4769,#4770);
#4769 = CARTESIAN_POINT('',(0.25,2.35,3.1));
#4770 = VECTOR('',#4771,1.);
#4771 = DIRECTION('',(-1.224646799147E-16,-1.,0.));
#4772 = CYLINDRICAL_SURFACE('',#4773,0.75);
#4773 = AXIS2_PLACEMENT_3D('',#4774,#4775,#4776);
#4774 = CARTESIAN_POINT('',(0.25,2.35,3.85));
#4775 = DIRECTION('',(-1.224646799147E-16,-1.,0.));
#4776 = DIRECTION('',(-0.,0.,-1.));
#4777 = ADVANCED_FACE('',(#4778),#4789,.F.);
#4778 = FACE_BOUND('',#4779,.F.);
#4779 = EDGE_LOOP('',(#4780,#4781,#4782,#4788));
#4780 = ORIENTED_EDGE('',*,*,#4767,.F.);
#4781 = ORIENTED_EDGE('',*,*,#4196,.T.);
#4782 = ORIENTED_EDGE('',*,*,#4783,.T.);
#4783 = EDGE_CURVE('',#4188,#4018,#4784,.T.);
#4784 = LINE('',#4785,#4786);
#4785 = CARTESIAN_POINT('',(2.25,2.35,3.1));
#4786 = VECTOR('',#4787,1.);
#4787 = DIRECTION('',(-1.224646799147E-16,-1.,0.));
#4788 = ORIENTED_EDGE('',*,*,#4026,.F.);
#4789 = PLANE('',#4790);
#4790 = AXIS2_PLACEMENT_3D('',#4791,#4792,#4793);
#4791 = CARTESIAN_POINT('',(1.25,1.85,3.1));
#4792 = DIRECTION('',(1.288101310069E-46,1.051814540295E-30,-1.));
#4793 = DIRECTION('',(1.224646799147E-16,1.,1.051814540295E-30));
#4794 = ADVANCED_FACE('',(#4795),#4806,.F.);
#4795 = FACE_BOUND('',#4796,.F.);
#4796 = EDGE_LOOP('',(#4797,#4798,#4799,#4805));
#4797 = ORIENTED_EDGE('',*,*,#4783,.F.);
#4798 = ORIENTED_EDGE('',*,*,#4187,.T.);
#4799 = ORIENTED_EDGE('',*,*,#4800,.T.);
#4800 = EDGE_CURVE('',#4180,#4010,#4801,.T.);
#4801 = LINE('',#4802,#4803);
#4802 = CARTESIAN_POINT('',(3.,2.35,3.85));
#4803 = VECTOR('',#4804,1.);
#4804 = DIRECTION('',(-1.224646799147E-16,-1.,0.));
#4805 = ORIENTED_EDGE('',*,*,#4017,.F.);
#4806 = CYLINDRICAL_SURFACE('',#4807,0.75);
#4807 = AXIS2_PLACEMENT_3D('',#4808,#4809,#4810);
#4808 = CARTESIAN_POINT('',(2.25,2.35,3.85));
#4809 = DIRECTION('',(-1.224646799147E-16,-1.,0.));
#4810 = DIRECTION('',(0.,-0.,-1.));
#4811 = ADVANCED_FACE('',(#4812),#4823,.T.);
#4812 = FACE_BOUND('',#4813,.T.);
#4813 = EDGE_LOOP('',(#4814,#4815,#4816,#4817));
#4814 = ORIENTED_EDGE('',*,*,#4179,.F.);
#4815 = ORIENTED_EDGE('',*,*,#4800,.T.);
#4816 = ORIENTED_EDGE('',*,*,#4009,.F.);
#4817 = ORIENTED_EDGE('',*,*,#4818,.F.);
#4818 = EDGE_CURVE('',#4172,#4002,#4819,.T.);
#4819 = LINE('',#4820,#4821);
#4820 = CARTESIAN_POINT('',(3.,2.35,5.6));
#4821 = VECTOR('',#4822,1.);
#4822 = DIRECTION('',(-1.224646799147E-16,-1.,0.));
#4823 = PLANE('',#4824);
#4824 = AXIS2_PLACEMENT_3D('',#4825,#4826,#4827);
#4825 = CARTESIAN_POINT('',(3.,2.35,3.1));
#4826 = DIRECTION('',(-1.,1.224646799147E-16,0.));
#4827 = DIRECTION('',(0.,0.,1.));
#4828 = ADVANCED_FACE('',(#4829),#4840,.T.);
#4829 = FACE_BOUND('',#4830,.T.);
#4830 = EDGE_LOOP('',(#4831,#4832,#4833,#4834));
#4831 = ORIENTED_EDGE('',*,*,#4171,.F.);
#4832 = ORIENTED_EDGE('',*,*,#4818,.T.);
#4833 = ORIENTED_EDGE('',*,*,#4001,.F.);
#4834 = ORIENTED_EDGE('',*,*,#4835,.F.);
#4835 = EDGE_CURVE('',#4164,#3994,#4836,.T.);
#4836 = LINE('',#4837,#4838);
#4837 = CARTESIAN_POINT('',(2.75,2.35,5.85));
#4838 = VECTOR('',#4839,1.);
#4839 = DIRECTION('',(-1.224646799147E-16,-1.,0.));
#4840 = PLANE('',#4841);
#4841 = AXIS2_PLACEMENT_3D('',#4842,#4843,#4844);
#4842 = CARTESIAN_POINT('',(3.,2.35,5.6));
#4843 = DIRECTION('',(-0.707106781187,8.659560562349E-17,-0.707106781187
    ));
#4844 = DIRECTION('',(-0.707106781187,8.659560562349E-17,0.707106781187)
  );
#4845 = ADVANCED_FACE('',(#4846),#4857,.T.);
#4846 = FACE_BOUND('',#4847,.T.);
#4847 = EDGE_LOOP('',(#4848,#4849,#4850,#4851));
#4848 = ORIENTED_EDGE('',*,*,#4163,.F.);
#4849 = ORIENTED_EDGE('',*,*,#4835,.T.);
#4850 = ORIENTED_EDGE('',*,*,#3993,.F.);
#4851 = ORIENTED_EDGE('',*,*,#4852,.F.);
#4852 = EDGE_CURVE('',#4156,#3986,#4853,.T.);
#4853 = LINE('',#4854,#4855);
#4854 = CARTESIAN_POINT('',(3.,2.35,6.1));
#4855 = VECTOR('',#4856,1.);
#4856 = DIRECTION('',(-1.224646799147E-16,-1.,0.));
#4857 = PLANE('',#4858);
#4858 = AXIS2_PLACEMENT_3D('',#4859,#4860,#4861);
#4859 = CARTESIAN_POINT('',(2.75,2.35,5.85));
#4860 = DIRECTION('',(-0.707106781187,8.659560562349E-17,0.707106781187)
  );
#4861 = DIRECTION('',(0.707106781187,-8.659560562349E-17,0.707106781187)
  );
#4862 = ADVANCED_FACE('',(#4863),#4869,.T.);
#4863 = FACE_BOUND('',#4864,.T.);
#4864 = EDGE_LOOP('',(#4865,#4866,#4867,#4868));
#4865 = ORIENTED_EDGE('',*,*,#4155,.F.);
#4866 = ORIENTED_EDGE('',*,*,#4852,.T.);
#4867 = ORIENTED_EDGE('',*,*,#3985,.F.);
#4868 = ORIENTED_EDGE('',*,*,#4573,.F.);
#4869 = PLANE('',#4870);
#4870 = AXIS2_PLACEMENT_3D('',#4871,#4872,#4873);
#4871 = CARTESIAN_POINT('',(3.,2.35,6.1));
#4872 = DIRECTION('',(-1.,1.224646799147E-16,2.467162276945E-16));
#4873 = DIRECTION('',(2.467162276945E-16,-3.021402385438E-32,1.));
#4874 = ADVANCED_FACE('',(#4875),#4886,.F.);
#4875 = FACE_BOUND('',#4876,.F.);
#4876 = EDGE_LOOP('',(#4877,#4878,#4879,#4885));
#4877 = ORIENTED_EDGE('',*,*,#4286,.T.);
#4878 = ORIENTED_EDGE('',*,*,#4438,.T.);
#4879 = ORIENTED_EDGE('',*,*,#4880,.F.);
#4880 = EDGE_CURVE('',#4496,#4439,#4881,.T.);
#4881 = LINE('',#4882,#4883);
#4882 = CARTESIAN_POINT('',(3.25,0.5,0.3));
#4883 = VECTOR('',#4884,1.);
#4884 = DIRECTION('',(-1.,1.224646799147E-16,0.));
#4885 = ORIENTED_EDGE('',*,*,#4495,.F.);
#4886 = PLANE('',#4887);
#4887 = AXIS2_PLACEMENT_3D('',#4888,#4889,#4890);
#4888 = CARTESIAN_POINT('',(3.25,2.35,1.));
#4889 = DIRECTION('',(-4.33392824344E-17,-0.353892097416,0.935286257456)
  );
#4890 = DIRECTION('',(-1.14539532148E-16,-0.935286257456,-0.353892097416
    ));
#4891 = ADVANCED_FACE('',(#4892),#4903,.F.);
#4892 = FACE_BOUND('',#4893,.F.);
#4893 = EDGE_LOOP('',(#4894,#4895,#4896,#4902));
#4894 = ORIENTED_EDGE('',*,*,#4254,.T.);
#4895 = ORIENTED_EDGE('',*,*,#4333,.T.);
#4896 = ORIENTED_EDGE('',*,*,#4897,.F.);
#4897 = EDGE_CURVE('',#4391,#4334,#4898,.T.);
#4898 = LINE('',#4899,#4900);
#4899 = CARTESIAN_POINT('',(0.75,0.5,0.3));
#4900 = VECTOR('',#4901,1.);
#4901 = DIRECTION('',(-1.,1.224646799147E-16,0.));
#4902 = ORIENTED_EDGE('',*,*,#4390,.F.);
#4903 = PLANE('',#4904);
#4904 = AXIS2_PLACEMENT_3D('',#4905,#4906,#4907);
#4905 = CARTESIAN_POINT('',(0.75,2.35,1.));
#4906 = DIRECTION('',(-4.33392824344E-17,-0.353892097416,0.935286257456)
  );
#4907 = DIRECTION('',(-1.14539532148E-16,-0.935286257456,-0.353892097416
    ));
#4908 = ADVANCED_FACE('',(#4909,#4915),#4949,.F.);
#4909 = FACE_BOUND('',#4910,.F.);
#4910 = EDGE_LOOP('',(#4911,#4912,#4913,#4914));
#4911 = ORIENTED_EDGE('',*,*,#4897,.T.);
#4912 = ORIENTED_EDGE('',*,*,#4341,.T.);
#4913 = ORIENTED_EDGE('',*,*,#4365,.F.);
#4914 = ORIENTED_EDGE('',*,*,#4398,.F.);
#4915 = FACE_BOUND('',#4916,.F.);
#4916 = EDGE_LOOP('',(#4917,#4927,#4935,#4943));
#4917 = ORIENTED_EDGE('',*,*,#4918,.F.);
#4918 = EDGE_CURVE('',#4919,#4921,#4923,.T.);
#4919 = VERTEX_POINT('',#4920);
#4920 = CARTESIAN_POINT('',(-0.32,0.32,0.3));
#4921 = VERTEX_POINT('',#4922);
#4922 = CARTESIAN_POINT('',(-0.32,-0.32,0.3));
#4923 = LINE('',#4924,#4925);
#4924 = CARTESIAN_POINT('',(-0.32,0.26829700442,0.3));
#4925 = VECTOR('',#4926,1.);
#4926 = DIRECTION('',(-1.224646799147E-16,-1.,0.));
#4927 = ORIENTED_EDGE('',*,*,#4928,.T.);
#4928 = EDGE_CURVE('',#4919,#4929,#4931,.T.);
#4929 = VERTEX_POINT('',#4930);
#4930 = CARTESIAN_POINT('',(0.32,0.32,0.3));
#4931 = LINE('',#4932,#4933);
#4932 = CARTESIAN_POINT('',(0.535,0.32,0.3));
#4933 = VECTOR('',#4934,1.);
#4934 = DIRECTION('',(1.,-1.224646799147E-16,0.));
#4935 = ORIENTED_EDGE('',*,*,#4936,.T.);
#4936 = EDGE_CURVE('',#4929,#4937,#4939,.T.);
#4937 = VERTEX_POINT('',#4938);
#4938 = CARTESIAN_POINT('',(0.32,-0.32,0.3));
#4939 = LINE('',#4940,#4941);
#4940 = CARTESIAN_POINT('',(0.32,0.26829700442,0.3));
#4941 = VECTOR('',#4942,1.);
#4942 = DIRECTION('',(-1.224646799147E-16,-1.,0.));
#4943 = ORIENTED_EDGE('',*,*,#4944,.T.);
#4944 = EDGE_CURVE('',#4937,#4921,#4945,.T.);
#4945 = LINE('',#4946,#4947);
#4946 = CARTESIAN_POINT('',(0.535,-0.32,0.3));
#4947 = VECTOR('',#4948,1.);
#4948 = DIRECTION('',(-1.,1.224646799147E-16,0.));
#4949 = PLANE('',#4950);
#4950 = AXIS2_PLACEMENT_3D('',#4951,#4952,#4953);
#4951 = CARTESIAN_POINT('',(0.75,0.5,0.3));
#4952 = DIRECTION('',(0.,0.,1.));
#4953 = DIRECTION('',(-1.224646799147E-16,-1.,0.));
#4954 = ADVANCED_FACE('',(#4955,#4961),#4995,.F.);
#4955 = FACE_BOUND('',#4956,.F.);
#4956 = EDGE_LOOP('',(#4957,#4958,#4959,#4960));
#4957 = ORIENTED_EDGE('',*,*,#4880,.T.);
#4958 = ORIENTED_EDGE('',*,*,#4446,.T.);
#4959 = ORIENTED_EDGE('',*,*,#4470,.F.);
#4960 = ORIENTED_EDGE('',*,*,#4503,.F.);
#4961 = FACE_BOUND('',#4962,.F.);
#4962 = EDGE_LOOP('',(#4963,#4973,#4981,#4989));
#4963 = ORIENTED_EDGE('',*,*,#4964,.F.);
#4964 = EDGE_CURVE('',#4965,#4967,#4969,.T.);
#4965 = VERTEX_POINT('',#4966);
#4966 = CARTESIAN_POINT('',(2.18,0.32,0.3));
#4967 = VERTEX_POINT('',#4968);
#4968 = CARTESIAN_POINT('',(2.18,-0.32,0.3));
#4969 = LINE('',#4970,#4971);
#4970 = CARTESIAN_POINT('',(2.18,0.26829700442,0.3));
#4971 = VECTOR('',#4972,1.);
#4972 = DIRECTION('',(-1.224646799147E-16,-1.,0.));
#4973 = ORIENTED_EDGE('',*,*,#4974,.T.);
#4974 = EDGE_CURVE('',#4965,#4975,#4977,.T.);
#4975 = VERTEX_POINT('',#4976);
#4976 = CARTESIAN_POINT('',(2.82,0.32,0.3));
#4977 = LINE('',#4978,#4979);
#4978 = CARTESIAN_POINT('',(3.035,0.32,0.3));
#4979 = VECTOR('',#4980,1.);
#4980 = DIRECTION('',(1.,-1.224646799147E-16,0.));
#4981 = ORIENTED_EDGE('',*,*,#4982,.T.);
#4982 = EDGE_CURVE('',#4975,#4983,#4985,.T.);
#4983 = VERTEX_POINT('',#4984);
#4984 = CARTESIAN_POINT('',(2.82,-0.32,0.3));
#4985 = LINE('',#4986,#4987);
#4986 = CARTESIAN_POINT('',(2.82,0.26829700442,0.3));
#4987 = VECTOR('',#4988,1.);
#4988 = DIRECTION('',(-1.224646799147E-16,-1.,0.));
#4989 = ORIENTED_EDGE('',*,*,#4990,.T.);
#4990 = EDGE_CURVE('',#4983,#4967,#4991,.T.);
#4991 = LINE('',#4992,#4993);
#4992 = CARTESIAN_POINT('',(3.035,-0.32,0.3));
#4993 = VECTOR('',#4994,1.);
#4994 = DIRECTION('',(-1.,1.224646799147E-16,0.));
#4995 = PLANE('',#4996);
#4996 = AXIS2_PLACEMENT_3D('',#4997,#4998,#4999);
#4997 = CARTESIAN_POINT('',(3.25,0.5,0.3));
#4998 = DIRECTION('',(0.,0.,1.));
#4999 = DIRECTION('',(-1.224646799147E-16,-1.,0.));
#5000 = ADVANCED_FACE('',(#5001),#5026,.T.);
#5001 = FACE_BOUND('',#5002,.T.);
#5002 = EDGE_LOOP('',(#5003,#5004,#5012,#5020));
#5003 = ORIENTED_EDGE('',*,*,#4622,.T.);
#5004 = ORIENTED_EDGE('',*,*,#5005,.T.);
#5005 = EDGE_CURVE('',#4625,#5006,#5008,.T.);
#5006 = VERTEX_POINT('',#5007);
#5007 = CARTESIAN_POINT('',(-0.32,-0.32,6.3));
#5008 = LINE('',#5009,#5010);
#5009 = CARTESIAN_POINT('',(-0.32,-0.32,-0.9));
#5010 = VECTOR('',#5011,1.);
#5011 = DIRECTION('',(0.,0.,1.));
#5012 = ORIENTED_EDGE('',*,*,#5013,.T.);
#5013 = EDGE_CURVE('',#5006,#5014,#5016,.T.);
#5014 = VERTEX_POINT('',#5015);
#5015 = CARTESIAN_POINT('',(-0.32,0.32,6.3));
#5016 = LINE('',#5017,#5018);
#5017 = CARTESIAN_POINT('',(-0.32,-0.32,6.3));
#5018 = VECTOR('',#5019,1.);
#5019 = DIRECTION('',(1.224646799147E-16,1.,0.));
#5020 = ORIENTED_EDGE('',*,*,#5021,.T.);
#5021 = EDGE_CURVE('',#5014,#4623,#5022,.T.);
#5022 = LINE('',#5023,#5024);
#5023 = CARTESIAN_POINT('',(-0.32,0.32,6.5));
#5024 = VECTOR('',#5025,1.);
#5025 = DIRECTION('',(-0.,0.,-1.));
#5026 = PLANE('',#5027);
#5027 = AXIS2_PLACEMENT_3D('',#5028,#5029,#5030);
#5028 = CARTESIAN_POINT('',(-0.32,3.65940088399E-02,1.522832428212));
#5029 = DIRECTION('',(-1.,1.224646799147E-16,0.));
#5030 = DIRECTION('',(0.,0.,1.));
#5031 = ADVANCED_FACE('',(#5032),#5050,.F.);
#5032 = FACE_BOUND('',#5033,.F.);
#5033 = EDGE_LOOP('',(#5034,#5042,#5043,#5044));
#5034 = ORIENTED_EDGE('',*,*,#5035,.F.);
#5035 = EDGE_CURVE('',#4641,#5036,#5038,.T.);
#5036 = VERTEX_POINT('',#5037);
#5037 = CARTESIAN_POINT('',(0.32,-0.32,6.3));
#5038 = LINE('',#5039,#5040);
#5039 = CARTESIAN_POINT('',(0.32,-0.32,-0.9));
#5040 = VECTOR('',#5041,1.);
#5041 = DIRECTION('',(0.,0.,1.));
#5042 = ORIENTED_EDGE('',*,*,#4648,.T.);
#5043 = ORIENTED_EDGE('',*,*,#5005,.T.);
#5044 = ORIENTED_EDGE('',*,*,#5045,.F.);
#5045 = EDGE_CURVE('',#5036,#5006,#5046,.T.);
#5046 = LINE('',#5047,#5048);
#5047 = CARTESIAN_POINT('',(0.32,-0.32,6.3));
#5048 = VECTOR('',#5049,1.);
#5049 = DIRECTION('',(-1.,1.224646799147E-16,0.));
#5050 = PLANE('',#5051);
#5051 = AXIS2_PLACEMENT_3D('',#5052,#5053,#5054);
#5052 = CARTESIAN_POINT('',(0.32,-0.32,-0.9));
#5053 = DIRECTION('',(1.224646799147E-16,1.,0.));
#5054 = DIRECTION('',(0.,-0.,1.));
#5055 = ADVANCED_FACE('',(#5056),#5074,.F.);
#5056 = FACE_BOUND('',#5057,.F.);
#5057 = EDGE_LOOP('',(#5058,#5059,#5060,#5068));
#5058 = ORIENTED_EDGE('',*,*,#4640,.T.);
#5059 = ORIENTED_EDGE('',*,*,#5035,.T.);
#5060 = ORIENTED_EDGE('',*,*,#5061,.T.);
#5061 = EDGE_CURVE('',#5036,#5062,#5064,.T.);
#5062 = VERTEX_POINT('',#5063);
#5063 = CARTESIAN_POINT('',(0.32,0.32,6.3));
#5064 = LINE('',#5065,#5066);
#5065 = CARTESIAN_POINT('',(0.32,-0.32,6.3));
#5066 = VECTOR('',#5067,1.);
#5067 = DIRECTION('',(1.224646799147E-16,1.,0.));
#5068 = ORIENTED_EDGE('',*,*,#5069,.T.);
#5069 = EDGE_CURVE('',#5062,#4633,#5070,.T.);
#5070 = LINE('',#5071,#5072);
#5071 = CARTESIAN_POINT('',(0.32,0.32,6.5));
#5072 = VECTOR('',#5073,1.);
#5073 = DIRECTION('',(-0.,0.,-1.));
#5074 = PLANE('',#5075);
#5075 = AXIS2_PLACEMENT_3D('',#5076,#5077,#5078);
#5076 = CARTESIAN_POINT('',(0.32,3.65940088399E-02,1.522832428212));
#5077 = DIRECTION('',(-1.,1.224646799147E-16,0.));
#5078 = DIRECTION('',(0.,0.,1.));
#5079 = ADVANCED_FACE('',(#5080),#5091,.F.);
#5080 = FACE_BOUND('',#5081,.F.);
#5081 = EDGE_LOOP('',(#5082,#5083,#5089,#5090));
#5082 = ORIENTED_EDGE('',*,*,#5069,.F.);
#5083 = ORIENTED_EDGE('',*,*,#5084,.T.);
#5084 = EDGE_CURVE('',#5062,#5014,#5085,.T.);
#5085 = LINE('',#5086,#5087);
#5086 = CARTESIAN_POINT('',(0.32,0.32,6.3));
#5087 = VECTOR('',#5088,1.);
#5088 = DIRECTION('',(-1.,1.224646799147E-16,0.));
#5089 = ORIENTED_EDGE('',*,*,#5021,.T.);
#5090 = ORIENTED_EDGE('',*,*,#4632,.T.);
#5091 = PLANE('',#5092);
#5092 = AXIS2_PLACEMENT_3D('',#5093,#5094,#5095);
#5093 = CARTESIAN_POINT('',(0.32,0.32,6.5));
#5094 = DIRECTION('',(-1.224646799147E-16,-1.,0.));
#5095 = DIRECTION('',(-0.,0.,-1.));
#5096 = ADVANCED_FACE('',(#5097),#5122,.T.);
#5097 = FACE_BOUND('',#5098,.T.);
#5098 = EDGE_LOOP('',(#5099,#5100,#5108,#5116));
#5099 = ORIENTED_EDGE('',*,*,#4656,.T.);
#5100 = ORIENTED_EDGE('',*,*,#5101,.T.);
#5101 = EDGE_CURVE('',#4659,#5102,#5104,.T.);
#5102 = VERTEX_POINT('',#5103);
#5103 = CARTESIAN_POINT('',(2.18,-0.32,6.3));
#5104 = LINE('',#5105,#5106);
#5105 = CARTESIAN_POINT('',(2.18,-0.32,-0.9));
#5106 = VECTOR('',#5107,1.);
#5107 = DIRECTION('',(0.,0.,1.));
#5108 = ORIENTED_EDGE('',*,*,#5109,.T.);
#5109 = EDGE_CURVE('',#5102,#5110,#5112,.T.);
#5110 = VERTEX_POINT('',#5111);
#5111 = CARTESIAN_POINT('',(2.18,0.32,6.3));
#5112 = LINE('',#5113,#5114);
#5113 = CARTESIAN_POINT('',(2.18,-0.32,6.3));
#5114 = VECTOR('',#5115,1.);
#5115 = DIRECTION('',(1.224646799147E-16,1.,0.));
#5116 = ORIENTED_EDGE('',*,*,#5117,.T.);
#5117 = EDGE_CURVE('',#5110,#4657,#5118,.T.);
#5118 = LINE('',#5119,#5120);
#5119 = CARTESIAN_POINT('',(2.18,0.32,6.5));
#5120 = VECTOR('',#5121,1.);
#5121 = DIRECTION('',(-0.,0.,-1.));
#5122 = PLANE('',#5123);
#5123 = AXIS2_PLACEMENT_3D('',#5124,#5125,#5126);
#5124 = CARTESIAN_POINT('',(2.18,3.65940088399E-02,1.522832428212));
#5125 = DIRECTION('',(-1.,1.224646799147E-16,0.));
#5126 = DIRECTION('',(0.,0.,1.));
#5127 = ADVANCED_FACE('',(#5128),#5146,.F.);
#5128 = FACE_BOUND('',#5129,.F.);
#5129 = EDGE_LOOP('',(#5130,#5138,#5139,#5140));
#5130 = ORIENTED_EDGE('',*,*,#5131,.F.);
#5131 = EDGE_CURVE('',#4675,#5132,#5134,.T.);
#5132 = VERTEX_POINT('',#5133);
#5133 = CARTESIAN_POINT('',(2.82,-0.32,6.3));
#5134 = LINE('',#5135,#5136);
#5135 = CARTESIAN_POINT('',(2.82,-0.32,-0.9));
#5136 = VECTOR('',#5137,1.);
#5137 = DIRECTION('',(0.,0.,1.));
#5138 = ORIENTED_EDGE('',*,*,#4682,.T.);
#5139 = ORIENTED_EDGE('',*,*,#5101,.T.);
#5140 = ORIENTED_EDGE('',*,*,#5141,.F.);
#5141 = EDGE_CURVE('',#5132,#5102,#5142,.T.);
#5142 = LINE('',#5143,#5144);
#5143 = CARTESIAN_POINT('',(2.82,-0.32,6.3));
#5144 = VECTOR('',#5145,1.);
#5145 = DIRECTION('',(-1.,1.224646799147E-16,0.));
#5146 = PLANE('',#5147);
#5147 = AXIS2_PLACEMENT_3D('',#5148,#5149,#5150);
#5148 = CARTESIAN_POINT('',(2.82,-0.32,-0.9));
#5149 = DIRECTION('',(1.224646799147E-16,1.,0.));
#5150 = DIRECTION('',(0.,-0.,1.));
#5151 = ADVANCED_FACE('',(#5152),#5170,.F.);
#5152 = FACE_BOUND('',#5153,.F.);
#5153 = EDGE_LOOP('',(#5154,#5155,#5156,#5164));
#5154 = ORIENTED_EDGE('',*,*,#4674,.T.);
#5155 = ORIENTED_EDGE('',*,*,#5131,.T.);
#5156 = ORIENTED_EDGE('',*,*,#5157,.T.);
#5157 = EDGE_CURVE('',#5132,#5158,#5160,.T.);
#5158 = VERTEX_POINT('',#5159);
#5159 = CARTESIAN_POINT('',(2.82,0.32,6.3));
#5160 = LINE('',#5161,#5162);
#5161 = CARTESIAN_POINT('',(2.82,-0.32,6.3));
#5162 = VECTOR('',#5163,1.);
#5163 = DIRECTION('',(1.224646799147E-16,1.,0.));
#5164 = ORIENTED_EDGE('',*,*,#5165,.T.);
#5165 = EDGE_CURVE('',#5158,#4667,#5166,.T.);
#5166 = LINE('',#5167,#5168);
#5167 = CARTESIAN_POINT('',(2.82,0.32,6.5));
#5168 = VECTOR('',#5169,1.);
#5169 = DIRECTION('',(-0.,0.,-1.));
#5170 = PLANE('',#5171);
#5171 = AXIS2_PLACEMENT_3D('',#5172,#5173,#5174);
#5172 = CARTESIAN_POINT('',(2.82,3.65940088399E-02,1.522832428212));
#5173 = DIRECTION('',(-1.,1.224646799147E-16,0.));
#5174 = DIRECTION('',(0.,0.,1.));
#5175 = ADVANCED_FACE('',(#5176),#5187,.F.);
#5176 = FACE_BOUND('',#5177,.F.);
#5177 = EDGE_LOOP('',(#5178,#5179,#5185,#5186));
#5178 = ORIENTED_EDGE('',*,*,#5165,.F.);
#5179 = ORIENTED_EDGE('',*,*,#5180,.T.);
#5180 = EDGE_CURVE('',#5158,#5110,#5181,.T.);
#5181 = LINE('',#5182,#5183);
#5182 = CARTESIAN_POINT('',(2.82,0.32,6.3));
#5183 = VECTOR('',#5184,1.);
#5184 = DIRECTION('',(-1.,1.224646799147E-16,0.));
#5185 = ORIENTED_EDGE('',*,*,#5117,.T.);
#5186 = ORIENTED_EDGE('',*,*,#4666,.T.);
#5187 = PLANE('',#5188);
#5188 = AXIS2_PLACEMENT_3D('',#5189,#5190,#5191);
#5189 = CARTESIAN_POINT('',(2.82,0.32,6.5));
#5190 = DIRECTION('',(-1.224646799147E-16,-1.,0.));
#5191 = DIRECTION('',(-0.,0.,-1.));
#5192 = ADVANCED_FACE('',(#5193),#5250,.T.);
#5193 = FACE_BOUND('',#5194,.T.);
#5194 = EDGE_LOOP('',(#5195,#5205,#5213,#5221,#5227,#5228,#5236,#5244));
#5195 = ORIENTED_EDGE('',*,*,#5196,.T.);
#5196 = EDGE_CURVE('',#5197,#5199,#5201,.T.);
#5197 = VERTEX_POINT('',#5198);
#5198 = CARTESIAN_POINT('',(-0.32,0.351578947368,-3.2));
#5199 = VERTEX_POINT('',#5200);
#5200 = CARTESIAN_POINT('',(-0.32,-0.288421052632,-3.2));
#5201 = LINE('',#5202,#5203);
#5202 = CARTESIAN_POINT('',(-0.32,0.32,-3.2));
#5203 = VECTOR('',#5204,1.);
#5204 = DIRECTION('',(-1.224646799147E-16,-1.,0.));
#5205 = ORIENTED_EDGE('',*,*,#5206,.T.);
#5206 = EDGE_CURVE('',#5199,#5207,#5209,.T.);
#5207 = VERTEX_POINT('',#5208);
#5208 = CARTESIAN_POINT('',(-0.32,-2.E-02,-1.5));
#5209 = LINE('',#5210,#5211);
#5210 = CARTESIAN_POINT('',(-0.32,-0.32,-3.4));
#5211 = VECTOR('',#5212,1.);
#5212 = DIRECTION('',(1.909990663905E-17,0.155962573473,0.987762965329)
  );
#5213 = ORIENTED_EDGE('',*,*,#5214,.T.);
#5214 = EDGE_CURVE('',#5207,#5215,#5217,.T.);
#5215 = VERTEX_POINT('',#5216);
#5216 = CARTESIAN_POINT('',(-0.32,-0.32,-0.9));
#5217 = LINE('',#5218,#5219);
#5218 = CARTESIAN_POINT('',(-0.32,-2.E-02,-1.5));
#5219 = VECTOR('',#5220,1.);
#5220 = DIRECTION('',(-5.476786982641E-17,-0.4472135955,0.894427191));
#5221 = ORIENTED_EDGE('',*,*,#5222,.T.);
#5222 = EDGE_CURVE('',#5215,#4921,#5223,.T.);
#5223 = LINE('',#5224,#5225);
#5224 = CARTESIAN_POINT('',(-0.32,-0.32,-0.9));
#5225 = VECTOR('',#5226,1.);
#5226 = DIRECTION('',(0.,0.,1.));
#5227 = ORIENTED_EDGE('',*,*,#4918,.F.);
#5228 = ORIENTED_EDGE('',*,*,#5229,.T.);
#5229 = EDGE_CURVE('',#4919,#5230,#5232,.T.);
#5230 = VERTEX_POINT('',#5231);
#5231 = CARTESIAN_POINT('',(-0.32,0.32,-0.9));
#5232 = LINE('',#5233,#5234);
#5233 = CARTESIAN_POINT('',(-0.32,0.32,6.5));
#5234 = VECTOR('',#5235,1.);
#5235 = DIRECTION('',(-0.,0.,-1.));
#5236 = ORIENTED_EDGE('',*,*,#5237,.T.);
#5237 = EDGE_CURVE('',#5230,#5238,#5240,.T.);
#5238 = VERTEX_POINT('',#5239);
#5239 = CARTESIAN_POINT('',(-0.32,0.62,-1.5));
#5240 = LINE('',#5241,#5242);
#5241 = CARTESIAN_POINT('',(-0.32,0.32,-0.9));
#5242 = VECTOR('',#5243,1.);
#5243 = DIRECTION('',(5.476786982641E-17,0.4472135955,-0.894427191));
#5244 = ORIENTED_EDGE('',*,*,#5245,.T.);
#5245 = EDGE_CURVE('',#5238,#5197,#5246,.T.);
#5246 = LINE('',#5247,#5248);
#5247 = CARTESIAN_POINT('',(-0.32,0.62,-1.5));
#5248 = VECTOR('',#5249,1.);
#5249 = DIRECTION('',(-1.909990663905E-17,-0.155962573473,
    -0.987762965329));
#5250 = PLANE('',#5251);
#5251 = AXIS2_PLACEMENT_3D('',#5252,#5253,#5254);
#5252 = CARTESIAN_POINT('',(-0.32,3.65940088399E-02,1.522832428212));
#5253 = DIRECTION('',(-1.,1.224646799147E-16,0.));
#5254 = DIRECTION('',(0.,0.,1.));
#5255 = ADVANCED_FACE('',(#5256),#5274,.F.);
#5256 = FACE_BOUND('',#5257,.F.);
#5257 = EDGE_LOOP('',(#5258,#5266,#5272,#5273));
#5258 = ORIENTED_EDGE('',*,*,#5259,.F.);
#5259 = EDGE_CURVE('',#5260,#4937,#5262,.T.);
#5260 = VERTEX_POINT('',#5261);
#5261 = CARTESIAN_POINT('',(0.32,-0.32,-0.9));
#5262 = LINE('',#5263,#5264);
#5263 = CARTESIAN_POINT('',(0.32,-0.32,-0.9));
#5264 = VECTOR('',#5265,1.);
#5265 = DIRECTION('',(0.,0.,1.));
#5266 = ORIENTED_EDGE('',*,*,#5267,.T.);
#5267 = EDGE_CURVE('',#5260,#5215,#5268,.T.);
#5268 = LINE('',#5269,#5270);
#5269 = CARTESIAN_POINT('',(0.32,-0.32,-0.9));
#5270 = VECTOR('',#5271,1.);
#5271 = DIRECTION('',(-1.,1.224646799147E-16,0.));
#5272 = ORIENTED_EDGE('',*,*,#5222,.T.);
#5273 = ORIENTED_EDGE('',*,*,#4944,.F.);
#5274 = PLANE('',#5275);
#5275 = AXIS2_PLACEMENT_3D('',#5276,#5277,#5278);
#5276 = CARTESIAN_POINT('',(0.32,-0.32,-0.9));
#5277 = DIRECTION('',(1.224646799147E-16,1.,0.));
#5278 = DIRECTION('',(0.,-0.,1.));
#5279 = ADVANCED_FACE('',(#5280),#5330,.F.);
#5280 = FACE_BOUND('',#5281,.F.);
#5281 = EDGE_LOOP('',(#5282,#5292,#5300,#5306,#5307,#5308,#5316,#5324));
#5282 = ORIENTED_EDGE('',*,*,#5283,.T.);
#5283 = EDGE_CURVE('',#5284,#5286,#5288,.T.);
#5284 = VERTEX_POINT('',#5285);
#5285 = CARTESIAN_POINT('',(0.32,0.351578947368,-3.2));
#5286 = VERTEX_POINT('',#5287);
#5287 = CARTESIAN_POINT('',(0.32,-0.288421052632,-3.2));
#5288 = LINE('',#5289,#5290);
#5289 = CARTESIAN_POINT('',(0.32,0.32,-3.2));
#5290 = VECTOR('',#5291,1.);
#5291 = DIRECTION('',(-1.224646799147E-16,-1.,0.));
#5292 = ORIENTED_EDGE('',*,*,#5293,.T.);
#5293 = EDGE_CURVE('',#5286,#5294,#5296,.T.);
#5294 = VERTEX_POINT('',#5295);
#5295 = CARTESIAN_POINT('',(0.32,-2.E-02,-1.5));
#5296 = LINE('',#5297,#5298);
#5297 = CARTESIAN_POINT('',(0.32,-0.32,-3.4));
#5298 = VECTOR('',#5299,1.);
#5299 = DIRECTION('',(1.909990663905E-17,0.155962573473,0.987762965329)
  );
#5300 = ORIENTED_EDGE('',*,*,#5301,.T.);
#5301 = EDGE_CURVE('',#5294,#5260,#5302,.T.);
#5302 = LINE('',#5303,#5304);
#5303 = CARTESIAN_POINT('',(0.32,-2.E-02,-1.5));
#5304 = VECTOR('',#5305,1.);
#5305 = DIRECTION('',(-5.476786982641E-17,-0.4472135955,0.894427191));
#5306 = ORIENTED_EDGE('',*,*,#5259,.T.);
#5307 = ORIENTED_EDGE('',*,*,#4936,.F.);
#5308 = ORIENTED_EDGE('',*,*,#5309,.T.);
#5309 = EDGE_CURVE('',#4929,#5310,#5312,.T.);
#5310 = VERTEX_POINT('',#5311);
#5311 = CARTESIAN_POINT('',(0.32,0.32,-0.9));
#5312 = LINE('',#5313,#5314);
#5313 = CARTESIAN_POINT('',(0.32,0.32,6.5));
#5314 = VECTOR('',#5315,1.);
#5315 = DIRECTION('',(-0.,0.,-1.));
#5316 = ORIENTED_EDGE('',*,*,#5317,.T.);
#5317 = EDGE_CURVE('',#5310,#5318,#5320,.T.);
#5318 = VERTEX_POINT('',#5319);
#5319 = CARTESIAN_POINT('',(0.32,0.62,-1.5));
#5320 = LINE('',#5321,#5322);
#5321 = CARTESIAN_POINT('',(0.32,0.32,-0.9));
#5322 = VECTOR('',#5323,1.);
#5323 = DIRECTION('',(5.476786982641E-17,0.4472135955,-0.894427191));
#5324 = ORIENTED_EDGE('',*,*,#5325,.T.);
#5325 = EDGE_CURVE('',#5318,#5284,#5326,.T.);
#5326 = LINE('',#5327,#5328);
#5327 = CARTESIAN_POINT('',(0.32,0.62,-1.5));
#5328 = VECTOR('',#5329,1.);
#5329 = DIRECTION('',(-1.909990663905E-17,-0.155962573473,
    -0.987762965329));
#5330 = PLANE('',#5331);
#5331 = AXIS2_PLACEMENT_3D('',#5332,#5333,#5334);
#5332 = CARTESIAN_POINT('',(0.32,3.65940088399E-02,1.522832428212));
#5333 = DIRECTION('',(-1.,1.224646799147E-16,0.));
#5334 = DIRECTION('',(0.,0.,1.));
#5335 = ADVANCED_FACE('',(#5336),#5347,.F.);
#5336 = FACE_BOUND('',#5337,.F.);
#5337 = EDGE_LOOP('',(#5338,#5339,#5340,#5341));
#5338 = ORIENTED_EDGE('',*,*,#5309,.F.);
#5339 = ORIENTED_EDGE('',*,*,#4928,.F.);
#5340 = ORIENTED_EDGE('',*,*,#5229,.T.);
#5341 = ORIENTED_EDGE('',*,*,#5342,.F.);
#5342 = EDGE_CURVE('',#5310,#5230,#5343,.T.);
#5343 = LINE('',#5344,#5345);
#5344 = CARTESIAN_POINT('',(0.32,0.32,-0.9));
#5345 = VECTOR('',#5346,1.);
#5346 = DIRECTION('',(-1.,1.224646799147E-16,0.));
#5347 = PLANE('',#5348);
#5348 = AXIS2_PLACEMENT_3D('',#5349,#5350,#5351);
#5349 = CARTESIAN_POINT('',(0.32,0.32,6.5));
#5350 = DIRECTION('',(-1.224646799147E-16,-1.,0.));
#5351 = DIRECTION('',(-0.,0.,-1.));
#5352 = ADVANCED_FACE('',(#5353),#5410,.T.);
#5353 = FACE_BOUND('',#5354,.T.);
#5354 = EDGE_LOOP('',(#5355,#5365,#5373,#5381,#5387,#5388,#5396,#5404));
#5355 = ORIENTED_EDGE('',*,*,#5356,.T.);
#5356 = EDGE_CURVE('',#5357,#5359,#5361,.T.);
#5357 = VERTEX_POINT('',#5358);
#5358 = CARTESIAN_POINT('',(2.18,0.351578947368,-3.2));
#5359 = VERTEX_POINT('',#5360);
#5360 = CARTESIAN_POINT('',(2.18,-0.288421052632,-3.2));
#5361 = LINE('',#5362,#5363);
#5362 = CARTESIAN_POINT('',(2.18,0.32,-3.2));
#5363 = VECTOR('',#5364,1.);
#5364 = DIRECTION('',(-1.224646799147E-16,-1.,0.));
#5365 = ORIENTED_EDGE('',*,*,#5366,.T.);
#5366 = EDGE_CURVE('',#5359,#5367,#5369,.T.);
#5367 = VERTEX_POINT('',#5368);
#5368 = CARTESIAN_POINT('',(2.18,-2.E-02,-1.5));
#5369 = LINE('',#5370,#5371);
#5370 = CARTESIAN_POINT('',(2.18,-0.32,-3.4));
#5371 = VECTOR('',#5372,1.);
#5372 = DIRECTION('',(1.909990663905E-17,0.155962573473,0.987762965329)
  );
#5373 = ORIENTED_EDGE('',*,*,#5374,.T.);
#5374 = EDGE_CURVE('',#5367,#5375,#5377,.T.);
#5375 = VERTEX_POINT('',#5376);
#5376 = CARTESIAN_POINT('',(2.18,-0.32,-0.9));
#5377 = LINE('',#5378,#5379);
#5378 = CARTESIAN_POINT('',(2.18,-2.E-02,-1.5));
#5379 = VECTOR('',#5380,1.);
#5380 = DIRECTION('',(-5.476786982641E-17,-0.4472135955,0.894427191));
#5381 = ORIENTED_EDGE('',*,*,#5382,.T.);
#5382 = EDGE_CURVE('',#5375,#4967,#5383,.T.);
#5383 = LINE('',#5384,#5385);
#5384 = CARTESIAN_POINT('',(2.18,-0.32,-0.9));
#5385 = VECTOR('',#5386,1.);
#5386 = DIRECTION('',(0.,0.,1.));
#5387 = ORIENTED_EDGE('',*,*,#4964,.F.);
#5388 = ORIENTED_EDGE('',*,*,#5389,.T.);
#5389 = EDGE_CURVE('',#4965,#5390,#5392,.T.);
#5390 = VERTEX_POINT('',#5391);
#5391 = CARTESIAN_POINT('',(2.18,0.32,-0.9));
#5392 = LINE('',#5393,#5394);
#5393 = CARTESIAN_POINT('',(2.18,0.32,6.5));
#5394 = VECTOR('',#5395,1.);
#5395 = DIRECTION('',(-0.,0.,-1.));
#5396 = ORIENTED_EDGE('',*,*,#5397,.T.);
#5397 = EDGE_CURVE('',#5390,#5398,#5400,.T.);
#5398 = VERTEX_POINT('',#5399);
#5399 = CARTESIAN_POINT('',(2.18,0.62,-1.5));
#5400 = LINE('',#5401,#5402);
#5401 = CARTESIAN_POINT('',(2.18,0.32,-0.9));
#5402 = VECTOR('',#5403,1.);
#5403 = DIRECTION('',(5.476786982641E-17,0.4472135955,-0.894427191));
#5404 = ORIENTED_EDGE('',*,*,#5405,.T.);
#5405 = EDGE_CURVE('',#5398,#5357,#5406,.T.);
#5406 = LINE('',#5407,#5408);
#5407 = CARTESIAN_POINT('',(2.18,0.62,-1.5));
#5408 = VECTOR('',#5409,1.);
#5409 = DIRECTION('',(-1.909990663905E-17,-0.155962573473,
    -0.987762965329));
#5410 = PLANE('',#5411);
#5411 = AXIS2_PLACEMENT_3D('',#5412,#5413,#5414);
#5412 = CARTESIAN_POINT('',(2.18,3.65940088399E-02,1.522832428212));
#5413 = DIRECTION('',(-1.,1.224646799147E-16,0.));
#5414 = DIRECTION('',(0.,0.,1.));
#5415 = ADVANCED_FACE('',(#5416),#5434,.F.);
#5416 = FACE_BOUND('',#5417,.F.);
#5417 = EDGE_LOOP('',(#5418,#5426,#5432,#5433));
#5418 = ORIENTED_EDGE('',*,*,#5419,.F.);
#5419 = EDGE_CURVE('',#5420,#4983,#5422,.T.);
#5420 = VERTEX_POINT('',#5421);
#5421 = CARTESIAN_POINT('',(2.82,-0.32,-0.9));
#5422 = LINE('',#5423,#5424);
#5423 = CARTESIAN_POINT('',(2.82,-0.32,-0.9));
#5424 = VECTOR('',#5425,1.);
#5425 = DIRECTION('',(0.,0.,1.));
#5426 = ORIENTED_EDGE('',*,*,#5427,.T.);
#5427 = EDGE_CURVE('',#5420,#5375,#5428,.T.);
#5428 = LINE('',#5429,#5430);
#5429 = CARTESIAN_POINT('',(2.82,-0.32,-0.9));
#5430 = VECTOR('',#5431,1.);
#5431 = DIRECTION('',(-1.,1.224646799147E-16,0.));
#5432 = ORIENTED_EDGE('',*,*,#5382,.T.);
#5433 = ORIENTED_EDGE('',*,*,#4990,.F.);
#5434 = PLANE('',#5435);
#5435 = AXIS2_PLACEMENT_3D('',#5436,#5437,#5438);
#5436 = CARTESIAN_POINT('',(2.82,-0.32,-0.9));
#5437 = DIRECTION('',(1.224646799147E-16,1.,0.));
#5438 = DIRECTION('',(0.,-0.,1.));
#5439 = ADVANCED_FACE('',(#5440),#5490,.F.);
#5440 = FACE_BOUND('',#5441,.F.);
#5441 = EDGE_LOOP('',(#5442,#5452,#5460,#5466,#5467,#5468,#5476,#5484));
#5442 = ORIENTED_EDGE('',*,*,#5443,.T.);
#5443 = EDGE_CURVE('',#5444,#5446,#5448,.T.);
#5444 = VERTEX_POINT('',#5445);
#5445 = CARTESIAN_POINT('',(2.82,0.351578947368,-3.2));
#5446 = VERTEX_POINT('',#5447);
#5447 = CARTESIAN_POINT('',(2.82,-0.288421052632,-3.2));
#5448 = LINE('',#5449,#5450);
#5449 = CARTESIAN_POINT('',(2.82,0.32,-3.2));
#5450 = VECTOR('',#5451,1.);
#5451 = DIRECTION('',(-1.224646799147E-16,-1.,0.));
#5452 = ORIENTED_EDGE('',*,*,#5453,.T.);
#5453 = EDGE_CURVE('',#5446,#5454,#5456,.T.);
#5454 = VERTEX_POINT('',#5455);
#5455 = CARTESIAN_POINT('',(2.82,-2.E-02,-1.5));
#5456 = LINE('',#5457,#5458);
#5457 = CARTESIAN_POINT('',(2.82,-0.32,-3.4));
#5458 = VECTOR('',#5459,1.);
#5459 = DIRECTION('',(1.909990663905E-17,0.155962573473,0.987762965329)
  );
#5460 = ORIENTED_EDGE('',*,*,#5461,.T.);
#5461 = EDGE_CURVE('',#5454,#5420,#5462,.T.);
#5462 = LINE('',#5463,#5464);
#5463 = CARTESIAN_POINT('',(2.82,-2.E-02,-1.5));
#5464 = VECTOR('',#5465,1.);
#5465 = DIRECTION('',(-5.476786982641E-17,-0.4472135955,0.894427191));
#5466 = ORIENTED_EDGE('',*,*,#5419,.T.);
#5467 = ORIENTED_EDGE('',*,*,#4982,.F.);
#5468 = ORIENTED_EDGE('',*,*,#5469,.T.);
#5469 = EDGE_CURVE('',#4975,#5470,#5472,.T.);
#5470 = VERTEX_POINT('',#5471);
#5471 = CARTESIAN_POINT('',(2.82,0.32,-0.9));
#5472 = LINE('',#5473,#5474);
#5473 = CARTESIAN_POINT('',(2.82,0.32,6.5));
#5474 = VECTOR('',#5475,1.);
#5475 = DIRECTION('',(-0.,0.,-1.));
#5476 = ORIENTED_EDGE('',*,*,#5477,.T.);
#5477 = EDGE_CURVE('',#5470,#5478,#5480,.T.);
#5478 = VERTEX_POINT('',#5479);
#5479 = CARTESIAN_POINT('',(2.82,0.62,-1.5));
#5480 = LINE('',#5481,#5482);
#5481 = CARTESIAN_POINT('',(2.82,0.32,-0.9));
#5482 = VECTOR('',#5483,1.);
#5483 = DIRECTION('',(5.476786982641E-17,0.4472135955,-0.894427191));
#5484 = ORIENTED_EDGE('',*,*,#5485,.T.);
#5485 = EDGE_CURVE('',#5478,#5444,#5486,.T.);
#5486 = LINE('',#5487,#5488);
#5487 = CARTESIAN_POINT('',(2.82,0.62,-1.5));
#5488 = VECTOR('',#5489,1.);
#5489 = DIRECTION('',(-1.909990663905E-17,-0.155962573473,
    -0.987762965329));
#5490 = PLANE('',#5491);
#5491 = AXIS2_PLACEMENT_3D('',#5492,#5493,#5494);
#5492 = CARTESIAN_POINT('',(2.82,3.65940088399E-02,1.522832428212));
#5493 = DIRECTION('',(-1.,1.224646799147E-16,0.));
#5494 = DIRECTION('',(0.,0.,1.));
#5495 = ADVANCED_FACE('',(#5496),#5507,.F.);
#5496 = FACE_BOUND('',#5497,.F.);
#5497 = EDGE_LOOP('',(#5498,#5499,#5500,#5501));
#5498 = ORIENTED_EDGE('',*,*,#5469,.F.);
#5499 = ORIENTED_EDGE('',*,*,#4974,.F.);
#5500 = ORIENTED_EDGE('',*,*,#5389,.T.);
#5501 = ORIENTED_EDGE('',*,*,#5502,.F.);
#5502 = EDGE_CURVE('',#5470,#5390,#5503,.T.);
#5503 = LINE('',#5504,#5505);
#5504 = CARTESIAN_POINT('',(2.82,0.32,-0.9));
#5505 = VECTOR('',#5506,1.);
#5506 = DIRECTION('',(-1.,1.224646799147E-16,0.));
#5507 = PLANE('',#5508);
#5508 = AXIS2_PLACEMENT_3D('',#5509,#5510,#5511);
#5509 = CARTESIAN_POINT('',(2.82,0.32,6.5));
#5510 = DIRECTION('',(-1.224646799147E-16,-1.,0.));
#5511 = DIRECTION('',(-0.,0.,-1.));
#5512 = ADVANCED_FACE('',(#5513),#5538,.F.);
#5513 = FACE_BOUND('',#5514,.T.);
#5514 = EDGE_LOOP('',(#5515,#5523,#5531,#5537));
#5515 = ORIENTED_EDGE('',*,*,#5516,.F.);
#5516 = EDGE_CURVE('',#5517,#5006,#5519,.T.);
#5517 = VERTEX_POINT('',#5518);
#5518 = CARTESIAN_POINT('',(-0.12,-0.12,6.5));
#5519 = LINE('',#5520,#5521);
#5520 = CARTESIAN_POINT('',(-0.146666666667,-0.146666666667,
    6.473333333333));
#5521 = VECTOR('',#5522,1.);
#5522 = DIRECTION('',(-0.57735026919,-0.57735026919,-0.57735026919));
#5523 = ORIENTED_EDGE('',*,*,#5524,.T.);
#5524 = EDGE_CURVE('',#5517,#5525,#5527,.T.);
#5525 = VERTEX_POINT('',#5526);
#5526 = CARTESIAN_POINT('',(-0.12,0.12,6.5));
#5527 = LINE('',#5528,#5529);
#5528 = CARTESIAN_POINT('',(-0.12,-0.32,6.5));
#5529 = VECTOR('',#5530,1.);
#5530 = DIRECTION('',(1.224646799147E-16,1.,0.));
#5531 = ORIENTED_EDGE('',*,*,#5532,.T.);
#5532 = EDGE_CURVE('',#5525,#5014,#5533,.T.);
#5533 = LINE('',#5534,#5535);
#5534 = CARTESIAN_POINT('',(-4.E-02,4.E-02,6.58));
#5535 = VECTOR('',#5536,1.);
#5536 = DIRECTION('',(-0.57735026919,0.57735026919,-0.57735026919));
#5537 = ORIENTED_EDGE('',*,*,#5013,.F.);
#5538 = PLANE('',#5539);
#5539 = AXIS2_PLACEMENT_3D('',#5540,#5541,#5542);
#5540 = CARTESIAN_POINT('',(-0.22,-0.32,6.4));
#5541 = DIRECTION('',(0.707106781187,-8.486018839685E-17,-0.707106781187
    ));
#5542 = DIRECTION('',(-1.212375546256E-16,-1.,-1.227125289196E-18));
#5543 = ADVANCED_FACE('',(#5544),#5562,.T.);
#5544 = FACE_BOUND('',#5545,.F.);
#5545 = EDGE_LOOP('',(#5546,#5554,#5555,#5556));
#5546 = ORIENTED_EDGE('',*,*,#5547,.T.);
#5547 = EDGE_CURVE('',#5548,#5036,#5550,.T.);
#5548 = VERTEX_POINT('',#5549);
#5549 = CARTESIAN_POINT('',(0.12,-0.12,6.5));
#5550 = LINE('',#5551,#5552);
#5551 = CARTESIAN_POINT('',(0.253333333333,-0.253333333333,
    6.366666666667));
#5552 = VECTOR('',#5553,1.);
#5553 = DIRECTION('',(0.57735026919,-0.57735026919,-0.57735026919));
#5554 = ORIENTED_EDGE('',*,*,#5045,.T.);
#5555 = ORIENTED_EDGE('',*,*,#5516,.F.);
#5556 = ORIENTED_EDGE('',*,*,#5557,.F.);
#5557 = EDGE_CURVE('',#5548,#5517,#5558,.T.);
#5558 = LINE('',#5559,#5560);
#5559 = CARTESIAN_POINT('',(0.32,-0.12,6.5));
#5560 = VECTOR('',#5561,1.);
#5561 = DIRECTION('',(-1.,1.224646799147E-16,0.));
#5562 = PLANE('',#5563);
#5563 = AXIS2_PLACEMENT_3D('',#5564,#5565,#5566);
#5564 = CARTESIAN_POINT('',(0.32,-0.22,6.4));
#5565 = DIRECTION('',(-8.833102285013E-17,-0.707106781187,0.707106781187
    ));
#5566 = DIRECTION('',(1.,-1.236918052038E-16,1.227125289097E-18));
#5567 = ADVANCED_FACE('',(#5568),#5586,.T.);
#5568 = FACE_BOUND('',#5569,.F.);
#5569 = EDGE_LOOP('',(#5570,#5571,#5579,#5585));
#5570 = ORIENTED_EDGE('',*,*,#5547,.F.);
#5571 = ORIENTED_EDGE('',*,*,#5572,.T.);
#5572 = EDGE_CURVE('',#5548,#5573,#5575,.T.);
#5573 = VERTEX_POINT('',#5574);
#5574 = CARTESIAN_POINT('',(0.12,0.12,6.5));
#5575 = LINE('',#5576,#5577);
#5576 = CARTESIAN_POINT('',(0.12,-0.32,6.5));
#5577 = VECTOR('',#5578,1.);
#5578 = DIRECTION('',(1.224646799147E-16,1.,0.));
#5579 = ORIENTED_EDGE('',*,*,#5580,.T.);
#5580 = EDGE_CURVE('',#5573,#5062,#5581,.T.);
#5581 = LINE('',#5582,#5583);
#5582 = CARTESIAN_POINT('',(0.146666666667,0.146666666667,6.473333333333
    ));
#5583 = VECTOR('',#5584,1.);
#5584 = DIRECTION('',(0.57735026919,0.57735026919,-0.57735026919));
#5585 = ORIENTED_EDGE('',*,*,#5061,.F.);
#5586 = PLANE('',#5587);
#5587 = AXIS2_PLACEMENT_3D('',#5588,#5589,#5590);
#5588 = CARTESIAN_POINT('',(0.22,-0.32,6.4));
#5589 = DIRECTION('',(0.707106781187,-8.833102285013E-17,0.707106781187)
  );
#5590 = DIRECTION('',(-1.236918052038E-16,-1.,-1.227125289097E-18));
#5591 = ADVANCED_FACE('',(#5592),#5603,.T.);
#5592 = FACE_BOUND('',#5593,.F.);
#5593 = EDGE_LOOP('',(#5594,#5595,#5601,#5602));
#5594 = ORIENTED_EDGE('',*,*,#5580,.F.);
#5595 = ORIENTED_EDGE('',*,*,#5596,.T.);
#5596 = EDGE_CURVE('',#5573,#5525,#5597,.T.);
#5597 = LINE('',#5598,#5599);
#5598 = CARTESIAN_POINT('',(0.32,0.12,6.5));
#5599 = VECTOR('',#5600,1.);
#5600 = DIRECTION('',(-1.,1.224646799147E-16,0.));
#5601 = ORIENTED_EDGE('',*,*,#5532,.T.);
#5602 = ORIENTED_EDGE('',*,*,#5084,.F.);
#5603 = PLANE('',#5604);
#5604 = AXIS2_PLACEMENT_3D('',#5605,#5606,#5607);
#5605 = CARTESIAN_POINT('',(0.32,0.22,6.4));
#5606 = DIRECTION('',(8.833102285013E-17,0.707106781187,0.707106781187)
  );
#5607 = DIRECTION('',(1.,-1.236918052038E-16,-1.227125289097E-18));
#5608 = ADVANCED_FACE('',(#5609),#5634,.F.);
#5609 = FACE_BOUND('',#5610,.T.);
#5610 = EDGE_LOOP('',(#5611,#5619,#5627,#5633));
#5611 = ORIENTED_EDGE('',*,*,#5612,.F.);
#5612 = EDGE_CURVE('',#5613,#5102,#5615,.T.);
#5613 = VERTEX_POINT('',#5614);
#5614 = CARTESIAN_POINT('',(2.38,-0.12,6.5));
#5615 = LINE('',#5616,#5617);
#5616 = CARTESIAN_POINT('',(2.353333333333,-0.146666666667,
    6.473333333333));
#5617 = VECTOR('',#5618,1.);
#5618 = DIRECTION('',(-0.57735026919,-0.57735026919,-0.57735026919));
#5619 = ORIENTED_EDGE('',*,*,#5620,.T.);
#5620 = EDGE_CURVE('',#5613,#5621,#5623,.T.);
#5621 = VERTEX_POINT('',#5622);
#5622 = CARTESIAN_POINT('',(2.38,0.12,6.5));
#5623 = LINE('',#5624,#5625);
#5624 = CARTESIAN_POINT('',(2.38,-0.32,6.5));
#5625 = VECTOR('',#5626,1.);
#5626 = DIRECTION('',(1.224646799147E-16,1.,0.));
#5627 = ORIENTED_EDGE('',*,*,#5628,.T.);
#5628 = EDGE_CURVE('',#5621,#5110,#5629,.T.);
#5629 = LINE('',#5630,#5631);
#5630 = CARTESIAN_POINT('',(2.46,4.E-02,6.58));
#5631 = VECTOR('',#5632,1.);
#5632 = DIRECTION('',(-0.57735026919,0.57735026919,-0.57735026919));
#5633 = ORIENTED_EDGE('',*,*,#5109,.F.);
#5634 = PLANE('',#5635);
#5635 = AXIS2_PLACEMENT_3D('',#5636,#5637,#5638);
#5636 = CARTESIAN_POINT('',(2.28,-0.32,6.4));
#5637 = DIRECTION('',(0.707106781187,-8.486018839685E-17,-0.707106781187
    ));
#5638 = DIRECTION('',(-1.212375546256E-16,-1.,-1.227125289196E-18));
#5639 = ADVANCED_FACE('',(#5640),#5658,.T.);
#5640 = FACE_BOUND('',#5641,.F.);
#5641 = EDGE_LOOP('',(#5642,#5650,#5651,#5652));
#5642 = ORIENTED_EDGE('',*,*,#5643,.T.);
#5643 = EDGE_CURVE('',#5644,#5132,#5646,.T.);
#5644 = VERTEX_POINT('',#5645);
#5645 = CARTESIAN_POINT('',(2.62,-0.12,6.5));
#5646 = LINE('',#5647,#5648);
#5647 = CARTESIAN_POINT('',(2.753333333333,-0.253333333333,
    6.366666666667));
#5648 = VECTOR('',#5649,1.);
#5649 = DIRECTION('',(0.57735026919,-0.57735026919,-0.57735026919));
#5650 = ORIENTED_EDGE('',*,*,#5141,.T.);
#5651 = ORIENTED_EDGE('',*,*,#5612,.F.);
#5652 = ORIENTED_EDGE('',*,*,#5653,.F.);
#5653 = EDGE_CURVE('',#5644,#5613,#5654,.T.);
#5654 = LINE('',#5655,#5656);
#5655 = CARTESIAN_POINT('',(2.82,-0.12,6.5));
#5656 = VECTOR('',#5657,1.);
#5657 = DIRECTION('',(-1.,1.224646799147E-16,0.));
#5658 = PLANE('',#5659);
#5659 = AXIS2_PLACEMENT_3D('',#5660,#5661,#5662);
#5660 = CARTESIAN_POINT('',(2.82,-0.22,6.4));
#5661 = DIRECTION('',(-8.833102285013E-17,-0.707106781187,0.707106781187
    ));
#5662 = DIRECTION('',(1.,-1.236918052038E-16,1.227125289097E-18));
#5663 = ADVANCED_FACE('',(#5664),#5682,.T.);
#5664 = FACE_BOUND('',#5665,.F.);
#5665 = EDGE_LOOP('',(#5666,#5667,#5675,#5681));
#5666 = ORIENTED_EDGE('',*,*,#5643,.F.);
#5667 = ORIENTED_EDGE('',*,*,#5668,.T.);
#5668 = EDGE_CURVE('',#5644,#5669,#5671,.T.);
#5669 = VERTEX_POINT('',#5670);
#5670 = CARTESIAN_POINT('',(2.62,0.12,6.5));
#5671 = LINE('',#5672,#5673);
#5672 = CARTESIAN_POINT('',(2.62,-0.32,6.5));
#5673 = VECTOR('',#5674,1.);
#5674 = DIRECTION('',(1.224646799147E-16,1.,0.));
#5675 = ORIENTED_EDGE('',*,*,#5676,.T.);
#5676 = EDGE_CURVE('',#5669,#5158,#5677,.T.);
#5677 = LINE('',#5678,#5679);
#5678 = CARTESIAN_POINT('',(2.646666666667,0.146666666667,6.473333333333
    ));
#5679 = VECTOR('',#5680,1.);
#5680 = DIRECTION('',(0.57735026919,0.57735026919,-0.57735026919));
#5681 = ORIENTED_EDGE('',*,*,#5157,.F.);
#5682 = PLANE('',#5683);
#5683 = AXIS2_PLACEMENT_3D('',#5684,#5685,#5686);
#5684 = CARTESIAN_POINT('',(2.72,-0.32,6.4));
#5685 = DIRECTION('',(0.707106781187,-8.833102285013E-17,0.707106781187)
  );
#5686 = DIRECTION('',(-1.236918052038E-16,-1.,-1.227125289097E-18));
#5687 = ADVANCED_FACE('',(#5688),#5699,.T.);
#5688 = FACE_BOUND('',#5689,.F.);
#5689 = EDGE_LOOP('',(#5690,#5691,#5697,#5698));
#5690 = ORIENTED_EDGE('',*,*,#5676,.F.);
#5691 = ORIENTED_EDGE('',*,*,#5692,.T.);
#5692 = EDGE_CURVE('',#5669,#5621,#5693,.T.);
#5693 = LINE('',#5694,#5695);
#5694 = CARTESIAN_POINT('',(2.82,0.12,6.5));
#5695 = VECTOR('',#5696,1.);
#5696 = DIRECTION('',(-1.,1.224646799147E-16,0.));
#5697 = ORIENTED_EDGE('',*,*,#5628,.T.);
#5698 = ORIENTED_EDGE('',*,*,#5180,.F.);
#5699 = PLANE('',#5700);
#5700 = AXIS2_PLACEMENT_3D('',#5701,#5702,#5703);
#5701 = CARTESIAN_POINT('',(2.82,0.22,6.4));
#5702 = DIRECTION('',(8.833102285013E-17,0.707106781187,0.707106781187)
  );
#5703 = DIRECTION('',(1.,-1.236918052038E-16,-1.227125289097E-18));
#5704 = ADVANCED_FACE('',(#5705),#5746,.F.);
#5705 = FACE_BOUND('',#5706,.T.);
#5706 = EDGE_LOOP('',(#5707,#5717,#5723,#5724,#5732,#5740));
#5707 = ORIENTED_EDGE('',*,*,#5708,.T.);
#5708 = EDGE_CURVE('',#5709,#5711,#5713,.T.);
#5709 = VERTEX_POINT('',#5710);
#5710 = CARTESIAN_POINT('',(-0.12,-0.12,-3.4));
#5711 = VERTEX_POINT('',#5712);
#5712 = CARTESIAN_POINT('',(-0.317552593066,-0.288807485305,
    -3.202447406934));
#5713 = LINE('',#5714,#5715);
#5714 = CARTESIAN_POINT('',(-3.848855660758E-02,-5.034896900541E-02,
    -3.481511443392));
#5715 = VECTOR('',#5716,1.);
#5716 = DIRECTION('',(-0.605209817607,-0.517148096144,0.605209817607));
#5717 = ORIENTED_EDGE('',*,*,#5718,.T.);
#5718 = EDGE_CURVE('',#5711,#5199,#5719,.T.);
#5719 = LINE('',#5720,#5721);
#5720 = CARTESIAN_POINT('',(-8.569083447332E-02,-0.325417236662,
    -3.434309165527));
#5721 = VECTOR('',#5722,1.);
#5722 = DIRECTION('',(-0.702740385383,0.110959008218,0.702740385383));
#5723 = ORIENTED_EDGE('',*,*,#5196,.F.);
#5724 = ORIENTED_EDGE('',*,*,#5725,.F.);
#5725 = EDGE_CURVE('',#5726,#5197,#5728,.T.);
#5726 = VERTEX_POINT('',#5727);
#5727 = CARTESIAN_POINT('',(-0.317552593066,0.351192514695,
    -3.202447406934));
#5728 = LINE('',#5729,#5730);
#5729 = CARTESIAN_POINT('',(-0.541586867305,0.386566347469,
    -2.978413132695));
#5730 = VECTOR('',#5731,1.);
#5731 = DIRECTION('',(-0.702740385383,0.110959008218,0.702740385383));
#5732 = ORIENTED_EDGE('',*,*,#5733,.F.);
#5733 = EDGE_CURVE('',#5734,#5726,#5736,.T.);
#5734 = VERTEX_POINT('',#5735);
#5735 = CARTESIAN_POINT('',(-0.12,0.12,-3.4));
#5736 = LINE('',#5737,#5738);
#5737 = CARTESIAN_POINT('',(-0.153849098111,0.159613036666,
    -3.366150901889));
#5738 = VECTOR('',#5739,1.);
#5739 = DIRECTION('',(-0.544770019249,0.63753529491,0.544770019249));
#5740 = ORIENTED_EDGE('',*,*,#5741,.T.);
#5741 = EDGE_CURVE('',#5734,#5709,#5742,.T.);
#5742 = LINE('',#5743,#5744);
#5743 = CARTESIAN_POINT('',(-0.12,0.32,-3.4));
#5744 = VECTOR('',#5745,1.);
#5745 = DIRECTION('',(-1.224646799147E-16,-1.,0.));
#5746 = PLANE('',#5747);
#5747 = AXIS2_PLACEMENT_3D('',#5748,#5749,#5750);
#5748 = CARTESIAN_POINT('',(-0.22,0.32,-3.3));
#5749 = DIRECTION('',(0.707106781187,-8.833102285013E-17,0.707106781187)
  );
#5750 = DIRECTION('',(1.236918052038E-16,1.,1.227125289097E-18));
#5751 = ADVANCED_FACE('',(#5752),#5777,.F.);
#5752 = FACE_BOUND('',#5753,.F.);
#5753 = EDGE_LOOP('',(#5754,#5755,#5761,#5762,#5763,#5771));
#5754 = ORIENTED_EDGE('',*,*,#5325,.F.);
#5755 = ORIENTED_EDGE('',*,*,#5756,.T.);
#5756 = EDGE_CURVE('',#5318,#5238,#5757,.T.);
#5757 = LINE('',#5758,#5759);
#5758 = CARTESIAN_POINT('',(0.32,0.62,-1.5));
#5759 = VECTOR('',#5760,1.);
#5760 = DIRECTION('',(-1.,1.224646799147E-16,0.));
#5761 = ORIENTED_EDGE('',*,*,#5245,.T.);
#5762 = ORIENTED_EDGE('',*,*,#5725,.F.);
#5763 = ORIENTED_EDGE('',*,*,#5764,.F.);
#5764 = EDGE_CURVE('',#5765,#5726,#5767,.T.);
#5765 = VERTEX_POINT('',#5766);
#5766 = CARTESIAN_POINT('',(0.317552593066,0.351192514695,
    -3.202447406934));
#5767 = LINE('',#5768,#5769);
#5768 = CARTESIAN_POINT('',(0.32,0.351192514695,-3.202447406934));
#5769 = VECTOR('',#5770,1.);
#5770 = DIRECTION('',(-1.,1.224646799147E-16,0.));
#5771 = ORIENTED_EDGE('',*,*,#5772,.T.);
#5772 = EDGE_CURVE('',#5765,#5284,#5773,.T.);
#5773 = LINE('',#5774,#5775);
#5774 = CARTESIAN_POINT('',(0.699616963064,0.411518467852,
    -2.820383036936));
#5775 = VECTOR('',#5776,1.);
#5776 = DIRECTION('',(0.702740385383,0.110959008218,0.702740385383));
#5777 = PLANE('',#5778);
#5778 = AXIS2_PLACEMENT_3D('',#5779,#5780,#5781);
#5779 = CARTESIAN_POINT('',(0.32,0.62,-1.5));
#5780 = DIRECTION('',(-1.209660753807E-16,-0.987762965329,0.155962573473
    ));
#5781 = DIRECTION('',(-1.909990663905E-17,-0.155962573473,
    -0.987762965329));
#5782 = ADVANCED_FACE('',(#5783),#5789,.F.);
#5783 = FACE_BOUND('',#5784,.F.);
#5784 = EDGE_LOOP('',(#5785,#5786,#5787,#5788));
#5785 = ORIENTED_EDGE('',*,*,#5342,.T.);
#5786 = ORIENTED_EDGE('',*,*,#5237,.T.);
#5787 = ORIENTED_EDGE('',*,*,#5756,.F.);
#5788 = ORIENTED_EDGE('',*,*,#5317,.F.);
#5789 = PLANE('',#5790);
#5790 = AXIS2_PLACEMENT_3D('',#5791,#5792,#5793);
#5791 = CARTESIAN_POINT('',(0.32,0.32,-0.9));
#5792 = DIRECTION('',(-1.095357396528E-16,-0.894427191,-0.4472135955));
#5793 = DIRECTION('',(5.476786982641E-17,0.4472135955,-0.894427191));
#5794 = ADVANCED_FACE('',(#5795),#5806,.F.);
#5795 = FACE_BOUND('',#5796,.F.);
#5796 = EDGE_LOOP('',(#5797,#5803,#5804,#5805));
#5797 = ORIENTED_EDGE('',*,*,#5798,.T.);
#5798 = EDGE_CURVE('',#5294,#5207,#5799,.T.);
#5799 = LINE('',#5800,#5801);
#5800 = CARTESIAN_POINT('',(0.32,-2.E-02,-1.5));
#5801 = VECTOR('',#5802,1.);
#5802 = DIRECTION('',(-1.,1.224646799147E-16,0.));
#5803 = ORIENTED_EDGE('',*,*,#5214,.T.);
#5804 = ORIENTED_EDGE('',*,*,#5267,.F.);
#5805 = ORIENTED_EDGE('',*,*,#5301,.F.);
#5806 = PLANE('',#5807);
#5807 = AXIS2_PLACEMENT_3D('',#5808,#5809,#5810);
#5808 = CARTESIAN_POINT('',(0.32,-2.E-02,-1.5));
#5809 = DIRECTION('',(1.095357396528E-16,0.894427191,0.4472135955));
#5810 = DIRECTION('',(-5.476786982641E-17,-0.4472135955,0.894427191));
#5811 = ADVANCED_FACE('',(#5812),#5832,.F.);
#5812 = FACE_BOUND('',#5813,.F.);
#5813 = EDGE_LOOP('',(#5814,#5815,#5823,#5829,#5830,#5831));
#5814 = ORIENTED_EDGE('',*,*,#5293,.F.);
#5815 = ORIENTED_EDGE('',*,*,#5816,.F.);
#5816 = EDGE_CURVE('',#5817,#5286,#5819,.T.);
#5817 = VERTEX_POINT('',#5818);
#5818 = CARTESIAN_POINT('',(0.317552593066,-0.288807485305,
    -3.202447406934));
#5819 = LINE('',#5820,#5821);
#5820 = CARTESIAN_POINT('',(0.243720930233,-0.300465116279,
    -3.276279069767));
#5821 = VECTOR('',#5822,1.);
#5822 = DIRECTION('',(0.702740385383,0.110959008218,0.702740385383));
#5823 = ORIENTED_EDGE('',*,*,#5824,.T.);
#5824 = EDGE_CURVE('',#5817,#5711,#5825,.T.);
#5825 = LINE('',#5826,#5827);
#5826 = CARTESIAN_POINT('',(0.32,-0.288807485305,-3.202447406934));
#5827 = VECTOR('',#5828,1.);
#5828 = DIRECTION('',(-1.,1.224646799147E-16,0.));
#5829 = ORIENTED_EDGE('',*,*,#5718,.T.);
#5830 = ORIENTED_EDGE('',*,*,#5206,.T.);
#5831 = ORIENTED_EDGE('',*,*,#5798,.F.);
#5832 = PLANE('',#5833);
#5833 = AXIS2_PLACEMENT_3D('',#5834,#5835,#5836);
#5834 = CARTESIAN_POINT('',(0.32,-0.32,-3.4));
#5835 = DIRECTION('',(1.209660753807E-16,0.987762965329,-0.155962573473)
  );
#5836 = DIRECTION('',(1.909990663905E-17,0.155962573473,0.987762965329)
  );
#5837 = ADVANCED_FACE('',(#5838),#5865,.T.);
#5838 = FACE_BOUND('',#5839,.F.);
#5839 = EDGE_LOOP('',(#5840,#5848,#5849,#5850,#5851,#5859));
#5840 = ORIENTED_EDGE('',*,*,#5841,.T.);
#5841 = EDGE_CURVE('',#5842,#5817,#5844,.T.);
#5842 = VERTEX_POINT('',#5843);
#5843 = CARTESIAN_POINT('',(0.12,-0.12,-3.4));
#5844 = LINE('',#5845,#5846);
#5845 = CARTESIAN_POINT('',(0.155697812072,-0.150503562587,
    -3.364302187928));
#5846 = VECTOR('',#5847,1.);
#5847 = DIRECTION('',(0.605209817607,-0.517148096144,0.605209817607));
#5848 = ORIENTED_EDGE('',*,*,#5816,.T.);
#5849 = ORIENTED_EDGE('',*,*,#5283,.F.);
#5850 = ORIENTED_EDGE('',*,*,#5772,.F.);
#5851 = ORIENTED_EDGE('',*,*,#5852,.F.);
#5852 = EDGE_CURVE('',#5853,#5765,#5855,.T.);
#5853 = VERTEX_POINT('',#5854);
#5854 = CARTESIAN_POINT('',(0.12,0.12,-3.4));
#5855 = LINE('',#5856,#5857);
#5856 = CARTESIAN_POINT('',(0.24881689775,0.270752273427,-3.27118310225)
  );
#5857 = VECTOR('',#5858,1.);
#5858 = DIRECTION('',(0.544770019249,0.63753529491,0.544770019249));
#5859 = ORIENTED_EDGE('',*,*,#5860,.T.);
#5860 = EDGE_CURVE('',#5853,#5842,#5861,.T.);
#5861 = LINE('',#5862,#5863);
#5862 = CARTESIAN_POINT('',(0.12,0.32,-3.4));
#5863 = VECTOR('',#5864,1.);
#5864 = DIRECTION('',(-1.224646799147E-16,-1.,0.));
#5865 = PLANE('',#5866);
#5866 = AXIS2_PLACEMENT_3D('',#5867,#5868,#5869);
#5867 = CARTESIAN_POINT('',(0.22,0.32,-3.3));
#5868 = DIRECTION('',(0.707106781187,-8.486018839685E-17,-0.707106781187
    ));
#5869 = DIRECTION('',(1.212375546256E-16,1.,1.227125289196E-18));
#5870 = ADVANCED_FACE('',(#5871),#5912,.F.);
#5871 = FACE_BOUND('',#5872,.T.);
#5872 = EDGE_LOOP('',(#5873,#5883,#5889,#5890,#5898,#5906));
#5873 = ORIENTED_EDGE('',*,*,#5874,.T.);
#5874 = EDGE_CURVE('',#5875,#5877,#5879,.T.);
#5875 = VERTEX_POINT('',#5876);
#5876 = CARTESIAN_POINT('',(2.38,-0.12,-3.4));
#5877 = VERTEX_POINT('',#5878);
#5878 = CARTESIAN_POINT('',(2.182447406934,-0.288807485305,
    -3.202447406934));
#5879 = LINE('',#5880,#5881);
#5880 = CARTESIAN_POINT('',(2.461511443392,-5.034896900541E-02,
    -3.481511443392));
#5881 = VECTOR('',#5882,1.);
#5882 = DIRECTION('',(-0.605209817607,-0.517148096144,0.605209817607));
#5883 = ORIENTED_EDGE('',*,*,#5884,.T.);
#5884 = EDGE_CURVE('',#5877,#5359,#5885,.T.);
#5885 = LINE('',#5886,#5887);
#5886 = CARTESIAN_POINT('',(2.414309165527,-0.325417236662,
    -3.434309165527));
#5887 = VECTOR('',#5888,1.);
#5888 = DIRECTION('',(-0.702740385383,0.110959008218,0.702740385383));
#5889 = ORIENTED_EDGE('',*,*,#5356,.F.);
#5890 = ORIENTED_EDGE('',*,*,#5891,.F.);
#5891 = EDGE_CURVE('',#5892,#5357,#5894,.T.);
#5892 = VERTEX_POINT('',#5893);
#5893 = CARTESIAN_POINT('',(2.182447406934,0.351192514695,
    -3.202447406934));
#5894 = LINE('',#5895,#5896);
#5895 = CARTESIAN_POINT('',(1.958413132695,0.386566347469,
    -2.978413132695));
#5896 = VECTOR('',#5897,1.);
#5897 = DIRECTION('',(-0.702740385383,0.110959008218,0.702740385383));
#5898 = ORIENTED_EDGE('',*,*,#5899,.F.);
#5899 = EDGE_CURVE('',#5900,#5892,#5902,.T.);
#5900 = VERTEX_POINT('',#5901);
#5901 = CARTESIAN_POINT('',(2.38,0.12,-3.4));
#5902 = LINE('',#5903,#5904);
#5903 = CARTESIAN_POINT('',(2.346150901889,0.159613036666,
    -3.366150901889));
#5904 = VECTOR('',#5905,1.);
#5905 = DIRECTION('',(-0.544770019249,0.63753529491,0.544770019249));
#5906 = ORIENTED_EDGE('',*,*,#5907,.T.);
#5907 = EDGE_CURVE('',#5900,#5875,#5908,.T.);
#5908 = LINE('',#5909,#5910);
#5909 = CARTESIAN_POINT('',(2.38,0.32,-3.4));
#5910 = VECTOR('',#5911,1.);
#5911 = DIRECTION('',(-1.224646799147E-16,-1.,0.));
#5912 = PLANE('',#5913);
#5913 = AXIS2_PLACEMENT_3D('',#5914,#5915,#5916);
#5914 = CARTESIAN_POINT('',(2.28,0.32,-3.3));
#5915 = DIRECTION('',(0.707106781187,-8.833102285013E-17,0.707106781187)
  );
#5916 = DIRECTION('',(1.236918052038E-16,1.,1.227125289097E-18));
#5917 = ADVANCED_FACE('',(#5918),#5943,.F.);
#5918 = FACE_BOUND('',#5919,.F.);
#5919 = EDGE_LOOP('',(#5920,#5921,#5927,#5928,#5929,#5937));
#5920 = ORIENTED_EDGE('',*,*,#5485,.F.);
#5921 = ORIENTED_EDGE('',*,*,#5922,.T.);
#5922 = EDGE_CURVE('',#5478,#5398,#5923,.T.);
#5923 = LINE('',#5924,#5925);
#5924 = CARTESIAN_POINT('',(2.82,0.62,-1.5));
#5925 = VECTOR('',#5926,1.);
#5926 = DIRECTION('',(-1.,1.224646799147E-16,0.));
#5927 = ORIENTED_EDGE('',*,*,#5405,.T.);
#5928 = ORIENTED_EDGE('',*,*,#5891,.F.);
#5929 = ORIENTED_EDGE('',*,*,#5930,.F.);
#5930 = EDGE_CURVE('',#5931,#5892,#5933,.T.);
#5931 = VERTEX_POINT('',#5932);
#5932 = CARTESIAN_POINT('',(2.817552593066,0.351192514695,
    -3.202447406934));
#5933 = LINE('',#5934,#5935);
#5934 = CARTESIAN_POINT('',(2.82,0.351192514695,-3.202447406934));
#5935 = VECTOR('',#5936,1.);
#5936 = DIRECTION('',(-1.,1.224646799147E-16,0.));
#5937 = ORIENTED_EDGE('',*,*,#5938,.T.);
#5938 = EDGE_CURVE('',#5931,#5444,#5939,.T.);
#5939 = LINE('',#5940,#5941);
#5940 = CARTESIAN_POINT('',(3.199616963064,0.411518467852,
    -2.820383036936));
#5941 = VECTOR('',#5942,1.);
#5942 = DIRECTION('',(0.702740385383,0.110959008218,0.702740385383));
#5943 = PLANE('',#5944);
#5944 = AXIS2_PLACEMENT_3D('',#5945,#5946,#5947);
#5945 = CARTESIAN_POINT('',(2.82,0.62,-1.5));
#5946 = DIRECTION('',(-1.209660753807E-16,-0.987762965329,0.155962573473
    ));
#5947 = DIRECTION('',(-1.909990663905E-17,-0.155962573473,
    -0.987762965329));
#5948 = ADVANCED_FACE('',(#5949),#5955,.F.);
#5949 = FACE_BOUND('',#5950,.F.);
#5950 = EDGE_LOOP('',(#5951,#5952,#5953,#5954));
#5951 = ORIENTED_EDGE('',*,*,#5502,.T.);
#5952 = ORIENTED_EDGE('',*,*,#5397,.T.);
#5953 = ORIENTED_EDGE('',*,*,#5922,.F.);
#5954 = ORIENTED_EDGE('',*,*,#5477,.F.);
#5955 = PLANE('',#5956);
#5956 = AXIS2_PLACEMENT_3D('',#5957,#5958,#5959);
#5957 = CARTESIAN_POINT('',(2.82,0.32,-0.9));
#5958 = DIRECTION('',(-1.095357396528E-16,-0.894427191,-0.4472135955));
#5959 = DIRECTION('',(5.476786982641E-17,0.4472135955,-0.894427191));
#5960 = ADVANCED_FACE('',(#5961),#5972,.F.);
#5961 = FACE_BOUND('',#5962,.F.);
#5962 = EDGE_LOOP('',(#5963,#5969,#5970,#5971));
#5963 = ORIENTED_EDGE('',*,*,#5964,.T.);
#5964 = EDGE_CURVE('',#5454,#5367,#5965,.T.);
#5965 = LINE('',#5966,#5967);
#5966 = CARTESIAN_POINT('',(2.82,-2.E-02,-1.5));
#5967 = VECTOR('',#5968,1.);
#5968 = DIRECTION('',(-1.,1.224646799147E-16,0.));
#5969 = ORIENTED_EDGE('',*,*,#5374,.T.);
#5970 = ORIENTED_EDGE('',*,*,#5427,.F.);
#5971 = ORIENTED_EDGE('',*,*,#5461,.F.);
#5972 = PLANE('',#5973);
#5973 = AXIS2_PLACEMENT_3D('',#5974,#5975,#5976);
#5974 = CARTESIAN_POINT('',(2.82,-2.E-02,-1.5));
#5975 = DIRECTION('',(1.095357396528E-16,0.894427191,0.4472135955));
#5976 = DIRECTION('',(-5.476786982641E-17,-0.4472135955,0.894427191));
#5977 = ADVANCED_FACE('',(#5978),#5998,.F.);
#5978 = FACE_BOUND('',#5979,.F.);
#5979 = EDGE_LOOP('',(#5980,#5981,#5989,#5995,#5996,#5997));
#5980 = ORIENTED_EDGE('',*,*,#5453,.F.);
#5981 = ORIENTED_EDGE('',*,*,#5982,.F.);
#5982 = EDGE_CURVE('',#5983,#5446,#5985,.T.);
#5983 = VERTEX_POINT('',#5984);
#5984 = CARTESIAN_POINT('',(2.817552593066,-0.288807485305,
    -3.202447406934));
#5985 = LINE('',#5986,#5987);
#5986 = CARTESIAN_POINT('',(2.743720930233,-0.300465116279,
    -3.276279069767));
#5987 = VECTOR('',#5988,1.);
#5988 = DIRECTION('',(0.702740385383,0.110959008218,0.702740385383));
#5989 = ORIENTED_EDGE('',*,*,#5990,.T.);
#5990 = EDGE_CURVE('',#5983,#5877,#5991,.T.);
#5991 = LINE('',#5992,#5993);
#5992 = CARTESIAN_POINT('',(2.82,-0.288807485305,-3.202447406934));
#5993 = VECTOR('',#5994,1.);
#5994 = DIRECTION('',(-1.,1.224646799147E-16,0.));
#5995 = ORIENTED_EDGE('',*,*,#5884,.T.);
#5996 = ORIENTED_EDGE('',*,*,#5366,.T.);
#5997 = ORIENTED_EDGE('',*,*,#5964,.F.);
#5998 = PLANE('',#5999);
#5999 = AXIS2_PLACEMENT_3D('',#6000,#6001,#6002);
#6000 = CARTESIAN_POINT('',(2.82,-0.32,-3.4));
#6001 = DIRECTION('',(1.209660753807E-16,0.987762965329,-0.155962573473)
  );
#6002 = DIRECTION('',(1.909990663905E-17,0.155962573473,0.987762965329)
  );
#6003 = ADVANCED_FACE('',(#6004),#6031,.T.);
#6004 = FACE_BOUND('',#6005,.F.);
#6005 = EDGE_LOOP('',(#6006,#6014,#6015,#6016,#6017,#6025));
#6006 = ORIENTED_EDGE('',*,*,#6007,.T.);
#6007 = EDGE_CURVE('',#6008,#5983,#6010,.T.);
#6008 = VERTEX_POINT('',#6009);
#6009 = CARTESIAN_POINT('',(2.62,-0.12,-3.4));
#6010 = LINE('',#6011,#6012);
#6011 = CARTESIAN_POINT('',(2.655697812072,-0.150503562587,
    -3.364302187928));
#6012 = VECTOR('',#6013,1.);
#6013 = DIRECTION('',(0.605209817607,-0.517148096144,0.605209817607));
#6014 = ORIENTED_EDGE('',*,*,#5982,.T.);
#6015 = ORIENTED_EDGE('',*,*,#5443,.F.);
#6016 = ORIENTED_EDGE('',*,*,#5938,.F.);
#6017 = ORIENTED_EDGE('',*,*,#6018,.F.);
#6018 = EDGE_CURVE('',#6019,#5931,#6021,.T.);
#6019 = VERTEX_POINT('',#6020);
#6020 = CARTESIAN_POINT('',(2.62,0.12,-3.4));
#6021 = LINE('',#6022,#6023);
#6022 = CARTESIAN_POINT('',(2.74881689775,0.270752273427,-3.27118310225)
  );
#6023 = VECTOR('',#6024,1.);
#6024 = DIRECTION('',(0.544770019249,0.63753529491,0.544770019249));
#6025 = ORIENTED_EDGE('',*,*,#6026,.T.);
#6026 = EDGE_CURVE('',#6019,#6008,#6027,.T.);
#6027 = LINE('',#6028,#6029);
#6028 = CARTESIAN_POINT('',(2.62,0.32,-3.4));
#6029 = VECTOR('',#6030,1.);
#6030 = DIRECTION('',(-1.224646799147E-16,-1.,0.));
#6031 = PLANE('',#6032);
#6032 = AXIS2_PLACEMENT_3D('',#6033,#6034,#6035);
#6033 = CARTESIAN_POINT('',(2.72,0.32,-3.3));
#6034 = DIRECTION('',(0.707106781187,-8.486018839685E-17,-0.707106781187
    ));
#6035 = DIRECTION('',(1.212375546256E-16,1.,1.227125289196E-18));
#6036 = ADVANCED_FACE('',(#6037),#6043,.F.);
#6037 = FACE_BOUND('',#6038,.F.);
#6038 = EDGE_LOOP('',(#6039,#6040,#6041,#6042));
#6039 = ORIENTED_EDGE('',*,*,#5524,.T.);
#6040 = ORIENTED_EDGE('',*,*,#5596,.F.);
#6041 = ORIENTED_EDGE('',*,*,#5572,.F.);
#6042 = ORIENTED_EDGE('',*,*,#5557,.T.);
#6043 = PLANE('',#6044);
#6044 = AXIS2_PLACEMENT_3D('',#6045,#6046,#6047);
#6045 = CARTESIAN_POINT('',(0.32,-0.32,6.5));
#6046 = DIRECTION('',(-0.,0.,-1.));
#6047 = DIRECTION('',(1.224646799147E-16,1.,0.));
#6048 = ADVANCED_FACE('',(#6049),#6055,.F.);
#6049 = FACE_BOUND('',#6050,.F.);
#6050 = EDGE_LOOP('',(#6051,#6052,#6053,#6054));
#6051 = ORIENTED_EDGE('',*,*,#5620,.T.);
#6052 = ORIENTED_EDGE('',*,*,#5692,.F.);
#6053 = ORIENTED_EDGE('',*,*,#5668,.F.);
#6054 = ORIENTED_EDGE('',*,*,#5653,.T.);
#6055 = PLANE('',#6056);
#6056 = AXIS2_PLACEMENT_3D('',#6057,#6058,#6059);
#6057 = CARTESIAN_POINT('',(2.82,-0.32,6.5));
#6058 = DIRECTION('',(-0.,0.,-1.));
#6059 = DIRECTION('',(1.224646799147E-16,1.,0.));
#6060 = ADVANCED_FACE('',(#6061),#6072,.T.);
#6061 = FACE_BOUND('',#6062,.F.);
#6062 = EDGE_LOOP('',(#6063,#6064,#6070,#6071));
#6063 = ORIENTED_EDGE('',*,*,#5841,.F.);
#6064 = ORIENTED_EDGE('',*,*,#6065,.T.);
#6065 = EDGE_CURVE('',#5842,#5709,#6066,.T.);
#6066 = LINE('',#6067,#6068);
#6067 = CARTESIAN_POINT('',(0.32,-0.12,-3.4));
#6068 = VECTOR('',#6069,1.);
#6069 = DIRECTION('',(-1.,1.224646799147E-16,0.));
#6070 = ORIENTED_EDGE('',*,*,#5708,.T.);
#6071 = ORIENTED_EDGE('',*,*,#5824,.F.);
#6072 = PLANE('',#6073);
#6073 = AXIS2_PLACEMENT_3D('',#6074,#6075,#6076);
#6074 = CARTESIAN_POINT('',(0.32,-0.204403742653,-3.301223703467));
#6075 = DIRECTION('',(-9.310387150808E-17,-0.760250805153,-0.64962967394
    ));
#6076 = DIRECTION('',(1.,-1.224646799148E-16,-5.515863360725E-29));
#6077 = ADVANCED_FACE('',(#6078),#6089,.F.);
#6078 = FACE_BOUND('',#6079,.F.);
#6079 = EDGE_LOOP('',(#6080,#6081,#6082,#6088));
#6080 = ORIENTED_EDGE('',*,*,#6065,.F.);
#6081 = ORIENTED_EDGE('',*,*,#5860,.F.);
#6082 = ORIENTED_EDGE('',*,*,#6083,.T.);
#6083 = EDGE_CURVE('',#5853,#5734,#6084,.T.);
#6084 = LINE('',#6085,#6086);
#6085 = CARTESIAN_POINT('',(0.32,0.12,-3.4));
#6086 = VECTOR('',#6087,1.);
#6087 = DIRECTION('',(-1.,1.224646799147E-16,0.));
#6088 = ORIENTED_EDGE('',*,*,#5741,.T.);
#6089 = PLANE('',#6090);
#6090 = AXIS2_PLACEMENT_3D('',#6091,#6092,#6093);
#6091 = CARTESIAN_POINT('',(0.32,0.32,-3.4));
#6092 = DIRECTION('',(0.,0.,1.));
#6093 = DIRECTION('',(-1.224646799147E-16,-1.,0.));
#6094 = ADVANCED_FACE('',(#6095),#6101,.T.);
#6095 = FACE_BOUND('',#6096,.T.);
#6096 = EDGE_LOOP('',(#6097,#6098,#6099,#6100));
#6097 = ORIENTED_EDGE('',*,*,#5852,.F.);
#6098 = ORIENTED_EDGE('',*,*,#6083,.T.);
#6099 = ORIENTED_EDGE('',*,*,#5733,.T.);
#6100 = ORIENTED_EDGE('',*,*,#5764,.F.);
#6101 = PLANE('',#6102);
#6102 = AXIS2_PLACEMENT_3D('',#6103,#6104,#6105);
#6103 = CARTESIAN_POINT('',(0.32,0.235596257347,-3.301223703467));
#6104 = DIRECTION('',(8.302774088379E-17,0.64962967394,-0.760250805153)
  );
#6105 = DIRECTION('',(-1.,1.247195775152E-16,-2.638869166629E-18));
#6106 = ADVANCED_FACE('',(#6107),#6118,.T.);
#6107 = FACE_BOUND('',#6108,.F.);
#6108 = EDGE_LOOP('',(#6109,#6110,#6116,#6117));
#6109 = ORIENTED_EDGE('',*,*,#6007,.F.);
#6110 = ORIENTED_EDGE('',*,*,#6111,.T.);
#6111 = EDGE_CURVE('',#6008,#5875,#6112,.T.);
#6112 = LINE('',#6113,#6114);
#6113 = CARTESIAN_POINT('',(2.82,-0.12,-3.4));
#6114 = VECTOR('',#6115,1.);
#6115 = DIRECTION('',(-1.,1.224646799147E-16,0.));
#6116 = ORIENTED_EDGE('',*,*,#5874,.T.);
#6117 = ORIENTED_EDGE('',*,*,#5990,.F.);
#6118 = PLANE('',#6119);
#6119 = AXIS2_PLACEMENT_3D('',#6120,#6121,#6122);
#6120 = CARTESIAN_POINT('',(2.82,-0.204403742653,-3.301223703467));
#6121 = DIRECTION('',(-9.310387150808E-17,-0.760250805153,-0.64962967394
    ));
#6122 = DIRECTION('',(1.,-1.224646799148E-16,-5.515863360725E-29));
#6123 = ADVANCED_FACE('',(#6124),#6135,.F.);
#6124 = FACE_BOUND('',#6125,.F.);
#6125 = EDGE_LOOP('',(#6126,#6127,#6128,#6134));
#6126 = ORIENTED_EDGE('',*,*,#6111,.F.);
#6127 = ORIENTED_EDGE('',*,*,#6026,.F.);
#6128 = ORIENTED_EDGE('',*,*,#6129,.T.);
#6129 = EDGE_CURVE('',#6019,#5900,#6130,.T.);
#6130 = LINE('',#6131,#6132);
#6131 = CARTESIAN_POINT('',(2.82,0.12,-3.4));
#6132 = VECTOR('',#6133,1.);
#6133 = DIRECTION('',(-1.,1.224646799147E-16,0.));
#6134 = ORIENTED_EDGE('',*,*,#5907,.T.);
#6135 = PLANE('',#6136);
#6136 = AXIS2_PLACEMENT_3D('',#6137,#6138,#6139);
#6137 = CARTESIAN_POINT('',(2.82,0.32,-3.4));
#6138 = DIRECTION('',(0.,0.,1.));
#6139 = DIRECTION('',(-1.224646799147E-16,-1.,0.));
#6140 = ADVANCED_FACE('',(#6141),#6147,.T.);
#6141 = FACE_BOUND('',#6142,.T.);
#6142 = EDGE_LOOP('',(#6143,#6144,#6145,#6146));
#6143 = ORIENTED_EDGE('',*,*,#6018,.F.);
#6144 = ORIENTED_EDGE('',*,*,#6129,.T.);
#6145 = ORIENTED_EDGE('',*,*,#5899,.T.);
#6146 = ORIENTED_EDGE('',*,*,#5930,.F.);
#6147 = PLANE('',#6148);
#6148 = AXIS2_PLACEMENT_3D('',#6149,#6150,#6151);
#6149 = CARTESIAN_POINT('',(2.82,0.235596257347,-3.301223703467));
#6150 = DIRECTION('',(8.302774088379E-17,0.64962967394,-0.760250805153)
  );
#6151 = DIRECTION('',(-1.,1.247195775152E-16,-2.638869166629E-18));
#6152 = ( GEOMETRIC_REPRESENTATION_CONTEXT(3) 
GLOBAL_UNCERTAINTY_ASSIGNED_CONTEXT((#6156)) 
GLOBAL_UNIT_ASSIGNED_CONTEXT((#6153,#6154,#6155)) REPRESENTATION_CONTEXT
('Context #1','3D Context with UNIT and UNCERTAINTY') );
#6153 = ( LENGTH_UNIT() NAMED_UNIT(*) SI_UNIT(.MILLI.,.METRE.) );
#6154 = ( NAMED_UNIT(*) PLANE_ANGLE_UNIT() SI_UNIT($,.RADIAN.) );
#6155 = ( NAMED_UNIT(*) SI_UNIT($,.STERADIAN.) SOLID_ANGLE_UNIT() );
#6156 = UNCERTAINTY_MEASURE_WITH_UNIT(LENGTH_MEASURE(1.E-07),#6153,
  'distance_accuracy_value','confusion accuracy');
#6157 = CONTEXT_DEPENDENT_SHAPE_REPRESENTATION(#6158,#6160);
#6158 = ( REPRESENTATION_RELATIONSHIP('','',#3436,#10) 
REPRESENTATION_RELATIONSHIP_WITH_TRANSFORMATION(#6159) 
SHAPE_REPRESENTATION_RELATIONSHIP() );
#6159 = ITEM_DEFINED_TRANSFORMATION('','',#11,#27);
#6160 = PRODUCT_DEFINITION_SHAPE('Placement','Placement of an item',
  #6161);
#6161 = NEXT_ASSEMBLY_USAGE_OCCURRENCE('4','J9','',#5,#3431,$);
#6162 = PRODUCT_RELATED_PRODUCT_CATEGORY('part',$,(#3433));
#6163 = CONTEXT_DEPENDENT_SHAPE_REPRESENTATION(#6164,#6166);
#6164 = ( REPRESENTATION_RELATIONSHIP('','',#2627,#10) 
REPRESENTATION_RELATIONSHIP_WITH_TRANSFORMATION(#6165) 
SHAPE_REPRESENTATION_RELATIONSHIP() );
#6165 = ITEM_DEFINED_TRANSFORMATION('','',#11,#31);
#6166 = PRODUCT_DEFINITION_SHAPE('Placement','Placement of an item',
  #6167);
#6167 = NEXT_ASSEMBLY_USAGE_OCCURRENCE('5','RI1','',#5,#2622,$);
#6168 = SHAPE_DEFINITION_REPRESENTATION(#6169,#6175);
#6169 = PRODUCT_DEFINITION_SHAPE('','',#6170);
#6170 = PRODUCT_DEFINITION('design','',#6171,#6174);
#6171 = PRODUCT_DEFINITION_FORMATION('','',#6172);
#6172 = PRODUCT('SOP-4_4.4x2.6mm_P1.27mm','SOP-4_4.4x2.6mm_P1.27mm','',(
    #6173));
#6173 = PRODUCT_CONTEXT('',#2,'mechanical');
#6174 = PRODUCT_DEFINITION_CONTEXT('part definition',#2,'design');
#6175 = ADVANCED_BREP_SHAPE_REPRESENTATION('',(#11,#6176),#8915);
#6176 = MANIFOLD_SOLID_BREP('',#6177);
#6177 = CLOSED_SHELL('',(#6178,#6218,#6317,#6342,#6433,#6494,#6517,#6555
    ,#6572,#6589,#6606,#6623,#6640,#6657,#6674,#6686,#6710,#6773,#6796,
    #6827,#6857,#6880,#6903,#6926,#6980,#6997,#7089,#7112,#7135,#7158,
    #7213,#7230,#7253,#7278,#7362,#7383,#7406,#7429,#7448,#7478,#7545,
    #7561,#7578,#7595,#7612,#7629,#7646,#7663,#7680,#7692,#7715,#7738,
    #7762,#7793,#7824,#7855,#7885,#7902,#7918,#7941,#7964,#7980,#8003,
    #8058,#8075,#8100,#8116,#8132,#8149,#8241,#8266,#8350,#8372,#8464,
    #8489,#8573,#8594,#8606,#8625,#8644,#8653,#8670,#8687,#8704,#8721,
    #8738,#8755,#8772,#8784,#8801,#8818,#8835,#8852,#8869,#8886,#8903));
#6178 = ADVANCED_FACE('',(#6179),#6213,.F.);
#6179 = FACE_BOUND('',#6180,.F.);
#6180 = EDGE_LOOP('',(#6181,#6191,#6199,#6207));
#6181 = ORIENTED_EDGE('',*,*,#6182,.F.);
#6182 = EDGE_CURVE('',#6183,#6185,#6187,.T.);
#6183 = VERTEX_POINT('',#6184);
#6184 = CARTESIAN_POINT('',(2.2,0.835,1.));
#6185 = VERTEX_POINT('',#6186);
#6186 = CARTESIAN_POINT('',(2.4,0.835,1.));
#6187 = LINE('',#6188,#6189);
#6188 = CARTESIAN_POINT('',(2.05,0.835,1.));
#6189 = VECTOR('',#6190,1.);
#6190 = DIRECTION('',(1.,-2.22044604925E-16,0.));
#6191 = ORIENTED_EDGE('',*,*,#6192,.T.);
#6192 = EDGE_CURVE('',#6183,#6193,#6195,.T.);
#6193 = VERTEX_POINT('',#6194);
#6194 = CARTESIAN_POINT('',(2.2,0.435,1.));
#6195 = LINE('',#6196,#6197);
#6196 = CARTESIAN_POINT('',(2.2,1.125,1.));
#6197 = VECTOR('',#6198,1.);
#6198 = DIRECTION('',(-2.22044604925E-16,-1.,0.));
#6199 = ORIENTED_EDGE('',*,*,#6200,.T.);
#6200 = EDGE_CURVE('',#6193,#6201,#6203,.T.);
#6201 = VERTEX_POINT('',#6202);
#6202 = CARTESIAN_POINT('',(2.4,0.435,1.));
#6203 = LINE('',#6204,#6205);
#6204 = CARTESIAN_POINT('',(2.05,0.435,1.));
#6205 = VECTOR('',#6206,1.);
#6206 = DIRECTION('',(1.,-2.22044604925E-16,0.));
#6207 = ORIENTED_EDGE('',*,*,#6208,.F.);
#6208 = EDGE_CURVE('',#6185,#6201,#6209,.T.);
#6209 = LINE('',#6210,#6211);
#6210 = CARTESIAN_POINT('',(2.4,0.835,1.));
#6211 = VECTOR('',#6212,1.);
#6212 = DIRECTION('',(-2.22044604925E-16,-1.,0.));
#6213 = PLANE('',#6214);
#6214 = AXIS2_PLACEMENT_3D('',#6215,#6216,#6217);
#6215 = CARTESIAN_POINT('',(2.05,0.835,1.));
#6216 = DIRECTION('',(0.,0.,1.));
#6217 = DIRECTION('',(1.,-2.22044604925E-16,0.));
#6218 = ADVANCED_FACE('',(#6219),#6312,.F.);
#6219 = FACE_BOUND('',#6220,.F.);
#6220 = EDGE_LOOP('',(#6221,#6229,#6230,#6239,#6247,#6256,#6264,#6272,
    #6280,#6289,#6297,#6306));
#6221 = ORIENTED_EDGE('',*,*,#6222,.F.);
#6222 = EDGE_CURVE('',#6183,#6223,#6225,.T.);
#6223 = VERTEX_POINT('',#6224);
#6224 = CARTESIAN_POINT('',(2.2,0.835,1.2));
#6225 = LINE('',#6226,#6227);
#6226 = CARTESIAN_POINT('',(2.2,0.835,0.864591609657));
#6227 = VECTOR('',#6228,1.);
#6228 = DIRECTION('',(0.,0.,1.));
#6229 = ORIENTED_EDGE('',*,*,#6182,.T.);
#6230 = ORIENTED_EDGE('',*,*,#6231,.T.);
#6231 = EDGE_CURVE('',#6185,#6232,#6234,.T.);
#6232 = VERTEX_POINT('',#6233);
#6233 = CARTESIAN_POINT('',(2.5,0.835,0.9));
#6234 = CIRCLE('',#6235,0.1);
#6235 = AXIS2_PLACEMENT_3D('',#6236,#6237,#6238);
#6236 = CARTESIAN_POINT('',(2.4,0.835,0.9));
#6237 = DIRECTION('',(2.22044604925E-16,1.,-0.));
#6238 = DIRECTION('',(0.,0.,1.));
#6239 = ORIENTED_EDGE('',*,*,#6240,.T.);
#6240 = EDGE_CURVE('',#6232,#6241,#6243,.T.);
#6241 = VERTEX_POINT('',#6242);
#6242 = CARTESIAN_POINT('',(2.5,0.835,0.3));
#6243 = LINE('',#6244,#6245);
#6244 = CARTESIAN_POINT('',(2.5,0.835,0.9));
#6245 = VECTOR('',#6246,1.);
#6246 = DIRECTION('',(0.,-0.,-1.));
#6247 = ORIENTED_EDGE('',*,*,#6248,.T.);
#6248 = EDGE_CURVE('',#6241,#6249,#6251,.T.);
#6249 = VERTEX_POINT('',#6250);
#6250 = CARTESIAN_POINT('',(2.8,0.835,1.110223024625E-16));
#6251 = CIRCLE('',#6252,0.3);
#6252 = AXIS2_PLACEMENT_3D('',#6253,#6254,#6255);
#6253 = CARTESIAN_POINT('',(2.8,0.835,0.3));
#6254 = DIRECTION('',(-2.22044604925E-16,-1.,0.));
#6255 = DIRECTION('',(-1.,2.22044604925E-16,-1.295260195396E-15));
#6256 = ORIENTED_EDGE('',*,*,#6257,.T.);
#6257 = EDGE_CURVE('',#6249,#6258,#6260,.T.);
#6258 = VERTEX_POINT('',#6259);
#6259 = CARTESIAN_POINT('',(3.5,0.835,1.110223024625E-16));
#6260 = LINE('',#6261,#6262);
#6261 = CARTESIAN_POINT('',(2.8,0.835,1.110223024625E-16));
#6262 = VECTOR('',#6263,1.);
#6263 = DIRECTION('',(1.,-2.22044604925E-16,0.));
#6264 = ORIENTED_EDGE('',*,*,#6265,.T.);
#6265 = EDGE_CURVE('',#6258,#6266,#6268,.T.);
#6266 = VERTEX_POINT('',#6267);
#6267 = CARTESIAN_POINT('',(3.5,0.835,0.2));
#6268 = LINE('',#6269,#6270);
#6269 = CARTESIAN_POINT('',(3.5,0.835,1.110223024625E-16));
#6270 = VECTOR('',#6271,1.);
#6271 = DIRECTION('',(0.,0.,1.));
#6272 = ORIENTED_EDGE('',*,*,#6273,.T.);
#6273 = EDGE_CURVE('',#6266,#6274,#6276,.T.);
#6274 = VERTEX_POINT('',#6275);
#6275 = CARTESIAN_POINT('',(2.8,0.835,0.2));
#6276 = LINE('',#6277,#6278);
#6277 = CARTESIAN_POINT('',(3.5,0.835,0.2));
#6278 = VECTOR('',#6279,1.);
#6279 = DIRECTION('',(-1.,2.22044604925E-16,0.));
#6280 = ORIENTED_EDGE('',*,*,#6281,.T.);
#6281 = EDGE_CURVE('',#6274,#6282,#6284,.T.);
#6282 = VERTEX_POINT('',#6283);
#6283 = CARTESIAN_POINT('',(2.7,0.835,0.3));
#6284 = CIRCLE('',#6285,0.1);
#6285 = AXIS2_PLACEMENT_3D('',#6286,#6287,#6288);
#6286 = CARTESIAN_POINT('',(2.8,0.835,0.3));
#6287 = DIRECTION('',(2.22044604925E-16,1.,0.));
#6288 = DIRECTION('',(0.,0.,-1.));
#6289 = ORIENTED_EDGE('',*,*,#6290,.T.);
#6290 = EDGE_CURVE('',#6282,#6291,#6293,.T.);
#6291 = VERTEX_POINT('',#6292);
#6292 = CARTESIAN_POINT('',(2.7,0.835,0.9));
#6293 = LINE('',#6294,#6295);
#6294 = CARTESIAN_POINT('',(2.7,0.835,0.3));
#6295 = VECTOR('',#6296,1.);
#6296 = DIRECTION('',(0.,0.,1.));
#6297 = ORIENTED_EDGE('',*,*,#6298,.T.);
#6298 = EDGE_CURVE('',#6291,#6299,#6301,.T.);
#6299 = VERTEX_POINT('',#6300);
#6300 = CARTESIAN_POINT('',(2.4,0.835,1.2));
#6301 = CIRCLE('',#6302,0.3);
#6302 = AXIS2_PLACEMENT_3D('',#6303,#6304,#6305);
#6303 = CARTESIAN_POINT('',(2.4,0.835,0.9));
#6304 = DIRECTION('',(-2.22044604925E-16,-1.,0.));
#6305 = DIRECTION('',(1.,-2.22044604925E-16,7.401486830834E-16));
#6306 = ORIENTED_EDGE('',*,*,#6307,.T.);
#6307 = EDGE_CURVE('',#6299,#6223,#6308,.T.);
#6308 = LINE('',#6309,#6310);
#6309 = CARTESIAN_POINT('',(2.4,0.835,1.2));
#6310 = VECTOR('',#6311,1.);
#6311 = DIRECTION('',(-1.,2.22044604925E-16,0.));
#6312 = PLANE('',#6313);
#6313 = AXIS2_PLACEMENT_3D('',#6314,#6315,#6316);
#6314 = CARTESIAN_POINT('',(2.716847688132,0.835,0.529183219314));
#6315 = DIRECTION('',(-2.22044604925E-16,-1.,0.));
#6316 = DIRECTION('',(0.,0.,1.));
#6317 = ADVANCED_FACE('',(#6318),#6337,.F.);
#6318 = FACE_BOUND('',#6319,.F.);
#6319 = EDGE_LOOP('',(#6320,#6321,#6330,#6336));
#6320 = ORIENTED_EDGE('',*,*,#6208,.T.);
#6321 = ORIENTED_EDGE('',*,*,#6322,.T.);
#6322 = EDGE_CURVE('',#6201,#6323,#6325,.T.);
#6323 = VERTEX_POINT('',#6324);
#6324 = CARTESIAN_POINT('',(2.5,0.435,0.9));
#6325 = CIRCLE('',#6326,0.1);
#6326 = AXIS2_PLACEMENT_3D('',#6327,#6328,#6329);
#6327 = CARTESIAN_POINT('',(2.4,0.435,0.9));
#6328 = DIRECTION('',(2.22044604925E-16,1.,-0.));
#6329 = DIRECTION('',(0.,0.,1.));
#6330 = ORIENTED_EDGE('',*,*,#6331,.F.);
#6331 = EDGE_CURVE('',#6232,#6323,#6332,.T.);
#6332 = LINE('',#6333,#6334);
#6333 = CARTESIAN_POINT('',(2.5,0.835,0.9));
#6334 = VECTOR('',#6335,1.);
#6335 = DIRECTION('',(-2.22044604925E-16,-1.,0.));
#6336 = ORIENTED_EDGE('',*,*,#6231,.F.);
#6337 = CYLINDRICAL_SURFACE('',#6338,0.1);
#6338 = AXIS2_PLACEMENT_3D('',#6339,#6340,#6341);
#6339 = CARTESIAN_POINT('',(2.4,0.835,0.9));
#6340 = DIRECTION('',(2.22044604925E-16,1.,0.));
#6341 = DIRECTION('',(0.,-0.,1.));
#6342 = ADVANCED_FACE('',(#6343),#6428,.T.);
#6343 = FACE_BOUND('',#6344,.T.);
#6344 = EDGE_LOOP('',(#6345,#6353,#6354,#6355,#6363,#6372,#6380,#6388,
    #6396,#6405,#6413,#6422));
#6345 = ORIENTED_EDGE('',*,*,#6346,.F.);
#6346 = EDGE_CURVE('',#6193,#6347,#6349,.T.);
#6347 = VERTEX_POINT('',#6348);
#6348 = CARTESIAN_POINT('',(2.2,0.435,1.2));
#6349 = LINE('',#6350,#6351);
#6350 = CARTESIAN_POINT('',(2.2,0.435,0.864591609657));
#6351 = VECTOR('',#6352,1.);
#6352 = DIRECTION('',(0.,0.,1.));
#6353 = ORIENTED_EDGE('',*,*,#6200,.T.);
#6354 = ORIENTED_EDGE('',*,*,#6322,.T.);
#6355 = ORIENTED_EDGE('',*,*,#6356,.T.);
#6356 = EDGE_CURVE('',#6323,#6357,#6359,.T.);
#6357 = VERTEX_POINT('',#6358);
#6358 = CARTESIAN_POINT('',(2.5,0.435,0.3));
#6359 = LINE('',#6360,#6361);
#6360 = CARTESIAN_POINT('',(2.5,0.435,0.9));
#6361 = VECTOR('',#6362,1.);
#6362 = DIRECTION('',(0.,-0.,-1.));
#6363 = ORIENTED_EDGE('',*,*,#6364,.T.);
#6364 = EDGE_CURVE('',#6357,#6365,#6367,.T.);
#6365 = VERTEX_POINT('',#6366);
#6366 = CARTESIAN_POINT('',(2.8,0.435,1.110223024625E-16));
#6367 = CIRCLE('',#6368,0.3);
#6368 = AXIS2_PLACEMENT_3D('',#6369,#6370,#6371);
#6369 = CARTESIAN_POINT('',(2.8,0.435,0.3));
#6370 = DIRECTION('',(-2.22044604925E-16,-1.,0.));
#6371 = DIRECTION('',(-1.,2.22044604925E-16,-1.295260195396E-15));
#6372 = ORIENTED_EDGE('',*,*,#6373,.T.);
#6373 = EDGE_CURVE('',#6365,#6374,#6376,.T.);
#6374 = VERTEX_POINT('',#6375);
#6375 = CARTESIAN_POINT('',(3.5,0.435,1.110223024625E-16));
#6376 = LINE('',#6377,#6378);
#6377 = CARTESIAN_POINT('',(2.8,0.435,1.110223024625E-16));
#6378 = VECTOR('',#6379,1.);
#6379 = DIRECTION('',(1.,-2.22044604925E-16,0.));
#6380 = ORIENTED_EDGE('',*,*,#6381,.T.);
#6381 = EDGE_CURVE('',#6374,#6382,#6384,.T.);
#6382 = VERTEX_POINT('',#6383);
#6383 = CARTESIAN_POINT('',(3.5,0.435,0.2));
#6384 = LINE('',#6385,#6386);
#6385 = CARTESIAN_POINT('',(3.5,0.435,1.110223024625E-16));
#6386 = VECTOR('',#6387,1.);
#6387 = DIRECTION('',(0.,0.,1.));
#6388 = ORIENTED_EDGE('',*,*,#6389,.T.);
#6389 = EDGE_CURVE('',#6382,#6390,#6392,.T.);
#6390 = VERTEX_POINT('',#6391);
#6391 = CARTESIAN_POINT('',(2.8,0.435,0.2));
#6392 = LINE('',#6393,#6394);
#6393 = CARTESIAN_POINT('',(3.5,0.435,0.2));
#6394 = VECTOR('',#6395,1.);
#6395 = DIRECTION('',(-1.,2.22044604925E-16,0.));
#6396 = ORIENTED_EDGE('',*,*,#6397,.T.);
#6397 = EDGE_CURVE('',#6390,#6398,#6400,.T.);
#6398 = VERTEX_POINT('',#6399);
#6399 = CARTESIAN_POINT('',(2.7,0.435,0.3));
#6400 = CIRCLE('',#6401,0.1);
#6401 = AXIS2_PLACEMENT_3D('',#6402,#6403,#6404);
#6402 = CARTESIAN_POINT('',(2.8,0.435,0.3));
#6403 = DIRECTION('',(2.22044604925E-16,1.,0.));
#6404 = DIRECTION('',(0.,0.,-1.));
#6405 = ORIENTED_EDGE('',*,*,#6406,.T.);
#6406 = EDGE_CURVE('',#6398,#6407,#6409,.T.);
#6407 = VERTEX_POINT('',#6408);
#6408 = CARTESIAN_POINT('',(2.7,0.435,0.9));
#6409 = LINE('',#6410,#6411);
#6410 = CARTESIAN_POINT('',(2.7,0.435,0.3));
#6411 = VECTOR('',#6412,1.);
#6412 = DIRECTION('',(0.,0.,1.));
#6413 = ORIENTED_EDGE('',*,*,#6414,.T.);
#6414 = EDGE_CURVE('',#6407,#6415,#6417,.T.);
#6415 = VERTEX_POINT('',#6416);
#6416 = CARTESIAN_POINT('',(2.4,0.435,1.2));
#6417 = CIRCLE('',#6418,0.3);
#6418 = AXIS2_PLACEMENT_3D('',#6419,#6420,#6421);
#6419 = CARTESIAN_POINT('',(2.4,0.435,0.9));
#6420 = DIRECTION('',(-2.22044604925E-16,-1.,0.));
#6421 = DIRECTION('',(1.,-2.22044604925E-16,7.401486830834E-16));
#6422 = ORIENTED_EDGE('',*,*,#6423,.T.);
#6423 = EDGE_CURVE('',#6415,#6347,#6424,.T.);
#6424 = LINE('',#6425,#6426);
#6425 = CARTESIAN_POINT('',(2.4,0.435,1.2));
#6426 = VECTOR('',#6427,1.);
#6427 = DIRECTION('',(-1.,2.22044604925E-16,0.));
#6428 = PLANE('',#6429);
#6429 = AXIS2_PLACEMENT_3D('',#6430,#6431,#6432);
#6430 = CARTESIAN_POINT('',(2.716847688132,0.435,0.529183219314));
#6431 = DIRECTION('',(-2.22044604925E-16,-1.,0.));
#6432 = DIRECTION('',(0.,0.,1.));
#6433 = ADVANCED_FACE('',(#6434),#6489,.F.);
#6434 = FACE_BOUND('',#6435,.F.);
#6435 = EDGE_LOOP('',(#6436,#6446,#6453,#6461,#6469,#6475,#6476,#6484));
#6436 = ORIENTED_EDGE('',*,*,#6437,.T.);
#6437 = EDGE_CURVE('',#6438,#6440,#6442,.T.);
#6438 = VERTEX_POINT('',#6439);
#6439 = CARTESIAN_POINT('',(2.008699094497,1.029349547248,0.1));
#6440 = VERTEX_POINT('',#6441);
#6441 = CARTESIAN_POINT('',(2.008699094497,-1.029349547248,0.1));
#6442 = LINE('',#6443,#6444);
#6443 = CARTESIAN_POINT('',(2.008699094497,1.029349547248,0.1));
#6444 = VECTOR('',#6445,1.);
#6445 = DIRECTION('',(-2.22044604925E-16,-1.,0.));
#6446 = ORIENTED_EDGE('',*,*,#6447,.T.);
#6447 = EDGE_CURVE('',#6440,#6448,#6450,.T.);
#6448 = VERTEX_POINT('',#6449);
#6449 = CARTESIAN_POINT('',(2.2,-1.125,1.));
#6450 = B_SPLINE_CURVE_WITH_KNOTS('',1,(#6451,#6452),.UNSPECIFIED.,.F.,
  .F.,(2,2),(0.,1.),.PIECEWISE_BEZIER_KNOTS.);
#6451 = CARTESIAN_POINT('',(2.008699094497,-1.029349547248,0.1));
#6452 = CARTESIAN_POINT('',(2.2,-1.125,1.));
#6453 = ORIENTED_EDGE('',*,*,#6454,.F.);
#6454 = EDGE_CURVE('',#6455,#6448,#6457,.T.);
#6455 = VERTEX_POINT('',#6456);
#6456 = CARTESIAN_POINT('',(2.2,-0.835,1.));
#6457 = LINE('',#6458,#6459);
#6458 = CARTESIAN_POINT('',(2.2,1.125,1.));
#6459 = VECTOR('',#6460,1.);
#6460 = DIRECTION('',(-2.22044604925E-16,-1.,0.));
#6461 = ORIENTED_EDGE('',*,*,#6462,.F.);
#6462 = EDGE_CURVE('',#6463,#6455,#6465,.T.);
#6463 = VERTEX_POINT('',#6464);
#6464 = CARTESIAN_POINT('',(2.2,-0.435,1.));
#6465 = LINE('',#6466,#6467);
#6466 = CARTESIAN_POINT('',(2.2,1.125,1.));
#6467 = VECTOR('',#6468,1.);
#6468 = DIRECTION('',(-2.22044604925E-16,-1.,0.));
#6469 = ORIENTED_EDGE('',*,*,#6470,.F.);
#6470 = EDGE_CURVE('',#6193,#6463,#6471,.T.);
#6471 = LINE('',#6472,#6473);
#6472 = CARTESIAN_POINT('',(2.2,1.125,1.));
#6473 = VECTOR('',#6474,1.);
#6474 = DIRECTION('',(-2.22044604925E-16,-1.,0.));
#6475 = ORIENTED_EDGE('',*,*,#6192,.F.);
#6476 = ORIENTED_EDGE('',*,*,#6477,.F.);
#6477 = EDGE_CURVE('',#6478,#6183,#6480,.T.);
#6478 = VERTEX_POINT('',#6479);
#6479 = CARTESIAN_POINT('',(2.2,1.125,1.));
#6480 = LINE('',#6481,#6482);
#6481 = CARTESIAN_POINT('',(2.2,1.125,1.));
#6482 = VECTOR('',#6483,1.);
#6483 = DIRECTION('',(-2.22044604925E-16,-1.,0.));
#6484 = ORIENTED_EDGE('',*,*,#6485,.F.);
#6485 = EDGE_CURVE('',#6438,#6478,#6486,.T.);
#6486 = B_SPLINE_CURVE_WITH_KNOTS('',1,(#6487,#6488),.UNSPECIFIED.,.F.,
  .F.,(2,2),(0.,1.),.PIECEWISE_BEZIER_KNOTS.);
#6487 = CARTESIAN_POINT('',(2.008699094497,1.029349547248,0.1));
#6488 = CARTESIAN_POINT('',(2.2,1.125,1.));
#6489 = B_SPLINE_SURFACE_WITH_KNOTS('',1,1,(
    (#6490,#6491)
    ,(#6492,#6493
    )),.UNSPECIFIED.,.F.,.F.,.F.,(2,2),(2,2),(0.,2.25),(0.,1.),
  .PIECEWISE_BEZIER_KNOTS.);
#6490 = CARTESIAN_POINT('',(2.008699094497,1.029349547248,0.1));
#6491 = CARTESIAN_POINT('',(2.2,1.125,1.));
#6492 = CARTESIAN_POINT('',(2.008699094497,-1.029349547248,0.1));
#6493 = CARTESIAN_POINT('',(2.2,-1.125,1.));
#6494 = ADVANCED_FACE('',(#6495),#6512,.F.);
#6495 = FACE_BOUND('',#6496,.F.);
#6496 = EDGE_LOOP('',(#6497,#6504,#6505,#6506));
#6497 = ORIENTED_EDGE('',*,*,#6498,.F.);
#6498 = EDGE_CURVE('',#6478,#6499,#6501,.T.);
#6499 = VERTEX_POINT('',#6500);
#6500 = CARTESIAN_POINT('',(2.2,1.125,1.2));
#6501 = B_SPLINE_CURVE_WITH_KNOTS('',1,(#6502,#6503),.UNSPECIFIED.,.F.,
  .F.,(2,2),(0.,1.),.PIECEWISE_BEZIER_KNOTS.);
#6502 = CARTESIAN_POINT('',(2.2,1.125,1.));
#6503 = CARTESIAN_POINT('',(2.2,1.125,1.2));
#6504 = ORIENTED_EDGE('',*,*,#6477,.T.);
#6505 = ORIENTED_EDGE('',*,*,#6222,.T.);
#6506 = ORIENTED_EDGE('',*,*,#6507,.F.);
#6507 = EDGE_CURVE('',#6499,#6223,#6508,.T.);
#6508 = LINE('',#6509,#6510);
#6509 = CARTESIAN_POINT('',(2.2,1.125,1.2));
#6510 = VECTOR('',#6511,1.);
#6511 = DIRECTION('',(-2.22044604925E-16,-1.,0.));
#6512 = PLANE('',#6513);
#6513 = AXIS2_PLACEMENT_3D('',#6514,#6515,#6516);
#6514 = CARTESIAN_POINT('',(2.2,1.125,1.2));
#6515 = DIRECTION('',(-1.,2.22044604925E-16,0.));
#6516 = DIRECTION('',(-2.22044604925E-16,-1.,0.));
#6517 = ADVANCED_FACE('',(#6518),#6550,.F.);
#6518 = FACE_BOUND('',#6519,.F.);
#6519 = EDGE_LOOP('',(#6520,#6521,#6527,#6528,#6536,#6544));
#6520 = ORIENTED_EDGE('',*,*,#6307,.F.);
#6521 = ORIENTED_EDGE('',*,*,#6522,.T.);
#6522 = EDGE_CURVE('',#6299,#6415,#6523,.T.);
#6523 = LINE('',#6524,#6525);
#6524 = CARTESIAN_POINT('',(2.4,0.835,1.2));
#6525 = VECTOR('',#6526,1.);
#6526 = DIRECTION('',(-2.22044604925E-16,-1.,0.));
#6527 = ORIENTED_EDGE('',*,*,#6423,.T.);
#6528 = ORIENTED_EDGE('',*,*,#6529,.T.);
#6529 = EDGE_CURVE('',#6347,#6530,#6532,.T.);
#6530 = VERTEX_POINT('',#6531);
#6531 = CARTESIAN_POINT('',(2.125,0.435,1.2));
#6532 = LINE('',#6533,#6534);
#6533 = CARTESIAN_POINT('',(2.4,0.435,1.2));
#6534 = VECTOR('',#6535,1.);
#6535 = DIRECTION('',(-1.,2.22044604925E-16,0.));
#6536 = ORIENTED_EDGE('',*,*,#6537,.F.);
#6537 = EDGE_CURVE('',#6538,#6530,#6540,.T.);
#6538 = VERTEX_POINT('',#6539);
#6539 = CARTESIAN_POINT('',(2.125,0.835,1.2));
#6540 = LINE('',#6541,#6542);
#6541 = CARTESIAN_POINT('',(2.125,1.0875,1.2));
#6542 = VECTOR('',#6543,1.);
#6543 = DIRECTION('',(-2.22044604925E-16,-1.,0.));
#6544 = ORIENTED_EDGE('',*,*,#6545,.F.);
#6545 = EDGE_CURVE('',#6223,#6538,#6546,.T.);
#6546 = LINE('',#6547,#6548);
#6547 = CARTESIAN_POINT('',(2.4,0.835,1.2));
#6548 = VECTOR('',#6549,1.);
#6549 = DIRECTION('',(-1.,2.22044604925E-16,0.));
#6550 = PLANE('',#6551);
#6551 = AXIS2_PLACEMENT_3D('',#6552,#6553,#6554);
#6552 = CARTESIAN_POINT('',(2.4,0.835,1.2));
#6553 = DIRECTION('',(0.,-0.,-1.));
#6554 = DIRECTION('',(-1.,2.22044604925E-16,-0.));
#6555 = ADVANCED_FACE('',(#6556),#6567,.T.);
#6556 = FACE_BOUND('',#6557,.T.);
#6557 = EDGE_LOOP('',(#6558,#6559,#6560,#6561));
#6558 = ORIENTED_EDGE('',*,*,#6298,.T.);
#6559 = ORIENTED_EDGE('',*,*,#6522,.T.);
#6560 = ORIENTED_EDGE('',*,*,#6414,.F.);
#6561 = ORIENTED_EDGE('',*,*,#6562,.F.);
#6562 = EDGE_CURVE('',#6291,#6407,#6563,.T.);
#6563 = LINE('',#6564,#6565);
#6564 = CARTESIAN_POINT('',(2.7,0.835,0.9));
#6565 = VECTOR('',#6566,1.);
#6566 = DIRECTION('',(-2.22044604925E-16,-1.,0.));
#6567 = CYLINDRICAL_SURFACE('',#6568,0.3);
#6568 = AXIS2_PLACEMENT_3D('',#6569,#6570,#6571);
#6569 = CARTESIAN_POINT('',(2.4,0.835,0.9));
#6570 = DIRECTION('',(2.22044604925E-16,1.,-0.));
#6571 = DIRECTION('',(1.,-2.22044604925E-16,7.401486830834E-16));
#6572 = ADVANCED_FACE('',(#6573),#6584,.F.);
#6573 = FACE_BOUND('',#6574,.F.);
#6574 = EDGE_LOOP('',(#6575,#6581,#6582,#6583));
#6575 = ORIENTED_EDGE('',*,*,#6576,.T.);
#6576 = EDGE_CURVE('',#6282,#6398,#6577,.T.);
#6577 = LINE('',#6578,#6579);
#6578 = CARTESIAN_POINT('',(2.7,0.835,0.3));
#6579 = VECTOR('',#6580,1.);
#6580 = DIRECTION('',(-2.22044604925E-16,-1.,0.));
#6581 = ORIENTED_EDGE('',*,*,#6406,.T.);
#6582 = ORIENTED_EDGE('',*,*,#6562,.F.);
#6583 = ORIENTED_EDGE('',*,*,#6290,.F.);
#6584 = PLANE('',#6585);
#6585 = AXIS2_PLACEMENT_3D('',#6586,#6587,#6588);
#6586 = CARTESIAN_POINT('',(2.7,0.835,0.3));
#6587 = DIRECTION('',(-1.,2.22044604925E-16,0.));
#6588 = DIRECTION('',(0.,0.,1.));
#6589 = ADVANCED_FACE('',(#6590),#6601,.F.);
#6590 = FACE_BOUND('',#6591,.F.);
#6591 = EDGE_LOOP('',(#6592,#6598,#6599,#6600));
#6592 = ORIENTED_EDGE('',*,*,#6593,.T.);
#6593 = EDGE_CURVE('',#6274,#6390,#6594,.T.);
#6594 = LINE('',#6595,#6596);
#6595 = CARTESIAN_POINT('',(2.8,0.835,0.2));
#6596 = VECTOR('',#6597,1.);
#6597 = DIRECTION('',(-2.22044604925E-16,-1.,0.));
#6598 = ORIENTED_EDGE('',*,*,#6397,.T.);
#6599 = ORIENTED_EDGE('',*,*,#6576,.F.);
#6600 = ORIENTED_EDGE('',*,*,#6281,.F.);
#6601 = CYLINDRICAL_SURFACE('',#6602,0.1);
#6602 = AXIS2_PLACEMENT_3D('',#6603,#6604,#6605);
#6603 = CARTESIAN_POINT('',(2.8,0.835,0.3));
#6604 = DIRECTION('',(2.22044604925E-16,1.,0.));
#6605 = DIRECTION('',(0.,0.,-1.));
#6606 = ADVANCED_FACE('',(#6607),#6618,.F.);
#6607 = FACE_BOUND('',#6608,.F.);
#6608 = EDGE_LOOP('',(#6609,#6615,#6616,#6617));
#6609 = ORIENTED_EDGE('',*,*,#6610,.T.);
#6610 = EDGE_CURVE('',#6266,#6382,#6611,.T.);
#6611 = LINE('',#6612,#6613);
#6612 = CARTESIAN_POINT('',(3.5,0.835,0.2));
#6613 = VECTOR('',#6614,1.);
#6614 = DIRECTION('',(-2.22044604925E-16,-1.,0.));
#6615 = ORIENTED_EDGE('',*,*,#6389,.T.);
#6616 = ORIENTED_EDGE('',*,*,#6593,.F.);
#6617 = ORIENTED_EDGE('',*,*,#6273,.F.);
#6618 = PLANE('',#6619);
#6619 = AXIS2_PLACEMENT_3D('',#6620,#6621,#6622);
#6620 = CARTESIAN_POINT('',(3.5,0.835,0.2));
#6621 = DIRECTION('',(0.,-0.,-1.));
#6622 = DIRECTION('',(-1.,2.22044604925E-16,-0.));
#6623 = ADVANCED_FACE('',(#6624),#6635,.F.);
#6624 = FACE_BOUND('',#6625,.F.);
#6625 = EDGE_LOOP('',(#6626,#6632,#6633,#6634));
#6626 = ORIENTED_EDGE('',*,*,#6627,.T.);
#6627 = EDGE_CURVE('',#6258,#6374,#6628,.T.);
#6628 = LINE('',#6629,#6630);
#6629 = CARTESIAN_POINT('',(3.5,0.835,1.110223024625E-16));
#6630 = VECTOR('',#6631,1.);
#6631 = DIRECTION('',(-2.22044604925E-16,-1.,0.));
#6632 = ORIENTED_EDGE('',*,*,#6381,.T.);
#6633 = ORIENTED_EDGE('',*,*,#6610,.F.);
#6634 = ORIENTED_EDGE('',*,*,#6265,.F.);
#6635 = PLANE('',#6636);
#6636 = AXIS2_PLACEMENT_3D('',#6637,#6638,#6639);
#6637 = CARTESIAN_POINT('',(3.5,0.835,1.110223024625E-16));
#6638 = DIRECTION('',(-1.,2.22044604925E-16,0.));
#6639 = DIRECTION('',(0.,0.,1.));
#6640 = ADVANCED_FACE('',(#6641),#6652,.F.);
#6641 = FACE_BOUND('',#6642,.F.);
#6642 = EDGE_LOOP('',(#6643,#6649,#6650,#6651));
#6643 = ORIENTED_EDGE('',*,*,#6644,.T.);
#6644 = EDGE_CURVE('',#6249,#6365,#6645,.T.);
#6645 = LINE('',#6646,#6647);
#6646 = CARTESIAN_POINT('',(2.8,0.835,1.110223024625E-16));
#6647 = VECTOR('',#6648,1.);
#6648 = DIRECTION('',(-2.22044604925E-16,-1.,0.));
#6649 = ORIENTED_EDGE('',*,*,#6373,.T.);
#6650 = ORIENTED_EDGE('',*,*,#6627,.F.);
#6651 = ORIENTED_EDGE('',*,*,#6257,.F.);
#6652 = PLANE('',#6653);
#6653 = AXIS2_PLACEMENT_3D('',#6654,#6655,#6656);
#6654 = CARTESIAN_POINT('',(2.8,0.835,1.110223024625E-16));
#6655 = DIRECTION('',(0.,0.,1.));
#6656 = DIRECTION('',(1.,-2.22044604925E-16,0.));
#6657 = ADVANCED_FACE('',(#6658),#6669,.T.);
#6658 = FACE_BOUND('',#6659,.T.);
#6659 = EDGE_LOOP('',(#6660,#6661,#6662,#6663));
#6660 = ORIENTED_EDGE('',*,*,#6248,.T.);
#6661 = ORIENTED_EDGE('',*,*,#6644,.T.);
#6662 = ORIENTED_EDGE('',*,*,#6364,.F.);
#6663 = ORIENTED_EDGE('',*,*,#6664,.F.);
#6664 = EDGE_CURVE('',#6241,#6357,#6665,.T.);
#6665 = LINE('',#6666,#6667);
#6666 = CARTESIAN_POINT('',(2.5,0.835,0.3));
#6667 = VECTOR('',#6668,1.);
#6668 = DIRECTION('',(-2.22044604925E-16,-1.,0.));
#6669 = CYLINDRICAL_SURFACE('',#6670,0.3);
#6670 = AXIS2_PLACEMENT_3D('',#6671,#6672,#6673);
#6671 = CARTESIAN_POINT('',(2.8,0.835,0.3));
#6672 = DIRECTION('',(2.22044604925E-16,1.,-0.));
#6673 = DIRECTION('',(-1.,2.22044604925E-16,-1.295260195396E-15));
#6674 = ADVANCED_FACE('',(#6675),#6681,.F.);
#6675 = FACE_BOUND('',#6676,.F.);
#6676 = EDGE_LOOP('',(#6677,#6678,#6679,#6680));
#6677 = ORIENTED_EDGE('',*,*,#6331,.T.);
#6678 = ORIENTED_EDGE('',*,*,#6356,.T.);
#6679 = ORIENTED_EDGE('',*,*,#6664,.F.);
#6680 = ORIENTED_EDGE('',*,*,#6240,.F.);
#6681 = PLANE('',#6682);
#6682 = AXIS2_PLACEMENT_3D('',#6683,#6684,#6685);
#6683 = CARTESIAN_POINT('',(2.5,0.835,0.9));
#6684 = DIRECTION('',(1.,-2.22044604925E-16,0.));
#6685 = DIRECTION('',(0.,-0.,-1.));
#6686 = ADVANCED_FACE('',(#6687),#6705,.F.);
#6687 = FACE_BOUND('',#6688,.F.);
#6688 = EDGE_LOOP('',(#6689,#6690,#6691,#6699));
#6689 = ORIENTED_EDGE('',*,*,#6346,.F.);
#6690 = ORIENTED_EDGE('',*,*,#6470,.T.);
#6691 = ORIENTED_EDGE('',*,*,#6692,.T.);
#6692 = EDGE_CURVE('',#6463,#6693,#6695,.T.);
#6693 = VERTEX_POINT('',#6694);
#6694 = CARTESIAN_POINT('',(2.2,-0.435,1.2));
#6695 = LINE('',#6696,#6697);
#6696 = CARTESIAN_POINT('',(2.2,-0.435,0.864591609657));
#6697 = VECTOR('',#6698,1.);
#6698 = DIRECTION('',(0.,0.,1.));
#6699 = ORIENTED_EDGE('',*,*,#6700,.F.);
#6700 = EDGE_CURVE('',#6347,#6693,#6701,.T.);
#6701 = LINE('',#6702,#6703);
#6702 = CARTESIAN_POINT('',(2.2,1.125,1.2));
#6703 = VECTOR('',#6704,1.);
#6704 = DIRECTION('',(-2.22044604925E-16,-1.,0.));
#6705 = PLANE('',#6706);
#6706 = AXIS2_PLACEMENT_3D('',#6707,#6708,#6709);
#6707 = CARTESIAN_POINT('',(2.2,1.125,1.2));
#6708 = DIRECTION('',(-1.,2.22044604925E-16,0.));
#6709 = DIRECTION('',(-2.22044604925E-16,-1.,0.));
#6710 = ADVANCED_FACE('',(#6711),#6768,.T.);
#6711 = FACE_BOUND('',#6712,.T.);
#6712 = EDGE_LOOP('',(#6713,#6723,#6729,#6730,#6738,#6746,#6754,#6762));
#6713 = ORIENTED_EDGE('',*,*,#6714,.T.);
#6714 = EDGE_CURVE('',#6715,#6717,#6719,.T.);
#6715 = VERTEX_POINT('',#6716);
#6716 = CARTESIAN_POINT('',(-1.929349547248,1.108699094497,0.1));
#6717 = VERTEX_POINT('',#6718);
#6718 = CARTESIAN_POINT('',(1.929349547248,1.108699094497,0.1));
#6719 = LINE('',#6720,#6721);
#6720 = CARTESIAN_POINT('',(-1.929349547248,1.108699094497,0.1));
#6721 = VECTOR('',#6722,1.);
#6722 = DIRECTION('',(1.,-2.22044604925E-16,0.));
#6723 = ORIENTED_EDGE('',*,*,#6724,.T.);
#6724 = EDGE_CURVE('',#6717,#6438,#6725,.T.);
#6725 = LINE('',#6726,#6727);
#6726 = CARTESIAN_POINT('',(1.929349547248,1.108699094497,0.1));
#6727 = VECTOR('',#6728,1.);
#6728 = DIRECTION('',(0.707106781187,-0.707106781187,0.));
#6729 = ORIENTED_EDGE('',*,*,#6437,.T.);
#6730 = ORIENTED_EDGE('',*,*,#6731,.T.);
#6731 = EDGE_CURVE('',#6440,#6732,#6734,.T.);
#6732 = VERTEX_POINT('',#6733);
#6733 = CARTESIAN_POINT('',(1.929349547248,-1.108699094497,0.1));
#6734 = LINE('',#6735,#6736);
#6735 = CARTESIAN_POINT('',(2.008699094497,-1.029349547248,0.1));
#6736 = VECTOR('',#6737,1.);
#6737 = DIRECTION('',(-0.707106781187,-0.707106781187,0.));
#6738 = ORIENTED_EDGE('',*,*,#6739,.T.);
#6739 = EDGE_CURVE('',#6732,#6740,#6742,.T.);
#6740 = VERTEX_POINT('',#6741);
#6741 = CARTESIAN_POINT('',(-1.929349547248,-1.108699094497,0.1));
#6742 = LINE('',#6743,#6744);
#6743 = CARTESIAN_POINT('',(1.929349547248,-1.108699094497,0.1));
#6744 = VECTOR('',#6745,1.);
#6745 = DIRECTION('',(-1.,2.22044604925E-16,0.));
#6746 = ORIENTED_EDGE('',*,*,#6747,.T.);
#6747 = EDGE_CURVE('',#6740,#6748,#6750,.T.);
#6748 = VERTEX_POINT('',#6749);
#6749 = CARTESIAN_POINT('',(-2.008699094497,-1.029349547248,0.1));
#6750 = LINE('',#6751,#6752);
#6751 = CARTESIAN_POINT('',(-1.929349547248,-1.108699094497,0.1));
#6752 = VECTOR('',#6753,1.);
#6753 = DIRECTION('',(-0.707106781187,0.707106781187,0.));
#6754 = ORIENTED_EDGE('',*,*,#6755,.T.);
#6755 = EDGE_CURVE('',#6748,#6756,#6758,.T.);
#6756 = VERTEX_POINT('',#6757);
#6757 = CARTESIAN_POINT('',(-2.008699094497,1.029349547248,0.1));
#6758 = LINE('',#6759,#6760);
#6759 = CARTESIAN_POINT('',(-2.008699094497,-1.029349547248,0.1));
#6760 = VECTOR('',#6761,1.);
#6761 = DIRECTION('',(2.22044604925E-16,1.,0.));
#6762 = ORIENTED_EDGE('',*,*,#6763,.T.);
#6763 = EDGE_CURVE('',#6756,#6715,#6764,.T.);
#6764 = LINE('',#6765,#6766);
#6765 = CARTESIAN_POINT('',(-2.008699094497,1.029349547248,0.1));
#6766 = VECTOR('',#6767,1.);
#6767 = DIRECTION('',(0.707106781187,0.707106781187,0.));
#6768 = PLANE('',#6769);
#6769 = AXIS2_PLACEMENT_3D('',#6770,#6771,#6772);
#6770 = CARTESIAN_POINT('',(-1.929349547248,1.108699094497,0.1));
#6771 = DIRECTION('',(0.,-0.,-1.));
#6772 = DIRECTION('',(0.878829962227,-0.477135093545,0.));
#6773 = ADVANCED_FACE('',(#6774),#6791,.F.);
#6774 = FACE_BOUND('',#6775,.F.);
#6775 = EDGE_LOOP('',(#6776,#6777,#6784,#6790));
#6776 = ORIENTED_EDGE('',*,*,#6731,.T.);
#6777 = ORIENTED_EDGE('',*,*,#6778,.T.);
#6778 = EDGE_CURVE('',#6732,#6779,#6781,.T.);
#6779 = VERTEX_POINT('',#6780);
#6780 = CARTESIAN_POINT('',(2.025,-1.3,1.));
#6781 = B_SPLINE_CURVE_WITH_KNOTS('',1,(#6782,#6783),.UNSPECIFIED.,.F.,
  .F.,(2,2),(0.,1.),.PIECEWISE_BEZIER_KNOTS.);
#6782 = CARTESIAN_POINT('',(1.929349547248,-1.108699094497,0.1));
#6783 = CARTESIAN_POINT('',(2.025,-1.3,1.));
#6784 = ORIENTED_EDGE('',*,*,#6785,.F.);
#6785 = EDGE_CURVE('',#6448,#6779,#6786,.T.);
#6786 = LINE('',#6787,#6788);
#6787 = CARTESIAN_POINT('',(2.2,-1.125,1.));
#6788 = VECTOR('',#6789,1.);
#6789 = DIRECTION('',(-0.707106781187,-0.707106781187,0.));
#6790 = ORIENTED_EDGE('',*,*,#6447,.F.);
#6791 = B_SPLINE_SURFACE_WITH_KNOTS('',1,1,(
    (#6792,#6793)
    ,(#6794,#6795
    )),.UNSPECIFIED.,.F.,.F.,.F.,(2,2),(2,2),(0.,0.247487373415),(0.,1.)
  ,.PIECEWISE_BEZIER_KNOTS.);
#6792 = CARTESIAN_POINT('',(2.008699094497,-1.029349547248,0.1));
#6793 = CARTESIAN_POINT('',(2.2,-1.125,1.));
#6794 = CARTESIAN_POINT('',(1.929349547248,-1.108699094497,0.1));
#6795 = CARTESIAN_POINT('',(2.025,-1.3,1.));
#6796 = ADVANCED_FACE('',(#6797),#6822,.F.);
#6797 = FACE_BOUND('',#6798,.F.);
#6798 = EDGE_LOOP('',(#6799,#6807,#6808,#6816));
#6799 = ORIENTED_EDGE('',*,*,#6800,.F.);
#6800 = EDGE_CURVE('',#6463,#6801,#6803,.T.);
#6801 = VERTEX_POINT('',#6802);
#6802 = CARTESIAN_POINT('',(2.4,-0.435,1.));
#6803 = LINE('',#6804,#6805);
#6804 = CARTESIAN_POINT('',(2.05,-0.435,1.));
#6805 = VECTOR('',#6806,1.);
#6806 = DIRECTION('',(1.,-2.22044604925E-16,0.));
#6807 = ORIENTED_EDGE('',*,*,#6462,.T.);
#6808 = ORIENTED_EDGE('',*,*,#6809,.T.);
#6809 = EDGE_CURVE('',#6455,#6810,#6812,.T.);
#6810 = VERTEX_POINT('',#6811);
#6811 = CARTESIAN_POINT('',(2.4,-0.835,1.));
#6812 = LINE('',#6813,#6814);
#6813 = CARTESIAN_POINT('',(2.05,-0.835,1.));
#6814 = VECTOR('',#6815,1.);
#6815 = DIRECTION('',(1.,-2.22044604925E-16,0.));
#6816 = ORIENTED_EDGE('',*,*,#6817,.F.);
#6817 = EDGE_CURVE('',#6801,#6810,#6818,.T.);
#6818 = LINE('',#6819,#6820);
#6819 = CARTESIAN_POINT('',(2.4,-0.435,1.));
#6820 = VECTOR('',#6821,1.);
#6821 = DIRECTION('',(-2.22044604925E-16,-1.,0.));
#6822 = PLANE('',#6823);
#6823 = AXIS2_PLACEMENT_3D('',#6824,#6825,#6826);
#6824 = CARTESIAN_POINT('',(2.05,-0.435,1.));
#6825 = DIRECTION('',(0.,0.,1.));
#6826 = DIRECTION('',(1.,-2.22044604925E-16,0.));
#6827 = ADVANCED_FACE('',(#6828),#6852,.F.);
#6828 = FACE_BOUND('',#6829,.F.);
#6829 = EDGE_LOOP('',(#6830,#6838,#6839,#6846));
#6830 = ORIENTED_EDGE('',*,*,#6831,.F.);
#6831 = EDGE_CURVE('',#6455,#6832,#6834,.T.);
#6832 = VERTEX_POINT('',#6833);
#6833 = CARTESIAN_POINT('',(2.2,-0.835,1.2));
#6834 = LINE('',#6835,#6836);
#6835 = CARTESIAN_POINT('',(2.2,-0.835,0.864591609657));
#6836 = VECTOR('',#6837,1.);
#6837 = DIRECTION('',(0.,0.,1.));
#6838 = ORIENTED_EDGE('',*,*,#6454,.T.);
#6839 = ORIENTED_EDGE('',*,*,#6840,.T.);
#6840 = EDGE_CURVE('',#6448,#6841,#6843,.T.);
#6841 = VERTEX_POINT('',#6842);
#6842 = CARTESIAN_POINT('',(2.2,-1.125,1.2));
#6843 = B_SPLINE_CURVE_WITH_KNOTS('',1,(#6844,#6845),.UNSPECIFIED.,.F.,
  .F.,(2,2),(0.,1.),.PIECEWISE_BEZIER_KNOTS.);
#6844 = CARTESIAN_POINT('',(2.2,-1.125,1.));
#6845 = CARTESIAN_POINT('',(2.2,-1.125,1.2));
#6846 = ORIENTED_EDGE('',*,*,#6847,.F.);
#6847 = EDGE_CURVE('',#6832,#6841,#6848,.T.);
#6848 = LINE('',#6849,#6850);
#6849 = CARTESIAN_POINT('',(2.2,1.125,1.2));
#6850 = VECTOR('',#6851,1.);
#6851 = DIRECTION('',(-2.22044604925E-16,-1.,0.));
#6852 = PLANE('',#6853);
#6853 = AXIS2_PLACEMENT_3D('',#6854,#6855,#6856);
#6854 = CARTESIAN_POINT('',(2.2,1.125,1.2));
#6855 = DIRECTION('',(-1.,2.22044604925E-16,0.));
#6856 = DIRECTION('',(-2.22044604925E-16,-1.,0.));
#6857 = ADVANCED_FACE('',(#6858),#6875,.F.);
#6858 = FACE_BOUND('',#6859,.F.);
#6859 = EDGE_LOOP('',(#6860,#6861,#6862,#6870));
#6860 = ORIENTED_EDGE('',*,*,#6724,.T.);
#6861 = ORIENTED_EDGE('',*,*,#6485,.T.);
#6862 = ORIENTED_EDGE('',*,*,#6863,.F.);
#6863 = EDGE_CURVE('',#6864,#6478,#6866,.T.);
#6864 = VERTEX_POINT('',#6865);
#6865 = CARTESIAN_POINT('',(2.025,1.3,1.));
#6866 = LINE('',#6867,#6868);
#6867 = CARTESIAN_POINT('',(2.025,1.3,1.));
#6868 = VECTOR('',#6869,1.);
#6869 = DIRECTION('',(0.707106781187,-0.707106781187,0.));
#6870 = ORIENTED_EDGE('',*,*,#6871,.F.);
#6871 = EDGE_CURVE('',#6717,#6864,#6872,.T.);
#6872 = B_SPLINE_CURVE_WITH_KNOTS('',1,(#6873,#6874),.UNSPECIFIED.,.F.,
  .F.,(2,2),(0.,1.),.PIECEWISE_BEZIER_KNOTS.);
#6873 = CARTESIAN_POINT('',(1.929349547248,1.108699094497,0.1));
#6874 = CARTESIAN_POINT('',(2.025,1.3,1.));
#6875 = B_SPLINE_SURFACE_WITH_KNOTS('',1,1,(
    (#6876,#6877)
    ,(#6878,#6879
    )),.UNSPECIFIED.,.F.,.F.,.F.,(2,2),(2,2),(0.,0.247487373415),(0.,1.)
  ,.PIECEWISE_BEZIER_KNOTS.);
#6876 = CARTESIAN_POINT('',(1.929349547248,1.108699094497,0.1));
#6877 = CARTESIAN_POINT('',(2.025,1.3,1.));
#6878 = CARTESIAN_POINT('',(2.008699094497,1.029349547248,0.1));
#6879 = CARTESIAN_POINT('',(2.2,1.125,1.));
#6880 = ADVANCED_FACE('',(#6881),#6898,.F.);
#6881 = FACE_BOUND('',#6882,.F.);
#6882 = EDGE_LOOP('',(#6883,#6884,#6885,#6893));
#6883 = ORIENTED_EDGE('',*,*,#6863,.T.);
#6884 = ORIENTED_EDGE('',*,*,#6498,.T.);
#6885 = ORIENTED_EDGE('',*,*,#6886,.F.);
#6886 = EDGE_CURVE('',#6887,#6499,#6889,.T.);
#6887 = VERTEX_POINT('',#6888);
#6888 = CARTESIAN_POINT('',(2.025,1.3,1.2));
#6889 = LINE('',#6890,#6891);
#6890 = CARTESIAN_POINT('',(2.025,1.3,1.2));
#6891 = VECTOR('',#6892,1.);
#6892 = DIRECTION('',(0.707106781187,-0.707106781187,0.));
#6893 = ORIENTED_EDGE('',*,*,#6894,.F.);
#6894 = EDGE_CURVE('',#6864,#6887,#6895,.T.);
#6895 = B_SPLINE_CURVE_WITH_KNOTS('',1,(#6896,#6897),.UNSPECIFIED.,.F.,
  .F.,(2,2),(0.,1.),.PIECEWISE_BEZIER_KNOTS.);
#6896 = CARTESIAN_POINT('',(2.025,1.3,1.));
#6897 = CARTESIAN_POINT('',(2.025,1.3,1.2));
#6898 = PLANE('',#6899);
#6899 = AXIS2_PLACEMENT_3D('',#6900,#6901,#6902);
#6900 = CARTESIAN_POINT('',(2.025,1.3,1.2));
#6901 = DIRECTION('',(-0.707106781187,-0.707106781187,0.));
#6902 = DIRECTION('',(0.707106781187,-0.707106781187,0.));
#6903 = ADVANCED_FACE('',(#6904),#6921,.F.);
#6904 = FACE_BOUND('',#6905,.F.);
#6905 = EDGE_LOOP('',(#6906,#6913,#6914,#6915));
#6906 = ORIENTED_EDGE('',*,*,#6907,.F.);
#6907 = EDGE_CURVE('',#6499,#6908,#6910,.T.);
#6908 = VERTEX_POINT('',#6909);
#6909 = CARTESIAN_POINT('',(2.125,1.0875,1.2));
#6910 = B_SPLINE_CURVE_WITH_KNOTS('',1,(#6911,#6912),.UNSPECIFIED.,.F.,
  .F.,(2,2),(0.,1.),.PIECEWISE_BEZIER_KNOTS.);
#6911 = CARTESIAN_POINT('',(2.2,1.125,1.2));
#6912 = CARTESIAN_POINT('',(2.125,1.0875,1.2));
#6913 = ORIENTED_EDGE('',*,*,#6507,.T.);
#6914 = ORIENTED_EDGE('',*,*,#6545,.T.);
#6915 = ORIENTED_EDGE('',*,*,#6916,.F.);
#6916 = EDGE_CURVE('',#6908,#6538,#6917,.T.);
#6917 = LINE('',#6918,#6919);
#6918 = CARTESIAN_POINT('',(2.125,1.0875,1.2));
#6919 = VECTOR('',#6920,1.);
#6920 = DIRECTION('',(-2.22044604925E-16,-1.,0.));
#6921 = B_SPLINE_SURFACE_WITH_KNOTS('',1,1,(
    (#6922,#6923)
    ,(#6924,#6925
    )),.UNSPECIFIED.,.F.,.F.,.F.,(2,2),(2,2),(0.,2.25),(0.,1.),
  .PIECEWISE_BEZIER_KNOTS.);
#6922 = CARTESIAN_POINT('',(2.2,1.125,1.2));
#6923 = CARTESIAN_POINT('',(2.125,1.0875,1.2));
#6924 = CARTESIAN_POINT('',(2.2,-1.125,1.2));
#6925 = CARTESIAN_POINT('',(2.125,-1.0875,1.2));
#6926 = ADVANCED_FACE('',(#6927),#6975,.F.);
#6927 = FACE_BOUND('',#6928,.F.);
#6928 = EDGE_LOOP('',(#6929,#6930,#6931,#6939,#6947,#6955,#6962,#6970));
#6929 = ORIENTED_EDGE('',*,*,#6916,.T.);
#6930 = ORIENTED_EDGE('',*,*,#6537,.T.);
#6931 = ORIENTED_EDGE('',*,*,#6932,.T.);
#6932 = EDGE_CURVE('',#6530,#6933,#6935,.T.);
#6933 = VERTEX_POINT('',#6934);
#6934 = CARTESIAN_POINT('',(2.125,-0.435,1.2));
#6935 = LINE('',#6936,#6937);
#6936 = CARTESIAN_POINT('',(2.125,1.0875,1.2));
#6937 = VECTOR('',#6938,1.);
#6938 = DIRECTION('',(-2.22044604925E-16,-1.,0.));
#6939 = ORIENTED_EDGE('',*,*,#6940,.T.);
#6940 = EDGE_CURVE('',#6933,#6941,#6943,.T.);
#6941 = VERTEX_POINT('',#6942);
#6942 = CARTESIAN_POINT('',(2.125,-0.835,1.2));
#6943 = LINE('',#6944,#6945);
#6944 = CARTESIAN_POINT('',(2.125,1.0875,1.2));
#6945 = VECTOR('',#6946,1.);
#6946 = DIRECTION('',(-2.22044604925E-16,-1.,0.));
#6947 = ORIENTED_EDGE('',*,*,#6948,.T.);
#6948 = EDGE_CURVE('',#6941,#6949,#6951,.T.);
#6949 = VERTEX_POINT('',#6950);
#6950 = CARTESIAN_POINT('',(2.125,-1.0875,1.2));
#6951 = LINE('',#6952,#6953);
#6952 = CARTESIAN_POINT('',(2.125,1.0875,1.2));
#6953 = VECTOR('',#6954,1.);
#6954 = DIRECTION('',(-2.22044604925E-16,-1.,0.));
#6955 = ORIENTED_EDGE('',*,*,#6956,.T.);
#6956 = EDGE_CURVE('',#6949,#6957,#6959,.T.);
#6957 = VERTEX_POINT('',#6958);
#6958 = CARTESIAN_POINT('',(1.933699094497,-0.991849547248,2.1));
#6959 = B_SPLINE_CURVE_WITH_KNOTS('',1,(#6960,#6961),.UNSPECIFIED.,.F.,
  .F.,(2,2),(0.,1.),.PIECEWISE_BEZIER_KNOTS.);
#6960 = CARTESIAN_POINT('',(2.125,-1.0875,1.2));
#6961 = CARTESIAN_POINT('',(1.933699094497,-0.991849547248,2.1));
#6962 = ORIENTED_EDGE('',*,*,#6963,.F.);
#6963 = EDGE_CURVE('',#6964,#6957,#6966,.T.);
#6964 = VERTEX_POINT('',#6965);
#6965 = CARTESIAN_POINT('',(1.933699094497,0.991849547248,2.1));
#6966 = LINE('',#6967,#6968);
#6967 = CARTESIAN_POINT('',(1.933699094497,0.991849547248,2.1));
#6968 = VECTOR('',#6969,1.);
#6969 = DIRECTION('',(-2.22044604925E-16,-1.,0.));
#6970 = ORIENTED_EDGE('',*,*,#6971,.F.);
#6971 = EDGE_CURVE('',#6908,#6964,#6972,.T.);
#6972 = B_SPLINE_CURVE_WITH_KNOTS('',1,(#6973,#6974),.UNSPECIFIED.,.F.,
  .F.,(2,2),(0.,1.),.PIECEWISE_BEZIER_KNOTS.);
#6973 = CARTESIAN_POINT('',(2.125,1.0875,1.2));
#6974 = CARTESIAN_POINT('',(1.933699094497,0.991849547248,2.1));
#6975 = B_SPLINE_SURFACE_WITH_KNOTS('',1,1,(
    (#6976,#6977)
    ,(#6978,#6979
    )),.UNSPECIFIED.,.F.,.F.,.F.,(2,2),(2,2),(0.,2.175),(0.,1.),
  .PIECEWISE_BEZIER_KNOTS.);
#6976 = CARTESIAN_POINT('',(2.125,1.0875,1.2));
#6977 = CARTESIAN_POINT('',(1.933699094497,0.991849547248,2.1));
#6978 = CARTESIAN_POINT('',(2.125,-1.0875,1.2));
#6979 = CARTESIAN_POINT('',(1.933699094497,-0.991849547248,2.1));
#6980 = ADVANCED_FACE('',(#6981),#6992,.F.);
#6981 = FACE_BOUND('',#6982,.F.);
#6982 = EDGE_LOOP('',(#6983,#6984,#6985,#6991));
#6983 = ORIENTED_EDGE('',*,*,#6529,.F.);
#6984 = ORIENTED_EDGE('',*,*,#6700,.T.);
#6985 = ORIENTED_EDGE('',*,*,#6986,.T.);
#6986 = EDGE_CURVE('',#6693,#6933,#6987,.T.);
#6987 = LINE('',#6988,#6989);
#6988 = CARTESIAN_POINT('',(2.4,-0.435,1.2));
#6989 = VECTOR('',#6990,1.);
#6990 = DIRECTION('',(-1.,2.22044604925E-16,0.));
#6991 = ORIENTED_EDGE('',*,*,#6932,.F.);
#6992 = B_SPLINE_SURFACE_WITH_KNOTS('',1,1,(
    (#6993,#6994)
    ,(#6995,#6996
    )),.UNSPECIFIED.,.F.,.F.,.F.,(2,2),(2,2),(0.,2.25),(0.,1.),
  .PIECEWISE_BEZIER_KNOTS.);
#6993 = CARTESIAN_POINT('',(2.2,1.125,1.2));
#6994 = CARTESIAN_POINT('',(2.125,1.0875,1.2));
#6995 = CARTESIAN_POINT('',(2.2,-1.125,1.2));
#6996 = CARTESIAN_POINT('',(2.125,-1.0875,1.2));
#6997 = ADVANCED_FACE('',(#6998),#7084,.F.);
#6998 = FACE_BOUND('',#6999,.F.);
#6999 = EDGE_LOOP('',(#7000,#7001,#7002,#7011,#7019,#7028,#7036,#7044,
    #7052,#7061,#7069,#7078));
#7000 = ORIENTED_EDGE('',*,*,#6692,.F.);
#7001 = ORIENTED_EDGE('',*,*,#6800,.T.);
#7002 = ORIENTED_EDGE('',*,*,#7003,.T.);
#7003 = EDGE_CURVE('',#6801,#7004,#7006,.T.);
#7004 = VERTEX_POINT('',#7005);
#7005 = CARTESIAN_POINT('',(2.5,-0.435,0.9));
#7006 = CIRCLE('',#7007,0.1);
#7007 = AXIS2_PLACEMENT_3D('',#7008,#7009,#7010);
#7008 = CARTESIAN_POINT('',(2.4,-0.435,0.9));
#7009 = DIRECTION('',(2.22044604925E-16,1.,-0.));
#7010 = DIRECTION('',(0.,0.,1.));
#7011 = ORIENTED_EDGE('',*,*,#7012,.T.);
#7012 = EDGE_CURVE('',#7004,#7013,#7015,.T.);
#7013 = VERTEX_POINT('',#7014);
#7014 = CARTESIAN_POINT('',(2.5,-0.435,0.3));
#7015 = LINE('',#7016,#7017);
#7016 = CARTESIAN_POINT('',(2.5,-0.435,0.9));
#7017 = VECTOR('',#7018,1.);
#7018 = DIRECTION('',(0.,-0.,-1.));
#7019 = ORIENTED_EDGE('',*,*,#7020,.T.);
#7020 = EDGE_CURVE('',#7013,#7021,#7023,.T.);
#7021 = VERTEX_POINT('',#7022);
#7022 = CARTESIAN_POINT('',(2.8,-0.435,1.110223024625E-16));
#7023 = CIRCLE('',#7024,0.3);
#7024 = AXIS2_PLACEMENT_3D('',#7025,#7026,#7027);
#7025 = CARTESIAN_POINT('',(2.8,-0.435,0.3));
#7026 = DIRECTION('',(-2.22044604925E-16,-1.,0.));
#7027 = DIRECTION('',(-1.,2.22044604925E-16,-1.295260195396E-15));
#7028 = ORIENTED_EDGE('',*,*,#7029,.T.);
#7029 = EDGE_CURVE('',#7021,#7030,#7032,.T.);
#7030 = VERTEX_POINT('',#7031);
#7031 = CARTESIAN_POINT('',(3.5,-0.435,1.110223024625E-16));
#7032 = LINE('',#7033,#7034);
#7033 = CARTESIAN_POINT('',(2.8,-0.435,1.110223024625E-16));
#7034 = VECTOR('',#7035,1.);
#7035 = DIRECTION('',(1.,-2.22044604925E-16,0.));
#7036 = ORIENTED_EDGE('',*,*,#7037,.T.);
#7037 = EDGE_CURVE('',#7030,#7038,#7040,.T.);
#7038 = VERTEX_POINT('',#7039);
#7039 = CARTESIAN_POINT('',(3.5,-0.435,0.2));
#7040 = LINE('',#7041,#7042);
#7041 = CARTESIAN_POINT('',(3.5,-0.435,1.110223024625E-16));
#7042 = VECTOR('',#7043,1.);
#7043 = DIRECTION('',(0.,0.,1.));
#7044 = ORIENTED_EDGE('',*,*,#7045,.T.);
#7045 = EDGE_CURVE('',#7038,#7046,#7048,.T.);
#7046 = VERTEX_POINT('',#7047);
#7047 = CARTESIAN_POINT('',(2.8,-0.435,0.2));
#7048 = LINE('',#7049,#7050);
#7049 = CARTESIAN_POINT('',(3.5,-0.435,0.2));
#7050 = VECTOR('',#7051,1.);
#7051 = DIRECTION('',(-1.,2.22044604925E-16,0.));
#7052 = ORIENTED_EDGE('',*,*,#7053,.T.);
#7053 = EDGE_CURVE('',#7046,#7054,#7056,.T.);
#7054 = VERTEX_POINT('',#7055);
#7055 = CARTESIAN_POINT('',(2.7,-0.435,0.3));
#7056 = CIRCLE('',#7057,0.1);
#7057 = AXIS2_PLACEMENT_3D('',#7058,#7059,#7060);
#7058 = CARTESIAN_POINT('',(2.8,-0.435,0.3));
#7059 = DIRECTION('',(2.22044604925E-16,1.,0.));
#7060 = DIRECTION('',(0.,0.,-1.));
#7061 = ORIENTED_EDGE('',*,*,#7062,.T.);
#7062 = EDGE_CURVE('',#7054,#7063,#7065,.T.);
#7063 = VERTEX_POINT('',#7064);
#7064 = CARTESIAN_POINT('',(2.7,-0.435,0.9));
#7065 = LINE('',#7066,#7067);
#7066 = CARTESIAN_POINT('',(2.7,-0.435,0.3));
#7067 = VECTOR('',#7068,1.);
#7068 = DIRECTION('',(0.,0.,1.));
#7069 = ORIENTED_EDGE('',*,*,#7070,.T.);
#7070 = EDGE_CURVE('',#7063,#7071,#7073,.T.);
#7071 = VERTEX_POINT('',#7072);
#7072 = CARTESIAN_POINT('',(2.4,-0.435,1.2));
#7073 = CIRCLE('',#7074,0.3);
#7074 = AXIS2_PLACEMENT_3D('',#7075,#7076,#7077);
#7075 = CARTESIAN_POINT('',(2.4,-0.435,0.9));
#7076 = DIRECTION('',(-2.22044604925E-16,-1.,0.));
#7077 = DIRECTION('',(1.,-2.22044604925E-16,7.401486830834E-16));
#7078 = ORIENTED_EDGE('',*,*,#7079,.T.);
#7079 = EDGE_CURVE('',#7071,#6693,#7080,.T.);
#7080 = LINE('',#7081,#7082);
#7081 = CARTESIAN_POINT('',(2.4,-0.435,1.2));
#7082 = VECTOR('',#7083,1.);
#7083 = DIRECTION('',(-1.,2.22044604925E-16,0.));
#7084 = PLANE('',#7085);
#7085 = AXIS2_PLACEMENT_3D('',#7086,#7087,#7088);
#7086 = CARTESIAN_POINT('',(2.716847688132,-0.435,0.529183219314));
#7087 = DIRECTION('',(-2.22044604925E-16,-1.,0.));
#7088 = DIRECTION('',(0.,0.,1.));
#7089 = ADVANCED_FACE('',(#7090),#7107,.F.);
#7090 = FACE_BOUND('',#7091,.F.);
#7091 = EDGE_LOOP('',(#7092,#7093,#7094,#7102));
#7092 = ORIENTED_EDGE('',*,*,#6714,.T.);
#7093 = ORIENTED_EDGE('',*,*,#6871,.T.);
#7094 = ORIENTED_EDGE('',*,*,#7095,.F.);
#7095 = EDGE_CURVE('',#7096,#6864,#7098,.T.);
#7096 = VERTEX_POINT('',#7097);
#7097 = CARTESIAN_POINT('',(-2.025,1.3,1.));
#7098 = LINE('',#7099,#7100);
#7099 = CARTESIAN_POINT('',(-2.025,1.3,1.));
#7100 = VECTOR('',#7101,1.);
#7101 = DIRECTION('',(1.,-2.22044604925E-16,0.));
#7102 = ORIENTED_EDGE('',*,*,#7103,.F.);
#7103 = EDGE_CURVE('',#6715,#7096,#7104,.T.);
#7104 = B_SPLINE_CURVE_WITH_KNOTS('',1,(#7105,#7106),.UNSPECIFIED.,.F.,
  .F.,(2,2),(0.,1.),.PIECEWISE_BEZIER_KNOTS.);
#7105 = CARTESIAN_POINT('',(-1.929349547248,1.108699094497,0.1));
#7106 = CARTESIAN_POINT('',(-2.025,1.3,1.));
#7107 = B_SPLINE_SURFACE_WITH_KNOTS('',1,1,(
    (#7108,#7109)
    ,(#7110,#7111
    )),.UNSPECIFIED.,.F.,.F.,.F.,(2,2),(2,2),(0.,4.05),(0.,1.),
  .PIECEWISE_BEZIER_KNOTS.);
#7108 = CARTESIAN_POINT('',(-1.929349547248,1.108699094497,0.1));
#7109 = CARTESIAN_POINT('',(-2.025,1.3,1.));
#7110 = CARTESIAN_POINT('',(1.929349547248,1.108699094497,0.1));
#7111 = CARTESIAN_POINT('',(2.025,1.3,1.));
#7112 = ADVANCED_FACE('',(#7113),#7130,.F.);
#7113 = FACE_BOUND('',#7114,.F.);
#7114 = EDGE_LOOP('',(#7115,#7116,#7123,#7129));
#7115 = ORIENTED_EDGE('',*,*,#6739,.T.);
#7116 = ORIENTED_EDGE('',*,*,#7117,.T.);
#7117 = EDGE_CURVE('',#6740,#7118,#7120,.T.);
#7118 = VERTEX_POINT('',#7119);
#7119 = CARTESIAN_POINT('',(-2.025,-1.3,1.));
#7120 = B_SPLINE_CURVE_WITH_KNOTS('',1,(#7121,#7122),.UNSPECIFIED.,.F.,
  .F.,(2,2),(0.,1.),.PIECEWISE_BEZIER_KNOTS.);
#7121 = CARTESIAN_POINT('',(-1.929349547248,-1.108699094497,0.1));
#7122 = CARTESIAN_POINT('',(-2.025,-1.3,1.));
#7123 = ORIENTED_EDGE('',*,*,#7124,.F.);
#7124 = EDGE_CURVE('',#6779,#7118,#7125,.T.);
#7125 = LINE('',#7126,#7127);
#7126 = CARTESIAN_POINT('',(2.025,-1.3,1.));
#7127 = VECTOR('',#7128,1.);
#7128 = DIRECTION('',(-1.,2.22044604925E-16,0.));
#7129 = ORIENTED_EDGE('',*,*,#6778,.F.);
#7130 = B_SPLINE_SURFACE_WITH_KNOTS('',1,1,(
    (#7131,#7132)
    ,(#7133,#7134
    )),.UNSPECIFIED.,.F.,.F.,.F.,(2,2),(2,2),(0.,4.05),(0.,1.),
  .PIECEWISE_BEZIER_KNOTS.);
#7131 = CARTESIAN_POINT('',(1.929349547248,-1.108699094497,0.1));
#7132 = CARTESIAN_POINT('',(2.025,-1.3,1.));
#7133 = CARTESIAN_POINT('',(-1.929349547248,-1.108699094497,0.1));
#7134 = CARTESIAN_POINT('',(-2.025,-1.3,1.));
#7135 = ADVANCED_FACE('',(#7136),#7153,.F.);
#7136 = FACE_BOUND('',#7137,.F.);
#7137 = EDGE_LOOP('',(#7138,#7139,#7146,#7152));
#7138 = ORIENTED_EDGE('',*,*,#6747,.T.);
#7139 = ORIENTED_EDGE('',*,*,#7140,.T.);
#7140 = EDGE_CURVE('',#6748,#7141,#7143,.T.);
#7141 = VERTEX_POINT('',#7142);
#7142 = CARTESIAN_POINT('',(-2.2,-1.125,1.));
#7143 = B_SPLINE_CURVE_WITH_KNOTS('',1,(#7144,#7145),.UNSPECIFIED.,.F.,
  .F.,(2,2),(0.,1.),.PIECEWISE_BEZIER_KNOTS.);
#7144 = CARTESIAN_POINT('',(-2.008699094497,-1.029349547248,0.1));
#7145 = CARTESIAN_POINT('',(-2.2,-1.125,1.));
#7146 = ORIENTED_EDGE('',*,*,#7147,.F.);
#7147 = EDGE_CURVE('',#7118,#7141,#7148,.T.);
#7148 = LINE('',#7149,#7150);
#7149 = CARTESIAN_POINT('',(-2.025,-1.3,1.));
#7150 = VECTOR('',#7151,1.);
#7151 = DIRECTION('',(-0.707106781187,0.707106781187,0.));
#7152 = ORIENTED_EDGE('',*,*,#7117,.F.);
#7153 = B_SPLINE_SURFACE_WITH_KNOTS('',1,1,(
    (#7154,#7155)
    ,(#7156,#7157
    )),.UNSPECIFIED.,.F.,.F.,.F.,(2,2),(2,2),(0.,0.247487373415),(0.,1.)
  ,.PIECEWISE_BEZIER_KNOTS.);
#7154 = CARTESIAN_POINT('',(-1.929349547248,-1.108699094497,0.1));
#7155 = CARTESIAN_POINT('',(-2.025,-1.3,1.));
#7156 = CARTESIAN_POINT('',(-2.008699094497,-1.029349547248,0.1));
#7157 = CARTESIAN_POINT('',(-2.2,-1.125,1.));
#7158 = ADVANCED_FACE('',(#7159),#7208,.F.);
#7159 = FACE_BOUND('',#7160,.F.);
#7160 = EDGE_LOOP('',(#7161,#7162,#7169,#7177,#7185,#7193,#7201,#7207));
#7161 = ORIENTED_EDGE('',*,*,#6755,.T.);
#7162 = ORIENTED_EDGE('',*,*,#7163,.T.);
#7163 = EDGE_CURVE('',#6756,#7164,#7166,.T.);
#7164 = VERTEX_POINT('',#7165);
#7165 = CARTESIAN_POINT('',(-2.2,1.125,1.));
#7166 = B_SPLINE_CURVE_WITH_KNOTS('',1,(#7167,#7168),.UNSPECIFIED.,.F.,
  .F.,(2,2),(0.,1.),.PIECEWISE_BEZIER_KNOTS.);
#7167 = CARTESIAN_POINT('',(-2.008699094497,1.029349547248,0.1));
#7168 = CARTESIAN_POINT('',(-2.2,1.125,1.));
#7169 = ORIENTED_EDGE('',*,*,#7170,.F.);
#7170 = EDGE_CURVE('',#7171,#7164,#7173,.T.);
#7171 = VERTEX_POINT('',#7172);
#7172 = CARTESIAN_POINT('',(-2.2,0.835,1.));
#7173 = LINE('',#7174,#7175);
#7174 = CARTESIAN_POINT('',(-2.2,-1.125,1.));
#7175 = VECTOR('',#7176,1.);
#7176 = DIRECTION('',(2.22044604925E-16,1.,0.));
#7177 = ORIENTED_EDGE('',*,*,#7178,.F.);
#7178 = EDGE_CURVE('',#7179,#7171,#7181,.T.);
#7179 = VERTEX_POINT('',#7180);
#7180 = CARTESIAN_POINT('',(-2.2,0.435,1.));
#7181 = LINE('',#7182,#7183);
#7182 = CARTESIAN_POINT('',(-2.2,-1.125,1.));
#7183 = VECTOR('',#7184,1.);
#7184 = DIRECTION('',(2.22044604925E-16,1.,0.));
#7185 = ORIENTED_EDGE('',*,*,#7186,.F.);
#7186 = EDGE_CURVE('',#7187,#7179,#7189,.T.);
#7187 = VERTEX_POINT('',#7188);
#7188 = CARTESIAN_POINT('',(-2.2,-0.435,1.));
#7189 = LINE('',#7190,#7191);
#7190 = CARTESIAN_POINT('',(-2.2,-1.125,1.));
#7191 = VECTOR('',#7192,1.);
#7192 = DIRECTION('',(2.22044604925E-16,1.,0.));
#7193 = ORIENTED_EDGE('',*,*,#7194,.F.);
#7194 = EDGE_CURVE('',#7195,#7187,#7197,.T.);
#7195 = VERTEX_POINT('',#7196);
#7196 = CARTESIAN_POINT('',(-2.2,-0.835,1.));
#7197 = LINE('',#7198,#7199);
#7198 = CARTESIAN_POINT('',(-2.2,-1.125,1.));
#7199 = VECTOR('',#7200,1.);
#7200 = DIRECTION('',(2.22044604925E-16,1.,0.));
#7201 = ORIENTED_EDGE('',*,*,#7202,.F.);
#7202 = EDGE_CURVE('',#7141,#7195,#7203,.T.);
#7203 = LINE('',#7204,#7205);
#7204 = CARTESIAN_POINT('',(-2.2,-1.125,1.));
#7205 = VECTOR('',#7206,1.);
#7206 = DIRECTION('',(2.22044604925E-16,1.,0.));
#7207 = ORIENTED_EDGE('',*,*,#7140,.F.);
#7208 = B_SPLINE_SURFACE_WITH_KNOTS('',1,1,(
    (#7209,#7210)
    ,(#7211,#7212
    )),.UNSPECIFIED.,.F.,.F.,.F.,(2,2),(2,2),(0.,2.25),(0.,1.),
  .PIECEWISE_BEZIER_KNOTS.);
#7209 = CARTESIAN_POINT('',(-2.008699094497,-1.029349547248,0.1));
#7210 = CARTESIAN_POINT('',(-2.2,-1.125,1.));
#7211 = CARTESIAN_POINT('',(-2.008699094497,1.029349547248,0.1));
#7212 = CARTESIAN_POINT('',(-2.2,1.125,1.));
#7213 = ADVANCED_FACE('',(#7214),#7225,.F.);
#7214 = FACE_BOUND('',#7215,.F.);
#7215 = EDGE_LOOP('',(#7216,#7217,#7218,#7224));
#7216 = ORIENTED_EDGE('',*,*,#6763,.T.);
#7217 = ORIENTED_EDGE('',*,*,#7103,.T.);
#7218 = ORIENTED_EDGE('',*,*,#7219,.F.);
#7219 = EDGE_CURVE('',#7164,#7096,#7220,.T.);
#7220 = LINE('',#7221,#7222);
#7221 = CARTESIAN_POINT('',(-2.2,1.125,1.));
#7222 = VECTOR('',#7223,1.);
#7223 = DIRECTION('',(0.707106781187,0.707106781187,0.));
#7224 = ORIENTED_EDGE('',*,*,#7163,.F.);
#7225 = B_SPLINE_SURFACE_WITH_KNOTS('',1,1,(
    (#7226,#7227)
    ,(#7228,#7229
    )),.UNSPECIFIED.,.F.,.F.,.F.,(2,2),(2,2),(0.,0.247487373415),(0.,1.)
  ,.PIECEWISE_BEZIER_KNOTS.);
#7226 = CARTESIAN_POINT('',(-2.008699094497,1.029349547248,0.1));
#7227 = CARTESIAN_POINT('',(-2.2,1.125,1.));
#7228 = CARTESIAN_POINT('',(-1.929349547248,1.108699094497,0.1));
#7229 = CARTESIAN_POINT('',(-2.025,1.3,1.));
#7230 = ADVANCED_FACE('',(#7231),#7248,.F.);
#7231 = FACE_BOUND('',#7232,.F.);
#7232 = EDGE_LOOP('',(#7233,#7234,#7241,#7247));
#7233 = ORIENTED_EDGE('',*,*,#6785,.T.);
#7234 = ORIENTED_EDGE('',*,*,#7235,.T.);
#7235 = EDGE_CURVE('',#6779,#7236,#7238,.T.);
#7236 = VERTEX_POINT('',#7237);
#7237 = CARTESIAN_POINT('',(2.025,-1.3,1.2));
#7238 = B_SPLINE_CURVE_WITH_KNOTS('',1,(#7239,#7240),.UNSPECIFIED.,.F.,
  .F.,(2,2),(0.,1.),.PIECEWISE_BEZIER_KNOTS.);
#7239 = CARTESIAN_POINT('',(2.025,-1.3,1.));
#7240 = CARTESIAN_POINT('',(2.025,-1.3,1.2));
#7241 = ORIENTED_EDGE('',*,*,#7242,.F.);
#7242 = EDGE_CURVE('',#6841,#7236,#7243,.T.);
#7243 = LINE('',#7244,#7245);
#7244 = CARTESIAN_POINT('',(2.2,-1.125,1.2));
#7245 = VECTOR('',#7246,1.);
#7246 = DIRECTION('',(-0.707106781187,-0.707106781187,0.));
#7247 = ORIENTED_EDGE('',*,*,#6840,.F.);
#7248 = PLANE('',#7249);
#7249 = AXIS2_PLACEMENT_3D('',#7250,#7251,#7252);
#7250 = CARTESIAN_POINT('',(2.2,-1.125,1.2));
#7251 = DIRECTION('',(-0.707106781187,0.707106781187,0.));
#7252 = DIRECTION('',(-0.707106781187,-0.707106781187,0.));
#7253 = ADVANCED_FACE('',(#7254),#7273,.F.);
#7254 = FACE_BOUND('',#7255,.F.);
#7255 = EDGE_LOOP('',(#7256,#7257,#7266,#7272));
#7256 = ORIENTED_EDGE('',*,*,#6817,.T.);
#7257 = ORIENTED_EDGE('',*,*,#7258,.T.);
#7258 = EDGE_CURVE('',#6810,#7259,#7261,.T.);
#7259 = VERTEX_POINT('',#7260);
#7260 = CARTESIAN_POINT('',(2.5,-0.835,0.9));
#7261 = CIRCLE('',#7262,0.1);
#7262 = AXIS2_PLACEMENT_3D('',#7263,#7264,#7265);
#7263 = CARTESIAN_POINT('',(2.4,-0.835,0.9));
#7264 = DIRECTION('',(2.22044604925E-16,1.,-0.));
#7265 = DIRECTION('',(0.,0.,1.));
#7266 = ORIENTED_EDGE('',*,*,#7267,.F.);
#7267 = EDGE_CURVE('',#7004,#7259,#7268,.T.);
#7268 = LINE('',#7269,#7270);
#7269 = CARTESIAN_POINT('',(2.5,-0.435,0.9));
#7270 = VECTOR('',#7271,1.);
#7271 = DIRECTION('',(-2.22044604925E-16,-1.,0.));
#7272 = ORIENTED_EDGE('',*,*,#7003,.F.);
#7273 = CYLINDRICAL_SURFACE('',#7274,0.1);
#7274 = AXIS2_PLACEMENT_3D('',#7275,#7276,#7277);
#7275 = CARTESIAN_POINT('',(2.4,-0.435,0.9));
#7276 = DIRECTION('',(2.22044604925E-16,1.,0.));
#7277 = DIRECTION('',(0.,-0.,1.));
#7278 = ADVANCED_FACE('',(#7279),#7357,.T.);
#7279 = FACE_BOUND('',#7280,.T.);
#7280 = EDGE_LOOP('',(#7281,#7282,#7283,#7284,#7292,#7301,#7309,#7317,
    #7325,#7334,#7342,#7351));
#7281 = ORIENTED_EDGE('',*,*,#6831,.F.);
#7282 = ORIENTED_EDGE('',*,*,#6809,.T.);
#7283 = ORIENTED_EDGE('',*,*,#7258,.T.);
#7284 = ORIENTED_EDGE('',*,*,#7285,.T.);
#7285 = EDGE_CURVE('',#7259,#7286,#7288,.T.);
#7286 = VERTEX_POINT('',#7287);
#7287 = CARTESIAN_POINT('',(2.5,-0.835,0.3));
#7288 = LINE('',#7289,#7290);
#7289 = CARTESIAN_POINT('',(2.5,-0.835,0.9));
#7290 = VECTOR('',#7291,1.);
#7291 = DIRECTION('',(0.,-0.,-1.));
#7292 = ORIENTED_EDGE('',*,*,#7293,.T.);
#7293 = EDGE_CURVE('',#7286,#7294,#7296,.T.);
#7294 = VERTEX_POINT('',#7295);
#7295 = CARTESIAN_POINT('',(2.8,-0.835,1.110223024625E-16));
#7296 = CIRCLE('',#7297,0.3);
#7297 = AXIS2_PLACEMENT_3D('',#7298,#7299,#7300);
#7298 = CARTESIAN_POINT('',(2.8,-0.835,0.3));
#7299 = DIRECTION('',(-2.22044604925E-16,-1.,0.));
#7300 = DIRECTION('',(-1.,2.22044604925E-16,-1.295260195396E-15));
#7301 = ORIENTED_EDGE('',*,*,#7302,.T.);
#7302 = EDGE_CURVE('',#7294,#7303,#7305,.T.);
#7303 = VERTEX_POINT('',#7304);
#7304 = CARTESIAN_POINT('',(3.5,-0.835,1.110223024625E-16));
#7305 = LINE('',#7306,#7307);
#7306 = CARTESIAN_POINT('',(2.8,-0.835,1.110223024625E-16));
#7307 = VECTOR('',#7308,1.);
#7308 = DIRECTION('',(1.,-2.22044604925E-16,0.));
#7309 = ORIENTED_EDGE('',*,*,#7310,.T.);
#7310 = EDGE_CURVE('',#7303,#7311,#7313,.T.);
#7311 = VERTEX_POINT('',#7312);
#7312 = CARTESIAN_POINT('',(3.5,-0.835,0.2));
#7313 = LINE('',#7314,#7315);
#7314 = CARTESIAN_POINT('',(3.5,-0.835,1.110223024625E-16));
#7315 = VECTOR('',#7316,1.);
#7316 = DIRECTION('',(0.,0.,1.));
#7317 = ORIENTED_EDGE('',*,*,#7318,.T.);
#7318 = EDGE_CURVE('',#7311,#7319,#7321,.T.);
#7319 = VERTEX_POINT('',#7320);
#7320 = CARTESIAN_POINT('',(2.8,-0.835,0.2));
#7321 = LINE('',#7322,#7323);
#7322 = CARTESIAN_POINT('',(3.5,-0.835,0.2));
#7323 = VECTOR('',#7324,1.);
#7324 = DIRECTION('',(-1.,2.22044604925E-16,0.));
#7325 = ORIENTED_EDGE('',*,*,#7326,.T.);
#7326 = EDGE_CURVE('',#7319,#7327,#7329,.T.);
#7327 = VERTEX_POINT('',#7328);
#7328 = CARTESIAN_POINT('',(2.7,-0.835,0.3));
#7329 = CIRCLE('',#7330,0.1);
#7330 = AXIS2_PLACEMENT_3D('',#7331,#7332,#7333);
#7331 = CARTESIAN_POINT('',(2.8,-0.835,0.3));
#7332 = DIRECTION('',(2.22044604925E-16,1.,0.));
#7333 = DIRECTION('',(0.,0.,-1.));
#7334 = ORIENTED_EDGE('',*,*,#7335,.T.);
#7335 = EDGE_CURVE('',#7327,#7336,#7338,.T.);
#7336 = VERTEX_POINT('',#7337);
#7337 = CARTESIAN_POINT('',(2.7,-0.835,0.9));
#7338 = LINE('',#7339,#7340);
#7339 = CARTESIAN_POINT('',(2.7,-0.835,0.3));
#7340 = VECTOR('',#7341,1.);
#7341 = DIRECTION('',(0.,0.,1.));
#7342 = ORIENTED_EDGE('',*,*,#7343,.T.);
#7343 = EDGE_CURVE('',#7336,#7344,#7346,.T.);
#7344 = VERTEX_POINT('',#7345);
#7345 = CARTESIAN_POINT('',(2.4,-0.835,1.2));
#7346 = CIRCLE('',#7347,0.3);
#7347 = AXIS2_PLACEMENT_3D('',#7348,#7349,#7350);
#7348 = CARTESIAN_POINT('',(2.4,-0.835,0.9));
#7349 = DIRECTION('',(-2.22044604925E-16,-1.,0.));
#7350 = DIRECTION('',(1.,-2.22044604925E-16,7.401486830834E-16));
#7351 = ORIENTED_EDGE('',*,*,#7352,.T.);
#7352 = EDGE_CURVE('',#7344,#6832,#7353,.T.);
#7353 = LINE('',#7354,#7355);
#7354 = CARTESIAN_POINT('',(2.4,-0.835,1.2));
#7355 = VECTOR('',#7356,1.);
#7356 = DIRECTION('',(-1.,2.22044604925E-16,0.));
#7357 = PLANE('',#7358);
#7358 = AXIS2_PLACEMENT_3D('',#7359,#7360,#7361);
#7359 = CARTESIAN_POINT('',(2.716847688132,-0.835,0.529183219314));
#7360 = DIRECTION('',(-2.22044604925E-16,-1.,0.));
#7361 = DIRECTION('',(0.,0.,1.));
#7362 = ADVANCED_FACE('',(#7363),#7378,.F.);
#7363 = FACE_BOUND('',#7364,.F.);
#7364 = EDGE_LOOP('',(#7365,#7371,#7372,#7377));
#7365 = ORIENTED_EDGE('',*,*,#7366,.F.);
#7366 = EDGE_CURVE('',#6832,#6941,#7367,.T.);
#7367 = LINE('',#7368,#7369);
#7368 = CARTESIAN_POINT('',(2.4,-0.835,1.2));
#7369 = VECTOR('',#7370,1.);
#7370 = DIRECTION('',(-1.,2.22044604925E-16,0.));
#7371 = ORIENTED_EDGE('',*,*,#6847,.T.);
#7372 = ORIENTED_EDGE('',*,*,#7373,.T.);
#7373 = EDGE_CURVE('',#6841,#6949,#7374,.T.);
#7374 = B_SPLINE_CURVE_WITH_KNOTS('',1,(#7375,#7376),.UNSPECIFIED.,.F.,
  .F.,(2,2),(0.,1.),.PIECEWISE_BEZIER_KNOTS.);
#7375 = CARTESIAN_POINT('',(2.2,-1.125,1.2));
#7376 = CARTESIAN_POINT('',(2.125,-1.0875,1.2));
#7377 = ORIENTED_EDGE('',*,*,#6948,.F.);
#7378 = B_SPLINE_SURFACE_WITH_KNOTS('',1,1,(
    (#7379,#7380)
    ,(#7381,#7382
    )),.UNSPECIFIED.,.F.,.F.,.F.,(2,2),(2,2),(0.,2.25),(0.,1.),
  .PIECEWISE_BEZIER_KNOTS.);
#7379 = CARTESIAN_POINT('',(2.2,1.125,1.2));
#7380 = CARTESIAN_POINT('',(2.125,1.0875,1.2));
#7381 = CARTESIAN_POINT('',(2.2,-1.125,1.2));
#7382 = CARTESIAN_POINT('',(2.125,-1.0875,1.2));
#7383 = ADVANCED_FACE('',(#7384),#7401,.F.);
#7384 = FACE_BOUND('',#7385,.F.);
#7385 = EDGE_LOOP('',(#7386,#7387,#7388,#7396));
#7386 = ORIENTED_EDGE('',*,*,#6886,.T.);
#7387 = ORIENTED_EDGE('',*,*,#6907,.T.);
#7388 = ORIENTED_EDGE('',*,*,#7389,.F.);
#7389 = EDGE_CURVE('',#7390,#6908,#7392,.T.);
#7390 = VERTEX_POINT('',#7391);
#7391 = CARTESIAN_POINT('',(1.9875,1.225,1.2));
#7392 = LINE('',#7393,#7394);
#7393 = CARTESIAN_POINT('',(1.9875,1.225,1.2));
#7394 = VECTOR('',#7395,1.);
#7395 = DIRECTION('',(0.707106781187,-0.707106781187,0.));
#7396 = ORIENTED_EDGE('',*,*,#7397,.F.);
#7397 = EDGE_CURVE('',#6887,#7390,#7398,.T.);
#7398 = B_SPLINE_CURVE_WITH_KNOTS('',1,(#7399,#7400),.UNSPECIFIED.,.F.,
  .F.,(2,2),(0.,1.),.PIECEWISE_BEZIER_KNOTS.);
#7399 = CARTESIAN_POINT('',(2.025,1.3,1.2));
#7400 = CARTESIAN_POINT('',(1.9875,1.225,1.2));
#7401 = B_SPLINE_SURFACE_WITH_KNOTS('',1,1,(
    (#7402,#7403)
    ,(#7404,#7405
    )),.UNSPECIFIED.,.F.,.F.,.F.,(2,2),(2,2),(0.,0.247487373415),(0.,1.)
  ,.PIECEWISE_BEZIER_KNOTS.);
#7402 = CARTESIAN_POINT('',(2.025,1.3,1.2));
#7403 = CARTESIAN_POINT('',(1.9875,1.225,1.2));
#7404 = CARTESIAN_POINT('',(2.2,1.125,1.2));
#7405 = CARTESIAN_POINT('',(2.125,1.0875,1.2));
#7406 = ADVANCED_FACE('',(#7407),#7424,.F.);
#7407 = FACE_BOUND('',#7408,.F.);
#7408 = EDGE_LOOP('',(#7409,#7410,#7411,#7419));
#7409 = ORIENTED_EDGE('',*,*,#7095,.T.);
#7410 = ORIENTED_EDGE('',*,*,#6894,.T.);
#7411 = ORIENTED_EDGE('',*,*,#7412,.F.);
#7412 = EDGE_CURVE('',#7413,#6887,#7415,.T.);
#7413 = VERTEX_POINT('',#7414);
#7414 = CARTESIAN_POINT('',(-2.025,1.3,1.2));
#7415 = LINE('',#7416,#7417);
#7416 = CARTESIAN_POINT('',(-2.025,1.3,1.2));
#7417 = VECTOR('',#7418,1.);
#7418 = DIRECTION('',(1.,-2.22044604925E-16,0.));
#7419 = ORIENTED_EDGE('',*,*,#7420,.F.);
#7420 = EDGE_CURVE('',#7096,#7413,#7421,.T.);
#7421 = B_SPLINE_CURVE_WITH_KNOTS('',1,(#7422,#7423),.UNSPECIFIED.,.F.,
  .F.,(2,2),(0.,1.),.PIECEWISE_BEZIER_KNOTS.);
#7422 = CARTESIAN_POINT('',(-2.025,1.3,1.));
#7423 = CARTESIAN_POINT('',(-2.025,1.3,1.2));
#7424 = PLANE('',#7425);
#7425 = AXIS2_PLACEMENT_3D('',#7426,#7427,#7428);
#7426 = CARTESIAN_POINT('',(-2.025,1.3,1.2));
#7427 = DIRECTION('',(-2.22044604925E-16,-1.,0.));
#7428 = DIRECTION('',(1.,-2.22044604925E-16,0.));
#7429 = ADVANCED_FACE('',(#7430),#7443,.F.);
#7430 = FACE_BOUND('',#7431,.F.);
#7431 = EDGE_LOOP('',(#7432,#7433,#7439,#7440,#7441,#7442));
#7432 = ORIENTED_EDGE('',*,*,#7079,.F.);
#7433 = ORIENTED_EDGE('',*,*,#7434,.T.);
#7434 = EDGE_CURVE('',#7071,#7344,#7435,.T.);
#7435 = LINE('',#7436,#7437);
#7436 = CARTESIAN_POINT('',(2.4,-0.435,1.2));
#7437 = VECTOR('',#7438,1.);
#7438 = DIRECTION('',(-2.22044604925E-16,-1.,0.));
#7439 = ORIENTED_EDGE('',*,*,#7352,.T.);
#7440 = ORIENTED_EDGE('',*,*,#7366,.T.);
#7441 = ORIENTED_EDGE('',*,*,#6940,.F.);
#7442 = ORIENTED_EDGE('',*,*,#6986,.F.);
#7443 = PLANE('',#7444);
#7444 = AXIS2_PLACEMENT_3D('',#7445,#7446,#7447);
#7445 = CARTESIAN_POINT('',(2.4,-0.435,1.2));
#7446 = DIRECTION('',(0.,-0.,-1.));
#7447 = DIRECTION('',(-1.,2.22044604925E-16,-0.));
#7448 = ADVANCED_FACE('',(#7449),#7473,.F.);
#7449 = FACE_BOUND('',#7450,.F.);
#7450 = EDGE_LOOP('',(#7451,#7459,#7466,#7472));
#7451 = ORIENTED_EDGE('',*,*,#7452,.T.);
#7452 = EDGE_CURVE('',#6949,#7453,#7455,.T.);
#7453 = VERTEX_POINT('',#7454);
#7454 = CARTESIAN_POINT('',(1.9875,-1.225,1.2));
#7455 = LINE('',#7456,#7457);
#7456 = CARTESIAN_POINT('',(2.125,-1.0875,1.2));
#7457 = VECTOR('',#7458,1.);
#7458 = DIRECTION('',(-0.707106781187,-0.707106781187,0.));
#7459 = ORIENTED_EDGE('',*,*,#7460,.T.);
#7460 = EDGE_CURVE('',#7453,#7461,#7463,.T.);
#7461 = VERTEX_POINT('',#7462);
#7462 = CARTESIAN_POINT('',(1.891849547248,-1.033699094497,2.1));
#7463 = B_SPLINE_CURVE_WITH_KNOTS('',1,(#7464,#7465),.UNSPECIFIED.,.F.,
  .F.,(2,2),(0.,1.),.PIECEWISE_BEZIER_KNOTS.);
#7464 = CARTESIAN_POINT('',(1.9875,-1.225,1.2));
#7465 = CARTESIAN_POINT('',(1.891849547248,-1.033699094497,2.1));
#7466 = ORIENTED_EDGE('',*,*,#7467,.F.);
#7467 = EDGE_CURVE('',#6957,#7461,#7468,.T.);
#7468 = LINE('',#7469,#7470);
#7469 = CARTESIAN_POINT('',(1.933699094497,-0.991849547248,2.1));
#7470 = VECTOR('',#7471,1.);
#7471 = DIRECTION('',(-0.707106781187,-0.707106781187,0.));
#7472 = ORIENTED_EDGE('',*,*,#6956,.F.);
#7473 = B_SPLINE_SURFACE_WITH_KNOTS('',1,1,(
    (#7474,#7475)
    ,(#7476,#7477
    )),.UNSPECIFIED.,.F.,.F.,.F.,(2,2),(2,2),(0.,0.194454364826),(0.,1.)
  ,.PIECEWISE_BEZIER_KNOTS.);
#7474 = CARTESIAN_POINT('',(2.125,-1.0875,1.2));
#7475 = CARTESIAN_POINT('',(1.933699094497,-0.991849547248,2.1));
#7476 = CARTESIAN_POINT('',(1.9875,-1.225,1.2));
#7477 = CARTESIAN_POINT('',(1.891849547248,-1.033699094497,2.1));
#7478 = ADVANCED_FACE('',(#7479,#7529),#7540,.F.);
#7479 = FACE_BOUND('',#7480,.F.);
#7480 = EDGE_LOOP('',(#7481,#7491,#7497,#7498,#7499,#7507,#7515,#7523));
#7481 = ORIENTED_EDGE('',*,*,#7482,.T.);
#7482 = EDGE_CURVE('',#7483,#7485,#7487,.T.);
#7483 = VERTEX_POINT('',#7484);
#7484 = CARTESIAN_POINT('',(-1.891849547248,1.033699094497,2.1));
#7485 = VERTEX_POINT('',#7486);
#7486 = CARTESIAN_POINT('',(1.891849547248,1.033699094497,2.1));
#7487 = LINE('',#7488,#7489);
#7488 = CARTESIAN_POINT('',(-1.891849547248,1.033699094497,2.1));
#7489 = VECTOR('',#7490,1.);
#7490 = DIRECTION('',(1.,-2.22044604925E-16,0.));
#7491 = ORIENTED_EDGE('',*,*,#7492,.T.);
#7492 = EDGE_CURVE('',#7485,#6964,#7493,.T.);
#7493 = LINE('',#7494,#7495);
#7494 = CARTESIAN_POINT('',(1.891849547248,1.033699094497,2.1));
#7495 = VECTOR('',#7496,1.);
#7496 = DIRECTION('',(0.707106781187,-0.707106781187,0.));
#7497 = ORIENTED_EDGE('',*,*,#6963,.T.);
#7498 = ORIENTED_EDGE('',*,*,#7467,.T.);
#7499 = ORIENTED_EDGE('',*,*,#7500,.T.);
#7500 = EDGE_CURVE('',#7461,#7501,#7503,.T.);
#7501 = VERTEX_POINT('',#7502);
#7502 = CARTESIAN_POINT('',(-1.891849547248,-1.033699094497,2.1));
#7503 = LINE('',#7504,#7505);
#7504 = CARTESIAN_POINT('',(1.891849547248,-1.033699094497,2.1));
#7505 = VECTOR('',#7506,1.);
#7506 = DIRECTION('',(-1.,2.22044604925E-16,0.));
#7507 = ORIENTED_EDGE('',*,*,#7508,.T.);
#7508 = EDGE_CURVE('',#7501,#7509,#7511,.T.);
#7509 = VERTEX_POINT('',#7510);
#7510 = CARTESIAN_POINT('',(-1.933699094497,-0.991849547248,2.1));
#7511 = LINE('',#7512,#7513);
#7512 = CARTESIAN_POINT('',(-1.891849547248,-1.033699094497,2.1));
#7513 = VECTOR('',#7514,1.);
#7514 = DIRECTION('',(-0.707106781187,0.707106781187,0.));
#7515 = ORIENTED_EDGE('',*,*,#7516,.T.);
#7516 = EDGE_CURVE('',#7509,#7517,#7519,.T.);
#7517 = VERTEX_POINT('',#7518);
#7518 = CARTESIAN_POINT('',(-1.933699094497,0.991849547248,2.1));
#7519 = LINE('',#7520,#7521);
#7520 = CARTESIAN_POINT('',(-1.933699094497,-0.991849547248,2.1));
#7521 = VECTOR('',#7522,1.);
#7522 = DIRECTION('',(2.22044604925E-16,1.,0.));
#7523 = ORIENTED_EDGE('',*,*,#7524,.T.);
#7524 = EDGE_CURVE('',#7517,#7483,#7525,.T.);
#7525 = LINE('',#7526,#7527);
#7526 = CARTESIAN_POINT('',(-1.933699094497,0.991849547248,2.1));
#7527 = VECTOR('',#7528,1.);
#7528 = DIRECTION('',(0.707106781187,0.707106781187,0.));
#7529 = FACE_BOUND('',#7530,.F.);
#7530 = EDGE_LOOP('',(#7531));
#7531 = ORIENTED_EDGE('',*,*,#7532,.T.);
#7532 = EDGE_CURVE('',#7533,#7533,#7535,.T.);
#7533 = VERTEX_POINT('',#7534);
#7534 = CARTESIAN_POINT('',(-1.233699094497,8.369909449698E-02,2.1));
#7535 = CIRCLE('',#7536,0.25);
#7536 = AXIS2_PLACEMENT_3D('',#7537,#7538,#7539);
#7537 = CARTESIAN_POINT('',(-1.233699094497,0.333699094497,2.1));
#7538 = DIRECTION('',(0.,0.,1.));
#7539 = DIRECTION('',(-2.22044604925E-16,-1.,0.));
#7540 = PLANE('',#7541);
#7541 = AXIS2_PLACEMENT_3D('',#7542,#7543,#7544);
#7542 = CARTESIAN_POINT('',(-1.891849547248,1.033699094497,2.1));
#7543 = DIRECTION('',(0.,-0.,-1.));
#7544 = DIRECTION('',(0.883763251215,-0.467934307144,0.));
#7545 = ADVANCED_FACE('',(#7546),#7556,.F.);
#7546 = FACE_BOUND('',#7547,.F.);
#7547 = EDGE_LOOP('',(#7548,#7549,#7550,#7551));
#7548 = ORIENTED_EDGE('',*,*,#7389,.T.);
#7549 = ORIENTED_EDGE('',*,*,#6971,.T.);
#7550 = ORIENTED_EDGE('',*,*,#7492,.F.);
#7551 = ORIENTED_EDGE('',*,*,#7552,.F.);
#7552 = EDGE_CURVE('',#7390,#7485,#7553,.T.);
#7553 = B_SPLINE_CURVE_WITH_KNOTS('',1,(#7554,#7555),.UNSPECIFIED.,.F.,
  .F.,(2,2),(0.,1.),.PIECEWISE_BEZIER_KNOTS.);
#7554 = CARTESIAN_POINT('',(1.9875,1.225,1.2));
#7555 = CARTESIAN_POINT('',(1.891849547248,1.033699094497,2.1));
#7556 = B_SPLINE_SURFACE_WITH_KNOTS('',1,1,(
    (#7557,#7558)
    ,(#7559,#7560
    )),.UNSPECIFIED.,.F.,.F.,.F.,(2,2),(2,2),(0.,0.194454364826),(0.,1.)
  ,.PIECEWISE_BEZIER_KNOTS.);
#7557 = CARTESIAN_POINT('',(1.9875,1.225,1.2));
#7558 = CARTESIAN_POINT('',(1.891849547248,1.033699094497,2.1));
#7559 = CARTESIAN_POINT('',(2.125,1.0875,1.2));
#7560 = CARTESIAN_POINT('',(1.933699094497,0.991849547248,2.1));
#7561 = ADVANCED_FACE('',(#7562),#7573,.T.);
#7562 = FACE_BOUND('',#7563,.T.);
#7563 = EDGE_LOOP('',(#7564,#7565,#7566,#7567));
#7564 = ORIENTED_EDGE('',*,*,#7070,.T.);
#7565 = ORIENTED_EDGE('',*,*,#7434,.T.);
#7566 = ORIENTED_EDGE('',*,*,#7343,.F.);
#7567 = ORIENTED_EDGE('',*,*,#7568,.F.);
#7568 = EDGE_CURVE('',#7063,#7336,#7569,.T.);
#7569 = LINE('',#7570,#7571);
#7570 = CARTESIAN_POINT('',(2.7,-0.435,0.9));
#7571 = VECTOR('',#7572,1.);
#7572 = DIRECTION('',(-2.22044604925E-16,-1.,0.));
#7573 = CYLINDRICAL_SURFACE('',#7574,0.3);
#7574 = AXIS2_PLACEMENT_3D('',#7575,#7576,#7577);
#7575 = CARTESIAN_POINT('',(2.4,-0.435,0.9));
#7576 = DIRECTION('',(2.22044604925E-16,1.,-0.));
#7577 = DIRECTION('',(1.,-2.22044604925E-16,7.401486830834E-16));
#7578 = ADVANCED_FACE('',(#7579),#7590,.F.);
#7579 = FACE_BOUND('',#7580,.F.);
#7580 = EDGE_LOOP('',(#7581,#7587,#7588,#7589));
#7581 = ORIENTED_EDGE('',*,*,#7582,.T.);
#7582 = EDGE_CURVE('',#7054,#7327,#7583,.T.);
#7583 = LINE('',#7584,#7585);
#7584 = CARTESIAN_POINT('',(2.7,-0.435,0.3));
#7585 = VECTOR('',#7586,1.);
#7586 = DIRECTION('',(-2.22044604925E-16,-1.,0.));
#7587 = ORIENTED_EDGE('',*,*,#7335,.T.);
#7588 = ORIENTED_EDGE('',*,*,#7568,.F.);
#7589 = ORIENTED_EDGE('',*,*,#7062,.F.);
#7590 = PLANE('',#7591);
#7591 = AXIS2_PLACEMENT_3D('',#7592,#7593,#7594);
#7592 = CARTESIAN_POINT('',(2.7,-0.435,0.3));
#7593 = DIRECTION('',(-1.,2.22044604925E-16,0.));
#7594 = DIRECTION('',(0.,0.,1.));
#7595 = ADVANCED_FACE('',(#7596),#7607,.F.);
#7596 = FACE_BOUND('',#7597,.F.);
#7597 = EDGE_LOOP('',(#7598,#7604,#7605,#7606));
#7598 = ORIENTED_EDGE('',*,*,#7599,.T.);
#7599 = EDGE_CURVE('',#7046,#7319,#7600,.T.);
#7600 = LINE('',#7601,#7602);
#7601 = CARTESIAN_POINT('',(2.8,-0.435,0.2));
#7602 = VECTOR('',#7603,1.);
#7603 = DIRECTION('',(-2.22044604925E-16,-1.,0.));
#7604 = ORIENTED_EDGE('',*,*,#7326,.T.);
#7605 = ORIENTED_EDGE('',*,*,#7582,.F.);
#7606 = ORIENTED_EDGE('',*,*,#7053,.F.);
#7607 = CYLINDRICAL_SURFACE('',#7608,0.1);
#7608 = AXIS2_PLACEMENT_3D('',#7609,#7610,#7611);
#7609 = CARTESIAN_POINT('',(2.8,-0.435,0.3));
#7610 = DIRECTION('',(2.22044604925E-16,1.,0.));
#7611 = DIRECTION('',(0.,0.,-1.));
#7612 = ADVANCED_FACE('',(#7613),#7624,.F.);
#7613 = FACE_BOUND('',#7614,.F.);
#7614 = EDGE_LOOP('',(#7615,#7621,#7622,#7623));
#7615 = ORIENTED_EDGE('',*,*,#7616,.T.);
#7616 = EDGE_CURVE('',#7038,#7311,#7617,.T.);
#7617 = LINE('',#7618,#7619);
#7618 = CARTESIAN_POINT('',(3.5,-0.435,0.2));
#7619 = VECTOR('',#7620,1.);
#7620 = DIRECTION('',(-2.22044604925E-16,-1.,0.));
#7621 = ORIENTED_EDGE('',*,*,#7318,.T.);
#7622 = ORIENTED_EDGE('',*,*,#7599,.F.);
#7623 = ORIENTED_EDGE('',*,*,#7045,.F.);
#7624 = PLANE('',#7625);
#7625 = AXIS2_PLACEMENT_3D('',#7626,#7627,#7628);
#7626 = CARTESIAN_POINT('',(3.5,-0.435,0.2));
#7627 = DIRECTION('',(0.,-0.,-1.));
#7628 = DIRECTION('',(-1.,2.22044604925E-16,-0.));
#7629 = ADVANCED_FACE('',(#7630),#7641,.F.);
#7630 = FACE_BOUND('',#7631,.F.);
#7631 = EDGE_LOOP('',(#7632,#7638,#7639,#7640));
#7632 = ORIENTED_EDGE('',*,*,#7633,.T.);
#7633 = EDGE_CURVE('',#7030,#7303,#7634,.T.);
#7634 = LINE('',#7635,#7636);
#7635 = CARTESIAN_POINT('',(3.5,-0.435,1.110223024625E-16));
#7636 = VECTOR('',#7637,1.);
#7637 = DIRECTION('',(-2.22044604925E-16,-1.,0.));
#7638 = ORIENTED_EDGE('',*,*,#7310,.T.);
#7639 = ORIENTED_EDGE('',*,*,#7616,.F.);
#7640 = ORIENTED_EDGE('',*,*,#7037,.F.);
#7641 = PLANE('',#7642);
#7642 = AXIS2_PLACEMENT_3D('',#7643,#7644,#7645);
#7643 = CARTESIAN_POINT('',(3.5,-0.435,1.110223024625E-16));
#7644 = DIRECTION('',(-1.,2.22044604925E-16,0.));
#7645 = DIRECTION('',(0.,0.,1.));
#7646 = ADVANCED_FACE('',(#7647),#7658,.F.);
#7647 = FACE_BOUND('',#7648,.F.);
#7648 = EDGE_LOOP('',(#7649,#7655,#7656,#7657));
#7649 = ORIENTED_EDGE('',*,*,#7650,.T.);
#7650 = EDGE_CURVE('',#7021,#7294,#7651,.T.);
#7651 = LINE('',#7652,#7653);
#7652 = CARTESIAN_POINT('',(2.8,-0.435,1.110223024625E-16));
#7653 = VECTOR('',#7654,1.);
#7654 = DIRECTION('',(-2.22044604925E-16,-1.,0.));
#7655 = ORIENTED_EDGE('',*,*,#7302,.T.);
#7656 = ORIENTED_EDGE('',*,*,#7633,.F.);
#7657 = ORIENTED_EDGE('',*,*,#7029,.F.);
#7658 = PLANE('',#7659);
#7659 = AXIS2_PLACEMENT_3D('',#7660,#7661,#7662);
#7660 = CARTESIAN_POINT('',(2.8,-0.435,1.110223024625E-16));
#7661 = DIRECTION('',(0.,0.,1.));
#7662 = DIRECTION('',(1.,-2.22044604925E-16,0.));
#7663 = ADVANCED_FACE('',(#7664),#7675,.T.);
#7664 = FACE_BOUND('',#7665,.T.);
#7665 = EDGE_LOOP('',(#7666,#7667,#7668,#7669));
#7666 = ORIENTED_EDGE('',*,*,#7020,.T.);
#7667 = ORIENTED_EDGE('',*,*,#7650,.T.);
#7668 = ORIENTED_EDGE('',*,*,#7293,.F.);
#7669 = ORIENTED_EDGE('',*,*,#7670,.F.);
#7670 = EDGE_CURVE('',#7013,#7286,#7671,.T.);
#7671 = LINE('',#7672,#7673);
#7672 = CARTESIAN_POINT('',(2.5,-0.435,0.3));
#7673 = VECTOR('',#7674,1.);
#7674 = DIRECTION('',(-2.22044604925E-16,-1.,0.));
#7675 = CYLINDRICAL_SURFACE('',#7676,0.3);
#7676 = AXIS2_PLACEMENT_3D('',#7677,#7678,#7679);
#7677 = CARTESIAN_POINT('',(2.8,-0.435,0.3));
#7678 = DIRECTION('',(2.22044604925E-16,1.,-0.));
#7679 = DIRECTION('',(-1.,2.22044604925E-16,-1.295260195396E-15));
#7680 = ADVANCED_FACE('',(#7681),#7687,.F.);
#7681 = FACE_BOUND('',#7682,.F.);
#7682 = EDGE_LOOP('',(#7683,#7684,#7685,#7686));
#7683 = ORIENTED_EDGE('',*,*,#7267,.T.);
#7684 = ORIENTED_EDGE('',*,*,#7285,.T.);
#7685 = ORIENTED_EDGE('',*,*,#7670,.F.);
#7686 = ORIENTED_EDGE('',*,*,#7012,.F.);
#7687 = PLANE('',#7688);
#7688 = AXIS2_PLACEMENT_3D('',#7689,#7690,#7691);
#7689 = CARTESIAN_POINT('',(2.5,-0.435,0.9));
#7690 = DIRECTION('',(1.,-2.22044604925E-16,0.));
#7691 = DIRECTION('',(0.,-0.,-1.));
#7692 = ADVANCED_FACE('',(#7693),#7710,.F.);
#7693 = FACE_BOUND('',#7694,.F.);
#7694 = EDGE_LOOP('',(#7695,#7696,#7703,#7709));
#7695 = ORIENTED_EDGE('',*,*,#7124,.T.);
#7696 = ORIENTED_EDGE('',*,*,#7697,.T.);
#7697 = EDGE_CURVE('',#7118,#7698,#7700,.T.);
#7698 = VERTEX_POINT('',#7699);
#7699 = CARTESIAN_POINT('',(-2.025,-1.3,1.2));
#7700 = B_SPLINE_CURVE_WITH_KNOTS('',1,(#7701,#7702),.UNSPECIFIED.,.F.,
  .F.,(2,2),(0.,1.),.PIECEWISE_BEZIER_KNOTS.);
#7701 = CARTESIAN_POINT('',(-2.025,-1.3,1.));
#7702 = CARTESIAN_POINT('',(-2.025,-1.3,1.2));
#7703 = ORIENTED_EDGE('',*,*,#7704,.F.);
#7704 = EDGE_CURVE('',#7236,#7698,#7705,.T.);
#7705 = LINE('',#7706,#7707);
#7706 = CARTESIAN_POINT('',(2.025,-1.3,1.2));
#7707 = VECTOR('',#7708,1.);
#7708 = DIRECTION('',(-1.,2.22044604925E-16,0.));
#7709 = ORIENTED_EDGE('',*,*,#7235,.F.);
#7710 = PLANE('',#7711);
#7711 = AXIS2_PLACEMENT_3D('',#7712,#7713,#7714);
#7712 = CARTESIAN_POINT('',(2.025,-1.3,1.2));
#7713 = DIRECTION('',(2.22044604925E-16,1.,0.));
#7714 = DIRECTION('',(-1.,2.22044604925E-16,0.));
#7715 = ADVANCED_FACE('',(#7716),#7733,.F.);
#7716 = FACE_BOUND('',#7717,.F.);
#7717 = EDGE_LOOP('',(#7718,#7719,#7726,#7732));
#7718 = ORIENTED_EDGE('',*,*,#7147,.T.);
#7719 = ORIENTED_EDGE('',*,*,#7720,.T.);
#7720 = EDGE_CURVE('',#7141,#7721,#7723,.T.);
#7721 = VERTEX_POINT('',#7722);
#7722 = CARTESIAN_POINT('',(-2.2,-1.125,1.2));
#7723 = B_SPLINE_CURVE_WITH_KNOTS('',1,(#7724,#7725),.UNSPECIFIED.,.F.,
  .F.,(2,2),(0.,1.),.PIECEWISE_BEZIER_KNOTS.);
#7724 = CARTESIAN_POINT('',(-2.2,-1.125,1.));
#7725 = CARTESIAN_POINT('',(-2.2,-1.125,1.2));
#7726 = ORIENTED_EDGE('',*,*,#7727,.F.);
#7727 = EDGE_CURVE('',#7698,#7721,#7728,.T.);
#7728 = LINE('',#7729,#7730);
#7729 = CARTESIAN_POINT('',(-2.025,-1.3,1.2));
#7730 = VECTOR('',#7731,1.);
#7731 = DIRECTION('',(-0.707106781187,0.707106781187,0.));
#7732 = ORIENTED_EDGE('',*,*,#7697,.F.);
#7733 = PLANE('',#7734);
#7734 = AXIS2_PLACEMENT_3D('',#7735,#7736,#7737);
#7735 = CARTESIAN_POINT('',(-2.025,-1.3,1.2));
#7736 = DIRECTION('',(0.707106781187,0.707106781187,0.));
#7737 = DIRECTION('',(-0.707106781187,0.707106781187,0.));
#7738 = ADVANCED_FACE('',(#7739),#7757,.F.);
#7739 = FACE_BOUND('',#7740,.F.);
#7740 = EDGE_LOOP('',(#7741,#7742,#7743,#7751));
#7741 = ORIENTED_EDGE('',*,*,#7720,.F.);
#7742 = ORIENTED_EDGE('',*,*,#7202,.T.);
#7743 = ORIENTED_EDGE('',*,*,#7744,.T.);
#7744 = EDGE_CURVE('',#7195,#7745,#7747,.T.);
#7745 = VERTEX_POINT('',#7746);
#7746 = CARTESIAN_POINT('',(-2.2,-0.835,1.2));
#7747 = LINE('',#7748,#7749);
#7748 = CARTESIAN_POINT('',(-2.2,-0.835,0.864591609657));
#7749 = VECTOR('',#7750,1.);
#7750 = DIRECTION('',(0.,0.,1.));
#7751 = ORIENTED_EDGE('',*,*,#7752,.F.);
#7752 = EDGE_CURVE('',#7721,#7745,#7753,.T.);
#7753 = LINE('',#7754,#7755);
#7754 = CARTESIAN_POINT('',(-2.2,-1.125,1.2));
#7755 = VECTOR('',#7756,1.);
#7756 = DIRECTION('',(2.22044604925E-16,1.,0.));
#7757 = PLANE('',#7758);
#7758 = AXIS2_PLACEMENT_3D('',#7759,#7760,#7761);
#7759 = CARTESIAN_POINT('',(-2.2,-1.125,1.2));
#7760 = DIRECTION('',(1.,-2.22044604925E-16,0.));
#7761 = DIRECTION('',(2.22044604925E-16,1.,0.));
#7762 = ADVANCED_FACE('',(#7763),#7788,.F.);
#7763 = FACE_BOUND('',#7764,.F.);
#7764 = EDGE_LOOP('',(#7765,#7773,#7774,#7782));
#7765 = ORIENTED_EDGE('',*,*,#7766,.F.);
#7766 = EDGE_CURVE('',#7195,#7767,#7769,.T.);
#7767 = VERTEX_POINT('',#7768);
#7768 = CARTESIAN_POINT('',(-2.4,-0.835,1.));
#7769 = LINE('',#7770,#7771);
#7770 = CARTESIAN_POINT('',(-2.05,-0.835,1.));
#7771 = VECTOR('',#7772,1.);
#7772 = DIRECTION('',(-1.,3.445092848398E-16,0.));
#7773 = ORIENTED_EDGE('',*,*,#7194,.T.);
#7774 = ORIENTED_EDGE('',*,*,#7775,.T.);
#7775 = EDGE_CURVE('',#7187,#7776,#7778,.T.);
#7776 = VERTEX_POINT('',#7777);
#7777 = CARTESIAN_POINT('',(-2.4,-0.435,1.));
#7778 = LINE('',#7779,#7780);
#7779 = CARTESIAN_POINT('',(-2.05,-0.435,1.));
#7780 = VECTOR('',#7781,1.);
#7781 = DIRECTION('',(-1.,3.445092848398E-16,0.));
#7782 = ORIENTED_EDGE('',*,*,#7783,.F.);
#7783 = EDGE_CURVE('',#7767,#7776,#7784,.T.);
#7784 = LINE('',#7785,#7786);
#7785 = CARTESIAN_POINT('',(-2.4,-0.835,1.));
#7786 = VECTOR('',#7787,1.);
#7787 = DIRECTION('',(3.445092848398E-16,1.,0.));
#7788 = PLANE('',#7789);
#7789 = AXIS2_PLACEMENT_3D('',#7790,#7791,#7792);
#7790 = CARTESIAN_POINT('',(-2.05,-0.835,1.));
#7791 = DIRECTION('',(0.,0.,1.));
#7792 = DIRECTION('',(-1.,3.445092848398E-16,0.));
#7793 = ADVANCED_FACE('',(#7794),#7819,.F.);
#7794 = FACE_BOUND('',#7795,.F.);
#7795 = EDGE_LOOP('',(#7796,#7804,#7805,#7813));
#7796 = ORIENTED_EDGE('',*,*,#7797,.F.);
#7797 = EDGE_CURVE('',#7187,#7798,#7800,.T.);
#7798 = VERTEX_POINT('',#7799);
#7799 = CARTESIAN_POINT('',(-2.2,-0.435,1.2));
#7800 = LINE('',#7801,#7802);
#7801 = CARTESIAN_POINT('',(-2.2,-0.435,0.864591609657));
#7802 = VECTOR('',#7803,1.);
#7803 = DIRECTION('',(0.,0.,1.));
#7804 = ORIENTED_EDGE('',*,*,#7186,.T.);
#7805 = ORIENTED_EDGE('',*,*,#7806,.T.);
#7806 = EDGE_CURVE('',#7179,#7807,#7809,.T.);
#7807 = VERTEX_POINT('',#7808);
#7808 = CARTESIAN_POINT('',(-2.2,0.435,1.2));
#7809 = LINE('',#7810,#7811);
#7810 = CARTESIAN_POINT('',(-2.2,0.435,0.864591609657));
#7811 = VECTOR('',#7812,1.);
#7812 = DIRECTION('',(0.,0.,1.));
#7813 = ORIENTED_EDGE('',*,*,#7814,.F.);
#7814 = EDGE_CURVE('',#7798,#7807,#7815,.T.);
#7815 = LINE('',#7816,#7817);
#7816 = CARTESIAN_POINT('',(-2.2,-1.125,1.2));
#7817 = VECTOR('',#7818,1.);
#7818 = DIRECTION('',(2.22044604925E-16,1.,0.));
#7819 = PLANE('',#7820);
#7820 = AXIS2_PLACEMENT_3D('',#7821,#7822,#7823);
#7821 = CARTESIAN_POINT('',(-2.2,-1.125,1.2));
#7822 = DIRECTION('',(1.,-2.22044604925E-16,0.));
#7823 = DIRECTION('',(2.22044604925E-16,1.,0.));
#7824 = ADVANCED_FACE('',(#7825),#7850,.F.);
#7825 = FACE_BOUND('',#7826,.F.);
#7826 = EDGE_LOOP('',(#7827,#7835,#7836,#7844));
#7827 = ORIENTED_EDGE('',*,*,#7828,.F.);
#7828 = EDGE_CURVE('',#7179,#7829,#7831,.T.);
#7829 = VERTEX_POINT('',#7830);
#7830 = CARTESIAN_POINT('',(-2.4,0.435,1.));
#7831 = LINE('',#7832,#7833);
#7832 = CARTESIAN_POINT('',(-2.05,0.435,1.));
#7833 = VECTOR('',#7834,1.);
#7834 = DIRECTION('',(-1.,3.445092848398E-16,0.));
#7835 = ORIENTED_EDGE('',*,*,#7178,.T.);
#7836 = ORIENTED_EDGE('',*,*,#7837,.T.);
#7837 = EDGE_CURVE('',#7171,#7838,#7840,.T.);
#7838 = VERTEX_POINT('',#7839);
#7839 = CARTESIAN_POINT('',(-2.4,0.835,1.));
#7840 = LINE('',#7841,#7842);
#7841 = CARTESIAN_POINT('',(-2.05,0.835,1.));
#7842 = VECTOR('',#7843,1.);
#7843 = DIRECTION('',(-1.,3.445092848398E-16,0.));
#7844 = ORIENTED_EDGE('',*,*,#7845,.F.);
#7845 = EDGE_CURVE('',#7829,#7838,#7846,.T.);
#7846 = LINE('',#7847,#7848);
#7847 = CARTESIAN_POINT('',(-2.4,0.435,1.));
#7848 = VECTOR('',#7849,1.);
#7849 = DIRECTION('',(3.445092848398E-16,1.,0.));
#7850 = PLANE('',#7851);
#7851 = AXIS2_PLACEMENT_3D('',#7852,#7853,#7854);
#7852 = CARTESIAN_POINT('',(-2.05,0.435,1.));
#7853 = DIRECTION('',(0.,0.,1.));
#7854 = DIRECTION('',(-1.,3.445092848398E-16,0.));
#7855 = ADVANCED_FACE('',(#7856),#7880,.F.);
#7856 = FACE_BOUND('',#7857,.F.);
#7857 = EDGE_LOOP('',(#7858,#7866,#7867,#7874));
#7858 = ORIENTED_EDGE('',*,*,#7859,.F.);
#7859 = EDGE_CURVE('',#7171,#7860,#7862,.T.);
#7860 = VERTEX_POINT('',#7861);
#7861 = CARTESIAN_POINT('',(-2.2,0.835,1.2));
#7862 = LINE('',#7863,#7864);
#7863 = CARTESIAN_POINT('',(-2.2,0.835,0.864591609657));
#7864 = VECTOR('',#7865,1.);
#7865 = DIRECTION('',(0.,0.,1.));
#7866 = ORIENTED_EDGE('',*,*,#7170,.T.);
#7867 = ORIENTED_EDGE('',*,*,#7868,.T.);
#7868 = EDGE_CURVE('',#7164,#7869,#7871,.T.);
#7869 = VERTEX_POINT('',#7870);
#7870 = CARTESIAN_POINT('',(-2.2,1.125,1.2));
#7871 = B_SPLINE_CURVE_WITH_KNOTS('',1,(#7872,#7873),.UNSPECIFIED.,.F.,
  .F.,(2,2),(0.,1.),.PIECEWISE_BEZIER_KNOTS.);
#7872 = CARTESIAN_POINT('',(-2.2,1.125,1.));
#7873 = CARTESIAN_POINT('',(-2.2,1.125,1.2));
#7874 = ORIENTED_EDGE('',*,*,#7875,.F.);
#7875 = EDGE_CURVE('',#7860,#7869,#7876,.T.);
#7876 = LINE('',#7877,#7878);
#7877 = CARTESIAN_POINT('',(-2.2,-1.125,1.2));
#7878 = VECTOR('',#7879,1.);
#7879 = DIRECTION('',(2.22044604925E-16,1.,0.));
#7880 = PLANE('',#7881);
#7881 = AXIS2_PLACEMENT_3D('',#7882,#7883,#7884);
#7882 = CARTESIAN_POINT('',(-2.2,-1.125,1.2));
#7883 = DIRECTION('',(1.,-2.22044604925E-16,0.));
#7884 = DIRECTION('',(2.22044604925E-16,1.,0.));
#7885 = ADVANCED_FACE('',(#7886),#7897,.F.);
#7886 = FACE_BOUND('',#7887,.F.);
#7887 = EDGE_LOOP('',(#7888,#7889,#7890,#7896));
#7888 = ORIENTED_EDGE('',*,*,#7219,.T.);
#7889 = ORIENTED_EDGE('',*,*,#7420,.T.);
#7890 = ORIENTED_EDGE('',*,*,#7891,.F.);
#7891 = EDGE_CURVE('',#7869,#7413,#7892,.T.);
#7892 = LINE('',#7893,#7894);
#7893 = CARTESIAN_POINT('',(-2.2,1.125,1.2));
#7894 = VECTOR('',#7895,1.);
#7895 = DIRECTION('',(0.707106781187,0.707106781187,0.));
#7896 = ORIENTED_EDGE('',*,*,#7868,.F.);
#7897 = PLANE('',#7898);
#7898 = AXIS2_PLACEMENT_3D('',#7899,#7900,#7901);
#7899 = CARTESIAN_POINT('',(-2.2,1.125,1.2));
#7900 = DIRECTION('',(0.707106781187,-0.707106781187,0.));
#7901 = DIRECTION('',(0.707106781187,0.707106781187,0.));
#7902 = ADVANCED_FACE('',(#7903),#7913,.F.);
#7903 = FACE_BOUND('',#7904,.F.);
#7904 = EDGE_LOOP('',(#7905,#7906,#7911,#7912));
#7905 = ORIENTED_EDGE('',*,*,#7242,.T.);
#7906 = ORIENTED_EDGE('',*,*,#7907,.T.);
#7907 = EDGE_CURVE('',#7236,#7453,#7908,.T.);
#7908 = B_SPLINE_CURVE_WITH_KNOTS('',1,(#7909,#7910),.UNSPECIFIED.,.F.,
  .F.,(2,2),(0.,1.),.PIECEWISE_BEZIER_KNOTS.);
#7909 = CARTESIAN_POINT('',(2.025,-1.3,1.2));
#7910 = CARTESIAN_POINT('',(1.9875,-1.225,1.2));
#7911 = ORIENTED_EDGE('',*,*,#7452,.F.);
#7912 = ORIENTED_EDGE('',*,*,#7373,.F.);
#7913 = B_SPLINE_SURFACE_WITH_KNOTS('',1,1,(
    (#7914,#7915)
    ,(#7916,#7917
    )),.UNSPECIFIED.,.F.,.F.,.F.,(2,2),(2,2),(0.,0.247487373415),(0.,1.)
  ,.PIECEWISE_BEZIER_KNOTS.);
#7914 = CARTESIAN_POINT('',(2.2,-1.125,1.2));
#7915 = CARTESIAN_POINT('',(2.125,-1.0875,1.2));
#7916 = CARTESIAN_POINT('',(2.025,-1.3,1.2));
#7917 = CARTESIAN_POINT('',(1.9875,-1.225,1.2));
#7918 = ADVANCED_FACE('',(#7919),#7936,.F.);
#7919 = FACE_BOUND('',#7920,.F.);
#7920 = EDGE_LOOP('',(#7921,#7922,#7923,#7931));
#7921 = ORIENTED_EDGE('',*,*,#7412,.T.);
#7922 = ORIENTED_EDGE('',*,*,#7397,.T.);
#7923 = ORIENTED_EDGE('',*,*,#7924,.F.);
#7924 = EDGE_CURVE('',#7925,#7390,#7927,.T.);
#7925 = VERTEX_POINT('',#7926);
#7926 = CARTESIAN_POINT('',(-1.9875,1.225,1.2));
#7927 = LINE('',#7928,#7929);
#7928 = CARTESIAN_POINT('',(-1.9875,1.225,1.2));
#7929 = VECTOR('',#7930,1.);
#7930 = DIRECTION('',(1.,-2.22044604925E-16,0.));
#7931 = ORIENTED_EDGE('',*,*,#7932,.F.);
#7932 = EDGE_CURVE('',#7413,#7925,#7933,.T.);
#7933 = B_SPLINE_CURVE_WITH_KNOTS('',1,(#7934,#7935),.UNSPECIFIED.,.F.,
  .F.,(2,2),(0.,1.),.PIECEWISE_BEZIER_KNOTS.);
#7934 = CARTESIAN_POINT('',(-2.025,1.3,1.2));
#7935 = CARTESIAN_POINT('',(-1.9875,1.225,1.2));
#7936 = B_SPLINE_SURFACE_WITH_KNOTS('',1,1,(
    (#7937,#7938)
    ,(#7939,#7940
    )),.UNSPECIFIED.,.F.,.F.,.F.,(2,2),(2,2),(0.,4.05),(0.,1.),
  .PIECEWISE_BEZIER_KNOTS.);
#7937 = CARTESIAN_POINT('',(-2.025,1.3,1.2));
#7938 = CARTESIAN_POINT('',(-1.9875,1.225,1.2));
#7939 = CARTESIAN_POINT('',(2.025,1.3,1.2));
#7940 = CARTESIAN_POINT('',(1.9875,1.225,1.2));
#7941 = ADVANCED_FACE('',(#7942),#7959,.F.);
#7942 = FACE_BOUND('',#7943,.F.);
#7943 = EDGE_LOOP('',(#7944,#7952,#7957,#7958));
#7944 = ORIENTED_EDGE('',*,*,#7945,.T.);
#7945 = EDGE_CURVE('',#7453,#7946,#7948,.T.);
#7946 = VERTEX_POINT('',#7947);
#7947 = CARTESIAN_POINT('',(-1.9875,-1.225,1.2));
#7948 = LINE('',#7949,#7950);
#7949 = CARTESIAN_POINT('',(1.9875,-1.225,1.2));
#7950 = VECTOR('',#7951,1.);
#7951 = DIRECTION('',(-1.,2.22044604925E-16,0.));
#7952 = ORIENTED_EDGE('',*,*,#7953,.T.);
#7953 = EDGE_CURVE('',#7946,#7501,#7954,.T.);
#7954 = B_SPLINE_CURVE_WITH_KNOTS('',1,(#7955,#7956),.UNSPECIFIED.,.F.,
  .F.,(2,2),(0.,1.),.PIECEWISE_BEZIER_KNOTS.);
#7955 = CARTESIAN_POINT('',(-1.9875,-1.225,1.2));
#7956 = CARTESIAN_POINT('',(-1.891849547248,-1.033699094497,2.1));
#7957 = ORIENTED_EDGE('',*,*,#7500,.F.);
#7958 = ORIENTED_EDGE('',*,*,#7460,.F.);
#7959 = B_SPLINE_SURFACE_WITH_KNOTS('',1,1,(
    (#7960,#7961)
    ,(#7962,#7963
    )),.UNSPECIFIED.,.F.,.F.,.F.,(2,2),(2,2),(0.,3.975),(0.,1.),
  .PIECEWISE_BEZIER_KNOTS.);
#7960 = CARTESIAN_POINT('',(1.9875,-1.225,1.2));
#7961 = CARTESIAN_POINT('',(1.891849547248,-1.033699094497,2.1));
#7962 = CARTESIAN_POINT('',(-1.9875,-1.225,1.2));
#7963 = CARTESIAN_POINT('',(-1.891849547248,-1.033699094497,2.1));
#7964 = ADVANCED_FACE('',(#7965),#7975,.F.);
#7965 = FACE_BOUND('',#7966,.F.);
#7966 = EDGE_LOOP('',(#7967,#7968,#7969,#7970));
#7967 = ORIENTED_EDGE('',*,*,#7924,.T.);
#7968 = ORIENTED_EDGE('',*,*,#7552,.T.);
#7969 = ORIENTED_EDGE('',*,*,#7482,.F.);
#7970 = ORIENTED_EDGE('',*,*,#7971,.F.);
#7971 = EDGE_CURVE('',#7925,#7483,#7972,.T.);
#7972 = B_SPLINE_CURVE_WITH_KNOTS('',1,(#7973,#7974),.UNSPECIFIED.,.F.,
  .F.,(2,2),(0.,1.),.PIECEWISE_BEZIER_KNOTS.);
#7973 = CARTESIAN_POINT('',(-1.9875,1.225,1.2));
#7974 = CARTESIAN_POINT('',(-1.891849547248,1.033699094497,2.1));
#7975 = B_SPLINE_SURFACE_WITH_KNOTS('',1,1,(
    (#7976,#7977)
    ,(#7978,#7979
    )),.UNSPECIFIED.,.F.,.F.,.F.,(2,2),(2,2),(0.,3.975),(0.,1.),
  .PIECEWISE_BEZIER_KNOTS.);
#7976 = CARTESIAN_POINT('',(-1.9875,1.225,1.2));
#7977 = CARTESIAN_POINT('',(-1.891849547248,1.033699094497,2.1));
#7978 = CARTESIAN_POINT('',(1.9875,1.225,1.2));
#7979 = CARTESIAN_POINT('',(1.891849547248,1.033699094497,2.1));
#7980 = ADVANCED_FACE('',(#7981),#7998,.F.);
#7981 = FACE_BOUND('',#7982,.F.);
#7982 = EDGE_LOOP('',(#7983,#7991,#7992,#7993));
#7983 = ORIENTED_EDGE('',*,*,#7984,.T.);
#7984 = EDGE_CURVE('',#7985,#7925,#7987,.T.);
#7985 = VERTEX_POINT('',#7986);
#7986 = CARTESIAN_POINT('',(-2.125,1.0875,1.2));
#7987 = LINE('',#7988,#7989);
#7988 = CARTESIAN_POINT('',(-2.125,1.0875,1.2));
#7989 = VECTOR('',#7990,1.);
#7990 = DIRECTION('',(0.707106781187,0.707106781187,0.));
#7991 = ORIENTED_EDGE('',*,*,#7971,.T.);
#7992 = ORIENTED_EDGE('',*,*,#7524,.F.);
#7993 = ORIENTED_EDGE('',*,*,#7994,.F.);
#7994 = EDGE_CURVE('',#7985,#7517,#7995,.T.);
#7995 = B_SPLINE_CURVE_WITH_KNOTS('',1,(#7996,#7997),.UNSPECIFIED.,.F.,
  .F.,(2,2),(0.,1.),.PIECEWISE_BEZIER_KNOTS.);
#7996 = CARTESIAN_POINT('',(-2.125,1.0875,1.2));
#7997 = CARTESIAN_POINT('',(-1.933699094497,0.991849547248,2.1));
#7998 = B_SPLINE_SURFACE_WITH_KNOTS('',1,1,(
    (#7999,#8000)
    ,(#8001,#8002
    )),.UNSPECIFIED.,.F.,.F.,.F.,(2,2),(2,2),(0.,0.194454364826),(0.,1.)
  ,.PIECEWISE_BEZIER_KNOTS.);
#7999 = CARTESIAN_POINT('',(-2.125,1.0875,1.2));
#8000 = CARTESIAN_POINT('',(-1.933699094497,0.991849547248,2.1));
#8001 = CARTESIAN_POINT('',(-1.9875,1.225,1.2));
#8002 = CARTESIAN_POINT('',(-1.891849547248,1.033699094497,2.1));
#8003 = ADVANCED_FACE('',(#8004),#8053,.F.);
#8004 = FACE_BOUND('',#8005,.F.);
#8005 = EDGE_LOOP('',(#8006,#8016,#8024,#8032,#8040,#8046,#8047,#8048));
#8006 = ORIENTED_EDGE('',*,*,#8007,.T.);
#8007 = EDGE_CURVE('',#8008,#8010,#8012,.T.);
#8008 = VERTEX_POINT('',#8009);
#8009 = CARTESIAN_POINT('',(-2.125,-1.0875,1.2));
#8010 = VERTEX_POINT('',#8011);
#8011 = CARTESIAN_POINT('',(-2.125,-0.835,1.2));
#8012 = LINE('',#8013,#8014);
#8013 = CARTESIAN_POINT('',(-2.125,-1.0875,1.2));
#8014 = VECTOR('',#8015,1.);
#8015 = DIRECTION('',(2.22044604925E-16,1.,0.));
#8016 = ORIENTED_EDGE('',*,*,#8017,.T.);
#8017 = EDGE_CURVE('',#8010,#8018,#8020,.T.);
#8018 = VERTEX_POINT('',#8019);
#8019 = CARTESIAN_POINT('',(-2.125,-0.435,1.2));
#8020 = LINE('',#8021,#8022);
#8021 = CARTESIAN_POINT('',(-2.125,-1.0875,1.2));
#8022 = VECTOR('',#8023,1.);
#8023 = DIRECTION('',(2.22044604925E-16,1.,0.));
#8024 = ORIENTED_EDGE('',*,*,#8025,.T.);
#8025 = EDGE_CURVE('',#8018,#8026,#8028,.T.);
#8026 = VERTEX_POINT('',#8027);
#8027 = CARTESIAN_POINT('',(-2.125,0.435,1.2));
#8028 = LINE('',#8029,#8030);
#8029 = CARTESIAN_POINT('',(-2.125,-1.0875,1.2));
#8030 = VECTOR('',#8031,1.);
#8031 = DIRECTION('',(2.22044604925E-16,1.,0.));
#8032 = ORIENTED_EDGE('',*,*,#8033,.T.);
#8033 = EDGE_CURVE('',#8026,#8034,#8036,.T.);
#8034 = VERTEX_POINT('',#8035);
#8035 = CARTESIAN_POINT('',(-2.125,0.835,1.2));
#8036 = LINE('',#8037,#8038);
#8037 = CARTESIAN_POINT('',(-2.125,-1.0875,1.2));
#8038 = VECTOR('',#8039,1.);
#8039 = DIRECTION('',(2.22044604925E-16,1.,0.));
#8040 = ORIENTED_EDGE('',*,*,#8041,.T.);
#8041 = EDGE_CURVE('',#8034,#7985,#8042,.T.);
#8042 = LINE('',#8043,#8044);
#8043 = CARTESIAN_POINT('',(-2.125,-1.0875,1.2));
#8044 = VECTOR('',#8045,1.);
#8045 = DIRECTION('',(2.22044604925E-16,1.,0.));
#8046 = ORIENTED_EDGE('',*,*,#7994,.T.);
#8047 = ORIENTED_EDGE('',*,*,#7516,.F.);
#8048 = ORIENTED_EDGE('',*,*,#8049,.F.);
#8049 = EDGE_CURVE('',#8008,#7509,#8050,.T.);
#8050 = B_SPLINE_CURVE_WITH_KNOTS('',1,(#8051,#8052),.UNSPECIFIED.,.F.,
  .F.,(2,2),(0.,1.),.PIECEWISE_BEZIER_KNOTS.);
#8051 = CARTESIAN_POINT('',(-2.125,-1.0875,1.2));
#8052 = CARTESIAN_POINT('',(-1.933699094497,-0.991849547248,2.1));
#8053 = B_SPLINE_SURFACE_WITH_KNOTS('',1,1,(
    (#8054,#8055)
    ,(#8056,#8057
    )),.UNSPECIFIED.,.F.,.F.,.F.,(2,2),(2,2),(0.,2.175),(0.,1.),
  .PIECEWISE_BEZIER_KNOTS.);
#8054 = CARTESIAN_POINT('',(-2.125,-1.0875,1.2));
#8055 = CARTESIAN_POINT('',(-1.933699094497,-0.991849547248,2.1));
#8056 = CARTESIAN_POINT('',(-2.125,1.0875,1.2));
#8057 = CARTESIAN_POINT('',(-1.933699094497,0.991849547248,2.1));
#8058 = ADVANCED_FACE('',(#8059),#8070,.F.);
#8059 = FACE_BOUND('',#8060,.F.);
#8060 = EDGE_LOOP('',(#8061,#8067,#8068,#8069));
#8061 = ORIENTED_EDGE('',*,*,#8062,.T.);
#8062 = EDGE_CURVE('',#7946,#8008,#8063,.T.);
#8063 = LINE('',#8064,#8065);
#8064 = CARTESIAN_POINT('',(-1.9875,-1.225,1.2));
#8065 = VECTOR('',#8066,1.);
#8066 = DIRECTION('',(-0.707106781187,0.707106781187,0.));
#8067 = ORIENTED_EDGE('',*,*,#8049,.T.);
#8068 = ORIENTED_EDGE('',*,*,#7508,.F.);
#8069 = ORIENTED_EDGE('',*,*,#7953,.F.);
#8070 = B_SPLINE_SURFACE_WITH_KNOTS('',1,1,(
    (#8071,#8072)
    ,(#8073,#8074
    )),.UNSPECIFIED.,.F.,.F.,.F.,(2,2),(2,2),(0.,0.194454364826),(0.,1.)
  ,.PIECEWISE_BEZIER_KNOTS.);
#8071 = CARTESIAN_POINT('',(-1.9875,-1.225,1.2));
#8072 = CARTESIAN_POINT('',(-1.891849547248,-1.033699094497,2.1));
#8073 = CARTESIAN_POINT('',(-2.125,-1.0875,1.2));
#8074 = CARTESIAN_POINT('',(-1.933699094497,-0.991849547248,2.1));
#8075 = ADVANCED_FACE('',(#8076),#8095,.F.);
#8076 = FACE_BOUND('',#8077,.F.);
#8077 = EDGE_LOOP('',(#8078,#8086,#8093,#8094));
#8078 = ORIENTED_EDGE('',*,*,#8079,.T.);
#8079 = EDGE_CURVE('',#7533,#8080,#8082,.T.);
#8080 = VERTEX_POINT('',#8081);
#8081 = CARTESIAN_POINT('',(-1.233699094497,8.369909449698E-02,2.));
#8082 = LINE('',#8083,#8084);
#8083 = CARTESIAN_POINT('',(-1.233699094497,8.369909449698E-02,2.1));
#8084 = VECTOR('',#8085,1.);
#8085 = DIRECTION('',(-0.,0.,-1.));
#8086 = ORIENTED_EDGE('',*,*,#8087,.T.);
#8087 = EDGE_CURVE('',#8080,#8080,#8088,.T.);
#8088 = CIRCLE('',#8089,0.25);
#8089 = AXIS2_PLACEMENT_3D('',#8090,#8091,#8092);
#8090 = CARTESIAN_POINT('',(-1.233699094497,0.333699094497,2.));
#8091 = DIRECTION('',(0.,0.,1.));
#8092 = DIRECTION('',(-2.22044604925E-16,-1.,0.));
#8093 = ORIENTED_EDGE('',*,*,#8079,.F.);
#8094 = ORIENTED_EDGE('',*,*,#7532,.F.);
#8095 = CYLINDRICAL_SURFACE('',#8096,0.25);
#8096 = AXIS2_PLACEMENT_3D('',#8097,#8098,#8099);
#8097 = CARTESIAN_POINT('',(-1.233699094497,0.333699094497,2.1));
#8098 = DIRECTION('',(0.,0.,-1.));
#8099 = DIRECTION('',(-2.22044604925E-16,-1.,-0.));
#8100 = ADVANCED_FACE('',(#8101),#8111,.F.);
#8101 = FACE_BOUND('',#8102,.F.);
#8102 = EDGE_LOOP('',(#8103,#8104,#8109,#8110));
#8103 = ORIENTED_EDGE('',*,*,#7704,.T.);
#8104 = ORIENTED_EDGE('',*,*,#8105,.T.);
#8105 = EDGE_CURVE('',#7698,#7946,#8106,.T.);
#8106 = B_SPLINE_CURVE_WITH_KNOTS('',1,(#8107,#8108),.UNSPECIFIED.,.F.,
  .F.,(2,2),(0.,1.),.PIECEWISE_BEZIER_KNOTS.);
#8107 = CARTESIAN_POINT('',(-2.025,-1.3,1.2));
#8108 = CARTESIAN_POINT('',(-1.9875,-1.225,1.2));
#8109 = ORIENTED_EDGE('',*,*,#7945,.F.);
#8110 = ORIENTED_EDGE('',*,*,#7907,.F.);
#8111 = B_SPLINE_SURFACE_WITH_KNOTS('',1,1,(
    (#8112,#8113)
    ,(#8114,#8115
    )),.UNSPECIFIED.,.F.,.F.,.F.,(2,2),(2,2),(0.,4.05),(0.,1.),
  .PIECEWISE_BEZIER_KNOTS.);
#8112 = CARTESIAN_POINT('',(2.025,-1.3,1.2));
#8113 = CARTESIAN_POINT('',(1.9875,-1.225,1.2));
#8114 = CARTESIAN_POINT('',(-2.025,-1.3,1.2));
#8115 = CARTESIAN_POINT('',(-1.9875,-1.225,1.2));
#8116 = ADVANCED_FACE('',(#8117),#8127,.F.);
#8117 = FACE_BOUND('',#8118,.F.);
#8118 = EDGE_LOOP('',(#8119,#8120,#8125,#8126));
#8119 = ORIENTED_EDGE('',*,*,#7727,.T.);
#8120 = ORIENTED_EDGE('',*,*,#8121,.T.);
#8121 = EDGE_CURVE('',#7721,#8008,#8122,.T.);
#8122 = B_SPLINE_CURVE_WITH_KNOTS('',1,(#8123,#8124),.UNSPECIFIED.,.F.,
  .F.,(2,2),(0.,1.),.PIECEWISE_BEZIER_KNOTS.);
#8123 = CARTESIAN_POINT('',(-2.2,-1.125,1.2));
#8124 = CARTESIAN_POINT('',(-2.125,-1.0875,1.2));
#8125 = ORIENTED_EDGE('',*,*,#8062,.F.);
#8126 = ORIENTED_EDGE('',*,*,#8105,.F.);
#8127 = B_SPLINE_SURFACE_WITH_KNOTS('',1,1,(
    (#8128,#8129)
    ,(#8130,#8131
    )),.UNSPECIFIED.,.F.,.F.,.F.,(2,2),(2,2),(0.,0.247487373415),(0.,1.)
  ,.PIECEWISE_BEZIER_KNOTS.);
#8128 = CARTESIAN_POINT('',(-2.025,-1.3,1.2));
#8129 = CARTESIAN_POINT('',(-1.9875,-1.225,1.2));
#8130 = CARTESIAN_POINT('',(-2.2,-1.125,1.2));
#8131 = CARTESIAN_POINT('',(-2.125,-1.0875,1.2));
#8132 = ADVANCED_FACE('',(#8133),#8144,.F.);
#8133 = FACE_BOUND('',#8134,.F.);
#8134 = EDGE_LOOP('',(#8135,#8136,#8137,#8143));
#8135 = ORIENTED_EDGE('',*,*,#8121,.F.);
#8136 = ORIENTED_EDGE('',*,*,#7752,.T.);
#8137 = ORIENTED_EDGE('',*,*,#8138,.T.);
#8138 = EDGE_CURVE('',#7745,#8010,#8139,.T.);
#8139 = LINE('',#8140,#8141);
#8140 = CARTESIAN_POINT('',(-2.4,-0.835,1.2));
#8141 = VECTOR('',#8142,1.);
#8142 = DIRECTION('',(1.,-3.445092848398E-16,0.));
#8143 = ORIENTED_EDGE('',*,*,#8007,.F.);
#8144 = B_SPLINE_SURFACE_WITH_KNOTS('',1,1,(
    (#8145,#8146)
    ,(#8147,#8148
    )),.UNSPECIFIED.,.F.,.F.,.F.,(2,2),(2,2),(0.,2.25),(0.,1.),
  .PIECEWISE_BEZIER_KNOTS.);
#8145 = CARTESIAN_POINT('',(-2.2,-1.125,1.2));
#8146 = CARTESIAN_POINT('',(-2.125,-1.0875,1.2));
#8147 = CARTESIAN_POINT('',(-2.2,1.125,1.2));
#8148 = CARTESIAN_POINT('',(-2.125,1.0875,1.2));
#8149 = ADVANCED_FACE('',(#8150),#8236,.F.);
#8150 = FACE_BOUND('',#8151,.F.);
#8151 = EDGE_LOOP('',(#8152,#8153,#8154,#8163,#8171,#8180,#8188,#8196,
    #8204,#8213,#8221,#8230));
#8152 = ORIENTED_EDGE('',*,*,#7744,.F.);
#8153 = ORIENTED_EDGE('',*,*,#7766,.T.);
#8154 = ORIENTED_EDGE('',*,*,#8155,.T.);
#8155 = EDGE_CURVE('',#7767,#8156,#8158,.T.);
#8156 = VERTEX_POINT('',#8157);
#8157 = CARTESIAN_POINT('',(-2.5,-0.835,0.9));
#8158 = CIRCLE('',#8159,0.1);
#8159 = AXIS2_PLACEMENT_3D('',#8160,#8161,#8162);
#8160 = CARTESIAN_POINT('',(-2.4,-0.835,0.9));
#8161 = DIRECTION('',(-3.445092848398E-16,-1.,0.));
#8162 = DIRECTION('',(0.,0.,1.));
#8163 = ORIENTED_EDGE('',*,*,#8164,.T.);
#8164 = EDGE_CURVE('',#8156,#8165,#8167,.T.);
#8165 = VERTEX_POINT('',#8166);
#8166 = CARTESIAN_POINT('',(-2.5,-0.835,0.3));
#8167 = LINE('',#8168,#8169);
#8168 = CARTESIAN_POINT('',(-2.5,-0.835,0.9));
#8169 = VECTOR('',#8170,1.);
#8170 = DIRECTION('',(0.,0.,-1.));
#8171 = ORIENTED_EDGE('',*,*,#8172,.T.);
#8172 = EDGE_CURVE('',#8165,#8173,#8175,.T.);
#8173 = VERTEX_POINT('',#8174);
#8174 = CARTESIAN_POINT('',(-2.8,-0.835,1.110223024625E-16));
#8175 = CIRCLE('',#8176,0.3);
#8176 = AXIS2_PLACEMENT_3D('',#8177,#8178,#8179);
#8177 = CARTESIAN_POINT('',(-2.8,-0.835,0.3));
#8178 = DIRECTION('',(3.445092848398E-16,1.,0.));
#8179 = DIRECTION('',(1.,-3.445092848398E-16,-1.295260195396E-15));
#8180 = ORIENTED_EDGE('',*,*,#8181,.T.);
#8181 = EDGE_CURVE('',#8173,#8182,#8184,.T.);
#8182 = VERTEX_POINT('',#8183);
#8183 = CARTESIAN_POINT('',(-3.5,-0.835,1.110223024625E-16));
#8184 = LINE('',#8185,#8186);
#8185 = CARTESIAN_POINT('',(-2.8,-0.835,1.110223024625E-16));
#8186 = VECTOR('',#8187,1.);
#8187 = DIRECTION('',(-1.,3.445092848398E-16,0.));
#8188 = ORIENTED_EDGE('',*,*,#8189,.T.);
#8189 = EDGE_CURVE('',#8182,#8190,#8192,.T.);
#8190 = VERTEX_POINT('',#8191);
#8191 = CARTESIAN_POINT('',(-3.5,-0.835,0.2));
#8192 = LINE('',#8193,#8194);
#8193 = CARTESIAN_POINT('',(-3.5,-0.835,1.110223024625E-16));
#8194 = VECTOR('',#8195,1.);
#8195 = DIRECTION('',(0.,0.,1.));
#8196 = ORIENTED_EDGE('',*,*,#8197,.T.);
#8197 = EDGE_CURVE('',#8190,#8198,#8200,.T.);
#8198 = VERTEX_POINT('',#8199);
#8199 = CARTESIAN_POINT('',(-2.8,-0.835,0.2));
#8200 = LINE('',#8201,#8202);
#8201 = CARTESIAN_POINT('',(-3.5,-0.835,0.2));
#8202 = VECTOR('',#8203,1.);
#8203 = DIRECTION('',(1.,-3.445092848398E-16,0.));
#8204 = ORIENTED_EDGE('',*,*,#8205,.T.);
#8205 = EDGE_CURVE('',#8198,#8206,#8208,.T.);
#8206 = VERTEX_POINT('',#8207);
#8207 = CARTESIAN_POINT('',(-2.7,-0.835,0.3));
#8208 = CIRCLE('',#8209,0.1);
#8209 = AXIS2_PLACEMENT_3D('',#8210,#8211,#8212);
#8210 = CARTESIAN_POINT('',(-2.8,-0.835,0.3));
#8211 = DIRECTION('',(-3.445092848398E-16,-1.,-0.));
#8212 = DIRECTION('',(0.,0.,-1.));
#8213 = ORIENTED_EDGE('',*,*,#8214,.T.);
#8214 = EDGE_CURVE('',#8206,#8215,#8217,.T.);
#8215 = VERTEX_POINT('',#8216);
#8216 = CARTESIAN_POINT('',(-2.7,-0.835,0.9));
#8217 = LINE('',#8218,#8219);
#8218 = CARTESIAN_POINT('',(-2.7,-0.835,0.3));
#8219 = VECTOR('',#8220,1.);
#8220 = DIRECTION('',(0.,0.,1.));
#8221 = ORIENTED_EDGE('',*,*,#8222,.T.);
#8222 = EDGE_CURVE('',#8215,#8223,#8225,.T.);
#8223 = VERTEX_POINT('',#8224);
#8224 = CARTESIAN_POINT('',(-2.4,-0.835,1.2));
#8225 = CIRCLE('',#8226,0.3);
#8226 = AXIS2_PLACEMENT_3D('',#8227,#8228,#8229);
#8227 = CARTESIAN_POINT('',(-2.4,-0.835,0.9));
#8228 = DIRECTION('',(3.445092848398E-16,1.,0.));
#8229 = DIRECTION('',(-1.,3.445092848398E-16,7.401486830834E-16));
#8230 = ORIENTED_EDGE('',*,*,#8231,.T.);
#8231 = EDGE_CURVE('',#8223,#7745,#8232,.T.);
#8232 = LINE('',#8233,#8234);
#8233 = CARTESIAN_POINT('',(-2.4,-0.835,1.2));
#8234 = VECTOR('',#8235,1.);
#8235 = DIRECTION('',(1.,-3.445092848398E-16,0.));
#8236 = PLANE('',#8237);
#8237 = AXIS2_PLACEMENT_3D('',#8238,#8239,#8240);
#8238 = CARTESIAN_POINT('',(-2.716847688132,-0.835,0.529183219314));
#8239 = DIRECTION('',(3.445092848398E-16,1.,0.));
#8240 = DIRECTION('',(0.,-0.,1.));
#8241 = ADVANCED_FACE('',(#8242),#8261,.F.);
#8242 = FACE_BOUND('',#8243,.F.);
#8243 = EDGE_LOOP('',(#8244,#8245,#8254,#8260));
#8244 = ORIENTED_EDGE('',*,*,#7783,.T.);
#8245 = ORIENTED_EDGE('',*,*,#8246,.T.);
#8246 = EDGE_CURVE('',#7776,#8247,#8249,.T.);
#8247 = VERTEX_POINT('',#8248);
#8248 = CARTESIAN_POINT('',(-2.5,-0.435,0.9));
#8249 = CIRCLE('',#8250,0.1);
#8250 = AXIS2_PLACEMENT_3D('',#8251,#8252,#8253);
#8251 = CARTESIAN_POINT('',(-2.4,-0.435,0.9));
#8252 = DIRECTION('',(-3.445092848398E-16,-1.,0.));
#8253 = DIRECTION('',(0.,0.,1.));
#8254 = ORIENTED_EDGE('',*,*,#8255,.F.);
#8255 = EDGE_CURVE('',#8156,#8247,#8256,.T.);
#8256 = LINE('',#8257,#8258);
#8257 = CARTESIAN_POINT('',(-2.5,-0.835,0.9));
#8258 = VECTOR('',#8259,1.);
#8259 = DIRECTION('',(3.445092848398E-16,1.,0.));
#8260 = ORIENTED_EDGE('',*,*,#8155,.F.);
#8261 = CYLINDRICAL_SURFACE('',#8262,0.1);
#8262 = AXIS2_PLACEMENT_3D('',#8263,#8264,#8265);
#8263 = CARTESIAN_POINT('',(-2.4,-0.835,0.9));
#8264 = DIRECTION('',(-3.445092848398E-16,-1.,0.));
#8265 = DIRECTION('',(0.,0.,1.));
#8266 = ADVANCED_FACE('',(#8267),#8345,.T.);
#8267 = FACE_BOUND('',#8268,.T.);
#8268 = EDGE_LOOP('',(#8269,#8270,#8271,#8272,#8280,#8289,#8297,#8305,
    #8313,#8322,#8330,#8339));
#8269 = ORIENTED_EDGE('',*,*,#7797,.F.);
#8270 = ORIENTED_EDGE('',*,*,#7775,.T.);
#8271 = ORIENTED_EDGE('',*,*,#8246,.T.);
#8272 = ORIENTED_EDGE('',*,*,#8273,.T.);
#8273 = EDGE_CURVE('',#8247,#8274,#8276,.T.);
#8274 = VERTEX_POINT('',#8275);
#8275 = CARTESIAN_POINT('',(-2.5,-0.435,0.3));
#8276 = LINE('',#8277,#8278);
#8277 = CARTESIAN_POINT('',(-2.5,-0.435,0.9));
#8278 = VECTOR('',#8279,1.);
#8279 = DIRECTION('',(0.,0.,-1.));
#8280 = ORIENTED_EDGE('',*,*,#8281,.T.);
#8281 = EDGE_CURVE('',#8274,#8282,#8284,.T.);
#8282 = VERTEX_POINT('',#8283);
#8283 = CARTESIAN_POINT('',(-2.8,-0.435,1.110223024625E-16));
#8284 = CIRCLE('',#8285,0.3);
#8285 = AXIS2_PLACEMENT_3D('',#8286,#8287,#8288);
#8286 = CARTESIAN_POINT('',(-2.8,-0.435,0.3));
#8287 = DIRECTION('',(3.445092848398E-16,1.,0.));
#8288 = DIRECTION('',(1.,-3.445092848398E-16,-1.295260195396E-15));
#8289 = ORIENTED_EDGE('',*,*,#8290,.T.);
#8290 = EDGE_CURVE('',#8282,#8291,#8293,.T.);
#8291 = VERTEX_POINT('',#8292);
#8292 = CARTESIAN_POINT('',(-3.5,-0.435,1.110223024625E-16));
#8293 = LINE('',#8294,#8295);
#8294 = CARTESIAN_POINT('',(-2.8,-0.435,1.110223024625E-16));
#8295 = VECTOR('',#8296,1.);
#8296 = DIRECTION('',(-1.,3.445092848398E-16,0.));
#8297 = ORIENTED_EDGE('',*,*,#8298,.T.);
#8298 = EDGE_CURVE('',#8291,#8299,#8301,.T.);
#8299 = VERTEX_POINT('',#8300);
#8300 = CARTESIAN_POINT('',(-3.5,-0.435,0.2));
#8301 = LINE('',#8302,#8303);
#8302 = CARTESIAN_POINT('',(-3.5,-0.435,1.110223024625E-16));
#8303 = VECTOR('',#8304,1.);
#8304 = DIRECTION('',(0.,0.,1.));
#8305 = ORIENTED_EDGE('',*,*,#8306,.T.);
#8306 = EDGE_CURVE('',#8299,#8307,#8309,.T.);
#8307 = VERTEX_POINT('',#8308);
#8308 = CARTESIAN_POINT('',(-2.8,-0.435,0.2));
#8309 = LINE('',#8310,#8311);
#8310 = CARTESIAN_POINT('',(-3.5,-0.435,0.2));
#8311 = VECTOR('',#8312,1.);
#8312 = DIRECTION('',(1.,-3.445092848398E-16,0.));
#8313 = ORIENTED_EDGE('',*,*,#8314,.T.);
#8314 = EDGE_CURVE('',#8307,#8315,#8317,.T.);
#8315 = VERTEX_POINT('',#8316);
#8316 = CARTESIAN_POINT('',(-2.7,-0.435,0.3));
#8317 = CIRCLE('',#8318,0.1);
#8318 = AXIS2_PLACEMENT_3D('',#8319,#8320,#8321);
#8319 = CARTESIAN_POINT('',(-2.8,-0.435,0.3));
#8320 = DIRECTION('',(-3.445092848398E-16,-1.,-0.));
#8321 = DIRECTION('',(0.,0.,-1.));
#8322 = ORIENTED_EDGE('',*,*,#8323,.T.);
#8323 = EDGE_CURVE('',#8315,#8324,#8326,.T.);
#8324 = VERTEX_POINT('',#8325);
#8325 = CARTESIAN_POINT('',(-2.7,-0.435,0.9));
#8326 = LINE('',#8327,#8328);
#8327 = CARTESIAN_POINT('',(-2.7,-0.435,0.3));
#8328 = VECTOR('',#8329,1.);
#8329 = DIRECTION('',(0.,0.,1.));
#8330 = ORIENTED_EDGE('',*,*,#8331,.T.);
#8331 = EDGE_CURVE('',#8324,#8332,#8334,.T.);
#8332 = VERTEX_POINT('',#8333);
#8333 = CARTESIAN_POINT('',(-2.4,-0.435,1.2));
#8334 = CIRCLE('',#8335,0.3);
#8335 = AXIS2_PLACEMENT_3D('',#8336,#8337,#8338);
#8336 = CARTESIAN_POINT('',(-2.4,-0.435,0.9));
#8337 = DIRECTION('',(3.445092848398E-16,1.,0.));
#8338 = DIRECTION('',(-1.,3.445092848398E-16,7.401486830834E-16));
#8339 = ORIENTED_EDGE('',*,*,#8340,.T.);
#8340 = EDGE_CURVE('',#8332,#7798,#8341,.T.);
#8341 = LINE('',#8342,#8343);
#8342 = CARTESIAN_POINT('',(-2.4,-0.435,1.2));
#8343 = VECTOR('',#8344,1.);
#8344 = DIRECTION('',(1.,-3.445092848398E-16,0.));
#8345 = PLANE('',#8346);
#8346 = AXIS2_PLACEMENT_3D('',#8347,#8348,#8349);
#8347 = CARTESIAN_POINT('',(-2.716847688132,-0.435,0.529183219314));
#8348 = DIRECTION('',(3.445092848398E-16,1.,0.));
#8349 = DIRECTION('',(0.,-0.,1.));
#8350 = ADVANCED_FACE('',(#8351),#8367,.F.);
#8351 = FACE_BOUND('',#8352,.F.);
#8352 = EDGE_LOOP('',(#8353,#8359,#8360,#8366));
#8353 = ORIENTED_EDGE('',*,*,#8354,.F.);
#8354 = EDGE_CURVE('',#7798,#8018,#8355,.T.);
#8355 = LINE('',#8356,#8357);
#8356 = CARTESIAN_POINT('',(-2.4,-0.435,1.2));
#8357 = VECTOR('',#8358,1.);
#8358 = DIRECTION('',(1.,-3.445092848398E-16,0.));
#8359 = ORIENTED_EDGE('',*,*,#7814,.T.);
#8360 = ORIENTED_EDGE('',*,*,#8361,.T.);
#8361 = EDGE_CURVE('',#7807,#8026,#8362,.T.);
#8362 = LINE('',#8363,#8364);
#8363 = CARTESIAN_POINT('',(-2.4,0.435,1.2));
#8364 = VECTOR('',#8365,1.);
#8365 = DIRECTION('',(1.,-3.445092848398E-16,0.));
#8366 = ORIENTED_EDGE('',*,*,#8025,.F.);
#8367 = B_SPLINE_SURFACE_WITH_KNOTS('',1,1,(
    (#8368,#8369)
    ,(#8370,#8371
    )),.UNSPECIFIED.,.F.,.F.,.F.,(2,2),(2,2),(0.,2.25),(0.,1.),
  .PIECEWISE_BEZIER_KNOTS.);
#8368 = CARTESIAN_POINT('',(-2.2,-1.125,1.2));
#8369 = CARTESIAN_POINT('',(-2.125,-1.0875,1.2));
#8370 = CARTESIAN_POINT('',(-2.2,1.125,1.2));
#8371 = CARTESIAN_POINT('',(-2.125,1.0875,1.2));
#8372 = ADVANCED_FACE('',(#8373),#8459,.F.);
#8373 = FACE_BOUND('',#8374,.F.);
#8374 = EDGE_LOOP('',(#8375,#8376,#8377,#8386,#8394,#8403,#8411,#8419,
    #8427,#8436,#8444,#8453));
#8375 = ORIENTED_EDGE('',*,*,#7806,.F.);
#8376 = ORIENTED_EDGE('',*,*,#7828,.T.);
#8377 = ORIENTED_EDGE('',*,*,#8378,.T.);
#8378 = EDGE_CURVE('',#7829,#8379,#8381,.T.);
#8379 = VERTEX_POINT('',#8380);
#8380 = CARTESIAN_POINT('',(-2.5,0.435,0.9));
#8381 = CIRCLE('',#8382,0.1);
#8382 = AXIS2_PLACEMENT_3D('',#8383,#8384,#8385);
#8383 = CARTESIAN_POINT('',(-2.4,0.435,0.9));
#8384 = DIRECTION('',(-3.445092848398E-16,-1.,0.));
#8385 = DIRECTION('',(0.,0.,1.));
#8386 = ORIENTED_EDGE('',*,*,#8387,.T.);
#8387 = EDGE_CURVE('',#8379,#8388,#8390,.T.);
#8388 = VERTEX_POINT('',#8389);
#8389 = CARTESIAN_POINT('',(-2.5,0.435,0.3));
#8390 = LINE('',#8391,#8392);
#8391 = CARTESIAN_POINT('',(-2.5,0.435,0.9));
#8392 = VECTOR('',#8393,1.);
#8393 = DIRECTION('',(0.,0.,-1.));
#8394 = ORIENTED_EDGE('',*,*,#8395,.T.);
#8395 = EDGE_CURVE('',#8388,#8396,#8398,.T.);
#8396 = VERTEX_POINT('',#8397);
#8397 = CARTESIAN_POINT('',(-2.8,0.435,1.110223024625E-16));
#8398 = CIRCLE('',#8399,0.3);
#8399 = AXIS2_PLACEMENT_3D('',#8400,#8401,#8402);
#8400 = CARTESIAN_POINT('',(-2.8,0.435,0.3));
#8401 = DIRECTION('',(3.445092848398E-16,1.,0.));
#8402 = DIRECTION('',(1.,-3.445092848398E-16,-1.295260195396E-15));
#8403 = ORIENTED_EDGE('',*,*,#8404,.T.);
#8404 = EDGE_CURVE('',#8396,#8405,#8407,.T.);
#8405 = VERTEX_POINT('',#8406);
#8406 = CARTESIAN_POINT('',(-3.5,0.435,1.110223024625E-16));
#8407 = LINE('',#8408,#8409);
#8408 = CARTESIAN_POINT('',(-2.8,0.435,1.110223024625E-16));
#8409 = VECTOR('',#8410,1.);
#8410 = DIRECTION('',(-1.,3.445092848398E-16,0.));
#8411 = ORIENTED_EDGE('',*,*,#8412,.T.);
#8412 = EDGE_CURVE('',#8405,#8413,#8415,.T.);
#8413 = VERTEX_POINT('',#8414);
#8414 = CARTESIAN_POINT('',(-3.5,0.435,0.2));
#8415 = LINE('',#8416,#8417);
#8416 = CARTESIAN_POINT('',(-3.5,0.435,1.110223024625E-16));
#8417 = VECTOR('',#8418,1.);
#8418 = DIRECTION('',(0.,0.,1.));
#8419 = ORIENTED_EDGE('',*,*,#8420,.T.);
#8420 = EDGE_CURVE('',#8413,#8421,#8423,.T.);
#8421 = VERTEX_POINT('',#8422);
#8422 = CARTESIAN_POINT('',(-2.8,0.435,0.2));
#8423 = LINE('',#8424,#8425);
#8424 = CARTESIAN_POINT('',(-3.5,0.435,0.2));
#8425 = VECTOR('',#8426,1.);
#8426 = DIRECTION('',(1.,-3.445092848398E-16,0.));
#8427 = ORIENTED_EDGE('',*,*,#8428,.T.);
#8428 = EDGE_CURVE('',#8421,#8429,#8431,.T.);
#8429 = VERTEX_POINT('',#8430);
#8430 = CARTESIAN_POINT('',(-2.7,0.435,0.3));
#8431 = CIRCLE('',#8432,0.1);
#8432 = AXIS2_PLACEMENT_3D('',#8433,#8434,#8435);
#8433 = CARTESIAN_POINT('',(-2.8,0.435,0.3));
#8434 = DIRECTION('',(-3.445092848398E-16,-1.,-0.));
#8435 = DIRECTION('',(0.,0.,-1.));
#8436 = ORIENTED_EDGE('',*,*,#8437,.T.);
#8437 = EDGE_CURVE('',#8429,#8438,#8440,.T.);
#8438 = VERTEX_POINT('',#8439);
#8439 = CARTESIAN_POINT('',(-2.7,0.435,0.9));
#8440 = LINE('',#8441,#8442);
#8441 = CARTESIAN_POINT('',(-2.7,0.435,0.3));
#8442 = VECTOR('',#8443,1.);
#8443 = DIRECTION('',(0.,0.,1.));
#8444 = ORIENTED_EDGE('',*,*,#8445,.T.);
#8445 = EDGE_CURVE('',#8438,#8446,#8448,.T.);
#8446 = VERTEX_POINT('',#8447);
#8447 = CARTESIAN_POINT('',(-2.4,0.435,1.2));
#8448 = CIRCLE('',#8449,0.3);
#8449 = AXIS2_PLACEMENT_3D('',#8450,#8451,#8452);
#8450 = CARTESIAN_POINT('',(-2.4,0.435,0.9));
#8451 = DIRECTION('',(3.445092848398E-16,1.,0.));
#8452 = DIRECTION('',(-1.,3.445092848398E-16,7.401486830834E-16));
#8453 = ORIENTED_EDGE('',*,*,#8454,.T.);
#8454 = EDGE_CURVE('',#8446,#7807,#8455,.T.);
#8455 = LINE('',#8456,#8457);
#8456 = CARTESIAN_POINT('',(-2.4,0.435,1.2));
#8457 = VECTOR('',#8458,1.);
#8458 = DIRECTION('',(1.,-3.445092848398E-16,0.));
#8459 = PLANE('',#8460);
#8460 = AXIS2_PLACEMENT_3D('',#8461,#8462,#8463);
#8461 = CARTESIAN_POINT('',(-2.716847688132,0.435,0.529183219314));
#8462 = DIRECTION('',(3.445092848398E-16,1.,0.));
#8463 = DIRECTION('',(0.,-0.,1.));
#8464 = ADVANCED_FACE('',(#8465),#8484,.F.);
#8465 = FACE_BOUND('',#8466,.F.);
#8466 = EDGE_LOOP('',(#8467,#8468,#8477,#8483));
#8467 = ORIENTED_EDGE('',*,*,#7845,.T.);
#8468 = ORIENTED_EDGE('',*,*,#8469,.T.);
#8469 = EDGE_CURVE('',#7838,#8470,#8472,.T.);
#8470 = VERTEX_POINT('',#8471);
#8471 = CARTESIAN_POINT('',(-2.5,0.835,0.9));
#8472 = CIRCLE('',#8473,0.1);
#8473 = AXIS2_PLACEMENT_3D('',#8474,#8475,#8476);
#8474 = CARTESIAN_POINT('',(-2.4,0.835,0.9));
#8475 = DIRECTION('',(-3.445092848398E-16,-1.,0.));
#8476 = DIRECTION('',(0.,0.,1.));
#8477 = ORIENTED_EDGE('',*,*,#8478,.F.);
#8478 = EDGE_CURVE('',#8379,#8470,#8479,.T.);
#8479 = LINE('',#8480,#8481);
#8480 = CARTESIAN_POINT('',(-2.5,0.435,0.9));
#8481 = VECTOR('',#8482,1.);
#8482 = DIRECTION('',(3.445092848398E-16,1.,0.));
#8483 = ORIENTED_EDGE('',*,*,#8378,.F.);
#8484 = CYLINDRICAL_SURFACE('',#8485,0.1);
#8485 = AXIS2_PLACEMENT_3D('',#8486,#8487,#8488);
#8486 = CARTESIAN_POINT('',(-2.4,0.435,0.9));
#8487 = DIRECTION('',(-3.445092848398E-16,-1.,0.));
#8488 = DIRECTION('',(0.,0.,1.));
#8489 = ADVANCED_FACE('',(#8490),#8568,.T.);
#8490 = FACE_BOUND('',#8491,.T.);
#8491 = EDGE_LOOP('',(#8492,#8493,#8494,#8495,#8503,#8512,#8520,#8528,
    #8536,#8545,#8553,#8562));
#8492 = ORIENTED_EDGE('',*,*,#7859,.F.);
#8493 = ORIENTED_EDGE('',*,*,#7837,.T.);
#8494 = ORIENTED_EDGE('',*,*,#8469,.T.);
#8495 = ORIENTED_EDGE('',*,*,#8496,.T.);
#8496 = EDGE_CURVE('',#8470,#8497,#8499,.T.);
#8497 = VERTEX_POINT('',#8498);
#8498 = CARTESIAN_POINT('',(-2.5,0.835,0.3));
#8499 = LINE('',#8500,#8501);
#8500 = CARTESIAN_POINT('',(-2.5,0.835,0.9));
#8501 = VECTOR('',#8502,1.);
#8502 = DIRECTION('',(0.,0.,-1.));
#8503 = ORIENTED_EDGE('',*,*,#8504,.T.);
#8504 = EDGE_CURVE('',#8497,#8505,#8507,.T.);
#8505 = VERTEX_POINT('',#8506);
#8506 = CARTESIAN_POINT('',(-2.8,0.835,1.110223024625E-16));
#8507 = CIRCLE('',#8508,0.3);
#8508 = AXIS2_PLACEMENT_3D('',#8509,#8510,#8511);
#8509 = CARTESIAN_POINT('',(-2.8,0.835,0.3));
#8510 = DIRECTION('',(3.445092848398E-16,1.,0.));
#8511 = DIRECTION('',(1.,-3.445092848398E-16,-1.295260195396E-15));
#8512 = ORIENTED_EDGE('',*,*,#8513,.T.);
#8513 = EDGE_CURVE('',#8505,#8514,#8516,.T.);
#8514 = VERTEX_POINT('',#8515);
#8515 = CARTESIAN_POINT('',(-3.5,0.835,1.110223024625E-16));
#8516 = LINE('',#8517,#8518);
#8517 = CARTESIAN_POINT('',(-2.8,0.835,1.110223024625E-16));
#8518 = VECTOR('',#8519,1.);
#8519 = DIRECTION('',(-1.,3.445092848398E-16,0.));
#8520 = ORIENTED_EDGE('',*,*,#8521,.T.);
#8521 = EDGE_CURVE('',#8514,#8522,#8524,.T.);
#8522 = VERTEX_POINT('',#8523);
#8523 = CARTESIAN_POINT('',(-3.5,0.835,0.2));
#8524 = LINE('',#8525,#8526);
#8525 = CARTESIAN_POINT('',(-3.5,0.835,1.110223024625E-16));
#8526 = VECTOR('',#8527,1.);
#8527 = DIRECTION('',(0.,0.,1.));
#8528 = ORIENTED_EDGE('',*,*,#8529,.T.);
#8529 = EDGE_CURVE('',#8522,#8530,#8532,.T.);
#8530 = VERTEX_POINT('',#8531);
#8531 = CARTESIAN_POINT('',(-2.8,0.835,0.2));
#8532 = LINE('',#8533,#8534);
#8533 = CARTESIAN_POINT('',(-3.5,0.835,0.2));
#8534 = VECTOR('',#8535,1.);
#8535 = DIRECTION('',(1.,-3.445092848398E-16,0.));
#8536 = ORIENTED_EDGE('',*,*,#8537,.T.);
#8537 = EDGE_CURVE('',#8530,#8538,#8540,.T.);
#8538 = VERTEX_POINT('',#8539);
#8539 = CARTESIAN_POINT('',(-2.7,0.835,0.3));
#8540 = CIRCLE('',#8541,0.1);
#8541 = AXIS2_PLACEMENT_3D('',#8542,#8543,#8544);
#8542 = CARTESIAN_POINT('',(-2.8,0.835,0.3));
#8543 = DIRECTION('',(-3.445092848398E-16,-1.,-0.));
#8544 = DIRECTION('',(0.,0.,-1.));
#8545 = ORIENTED_EDGE('',*,*,#8546,.T.);
#8546 = EDGE_CURVE('',#8538,#8547,#8549,.T.);
#8547 = VERTEX_POINT('',#8548);
#8548 = CARTESIAN_POINT('',(-2.7,0.835,0.9));
#8549 = LINE('',#8550,#8551);
#8550 = CARTESIAN_POINT('',(-2.7,0.835,0.3));
#8551 = VECTOR('',#8552,1.);
#8552 = DIRECTION('',(0.,0.,1.));
#8553 = ORIENTED_EDGE('',*,*,#8554,.T.);
#8554 = EDGE_CURVE('',#8547,#8555,#8557,.T.);
#8555 = VERTEX_POINT('',#8556);
#8556 = CARTESIAN_POINT('',(-2.4,0.835,1.2));
#8557 = CIRCLE('',#8558,0.3);
#8558 = AXIS2_PLACEMENT_3D('',#8559,#8560,#8561);
#8559 = CARTESIAN_POINT('',(-2.4,0.835,0.9));
#8560 = DIRECTION('',(3.445092848398E-16,1.,0.));
#8561 = DIRECTION('',(-1.,3.445092848398E-16,7.401486830834E-16));
#8562 = ORIENTED_EDGE('',*,*,#8563,.T.);
#8563 = EDGE_CURVE('',#8555,#7860,#8564,.T.);
#8564 = LINE('',#8565,#8566);
#8565 = CARTESIAN_POINT('',(-2.4,0.835,1.2));
#8566 = VECTOR('',#8567,1.);
#8567 = DIRECTION('',(1.,-3.445092848398E-16,0.));
#8568 = PLANE('',#8569);
#8569 = AXIS2_PLACEMENT_3D('',#8570,#8571,#8572);
#8570 = CARTESIAN_POINT('',(-2.716847688132,0.835,0.529183219314));
#8571 = DIRECTION('',(3.445092848398E-16,1.,0.));
#8572 = DIRECTION('',(0.,-0.,1.));
#8573 = ADVANCED_FACE('',(#8574),#8589,.F.);
#8574 = FACE_BOUND('',#8575,.F.);
#8575 = EDGE_LOOP('',(#8576,#8582,#8583,#8588));
#8576 = ORIENTED_EDGE('',*,*,#8577,.F.);
#8577 = EDGE_CURVE('',#7860,#8034,#8578,.T.);
#8578 = LINE('',#8579,#8580);
#8579 = CARTESIAN_POINT('',(-2.4,0.835,1.2));
#8580 = VECTOR('',#8581,1.);
#8581 = DIRECTION('',(1.,-3.445092848398E-16,0.));
#8582 = ORIENTED_EDGE('',*,*,#7875,.T.);
#8583 = ORIENTED_EDGE('',*,*,#8584,.T.);
#8584 = EDGE_CURVE('',#7869,#7985,#8585,.T.);
#8585 = B_SPLINE_CURVE_WITH_KNOTS('',1,(#8586,#8587),.UNSPECIFIED.,.F.,
  .F.,(2,2),(0.,1.),.PIECEWISE_BEZIER_KNOTS.);
#8586 = CARTESIAN_POINT('',(-2.2,1.125,1.2));
#8587 = CARTESIAN_POINT('',(-2.125,1.0875,1.2));
#8588 = ORIENTED_EDGE('',*,*,#8041,.F.);
#8589 = B_SPLINE_SURFACE_WITH_KNOTS('',1,1,(
    (#8590,#8591)
    ,(#8592,#8593
    )),.UNSPECIFIED.,.F.,.F.,.F.,(2,2),(2,2),(0.,2.25),(0.,1.),
  .PIECEWISE_BEZIER_KNOTS.);
#8590 = CARTESIAN_POINT('',(-2.2,-1.125,1.2));
#8591 = CARTESIAN_POINT('',(-2.125,-1.0875,1.2));
#8592 = CARTESIAN_POINT('',(-2.2,1.125,1.2));
#8593 = CARTESIAN_POINT('',(-2.125,1.0875,1.2));
#8594 = ADVANCED_FACE('',(#8595),#8601,.F.);
#8595 = FACE_BOUND('',#8596,.F.);
#8596 = EDGE_LOOP('',(#8597,#8598,#8599,#8600));
#8597 = ORIENTED_EDGE('',*,*,#7891,.T.);
#8598 = ORIENTED_EDGE('',*,*,#7932,.T.);
#8599 = ORIENTED_EDGE('',*,*,#7984,.F.);
#8600 = ORIENTED_EDGE('',*,*,#8584,.F.);
#8601 = B_SPLINE_SURFACE_WITH_KNOTS('',1,1,(
    (#8602,#8603)
    ,(#8604,#8605
    )),.UNSPECIFIED.,.F.,.F.,.F.,(2,2),(2,2),(0.,0.247487373415),(0.,1.)
  ,.PIECEWISE_BEZIER_KNOTS.);
#8602 = CARTESIAN_POINT('',(-2.2,1.125,1.2));
#8603 = CARTESIAN_POINT('',(-2.125,1.0875,1.2));
#8604 = CARTESIAN_POINT('',(-2.025,1.3,1.2));
#8605 = CARTESIAN_POINT('',(-1.9875,1.225,1.2));
#8606 = ADVANCED_FACE('',(#8607),#8620,.F.);
#8607 = FACE_BOUND('',#8608,.F.);
#8608 = EDGE_LOOP('',(#8609,#8610,#8616,#8617,#8618,#8619));
#8609 = ORIENTED_EDGE('',*,*,#8231,.F.);
#8610 = ORIENTED_EDGE('',*,*,#8611,.T.);
#8611 = EDGE_CURVE('',#8223,#8332,#8612,.T.);
#8612 = LINE('',#8613,#8614);
#8613 = CARTESIAN_POINT('',(-2.4,-0.835,1.2));
#8614 = VECTOR('',#8615,1.);
#8615 = DIRECTION('',(3.445092848398E-16,1.,0.));
#8616 = ORIENTED_EDGE('',*,*,#8340,.T.);
#8617 = ORIENTED_EDGE('',*,*,#8354,.T.);
#8618 = ORIENTED_EDGE('',*,*,#8017,.F.);
#8619 = ORIENTED_EDGE('',*,*,#8138,.F.);
#8620 = PLANE('',#8621);
#8621 = AXIS2_PLACEMENT_3D('',#8622,#8623,#8624);
#8622 = CARTESIAN_POINT('',(-2.4,-0.835,1.2));
#8623 = DIRECTION('',(0.,0.,-1.));
#8624 = DIRECTION('',(1.,-3.445092848398E-16,0.));
#8625 = ADVANCED_FACE('',(#8626),#8639,.F.);
#8626 = FACE_BOUND('',#8627,.F.);
#8627 = EDGE_LOOP('',(#8628,#8629,#8635,#8636,#8637,#8638));
#8628 = ORIENTED_EDGE('',*,*,#8454,.F.);
#8629 = ORIENTED_EDGE('',*,*,#8630,.T.);
#8630 = EDGE_CURVE('',#8446,#8555,#8631,.T.);
#8631 = LINE('',#8632,#8633);
#8632 = CARTESIAN_POINT('',(-2.4,0.435,1.2));
#8633 = VECTOR('',#8634,1.);
#8634 = DIRECTION('',(3.445092848398E-16,1.,0.));
#8635 = ORIENTED_EDGE('',*,*,#8563,.T.);
#8636 = ORIENTED_EDGE('',*,*,#8577,.T.);
#8637 = ORIENTED_EDGE('',*,*,#8033,.F.);
#8638 = ORIENTED_EDGE('',*,*,#8361,.F.);
#8639 = PLANE('',#8640);
#8640 = AXIS2_PLACEMENT_3D('',#8641,#8642,#8643);
#8641 = CARTESIAN_POINT('',(-2.4,0.435,1.2));
#8642 = DIRECTION('',(0.,0.,-1.));
#8643 = DIRECTION('',(1.,-3.445092848398E-16,0.));
#8644 = ADVANCED_FACE('',(#8645),#8648,.T.);
#8645 = FACE_BOUND('',#8646,.T.);
#8646 = EDGE_LOOP('',(#8647));
#8647 = ORIENTED_EDGE('',*,*,#8087,.T.);
#8648 = PLANE('',#8649);
#8649 = AXIS2_PLACEMENT_3D('',#8650,#8651,#8652);
#8650 = CARTESIAN_POINT('',(-1.233699094497,0.333699094497,2.));
#8651 = DIRECTION('',(0.,0.,1.));
#8652 = DIRECTION('',(-2.22044604925E-16,-1.,0.));
#8653 = ADVANCED_FACE('',(#8654),#8665,.T.);
#8654 = FACE_BOUND('',#8655,.T.);
#8655 = EDGE_LOOP('',(#8656,#8657,#8658,#8659));
#8656 = ORIENTED_EDGE('',*,*,#8222,.T.);
#8657 = ORIENTED_EDGE('',*,*,#8611,.T.);
#8658 = ORIENTED_EDGE('',*,*,#8331,.F.);
#8659 = ORIENTED_EDGE('',*,*,#8660,.F.);
#8660 = EDGE_CURVE('',#8215,#8324,#8661,.T.);
#8661 = LINE('',#8662,#8663);
#8662 = CARTESIAN_POINT('',(-2.7,-0.835,0.9));
#8663 = VECTOR('',#8664,1.);
#8664 = DIRECTION('',(3.445092848398E-16,1.,0.));
#8665 = CYLINDRICAL_SURFACE('',#8666,0.3);
#8666 = AXIS2_PLACEMENT_3D('',#8667,#8668,#8669);
#8667 = CARTESIAN_POINT('',(-2.4,-0.835,0.9));
#8668 = DIRECTION('',(-3.445092848398E-16,-1.,-0.));
#8669 = DIRECTION('',(-1.,3.445092848398E-16,7.401486830834E-16));
#8670 = ADVANCED_FACE('',(#8671),#8682,.F.);
#8671 = FACE_BOUND('',#8672,.F.);
#8672 = EDGE_LOOP('',(#8673,#8679,#8680,#8681));
#8673 = ORIENTED_EDGE('',*,*,#8674,.T.);
#8674 = EDGE_CURVE('',#8206,#8315,#8675,.T.);
#8675 = LINE('',#8676,#8677);
#8676 = CARTESIAN_POINT('',(-2.7,-0.835,0.3));
#8677 = VECTOR('',#8678,1.);
#8678 = DIRECTION('',(3.445092848398E-16,1.,0.));
#8679 = ORIENTED_EDGE('',*,*,#8323,.T.);
#8680 = ORIENTED_EDGE('',*,*,#8660,.F.);
#8681 = ORIENTED_EDGE('',*,*,#8214,.F.);
#8682 = PLANE('',#8683);
#8683 = AXIS2_PLACEMENT_3D('',#8684,#8685,#8686);
#8684 = CARTESIAN_POINT('',(-2.7,-0.835,0.3));
#8685 = DIRECTION('',(1.,-3.445092848398E-16,0.));
#8686 = DIRECTION('',(0.,0.,1.));
#8687 = ADVANCED_FACE('',(#8688),#8699,.F.);
#8688 = FACE_BOUND('',#8689,.F.);
#8689 = EDGE_LOOP('',(#8690,#8696,#8697,#8698));
#8690 = ORIENTED_EDGE('',*,*,#8691,.T.);
#8691 = EDGE_CURVE('',#8198,#8307,#8692,.T.);
#8692 = LINE('',#8693,#8694);
#8693 = CARTESIAN_POINT('',(-2.8,-0.835,0.2));
#8694 = VECTOR('',#8695,1.);
#8695 = DIRECTION('',(3.445092848398E-16,1.,0.));
#8696 = ORIENTED_EDGE('',*,*,#8314,.T.);
#8697 = ORIENTED_EDGE('',*,*,#8674,.F.);
#8698 = ORIENTED_EDGE('',*,*,#8205,.F.);
#8699 = CYLINDRICAL_SURFACE('',#8700,0.1);
#8700 = AXIS2_PLACEMENT_3D('',#8701,#8702,#8703);
#8701 = CARTESIAN_POINT('',(-2.8,-0.835,0.3));
#8702 = DIRECTION('',(-3.445092848398E-16,-1.,0.));
#8703 = DIRECTION('',(-0.,0.,-1.));
#8704 = ADVANCED_FACE('',(#8705),#8716,.F.);
#8705 = FACE_BOUND('',#8706,.F.);
#8706 = EDGE_LOOP('',(#8707,#8713,#8714,#8715));
#8707 = ORIENTED_EDGE('',*,*,#8708,.T.);
#8708 = EDGE_CURVE('',#8190,#8299,#8709,.T.);
#8709 = LINE('',#8710,#8711);
#8710 = CARTESIAN_POINT('',(-3.5,-0.835,0.2));
#8711 = VECTOR('',#8712,1.);
#8712 = DIRECTION('',(3.445092848398E-16,1.,0.));
#8713 = ORIENTED_EDGE('',*,*,#8306,.T.);
#8714 = ORIENTED_EDGE('',*,*,#8691,.F.);
#8715 = ORIENTED_EDGE('',*,*,#8197,.F.);
#8716 = PLANE('',#8717);
#8717 = AXIS2_PLACEMENT_3D('',#8718,#8719,#8720);
#8718 = CARTESIAN_POINT('',(-3.5,-0.835,0.2));
#8719 = DIRECTION('',(0.,0.,-1.));
#8720 = DIRECTION('',(1.,-3.445092848398E-16,0.));
#8721 = ADVANCED_FACE('',(#8722),#8733,.F.);
#8722 = FACE_BOUND('',#8723,.F.);
#8723 = EDGE_LOOP('',(#8724,#8730,#8731,#8732));
#8724 = ORIENTED_EDGE('',*,*,#8725,.T.);
#8725 = EDGE_CURVE('',#8182,#8291,#8726,.T.);
#8726 = LINE('',#8727,#8728);
#8727 = CARTESIAN_POINT('',(-3.5,-0.835,1.110223024625E-16));
#8728 = VECTOR('',#8729,1.);
#8729 = DIRECTION('',(3.445092848398E-16,1.,0.));
#8730 = ORIENTED_EDGE('',*,*,#8298,.T.);
#8731 = ORIENTED_EDGE('',*,*,#8708,.F.);
#8732 = ORIENTED_EDGE('',*,*,#8189,.F.);
#8733 = PLANE('',#8734);
#8734 = AXIS2_PLACEMENT_3D('',#8735,#8736,#8737);
#8735 = CARTESIAN_POINT('',(-3.5,-0.835,1.110223024625E-16));
#8736 = DIRECTION('',(1.,-3.445092848398E-16,0.));
#8737 = DIRECTION('',(0.,0.,1.));
#8738 = ADVANCED_FACE('',(#8739),#8750,.F.);
#8739 = FACE_BOUND('',#8740,.F.);
#8740 = EDGE_LOOP('',(#8741,#8747,#8748,#8749));
#8741 = ORIENTED_EDGE('',*,*,#8742,.T.);
#8742 = EDGE_CURVE('',#8173,#8282,#8743,.T.);
#8743 = LINE('',#8744,#8745);
#8744 = CARTESIAN_POINT('',(-2.8,-0.835,1.110223024625E-16));
#8745 = VECTOR('',#8746,1.);
#8746 = DIRECTION('',(3.445092848398E-16,1.,0.));
#8747 = ORIENTED_EDGE('',*,*,#8290,.T.);
#8748 = ORIENTED_EDGE('',*,*,#8725,.F.);
#8749 = ORIENTED_EDGE('',*,*,#8181,.F.);
#8750 = PLANE('',#8751);
#8751 = AXIS2_PLACEMENT_3D('',#8752,#8753,#8754);
#8752 = CARTESIAN_POINT('',(-2.8,-0.835,1.110223024625E-16));
#8753 = DIRECTION('',(0.,0.,1.));
#8754 = DIRECTION('',(-1.,3.445092848398E-16,0.));
#8755 = ADVANCED_FACE('',(#8756),#8767,.T.);
#8756 = FACE_BOUND('',#8757,.T.);
#8757 = EDGE_LOOP('',(#8758,#8759,#8760,#8761));
#8758 = ORIENTED_EDGE('',*,*,#8172,.T.);
#8759 = ORIENTED_EDGE('',*,*,#8742,.T.);
#8760 = ORIENTED_EDGE('',*,*,#8281,.F.);
#8761 = ORIENTED_EDGE('',*,*,#8762,.F.);
#8762 = EDGE_CURVE('',#8165,#8274,#8763,.T.);
#8763 = LINE('',#8764,#8765);
#8764 = CARTESIAN_POINT('',(-2.5,-0.835,0.3));
#8765 = VECTOR('',#8766,1.);
#8766 = DIRECTION('',(3.445092848398E-16,1.,0.));
#8767 = CYLINDRICAL_SURFACE('',#8768,0.3);
#8768 = AXIS2_PLACEMENT_3D('',#8769,#8770,#8771);
#8769 = CARTESIAN_POINT('',(-2.8,-0.835,0.3));
#8770 = DIRECTION('',(-3.445092848398E-16,-1.,-0.));
#8771 = DIRECTION('',(1.,-3.445092848398E-16,-1.295260195396E-15));
#8772 = ADVANCED_FACE('',(#8773),#8779,.F.);
#8773 = FACE_BOUND('',#8774,.F.);
#8774 = EDGE_LOOP('',(#8775,#8776,#8777,#8778));
#8775 = ORIENTED_EDGE('',*,*,#8255,.T.);
#8776 = ORIENTED_EDGE('',*,*,#8273,.T.);
#8777 = ORIENTED_EDGE('',*,*,#8762,.F.);
#8778 = ORIENTED_EDGE('',*,*,#8164,.F.);
#8779 = PLANE('',#8780);
#8780 = AXIS2_PLACEMENT_3D('',#8781,#8782,#8783);
#8781 = CARTESIAN_POINT('',(-2.5,-0.835,0.9));
#8782 = DIRECTION('',(-1.,3.445092848398E-16,0.));
#8783 = DIRECTION('',(0.,0.,-1.));
#8784 = ADVANCED_FACE('',(#8785),#8796,.T.);
#8785 = FACE_BOUND('',#8786,.T.);
#8786 = EDGE_LOOP('',(#8787,#8788,#8789,#8790));
#8787 = ORIENTED_EDGE('',*,*,#8445,.T.);
#8788 = ORIENTED_EDGE('',*,*,#8630,.T.);
#8789 = ORIENTED_EDGE('',*,*,#8554,.F.);
#8790 = ORIENTED_EDGE('',*,*,#8791,.F.);
#8791 = EDGE_CURVE('',#8438,#8547,#8792,.T.);
#8792 = LINE('',#8793,#8794);
#8793 = CARTESIAN_POINT('',(-2.7,0.435,0.9));
#8794 = VECTOR('',#8795,1.);
#8795 = DIRECTION('',(3.445092848398E-16,1.,0.));
#8796 = CYLINDRICAL_SURFACE('',#8797,0.3);
#8797 = AXIS2_PLACEMENT_3D('',#8798,#8799,#8800);
#8798 = CARTESIAN_POINT('',(-2.4,0.435,0.9));
#8799 = DIRECTION('',(-3.445092848398E-16,-1.,-0.));
#8800 = DIRECTION('',(-1.,3.445092848398E-16,7.401486830834E-16));
#8801 = ADVANCED_FACE('',(#8802),#8813,.F.);
#8802 = FACE_BOUND('',#8803,.F.);
#8803 = EDGE_LOOP('',(#8804,#8810,#8811,#8812));
#8804 = ORIENTED_EDGE('',*,*,#8805,.T.);
#8805 = EDGE_CURVE('',#8429,#8538,#8806,.T.);
#8806 = LINE('',#8807,#8808);
#8807 = CARTESIAN_POINT('',(-2.7,0.435,0.3));
#8808 = VECTOR('',#8809,1.);
#8809 = DIRECTION('',(3.445092848398E-16,1.,0.));
#8810 = ORIENTED_EDGE('',*,*,#8546,.T.);
#8811 = ORIENTED_EDGE('',*,*,#8791,.F.);
#8812 = ORIENTED_EDGE('',*,*,#8437,.F.);
#8813 = PLANE('',#8814);
#8814 = AXIS2_PLACEMENT_3D('',#8815,#8816,#8817);
#8815 = CARTESIAN_POINT('',(-2.7,0.435,0.3));
#8816 = DIRECTION('',(1.,-3.445092848398E-16,0.));
#8817 = DIRECTION('',(0.,0.,1.));
#8818 = ADVANCED_FACE('',(#8819),#8830,.F.);
#8819 = FACE_BOUND('',#8820,.F.);
#8820 = EDGE_LOOP('',(#8821,#8827,#8828,#8829));
#8821 = ORIENTED_EDGE('',*,*,#8822,.T.);
#8822 = EDGE_CURVE('',#8421,#8530,#8823,.T.);
#8823 = LINE('',#8824,#8825);
#8824 = CARTESIAN_POINT('',(-2.8,0.435,0.2));
#8825 = VECTOR('',#8826,1.);
#8826 = DIRECTION('',(3.445092848398E-16,1.,0.));
#8827 = ORIENTED_EDGE('',*,*,#8537,.T.);
#8828 = ORIENTED_EDGE('',*,*,#8805,.F.);
#8829 = ORIENTED_EDGE('',*,*,#8428,.F.);
#8830 = CYLINDRICAL_SURFACE('',#8831,0.1);
#8831 = AXIS2_PLACEMENT_3D('',#8832,#8833,#8834);
#8832 = CARTESIAN_POINT('',(-2.8,0.435,0.3));
#8833 = DIRECTION('',(-3.445092848398E-16,-1.,0.));
#8834 = DIRECTION('',(-0.,0.,-1.));
#8835 = ADVANCED_FACE('',(#8836),#8847,.F.);
#8836 = FACE_BOUND('',#8837,.F.);
#8837 = EDGE_LOOP('',(#8838,#8844,#8845,#8846));
#8838 = ORIENTED_EDGE('',*,*,#8839,.T.);
#8839 = EDGE_CURVE('',#8413,#8522,#8840,.T.);
#8840 = LINE('',#8841,#8842);
#8841 = CARTESIAN_POINT('',(-3.5,0.435,0.2));
#8842 = VECTOR('',#8843,1.);
#8843 = DIRECTION('',(3.445092848398E-16,1.,0.));
#8844 = ORIENTED_EDGE('',*,*,#8529,.T.);
#8845 = ORIENTED_EDGE('',*,*,#8822,.F.);
#8846 = ORIENTED_EDGE('',*,*,#8420,.F.);
#8847 = PLANE('',#8848);
#8848 = AXIS2_PLACEMENT_3D('',#8849,#8850,#8851);
#8849 = CARTESIAN_POINT('',(-3.5,0.435,0.2));
#8850 = DIRECTION('',(0.,0.,-1.));
#8851 = DIRECTION('',(1.,-3.445092848398E-16,0.));
#8852 = ADVANCED_FACE('',(#8853),#8864,.F.);
#8853 = FACE_BOUND('',#8854,.F.);
#8854 = EDGE_LOOP('',(#8855,#8861,#8862,#8863));
#8855 = ORIENTED_EDGE('',*,*,#8856,.T.);
#8856 = EDGE_CURVE('',#8405,#8514,#8857,.T.);
#8857 = LINE('',#8858,#8859);
#8858 = CARTESIAN_POINT('',(-3.5,0.435,1.110223024625E-16));
#8859 = VECTOR('',#8860,1.);
#8860 = DIRECTION('',(3.445092848398E-16,1.,0.));
#8861 = ORIENTED_EDGE('',*,*,#8521,.T.);
#8862 = ORIENTED_EDGE('',*,*,#8839,.F.);
#8863 = ORIENTED_EDGE('',*,*,#8412,.F.);
#8864 = PLANE('',#8865);
#8865 = AXIS2_PLACEMENT_3D('',#8866,#8867,#8868);
#8866 = CARTESIAN_POINT('',(-3.5,0.435,1.110223024625E-16));
#8867 = DIRECTION('',(1.,-3.445092848398E-16,0.));
#8868 = DIRECTION('',(0.,0.,1.));
#8869 = ADVANCED_FACE('',(#8870),#8881,.F.);
#8870 = FACE_BOUND('',#8871,.F.);
#8871 = EDGE_LOOP('',(#8872,#8878,#8879,#8880));
#8872 = ORIENTED_EDGE('',*,*,#8873,.T.);
#8873 = EDGE_CURVE('',#8396,#8505,#8874,.T.);
#8874 = LINE('',#8875,#8876);
#8875 = CARTESIAN_POINT('',(-2.8,0.435,1.110223024625E-16));
#8876 = VECTOR('',#8877,1.);
#8877 = DIRECTION('',(3.445092848398E-16,1.,0.));
#8878 = ORIENTED_EDGE('',*,*,#8513,.T.);
#8879 = ORIENTED_EDGE('',*,*,#8856,.F.);
#8880 = ORIENTED_EDGE('',*,*,#8404,.F.);
#8881 = PLANE('',#8882);
#8882 = AXIS2_PLACEMENT_3D('',#8883,#8884,#8885);
#8883 = CARTESIAN_POINT('',(-2.8,0.435,1.110223024625E-16));
#8884 = DIRECTION('',(0.,0.,1.));
#8885 = DIRECTION('',(-1.,3.445092848398E-16,0.));
#8886 = ADVANCED_FACE('',(#8887),#8898,.T.);
#8887 = FACE_BOUND('',#8888,.T.);
#8888 = EDGE_LOOP('',(#8889,#8890,#8891,#8892));
#8889 = ORIENTED_EDGE('',*,*,#8395,.T.);
#8890 = ORIENTED_EDGE('',*,*,#8873,.T.);
#8891 = ORIENTED_EDGE('',*,*,#8504,.F.);
#8892 = ORIENTED_EDGE('',*,*,#8893,.F.);
#8893 = EDGE_CURVE('',#8388,#8497,#8894,.T.);
#8894 = LINE('',#8895,#8896);
#8895 = CARTESIAN_POINT('',(-2.5,0.435,0.3));
#8896 = VECTOR('',#8897,1.);
#8897 = DIRECTION('',(3.445092848398E-16,1.,0.));
#8898 = CYLINDRICAL_SURFACE('',#8899,0.3);
#8899 = AXIS2_PLACEMENT_3D('',#8900,#8901,#8902);
#8900 = CARTESIAN_POINT('',(-2.8,0.435,0.3));
#8901 = DIRECTION('',(-3.445092848398E-16,-1.,-0.));
#8902 = DIRECTION('',(1.,-3.445092848398E-16,-1.295260195396E-15));
#8903 = ADVANCED_FACE('',(#8904),#8910,.F.);
#8904 = FACE_BOUND('',#8905,.F.);
#8905 = EDGE_LOOP('',(#8906,#8907,#8908,#8909));
#8906 = ORIENTED_EDGE('',*,*,#8478,.T.);
#8907 = ORIENTED_EDGE('',*,*,#8496,.T.);
#8908 = ORIENTED_EDGE('',*,*,#8893,.F.);
#8909 = ORIENTED_EDGE('',*,*,#8387,.F.);
#8910 = PLANE('',#8911);
#8911 = AXIS2_PLACEMENT_3D('',#8912,#8913,#8914);
#8912 = CARTESIAN_POINT('',(-2.5,0.435,0.9));
#8913 = DIRECTION('',(-1.,3.445092848398E-16,0.));
#8914 = DIRECTION('',(0.,0.,-1.));
#8915 = ( GEOMETRIC_REPRESENTATION_CONTEXT(3) 
GLOBAL_UNCERTAINTY_ASSIGNED_CONTEXT((#8919)) 
GLOBAL_UNIT_ASSIGNED_CONTEXT((#8916,#8917,#8918)) REPRESENTATION_CONTEXT
('Context #1','3D Context with UNIT and UNCERTAINTY') );
#8916 = ( LENGTH_UNIT() NAMED_UNIT(*) SI_UNIT(.MILLI.,.METRE.) );
#8917 = ( NAMED_UNIT(*) PLANE_ANGLE_UNIT() SI_UNIT($,.RADIAN.) );
#8918 = ( NAMED_UNIT(*) SI_UNIT($,.STERADIAN.) SOLID_ANGLE_UNIT() );
#8919 = UNCERTAINTY_MEASURE_WITH_UNIT(LENGTH_MEASURE(1.E-07),#8916,
  'distance_accuracy_value','confusion accuracy');
#8920 = CONTEXT_DEPENDENT_SHAPE_REPRESENTATION(#8921,#8923);
#8921 = ( REPRESENTATION_RELATIONSHIP('','',#6175,#10) 
REPRESENTATION_RELATIONSHIP_WITH_TRANSFORMATION(#8922) 
SHAPE_REPRESENTATION_RELATIONSHIP() );
#8922 = ITEM_DEFINED_TRANSFORMATION('','',#11,#35);
#8923 = PRODUCT_DEFINITION_SHAPE('Placement','Placement of an item',
  #8924);
#8924 = NEXT_ASSEMBLY_USAGE_OCCURRENCE('6','OK5','',#5,#6170,$);
#8925 = PRODUCT_RELATED_PRODUCT_CATEGORY('part',$,(#6172));
#8926 = SHAPE_DEFINITION_REPRESENTATION(#8927,#8933);
#8927 = PRODUCT_DEFINITION_SHAPE('','',#8928);
#8928 = PRODUCT_DEFINITION('design','',#8929,#8932);
#8929 = PRODUCT_DEFINITION_FORMATION('','',#8930);
#8930 = PRODUCT('TSSOP-16_4.4x5mm_P0.65mm','TSSOP-16_4.4x5mm_P0.65mm',''
  ,(#8931));
#8931 = PRODUCT_CONTEXT('',#2,'mechanical');
#8932 = PRODUCT_DEFINITION_CONTEXT('part definition',#2,'design');
#8933 = ADVANCED_BREP_SHAPE_REPRESENTATION('',(#11,#8934),#16873);
#8934 = MANIFOLD_SOLID_BREP('',#8935);
#8935 = CLOSED_SHELL('',(#8936,#8978,#9009,#9040,#9124,#9208,#9365,#9382
    ,#9405,#9443,#9460,#9477,#9494,#9511,#9528,#9540,#9564,#9595,#9618,
    #9641,#9671,#9702,#9733,#9764,#9795,#9826,#9857,#9888,#9919,#9950,
    #9981,#10012,#10043,#10074,#10097,#10120,#10270,#10287,#10379,#10524
    ,#10547,#10568,#10660,#10752,#10769,#10791,#10883,#10975,#10992,
    #11017,#11101,#11123,#11215,#11307,#11329,#11421,#11438,#11463,
    #11547,#11569,#11661,#11753,#11775,#11867,#11884,#11909,#11993,
    #12015,#12038,#12062,#12092,#12111,#12146,#12162,#12181,#12200,
    #12219,#12238,#12257,#12276,#12293,#12310,#12327,#12344,#12361,
    #12378,#12395,#12407,#12431,#12462,#12493,#12524,#12555,#12586,
    #12617,#12648,#12679,#12710,#12741,#12772,#12803,#12834,#12865,
    #12896,#12912,#12929,#12946,#12963,#12980,#12997,#13014,#13031,
    #13043,#13060,#13077,#13094,#13111,#13128,#13145,#13162,#13174,
    #13191,#13208,#13225,#13242,#13259,#13276,#13293,#13305,#13322,
    #13339,#13356,#13373,#13390,#13407,#13424,#13436,#13453,#13470,
    #13487,#13504,#13521,#13538,#13555,#13567,#13584,#13601,#13618,
    #13635,#13652,#13669,#13686,#13698,#13722,#13814,#13952,#13977,
    #14069,#14086,#14178,#14195,#14220,#14304,#14326,#14418,#14510,
    #14532,#14624,#14641,#14666,#14750,#14772,#14864,#14956,#14978,
    #15070,#15087,#15112,#15196,#15218,#15310,#15402,#15424,#15516,
    #15533,#15558,#15642,#15664,#15683,#15700,#15717,#15734,#15751,
    #15768,#15785,#15802,#15814,#15833,#15852,#15871,#15890,#15909,
    #15928,#15947,#15956,#15973,#15990,#16007,#16024,#16041,#16058,
    #16075,#16087,#16104,#16121,#16138,#16155,#16172,#16189,#16206,
    #16218,#16235,#16252,#16269,#16286,#16303,#16320,#16337,#16349,
    #16366,#16383,#16400,#16417,#16434,#16451,#16468,#16480,#16497,
    #16514,#16531,#16548,#16565,#16582,#16599,#16611,#16628,#16645,
    #16662,#16679,#16696,#16713,#16730,#16742,#16759,#16776,#16793,
    #16810,#16827,#16844,#16861));
#8936 = ADVANCED_FACE('',(#8937),#8973,.F.);
#8937 = FACE_BOUND('',#8938,.F.);
#8938 = EDGE_LOOP('',(#8939,#8949,#8958,#8966));
#8939 = ORIENTED_EDGE('',*,*,#8940,.T.);
#8940 = EDGE_CURVE('',#8941,#8943,#8945,.T.);
#8941 = VERTEX_POINT('',#8942);
#8942 = CARTESIAN_POINT('',(2.4,2.405,0.525));
#8943 = VERTEX_POINT('',#8944);
#8944 = CARTESIAN_POINT('',(2.4,2.145,0.525));
#8945 = LINE('',#8946,#8947);
#8946 = CARTESIAN_POINT('',(2.4,2.405,0.525));
#8947 = VECTOR('',#8948,1.);
#8948 = DIRECTION('',(2.22044604925E-16,-1.,0.));
#8949 = ORIENTED_EDGE('',*,*,#8950,.T.);
#8950 = EDGE_CURVE('',#8943,#8951,#8953,.T.);
#8951 = VERTEX_POINT('',#8952);
#8952 = CARTESIAN_POINT('',(2.5,2.145,0.425));
#8953 = CIRCLE('',#8954,0.1);
#8954 = AXIS2_PLACEMENT_3D('',#8955,#8956,#8957);
#8955 = CARTESIAN_POINT('',(2.4,2.145,0.425));
#8956 = DIRECTION('',(-2.22044604925E-16,1.,0.));
#8957 = DIRECTION('',(0.,0.,1.));
#8958 = ORIENTED_EDGE('',*,*,#8959,.F.);
#8959 = EDGE_CURVE('',#8960,#8951,#8962,.T.);
#8960 = VERTEX_POINT('',#8961);
#8961 = CARTESIAN_POINT('',(2.5,2.405,0.425));
#8962 = LINE('',#8963,#8964);
#8963 = CARTESIAN_POINT('',(2.5,2.405,0.425));
#8964 = VECTOR('',#8965,1.);
#8965 = DIRECTION('',(2.22044604925E-16,-1.,0.));
#8966 = ORIENTED_EDGE('',*,*,#8967,.F.);
#8967 = EDGE_CURVE('',#8941,#8960,#8968,.T.);
#8968 = CIRCLE('',#8969,0.1);
#8969 = AXIS2_PLACEMENT_3D('',#8970,#8971,#8972);
#8970 = CARTESIAN_POINT('',(2.4,2.405,0.425));
#8971 = DIRECTION('',(-2.22044604925E-16,1.,0.));
#8972 = DIRECTION('',(0.,0.,1.));
#8973 = CYLINDRICAL_SURFACE('',#8974,0.1);
#8974 = AXIS2_PLACEMENT_3D('',#8975,#8976,#8977);
#8975 = CARTESIAN_POINT('',(2.4,2.405,0.425));
#8976 = DIRECTION('',(-2.22044604925E-16,1.,0.));
#8977 = DIRECTION('',(0.,0.,1.));
#8978 = ADVANCED_FACE('',(#8979),#9004,.F.);
#8979 = FACE_BOUND('',#8980,.F.);
#8980 = EDGE_LOOP('',(#8981,#8989,#8997,#9003));
#8981 = ORIENTED_EDGE('',*,*,#8982,.F.);
#8982 = EDGE_CURVE('',#8983,#8941,#8985,.T.);
#8983 = VERTEX_POINT('',#8984);
#8984 = CARTESIAN_POINT('',(2.2,2.405,0.525));
#8985 = LINE('',#8986,#8987);
#8986 = CARTESIAN_POINT('',(2.1,2.405,0.525));
#8987 = VECTOR('',#8988,1.);
#8988 = DIRECTION('',(1.,2.22044604925E-16,0.));
#8989 = ORIENTED_EDGE('',*,*,#8990,.F.);
#8990 = EDGE_CURVE('',#8991,#8983,#8993,.T.);
#8991 = VERTEX_POINT('',#8992);
#8992 = CARTESIAN_POINT('',(2.2,2.145,0.525));
#8993 = LINE('',#8994,#8995);
#8994 = CARTESIAN_POINT('',(2.2,-2.5,0.525));
#8995 = VECTOR('',#8996,1.);
#8996 = DIRECTION('',(-2.22044604925E-16,1.,0.));
#8997 = ORIENTED_EDGE('',*,*,#8998,.T.);
#8998 = EDGE_CURVE('',#8991,#8943,#8999,.T.);
#8999 = LINE('',#9000,#9001);
#9000 = CARTESIAN_POINT('',(2.1,2.145,0.525));
#9001 = VECTOR('',#9002,1.);
#9002 = DIRECTION('',(1.,2.22044604925E-16,0.));
#9003 = ORIENTED_EDGE('',*,*,#8940,.F.);
#9004 = PLANE('',#9005);
#9005 = AXIS2_PLACEMENT_3D('',#9006,#9007,#9008);
#9006 = CARTESIAN_POINT('',(2.1,2.405,0.525));
#9007 = DIRECTION('',(0.,0.,1.));
#9008 = DIRECTION('',(1.,2.22044604925E-16,-0.));
#9009 = ADVANCED_FACE('',(#9010),#9035,.F.);
#9010 = FACE_BOUND('',#9011,.F.);
#9011 = EDGE_LOOP('',(#9012,#9013,#9021,#9029));
#9012 = ORIENTED_EDGE('',*,*,#8959,.T.);
#9013 = ORIENTED_EDGE('',*,*,#9014,.T.);
#9014 = EDGE_CURVE('',#8951,#9015,#9017,.T.);
#9015 = VERTEX_POINT('',#9016);
#9016 = CARTESIAN_POINT('',(2.5,2.145,0.25));
#9017 = LINE('',#9018,#9019);
#9018 = CARTESIAN_POINT('',(2.5,2.145,0.425));
#9019 = VECTOR('',#9020,1.);
#9020 = DIRECTION('',(0.,0.,-1.));
#9021 = ORIENTED_EDGE('',*,*,#9022,.F.);
#9022 = EDGE_CURVE('',#9023,#9015,#9025,.T.);
#9023 = VERTEX_POINT('',#9024);
#9024 = CARTESIAN_POINT('',(2.5,2.405,0.25));
#9025 = LINE('',#9026,#9027);
#9026 = CARTESIAN_POINT('',(2.5,2.405,0.25));
#9027 = VECTOR('',#9028,1.);
#9028 = DIRECTION('',(2.22044604925E-16,-1.,0.));
#9029 = ORIENTED_EDGE('',*,*,#9030,.F.);
#9030 = EDGE_CURVE('',#8960,#9023,#9031,.T.);
#9031 = LINE('',#9032,#9033);
#9032 = CARTESIAN_POINT('',(2.5,2.405,0.425));
#9033 = VECTOR('',#9034,1.);
#9034 = DIRECTION('',(0.,0.,-1.));
#9035 = PLANE('',#9036);
#9036 = AXIS2_PLACEMENT_3D('',#9037,#9038,#9039);
#9037 = CARTESIAN_POINT('',(2.5,2.405,0.425));
#9038 = DIRECTION('',(1.,2.22044604925E-16,0.));
#9039 = DIRECTION('',(0.,0.,-1.));
#9040 = ADVANCED_FACE('',(#9041),#9119,.F.);
#9041 = FACE_BOUND('',#9042,.F.);
#9042 = EDGE_LOOP('',(#9043,#9051,#9052,#9053,#9054,#9063,#9071,#9079,
    #9087,#9096,#9104,#9113));
#9043 = ORIENTED_EDGE('',*,*,#9044,.T.);
#9044 = EDGE_CURVE('',#9045,#8983,#9047,.T.);
#9045 = VERTEX_POINT('',#9046);
#9046 = CARTESIAN_POINT('',(2.2,2.405,0.675));
#9047 = LINE('',#9048,#9049);
#9048 = CARTESIAN_POINT('',(2.2,2.405,0.494086109492));
#9049 = VECTOR('',#9050,1.);
#9050 = DIRECTION('',(0.,-0.,-1.));
#9051 = ORIENTED_EDGE('',*,*,#8982,.T.);
#9052 = ORIENTED_EDGE('',*,*,#8967,.T.);
#9053 = ORIENTED_EDGE('',*,*,#9030,.T.);
#9054 = ORIENTED_EDGE('',*,*,#9055,.T.);
#9055 = EDGE_CURVE('',#9023,#9056,#9058,.T.);
#9056 = VERTEX_POINT('',#9057);
#9057 = CARTESIAN_POINT('',(2.75,2.405,1.110223024625E-16));
#9058 = CIRCLE('',#9059,0.25);
#9059 = AXIS2_PLACEMENT_3D('',#9060,#9061,#9062);
#9060 = CARTESIAN_POINT('',(2.75,2.405,0.25));
#9061 = DIRECTION('',(2.22044604925E-16,-1.,0.));
#9062 = DIRECTION('',(-1.,-2.22044604925E-16,-2.442490654175E-15));
#9063 = ORIENTED_EDGE('',*,*,#9064,.T.);
#9064 = EDGE_CURVE('',#9056,#9065,#9067,.T.);
#9065 = VERTEX_POINT('',#9066);
#9066 = CARTESIAN_POINT('',(3.2,2.405,1.110223024625E-16));
#9067 = LINE('',#9068,#9069);
#9068 = CARTESIAN_POINT('',(2.75,2.405,1.110223024625E-16));
#9069 = VECTOR('',#9070,1.);
#9070 = DIRECTION('',(1.,2.22044604925E-16,0.));
#9071 = ORIENTED_EDGE('',*,*,#9072,.T.);
#9072 = EDGE_CURVE('',#9065,#9073,#9075,.T.);
#9073 = VERTEX_POINT('',#9074);
#9074 = CARTESIAN_POINT('',(3.2,2.405,0.15));
#9075 = LINE('',#9076,#9077);
#9076 = CARTESIAN_POINT('',(3.2,2.405,1.110223024625E-16));
#9077 = VECTOR('',#9078,1.);
#9078 = DIRECTION('',(0.,0.,1.));
#9079 = ORIENTED_EDGE('',*,*,#9080,.T.);
#9080 = EDGE_CURVE('',#9073,#9081,#9083,.T.);
#9081 = VERTEX_POINT('',#9082);
#9082 = CARTESIAN_POINT('',(2.75,2.405,0.15));
#9083 = LINE('',#9084,#9085);
#9084 = CARTESIAN_POINT('',(3.2,2.405,0.15));
#9085 = VECTOR('',#9086,1.);
#9086 = DIRECTION('',(-1.,-2.22044604925E-16,0.));
#9087 = ORIENTED_EDGE('',*,*,#9088,.T.);
#9088 = EDGE_CURVE('',#9081,#9089,#9091,.T.);
#9089 = VERTEX_POINT('',#9090);
#9090 = CARTESIAN_POINT('',(2.65,2.405,0.25));
#9091 = CIRCLE('',#9092,0.1);
#9092 = AXIS2_PLACEMENT_3D('',#9093,#9094,#9095);
#9093 = CARTESIAN_POINT('',(2.75,2.405,0.25));
#9094 = DIRECTION('',(-2.22044604925E-16,1.,0.));
#9095 = DIRECTION('',(0.,0.,-1.));
#9096 = ORIENTED_EDGE('',*,*,#9097,.T.);
#9097 = EDGE_CURVE('',#9089,#9098,#9100,.T.);
#9098 = VERTEX_POINT('',#9099);
#9099 = CARTESIAN_POINT('',(2.65,2.405,0.425));
#9100 = LINE('',#9101,#9102);
#9101 = CARTESIAN_POINT('',(2.65,2.405,0.25));
#9102 = VECTOR('',#9103,1.);
#9103 = DIRECTION('',(0.,0.,1.));
#9104 = ORIENTED_EDGE('',*,*,#9105,.T.);
#9105 = EDGE_CURVE('',#9098,#9106,#9108,.T.);
#9106 = VERTEX_POINT('',#9107);
#9107 = CARTESIAN_POINT('',(2.4,2.405,0.675));
#9108 = CIRCLE('',#9109,0.25);
#9109 = AXIS2_PLACEMENT_3D('',#9110,#9111,#9112);
#9110 = CARTESIAN_POINT('',(2.4,2.405,0.425));
#9111 = DIRECTION('',(2.22044604925E-16,-1.,0.));
#9112 = DIRECTION('',(1.,2.22044604925E-16,2.22044604925E-15));
#9113 = ORIENTED_EDGE('',*,*,#9114,.T.);
#9114 = EDGE_CURVE('',#9106,#9045,#9115,.T.);
#9115 = LINE('',#9116,#9117);
#9116 = CARTESIAN_POINT('',(2.4,2.405,0.675));
#9117 = VECTOR('',#9118,1.);
#9118 = DIRECTION('',(-1.,-2.22044604925E-16,0.));
#9119 = PLANE('',#9120);
#9120 = AXIS2_PLACEMENT_3D('',#9121,#9122,#9123);
#9121 = CARTESIAN_POINT('',(2.632923288131,2.405,0.313172218985));
#9122 = DIRECTION('',(2.22044604925E-16,-1.,0.));
#9123 = DIRECTION('',(0.,0.,1.));
#9124 = ADVANCED_FACE('',(#9125),#9203,.T.);
#9125 = FACE_BOUND('',#9126,.T.);
#9126 = EDGE_LOOP('',(#9127,#9135,#9136,#9137,#9138,#9147,#9155,#9163,
    #9171,#9180,#9188,#9197));
#9127 = ORIENTED_EDGE('',*,*,#9128,.T.);
#9128 = EDGE_CURVE('',#9129,#8991,#9131,.T.);
#9129 = VERTEX_POINT('',#9130);
#9130 = CARTESIAN_POINT('',(2.2,2.145,0.675));
#9131 = LINE('',#9132,#9133);
#9132 = CARTESIAN_POINT('',(2.2,2.145,0.494086109492));
#9133 = VECTOR('',#9134,1.);
#9134 = DIRECTION('',(0.,-0.,-1.));
#9135 = ORIENTED_EDGE('',*,*,#8998,.T.);
#9136 = ORIENTED_EDGE('',*,*,#8950,.T.);
#9137 = ORIENTED_EDGE('',*,*,#9014,.T.);
#9138 = ORIENTED_EDGE('',*,*,#9139,.T.);
#9139 = EDGE_CURVE('',#9015,#9140,#9142,.T.);
#9140 = VERTEX_POINT('',#9141);
#9141 = CARTESIAN_POINT('',(2.75,2.145,1.110223024625E-16));
#9142 = CIRCLE('',#9143,0.25);
#9143 = AXIS2_PLACEMENT_3D('',#9144,#9145,#9146);
#9144 = CARTESIAN_POINT('',(2.75,2.145,0.25));
#9145 = DIRECTION('',(2.22044604925E-16,-1.,0.));
#9146 = DIRECTION('',(-1.,-2.22044604925E-16,-2.442490654175E-15));
#9147 = ORIENTED_EDGE('',*,*,#9148,.T.);
#9148 = EDGE_CURVE('',#9140,#9149,#9151,.T.);
#9149 = VERTEX_POINT('',#9150);
#9150 = CARTESIAN_POINT('',(3.2,2.145,1.110223024625E-16));
#9151 = LINE('',#9152,#9153);
#9152 = CARTESIAN_POINT('',(2.75,2.145,1.110223024625E-16));
#9153 = VECTOR('',#9154,1.);
#9154 = DIRECTION('',(1.,2.22044604925E-16,0.));
#9155 = ORIENTED_EDGE('',*,*,#9156,.T.);
#9156 = EDGE_CURVE('',#9149,#9157,#9159,.T.);
#9157 = VERTEX_POINT('',#9158);
#9158 = CARTESIAN_POINT('',(3.2,2.145,0.15));
#9159 = LINE('',#9160,#9161);
#9160 = CARTESIAN_POINT('',(3.2,2.145,1.110223024625E-16));
#9161 = VECTOR('',#9162,1.);
#9162 = DIRECTION('',(0.,0.,1.));
#9163 = ORIENTED_EDGE('',*,*,#9164,.T.);
#9164 = EDGE_CURVE('',#9157,#9165,#9167,.T.);
#9165 = VERTEX_POINT('',#9166);
#9166 = CARTESIAN_POINT('',(2.75,2.145,0.15));
#9167 = LINE('',#9168,#9169);
#9168 = CARTESIAN_POINT('',(3.2,2.145,0.15));
#9169 = VECTOR('',#9170,1.);
#9170 = DIRECTION('',(-1.,-2.22044604925E-16,0.));
#9171 = ORIENTED_EDGE('',*,*,#9172,.T.);
#9172 = EDGE_CURVE('',#9165,#9173,#9175,.T.);
#9173 = VERTEX_POINT('',#9174);
#9174 = CARTESIAN_POINT('',(2.65,2.145,0.25));
#9175 = CIRCLE('',#9176,0.1);
#9176 = AXIS2_PLACEMENT_3D('',#9177,#9178,#9179);
#9177 = CARTESIAN_POINT('',(2.75,2.145,0.25));
#9178 = DIRECTION('',(-2.22044604925E-16,1.,0.));
#9179 = DIRECTION('',(0.,0.,-1.));
#9180 = ORIENTED_EDGE('',*,*,#9181,.T.);
#9181 = EDGE_CURVE('',#9173,#9182,#9184,.T.);
#9182 = VERTEX_POINT('',#9183);
#9183 = CARTESIAN_POINT('',(2.65,2.145,0.425));
#9184 = LINE('',#9185,#9186);
#9185 = CARTESIAN_POINT('',(2.65,2.145,0.25));
#9186 = VECTOR('',#9187,1.);
#9187 = DIRECTION('',(0.,0.,1.));
#9188 = ORIENTED_EDGE('',*,*,#9189,.T.);
#9189 = EDGE_CURVE('',#9182,#9190,#9192,.T.);
#9190 = VERTEX_POINT('',#9191);
#9191 = CARTESIAN_POINT('',(2.4,2.145,0.675));
#9192 = CIRCLE('',#9193,0.25);
#9193 = AXIS2_PLACEMENT_3D('',#9194,#9195,#9196);
#9194 = CARTESIAN_POINT('',(2.4,2.145,0.425));
#9195 = DIRECTION('',(2.22044604925E-16,-1.,0.));
#9196 = DIRECTION('',(1.,2.22044604925E-16,2.22044604925E-15));
#9197 = ORIENTED_EDGE('',*,*,#9198,.T.);
#9198 = EDGE_CURVE('',#9190,#9129,#9199,.T.);
#9199 = LINE('',#9200,#9201);
#9200 = CARTESIAN_POINT('',(2.4,2.145,0.675));
#9201 = VECTOR('',#9202,1.);
#9202 = DIRECTION('',(-1.,-2.22044604925E-16,0.));
#9203 = PLANE('',#9204);
#9204 = AXIS2_PLACEMENT_3D('',#9205,#9206,#9207);
#9205 = CARTESIAN_POINT('',(2.632923288131,2.145,0.313172218985));
#9206 = DIRECTION('',(2.22044604925E-16,-1.,0.));
#9207 = DIRECTION('',(0.,0.,1.));
#9208 = ADVANCED_FACE('',(#9209),#9360,.T.);
#9209 = FACE_BOUND('',#9210,.T.);
#9210 = EDGE_LOOP('',(#9211,#9221,#9228,#9234,#9235,#9243,#9251,#9259,
    #9267,#9275,#9283,#9291,#9299,#9307,#9315,#9323,#9331,#9339,#9347,
    #9355));
#9211 = ORIENTED_EDGE('',*,*,#9212,.T.);
#9212 = EDGE_CURVE('',#9213,#9215,#9217,.T.);
#9213 = VERTEX_POINT('',#9214);
#9214 = CARTESIAN_POINT('',(2.125061033199,-2.425061033199,0.1));
#9215 = VERTEX_POINT('',#9216);
#9216 = CARTESIAN_POINT('',(2.125061033199,2.425061033199,0.1));
#9217 = LINE('',#9218,#9219);
#9218 = CARTESIAN_POINT('',(2.125061033199,-2.425061033199,0.1));
#9219 = VECTOR('',#9220,1.);
#9220 = DIRECTION('',(-2.22044604925E-16,1.,0.));
#9221 = ORIENTED_EDGE('',*,*,#9222,.T.);
#9222 = EDGE_CURVE('',#9215,#9223,#9225,.T.);
#9223 = VERTEX_POINT('',#9224);
#9224 = CARTESIAN_POINT('',(2.2,2.5,0.525));
#9225 = B_SPLINE_CURVE_WITH_KNOTS('',1,(#9226,#9227),.UNSPECIFIED.,.F.,
  .F.,(2,2),(0.,1.),.PIECEWISE_BEZIER_KNOTS.);
#9226 = CARTESIAN_POINT('',(2.125061033199,2.425061033199,0.1));
#9227 = CARTESIAN_POINT('',(2.2,2.5,0.525));
#9228 = ORIENTED_EDGE('',*,*,#9229,.F.);
#9229 = EDGE_CURVE('',#8983,#9223,#9230,.T.);
#9230 = LINE('',#9231,#9232);
#9231 = CARTESIAN_POINT('',(2.2,-2.5,0.525));
#9232 = VECTOR('',#9233,1.);
#9233 = DIRECTION('',(-2.22044604925E-16,1.,0.));
#9234 = ORIENTED_EDGE('',*,*,#8990,.F.);
#9235 = ORIENTED_EDGE('',*,*,#9236,.F.);
#9236 = EDGE_CURVE('',#9237,#8991,#9239,.T.);
#9237 = VERTEX_POINT('',#9238);
#9238 = CARTESIAN_POINT('',(2.2,1.755,0.525));
#9239 = LINE('',#9240,#9241);
#9240 = CARTESIAN_POINT('',(2.2,-2.5,0.525));
#9241 = VECTOR('',#9242,1.);
#9242 = DIRECTION('',(-2.22044604925E-16,1.,0.));
#9243 = ORIENTED_EDGE('',*,*,#9244,.F.);
#9244 = EDGE_CURVE('',#9245,#9237,#9247,.T.);
#9245 = VERTEX_POINT('',#9246);
#9246 = CARTESIAN_POINT('',(2.2,1.495,0.525));
#9247 = LINE('',#9248,#9249);
#9248 = CARTESIAN_POINT('',(2.2,-2.5,0.525));
#9249 = VECTOR('',#9250,1.);
#9250 = DIRECTION('',(-2.22044604925E-16,1.,0.));
#9251 = ORIENTED_EDGE('',*,*,#9252,.F.);
#9252 = EDGE_CURVE('',#9253,#9245,#9255,.T.);
#9253 = VERTEX_POINT('',#9254);
#9254 = CARTESIAN_POINT('',(2.2,1.105,0.525));
#9255 = LINE('',#9256,#9257);
#9256 = CARTESIAN_POINT('',(2.2,-2.5,0.525));
#9257 = VECTOR('',#9258,1.);
#9258 = DIRECTION('',(-2.22044604925E-16,1.,0.));
#9259 = ORIENTED_EDGE('',*,*,#9260,.F.);
#9260 = EDGE_CURVE('',#9261,#9253,#9263,.T.);
#9261 = VERTEX_POINT('',#9262);
#9262 = CARTESIAN_POINT('',(2.2,0.845,0.525));
#9263 = LINE('',#9264,#9265);
#9264 = CARTESIAN_POINT('',(2.2,-2.5,0.525));
#9265 = VECTOR('',#9266,1.);
#9266 = DIRECTION('',(-2.22044604925E-16,1.,0.));
#9267 = ORIENTED_EDGE('',*,*,#9268,.F.);
#9268 = EDGE_CURVE('',#9269,#9261,#9271,.T.);
#9269 = VERTEX_POINT('',#9270);
#9270 = CARTESIAN_POINT('',(2.2,0.455,0.525));
#9271 = LINE('',#9272,#9273);
#9272 = CARTESIAN_POINT('',(2.2,-2.5,0.525));
#9273 = VECTOR('',#9274,1.);
#9274 = DIRECTION('',(-2.22044604925E-16,1.,0.));
#9275 = ORIENTED_EDGE('',*,*,#9276,.F.);
#9276 = EDGE_CURVE('',#9277,#9269,#9279,.T.);
#9277 = VERTEX_POINT('',#9278);
#9278 = CARTESIAN_POINT('',(2.2,0.195,0.525));
#9279 = LINE('',#9280,#9281);
#9280 = CARTESIAN_POINT('',(2.2,-2.5,0.525));
#9281 = VECTOR('',#9282,1.);
#9282 = DIRECTION('',(-2.22044604925E-16,1.,0.));
#9283 = ORIENTED_EDGE('',*,*,#9284,.F.);
#9284 = EDGE_CURVE('',#9285,#9277,#9287,.T.);
#9285 = VERTEX_POINT('',#9286);
#9286 = CARTESIAN_POINT('',(2.2,-0.195,0.525));
#9287 = LINE('',#9288,#9289);
#9288 = CARTESIAN_POINT('',(2.2,-2.5,0.525));
#9289 = VECTOR('',#9290,1.);
#9290 = DIRECTION('',(-2.22044604925E-16,1.,0.));
#9291 = ORIENTED_EDGE('',*,*,#9292,.F.);
#9292 = EDGE_CURVE('',#9293,#9285,#9295,.T.);
#9293 = VERTEX_POINT('',#9294);
#9294 = CARTESIAN_POINT('',(2.2,-0.455,0.525));
#9295 = LINE('',#9296,#9297);
#9296 = CARTESIAN_POINT('',(2.2,-2.5,0.525));
#9297 = VECTOR('',#9298,1.);
#9298 = DIRECTION('',(-2.22044604925E-16,1.,0.));
#9299 = ORIENTED_EDGE('',*,*,#9300,.F.);
#9300 = EDGE_CURVE('',#9301,#9293,#9303,.T.);
#9301 = VERTEX_POINT('',#9302);
#9302 = CARTESIAN_POINT('',(2.2,-0.845,0.525));
#9303 = LINE('',#9304,#9305);
#9304 = CARTESIAN_POINT('',(2.2,-2.5,0.525));
#9305 = VECTOR('',#9306,1.);
#9306 = DIRECTION('',(-2.22044604925E-16,1.,0.));
#9307 = ORIENTED_EDGE('',*,*,#9308,.F.);
#9308 = EDGE_CURVE('',#9309,#9301,#9311,.T.);
#9309 = VERTEX_POINT('',#9310);
#9310 = CARTESIAN_POINT('',(2.2,-1.105,0.525));
#9311 = LINE('',#9312,#9313);
#9312 = CARTESIAN_POINT('',(2.2,-2.5,0.525));
#9313 = VECTOR('',#9314,1.);
#9314 = DIRECTION('',(-2.22044604925E-16,1.,0.));
#9315 = ORIENTED_EDGE('',*,*,#9316,.F.);
#9316 = EDGE_CURVE('',#9317,#9309,#9319,.T.);
#9317 = VERTEX_POINT('',#9318);
#9318 = CARTESIAN_POINT('',(2.2,-1.495,0.525));
#9319 = LINE('',#9320,#9321);
#9320 = CARTESIAN_POINT('',(2.2,-2.5,0.525));
#9321 = VECTOR('',#9322,1.);
#9322 = DIRECTION('',(-2.22044604925E-16,1.,0.));
#9323 = ORIENTED_EDGE('',*,*,#9324,.F.);
#9324 = EDGE_CURVE('',#9325,#9317,#9327,.T.);
#9325 = VERTEX_POINT('',#9326);
#9326 = CARTESIAN_POINT('',(2.2,-1.755,0.525));
#9327 = LINE('',#9328,#9329);
#9328 = CARTESIAN_POINT('',(2.2,-2.5,0.525));
#9329 = VECTOR('',#9330,1.);
#9330 = DIRECTION('',(-2.22044604925E-16,1.,0.));
#9331 = ORIENTED_EDGE('',*,*,#9332,.F.);
#9332 = EDGE_CURVE('',#9333,#9325,#9335,.T.);
#9333 = VERTEX_POINT('',#9334);
#9334 = CARTESIAN_POINT('',(2.2,-2.145,0.525));
#9335 = LINE('',#9336,#9337);
#9336 = CARTESIAN_POINT('',(2.2,-2.5,0.525));
#9337 = VECTOR('',#9338,1.);
#9338 = DIRECTION('',(-2.22044604925E-16,1.,0.));
#9339 = ORIENTED_EDGE('',*,*,#9340,.F.);
#9340 = EDGE_CURVE('',#9341,#9333,#9343,.T.);
#9341 = VERTEX_POINT('',#9342);
#9342 = CARTESIAN_POINT('',(2.2,-2.405,0.525));
#9343 = LINE('',#9344,#9345);
#9344 = CARTESIAN_POINT('',(2.2,-2.5,0.525));
#9345 = VECTOR('',#9346,1.);
#9346 = DIRECTION('',(-2.22044604925E-16,1.,0.));
#9347 = ORIENTED_EDGE('',*,*,#9348,.F.);
#9348 = EDGE_CURVE('',#9349,#9341,#9351,.T.);
#9349 = VERTEX_POINT('',#9350);
#9350 = CARTESIAN_POINT('',(2.2,-2.5,0.525));
#9351 = LINE('',#9352,#9353);
#9352 = CARTESIAN_POINT('',(2.2,-2.5,0.525));
#9353 = VECTOR('',#9354,1.);
#9354 = DIRECTION('',(-2.22044604925E-16,1.,0.));
#9355 = ORIENTED_EDGE('',*,*,#9356,.F.);
#9356 = EDGE_CURVE('',#9213,#9349,#9357,.T.);
#9357 = B_SPLINE_CURVE_WITH_KNOTS('',1,(#9358,#9359),.UNSPECIFIED.,.F.,
  .F.,(2,2),(0.,1.),.PIECEWISE_BEZIER_KNOTS.);
#9358 = CARTESIAN_POINT('',(2.125061033199,-2.425061033199,0.1));
#9359 = CARTESIAN_POINT('',(2.2,-2.5,0.525));
#9360 = B_SPLINE_SURFACE_WITH_KNOTS('',1,1,(
    (#9361,#9362)
    ,(#9363,#9364
    )),.UNSPECIFIED.,.F.,.F.,.F.,(2,2),(2,2),(0.,5.),(0.,1.),
  .PIECEWISE_BEZIER_KNOTS.);
#9361 = CARTESIAN_POINT('',(2.125061033199,-2.425061033199,0.1));
#9362 = CARTESIAN_POINT('',(2.2,-2.5,0.525));
#9363 = CARTESIAN_POINT('',(2.125061033199,2.425061033199,0.1));
#9364 = CARTESIAN_POINT('',(2.2,2.5,0.525));
#9365 = ADVANCED_FACE('',(#9366),#9377,.T.);
#9366 = FACE_BOUND('',#9367,.T.);
#9367 = EDGE_LOOP('',(#9368,#9369,#9375,#9376));
#9368 = ORIENTED_EDGE('',*,*,#9055,.T.);
#9369 = ORIENTED_EDGE('',*,*,#9370,.T.);
#9370 = EDGE_CURVE('',#9056,#9140,#9371,.T.);
#9371 = LINE('',#9372,#9373);
#9372 = CARTESIAN_POINT('',(2.75,2.405,1.110223024625E-16));
#9373 = VECTOR('',#9374,1.);
#9374 = DIRECTION('',(2.22044604925E-16,-1.,0.));
#9375 = ORIENTED_EDGE('',*,*,#9139,.F.);
#9376 = ORIENTED_EDGE('',*,*,#9022,.F.);
#9377 = CYLINDRICAL_SURFACE('',#9378,0.25);
#9378 = AXIS2_PLACEMENT_3D('',#9379,#9380,#9381);
#9379 = CARTESIAN_POINT('',(2.75,2.405,0.25));
#9380 = DIRECTION('',(-2.22044604925E-16,1.,-0.));
#9381 = DIRECTION('',(-1.,-2.22044604925E-16,-2.442490654175E-15));
#9382 = ADVANCED_FACE('',(#9383),#9400,.T.);
#9383 = FACE_BOUND('',#9384,.T.);
#9384 = EDGE_LOOP('',(#9385,#9386,#9387,#9394));
#9385 = ORIENTED_EDGE('',*,*,#9044,.T.);
#9386 = ORIENTED_EDGE('',*,*,#9229,.T.);
#9387 = ORIENTED_EDGE('',*,*,#9388,.T.);
#9388 = EDGE_CURVE('',#9223,#9389,#9391,.T.);
#9389 = VERTEX_POINT('',#9390);
#9390 = CARTESIAN_POINT('',(2.2,2.5,0.675));
#9391 = B_SPLINE_CURVE_WITH_KNOTS('',1,(#9392,#9393),.UNSPECIFIED.,.F.,
  .F.,(2,2),(0.,1.),.PIECEWISE_BEZIER_KNOTS.);
#9392 = CARTESIAN_POINT('',(2.2,2.5,0.525));
#9393 = CARTESIAN_POINT('',(2.2,2.5,0.675));
#9394 = ORIENTED_EDGE('',*,*,#9395,.F.);
#9395 = EDGE_CURVE('',#9045,#9389,#9396,.T.);
#9396 = LINE('',#9397,#9398);
#9397 = CARTESIAN_POINT('',(2.2,-2.5,0.675));
#9398 = VECTOR('',#9399,1.);
#9399 = DIRECTION('',(-2.22044604925E-16,1.,0.));
#9400 = PLANE('',#9401);
#9401 = AXIS2_PLACEMENT_3D('',#9402,#9403,#9404);
#9402 = CARTESIAN_POINT('',(2.2,-2.5,0.675));
#9403 = DIRECTION('',(1.,2.22044604925E-16,0.));
#9404 = DIRECTION('',(-2.22044604925E-16,1.,0.));
#9405 = ADVANCED_FACE('',(#9406),#9438,.F.);
#9406 = FACE_BOUND('',#9407,.F.);
#9407 = EDGE_LOOP('',(#9408,#9409,#9415,#9416,#9424,#9432));
#9408 = ORIENTED_EDGE('',*,*,#9114,.F.);
#9409 = ORIENTED_EDGE('',*,*,#9410,.T.);
#9410 = EDGE_CURVE('',#9106,#9190,#9411,.T.);
#9411 = LINE('',#9412,#9413);
#9412 = CARTESIAN_POINT('',(2.4,2.405,0.675));
#9413 = VECTOR('',#9414,1.);
#9414 = DIRECTION('',(2.22044604925E-16,-1.,0.));
#9415 = ORIENTED_EDGE('',*,*,#9198,.T.);
#9416 = ORIENTED_EDGE('',*,*,#9417,.T.);
#9417 = EDGE_CURVE('',#9129,#9418,#9420,.T.);
#9418 = VERTEX_POINT('',#9419);
#9419 = CARTESIAN_POINT('',(2.15,2.145,0.675));
#9420 = LINE('',#9421,#9422);
#9421 = CARTESIAN_POINT('',(2.4,2.145,0.675));
#9422 = VECTOR('',#9423,1.);
#9423 = DIRECTION('',(-1.,-2.22044604925E-16,0.));
#9424 = ORIENTED_EDGE('',*,*,#9425,.T.);
#9425 = EDGE_CURVE('',#9418,#9426,#9428,.T.);
#9426 = VERTEX_POINT('',#9427);
#9427 = CARTESIAN_POINT('',(2.15,2.405,0.675));
#9428 = LINE('',#9429,#9430);
#9429 = CARTESIAN_POINT('',(2.15,-2.45,0.675));
#9430 = VECTOR('',#9431,1.);
#9431 = DIRECTION('',(-2.22044604925E-16,1.,0.));
#9432 = ORIENTED_EDGE('',*,*,#9433,.F.);
#9433 = EDGE_CURVE('',#9045,#9426,#9434,.T.);
#9434 = LINE('',#9435,#9436);
#9435 = CARTESIAN_POINT('',(2.4,2.405,0.675));
#9436 = VECTOR('',#9437,1.);
#9437 = DIRECTION('',(-1.,-2.22044604925E-16,0.));
#9438 = PLANE('',#9439);
#9439 = AXIS2_PLACEMENT_3D('',#9440,#9441,#9442);
#9440 = CARTESIAN_POINT('',(2.4,2.405,0.675));
#9441 = DIRECTION('',(0.,0.,-1.));
#9442 = DIRECTION('',(-1.,-2.22044604925E-16,-0.));
#9443 = ADVANCED_FACE('',(#9444),#9455,.T.);
#9444 = FACE_BOUND('',#9445,.T.);
#9445 = EDGE_LOOP('',(#9446,#9447,#9448,#9449));
#9446 = ORIENTED_EDGE('',*,*,#9105,.T.);
#9447 = ORIENTED_EDGE('',*,*,#9410,.T.);
#9448 = ORIENTED_EDGE('',*,*,#9189,.F.);
#9449 = ORIENTED_EDGE('',*,*,#9450,.F.);
#9450 = EDGE_CURVE('',#9098,#9182,#9451,.T.);
#9451 = LINE('',#9452,#9453);
#9452 = CARTESIAN_POINT('',(2.65,2.405,0.425));
#9453 = VECTOR('',#9454,1.);
#9454 = DIRECTION('',(2.22044604925E-16,-1.,0.));
#9455 = CYLINDRICAL_SURFACE('',#9456,0.25);
#9456 = AXIS2_PLACEMENT_3D('',#9457,#9458,#9459);
#9457 = CARTESIAN_POINT('',(2.4,2.405,0.425));
#9458 = DIRECTION('',(-2.22044604925E-16,1.,-0.));
#9459 = DIRECTION('',(1.,2.22044604925E-16,2.22044604925E-15));
#9460 = ADVANCED_FACE('',(#9461),#9472,.F.);
#9461 = FACE_BOUND('',#9462,.F.);
#9462 = EDGE_LOOP('',(#9463,#9469,#9470,#9471));
#9463 = ORIENTED_EDGE('',*,*,#9464,.T.);
#9464 = EDGE_CURVE('',#9089,#9173,#9465,.T.);
#9465 = LINE('',#9466,#9467);
#9466 = CARTESIAN_POINT('',(2.65,2.405,0.25));
#9467 = VECTOR('',#9468,1.);
#9468 = DIRECTION('',(2.22044604925E-16,-1.,0.));
#9469 = ORIENTED_EDGE('',*,*,#9181,.T.);
#9470 = ORIENTED_EDGE('',*,*,#9450,.F.);
#9471 = ORIENTED_EDGE('',*,*,#9097,.F.);
#9472 = PLANE('',#9473);
#9473 = AXIS2_PLACEMENT_3D('',#9474,#9475,#9476);
#9474 = CARTESIAN_POINT('',(2.65,2.405,0.25));
#9475 = DIRECTION('',(-1.,-2.22044604925E-16,0.));
#9476 = DIRECTION('',(0.,0.,1.));
#9477 = ADVANCED_FACE('',(#9478),#9489,.F.);
#9478 = FACE_BOUND('',#9479,.F.);
#9479 = EDGE_LOOP('',(#9480,#9486,#9487,#9488));
#9480 = ORIENTED_EDGE('',*,*,#9481,.T.);
#9481 = EDGE_CURVE('',#9081,#9165,#9482,.T.);
#9482 = LINE('',#9483,#9484);
#9483 = CARTESIAN_POINT('',(2.75,2.405,0.15));
#9484 = VECTOR('',#9485,1.);
#9485 = DIRECTION('',(2.22044604925E-16,-1.,0.));
#9486 = ORIENTED_EDGE('',*,*,#9172,.T.);
#9487 = ORIENTED_EDGE('',*,*,#9464,.F.);
#9488 = ORIENTED_EDGE('',*,*,#9088,.F.);
#9489 = CYLINDRICAL_SURFACE('',#9490,0.1);
#9490 = AXIS2_PLACEMENT_3D('',#9491,#9492,#9493);
#9491 = CARTESIAN_POINT('',(2.75,2.405,0.25));
#9492 = DIRECTION('',(-2.22044604925E-16,1.,0.));
#9493 = DIRECTION('',(0.,0.,-1.));
#9494 = ADVANCED_FACE('',(#9495),#9506,.F.);
#9495 = FACE_BOUND('',#9496,.F.);
#9496 = EDGE_LOOP('',(#9497,#9503,#9504,#9505));
#9497 = ORIENTED_EDGE('',*,*,#9498,.T.);
#9498 = EDGE_CURVE('',#9073,#9157,#9499,.T.);
#9499 = LINE('',#9500,#9501);
#9500 = CARTESIAN_POINT('',(3.2,2.405,0.15));
#9501 = VECTOR('',#9502,1.);
#9502 = DIRECTION('',(2.22044604925E-16,-1.,0.));
#9503 = ORIENTED_EDGE('',*,*,#9164,.T.);
#9504 = ORIENTED_EDGE('',*,*,#9481,.F.);
#9505 = ORIENTED_EDGE('',*,*,#9080,.F.);
#9506 = PLANE('',#9507);
#9507 = AXIS2_PLACEMENT_3D('',#9508,#9509,#9510);
#9508 = CARTESIAN_POINT('',(3.2,2.405,0.15));
#9509 = DIRECTION('',(0.,0.,-1.));
#9510 = DIRECTION('',(-1.,-2.22044604925E-16,-0.));
#9511 = ADVANCED_FACE('',(#9512),#9523,.F.);
#9512 = FACE_BOUND('',#9513,.F.);
#9513 = EDGE_LOOP('',(#9514,#9520,#9521,#9522));
#9514 = ORIENTED_EDGE('',*,*,#9515,.T.);
#9515 = EDGE_CURVE('',#9065,#9149,#9516,.T.);
#9516 = LINE('',#9517,#9518);
#9517 = CARTESIAN_POINT('',(3.2,2.405,1.110223024625E-16));
#9518 = VECTOR('',#9519,1.);
#9519 = DIRECTION('',(2.22044604925E-16,-1.,0.));
#9520 = ORIENTED_EDGE('',*,*,#9156,.T.);
#9521 = ORIENTED_EDGE('',*,*,#9498,.F.);
#9522 = ORIENTED_EDGE('',*,*,#9072,.F.);
#9523 = PLANE('',#9524);
#9524 = AXIS2_PLACEMENT_3D('',#9525,#9526,#9527);
#9525 = CARTESIAN_POINT('',(3.2,2.405,1.110223024625E-16));
#9526 = DIRECTION('',(-1.,-2.22044604925E-16,0.));
#9527 = DIRECTION('',(0.,0.,1.));
#9528 = ADVANCED_FACE('',(#9529),#9535,.F.);
#9529 = FACE_BOUND('',#9530,.F.);
#9530 = EDGE_LOOP('',(#9531,#9532,#9533,#9534));
#9531 = ORIENTED_EDGE('',*,*,#9370,.T.);
#9532 = ORIENTED_EDGE('',*,*,#9148,.T.);
#9533 = ORIENTED_EDGE('',*,*,#9515,.F.);
#9534 = ORIENTED_EDGE('',*,*,#9064,.F.);
#9535 = PLANE('',#9536);
#9536 = AXIS2_PLACEMENT_3D('',#9537,#9538,#9539);
#9537 = CARTESIAN_POINT('',(2.75,2.405,1.110223024625E-16));
#9538 = DIRECTION('',(0.,0.,1.));
#9539 = DIRECTION('',(1.,2.22044604925E-16,-0.));
#9540 = ADVANCED_FACE('',(#9541),#9559,.T.);
#9541 = FACE_BOUND('',#9542,.T.);
#9542 = EDGE_LOOP('',(#9543,#9551,#9552,#9553));
#9543 = ORIENTED_EDGE('',*,*,#9544,.T.);
#9544 = EDGE_CURVE('',#9545,#9237,#9547,.T.);
#9545 = VERTEX_POINT('',#9546);
#9546 = CARTESIAN_POINT('',(2.2,1.755,0.675));
#9547 = LINE('',#9548,#9549);
#9548 = CARTESIAN_POINT('',(2.2,1.755,0.494086109492));
#9549 = VECTOR('',#9550,1.);
#9550 = DIRECTION('',(0.,-0.,-1.));
#9551 = ORIENTED_EDGE('',*,*,#9236,.T.);
#9552 = ORIENTED_EDGE('',*,*,#9128,.F.);
#9553 = ORIENTED_EDGE('',*,*,#9554,.F.);
#9554 = EDGE_CURVE('',#9545,#9129,#9555,.T.);
#9555 = LINE('',#9556,#9557);
#9556 = CARTESIAN_POINT('',(2.2,-2.5,0.675));
#9557 = VECTOR('',#9558,1.);
#9558 = DIRECTION('',(-2.22044604925E-16,1.,0.));
#9559 = PLANE('',#9560);
#9560 = AXIS2_PLACEMENT_3D('',#9561,#9562,#9563);
#9561 = CARTESIAN_POINT('',(2.2,-2.5,0.675));
#9562 = DIRECTION('',(1.,2.22044604925E-16,0.));
#9563 = DIRECTION('',(-2.22044604925E-16,1.,0.));
#9564 = ADVANCED_FACE('',(#9565),#9590,.T.);
#9565 = FACE_BOUND('',#9566,.F.);
#9566 = EDGE_LOOP('',(#9567,#9577,#9583,#9584));
#9567 = ORIENTED_EDGE('',*,*,#9568,.T.);
#9568 = EDGE_CURVE('',#9569,#9571,#9573,.T.);
#9569 = VERTEX_POINT('',#9570);
#9570 = CARTESIAN_POINT('',(-2.125061033199,2.425061033199,0.1));
#9571 = VERTEX_POINT('',#9572);
#9572 = CARTESIAN_POINT('',(-2.125061033199,-2.425061033199,0.1));
#9573 = LINE('',#9574,#9575);
#9574 = CARTESIAN_POINT('',(-2.125061033199,2.425061033199,0.1));
#9575 = VECTOR('',#9576,1.);
#9576 = DIRECTION('',(2.22044604925E-16,-1.,0.));
#9577 = ORIENTED_EDGE('',*,*,#9578,.T.);
#9578 = EDGE_CURVE('',#9571,#9213,#9579,.T.);
#9579 = LINE('',#9580,#9581);
#9580 = CARTESIAN_POINT('',(-2.125061033199,-2.425061033199,0.1));
#9581 = VECTOR('',#9582,1.);
#9582 = DIRECTION('',(1.,2.22044604925E-16,0.));
#9583 = ORIENTED_EDGE('',*,*,#9212,.T.);
#9584 = ORIENTED_EDGE('',*,*,#9585,.T.);
#9585 = EDGE_CURVE('',#9215,#9569,#9586,.T.);
#9586 = LINE('',#9587,#9588);
#9587 = CARTESIAN_POINT('',(2.125061033199,2.425061033199,0.1));
#9588 = VECTOR('',#9589,1.);
#9589 = DIRECTION('',(-1.,-2.22044604925E-16,0.));
#9590 = PLANE('',#9591);
#9591 = AXIS2_PLACEMENT_3D('',#9592,#9593,#9594);
#9592 = CARTESIAN_POINT('',(-2.125061033199,2.425061033199,0.1));
#9593 = DIRECTION('',(0.,0.,-1.));
#9594 = DIRECTION('',(0.659054682495,-0.752095024236,0.));
#9595 = ADVANCED_FACE('',(#9596),#9613,.T.);
#9596 = FACE_BOUND('',#9597,.T.);
#9597 = EDGE_LOOP('',(#9598,#9599,#9600,#9608));
#9598 = ORIENTED_EDGE('',*,*,#9578,.T.);
#9599 = ORIENTED_EDGE('',*,*,#9356,.T.);
#9600 = ORIENTED_EDGE('',*,*,#9601,.F.);
#9601 = EDGE_CURVE('',#9602,#9349,#9604,.T.);
#9602 = VERTEX_POINT('',#9603);
#9603 = CARTESIAN_POINT('',(-2.2,-2.5,0.525));
#9604 = LINE('',#9605,#9606);
#9605 = CARTESIAN_POINT('',(-2.2,-2.5,0.525));
#9606 = VECTOR('',#9607,1.);
#9607 = DIRECTION('',(1.,2.22044604925E-16,0.));
#9608 = ORIENTED_EDGE('',*,*,#9609,.F.);
#9609 = EDGE_CURVE('',#9571,#9602,#9610,.T.);
#9610 = B_SPLINE_CURVE_WITH_KNOTS('',1,(#9611,#9612),.UNSPECIFIED.,.F.,
  .F.,(2,2),(0.,1.),.PIECEWISE_BEZIER_KNOTS.);
#9611 = CARTESIAN_POINT('',(-2.125061033199,-2.425061033199,0.1));
#9612 = CARTESIAN_POINT('',(-2.2,-2.5,0.525));
#9613 = B_SPLINE_SURFACE_WITH_KNOTS('',1,1,(
    (#9614,#9615)
    ,(#9616,#9617
    )),.UNSPECIFIED.,.F.,.F.,.F.,(2,2),(2,2),(0.,4.4),(0.,1.),
  .PIECEWISE_BEZIER_KNOTS.);
#9614 = CARTESIAN_POINT('',(-2.125061033199,-2.425061033199,0.1));
#9615 = CARTESIAN_POINT('',(-2.2,-2.5,0.525));
#9616 = CARTESIAN_POINT('',(2.125061033199,-2.425061033199,0.1));
#9617 = CARTESIAN_POINT('',(2.2,-2.5,0.525));
#9618 = ADVANCED_FACE('',(#9619),#9636,.T.);
#9619 = FACE_BOUND('',#9620,.T.);
#9620 = EDGE_LOOP('',(#9621,#9622,#9629,#9635));
#9621 = ORIENTED_EDGE('',*,*,#9585,.T.);
#9622 = ORIENTED_EDGE('',*,*,#9623,.T.);
#9623 = EDGE_CURVE('',#9569,#9624,#9626,.T.);
#9624 = VERTEX_POINT('',#9625);
#9625 = CARTESIAN_POINT('',(-2.2,2.5,0.525));
#9626 = B_SPLINE_CURVE_WITH_KNOTS('',1,(#9627,#9628),.UNSPECIFIED.,.F.,
  .F.,(2,2),(0.,1.),.PIECEWISE_BEZIER_KNOTS.);
#9627 = CARTESIAN_POINT('',(-2.125061033199,2.425061033199,0.1));
#9628 = CARTESIAN_POINT('',(-2.2,2.5,0.525));
#9629 = ORIENTED_EDGE('',*,*,#9630,.F.);
#9630 = EDGE_CURVE('',#9223,#9624,#9631,.T.);
#9631 = LINE('',#9632,#9633);
#9632 = CARTESIAN_POINT('',(2.2,2.5,0.525));
#9633 = VECTOR('',#9634,1.);
#9634 = DIRECTION('',(-1.,-2.22044604925E-16,0.));
#9635 = ORIENTED_EDGE('',*,*,#9222,.F.);
#9636 = B_SPLINE_SURFACE_WITH_KNOTS('',1,1,(
    (#9637,#9638)
    ,(#9639,#9640
    )),.UNSPECIFIED.,.F.,.F.,.F.,(2,2),(2,2),(0.,4.4),(0.,1.),
  .PIECEWISE_BEZIER_KNOTS.);
#9637 = CARTESIAN_POINT('',(2.125061033199,2.425061033199,0.1));
#9638 = CARTESIAN_POINT('',(2.2,2.5,0.525));
#9639 = CARTESIAN_POINT('',(-2.125061033199,2.425061033199,0.1));
#9640 = CARTESIAN_POINT('',(-2.2,2.5,0.525));
#9641 = ADVANCED_FACE('',(#9642),#9666,.T.);
#9642 = FACE_BOUND('',#9643,.T.);
#9643 = EDGE_LOOP('',(#9644,#9651,#9652,#9660));
#9644 = ORIENTED_EDGE('',*,*,#9645,.F.);
#9645 = EDGE_CURVE('',#9349,#9646,#9648,.T.);
#9646 = VERTEX_POINT('',#9647);
#9647 = CARTESIAN_POINT('',(2.2,-2.5,0.675));
#9648 = B_SPLINE_CURVE_WITH_KNOTS('',1,(#9649,#9650),.UNSPECIFIED.,.F.,
  .F.,(2,2),(0.,1.),.PIECEWISE_BEZIER_KNOTS.);
#9649 = CARTESIAN_POINT('',(2.2,-2.5,0.525));
#9650 = CARTESIAN_POINT('',(2.2,-2.5,0.675));
#9651 = ORIENTED_EDGE('',*,*,#9348,.T.);
#9652 = ORIENTED_EDGE('',*,*,#9653,.F.);
#9653 = EDGE_CURVE('',#9654,#9341,#9656,.T.);
#9654 = VERTEX_POINT('',#9655);
#9655 = CARTESIAN_POINT('',(2.2,-2.405,0.675));
#9656 = LINE('',#9657,#9658);
#9657 = CARTESIAN_POINT('',(2.2,-2.405,0.494086109492));
#9658 = VECTOR('',#9659,1.);
#9659 = DIRECTION('',(0.,-0.,-1.));
#9660 = ORIENTED_EDGE('',*,*,#9661,.F.);
#9661 = EDGE_CURVE('',#9646,#9654,#9662,.T.);
#9662 = LINE('',#9663,#9664);
#9663 = CARTESIAN_POINT('',(2.2,-2.5,0.675));
#9664 = VECTOR('',#9665,1.);
#9665 = DIRECTION('',(-2.22044604925E-16,1.,0.));
#9666 = PLANE('',#9667);
#9667 = AXIS2_PLACEMENT_3D('',#9668,#9669,#9670);
#9668 = CARTESIAN_POINT('',(2.2,-2.5,0.675));
#9669 = DIRECTION('',(1.,2.22044604925E-16,0.));
#9670 = DIRECTION('',(-2.22044604925E-16,1.,0.));
#9671 = ADVANCED_FACE('',(#9672),#9697,.F.);
#9672 = FACE_BOUND('',#9673,.F.);
#9673 = EDGE_LOOP('',(#9674,#9682,#9683,#9691));
#9674 = ORIENTED_EDGE('',*,*,#9675,.F.);
#9675 = EDGE_CURVE('',#9333,#9676,#9678,.T.);
#9676 = VERTEX_POINT('',#9677);
#9677 = CARTESIAN_POINT('',(2.4,-2.145,0.525));
#9678 = LINE('',#9679,#9680);
#9679 = CARTESIAN_POINT('',(2.1,-2.145,0.525));
#9680 = VECTOR('',#9681,1.);
#9681 = DIRECTION('',(1.,2.22044604925E-16,0.));
#9682 = ORIENTED_EDGE('',*,*,#9340,.F.);
#9683 = ORIENTED_EDGE('',*,*,#9684,.T.);
#9684 = EDGE_CURVE('',#9341,#9685,#9687,.T.);
#9685 = VERTEX_POINT('',#9686);
#9686 = CARTESIAN_POINT('',(2.4,-2.405,0.525));
#9687 = LINE('',#9688,#9689);
#9688 = CARTESIAN_POINT('',(2.1,-2.405,0.525));
#9689 = VECTOR('',#9690,1.);
#9690 = DIRECTION('',(1.,2.22044604925E-16,0.));
#9691 = ORIENTED_EDGE('',*,*,#9692,.F.);
#9692 = EDGE_CURVE('',#9676,#9685,#9693,.T.);
#9693 = LINE('',#9694,#9695);
#9694 = CARTESIAN_POINT('',(2.4,-2.145,0.525));
#9695 = VECTOR('',#9696,1.);
#9696 = DIRECTION('',(2.22044604925E-16,-1.,0.));
#9697 = PLANE('',#9698);
#9698 = AXIS2_PLACEMENT_3D('',#9699,#9700,#9701);
#9699 = CARTESIAN_POINT('',(2.1,-2.145,0.525));
#9700 = DIRECTION('',(0.,0.,1.));
#9701 = DIRECTION('',(1.,2.22044604925E-16,-0.));
#9702 = ADVANCED_FACE('',(#9703),#9728,.T.);
#9703 = FACE_BOUND('',#9704,.T.);
#9704 = EDGE_LOOP('',(#9705,#9713,#9714,#9722));
#9705 = ORIENTED_EDGE('',*,*,#9706,.T.);
#9706 = EDGE_CURVE('',#9707,#9333,#9709,.T.);
#9707 = VERTEX_POINT('',#9708);
#9708 = CARTESIAN_POINT('',(2.2,-2.145,0.675));
#9709 = LINE('',#9710,#9711);
#9710 = CARTESIAN_POINT('',(2.2,-2.145,0.494086109492));
#9711 = VECTOR('',#9712,1.);
#9712 = DIRECTION('',(0.,-0.,-1.));
#9713 = ORIENTED_EDGE('',*,*,#9332,.T.);
#9714 = ORIENTED_EDGE('',*,*,#9715,.F.);
#9715 = EDGE_CURVE('',#9716,#9325,#9718,.T.);
#9716 = VERTEX_POINT('',#9717);
#9717 = CARTESIAN_POINT('',(2.2,-1.755,0.675));
#9718 = LINE('',#9719,#9720);
#9719 = CARTESIAN_POINT('',(2.2,-1.755,0.494086109492));
#9720 = VECTOR('',#9721,1.);
#9721 = DIRECTION('',(0.,-0.,-1.));
#9722 = ORIENTED_EDGE('',*,*,#9723,.F.);
#9723 = EDGE_CURVE('',#9707,#9716,#9724,.T.);
#9724 = LINE('',#9725,#9726);
#9725 = CARTESIAN_POINT('',(2.2,-2.5,0.675));
#9726 = VECTOR('',#9727,1.);
#9727 = DIRECTION('',(-2.22044604925E-16,1.,0.));
#9728 = PLANE('',#9729);
#9729 = AXIS2_PLACEMENT_3D('',#9730,#9731,#9732);
#9730 = CARTESIAN_POINT('',(2.2,-2.5,0.675));
#9731 = DIRECTION('',(1.,2.22044604925E-16,0.));
#9732 = DIRECTION('',(-2.22044604925E-16,1.,0.));
#9733 = ADVANCED_FACE('',(#9734),#9759,.F.);
#9734 = FACE_BOUND('',#9735,.F.);
#9735 = EDGE_LOOP('',(#9736,#9744,#9745,#9753));
#9736 = ORIENTED_EDGE('',*,*,#9737,.F.);
#9737 = EDGE_CURVE('',#9317,#9738,#9740,.T.);
#9738 = VERTEX_POINT('',#9739);
#9739 = CARTESIAN_POINT('',(2.4,-1.495,0.525));
#9740 = LINE('',#9741,#9742);
#9741 = CARTESIAN_POINT('',(2.1,-1.495,0.525));
#9742 = VECTOR('',#9743,1.);
#9743 = DIRECTION('',(1.,2.22044604925E-16,0.));
#9744 = ORIENTED_EDGE('',*,*,#9324,.F.);
#9745 = ORIENTED_EDGE('',*,*,#9746,.T.);
#9746 = EDGE_CURVE('',#9325,#9747,#9749,.T.);
#9747 = VERTEX_POINT('',#9748);
#9748 = CARTESIAN_POINT('',(2.4,-1.755,0.525));
#9749 = LINE('',#9750,#9751);
#9750 = CARTESIAN_POINT('',(2.1,-1.755,0.525));
#9751 = VECTOR('',#9752,1.);
#9752 = DIRECTION('',(1.,2.22044604925E-16,0.));
#9753 = ORIENTED_EDGE('',*,*,#9754,.F.);
#9754 = EDGE_CURVE('',#9738,#9747,#9755,.T.);
#9755 = LINE('',#9756,#9757);
#9756 = CARTESIAN_POINT('',(2.4,-1.495,0.525));
#9757 = VECTOR('',#9758,1.);
#9758 = DIRECTION('',(2.22044604925E-16,-1.,0.));
#9759 = PLANE('',#9760);
#9760 = AXIS2_PLACEMENT_3D('',#9761,#9762,#9763);
#9761 = CARTESIAN_POINT('',(2.1,-1.495,0.525));
#9762 = DIRECTION('',(0.,0.,1.));
#9763 = DIRECTION('',(1.,2.22044604925E-16,-0.));
#9764 = ADVANCED_FACE('',(#9765),#9790,.F.);
#9765 = FACE_BOUND('',#9766,.F.);
#9766 = EDGE_LOOP('',(#9767,#9775,#9776,#9784));
#9767 = ORIENTED_EDGE('',*,*,#9768,.F.);
#9768 = EDGE_CURVE('',#9237,#9769,#9771,.T.);
#9769 = VERTEX_POINT('',#9770);
#9770 = CARTESIAN_POINT('',(2.4,1.755,0.525));
#9771 = LINE('',#9772,#9773);
#9772 = CARTESIAN_POINT('',(2.1,1.755,0.525));
#9773 = VECTOR('',#9774,1.);
#9774 = DIRECTION('',(1.,2.22044604925E-16,0.));
#9775 = ORIENTED_EDGE('',*,*,#9244,.F.);
#9776 = ORIENTED_EDGE('',*,*,#9777,.T.);
#9777 = EDGE_CURVE('',#9245,#9778,#9780,.T.);
#9778 = VERTEX_POINT('',#9779);
#9779 = CARTESIAN_POINT('',(2.4,1.495,0.525));
#9780 = LINE('',#9781,#9782);
#9781 = CARTESIAN_POINT('',(2.1,1.495,0.525));
#9782 = VECTOR('',#9783,1.);
#9783 = DIRECTION('',(1.,2.22044604925E-16,0.));
#9784 = ORIENTED_EDGE('',*,*,#9785,.F.);
#9785 = EDGE_CURVE('',#9769,#9778,#9786,.T.);
#9786 = LINE('',#9787,#9788);
#9787 = CARTESIAN_POINT('',(2.4,1.755,0.525));
#9788 = VECTOR('',#9789,1.);
#9789 = DIRECTION('',(2.22044604925E-16,-1.,0.));
#9790 = PLANE('',#9791);
#9791 = AXIS2_PLACEMENT_3D('',#9792,#9793,#9794);
#9792 = CARTESIAN_POINT('',(2.1,1.755,0.525));
#9793 = DIRECTION('',(0.,0.,1.));
#9794 = DIRECTION('',(1.,2.22044604925E-16,-0.));
#9795 = ADVANCED_FACE('',(#9796),#9821,.T.);
#9796 = FACE_BOUND('',#9797,.T.);
#9797 = EDGE_LOOP('',(#9798,#9806,#9807,#9815));
#9798 = ORIENTED_EDGE('',*,*,#9799,.T.);
#9799 = EDGE_CURVE('',#9800,#9317,#9802,.T.);
#9800 = VERTEX_POINT('',#9801);
#9801 = CARTESIAN_POINT('',(2.2,-1.495,0.675));
#9802 = LINE('',#9803,#9804);
#9803 = CARTESIAN_POINT('',(2.2,-1.495,0.494086109492));
#9804 = VECTOR('',#9805,1.);
#9805 = DIRECTION('',(0.,-0.,-1.));
#9806 = ORIENTED_EDGE('',*,*,#9316,.T.);
#9807 = ORIENTED_EDGE('',*,*,#9808,.F.);
#9808 = EDGE_CURVE('',#9809,#9309,#9811,.T.);
#9809 = VERTEX_POINT('',#9810);
#9810 = CARTESIAN_POINT('',(2.2,-1.105,0.675));
#9811 = LINE('',#9812,#9813);
#9812 = CARTESIAN_POINT('',(2.2,-1.105,0.494086109492));
#9813 = VECTOR('',#9814,1.);
#9814 = DIRECTION('',(0.,-0.,-1.));
#9815 = ORIENTED_EDGE('',*,*,#9816,.F.);
#9816 = EDGE_CURVE('',#9800,#9809,#9817,.T.);
#9817 = LINE('',#9818,#9819);
#9818 = CARTESIAN_POINT('',(2.2,-2.5,0.675));
#9819 = VECTOR('',#9820,1.);
#9820 = DIRECTION('',(-2.22044604925E-16,1.,0.));
#9821 = PLANE('',#9822);
#9822 = AXIS2_PLACEMENT_3D('',#9823,#9824,#9825);
#9823 = CARTESIAN_POINT('',(2.2,-2.5,0.675));
#9824 = DIRECTION('',(1.,2.22044604925E-16,0.));
#9825 = DIRECTION('',(-2.22044604925E-16,1.,0.));
#9826 = ADVANCED_FACE('',(#9827),#9852,.T.);
#9827 = FACE_BOUND('',#9828,.T.);
#9828 = EDGE_LOOP('',(#9829,#9837,#9838,#9846));
#9829 = ORIENTED_EDGE('',*,*,#9830,.T.);
#9830 = EDGE_CURVE('',#9831,#9253,#9833,.T.);
#9831 = VERTEX_POINT('',#9832);
#9832 = CARTESIAN_POINT('',(2.2,1.105,0.675));
#9833 = LINE('',#9834,#9835);
#9834 = CARTESIAN_POINT('',(2.2,1.105,0.494086109492));
#9835 = VECTOR('',#9836,1.);
#9836 = DIRECTION('',(0.,-0.,-1.));
#9837 = ORIENTED_EDGE('',*,*,#9252,.T.);
#9838 = ORIENTED_EDGE('',*,*,#9839,.F.);
#9839 = EDGE_CURVE('',#9840,#9245,#9842,.T.);
#9840 = VERTEX_POINT('',#9841);
#9841 = CARTESIAN_POINT('',(2.2,1.495,0.675));
#9842 = LINE('',#9843,#9844);
#9843 = CARTESIAN_POINT('',(2.2,1.495,0.494086109492));
#9844 = VECTOR('',#9845,1.);
#9845 = DIRECTION('',(0.,-0.,-1.));
#9846 = ORIENTED_EDGE('',*,*,#9847,.F.);
#9847 = EDGE_CURVE('',#9831,#9840,#9848,.T.);
#9848 = LINE('',#9849,#9850);
#9849 = CARTESIAN_POINT('',(2.2,-2.5,0.675));
#9850 = VECTOR('',#9851,1.);
#9851 = DIRECTION('',(-2.22044604925E-16,1.,0.));
#9852 = PLANE('',#9853);
#9853 = AXIS2_PLACEMENT_3D('',#9854,#9855,#9856);
#9854 = CARTESIAN_POINT('',(2.2,-2.5,0.675));
#9855 = DIRECTION('',(1.,2.22044604925E-16,0.));
#9856 = DIRECTION('',(-2.22044604925E-16,1.,0.));
#9857 = ADVANCED_FACE('',(#9858),#9883,.F.);
#9858 = FACE_BOUND('',#9859,.F.);
#9859 = EDGE_LOOP('',(#9860,#9868,#9869,#9877));
#9860 = ORIENTED_EDGE('',*,*,#9861,.F.);
#9861 = EDGE_CURVE('',#9301,#9862,#9864,.T.);
#9862 = VERTEX_POINT('',#9863);
#9863 = CARTESIAN_POINT('',(2.4,-0.845,0.525));
#9864 = LINE('',#9865,#9866);
#9865 = CARTESIAN_POINT('',(2.1,-0.845,0.525));
#9866 = VECTOR('',#9867,1.);
#9867 = DIRECTION('',(1.,2.22044604925E-16,0.));
#9868 = ORIENTED_EDGE('',*,*,#9308,.F.);
#9869 = ORIENTED_EDGE('',*,*,#9870,.T.);
#9870 = EDGE_CURVE('',#9309,#9871,#9873,.T.);
#9871 = VERTEX_POINT('',#9872);
#9872 = CARTESIAN_POINT('',(2.4,-1.105,0.525));
#9873 = LINE('',#9874,#9875);
#9874 = CARTESIAN_POINT('',(2.1,-1.105,0.525));
#9875 = VECTOR('',#9876,1.);
#9876 = DIRECTION('',(1.,2.22044604925E-16,0.));
#9877 = ORIENTED_EDGE('',*,*,#9878,.F.);
#9878 = EDGE_CURVE('',#9862,#9871,#9879,.T.);
#9879 = LINE('',#9880,#9881);
#9880 = CARTESIAN_POINT('',(2.4,-0.845,0.525));
#9881 = VECTOR('',#9882,1.);
#9882 = DIRECTION('',(2.22044604925E-16,-1.,0.));
#9883 = PLANE('',#9884);
#9884 = AXIS2_PLACEMENT_3D('',#9885,#9886,#9887);
#9885 = CARTESIAN_POINT('',(2.1,-0.845,0.525));
#9886 = DIRECTION('',(0.,0.,1.));
#9887 = DIRECTION('',(1.,2.22044604925E-16,-0.));
#9888 = ADVANCED_FACE('',(#9889),#9914,.F.);
#9889 = FACE_BOUND('',#9890,.F.);
#9890 = EDGE_LOOP('',(#9891,#9899,#9900,#9908));
#9891 = ORIENTED_EDGE('',*,*,#9892,.F.);
#9892 = EDGE_CURVE('',#9253,#9893,#9895,.T.);
#9893 = VERTEX_POINT('',#9894);
#9894 = CARTESIAN_POINT('',(2.4,1.105,0.525));
#9895 = LINE('',#9896,#9897);
#9896 = CARTESIAN_POINT('',(2.1,1.105,0.525));
#9897 = VECTOR('',#9898,1.);
#9898 = DIRECTION('',(1.,2.22044604925E-16,0.));
#9899 = ORIENTED_EDGE('',*,*,#9260,.F.);
#9900 = ORIENTED_EDGE('',*,*,#9901,.T.);
#9901 = EDGE_CURVE('',#9261,#9902,#9904,.T.);
#9902 = VERTEX_POINT('',#9903);
#9903 = CARTESIAN_POINT('',(2.4,0.845,0.525));
#9904 = LINE('',#9905,#9906);
#9905 = CARTESIAN_POINT('',(2.1,0.845,0.525));
#9906 = VECTOR('',#9907,1.);
#9907 = DIRECTION('',(1.,2.22044604925E-16,0.));
#9908 = ORIENTED_EDGE('',*,*,#9909,.F.);
#9909 = EDGE_CURVE('',#9893,#9902,#9910,.T.);
#9910 = LINE('',#9911,#9912);
#9911 = CARTESIAN_POINT('',(2.4,1.105,0.525));
#9912 = VECTOR('',#9913,1.);
#9913 = DIRECTION('',(2.22044604925E-16,-1.,0.));
#9914 = PLANE('',#9915);
#9915 = AXIS2_PLACEMENT_3D('',#9916,#9917,#9918);
#9916 = CARTESIAN_POINT('',(2.1,1.105,0.525));
#9917 = DIRECTION('',(0.,0.,1.));
#9918 = DIRECTION('',(1.,2.22044604925E-16,-0.));
#9919 = ADVANCED_FACE('',(#9920),#9945,.T.);
#9920 = FACE_BOUND('',#9921,.T.);
#9921 = EDGE_LOOP('',(#9922,#9930,#9931,#9939));
#9922 = ORIENTED_EDGE('',*,*,#9923,.T.);
#9923 = EDGE_CURVE('',#9924,#9301,#9926,.T.);
#9924 = VERTEX_POINT('',#9925);
#9925 = CARTESIAN_POINT('',(2.2,-0.845,0.675));
#9926 = LINE('',#9927,#9928);
#9927 = CARTESIAN_POINT('',(2.2,-0.845,0.494086109492));
#9928 = VECTOR('',#9929,1.);
#9929 = DIRECTION('',(0.,-0.,-1.));
#9930 = ORIENTED_EDGE('',*,*,#9300,.T.);
#9931 = ORIENTED_EDGE('',*,*,#9932,.F.);
#9932 = EDGE_CURVE('',#9933,#9293,#9935,.T.);
#9933 = VERTEX_POINT('',#9934);
#9934 = CARTESIAN_POINT('',(2.2,-0.455,0.675));
#9935 = LINE('',#9936,#9937);
#9936 = CARTESIAN_POINT('',(2.2,-0.455,0.494086109492));
#9937 = VECTOR('',#9938,1.);
#9938 = DIRECTION('',(0.,-0.,-1.));
#9939 = ORIENTED_EDGE('',*,*,#9940,.F.);
#9940 = EDGE_CURVE('',#9924,#9933,#9941,.T.);
#9941 = LINE('',#9942,#9943);
#9942 = CARTESIAN_POINT('',(2.2,-2.5,0.675));
#9943 = VECTOR('',#9944,1.);
#9944 = DIRECTION('',(-2.22044604925E-16,1.,0.));
#9945 = PLANE('',#9946);
#9946 = AXIS2_PLACEMENT_3D('',#9947,#9948,#9949);
#9947 = CARTESIAN_POINT('',(2.2,-2.5,0.675));
#9948 = DIRECTION('',(1.,2.22044604925E-16,0.));
#9949 = DIRECTION('',(-2.22044604925E-16,1.,0.));
#9950 = ADVANCED_FACE('',(#9951),#9976,.T.);
#9951 = FACE_BOUND('',#9952,.T.);
#9952 = EDGE_LOOP('',(#9953,#9961,#9962,#9970));
#9953 = ORIENTED_EDGE('',*,*,#9954,.T.);
#9954 = EDGE_CURVE('',#9955,#9269,#9957,.T.);
#9955 = VERTEX_POINT('',#9956);
#9956 = CARTESIAN_POINT('',(2.2,0.455,0.675));
#9957 = LINE('',#9958,#9959);
#9958 = CARTESIAN_POINT('',(2.2,0.455,0.494086109492));
#9959 = VECTOR('',#9960,1.);
#9960 = DIRECTION('',(0.,-0.,-1.));
#9961 = ORIENTED_EDGE('',*,*,#9268,.T.);
#9962 = ORIENTED_EDGE('',*,*,#9963,.F.);
#9963 = EDGE_CURVE('',#9964,#9261,#9966,.T.);
#9964 = VERTEX_POINT('',#9965);
#9965 = CARTESIAN_POINT('',(2.2,0.845,0.675));
#9966 = LINE('',#9967,#9968);
#9967 = CARTESIAN_POINT('',(2.2,0.845,0.494086109492));
#9968 = VECTOR('',#9969,1.);
#9969 = DIRECTION('',(0.,-0.,-1.));
#9970 = ORIENTED_EDGE('',*,*,#9971,.F.);
#9971 = EDGE_CURVE('',#9955,#9964,#9972,.T.);
#9972 = LINE('',#9973,#9974);
#9973 = CARTESIAN_POINT('',(2.2,-2.5,0.675));
#9974 = VECTOR('',#9975,1.);
#9975 = DIRECTION('',(-2.22044604925E-16,1.,0.));
#9976 = PLANE('',#9977);
#9977 = AXIS2_PLACEMENT_3D('',#9978,#9979,#9980);
#9978 = CARTESIAN_POINT('',(2.2,-2.5,0.675));
#9979 = DIRECTION('',(1.,2.22044604925E-16,0.));
#9980 = DIRECTION('',(-2.22044604925E-16,1.,0.));
#9981 = ADVANCED_FACE('',(#9982),#10007,.F.);
#9982 = FACE_BOUND('',#9983,.F.);
#9983 = EDGE_LOOP('',(#9984,#9992,#9993,#10001));
#9984 = ORIENTED_EDGE('',*,*,#9985,.F.);
#9985 = EDGE_CURVE('',#9285,#9986,#9988,.T.);
#9986 = VERTEX_POINT('',#9987);
#9987 = CARTESIAN_POINT('',(2.4,-0.195,0.525));
#9988 = LINE('',#9989,#9990);
#9989 = CARTESIAN_POINT('',(2.1,-0.195,0.525));
#9990 = VECTOR('',#9991,1.);
#9991 = DIRECTION('',(1.,2.22044604925E-16,0.));
#9992 = ORIENTED_EDGE('',*,*,#9292,.F.);
#9993 = ORIENTED_EDGE('',*,*,#9994,.T.);
#9994 = EDGE_CURVE('',#9293,#9995,#9997,.T.);
#9995 = VERTEX_POINT('',#9996);
#9996 = CARTESIAN_POINT('',(2.4,-0.455,0.525));
#9997 = LINE('',#9998,#9999);
#9998 = CARTESIAN_POINT('',(2.1,-0.455,0.525));
#9999 = VECTOR('',#10000,1.);
#10000 = DIRECTION('',(1.,2.22044604925E-16,0.));
#10001 = ORIENTED_EDGE('',*,*,#10002,.F.);
#10002 = EDGE_CURVE('',#9986,#9995,#10003,.T.);
#10003 = LINE('',#10004,#10005);
#10004 = CARTESIAN_POINT('',(2.4,-0.195,0.525));
#10005 = VECTOR('',#10006,1.);
#10006 = DIRECTION('',(2.22044604925E-16,-1.,0.));
#10007 = PLANE('',#10008);
#10008 = AXIS2_PLACEMENT_3D('',#10009,#10010,#10011);
#10009 = CARTESIAN_POINT('',(2.1,-0.195,0.525));
#10010 = DIRECTION('',(0.,0.,1.));
#10011 = DIRECTION('',(1.,2.22044604925E-16,-0.));
#10012 = ADVANCED_FACE('',(#10013),#10038,.F.);
#10013 = FACE_BOUND('',#10014,.F.);
#10014 = EDGE_LOOP('',(#10015,#10023,#10024,#10032));
#10015 = ORIENTED_EDGE('',*,*,#10016,.F.);
#10016 = EDGE_CURVE('',#9269,#10017,#10019,.T.);
#10017 = VERTEX_POINT('',#10018);
#10018 = CARTESIAN_POINT('',(2.4,0.455,0.525));
#10019 = LINE('',#10020,#10021);
#10020 = CARTESIAN_POINT('',(2.1,0.455,0.525));
#10021 = VECTOR('',#10022,1.);
#10022 = DIRECTION('',(1.,2.22044604925E-16,0.));
#10023 = ORIENTED_EDGE('',*,*,#9276,.F.);
#10024 = ORIENTED_EDGE('',*,*,#10025,.T.);
#10025 = EDGE_CURVE('',#9277,#10026,#10028,.T.);
#10026 = VERTEX_POINT('',#10027);
#10027 = CARTESIAN_POINT('',(2.4,0.195,0.525));
#10028 = LINE('',#10029,#10030);
#10029 = CARTESIAN_POINT('',(2.1,0.195,0.525));
#10030 = VECTOR('',#10031,1.);
#10031 = DIRECTION('',(1.,2.22044604925E-16,0.));
#10032 = ORIENTED_EDGE('',*,*,#10033,.F.);
#10033 = EDGE_CURVE('',#10017,#10026,#10034,.T.);
#10034 = LINE('',#10035,#10036);
#10035 = CARTESIAN_POINT('',(2.4,0.455,0.525));
#10036 = VECTOR('',#10037,1.);
#10037 = DIRECTION('',(2.22044604925E-16,-1.,0.));
#10038 = PLANE('',#10039);
#10039 = AXIS2_PLACEMENT_3D('',#10040,#10041,#10042);
#10040 = CARTESIAN_POINT('',(2.1,0.455,0.525));
#10041 = DIRECTION('',(0.,0.,1.));
#10042 = DIRECTION('',(1.,2.22044604925E-16,-0.));
#10043 = ADVANCED_FACE('',(#10044),#10069,.T.);
#10044 = FACE_BOUND('',#10045,.T.);
#10045 = EDGE_LOOP('',(#10046,#10054,#10055,#10063));
#10046 = ORIENTED_EDGE('',*,*,#10047,.T.);
#10047 = EDGE_CURVE('',#10048,#9285,#10050,.T.);
#10048 = VERTEX_POINT('',#10049);
#10049 = CARTESIAN_POINT('',(2.2,-0.195,0.675));
#10050 = LINE('',#10051,#10052);
#10051 = CARTESIAN_POINT('',(2.2,-0.195,0.494086109492));
#10052 = VECTOR('',#10053,1.);
#10053 = DIRECTION('',(0.,-0.,-1.));
#10054 = ORIENTED_EDGE('',*,*,#9284,.T.);
#10055 = ORIENTED_EDGE('',*,*,#10056,.F.);
#10056 = EDGE_CURVE('',#10057,#9277,#10059,.T.);
#10057 = VERTEX_POINT('',#10058);
#10058 = CARTESIAN_POINT('',(2.2,0.195,0.675));
#10059 = LINE('',#10060,#10061);
#10060 = CARTESIAN_POINT('',(2.2,0.195,0.494086109492));
#10061 = VECTOR('',#10062,1.);
#10062 = DIRECTION('',(0.,-0.,-1.));
#10063 = ORIENTED_EDGE('',*,*,#10064,.F.);
#10064 = EDGE_CURVE('',#10048,#10057,#10065,.T.);
#10065 = LINE('',#10066,#10067);
#10066 = CARTESIAN_POINT('',(2.2,-2.5,0.675));
#10067 = VECTOR('',#10068,1.);
#10068 = DIRECTION('',(-2.22044604925E-16,1.,0.));
#10069 = PLANE('',#10070);
#10070 = AXIS2_PLACEMENT_3D('',#10071,#10072,#10073);
#10071 = CARTESIAN_POINT('',(2.2,-2.5,0.675));
#10072 = DIRECTION('',(1.,2.22044604925E-16,0.));
#10073 = DIRECTION('',(-2.22044604925E-16,1.,0.));
#10074 = ADVANCED_FACE('',(#10075),#10092,.T.);
#10075 = FACE_BOUND('',#10076,.T.);
#10076 = EDGE_LOOP('',(#10077,#10078,#10079,#10086));
#10077 = ORIENTED_EDGE('',*,*,#9433,.F.);
#10078 = ORIENTED_EDGE('',*,*,#9395,.T.);
#10079 = ORIENTED_EDGE('',*,*,#10080,.T.);
#10080 = EDGE_CURVE('',#9389,#10081,#10083,.T.);
#10081 = VERTEX_POINT('',#10082);
#10082 = CARTESIAN_POINT('',(2.15,2.45,0.675));
#10083 = B_SPLINE_CURVE_WITH_KNOTS('',1,(#10084,#10085),.UNSPECIFIED.,
  .F.,.F.,(2,2),(0.,1.),.PIECEWISE_BEZIER_KNOTS.);
#10084 = CARTESIAN_POINT('',(2.2,2.5,0.675));
#10085 = CARTESIAN_POINT('',(2.15,2.45,0.675));
#10086 = ORIENTED_EDGE('',*,*,#10087,.F.);
#10087 = EDGE_CURVE('',#9426,#10081,#10088,.T.);
#10088 = LINE('',#10089,#10090);
#10089 = CARTESIAN_POINT('',(2.15,-2.45,0.675));
#10090 = VECTOR('',#10091,1.);
#10091 = DIRECTION('',(-2.22044604925E-16,1.,0.));
#10092 = B_SPLINE_SURFACE_WITH_KNOTS('',1,1,(
    (#10093,#10094)
    ,(#10095,#10096
    )),.UNSPECIFIED.,.F.,.F.,.F.,(2,2),(2,2),(0.,5.),(0.,1.),
  .PIECEWISE_BEZIER_KNOTS.);
#10093 = CARTESIAN_POINT('',(2.2,-2.5,0.675));
#10094 = CARTESIAN_POINT('',(2.15,-2.45,0.675));
#10095 = CARTESIAN_POINT('',(2.2,2.5,0.675));
#10096 = CARTESIAN_POINT('',(2.15,2.45,0.675));
#10097 = ADVANCED_FACE('',(#10098),#10115,.T.);
#10098 = FACE_BOUND('',#10099,.T.);
#10099 = EDGE_LOOP('',(#10100,#10101,#10108,#10114));
#10100 = ORIENTED_EDGE('',*,*,#9630,.T.);
#10101 = ORIENTED_EDGE('',*,*,#10102,.T.);
#10102 = EDGE_CURVE('',#9624,#10103,#10105,.T.);
#10103 = VERTEX_POINT('',#10104);
#10104 = CARTESIAN_POINT('',(-2.2,2.5,0.675));
#10105 = B_SPLINE_CURVE_WITH_KNOTS('',1,(#10106,#10107),.UNSPECIFIED.,
  .F.,.F.,(2,2),(0.,1.),.PIECEWISE_BEZIER_KNOTS.);
#10106 = CARTESIAN_POINT('',(-2.2,2.5,0.525));
#10107 = CARTESIAN_POINT('',(-2.2,2.5,0.675));
#10108 = ORIENTED_EDGE('',*,*,#10109,.F.);
#10109 = EDGE_CURVE('',#9389,#10103,#10110,.T.);
#10110 = LINE('',#10111,#10112);
#10111 = CARTESIAN_POINT('',(2.2,2.5,0.675));
#10112 = VECTOR('',#10113,1.);
#10113 = DIRECTION('',(-1.,-2.22044604925E-16,0.));
#10114 = ORIENTED_EDGE('',*,*,#9388,.F.);
#10115 = PLANE('',#10116);
#10116 = AXIS2_PLACEMENT_3D('',#10117,#10118,#10119);
#10117 = CARTESIAN_POINT('',(2.2,2.5,0.675));
#10118 = DIRECTION('',(-2.22044604925E-16,1.,0.));
#10119 = DIRECTION('',(-1.,-2.22044604925E-16,0.));
#10120 = ADVANCED_FACE('',(#10121),#10265,.T.);
#10121 = FACE_BOUND('',#10122,.T.);
#10122 = EDGE_LOOP('',(#10123,#10133,#10141,#10149,#10157,#10165,#10173,
    #10181,#10189,#10197,#10205,#10213,#10221,#10229,#10237,#10243,
    #10244,#10245,#10252,#10260));
#10123 = ORIENTED_EDGE('',*,*,#10124,.T.);
#10124 = EDGE_CURVE('',#10125,#10127,#10129,.T.);
#10125 = VERTEX_POINT('',#10126);
#10126 = CARTESIAN_POINT('',(2.15,-2.45,0.675));
#10127 = VERTEX_POINT('',#10128);
#10128 = CARTESIAN_POINT('',(2.15,-2.405,0.675));
#10129 = LINE('',#10130,#10131);
#10130 = CARTESIAN_POINT('',(2.15,-2.45,0.675));
#10131 = VECTOR('',#10132,1.);
#10132 = DIRECTION('',(-2.22044604925E-16,1.,0.));
#10133 = ORIENTED_EDGE('',*,*,#10134,.T.);
#10134 = EDGE_CURVE('',#10127,#10135,#10137,.T.);
#10135 = VERTEX_POINT('',#10136);
#10136 = CARTESIAN_POINT('',(2.15,-2.145,0.675));
#10137 = LINE('',#10138,#10139);
#10138 = CARTESIAN_POINT('',(2.15,-2.45,0.675));
#10139 = VECTOR('',#10140,1.);
#10140 = DIRECTION('',(-2.22044604925E-16,1.,0.));
#10141 = ORIENTED_EDGE('',*,*,#10142,.T.);
#10142 = EDGE_CURVE('',#10135,#10143,#10145,.T.);
#10143 = VERTEX_POINT('',#10144);
#10144 = CARTESIAN_POINT('',(2.15,-1.755,0.675));
#10145 = LINE('',#10146,#10147);
#10146 = CARTESIAN_POINT('',(2.15,-2.45,0.675));
#10147 = VECTOR('',#10148,1.);
#10148 = DIRECTION('',(-2.22044604925E-16,1.,0.));
#10149 = ORIENTED_EDGE('',*,*,#10150,.T.);
#10150 = EDGE_CURVE('',#10143,#10151,#10153,.T.);
#10151 = VERTEX_POINT('',#10152);
#10152 = CARTESIAN_POINT('',(2.15,-1.495,0.675));
#10153 = LINE('',#10154,#10155);
#10154 = CARTESIAN_POINT('',(2.15,-2.45,0.675));
#10155 = VECTOR('',#10156,1.);
#10156 = DIRECTION('',(-2.22044604925E-16,1.,0.));
#10157 = ORIENTED_EDGE('',*,*,#10158,.T.);
#10158 = EDGE_CURVE('',#10151,#10159,#10161,.T.);
#10159 = VERTEX_POINT('',#10160);
#10160 = CARTESIAN_POINT('',(2.15,-1.105,0.675));
#10161 = LINE('',#10162,#10163);
#10162 = CARTESIAN_POINT('',(2.15,-2.45,0.675));
#10163 = VECTOR('',#10164,1.);
#10164 = DIRECTION('',(-2.22044604925E-16,1.,0.));
#10165 = ORIENTED_EDGE('',*,*,#10166,.T.);
#10166 = EDGE_CURVE('',#10159,#10167,#10169,.T.);
#10167 = VERTEX_POINT('',#10168);
#10168 = CARTESIAN_POINT('',(2.15,-0.845,0.675));
#10169 = LINE('',#10170,#10171);
#10170 = CARTESIAN_POINT('',(2.15,-2.45,0.675));
#10171 = VECTOR('',#10172,1.);
#10172 = DIRECTION('',(-2.22044604925E-16,1.,0.));
#10173 = ORIENTED_EDGE('',*,*,#10174,.T.);
#10174 = EDGE_CURVE('',#10167,#10175,#10177,.T.);
#10175 = VERTEX_POINT('',#10176);
#10176 = CARTESIAN_POINT('',(2.15,-0.455,0.675));
#10177 = LINE('',#10178,#10179);
#10178 = CARTESIAN_POINT('',(2.15,-2.45,0.675));
#10179 = VECTOR('',#10180,1.);
#10180 = DIRECTION('',(-2.22044604925E-16,1.,0.));
#10181 = ORIENTED_EDGE('',*,*,#10182,.T.);
#10182 = EDGE_CURVE('',#10175,#10183,#10185,.T.);
#10183 = VERTEX_POINT('',#10184);
#10184 = CARTESIAN_POINT('',(2.15,-0.195,0.675));
#10185 = LINE('',#10186,#10187);
#10186 = CARTESIAN_POINT('',(2.15,-2.45,0.675));
#10187 = VECTOR('',#10188,1.);
#10188 = DIRECTION('',(-2.22044604925E-16,1.,0.));
#10189 = ORIENTED_EDGE('',*,*,#10190,.T.);
#10190 = EDGE_CURVE('',#10183,#10191,#10193,.T.);
#10191 = VERTEX_POINT('',#10192);
#10192 = CARTESIAN_POINT('',(2.15,0.195,0.675));
#10193 = LINE('',#10194,#10195);
#10194 = CARTESIAN_POINT('',(2.15,-2.45,0.675));
#10195 = VECTOR('',#10196,1.);
#10196 = DIRECTION('',(-2.22044604925E-16,1.,0.));
#10197 = ORIENTED_EDGE('',*,*,#10198,.T.);
#10198 = EDGE_CURVE('',#10191,#10199,#10201,.T.);
#10199 = VERTEX_POINT('',#10200);
#10200 = CARTESIAN_POINT('',(2.15,0.455,0.675));
#10201 = LINE('',#10202,#10203);
#10202 = CARTESIAN_POINT('',(2.15,-2.45,0.675));
#10203 = VECTOR('',#10204,1.);
#10204 = DIRECTION('',(-2.22044604925E-16,1.,0.));
#10205 = ORIENTED_EDGE('',*,*,#10206,.T.);
#10206 = EDGE_CURVE('',#10199,#10207,#10209,.T.);
#10207 = VERTEX_POINT('',#10208);
#10208 = CARTESIAN_POINT('',(2.15,0.845,0.675));
#10209 = LINE('',#10210,#10211);
#10210 = CARTESIAN_POINT('',(2.15,-2.45,0.675));
#10211 = VECTOR('',#10212,1.);
#10212 = DIRECTION('',(-2.22044604925E-16,1.,0.));
#10213 = ORIENTED_EDGE('',*,*,#10214,.T.);
#10214 = EDGE_CURVE('',#10207,#10215,#10217,.T.);
#10215 = VERTEX_POINT('',#10216);
#10216 = CARTESIAN_POINT('',(2.15,1.105,0.675));
#10217 = LINE('',#10218,#10219);
#10218 = CARTESIAN_POINT('',(2.15,-2.45,0.675));
#10219 = VECTOR('',#10220,1.);
#10220 = DIRECTION('',(-2.22044604925E-16,1.,0.));
#10221 = ORIENTED_EDGE('',*,*,#10222,.T.);
#10222 = EDGE_CURVE('',#10215,#10223,#10225,.T.);
#10223 = VERTEX_POINT('',#10224);
#10224 = CARTESIAN_POINT('',(2.15,1.495,0.675));
#10225 = LINE('',#10226,#10227);
#10226 = CARTESIAN_POINT('',(2.15,-2.45,0.675));
#10227 = VECTOR('',#10228,1.);
#10228 = DIRECTION('',(-2.22044604925E-16,1.,0.));
#10229 = ORIENTED_EDGE('',*,*,#10230,.T.);
#10230 = EDGE_CURVE('',#10223,#10231,#10233,.T.);
#10231 = VERTEX_POINT('',#10232);
#10232 = CARTESIAN_POINT('',(2.15,1.755,0.675));
#10233 = LINE('',#10234,#10235);
#10234 = CARTESIAN_POINT('',(2.15,-2.45,0.675));
#10235 = VECTOR('',#10236,1.);
#10236 = DIRECTION('',(-2.22044604925E-16,1.,0.));
#10237 = ORIENTED_EDGE('',*,*,#10238,.T.);
#10238 = EDGE_CURVE('',#10231,#9418,#10239,.T.);
#10239 = LINE('',#10240,#10241);
#10240 = CARTESIAN_POINT('',(2.15,-2.45,0.675));
#10241 = VECTOR('',#10242,1.);
#10242 = DIRECTION('',(-2.22044604925E-16,1.,0.));
#10243 = ORIENTED_EDGE('',*,*,#9425,.T.);
#10244 = ORIENTED_EDGE('',*,*,#10087,.T.);
#10245 = ORIENTED_EDGE('',*,*,#10246,.T.);
#10246 = EDGE_CURVE('',#10081,#10247,#10249,.T.);
#10247 = VERTEX_POINT('',#10248);
#10248 = CARTESIAN_POINT('',(2.075061033199,2.375061033199,1.1));
#10249 = B_SPLINE_CURVE_WITH_KNOTS('',1,(#10250,#10251),.UNSPECIFIED.,
  .F.,.F.,(2,2),(0.,1.),.PIECEWISE_BEZIER_KNOTS.);
#10250 = CARTESIAN_POINT('',(2.15,2.45,0.675));
#10251 = CARTESIAN_POINT('',(2.075061033199,2.375061033199,1.1));
#10252 = ORIENTED_EDGE('',*,*,#10253,.F.);
#10253 = EDGE_CURVE('',#10254,#10247,#10256,.T.);
#10254 = VERTEX_POINT('',#10255);
#10255 = CARTESIAN_POINT('',(2.075061033199,-2.375061033199,1.1));
#10256 = LINE('',#10257,#10258);
#10257 = CARTESIAN_POINT('',(2.075061033199,-2.375061033199,1.1));
#10258 = VECTOR('',#10259,1.);
#10259 = DIRECTION('',(-2.22044604925E-16,1.,0.));
#10260 = ORIENTED_EDGE('',*,*,#10261,.F.);
#10261 = EDGE_CURVE('',#10125,#10254,#10262,.T.);
#10262 = B_SPLINE_CURVE_WITH_KNOTS('',1,(#10263,#10264),.UNSPECIFIED.,
  .F.,.F.,(2,2),(0.,1.),.PIECEWISE_BEZIER_KNOTS.);
#10263 = CARTESIAN_POINT('',(2.15,-2.45,0.675));
#10264 = CARTESIAN_POINT('',(2.075061033199,-2.375061033199,1.1));
#10265 = B_SPLINE_SURFACE_WITH_KNOTS('',1,1,(
    (#10266,#10267)
    ,(#10268,#10269
    )),.UNSPECIFIED.,.F.,.F.,.F.,(2,2),(2,2),(0.,4.9),(0.,1.),
  .PIECEWISE_BEZIER_KNOTS.);
#10266 = CARTESIAN_POINT('',(2.15,-2.45,0.675));
#10267 = CARTESIAN_POINT('',(2.075061033199,-2.375061033199,1.1));
#10268 = CARTESIAN_POINT('',(2.15,2.45,0.675));
#10269 = CARTESIAN_POINT('',(2.075061033199,2.375061033199,1.1));
#10270 = ADVANCED_FACE('',(#10271),#10282,.T.);
#10271 = FACE_BOUND('',#10272,.T.);
#10272 = EDGE_LOOP('',(#10273,#10279,#10280,#10281));
#10273 = ORIENTED_EDGE('',*,*,#10274,.F.);
#10274 = EDGE_CURVE('',#9545,#10231,#10275,.T.);
#10275 = LINE('',#10276,#10277);
#10276 = CARTESIAN_POINT('',(2.4,1.755,0.675));
#10277 = VECTOR('',#10278,1.);
#10278 = DIRECTION('',(-1.,-2.22044604925E-16,0.));
#10279 = ORIENTED_EDGE('',*,*,#9554,.T.);
#10280 = ORIENTED_EDGE('',*,*,#9417,.T.);
#10281 = ORIENTED_EDGE('',*,*,#10238,.F.);
#10282 = B_SPLINE_SURFACE_WITH_KNOTS('',1,1,(
    (#10283,#10284)
    ,(#10285,#10286
    )),.UNSPECIFIED.,.F.,.F.,.F.,(2,2),(2,2),(0.,5.),(0.,1.),
  .PIECEWISE_BEZIER_KNOTS.);
#10283 = CARTESIAN_POINT('',(2.2,-2.5,0.675));
#10284 = CARTESIAN_POINT('',(2.15,-2.45,0.675));
#10285 = CARTESIAN_POINT('',(2.2,2.5,0.675));
#10286 = CARTESIAN_POINT('',(2.15,2.45,0.675));
#10287 = ADVANCED_FACE('',(#10288),#10374,.F.);
#10288 = FACE_BOUND('',#10289,.F.);
#10289 = EDGE_LOOP('',(#10290,#10291,#10292,#10301,#10309,#10318,#10326,
    #10334,#10342,#10351,#10359,#10368));
#10290 = ORIENTED_EDGE('',*,*,#9544,.T.);
#10291 = ORIENTED_EDGE('',*,*,#9768,.T.);
#10292 = ORIENTED_EDGE('',*,*,#10293,.T.);
#10293 = EDGE_CURVE('',#9769,#10294,#10296,.T.);
#10294 = VERTEX_POINT('',#10295);
#10295 = CARTESIAN_POINT('',(2.5,1.755,0.425));
#10296 = CIRCLE('',#10297,0.1);
#10297 = AXIS2_PLACEMENT_3D('',#10298,#10299,#10300);
#10298 = CARTESIAN_POINT('',(2.4,1.755,0.425));
#10299 = DIRECTION('',(-2.22044604925E-16,1.,0.));
#10300 = DIRECTION('',(0.,0.,1.));
#10301 = ORIENTED_EDGE('',*,*,#10302,.T.);
#10302 = EDGE_CURVE('',#10294,#10303,#10305,.T.);
#10303 = VERTEX_POINT('',#10304);
#10304 = CARTESIAN_POINT('',(2.5,1.755,0.25));
#10305 = LINE('',#10306,#10307);
#10306 = CARTESIAN_POINT('',(2.5,1.755,0.425));
#10307 = VECTOR('',#10308,1.);
#10308 = DIRECTION('',(0.,0.,-1.));
#10309 = ORIENTED_EDGE('',*,*,#10310,.T.);
#10310 = EDGE_CURVE('',#10303,#10311,#10313,.T.);
#10311 = VERTEX_POINT('',#10312);
#10312 = CARTESIAN_POINT('',(2.75,1.755,1.110223024625E-16));
#10313 = CIRCLE('',#10314,0.25);
#10314 = AXIS2_PLACEMENT_3D('',#10315,#10316,#10317);
#10315 = CARTESIAN_POINT('',(2.75,1.755,0.25));
#10316 = DIRECTION('',(2.22044604925E-16,-1.,0.));
#10317 = DIRECTION('',(-1.,-2.22044604925E-16,-2.442490654175E-15));
#10318 = ORIENTED_EDGE('',*,*,#10319,.T.);
#10319 = EDGE_CURVE('',#10311,#10320,#10322,.T.);
#10320 = VERTEX_POINT('',#10321);
#10321 = CARTESIAN_POINT('',(3.2,1.755,1.110223024625E-16));
#10322 = LINE('',#10323,#10324);
#10323 = CARTESIAN_POINT('',(2.75,1.755,1.110223024625E-16));
#10324 = VECTOR('',#10325,1.);
#10325 = DIRECTION('',(1.,2.22044604925E-16,0.));
#10326 = ORIENTED_EDGE('',*,*,#10327,.T.);
#10327 = EDGE_CURVE('',#10320,#10328,#10330,.T.);
#10328 = VERTEX_POINT('',#10329);
#10329 = CARTESIAN_POINT('',(3.2,1.755,0.15));
#10330 = LINE('',#10331,#10332);
#10331 = CARTESIAN_POINT('',(3.2,1.755,1.110223024625E-16));
#10332 = VECTOR('',#10333,1.);
#10333 = DIRECTION('',(0.,0.,1.));
#10334 = ORIENTED_EDGE('',*,*,#10335,.T.);
#10335 = EDGE_CURVE('',#10328,#10336,#10338,.T.);
#10336 = VERTEX_POINT('',#10337);
#10337 = CARTESIAN_POINT('',(2.75,1.755,0.15));
#10338 = LINE('',#10339,#10340);
#10339 = CARTESIAN_POINT('',(3.2,1.755,0.15));
#10340 = VECTOR('',#10341,1.);
#10341 = DIRECTION('',(-1.,-2.22044604925E-16,0.));
#10342 = ORIENTED_EDGE('',*,*,#10343,.T.);
#10343 = EDGE_CURVE('',#10336,#10344,#10346,.T.);
#10344 = VERTEX_POINT('',#10345);
#10345 = CARTESIAN_POINT('',(2.65,1.755,0.25));
#10346 = CIRCLE('',#10347,0.1);
#10347 = AXIS2_PLACEMENT_3D('',#10348,#10349,#10350);
#10348 = CARTESIAN_POINT('',(2.75,1.755,0.25));
#10349 = DIRECTION('',(-2.22044604925E-16,1.,0.));
#10350 = DIRECTION('',(0.,0.,-1.));
#10351 = ORIENTED_EDGE('',*,*,#10352,.T.);
#10352 = EDGE_CURVE('',#10344,#10353,#10355,.T.);
#10353 = VERTEX_POINT('',#10354);
#10354 = CARTESIAN_POINT('',(2.65,1.755,0.425));
#10355 = LINE('',#10356,#10357);
#10356 = CARTESIAN_POINT('',(2.65,1.755,0.25));
#10357 = VECTOR('',#10358,1.);
#10358 = DIRECTION('',(0.,0.,1.));
#10359 = ORIENTED_EDGE('',*,*,#10360,.T.);
#10360 = EDGE_CURVE('',#10353,#10361,#10363,.T.);
#10361 = VERTEX_POINT('',#10362);
#10362 = CARTESIAN_POINT('',(2.4,1.755,0.675));
#10363 = CIRCLE('',#10364,0.25);
#10364 = AXIS2_PLACEMENT_3D('',#10365,#10366,#10367);
#10365 = CARTESIAN_POINT('',(2.4,1.755,0.425));
#10366 = DIRECTION('',(2.22044604925E-16,-1.,0.));
#10367 = DIRECTION('',(1.,2.22044604925E-16,2.22044604925E-15));
#10368 = ORIENTED_EDGE('',*,*,#10369,.T.);
#10369 = EDGE_CURVE('',#10361,#9545,#10370,.T.);
#10370 = LINE('',#10371,#10372);
#10371 = CARTESIAN_POINT('',(2.4,1.755,0.675));
#10372 = VECTOR('',#10373,1.);
#10373 = DIRECTION('',(-1.,-2.22044604925E-16,0.));
#10374 = PLANE('',#10375);
#10375 = AXIS2_PLACEMENT_3D('',#10376,#10377,#10378);
#10376 = CARTESIAN_POINT('',(2.632923288131,1.755,0.313172218985));
#10377 = DIRECTION('',(2.22044604925E-16,-1.,0.));
#10378 = DIRECTION('',(0.,0.,1.));
#10379 = ADVANCED_FACE('',(#10380),#10519,.T.);
#10380 = FACE_BOUND('',#10381,.T.);
#10381 = EDGE_LOOP('',(#10382,#10383,#10384,#10392,#10400,#10408,#10416,
    #10424,#10432,#10440,#10448,#10456,#10464,#10472,#10480,#10488,
    #10496,#10504,#10512,#10518));
#10382 = ORIENTED_EDGE('',*,*,#9568,.T.);
#10383 = ORIENTED_EDGE('',*,*,#9609,.T.);
#10384 = ORIENTED_EDGE('',*,*,#10385,.F.);
#10385 = EDGE_CURVE('',#10386,#9602,#10388,.T.);
#10386 = VERTEX_POINT('',#10387);
#10387 = CARTESIAN_POINT('',(-2.2,-2.405,0.525));
#10388 = LINE('',#10389,#10390);
#10389 = CARTESIAN_POINT('',(-2.2,2.5,0.525));
#10390 = VECTOR('',#10391,1.);
#10391 = DIRECTION('',(2.22044604925E-16,-1.,0.));
#10392 = ORIENTED_EDGE('',*,*,#10393,.F.);
#10393 = EDGE_CURVE('',#10394,#10386,#10396,.T.);
#10394 = VERTEX_POINT('',#10395);
#10395 = CARTESIAN_POINT('',(-2.2,-2.145,0.525));
#10396 = LINE('',#10397,#10398);
#10397 = CARTESIAN_POINT('',(-2.2,2.5,0.525));
#10398 = VECTOR('',#10399,1.);
#10399 = DIRECTION('',(2.22044604925E-16,-1.,0.));
#10400 = ORIENTED_EDGE('',*,*,#10401,.F.);
#10401 = EDGE_CURVE('',#10402,#10394,#10404,.T.);
#10402 = VERTEX_POINT('',#10403);
#10403 = CARTESIAN_POINT('',(-2.2,-1.755,0.525));
#10404 = LINE('',#10405,#10406);
#10405 = CARTESIAN_POINT('',(-2.2,2.5,0.525));
#10406 = VECTOR('',#10407,1.);
#10407 = DIRECTION('',(2.22044604925E-16,-1.,0.));
#10408 = ORIENTED_EDGE('',*,*,#10409,.F.);
#10409 = EDGE_CURVE('',#10410,#10402,#10412,.T.);
#10410 = VERTEX_POINT('',#10411);
#10411 = CARTESIAN_POINT('',(-2.2,-1.495,0.525));
#10412 = LINE('',#10413,#10414);
#10413 = CARTESIAN_POINT('',(-2.2,2.5,0.525));
#10414 = VECTOR('',#10415,1.);
#10415 = DIRECTION('',(2.22044604925E-16,-1.,0.));
#10416 = ORIENTED_EDGE('',*,*,#10417,.F.);
#10417 = EDGE_CURVE('',#10418,#10410,#10420,.T.);
#10418 = VERTEX_POINT('',#10419);
#10419 = CARTESIAN_POINT('',(-2.2,-1.105,0.525));
#10420 = LINE('',#10421,#10422);
#10421 = CARTESIAN_POINT('',(-2.2,2.5,0.525));
#10422 = VECTOR('',#10423,1.);
#10423 = DIRECTION('',(2.22044604925E-16,-1.,0.));
#10424 = ORIENTED_EDGE('',*,*,#10425,.F.);
#10425 = EDGE_CURVE('',#10426,#10418,#10428,.T.);
#10426 = VERTEX_POINT('',#10427);
#10427 = CARTESIAN_POINT('',(-2.2,-0.845,0.525));
#10428 = LINE('',#10429,#10430);
#10429 = CARTESIAN_POINT('',(-2.2,2.5,0.525));
#10430 = VECTOR('',#10431,1.);
#10431 = DIRECTION('',(2.22044604925E-16,-1.,0.));
#10432 = ORIENTED_EDGE('',*,*,#10433,.F.);
#10433 = EDGE_CURVE('',#10434,#10426,#10436,.T.);
#10434 = VERTEX_POINT('',#10435);
#10435 = CARTESIAN_POINT('',(-2.2,-0.455,0.525));
#10436 = LINE('',#10437,#10438);
#10437 = CARTESIAN_POINT('',(-2.2,2.5,0.525));
#10438 = VECTOR('',#10439,1.);
#10439 = DIRECTION('',(2.22044604925E-16,-1.,0.));
#10440 = ORIENTED_EDGE('',*,*,#10441,.F.);
#10441 = EDGE_CURVE('',#10442,#10434,#10444,.T.);
#10442 = VERTEX_POINT('',#10443);
#10443 = CARTESIAN_POINT('',(-2.2,-0.195,0.525));
#10444 = LINE('',#10445,#10446);
#10445 = CARTESIAN_POINT('',(-2.2,2.5,0.525));
#10446 = VECTOR('',#10447,1.);
#10447 = DIRECTION('',(2.22044604925E-16,-1.,0.));
#10448 = ORIENTED_EDGE('',*,*,#10449,.F.);
#10449 = EDGE_CURVE('',#10450,#10442,#10452,.T.);
#10450 = VERTEX_POINT('',#10451);
#10451 = CARTESIAN_POINT('',(-2.2,0.195,0.525));
#10452 = LINE('',#10453,#10454);
#10453 = CARTESIAN_POINT('',(-2.2,2.5,0.525));
#10454 = VECTOR('',#10455,1.);
#10455 = DIRECTION('',(2.22044604925E-16,-1.,0.));
#10456 = ORIENTED_EDGE('',*,*,#10457,.F.);
#10457 = EDGE_CURVE('',#10458,#10450,#10460,.T.);
#10458 = VERTEX_POINT('',#10459);
#10459 = CARTESIAN_POINT('',(-2.2,0.455,0.525));
#10460 = LINE('',#10461,#10462);
#10461 = CARTESIAN_POINT('',(-2.2,2.5,0.525));
#10462 = VECTOR('',#10463,1.);
#10463 = DIRECTION('',(2.22044604925E-16,-1.,0.));
#10464 = ORIENTED_EDGE('',*,*,#10465,.F.);
#10465 = EDGE_CURVE('',#10466,#10458,#10468,.T.);
#10466 = VERTEX_POINT('',#10467);
#10467 = CARTESIAN_POINT('',(-2.2,0.845,0.525));
#10468 = LINE('',#10469,#10470);
#10469 = CARTESIAN_POINT('',(-2.2,2.5,0.525));
#10470 = VECTOR('',#10471,1.);
#10471 = DIRECTION('',(2.22044604925E-16,-1.,0.));
#10472 = ORIENTED_EDGE('',*,*,#10473,.F.);
#10473 = EDGE_CURVE('',#10474,#10466,#10476,.T.);
#10474 = VERTEX_POINT('',#10475);
#10475 = CARTESIAN_POINT('',(-2.2,1.105,0.525));
#10476 = LINE('',#10477,#10478);
#10477 = CARTESIAN_POINT('',(-2.2,2.5,0.525));
#10478 = VECTOR('',#10479,1.);
#10479 = DIRECTION('',(2.22044604925E-16,-1.,0.));
#10480 = ORIENTED_EDGE('',*,*,#10481,.F.);
#10481 = EDGE_CURVE('',#10482,#10474,#10484,.T.);
#10482 = VERTEX_POINT('',#10483);
#10483 = CARTESIAN_POINT('',(-2.2,1.495,0.525));
#10484 = LINE('',#10485,#10486);
#10485 = CARTESIAN_POINT('',(-2.2,2.5,0.525));
#10486 = VECTOR('',#10487,1.);
#10487 = DIRECTION('',(2.22044604925E-16,-1.,0.));
#10488 = ORIENTED_EDGE('',*,*,#10489,.F.);
#10489 = EDGE_CURVE('',#10490,#10482,#10492,.T.);
#10490 = VERTEX_POINT('',#10491);
#10491 = CARTESIAN_POINT('',(-2.2,1.755,0.525));
#10492 = LINE('',#10493,#10494);
#10493 = CARTESIAN_POINT('',(-2.2,2.5,0.525));
#10494 = VECTOR('',#10495,1.);
#10495 = DIRECTION('',(2.22044604925E-16,-1.,0.));
#10496 = ORIENTED_EDGE('',*,*,#10497,.F.);
#10497 = EDGE_CURVE('',#10498,#10490,#10500,.T.);
#10498 = VERTEX_POINT('',#10499);
#10499 = CARTESIAN_POINT('',(-2.2,2.145,0.525));
#10500 = LINE('',#10501,#10502);
#10501 = CARTESIAN_POINT('',(-2.2,2.5,0.525));
#10502 = VECTOR('',#10503,1.);
#10503 = DIRECTION('',(2.22044604925E-16,-1.,0.));
#10504 = ORIENTED_EDGE('',*,*,#10505,.F.);
#10505 = EDGE_CURVE('',#10506,#10498,#10508,.T.);
#10506 = VERTEX_POINT('',#10507);
#10507 = CARTESIAN_POINT('',(-2.2,2.405,0.525));
#10508 = LINE('',#10509,#10510);
#10509 = CARTESIAN_POINT('',(-2.2,2.5,0.525));
#10510 = VECTOR('',#10511,1.);
#10511 = DIRECTION('',(2.22044604925E-16,-1.,0.));
#10512 = ORIENTED_EDGE('',*,*,#10513,.F.);
#10513 = EDGE_CURVE('',#9624,#10506,#10514,.T.);
#10514 = LINE('',#10515,#10516);
#10515 = CARTESIAN_POINT('',(-2.2,2.5,0.525));
#10516 = VECTOR('',#10517,1.);
#10517 = DIRECTION('',(2.22044604925E-16,-1.,0.));
#10518 = ORIENTED_EDGE('',*,*,#9623,.F.);
#10519 = B_SPLINE_SURFACE_WITH_KNOTS('',1,1,(
    (#10520,#10521)
    ,(#10522,#10523
    )),.UNSPECIFIED.,.F.,.F.,.F.,(2,2),(2,2),(0.,5.),(0.,1.),
  .PIECEWISE_BEZIER_KNOTS.);
#10520 = CARTESIAN_POINT('',(-2.125061033199,2.425061033199,0.1));
#10521 = CARTESIAN_POINT('',(-2.2,2.5,0.525));
#10522 = CARTESIAN_POINT('',(-2.125061033199,-2.425061033199,0.1));
#10523 = CARTESIAN_POINT('',(-2.2,-2.5,0.525));
#10524 = ADVANCED_FACE('',(#10525),#10542,.T.);
#10525 = FACE_BOUND('',#10526,.T.);
#10526 = EDGE_LOOP('',(#10527,#10528,#10529,#10537));
#10527 = ORIENTED_EDGE('',*,*,#9601,.T.);
#10528 = ORIENTED_EDGE('',*,*,#9645,.T.);
#10529 = ORIENTED_EDGE('',*,*,#10530,.F.);
#10530 = EDGE_CURVE('',#10531,#9646,#10533,.T.);
#10531 = VERTEX_POINT('',#10532);
#10532 = CARTESIAN_POINT('',(-2.2,-2.5,0.675));
#10533 = LINE('',#10534,#10535);
#10534 = CARTESIAN_POINT('',(-2.2,-2.5,0.675));
#10535 = VECTOR('',#10536,1.);
#10536 = DIRECTION('',(1.,2.22044604925E-16,0.));
#10537 = ORIENTED_EDGE('',*,*,#10538,.F.);
#10538 = EDGE_CURVE('',#9602,#10531,#10539,.T.);
#10539 = B_SPLINE_CURVE_WITH_KNOTS('',1,(#10540,#10541),.UNSPECIFIED.,
  .F.,.F.,(2,2),(0.,1.),.PIECEWISE_BEZIER_KNOTS.);
#10540 = CARTESIAN_POINT('',(-2.2,-2.5,0.525));
#10541 = CARTESIAN_POINT('',(-2.2,-2.5,0.675));
#10542 = PLANE('',#10543);
#10543 = AXIS2_PLACEMENT_3D('',#10544,#10545,#10546);
#10544 = CARTESIAN_POINT('',(-2.2,-2.5,0.675));
#10545 = DIRECTION('',(2.22044604925E-16,-1.,0.));
#10546 = DIRECTION('',(1.,2.22044604925E-16,0.));
#10547 = ADVANCED_FACE('',(#10548),#10563,.T.);
#10548 = FACE_BOUND('',#10549,.T.);
#10549 = EDGE_LOOP('',(#10550,#10555,#10556,#10562));
#10550 = ORIENTED_EDGE('',*,*,#10551,.F.);
#10551 = EDGE_CURVE('',#9646,#10125,#10552,.T.);
#10552 = B_SPLINE_CURVE_WITH_KNOTS('',1,(#10553,#10554),.UNSPECIFIED.,
  .F.,.F.,(2,2),(0.,1.),.PIECEWISE_BEZIER_KNOTS.);
#10553 = CARTESIAN_POINT('',(2.2,-2.5,0.675));
#10554 = CARTESIAN_POINT('',(2.15,-2.45,0.675));
#10555 = ORIENTED_EDGE('',*,*,#9661,.T.);
#10556 = ORIENTED_EDGE('',*,*,#10557,.T.);
#10557 = EDGE_CURVE('',#9654,#10127,#10558,.T.);
#10558 = LINE('',#10559,#10560);
#10559 = CARTESIAN_POINT('',(2.4,-2.405,0.675));
#10560 = VECTOR('',#10561,1.);
#10561 = DIRECTION('',(-1.,-2.22044604925E-16,0.));
#10562 = ORIENTED_EDGE('',*,*,#10124,.F.);
#10563 = B_SPLINE_SURFACE_WITH_KNOTS('',1,1,(
    (#10564,#10565)
    ,(#10566,#10567
    )),.UNSPECIFIED.,.F.,.F.,.F.,(2,2),(2,2),(0.,5.),(0.,1.),
  .PIECEWISE_BEZIER_KNOTS.);
#10564 = CARTESIAN_POINT('',(2.2,-2.5,0.675));
#10565 = CARTESIAN_POINT('',(2.15,-2.45,0.675));
#10566 = CARTESIAN_POINT('',(2.2,2.5,0.675));
#10567 = CARTESIAN_POINT('',(2.15,2.45,0.675));
#10568 = ADVANCED_FACE('',(#10569),#10655,.T.);
#10569 = FACE_BOUND('',#10570,.T.);
#10570 = EDGE_LOOP('',(#10571,#10572,#10573,#10582,#10590,#10599,#10607,
    #10615,#10623,#10632,#10640,#10649));
#10571 = ORIENTED_EDGE('',*,*,#9653,.T.);
#10572 = ORIENTED_EDGE('',*,*,#9684,.T.);
#10573 = ORIENTED_EDGE('',*,*,#10574,.T.);
#10574 = EDGE_CURVE('',#9685,#10575,#10577,.T.);
#10575 = VERTEX_POINT('',#10576);
#10576 = CARTESIAN_POINT('',(2.5,-2.405,0.425));
#10577 = CIRCLE('',#10578,0.1);
#10578 = AXIS2_PLACEMENT_3D('',#10579,#10580,#10581);
#10579 = CARTESIAN_POINT('',(2.4,-2.405,0.425));
#10580 = DIRECTION('',(-2.22044604925E-16,1.,0.));
#10581 = DIRECTION('',(0.,0.,1.));
#10582 = ORIENTED_EDGE('',*,*,#10583,.T.);
#10583 = EDGE_CURVE('',#10575,#10584,#10586,.T.);
#10584 = VERTEX_POINT('',#10585);
#10585 = CARTESIAN_POINT('',(2.5,-2.405,0.25));
#10586 = LINE('',#10587,#10588);
#10587 = CARTESIAN_POINT('',(2.5,-2.405,0.425));
#10588 = VECTOR('',#10589,1.);
#10589 = DIRECTION('',(0.,0.,-1.));
#10590 = ORIENTED_EDGE('',*,*,#10591,.T.);
#10591 = EDGE_CURVE('',#10584,#10592,#10594,.T.);
#10592 = VERTEX_POINT('',#10593);
#10593 = CARTESIAN_POINT('',(2.75,-2.405,1.110223024625E-16));
#10594 = CIRCLE('',#10595,0.25);
#10595 = AXIS2_PLACEMENT_3D('',#10596,#10597,#10598);
#10596 = CARTESIAN_POINT('',(2.75,-2.405,0.25));
#10597 = DIRECTION('',(2.22044604925E-16,-1.,0.));
#10598 = DIRECTION('',(-1.,-2.22044604925E-16,-2.442490654175E-15));
#10599 = ORIENTED_EDGE('',*,*,#10600,.T.);
#10600 = EDGE_CURVE('',#10592,#10601,#10603,.T.);
#10601 = VERTEX_POINT('',#10602);
#10602 = CARTESIAN_POINT('',(3.2,-2.405,1.110223024625E-16));
#10603 = LINE('',#10604,#10605);
#10604 = CARTESIAN_POINT('',(2.75,-2.405,1.110223024625E-16));
#10605 = VECTOR('',#10606,1.);
#10606 = DIRECTION('',(1.,2.22044604925E-16,0.));
#10607 = ORIENTED_EDGE('',*,*,#10608,.T.);
#10608 = EDGE_CURVE('',#10601,#10609,#10611,.T.);
#10609 = VERTEX_POINT('',#10610);
#10610 = CARTESIAN_POINT('',(3.2,-2.405,0.15));
#10611 = LINE('',#10612,#10613);
#10612 = CARTESIAN_POINT('',(3.2,-2.405,1.110223024625E-16));
#10613 = VECTOR('',#10614,1.);
#10614 = DIRECTION('',(0.,0.,1.));
#10615 = ORIENTED_EDGE('',*,*,#10616,.T.);
#10616 = EDGE_CURVE('',#10609,#10617,#10619,.T.);
#10617 = VERTEX_POINT('',#10618);
#10618 = CARTESIAN_POINT('',(2.75,-2.405,0.15));
#10619 = LINE('',#10620,#10621);
#10620 = CARTESIAN_POINT('',(3.2,-2.405,0.15));
#10621 = VECTOR('',#10622,1.);
#10622 = DIRECTION('',(-1.,-2.22044604925E-16,0.));
#10623 = ORIENTED_EDGE('',*,*,#10624,.T.);
#10624 = EDGE_CURVE('',#10617,#10625,#10627,.T.);
#10625 = VERTEX_POINT('',#10626);
#10626 = CARTESIAN_POINT('',(2.65,-2.405,0.25));
#10627 = CIRCLE('',#10628,0.1);
#10628 = AXIS2_PLACEMENT_3D('',#10629,#10630,#10631);
#10629 = CARTESIAN_POINT('',(2.75,-2.405,0.25));
#10630 = DIRECTION('',(-2.22044604925E-16,1.,0.));
#10631 = DIRECTION('',(0.,0.,-1.));
#10632 = ORIENTED_EDGE('',*,*,#10633,.T.);
#10633 = EDGE_CURVE('',#10625,#10634,#10636,.T.);
#10634 = VERTEX_POINT('',#10635);
#10635 = CARTESIAN_POINT('',(2.65,-2.405,0.425));
#10636 = LINE('',#10637,#10638);
#10637 = CARTESIAN_POINT('',(2.65,-2.405,0.25));
#10638 = VECTOR('',#10639,1.);
#10639 = DIRECTION('',(0.,0.,1.));
#10640 = ORIENTED_EDGE('',*,*,#10641,.T.);
#10641 = EDGE_CURVE('',#10634,#10642,#10644,.T.);
#10642 = VERTEX_POINT('',#10643);
#10643 = CARTESIAN_POINT('',(2.4,-2.405,0.675));
#10644 = CIRCLE('',#10645,0.25);
#10645 = AXIS2_PLACEMENT_3D('',#10646,#10647,#10648);
#10646 = CARTESIAN_POINT('',(2.4,-2.405,0.425));
#10647 = DIRECTION('',(2.22044604925E-16,-1.,0.));
#10648 = DIRECTION('',(1.,2.22044604925E-16,2.22044604925E-15));
#10649 = ORIENTED_EDGE('',*,*,#10650,.T.);
#10650 = EDGE_CURVE('',#10642,#9654,#10651,.T.);
#10651 = LINE('',#10652,#10653);
#10652 = CARTESIAN_POINT('',(2.4,-2.405,0.675));
#10653 = VECTOR('',#10654,1.);
#10654 = DIRECTION('',(-1.,-2.22044604925E-16,0.));
#10655 = PLANE('',#10656);
#10656 = AXIS2_PLACEMENT_3D('',#10657,#10658,#10659);
#10657 = CARTESIAN_POINT('',(2.632923288131,-2.405,0.313172218985));
#10658 = DIRECTION('',(2.22044604925E-16,-1.,0.));
#10659 = DIRECTION('',(0.,0.,1.));
#10660 = ADVANCED_FACE('',(#10661),#10747,.F.);
#10661 = FACE_BOUND('',#10662,.F.);
#10662 = EDGE_LOOP('',(#10663,#10664,#10665,#10674,#10682,#10691,#10699,
    #10707,#10715,#10724,#10732,#10741));
#10663 = ORIENTED_EDGE('',*,*,#9706,.T.);
#10664 = ORIENTED_EDGE('',*,*,#9675,.T.);
#10665 = ORIENTED_EDGE('',*,*,#10666,.T.);
#10666 = EDGE_CURVE('',#9676,#10667,#10669,.T.);
#10667 = VERTEX_POINT('',#10668);
#10668 = CARTESIAN_POINT('',(2.5,-2.145,0.425));
#10669 = CIRCLE('',#10670,0.1);
#10670 = AXIS2_PLACEMENT_3D('',#10671,#10672,#10673);
#10671 = CARTESIAN_POINT('',(2.4,-2.145,0.425));
#10672 = DIRECTION('',(-2.22044604925E-16,1.,0.));
#10673 = DIRECTION('',(0.,0.,1.));
#10674 = ORIENTED_EDGE('',*,*,#10675,.T.);
#10675 = EDGE_CURVE('',#10667,#10676,#10678,.T.);
#10676 = VERTEX_POINT('',#10677);
#10677 = CARTESIAN_POINT('',(2.5,-2.145,0.25));
#10678 = LINE('',#10679,#10680);
#10679 = CARTESIAN_POINT('',(2.5,-2.145,0.425));
#10680 = VECTOR('',#10681,1.);
#10681 = DIRECTION('',(0.,0.,-1.));
#10682 = ORIENTED_EDGE('',*,*,#10683,.T.);
#10683 = EDGE_CURVE('',#10676,#10684,#10686,.T.);
#10684 = VERTEX_POINT('',#10685);
#10685 = CARTESIAN_POINT('',(2.75,-2.145,1.110223024625E-16));
#10686 = CIRCLE('',#10687,0.25);
#10687 = AXIS2_PLACEMENT_3D('',#10688,#10689,#10690);
#10688 = CARTESIAN_POINT('',(2.75,-2.145,0.25));
#10689 = DIRECTION('',(2.22044604925E-16,-1.,0.));
#10690 = DIRECTION('',(-1.,-2.22044604925E-16,-2.442490654175E-15));
#10691 = ORIENTED_EDGE('',*,*,#10692,.T.);
#10692 = EDGE_CURVE('',#10684,#10693,#10695,.T.);
#10693 = VERTEX_POINT('',#10694);
#10694 = CARTESIAN_POINT('',(3.2,-2.145,1.110223024625E-16));
#10695 = LINE('',#10696,#10697);
#10696 = CARTESIAN_POINT('',(2.75,-2.145,1.110223024625E-16));
#10697 = VECTOR('',#10698,1.);
#10698 = DIRECTION('',(1.,2.22044604925E-16,0.));
#10699 = ORIENTED_EDGE('',*,*,#10700,.T.);
#10700 = EDGE_CURVE('',#10693,#10701,#10703,.T.);
#10701 = VERTEX_POINT('',#10702);
#10702 = CARTESIAN_POINT('',(3.2,-2.145,0.15));
#10703 = LINE('',#10704,#10705);
#10704 = CARTESIAN_POINT('',(3.2,-2.145,1.110223024625E-16));
#10705 = VECTOR('',#10706,1.);
#10706 = DIRECTION('',(0.,0.,1.));
#10707 = ORIENTED_EDGE('',*,*,#10708,.T.);
#10708 = EDGE_CURVE('',#10701,#10709,#10711,.T.);
#10709 = VERTEX_POINT('',#10710);
#10710 = CARTESIAN_POINT('',(2.75,-2.145,0.15));
#10711 = LINE('',#10712,#10713);
#10712 = CARTESIAN_POINT('',(3.2,-2.145,0.15));
#10713 = VECTOR('',#10714,1.);
#10714 = DIRECTION('',(-1.,-2.22044604925E-16,0.));
#10715 = ORIENTED_EDGE('',*,*,#10716,.T.);
#10716 = EDGE_CURVE('',#10709,#10717,#10719,.T.);
#10717 = VERTEX_POINT('',#10718);
#10718 = CARTESIAN_POINT('',(2.65,-2.145,0.25));
#10719 = CIRCLE('',#10720,0.1);
#10720 = AXIS2_PLACEMENT_3D('',#10721,#10722,#10723);
#10721 = CARTESIAN_POINT('',(2.75,-2.145,0.25));
#10722 = DIRECTION('',(-2.22044604925E-16,1.,0.));
#10723 = DIRECTION('',(0.,0.,-1.));
#10724 = ORIENTED_EDGE('',*,*,#10725,.T.);
#10725 = EDGE_CURVE('',#10717,#10726,#10728,.T.);
#10726 = VERTEX_POINT('',#10727);
#10727 = CARTESIAN_POINT('',(2.65,-2.145,0.425));
#10728 = LINE('',#10729,#10730);
#10729 = CARTESIAN_POINT('',(2.65,-2.145,0.25));
#10730 = VECTOR('',#10731,1.);
#10731 = DIRECTION('',(0.,0.,1.));
#10732 = ORIENTED_EDGE('',*,*,#10733,.T.);
#10733 = EDGE_CURVE('',#10726,#10734,#10736,.T.);
#10734 = VERTEX_POINT('',#10735);
#10735 = CARTESIAN_POINT('',(2.4,-2.145,0.675));
#10736 = CIRCLE('',#10737,0.25);
#10737 = AXIS2_PLACEMENT_3D('',#10738,#10739,#10740);
#10738 = CARTESIAN_POINT('',(2.4,-2.145,0.425));
#10739 = DIRECTION('',(2.22044604925E-16,-1.,0.));
#10740 = DIRECTION('',(1.,2.22044604925E-16,2.22044604925E-15));
#10741 = ORIENTED_EDGE('',*,*,#10742,.T.);
#10742 = EDGE_CURVE('',#10734,#9707,#10743,.T.);
#10743 = LINE('',#10744,#10745);
#10744 = CARTESIAN_POINT('',(2.4,-2.145,0.675));
#10745 = VECTOR('',#10746,1.);
#10746 = DIRECTION('',(-1.,-2.22044604925E-16,0.));
#10747 = PLANE('',#10748);
#10748 = AXIS2_PLACEMENT_3D('',#10749,#10750,#10751);
#10749 = CARTESIAN_POINT('',(2.632923288131,-2.145,0.313172218985));
#10750 = DIRECTION('',(2.22044604925E-16,-1.,0.));
#10751 = DIRECTION('',(0.,0.,1.));
#10752 = ADVANCED_FACE('',(#10753),#10764,.F.);
#10753 = FACE_BOUND('',#10754,.F.);
#10754 = EDGE_LOOP('',(#10755,#10756,#10757,#10763));
#10755 = ORIENTED_EDGE('',*,*,#9692,.T.);
#10756 = ORIENTED_EDGE('',*,*,#10574,.T.);
#10757 = ORIENTED_EDGE('',*,*,#10758,.F.);
#10758 = EDGE_CURVE('',#10667,#10575,#10759,.T.);
#10759 = LINE('',#10760,#10761);
#10760 = CARTESIAN_POINT('',(2.5,-2.145,0.425));
#10761 = VECTOR('',#10762,1.);
#10762 = DIRECTION('',(2.22044604925E-16,-1.,0.));
#10763 = ORIENTED_EDGE('',*,*,#10666,.F.);
#10764 = CYLINDRICAL_SURFACE('',#10765,0.1);
#10765 = AXIS2_PLACEMENT_3D('',#10766,#10767,#10768);
#10766 = CARTESIAN_POINT('',(2.4,-2.145,0.425));
#10767 = DIRECTION('',(-2.22044604925E-16,1.,0.));
#10768 = DIRECTION('',(0.,0.,1.));
#10769 = ADVANCED_FACE('',(#10770),#10786,.T.);
#10770 = FACE_BOUND('',#10771,.T.);
#10771 = EDGE_LOOP('',(#10772,#10778,#10779,#10785));
#10772 = ORIENTED_EDGE('',*,*,#10773,.F.);
#10773 = EDGE_CURVE('',#9707,#10135,#10774,.T.);
#10774 = LINE('',#10775,#10776);
#10775 = CARTESIAN_POINT('',(2.4,-2.145,0.675));
#10776 = VECTOR('',#10777,1.);
#10777 = DIRECTION('',(-1.,-2.22044604925E-16,0.));
#10778 = ORIENTED_EDGE('',*,*,#9723,.T.);
#10779 = ORIENTED_EDGE('',*,*,#10780,.T.);
#10780 = EDGE_CURVE('',#9716,#10143,#10781,.T.);
#10781 = LINE('',#10782,#10783);
#10782 = CARTESIAN_POINT('',(2.4,-1.755,0.675));
#10783 = VECTOR('',#10784,1.);
#10784 = DIRECTION('',(-1.,-2.22044604925E-16,0.));
#10785 = ORIENTED_EDGE('',*,*,#10142,.F.);
#10786 = B_SPLINE_SURFACE_WITH_KNOTS('',1,1,(
    (#10787,#10788)
    ,(#10789,#10790
    )),.UNSPECIFIED.,.F.,.F.,.F.,(2,2),(2,2),(0.,5.),(0.,1.),
  .PIECEWISE_BEZIER_KNOTS.);
#10787 = CARTESIAN_POINT('',(2.2,-2.5,0.675));
#10788 = CARTESIAN_POINT('',(2.15,-2.45,0.675));
#10789 = CARTESIAN_POINT('',(2.2,2.5,0.675));
#10790 = CARTESIAN_POINT('',(2.15,2.45,0.675));
#10791 = ADVANCED_FACE('',(#10792),#10878,.T.);
#10792 = FACE_BOUND('',#10793,.T.);
#10793 = EDGE_LOOP('',(#10794,#10795,#10796,#10805,#10813,#10822,#10830,
    #10838,#10846,#10855,#10863,#10872));
#10794 = ORIENTED_EDGE('',*,*,#9715,.T.);
#10795 = ORIENTED_EDGE('',*,*,#9746,.T.);
#10796 = ORIENTED_EDGE('',*,*,#10797,.T.);
#10797 = EDGE_CURVE('',#9747,#10798,#10800,.T.);
#10798 = VERTEX_POINT('',#10799);
#10799 = CARTESIAN_POINT('',(2.5,-1.755,0.425));
#10800 = CIRCLE('',#10801,0.1);
#10801 = AXIS2_PLACEMENT_3D('',#10802,#10803,#10804);
#10802 = CARTESIAN_POINT('',(2.4,-1.755,0.425));
#10803 = DIRECTION('',(-2.22044604925E-16,1.,0.));
#10804 = DIRECTION('',(0.,0.,1.));
#10805 = ORIENTED_EDGE('',*,*,#10806,.T.);
#10806 = EDGE_CURVE('',#10798,#10807,#10809,.T.);
#10807 = VERTEX_POINT('',#10808);
#10808 = CARTESIAN_POINT('',(2.5,-1.755,0.25));
#10809 = LINE('',#10810,#10811);
#10810 = CARTESIAN_POINT('',(2.5,-1.755,0.425));
#10811 = VECTOR('',#10812,1.);
#10812 = DIRECTION('',(0.,0.,-1.));
#10813 = ORIENTED_EDGE('',*,*,#10814,.T.);
#10814 = EDGE_CURVE('',#10807,#10815,#10817,.T.);
#10815 = VERTEX_POINT('',#10816);
#10816 = CARTESIAN_POINT('',(2.75,-1.755,1.110223024625E-16));
#10817 = CIRCLE('',#10818,0.25);
#10818 = AXIS2_PLACEMENT_3D('',#10819,#10820,#10821);
#10819 = CARTESIAN_POINT('',(2.75,-1.755,0.25));
#10820 = DIRECTION('',(2.22044604925E-16,-1.,0.));
#10821 = DIRECTION('',(-1.,-2.22044604925E-16,-2.442490654175E-15));
#10822 = ORIENTED_EDGE('',*,*,#10823,.T.);
#10823 = EDGE_CURVE('',#10815,#10824,#10826,.T.);
#10824 = VERTEX_POINT('',#10825);
#10825 = CARTESIAN_POINT('',(3.2,-1.755,1.110223024625E-16));
#10826 = LINE('',#10827,#10828);
#10827 = CARTESIAN_POINT('',(2.75,-1.755,1.110223024625E-16));
#10828 = VECTOR('',#10829,1.);
#10829 = DIRECTION('',(1.,2.22044604925E-16,0.));
#10830 = ORIENTED_EDGE('',*,*,#10831,.T.);
#10831 = EDGE_CURVE('',#10824,#10832,#10834,.T.);
#10832 = VERTEX_POINT('',#10833);
#10833 = CARTESIAN_POINT('',(3.2,-1.755,0.15));
#10834 = LINE('',#10835,#10836);
#10835 = CARTESIAN_POINT('',(3.2,-1.755,1.110223024625E-16));
#10836 = VECTOR('',#10837,1.);
#10837 = DIRECTION('',(0.,0.,1.));
#10838 = ORIENTED_EDGE('',*,*,#10839,.T.);
#10839 = EDGE_CURVE('',#10832,#10840,#10842,.T.);
#10840 = VERTEX_POINT('',#10841);
#10841 = CARTESIAN_POINT('',(2.75,-1.755,0.15));
#10842 = LINE('',#10843,#10844);
#10843 = CARTESIAN_POINT('',(3.2,-1.755,0.15));
#10844 = VECTOR('',#10845,1.);
#10845 = DIRECTION('',(-1.,-2.22044604925E-16,0.));
#10846 = ORIENTED_EDGE('',*,*,#10847,.T.);
#10847 = EDGE_CURVE('',#10840,#10848,#10850,.T.);
#10848 = VERTEX_POINT('',#10849);
#10849 = CARTESIAN_POINT('',(2.65,-1.755,0.25));
#10850 = CIRCLE('',#10851,0.1);
#10851 = AXIS2_PLACEMENT_3D('',#10852,#10853,#10854);
#10852 = CARTESIAN_POINT('',(2.75,-1.755,0.25));
#10853 = DIRECTION('',(-2.22044604925E-16,1.,0.));
#10854 = DIRECTION('',(0.,0.,-1.));
#10855 = ORIENTED_EDGE('',*,*,#10856,.T.);
#10856 = EDGE_CURVE('',#10848,#10857,#10859,.T.);
#10857 = VERTEX_POINT('',#10858);
#10858 = CARTESIAN_POINT('',(2.65,-1.755,0.425));
#10859 = LINE('',#10860,#10861);
#10860 = CARTESIAN_POINT('',(2.65,-1.755,0.25));
#10861 = VECTOR('',#10862,1.);
#10862 = DIRECTION('',(0.,0.,1.));
#10863 = ORIENTED_EDGE('',*,*,#10864,.T.);
#10864 = EDGE_CURVE('',#10857,#10865,#10867,.T.);
#10865 = VERTEX_POINT('',#10866);
#10866 = CARTESIAN_POINT('',(2.4,-1.755,0.675));
#10867 = CIRCLE('',#10868,0.25);
#10868 = AXIS2_PLACEMENT_3D('',#10869,#10870,#10871);
#10869 = CARTESIAN_POINT('',(2.4,-1.755,0.425));
#10870 = DIRECTION('',(2.22044604925E-16,-1.,0.));
#10871 = DIRECTION('',(1.,2.22044604925E-16,2.22044604925E-15));
#10872 = ORIENTED_EDGE('',*,*,#10873,.T.);
#10873 = EDGE_CURVE('',#10865,#9716,#10874,.T.);
#10874 = LINE('',#10875,#10876);
#10875 = CARTESIAN_POINT('',(2.4,-1.755,0.675));
#10876 = VECTOR('',#10877,1.);
#10877 = DIRECTION('',(-1.,-2.22044604925E-16,0.));
#10878 = PLANE('',#10879);
#10879 = AXIS2_PLACEMENT_3D('',#10880,#10881,#10882);
#10880 = CARTESIAN_POINT('',(2.632923288131,-1.755,0.313172218985));
#10881 = DIRECTION('',(2.22044604925E-16,-1.,0.));
#10882 = DIRECTION('',(0.,0.,1.));
#10883 = ADVANCED_FACE('',(#10884),#10970,.F.);
#10884 = FACE_BOUND('',#10885,.F.);
#10885 = EDGE_LOOP('',(#10886,#10887,#10888,#10897,#10905,#10914,#10922,
    #10930,#10938,#10947,#10955,#10964));
#10886 = ORIENTED_EDGE('',*,*,#9799,.T.);
#10887 = ORIENTED_EDGE('',*,*,#9737,.T.);
#10888 = ORIENTED_EDGE('',*,*,#10889,.T.);
#10889 = EDGE_CURVE('',#9738,#10890,#10892,.T.);
#10890 = VERTEX_POINT('',#10891);
#10891 = CARTESIAN_POINT('',(2.5,-1.495,0.425));
#10892 = CIRCLE('',#10893,0.1);
#10893 = AXIS2_PLACEMENT_3D('',#10894,#10895,#10896);
#10894 = CARTESIAN_POINT('',(2.4,-1.495,0.425));
#10895 = DIRECTION('',(-2.22044604925E-16,1.,0.));
#10896 = DIRECTION('',(0.,0.,1.));
#10897 = ORIENTED_EDGE('',*,*,#10898,.T.);
#10898 = EDGE_CURVE('',#10890,#10899,#10901,.T.);
#10899 = VERTEX_POINT('',#10900);
#10900 = CARTESIAN_POINT('',(2.5,-1.495,0.25));
#10901 = LINE('',#10902,#10903);
#10902 = CARTESIAN_POINT('',(2.5,-1.495,0.425));
#10903 = VECTOR('',#10904,1.);
#10904 = DIRECTION('',(0.,0.,-1.));
#10905 = ORIENTED_EDGE('',*,*,#10906,.T.);
#10906 = EDGE_CURVE('',#10899,#10907,#10909,.T.);
#10907 = VERTEX_POINT('',#10908);
#10908 = CARTESIAN_POINT('',(2.75,-1.495,1.110223024625E-16));
#10909 = CIRCLE('',#10910,0.25);
#10910 = AXIS2_PLACEMENT_3D('',#10911,#10912,#10913);
#10911 = CARTESIAN_POINT('',(2.75,-1.495,0.25));
#10912 = DIRECTION('',(2.22044604925E-16,-1.,0.));
#10913 = DIRECTION('',(-1.,-2.22044604925E-16,-2.442490654175E-15));
#10914 = ORIENTED_EDGE('',*,*,#10915,.T.);
#10915 = EDGE_CURVE('',#10907,#10916,#10918,.T.);
#10916 = VERTEX_POINT('',#10917);
#10917 = CARTESIAN_POINT('',(3.2,-1.495,1.110223024625E-16));
#10918 = LINE('',#10919,#10920);
#10919 = CARTESIAN_POINT('',(2.75,-1.495,1.110223024625E-16));
#10920 = VECTOR('',#10921,1.);
#10921 = DIRECTION('',(1.,2.22044604925E-16,0.));
#10922 = ORIENTED_EDGE('',*,*,#10923,.T.);
#10923 = EDGE_CURVE('',#10916,#10924,#10926,.T.);
#10924 = VERTEX_POINT('',#10925);
#10925 = CARTESIAN_POINT('',(3.2,-1.495,0.15));
#10926 = LINE('',#10927,#10928);
#10927 = CARTESIAN_POINT('',(3.2,-1.495,1.110223024625E-16));
#10928 = VECTOR('',#10929,1.);
#10929 = DIRECTION('',(0.,0.,1.));
#10930 = ORIENTED_EDGE('',*,*,#10931,.T.);
#10931 = EDGE_CURVE('',#10924,#10932,#10934,.T.);
#10932 = VERTEX_POINT('',#10933);
#10933 = CARTESIAN_POINT('',(2.75,-1.495,0.15));
#10934 = LINE('',#10935,#10936);
#10935 = CARTESIAN_POINT('',(3.2,-1.495,0.15));
#10936 = VECTOR('',#10937,1.);
#10937 = DIRECTION('',(-1.,-2.22044604925E-16,0.));
#10938 = ORIENTED_EDGE('',*,*,#10939,.T.);
#10939 = EDGE_CURVE('',#10932,#10940,#10942,.T.);
#10940 = VERTEX_POINT('',#10941);
#10941 = CARTESIAN_POINT('',(2.65,-1.495,0.25));
#10942 = CIRCLE('',#10943,0.1);
#10943 = AXIS2_PLACEMENT_3D('',#10944,#10945,#10946);
#10944 = CARTESIAN_POINT('',(2.75,-1.495,0.25));
#10945 = DIRECTION('',(-2.22044604925E-16,1.,0.));
#10946 = DIRECTION('',(0.,0.,-1.));
#10947 = ORIENTED_EDGE('',*,*,#10948,.T.);
#10948 = EDGE_CURVE('',#10940,#10949,#10951,.T.);
#10949 = VERTEX_POINT('',#10950);
#10950 = CARTESIAN_POINT('',(2.65,-1.495,0.425));
#10951 = LINE('',#10952,#10953);
#10952 = CARTESIAN_POINT('',(2.65,-1.495,0.25));
#10953 = VECTOR('',#10954,1.);
#10954 = DIRECTION('',(0.,0.,1.));
#10955 = ORIENTED_EDGE('',*,*,#10956,.T.);
#10956 = EDGE_CURVE('',#10949,#10957,#10959,.T.);
#10957 = VERTEX_POINT('',#10958);
#10958 = CARTESIAN_POINT('',(2.4,-1.495,0.675));
#10959 = CIRCLE('',#10960,0.25);
#10960 = AXIS2_PLACEMENT_3D('',#10961,#10962,#10963);
#10961 = CARTESIAN_POINT('',(2.4,-1.495,0.425));
#10962 = DIRECTION('',(2.22044604925E-16,-1.,0.));
#10963 = DIRECTION('',(1.,2.22044604925E-16,2.22044604925E-15));
#10964 = ORIENTED_EDGE('',*,*,#10965,.T.);
#10965 = EDGE_CURVE('',#10957,#9800,#10966,.T.);
#10966 = LINE('',#10967,#10968);
#10967 = CARTESIAN_POINT('',(2.4,-1.495,0.675));
#10968 = VECTOR('',#10969,1.);
#10969 = DIRECTION('',(-1.,-2.22044604925E-16,0.));
#10970 = PLANE('',#10971);
#10971 = AXIS2_PLACEMENT_3D('',#10972,#10973,#10974);
#10972 = CARTESIAN_POINT('',(2.632923288131,-1.495,0.313172218985));
#10973 = DIRECTION('',(2.22044604925E-16,-1.,0.));
#10974 = DIRECTION('',(0.,0.,1.));
#10975 = ADVANCED_FACE('',(#10976),#10987,.F.);
#10976 = FACE_BOUND('',#10977,.F.);
#10977 = EDGE_LOOP('',(#10978,#10979,#10980,#10986));
#10978 = ORIENTED_EDGE('',*,*,#9754,.T.);
#10979 = ORIENTED_EDGE('',*,*,#10797,.T.);
#10980 = ORIENTED_EDGE('',*,*,#10981,.F.);
#10981 = EDGE_CURVE('',#10890,#10798,#10982,.T.);
#10982 = LINE('',#10983,#10984);
#10983 = CARTESIAN_POINT('',(2.5,-1.495,0.425));
#10984 = VECTOR('',#10985,1.);
#10985 = DIRECTION('',(2.22044604925E-16,-1.,0.));
#10986 = ORIENTED_EDGE('',*,*,#10889,.F.);
#10987 = CYLINDRICAL_SURFACE('',#10988,0.1);
#10988 = AXIS2_PLACEMENT_3D('',#10989,#10990,#10991);
#10989 = CARTESIAN_POINT('',(2.4,-1.495,0.425));
#10990 = DIRECTION('',(-2.22044604925E-16,1.,0.));
#10991 = DIRECTION('',(0.,0.,1.));
#10992 = ADVANCED_FACE('',(#10993),#11012,.F.);
#10993 = FACE_BOUND('',#10994,.F.);
#10994 = EDGE_LOOP('',(#10995,#10996,#11005,#11011));
#10995 = ORIENTED_EDGE('',*,*,#9785,.T.);
#10996 = ORIENTED_EDGE('',*,*,#10997,.T.);
#10997 = EDGE_CURVE('',#9778,#10998,#11000,.T.);
#10998 = VERTEX_POINT('',#10999);
#10999 = CARTESIAN_POINT('',(2.5,1.495,0.425));
#11000 = CIRCLE('',#11001,0.1);
#11001 = AXIS2_PLACEMENT_3D('',#11002,#11003,#11004);
#11002 = CARTESIAN_POINT('',(2.4,1.495,0.425));
#11003 = DIRECTION('',(-2.22044604925E-16,1.,0.));
#11004 = DIRECTION('',(0.,0.,1.));
#11005 = ORIENTED_EDGE('',*,*,#11006,.F.);
#11006 = EDGE_CURVE('',#10294,#10998,#11007,.T.);
#11007 = LINE('',#11008,#11009);
#11008 = CARTESIAN_POINT('',(2.5,1.755,0.425));
#11009 = VECTOR('',#11010,1.);
#11010 = DIRECTION('',(2.22044604925E-16,-1.,0.));
#11011 = ORIENTED_EDGE('',*,*,#10293,.F.);
#11012 = CYLINDRICAL_SURFACE('',#11013,0.1);
#11013 = AXIS2_PLACEMENT_3D('',#11014,#11015,#11016);
#11014 = CARTESIAN_POINT('',(2.4,1.755,0.425));
#11015 = DIRECTION('',(-2.22044604925E-16,1.,0.));
#11016 = DIRECTION('',(0.,0.,1.));
#11017 = ADVANCED_FACE('',(#11018),#11096,.T.);
#11018 = FACE_BOUND('',#11019,.T.);
#11019 = EDGE_LOOP('',(#11020,#11021,#11022,#11023,#11031,#11040,#11048,
    #11056,#11064,#11073,#11081,#11090));
#11020 = ORIENTED_EDGE('',*,*,#9839,.T.);
#11021 = ORIENTED_EDGE('',*,*,#9777,.T.);
#11022 = ORIENTED_EDGE('',*,*,#10997,.T.);
#11023 = ORIENTED_EDGE('',*,*,#11024,.T.);
#11024 = EDGE_CURVE('',#10998,#11025,#11027,.T.);
#11025 = VERTEX_POINT('',#11026);
#11026 = CARTESIAN_POINT('',(2.5,1.495,0.25));
#11027 = LINE('',#11028,#11029);
#11028 = CARTESIAN_POINT('',(2.5,1.495,0.425));
#11029 = VECTOR('',#11030,1.);
#11030 = DIRECTION('',(0.,0.,-1.));
#11031 = ORIENTED_EDGE('',*,*,#11032,.T.);
#11032 = EDGE_CURVE('',#11025,#11033,#11035,.T.);
#11033 = VERTEX_POINT('',#11034);
#11034 = CARTESIAN_POINT('',(2.75,1.495,1.110223024625E-16));
#11035 = CIRCLE('',#11036,0.25);
#11036 = AXIS2_PLACEMENT_3D('',#11037,#11038,#11039);
#11037 = CARTESIAN_POINT('',(2.75,1.495,0.25));
#11038 = DIRECTION('',(2.22044604925E-16,-1.,0.));
#11039 = DIRECTION('',(-1.,-2.22044604925E-16,-2.442490654175E-15));
#11040 = ORIENTED_EDGE('',*,*,#11041,.T.);
#11041 = EDGE_CURVE('',#11033,#11042,#11044,.T.);
#11042 = VERTEX_POINT('',#11043);
#11043 = CARTESIAN_POINT('',(3.2,1.495,1.110223024625E-16));
#11044 = LINE('',#11045,#11046);
#11045 = CARTESIAN_POINT('',(2.75,1.495,1.110223024625E-16));
#11046 = VECTOR('',#11047,1.);
#11047 = DIRECTION('',(1.,2.22044604925E-16,0.));
#11048 = ORIENTED_EDGE('',*,*,#11049,.T.);
#11049 = EDGE_CURVE('',#11042,#11050,#11052,.T.);
#11050 = VERTEX_POINT('',#11051);
#11051 = CARTESIAN_POINT('',(3.2,1.495,0.15));
#11052 = LINE('',#11053,#11054);
#11053 = CARTESIAN_POINT('',(3.2,1.495,1.110223024625E-16));
#11054 = VECTOR('',#11055,1.);
#11055 = DIRECTION('',(0.,0.,1.));
#11056 = ORIENTED_EDGE('',*,*,#11057,.T.);
#11057 = EDGE_CURVE('',#11050,#11058,#11060,.T.);
#11058 = VERTEX_POINT('',#11059);
#11059 = CARTESIAN_POINT('',(2.75,1.495,0.15));
#11060 = LINE('',#11061,#11062);
#11061 = CARTESIAN_POINT('',(3.2,1.495,0.15));
#11062 = VECTOR('',#11063,1.);
#11063 = DIRECTION('',(-1.,-2.22044604925E-16,0.));
#11064 = ORIENTED_EDGE('',*,*,#11065,.T.);
#11065 = EDGE_CURVE('',#11058,#11066,#11068,.T.);
#11066 = VERTEX_POINT('',#11067);
#11067 = CARTESIAN_POINT('',(2.65,1.495,0.25));
#11068 = CIRCLE('',#11069,0.1);
#11069 = AXIS2_PLACEMENT_3D('',#11070,#11071,#11072);
#11070 = CARTESIAN_POINT('',(2.75,1.495,0.25));
#11071 = DIRECTION('',(-2.22044604925E-16,1.,0.));
#11072 = DIRECTION('',(0.,0.,-1.));
#11073 = ORIENTED_EDGE('',*,*,#11074,.T.);
#11074 = EDGE_CURVE('',#11066,#11075,#11077,.T.);
#11075 = VERTEX_POINT('',#11076);
#11076 = CARTESIAN_POINT('',(2.65,1.495,0.425));
#11077 = LINE('',#11078,#11079);
#11078 = CARTESIAN_POINT('',(2.65,1.495,0.25));
#11079 = VECTOR('',#11080,1.);
#11080 = DIRECTION('',(0.,0.,1.));
#11081 = ORIENTED_EDGE('',*,*,#11082,.T.);
#11082 = EDGE_CURVE('',#11075,#11083,#11085,.T.);
#11083 = VERTEX_POINT('',#11084);
#11084 = CARTESIAN_POINT('',(2.4,1.495,0.675));
#11085 = CIRCLE('',#11086,0.25);
#11086 = AXIS2_PLACEMENT_3D('',#11087,#11088,#11089);
#11087 = CARTESIAN_POINT('',(2.4,1.495,0.425));
#11088 = DIRECTION('',(2.22044604925E-16,-1.,0.));
#11089 = DIRECTION('',(1.,2.22044604925E-16,2.22044604925E-15));
#11090 = ORIENTED_EDGE('',*,*,#11091,.T.);
#11091 = EDGE_CURVE('',#11083,#9840,#11092,.T.);
#11092 = LINE('',#11093,#11094);
#11093 = CARTESIAN_POINT('',(2.4,1.495,0.675));
#11094 = VECTOR('',#11095,1.);
#11095 = DIRECTION('',(-1.,-2.22044604925E-16,0.));
#11096 = PLANE('',#11097);
#11097 = AXIS2_PLACEMENT_3D('',#11098,#11099,#11100);
#11098 = CARTESIAN_POINT('',(2.632923288131,1.495,0.313172218985));
#11099 = DIRECTION('',(2.22044604925E-16,-1.,0.));
#11100 = DIRECTION('',(0.,0.,1.));
#11101 = ADVANCED_FACE('',(#11102),#11118,.T.);
#11102 = FACE_BOUND('',#11103,.T.);
#11103 = EDGE_LOOP('',(#11104,#11110,#11111,#11117));
#11104 = ORIENTED_EDGE('',*,*,#11105,.F.);
#11105 = EDGE_CURVE('',#9800,#10151,#11106,.T.);
#11106 = LINE('',#11107,#11108);
#11107 = CARTESIAN_POINT('',(2.4,-1.495,0.675));
#11108 = VECTOR('',#11109,1.);
#11109 = DIRECTION('',(-1.,-2.22044604925E-16,0.));
#11110 = ORIENTED_EDGE('',*,*,#9816,.T.);
#11111 = ORIENTED_EDGE('',*,*,#11112,.T.);
#11112 = EDGE_CURVE('',#9809,#10159,#11113,.T.);
#11113 = LINE('',#11114,#11115);
#11114 = CARTESIAN_POINT('',(2.4,-1.105,0.675));
#11115 = VECTOR('',#11116,1.);
#11116 = DIRECTION('',(-1.,-2.22044604925E-16,0.));
#11117 = ORIENTED_EDGE('',*,*,#10158,.F.);
#11118 = B_SPLINE_SURFACE_WITH_KNOTS('',1,1,(
    (#11119,#11120)
    ,(#11121,#11122
    )),.UNSPECIFIED.,.F.,.F.,.F.,(2,2),(2,2),(0.,5.),(0.,1.),
  .PIECEWISE_BEZIER_KNOTS.);
#11119 = CARTESIAN_POINT('',(2.2,-2.5,0.675));
#11120 = CARTESIAN_POINT('',(2.15,-2.45,0.675));
#11121 = CARTESIAN_POINT('',(2.2,2.5,0.675));
#11122 = CARTESIAN_POINT('',(2.15,2.45,0.675));
#11123 = ADVANCED_FACE('',(#11124),#11210,.T.);
#11124 = FACE_BOUND('',#11125,.T.);
#11125 = EDGE_LOOP('',(#11126,#11127,#11128,#11137,#11145,#11154,#11162,
    #11170,#11178,#11187,#11195,#11204));
#11126 = ORIENTED_EDGE('',*,*,#9808,.T.);
#11127 = ORIENTED_EDGE('',*,*,#9870,.T.);
#11128 = ORIENTED_EDGE('',*,*,#11129,.T.);
#11129 = EDGE_CURVE('',#9871,#11130,#11132,.T.);
#11130 = VERTEX_POINT('',#11131);
#11131 = CARTESIAN_POINT('',(2.5,-1.105,0.425));
#11132 = CIRCLE('',#11133,0.1);
#11133 = AXIS2_PLACEMENT_3D('',#11134,#11135,#11136);
#11134 = CARTESIAN_POINT('',(2.4,-1.105,0.425));
#11135 = DIRECTION('',(-2.22044604925E-16,1.,0.));
#11136 = DIRECTION('',(0.,0.,1.));
#11137 = ORIENTED_EDGE('',*,*,#11138,.T.);
#11138 = EDGE_CURVE('',#11130,#11139,#11141,.T.);
#11139 = VERTEX_POINT('',#11140);
#11140 = CARTESIAN_POINT('',(2.5,-1.105,0.25));
#11141 = LINE('',#11142,#11143);
#11142 = CARTESIAN_POINT('',(2.5,-1.105,0.425));
#11143 = VECTOR('',#11144,1.);
#11144 = DIRECTION('',(0.,0.,-1.));
#11145 = ORIENTED_EDGE('',*,*,#11146,.T.);
#11146 = EDGE_CURVE('',#11139,#11147,#11149,.T.);
#11147 = VERTEX_POINT('',#11148);
#11148 = CARTESIAN_POINT('',(2.75,-1.105,1.110223024625E-16));
#11149 = CIRCLE('',#11150,0.25);
#11150 = AXIS2_PLACEMENT_3D('',#11151,#11152,#11153);
#11151 = CARTESIAN_POINT('',(2.75,-1.105,0.25));
#11152 = DIRECTION('',(2.22044604925E-16,-1.,0.));
#11153 = DIRECTION('',(-1.,-2.22044604925E-16,-2.442490654175E-15));
#11154 = ORIENTED_EDGE('',*,*,#11155,.T.);
#11155 = EDGE_CURVE('',#11147,#11156,#11158,.T.);
#11156 = VERTEX_POINT('',#11157);
#11157 = CARTESIAN_POINT('',(3.2,-1.105,1.110223024625E-16));
#11158 = LINE('',#11159,#11160);
#11159 = CARTESIAN_POINT('',(2.75,-1.105,1.110223024625E-16));
#11160 = VECTOR('',#11161,1.);
#11161 = DIRECTION('',(1.,2.22044604925E-16,0.));
#11162 = ORIENTED_EDGE('',*,*,#11163,.T.);
#11163 = EDGE_CURVE('',#11156,#11164,#11166,.T.);
#11164 = VERTEX_POINT('',#11165);
#11165 = CARTESIAN_POINT('',(3.2,-1.105,0.15));
#11166 = LINE('',#11167,#11168);
#11167 = CARTESIAN_POINT('',(3.2,-1.105,1.110223024625E-16));
#11168 = VECTOR('',#11169,1.);
#11169 = DIRECTION('',(0.,0.,1.));
#11170 = ORIENTED_EDGE('',*,*,#11171,.T.);
#11171 = EDGE_CURVE('',#11164,#11172,#11174,.T.);
#11172 = VERTEX_POINT('',#11173);
#11173 = CARTESIAN_POINT('',(2.75,-1.105,0.15));
#11174 = LINE('',#11175,#11176);
#11175 = CARTESIAN_POINT('',(3.2,-1.105,0.15));
#11176 = VECTOR('',#11177,1.);
#11177 = DIRECTION('',(-1.,-2.22044604925E-16,0.));
#11178 = ORIENTED_EDGE('',*,*,#11179,.T.);
#11179 = EDGE_CURVE('',#11172,#11180,#11182,.T.);
#11180 = VERTEX_POINT('',#11181);
#11181 = CARTESIAN_POINT('',(2.65,-1.105,0.25));
#11182 = CIRCLE('',#11183,0.1);
#11183 = AXIS2_PLACEMENT_3D('',#11184,#11185,#11186);
#11184 = CARTESIAN_POINT('',(2.75,-1.105,0.25));
#11185 = DIRECTION('',(-2.22044604925E-16,1.,0.));
#11186 = DIRECTION('',(0.,0.,-1.));
#11187 = ORIENTED_EDGE('',*,*,#11188,.T.);
#11188 = EDGE_CURVE('',#11180,#11189,#11191,.T.);
#11189 = VERTEX_POINT('',#11190);
#11190 = CARTESIAN_POINT('',(2.65,-1.105,0.425));
#11191 = LINE('',#11192,#11193);
#11192 = CARTESIAN_POINT('',(2.65,-1.105,0.25));
#11193 = VECTOR('',#11194,1.);
#11194 = DIRECTION('',(0.,0.,1.));
#11195 = ORIENTED_EDGE('',*,*,#11196,.T.);
#11196 = EDGE_CURVE('',#11189,#11197,#11199,.T.);
#11197 = VERTEX_POINT('',#11198);
#11198 = CARTESIAN_POINT('',(2.4,-1.105,0.675));
#11199 = CIRCLE('',#11200,0.25);
#11200 = AXIS2_PLACEMENT_3D('',#11201,#11202,#11203);
#11201 = CARTESIAN_POINT('',(2.4,-1.105,0.425));
#11202 = DIRECTION('',(2.22044604925E-16,-1.,0.));
#11203 = DIRECTION('',(1.,2.22044604925E-16,2.22044604925E-15));
#11204 = ORIENTED_EDGE('',*,*,#11205,.T.);
#11205 = EDGE_CURVE('',#11197,#9809,#11206,.T.);
#11206 = LINE('',#11207,#11208);
#11207 = CARTESIAN_POINT('',(2.4,-1.105,0.675));
#11208 = VECTOR('',#11209,1.);
#11209 = DIRECTION('',(-1.,-2.22044604925E-16,0.));
#11210 = PLANE('',#11211);
#11211 = AXIS2_PLACEMENT_3D('',#11212,#11213,#11214);
#11212 = CARTESIAN_POINT('',(2.632923288131,-1.105,0.313172218985));
#11213 = DIRECTION('',(2.22044604925E-16,-1.,0.));
#11214 = DIRECTION('',(0.,0.,1.));
#11215 = ADVANCED_FACE('',(#11216),#11302,.F.);
#11216 = FACE_BOUND('',#11217,.F.);
#11217 = EDGE_LOOP('',(#11218,#11219,#11220,#11229,#11237,#11246,#11254,
    #11262,#11270,#11279,#11287,#11296));
#11218 = ORIENTED_EDGE('',*,*,#9830,.T.);
#11219 = ORIENTED_EDGE('',*,*,#9892,.T.);
#11220 = ORIENTED_EDGE('',*,*,#11221,.T.);
#11221 = EDGE_CURVE('',#9893,#11222,#11224,.T.);
#11222 = VERTEX_POINT('',#11223);
#11223 = CARTESIAN_POINT('',(2.5,1.105,0.425));
#11224 = CIRCLE('',#11225,0.1);
#11225 = AXIS2_PLACEMENT_3D('',#11226,#11227,#11228);
#11226 = CARTESIAN_POINT('',(2.4,1.105,0.425));
#11227 = DIRECTION('',(-2.22044604925E-16,1.,0.));
#11228 = DIRECTION('',(0.,0.,1.));
#11229 = ORIENTED_EDGE('',*,*,#11230,.T.);
#11230 = EDGE_CURVE('',#11222,#11231,#11233,.T.);
#11231 = VERTEX_POINT('',#11232);
#11232 = CARTESIAN_POINT('',(2.5,1.105,0.25));
#11233 = LINE('',#11234,#11235);
#11234 = CARTESIAN_POINT('',(2.5,1.105,0.425));
#11235 = VECTOR('',#11236,1.);
#11236 = DIRECTION('',(0.,0.,-1.));
#11237 = ORIENTED_EDGE('',*,*,#11238,.T.);
#11238 = EDGE_CURVE('',#11231,#11239,#11241,.T.);
#11239 = VERTEX_POINT('',#11240);
#11240 = CARTESIAN_POINT('',(2.75,1.105,1.110223024625E-16));
#11241 = CIRCLE('',#11242,0.25);
#11242 = AXIS2_PLACEMENT_3D('',#11243,#11244,#11245);
#11243 = CARTESIAN_POINT('',(2.75,1.105,0.25));
#11244 = DIRECTION('',(2.22044604925E-16,-1.,0.));
#11245 = DIRECTION('',(-1.,-2.22044604925E-16,-2.442490654175E-15));
#11246 = ORIENTED_EDGE('',*,*,#11247,.T.);
#11247 = EDGE_CURVE('',#11239,#11248,#11250,.T.);
#11248 = VERTEX_POINT('',#11249);
#11249 = CARTESIAN_POINT('',(3.2,1.105,1.110223024625E-16));
#11250 = LINE('',#11251,#11252);
#11251 = CARTESIAN_POINT('',(2.75,1.105,1.110223024625E-16));
#11252 = VECTOR('',#11253,1.);
#11253 = DIRECTION('',(1.,2.22044604925E-16,0.));
#11254 = ORIENTED_EDGE('',*,*,#11255,.T.);
#11255 = EDGE_CURVE('',#11248,#11256,#11258,.T.);
#11256 = VERTEX_POINT('',#11257);
#11257 = CARTESIAN_POINT('',(3.2,1.105,0.15));
#11258 = LINE('',#11259,#11260);
#11259 = CARTESIAN_POINT('',(3.2,1.105,1.110223024625E-16));
#11260 = VECTOR('',#11261,1.);
#11261 = DIRECTION('',(0.,0.,1.));
#11262 = ORIENTED_EDGE('',*,*,#11263,.T.);
#11263 = EDGE_CURVE('',#11256,#11264,#11266,.T.);
#11264 = VERTEX_POINT('',#11265);
#11265 = CARTESIAN_POINT('',(2.75,1.105,0.15));
#11266 = LINE('',#11267,#11268);
#11267 = CARTESIAN_POINT('',(3.2,1.105,0.15));
#11268 = VECTOR('',#11269,1.);
#11269 = DIRECTION('',(-1.,-2.22044604925E-16,0.));
#11270 = ORIENTED_EDGE('',*,*,#11271,.T.);
#11271 = EDGE_CURVE('',#11264,#11272,#11274,.T.);
#11272 = VERTEX_POINT('',#11273);
#11273 = CARTESIAN_POINT('',(2.65,1.105,0.25));
#11274 = CIRCLE('',#11275,0.1);
#11275 = AXIS2_PLACEMENT_3D('',#11276,#11277,#11278);
#11276 = CARTESIAN_POINT('',(2.75,1.105,0.25));
#11277 = DIRECTION('',(-2.22044604925E-16,1.,0.));
#11278 = DIRECTION('',(0.,0.,-1.));
#11279 = ORIENTED_EDGE('',*,*,#11280,.T.);
#11280 = EDGE_CURVE('',#11272,#11281,#11283,.T.);
#11281 = VERTEX_POINT('',#11282);
#11282 = CARTESIAN_POINT('',(2.65,1.105,0.425));
#11283 = LINE('',#11284,#11285);
#11284 = CARTESIAN_POINT('',(2.65,1.105,0.25));
#11285 = VECTOR('',#11286,1.);
#11286 = DIRECTION('',(0.,0.,1.));
#11287 = ORIENTED_EDGE('',*,*,#11288,.T.);
#11288 = EDGE_CURVE('',#11281,#11289,#11291,.T.);
#11289 = VERTEX_POINT('',#11290);
#11290 = CARTESIAN_POINT('',(2.4,1.105,0.675));
#11291 = CIRCLE('',#11292,0.25);
#11292 = AXIS2_PLACEMENT_3D('',#11293,#11294,#11295);
#11293 = CARTESIAN_POINT('',(2.4,1.105,0.425));
#11294 = DIRECTION('',(2.22044604925E-16,-1.,0.));
#11295 = DIRECTION('',(1.,2.22044604925E-16,2.22044604925E-15));
#11296 = ORIENTED_EDGE('',*,*,#11297,.T.);
#11297 = EDGE_CURVE('',#11289,#9831,#11298,.T.);
#11298 = LINE('',#11299,#11300);
#11299 = CARTESIAN_POINT('',(2.4,1.105,0.675));
#11300 = VECTOR('',#11301,1.);
#11301 = DIRECTION('',(-1.,-2.22044604925E-16,0.));
#11302 = PLANE('',#11303);
#11303 = AXIS2_PLACEMENT_3D('',#11304,#11305,#11306);
#11304 = CARTESIAN_POINT('',(2.632923288131,1.105,0.313172218985));
#11305 = DIRECTION('',(2.22044604925E-16,-1.,0.));
#11306 = DIRECTION('',(0.,0.,1.));
#11307 = ADVANCED_FACE('',(#11308),#11324,.T.);
#11308 = FACE_BOUND('',#11309,.T.);
#11309 = EDGE_LOOP('',(#11310,#11316,#11317,#11323));
#11310 = ORIENTED_EDGE('',*,*,#11311,.F.);
#11311 = EDGE_CURVE('',#9831,#10215,#11312,.T.);
#11312 = LINE('',#11313,#11314);
#11313 = CARTESIAN_POINT('',(2.4,1.105,0.675));
#11314 = VECTOR('',#11315,1.);
#11315 = DIRECTION('',(-1.,-2.22044604925E-16,0.));
#11316 = ORIENTED_EDGE('',*,*,#9847,.T.);
#11317 = ORIENTED_EDGE('',*,*,#11318,.T.);
#11318 = EDGE_CURVE('',#9840,#10223,#11319,.T.);
#11319 = LINE('',#11320,#11321);
#11320 = CARTESIAN_POINT('',(2.4,1.495,0.675));
#11321 = VECTOR('',#11322,1.);
#11322 = DIRECTION('',(-1.,-2.22044604925E-16,0.));
#11323 = ORIENTED_EDGE('',*,*,#10222,.F.);
#11324 = B_SPLINE_SURFACE_WITH_KNOTS('',1,1,(
    (#11325,#11326)
    ,(#11327,#11328
    )),.UNSPECIFIED.,.F.,.F.,.F.,(2,2),(2,2),(0.,5.),(0.,1.),
  .PIECEWISE_BEZIER_KNOTS.);
#11325 = CARTESIAN_POINT('',(2.2,-2.5,0.675));
#11326 = CARTESIAN_POINT('',(2.15,-2.45,0.675));
#11327 = CARTESIAN_POINT('',(2.2,2.5,0.675));
#11328 = CARTESIAN_POINT('',(2.15,2.45,0.675));
#11329 = ADVANCED_FACE('',(#11330),#11416,.F.);
#11330 = FACE_BOUND('',#11331,.F.);
#11331 = EDGE_LOOP('',(#11332,#11333,#11334,#11343,#11351,#11360,#11368,
    #11376,#11384,#11393,#11401,#11410));
#11332 = ORIENTED_EDGE('',*,*,#9923,.T.);
#11333 = ORIENTED_EDGE('',*,*,#9861,.T.);
#11334 = ORIENTED_EDGE('',*,*,#11335,.T.);
#11335 = EDGE_CURVE('',#9862,#11336,#11338,.T.);
#11336 = VERTEX_POINT('',#11337);
#11337 = CARTESIAN_POINT('',(2.5,-0.845,0.425));
#11338 = CIRCLE('',#11339,0.1);
#11339 = AXIS2_PLACEMENT_3D('',#11340,#11341,#11342);
#11340 = CARTESIAN_POINT('',(2.4,-0.845,0.425));
#11341 = DIRECTION('',(-2.22044604925E-16,1.,0.));
#11342 = DIRECTION('',(0.,0.,1.));
#11343 = ORIENTED_EDGE('',*,*,#11344,.T.);
#11344 = EDGE_CURVE('',#11336,#11345,#11347,.T.);
#11345 = VERTEX_POINT('',#11346);
#11346 = CARTESIAN_POINT('',(2.5,-0.845,0.25));
#11347 = LINE('',#11348,#11349);
#11348 = CARTESIAN_POINT('',(2.5,-0.845,0.425));
#11349 = VECTOR('',#11350,1.);
#11350 = DIRECTION('',(0.,0.,-1.));
#11351 = ORIENTED_EDGE('',*,*,#11352,.T.);
#11352 = EDGE_CURVE('',#11345,#11353,#11355,.T.);
#11353 = VERTEX_POINT('',#11354);
#11354 = CARTESIAN_POINT('',(2.75,-0.845,1.110223024625E-16));
#11355 = CIRCLE('',#11356,0.25);
#11356 = AXIS2_PLACEMENT_3D('',#11357,#11358,#11359);
#11357 = CARTESIAN_POINT('',(2.75,-0.845,0.25));
#11358 = DIRECTION('',(2.22044604925E-16,-1.,0.));
#11359 = DIRECTION('',(-1.,-2.22044604925E-16,-2.442490654175E-15));
#11360 = ORIENTED_EDGE('',*,*,#11361,.T.);
#11361 = EDGE_CURVE('',#11353,#11362,#11364,.T.);
#11362 = VERTEX_POINT('',#11363);
#11363 = CARTESIAN_POINT('',(3.2,-0.845,1.110223024625E-16));
#11364 = LINE('',#11365,#11366);
#11365 = CARTESIAN_POINT('',(2.75,-0.845,1.110223024625E-16));
#11366 = VECTOR('',#11367,1.);
#11367 = DIRECTION('',(1.,2.22044604925E-16,0.));
#11368 = ORIENTED_EDGE('',*,*,#11369,.T.);
#11369 = EDGE_CURVE('',#11362,#11370,#11372,.T.);
#11370 = VERTEX_POINT('',#11371);
#11371 = CARTESIAN_POINT('',(3.2,-0.845,0.15));
#11372 = LINE('',#11373,#11374);
#11373 = CARTESIAN_POINT('',(3.2,-0.845,1.110223024625E-16));
#11374 = VECTOR('',#11375,1.);
#11375 = DIRECTION('',(0.,0.,1.));
#11376 = ORIENTED_EDGE('',*,*,#11377,.T.);
#11377 = EDGE_CURVE('',#11370,#11378,#11380,.T.);
#11378 = VERTEX_POINT('',#11379);
#11379 = CARTESIAN_POINT('',(2.75,-0.845,0.15));
#11380 = LINE('',#11381,#11382);
#11381 = CARTESIAN_POINT('',(3.2,-0.845,0.15));
#11382 = VECTOR('',#11383,1.);
#11383 = DIRECTION('',(-1.,-2.22044604925E-16,0.));
#11384 = ORIENTED_EDGE('',*,*,#11385,.T.);
#11385 = EDGE_CURVE('',#11378,#11386,#11388,.T.);
#11386 = VERTEX_POINT('',#11387);
#11387 = CARTESIAN_POINT('',(2.65,-0.845,0.25));
#11388 = CIRCLE('',#11389,0.1);
#11389 = AXIS2_PLACEMENT_3D('',#11390,#11391,#11392);
#11390 = CARTESIAN_POINT('',(2.75,-0.845,0.25));
#11391 = DIRECTION('',(-2.22044604925E-16,1.,0.));
#11392 = DIRECTION('',(0.,0.,-1.));
#11393 = ORIENTED_EDGE('',*,*,#11394,.T.);
#11394 = EDGE_CURVE('',#11386,#11395,#11397,.T.);
#11395 = VERTEX_POINT('',#11396);
#11396 = CARTESIAN_POINT('',(2.65,-0.845,0.425));
#11397 = LINE('',#11398,#11399);
#11398 = CARTESIAN_POINT('',(2.65,-0.845,0.25));
#11399 = VECTOR('',#11400,1.);
#11400 = DIRECTION('',(0.,0.,1.));
#11401 = ORIENTED_EDGE('',*,*,#11402,.T.);
#11402 = EDGE_CURVE('',#11395,#11403,#11405,.T.);
#11403 = VERTEX_POINT('',#11404);
#11404 = CARTESIAN_POINT('',(2.4,-0.845,0.675));
#11405 = CIRCLE('',#11406,0.25);
#11406 = AXIS2_PLACEMENT_3D('',#11407,#11408,#11409);
#11407 = CARTESIAN_POINT('',(2.4,-0.845,0.425));
#11408 = DIRECTION('',(2.22044604925E-16,-1.,0.));
#11409 = DIRECTION('',(1.,2.22044604925E-16,2.22044604925E-15));
#11410 = ORIENTED_EDGE('',*,*,#11411,.T.);
#11411 = EDGE_CURVE('',#11403,#9924,#11412,.T.);
#11412 = LINE('',#11413,#11414);
#11413 = CARTESIAN_POINT('',(2.4,-0.845,0.675));
#11414 = VECTOR('',#11415,1.);
#11415 = DIRECTION('',(-1.,-2.22044604925E-16,0.));
#11416 = PLANE('',#11417);
#11417 = AXIS2_PLACEMENT_3D('',#11418,#11419,#11420);
#11418 = CARTESIAN_POINT('',(2.632923288131,-0.845,0.313172218985));
#11419 = DIRECTION('',(2.22044604925E-16,-1.,0.));
#11420 = DIRECTION('',(0.,0.,1.));
#11421 = ADVANCED_FACE('',(#11422),#11433,.F.);
#11422 = FACE_BOUND('',#11423,.F.);
#11423 = EDGE_LOOP('',(#11424,#11425,#11426,#11432));
#11424 = ORIENTED_EDGE('',*,*,#9878,.T.);
#11425 = ORIENTED_EDGE('',*,*,#11129,.T.);
#11426 = ORIENTED_EDGE('',*,*,#11427,.F.);
#11427 = EDGE_CURVE('',#11336,#11130,#11428,.T.);
#11428 = LINE('',#11429,#11430);
#11429 = CARTESIAN_POINT('',(2.5,-0.845,0.425));
#11430 = VECTOR('',#11431,1.);
#11431 = DIRECTION('',(2.22044604925E-16,-1.,0.));
#11432 = ORIENTED_EDGE('',*,*,#11335,.F.);
#11433 = CYLINDRICAL_SURFACE('',#11434,0.1);
#11434 = AXIS2_PLACEMENT_3D('',#11435,#11436,#11437);
#11435 = CARTESIAN_POINT('',(2.4,-0.845,0.425));
#11436 = DIRECTION('',(-2.22044604925E-16,1.,0.));
#11437 = DIRECTION('',(0.,0.,1.));
#11438 = ADVANCED_FACE('',(#11439),#11458,.F.);
#11439 = FACE_BOUND('',#11440,.F.);
#11440 = EDGE_LOOP('',(#11441,#11442,#11451,#11457));
#11441 = ORIENTED_EDGE('',*,*,#9909,.T.);
#11442 = ORIENTED_EDGE('',*,*,#11443,.T.);
#11443 = EDGE_CURVE('',#9902,#11444,#11446,.T.);
#11444 = VERTEX_POINT('',#11445);
#11445 = CARTESIAN_POINT('',(2.5,0.845,0.425));
#11446 = CIRCLE('',#11447,0.1);
#11447 = AXIS2_PLACEMENT_3D('',#11448,#11449,#11450);
#11448 = CARTESIAN_POINT('',(2.4,0.845,0.425));
#11449 = DIRECTION('',(-2.22044604925E-16,1.,0.));
#11450 = DIRECTION('',(0.,0.,1.));
#11451 = ORIENTED_EDGE('',*,*,#11452,.F.);
#11452 = EDGE_CURVE('',#11222,#11444,#11453,.T.);
#11453 = LINE('',#11454,#11455);
#11454 = CARTESIAN_POINT('',(2.5,1.105,0.425));
#11455 = VECTOR('',#11456,1.);
#11456 = DIRECTION('',(2.22044604925E-16,-1.,0.));
#11457 = ORIENTED_EDGE('',*,*,#11221,.F.);
#11458 = CYLINDRICAL_SURFACE('',#11459,0.1);
#11459 = AXIS2_PLACEMENT_3D('',#11460,#11461,#11462);
#11460 = CARTESIAN_POINT('',(2.4,1.105,0.425));
#11461 = DIRECTION('',(-2.22044604925E-16,1.,0.));
#11462 = DIRECTION('',(0.,0.,1.));
#11463 = ADVANCED_FACE('',(#11464),#11542,.T.);
#11464 = FACE_BOUND('',#11465,.T.);
#11465 = EDGE_LOOP('',(#11466,#11467,#11468,#11469,#11477,#11486,#11494,
    #11502,#11510,#11519,#11527,#11536));
#11466 = ORIENTED_EDGE('',*,*,#9963,.T.);
#11467 = ORIENTED_EDGE('',*,*,#9901,.T.);
#11468 = ORIENTED_EDGE('',*,*,#11443,.T.);
#11469 = ORIENTED_EDGE('',*,*,#11470,.T.);
#11470 = EDGE_CURVE('',#11444,#11471,#11473,.T.);
#11471 = VERTEX_POINT('',#11472);
#11472 = CARTESIAN_POINT('',(2.5,0.845,0.25));
#11473 = LINE('',#11474,#11475);
#11474 = CARTESIAN_POINT('',(2.5,0.845,0.425));
#11475 = VECTOR('',#11476,1.);
#11476 = DIRECTION('',(0.,0.,-1.));
#11477 = ORIENTED_EDGE('',*,*,#11478,.T.);
#11478 = EDGE_CURVE('',#11471,#11479,#11481,.T.);
#11479 = VERTEX_POINT('',#11480);
#11480 = CARTESIAN_POINT('',(2.75,0.845,1.110223024625E-16));
#11481 = CIRCLE('',#11482,0.25);
#11482 = AXIS2_PLACEMENT_3D('',#11483,#11484,#11485);
#11483 = CARTESIAN_POINT('',(2.75,0.845,0.25));
#11484 = DIRECTION('',(2.22044604925E-16,-1.,0.));
#11485 = DIRECTION('',(-1.,-2.22044604925E-16,-2.442490654175E-15));
#11486 = ORIENTED_EDGE('',*,*,#11487,.T.);
#11487 = EDGE_CURVE('',#11479,#11488,#11490,.T.);
#11488 = VERTEX_POINT('',#11489);
#11489 = CARTESIAN_POINT('',(3.2,0.845,1.110223024625E-16));
#11490 = LINE('',#11491,#11492);
#11491 = CARTESIAN_POINT('',(2.75,0.845,1.110223024625E-16));
#11492 = VECTOR('',#11493,1.);
#11493 = DIRECTION('',(1.,2.22044604925E-16,0.));
#11494 = ORIENTED_EDGE('',*,*,#11495,.T.);
#11495 = EDGE_CURVE('',#11488,#11496,#11498,.T.);
#11496 = VERTEX_POINT('',#11497);
#11497 = CARTESIAN_POINT('',(3.2,0.845,0.15));
#11498 = LINE('',#11499,#11500);
#11499 = CARTESIAN_POINT('',(3.2,0.845,1.110223024625E-16));
#11500 = VECTOR('',#11501,1.);
#11501 = DIRECTION('',(0.,0.,1.));
#11502 = ORIENTED_EDGE('',*,*,#11503,.T.);
#11503 = EDGE_CURVE('',#11496,#11504,#11506,.T.);
#11504 = VERTEX_POINT('',#11505);
#11505 = CARTESIAN_POINT('',(2.75,0.845,0.15));
#11506 = LINE('',#11507,#11508);
#11507 = CARTESIAN_POINT('',(3.2,0.845,0.15));
#11508 = VECTOR('',#11509,1.);
#11509 = DIRECTION('',(-1.,-2.22044604925E-16,0.));
#11510 = ORIENTED_EDGE('',*,*,#11511,.T.);
#11511 = EDGE_CURVE('',#11504,#11512,#11514,.T.);
#11512 = VERTEX_POINT('',#11513);
#11513 = CARTESIAN_POINT('',(2.65,0.845,0.25));
#11514 = CIRCLE('',#11515,0.1);
#11515 = AXIS2_PLACEMENT_3D('',#11516,#11517,#11518);
#11516 = CARTESIAN_POINT('',(2.75,0.845,0.25));
#11517 = DIRECTION('',(-2.22044604925E-16,1.,0.));
#11518 = DIRECTION('',(0.,0.,-1.));
#11519 = ORIENTED_EDGE('',*,*,#11520,.T.);
#11520 = EDGE_CURVE('',#11512,#11521,#11523,.T.);
#11521 = VERTEX_POINT('',#11522);
#11522 = CARTESIAN_POINT('',(2.65,0.845,0.425));
#11523 = LINE('',#11524,#11525);
#11524 = CARTESIAN_POINT('',(2.65,0.845,0.25));
#11525 = VECTOR('',#11526,1.);
#11526 = DIRECTION('',(0.,0.,1.));
#11527 = ORIENTED_EDGE('',*,*,#11528,.T.);
#11528 = EDGE_CURVE('',#11521,#11529,#11531,.T.);
#11529 = VERTEX_POINT('',#11530);
#11530 = CARTESIAN_POINT('',(2.4,0.845,0.675));
#11531 = CIRCLE('',#11532,0.25);
#11532 = AXIS2_PLACEMENT_3D('',#11533,#11534,#11535);
#11533 = CARTESIAN_POINT('',(2.4,0.845,0.425));
#11534 = DIRECTION('',(2.22044604925E-16,-1.,0.));
#11535 = DIRECTION('',(1.,2.22044604925E-16,2.22044604925E-15));
#11536 = ORIENTED_EDGE('',*,*,#11537,.T.);
#11537 = EDGE_CURVE('',#11529,#9964,#11538,.T.);
#11538 = LINE('',#11539,#11540);
#11539 = CARTESIAN_POINT('',(2.4,0.845,0.675));
#11540 = VECTOR('',#11541,1.);
#11541 = DIRECTION('',(-1.,-2.22044604925E-16,0.));
#11542 = PLANE('',#11543);
#11543 = AXIS2_PLACEMENT_3D('',#11544,#11545,#11546);
#11544 = CARTESIAN_POINT('',(2.632923288131,0.845,0.313172218985));
#11545 = DIRECTION('',(2.22044604925E-16,-1.,0.));
#11546 = DIRECTION('',(0.,0.,1.));
#11547 = ADVANCED_FACE('',(#11548),#11564,.T.);
#11548 = FACE_BOUND('',#11549,.T.);
#11549 = EDGE_LOOP('',(#11550,#11556,#11557,#11563));
#11550 = ORIENTED_EDGE('',*,*,#11551,.F.);
#11551 = EDGE_CURVE('',#9924,#10167,#11552,.T.);
#11552 = LINE('',#11553,#11554);
#11553 = CARTESIAN_POINT('',(2.4,-0.845,0.675));
#11554 = VECTOR('',#11555,1.);
#11555 = DIRECTION('',(-1.,-2.22044604925E-16,0.));
#11556 = ORIENTED_EDGE('',*,*,#9940,.T.);
#11557 = ORIENTED_EDGE('',*,*,#11558,.T.);
#11558 = EDGE_CURVE('',#9933,#10175,#11559,.T.);
#11559 = LINE('',#11560,#11561);
#11560 = CARTESIAN_POINT('',(2.4,-0.455,0.675));
#11561 = VECTOR('',#11562,1.);
#11562 = DIRECTION('',(-1.,-2.22044604925E-16,0.));
#11563 = ORIENTED_EDGE('',*,*,#10174,.F.);
#11564 = B_SPLINE_SURFACE_WITH_KNOTS('',1,1,(
    (#11565,#11566)
    ,(#11567,#11568
    )),.UNSPECIFIED.,.F.,.F.,.F.,(2,2),(2,2),(0.,5.),(0.,1.),
  .PIECEWISE_BEZIER_KNOTS.);
#11565 = CARTESIAN_POINT('',(2.2,-2.5,0.675));
#11566 = CARTESIAN_POINT('',(2.15,-2.45,0.675));
#11567 = CARTESIAN_POINT('',(2.2,2.5,0.675));
#11568 = CARTESIAN_POINT('',(2.15,2.45,0.675));
#11569 = ADVANCED_FACE('',(#11570),#11656,.T.);
#11570 = FACE_BOUND('',#11571,.T.);
#11571 = EDGE_LOOP('',(#11572,#11573,#11574,#11583,#11591,#11600,#11608,
    #11616,#11624,#11633,#11641,#11650));
#11572 = ORIENTED_EDGE('',*,*,#9932,.T.);
#11573 = ORIENTED_EDGE('',*,*,#9994,.T.);
#11574 = ORIENTED_EDGE('',*,*,#11575,.T.);
#11575 = EDGE_CURVE('',#9995,#11576,#11578,.T.);
#11576 = VERTEX_POINT('',#11577);
#11577 = CARTESIAN_POINT('',(2.5,-0.455,0.425));
#11578 = CIRCLE('',#11579,0.1);
#11579 = AXIS2_PLACEMENT_3D('',#11580,#11581,#11582);
#11580 = CARTESIAN_POINT('',(2.4,-0.455,0.425));
#11581 = DIRECTION('',(-2.22044604925E-16,1.,0.));
#11582 = DIRECTION('',(0.,0.,1.));
#11583 = ORIENTED_EDGE('',*,*,#11584,.T.);
#11584 = EDGE_CURVE('',#11576,#11585,#11587,.T.);
#11585 = VERTEX_POINT('',#11586);
#11586 = CARTESIAN_POINT('',(2.5,-0.455,0.25));
#11587 = LINE('',#11588,#11589);
#11588 = CARTESIAN_POINT('',(2.5,-0.455,0.425));
#11589 = VECTOR('',#11590,1.);
#11590 = DIRECTION('',(0.,0.,-1.));
#11591 = ORIENTED_EDGE('',*,*,#11592,.T.);
#11592 = EDGE_CURVE('',#11585,#11593,#11595,.T.);
#11593 = VERTEX_POINT('',#11594);
#11594 = CARTESIAN_POINT('',(2.75,-0.455,1.110223024625E-16));
#11595 = CIRCLE('',#11596,0.25);
#11596 = AXIS2_PLACEMENT_3D('',#11597,#11598,#11599);
#11597 = CARTESIAN_POINT('',(2.75,-0.455,0.25));
#11598 = DIRECTION('',(2.22044604925E-16,-1.,0.));
#11599 = DIRECTION('',(-1.,-2.22044604925E-16,-2.442490654175E-15));
#11600 = ORIENTED_EDGE('',*,*,#11601,.T.);
#11601 = EDGE_CURVE('',#11593,#11602,#11604,.T.);
#11602 = VERTEX_POINT('',#11603);
#11603 = CARTESIAN_POINT('',(3.2,-0.455,1.110223024625E-16));
#11604 = LINE('',#11605,#11606);
#11605 = CARTESIAN_POINT('',(2.75,-0.455,1.110223024625E-16));
#11606 = VECTOR('',#11607,1.);
#11607 = DIRECTION('',(1.,2.22044604925E-16,0.));
#11608 = ORIENTED_EDGE('',*,*,#11609,.T.);
#11609 = EDGE_CURVE('',#11602,#11610,#11612,.T.);
#11610 = VERTEX_POINT('',#11611);
#11611 = CARTESIAN_POINT('',(3.2,-0.455,0.15));
#11612 = LINE('',#11613,#11614);
#11613 = CARTESIAN_POINT('',(3.2,-0.455,1.110223024625E-16));
#11614 = VECTOR('',#11615,1.);
#11615 = DIRECTION('',(0.,0.,1.));
#11616 = ORIENTED_EDGE('',*,*,#11617,.T.);
#11617 = EDGE_CURVE('',#11610,#11618,#11620,.T.);
#11618 = VERTEX_POINT('',#11619);
#11619 = CARTESIAN_POINT('',(2.75,-0.455,0.15));
#11620 = LINE('',#11621,#11622);
#11621 = CARTESIAN_POINT('',(3.2,-0.455,0.15));
#11622 = VECTOR('',#11623,1.);
#11623 = DIRECTION('',(-1.,-2.22044604925E-16,0.));
#11624 = ORIENTED_EDGE('',*,*,#11625,.T.);
#11625 = EDGE_CURVE('',#11618,#11626,#11628,.T.);
#11626 = VERTEX_POINT('',#11627);
#11627 = CARTESIAN_POINT('',(2.65,-0.455,0.25));
#11628 = CIRCLE('',#11629,0.1);
#11629 = AXIS2_PLACEMENT_3D('',#11630,#11631,#11632);
#11630 = CARTESIAN_POINT('',(2.75,-0.455,0.25));
#11631 = DIRECTION('',(-2.22044604925E-16,1.,0.));
#11632 = DIRECTION('',(0.,0.,-1.));
#11633 = ORIENTED_EDGE('',*,*,#11634,.T.);
#11634 = EDGE_CURVE('',#11626,#11635,#11637,.T.);
#11635 = VERTEX_POINT('',#11636);
#11636 = CARTESIAN_POINT('',(2.65,-0.455,0.425));
#11637 = LINE('',#11638,#11639);
#11638 = CARTESIAN_POINT('',(2.65,-0.455,0.25));
#11639 = VECTOR('',#11640,1.);
#11640 = DIRECTION('',(0.,0.,1.));
#11641 = ORIENTED_EDGE('',*,*,#11642,.T.);
#11642 = EDGE_CURVE('',#11635,#11643,#11645,.T.);
#11643 = VERTEX_POINT('',#11644);
#11644 = CARTESIAN_POINT('',(2.4,-0.455,0.675));
#11645 = CIRCLE('',#11646,0.25);
#11646 = AXIS2_PLACEMENT_3D('',#11647,#11648,#11649);
#11647 = CARTESIAN_POINT('',(2.4,-0.455,0.425));
#11648 = DIRECTION('',(2.22044604925E-16,-1.,0.));
#11649 = DIRECTION('',(1.,2.22044604925E-16,2.22044604925E-15));
#11650 = ORIENTED_EDGE('',*,*,#11651,.T.);
#11651 = EDGE_CURVE('',#11643,#9933,#11652,.T.);
#11652 = LINE('',#11653,#11654);
#11653 = CARTESIAN_POINT('',(2.4,-0.455,0.675));
#11654 = VECTOR('',#11655,1.);
#11655 = DIRECTION('',(-1.,-2.22044604925E-16,0.));
#11656 = PLANE('',#11657);
#11657 = AXIS2_PLACEMENT_3D('',#11658,#11659,#11660);
#11658 = CARTESIAN_POINT('',(2.632923288131,-0.455,0.313172218985));
#11659 = DIRECTION('',(2.22044604925E-16,-1.,0.));
#11660 = DIRECTION('',(0.,0.,1.));
#11661 = ADVANCED_FACE('',(#11662),#11748,.F.);
#11662 = FACE_BOUND('',#11663,.F.);
#11663 = EDGE_LOOP('',(#11664,#11665,#11666,#11675,#11683,#11692,#11700,
    #11708,#11716,#11725,#11733,#11742));
#11664 = ORIENTED_EDGE('',*,*,#9954,.T.);
#11665 = ORIENTED_EDGE('',*,*,#10016,.T.);
#11666 = ORIENTED_EDGE('',*,*,#11667,.T.);
#11667 = EDGE_CURVE('',#10017,#11668,#11670,.T.);
#11668 = VERTEX_POINT('',#11669);
#11669 = CARTESIAN_POINT('',(2.5,0.455,0.425));
#11670 = CIRCLE('',#11671,0.1);
#11671 = AXIS2_PLACEMENT_3D('',#11672,#11673,#11674);
#11672 = CARTESIAN_POINT('',(2.4,0.455,0.425));
#11673 = DIRECTION('',(-2.22044604925E-16,1.,0.));
#11674 = DIRECTION('',(0.,0.,1.));
#11675 = ORIENTED_EDGE('',*,*,#11676,.T.);
#11676 = EDGE_CURVE('',#11668,#11677,#11679,.T.);
#11677 = VERTEX_POINT('',#11678);
#11678 = CARTESIAN_POINT('',(2.5,0.455,0.25));
#11679 = LINE('',#11680,#11681);
#11680 = CARTESIAN_POINT('',(2.5,0.455,0.425));
#11681 = VECTOR('',#11682,1.);
#11682 = DIRECTION('',(0.,0.,-1.));
#11683 = ORIENTED_EDGE('',*,*,#11684,.T.);
#11684 = EDGE_CURVE('',#11677,#11685,#11687,.T.);
#11685 = VERTEX_POINT('',#11686);
#11686 = CARTESIAN_POINT('',(2.75,0.455,1.110223024625E-16));
#11687 = CIRCLE('',#11688,0.25);
#11688 = AXIS2_PLACEMENT_3D('',#11689,#11690,#11691);
#11689 = CARTESIAN_POINT('',(2.75,0.455,0.25));
#11690 = DIRECTION('',(2.22044604925E-16,-1.,0.));
#11691 = DIRECTION('',(-1.,-2.22044604925E-16,-2.442490654175E-15));
#11692 = ORIENTED_EDGE('',*,*,#11693,.T.);
#11693 = EDGE_CURVE('',#11685,#11694,#11696,.T.);
#11694 = VERTEX_POINT('',#11695);
#11695 = CARTESIAN_POINT('',(3.2,0.455,1.110223024625E-16));
#11696 = LINE('',#11697,#11698);
#11697 = CARTESIAN_POINT('',(2.75,0.455,1.110223024625E-16));
#11698 = VECTOR('',#11699,1.);
#11699 = DIRECTION('',(1.,2.22044604925E-16,0.));
#11700 = ORIENTED_EDGE('',*,*,#11701,.T.);
#11701 = EDGE_CURVE('',#11694,#11702,#11704,.T.);
#11702 = VERTEX_POINT('',#11703);
#11703 = CARTESIAN_POINT('',(3.2,0.455,0.15));
#11704 = LINE('',#11705,#11706);
#11705 = CARTESIAN_POINT('',(3.2,0.455,1.110223024625E-16));
#11706 = VECTOR('',#11707,1.);
#11707 = DIRECTION('',(0.,0.,1.));
#11708 = ORIENTED_EDGE('',*,*,#11709,.T.);
#11709 = EDGE_CURVE('',#11702,#11710,#11712,.T.);
#11710 = VERTEX_POINT('',#11711);
#11711 = CARTESIAN_POINT('',(2.75,0.455,0.15));
#11712 = LINE('',#11713,#11714);
#11713 = CARTESIAN_POINT('',(3.2,0.455,0.15));
#11714 = VECTOR('',#11715,1.);
#11715 = DIRECTION('',(-1.,-2.22044604925E-16,0.));
#11716 = ORIENTED_EDGE('',*,*,#11717,.T.);
#11717 = EDGE_CURVE('',#11710,#11718,#11720,.T.);
#11718 = VERTEX_POINT('',#11719);
#11719 = CARTESIAN_POINT('',(2.65,0.455,0.25));
#11720 = CIRCLE('',#11721,0.1);
#11721 = AXIS2_PLACEMENT_3D('',#11722,#11723,#11724);
#11722 = CARTESIAN_POINT('',(2.75,0.455,0.25));
#11723 = DIRECTION('',(-2.22044604925E-16,1.,0.));
#11724 = DIRECTION('',(0.,0.,-1.));
#11725 = ORIENTED_EDGE('',*,*,#11726,.T.);
#11726 = EDGE_CURVE('',#11718,#11727,#11729,.T.);
#11727 = VERTEX_POINT('',#11728);
#11728 = CARTESIAN_POINT('',(2.65,0.455,0.425));
#11729 = LINE('',#11730,#11731);
#11730 = CARTESIAN_POINT('',(2.65,0.455,0.25));
#11731 = VECTOR('',#11732,1.);
#11732 = DIRECTION('',(0.,0.,1.));
#11733 = ORIENTED_EDGE('',*,*,#11734,.T.);
#11734 = EDGE_CURVE('',#11727,#11735,#11737,.T.);
#11735 = VERTEX_POINT('',#11736);
#11736 = CARTESIAN_POINT('',(2.4,0.455,0.675));
#11737 = CIRCLE('',#11738,0.25);
#11738 = AXIS2_PLACEMENT_3D('',#11739,#11740,#11741);
#11739 = CARTESIAN_POINT('',(2.4,0.455,0.425));
#11740 = DIRECTION('',(2.22044604925E-16,-1.,0.));
#11741 = DIRECTION('',(1.,2.22044604925E-16,2.22044604925E-15));
#11742 = ORIENTED_EDGE('',*,*,#11743,.T.);
#11743 = EDGE_CURVE('',#11735,#9955,#11744,.T.);
#11744 = LINE('',#11745,#11746);
#11745 = CARTESIAN_POINT('',(2.4,0.455,0.675));
#11746 = VECTOR('',#11747,1.);
#11747 = DIRECTION('',(-1.,-2.22044604925E-16,0.));
#11748 = PLANE('',#11749);
#11749 = AXIS2_PLACEMENT_3D('',#11750,#11751,#11752);
#11750 = CARTESIAN_POINT('',(2.632923288131,0.455,0.313172218985));
#11751 = DIRECTION('',(2.22044604925E-16,-1.,0.));
#11752 = DIRECTION('',(0.,0.,1.));
#11753 = ADVANCED_FACE('',(#11754),#11770,.T.);
#11754 = FACE_BOUND('',#11755,.T.);
#11755 = EDGE_LOOP('',(#11756,#11762,#11763,#11769));
#11756 = ORIENTED_EDGE('',*,*,#11757,.F.);
#11757 = EDGE_CURVE('',#9955,#10199,#11758,.T.);
#11758 = LINE('',#11759,#11760);
#11759 = CARTESIAN_POINT('',(2.4,0.455,0.675));
#11760 = VECTOR('',#11761,1.);
#11761 = DIRECTION('',(-1.,-2.22044604925E-16,0.));
#11762 = ORIENTED_EDGE('',*,*,#9971,.T.);
#11763 = ORIENTED_EDGE('',*,*,#11764,.T.);
#11764 = EDGE_CURVE('',#9964,#10207,#11765,.T.);
#11765 = LINE('',#11766,#11767);
#11766 = CARTESIAN_POINT('',(2.4,0.845,0.675));
#11767 = VECTOR('',#11768,1.);
#11768 = DIRECTION('',(-1.,-2.22044604925E-16,0.));
#11769 = ORIENTED_EDGE('',*,*,#10206,.F.);
#11770 = B_SPLINE_SURFACE_WITH_KNOTS('',1,1,(
    (#11771,#11772)
    ,(#11773,#11774
    )),.UNSPECIFIED.,.F.,.F.,.F.,(2,2),(2,2),(0.,5.),(0.,1.),
  .PIECEWISE_BEZIER_KNOTS.);
#11771 = CARTESIAN_POINT('',(2.2,-2.5,0.675));
#11772 = CARTESIAN_POINT('',(2.15,-2.45,0.675));
#11773 = CARTESIAN_POINT('',(2.2,2.5,0.675));
#11774 = CARTESIAN_POINT('',(2.15,2.45,0.675));
#11775 = ADVANCED_FACE('',(#11776),#11862,.F.);
#11776 = FACE_BOUND('',#11777,.F.);
#11777 = EDGE_LOOP('',(#11778,#11779,#11780,#11789,#11797,#11806,#11814,
    #11822,#11830,#11839,#11847,#11856));
#11778 = ORIENTED_EDGE('',*,*,#10047,.T.);
#11779 = ORIENTED_EDGE('',*,*,#9985,.T.);
#11780 = ORIENTED_EDGE('',*,*,#11781,.T.);
#11781 = EDGE_CURVE('',#9986,#11782,#11784,.T.);
#11782 = VERTEX_POINT('',#11783);
#11783 = CARTESIAN_POINT('',(2.5,-0.195,0.425));
#11784 = CIRCLE('',#11785,0.1);
#11785 = AXIS2_PLACEMENT_3D('',#11786,#11787,#11788);
#11786 = CARTESIAN_POINT('',(2.4,-0.195,0.425));
#11787 = DIRECTION('',(-2.22044604925E-16,1.,0.));
#11788 = DIRECTION('',(0.,0.,1.));
#11789 = ORIENTED_EDGE('',*,*,#11790,.T.);
#11790 = EDGE_CURVE('',#11782,#11791,#11793,.T.);
#11791 = VERTEX_POINT('',#11792);
#11792 = CARTESIAN_POINT('',(2.5,-0.195,0.25));
#11793 = LINE('',#11794,#11795);
#11794 = CARTESIAN_POINT('',(2.5,-0.195,0.425));
#11795 = VECTOR('',#11796,1.);
#11796 = DIRECTION('',(0.,0.,-1.));
#11797 = ORIENTED_EDGE('',*,*,#11798,.T.);
#11798 = EDGE_CURVE('',#11791,#11799,#11801,.T.);
#11799 = VERTEX_POINT('',#11800);
#11800 = CARTESIAN_POINT('',(2.75,-0.195,1.110223024625E-16));
#11801 = CIRCLE('',#11802,0.25);
#11802 = AXIS2_PLACEMENT_3D('',#11803,#11804,#11805);
#11803 = CARTESIAN_POINT('',(2.75,-0.195,0.25));
#11804 = DIRECTION('',(2.22044604925E-16,-1.,0.));
#11805 = DIRECTION('',(-1.,-2.22044604925E-16,-2.442490654175E-15));
#11806 = ORIENTED_EDGE('',*,*,#11807,.T.);
#11807 = EDGE_CURVE('',#11799,#11808,#11810,.T.);
#11808 = VERTEX_POINT('',#11809);
#11809 = CARTESIAN_POINT('',(3.2,-0.195,1.110223024625E-16));
#11810 = LINE('',#11811,#11812);
#11811 = CARTESIAN_POINT('',(2.75,-0.195,1.110223024625E-16));
#11812 = VECTOR('',#11813,1.);
#11813 = DIRECTION('',(1.,2.22044604925E-16,0.));
#11814 = ORIENTED_EDGE('',*,*,#11815,.T.);
#11815 = EDGE_CURVE('',#11808,#11816,#11818,.T.);
#11816 = VERTEX_POINT('',#11817);
#11817 = CARTESIAN_POINT('',(3.2,-0.195,0.15));
#11818 = LINE('',#11819,#11820);
#11819 = CARTESIAN_POINT('',(3.2,-0.195,1.110223024625E-16));
#11820 = VECTOR('',#11821,1.);
#11821 = DIRECTION('',(0.,0.,1.));
#11822 = ORIENTED_EDGE('',*,*,#11823,.T.);
#11823 = EDGE_CURVE('',#11816,#11824,#11826,.T.);
#11824 = VERTEX_POINT('',#11825);
#11825 = CARTESIAN_POINT('',(2.75,-0.195,0.15));
#11826 = LINE('',#11827,#11828);
#11827 = CARTESIAN_POINT('',(3.2,-0.195,0.15));
#11828 = VECTOR('',#11829,1.);
#11829 = DIRECTION('',(-1.,-2.22044604925E-16,0.));
#11830 = ORIENTED_EDGE('',*,*,#11831,.T.);
#11831 = EDGE_CURVE('',#11824,#11832,#11834,.T.);
#11832 = VERTEX_POINT('',#11833);
#11833 = CARTESIAN_POINT('',(2.65,-0.195,0.25));
#11834 = CIRCLE('',#11835,0.1);
#11835 = AXIS2_PLACEMENT_3D('',#11836,#11837,#11838);
#11836 = CARTESIAN_POINT('',(2.75,-0.195,0.25));
#11837 = DIRECTION('',(-2.22044604925E-16,1.,0.));
#11838 = DIRECTION('',(0.,0.,-1.));
#11839 = ORIENTED_EDGE('',*,*,#11840,.T.);
#11840 = EDGE_CURVE('',#11832,#11841,#11843,.T.);
#11841 = VERTEX_POINT('',#11842);
#11842 = CARTESIAN_POINT('',(2.65,-0.195,0.425));
#11843 = LINE('',#11844,#11845);
#11844 = CARTESIAN_POINT('',(2.65,-0.195,0.25));
#11845 = VECTOR('',#11846,1.);
#11846 = DIRECTION('',(0.,0.,1.));
#11847 = ORIENTED_EDGE('',*,*,#11848,.T.);
#11848 = EDGE_CURVE('',#11841,#11849,#11851,.T.);
#11849 = VERTEX_POINT('',#11850);
#11850 = CARTESIAN_POINT('',(2.4,-0.195,0.675));
#11851 = CIRCLE('',#11852,0.25);
#11852 = AXIS2_PLACEMENT_3D('',#11853,#11854,#11855);
#11853 = CARTESIAN_POINT('',(2.4,-0.195,0.425));
#11854 = DIRECTION('',(2.22044604925E-16,-1.,0.));
#11855 = DIRECTION('',(1.,2.22044604925E-16,2.22044604925E-15));
#11856 = ORIENTED_EDGE('',*,*,#11857,.T.);
#11857 = EDGE_CURVE('',#11849,#10048,#11858,.T.);
#11858 = LINE('',#11859,#11860);
#11859 = CARTESIAN_POINT('',(2.4,-0.195,0.675));
#11860 = VECTOR('',#11861,1.);
#11861 = DIRECTION('',(-1.,-2.22044604925E-16,0.));
#11862 = PLANE('',#11863);
#11863 = AXIS2_PLACEMENT_3D('',#11864,#11865,#11866);
#11864 = CARTESIAN_POINT('',(2.632923288131,-0.195,0.313172218985));
#11865 = DIRECTION('',(2.22044604925E-16,-1.,0.));
#11866 = DIRECTION('',(0.,0.,1.));
#11867 = ADVANCED_FACE('',(#11868),#11879,.F.);
#11868 = FACE_BOUND('',#11869,.F.);
#11869 = EDGE_LOOP('',(#11870,#11871,#11872,#11878));
#11870 = ORIENTED_EDGE('',*,*,#10002,.T.);
#11871 = ORIENTED_EDGE('',*,*,#11575,.T.);
#11872 = ORIENTED_EDGE('',*,*,#11873,.F.);
#11873 = EDGE_CURVE('',#11782,#11576,#11874,.T.);
#11874 = LINE('',#11875,#11876);
#11875 = CARTESIAN_POINT('',(2.5,-0.195,0.425));
#11876 = VECTOR('',#11877,1.);
#11877 = DIRECTION('',(2.22044604925E-16,-1.,0.));
#11878 = ORIENTED_EDGE('',*,*,#11781,.F.);
#11879 = CYLINDRICAL_SURFACE('',#11880,0.1);
#11880 = AXIS2_PLACEMENT_3D('',#11881,#11882,#11883);
#11881 = CARTESIAN_POINT('',(2.4,-0.195,0.425));
#11882 = DIRECTION('',(-2.22044604925E-16,1.,0.));
#11883 = DIRECTION('',(0.,0.,1.));
#11884 = ADVANCED_FACE('',(#11885),#11904,.F.);
#11885 = FACE_BOUND('',#11886,.F.);
#11886 = EDGE_LOOP('',(#11887,#11888,#11897,#11903));
#11887 = ORIENTED_EDGE('',*,*,#10033,.T.);
#11888 = ORIENTED_EDGE('',*,*,#11889,.T.);
#11889 = EDGE_CURVE('',#10026,#11890,#11892,.T.);
#11890 = VERTEX_POINT('',#11891);
#11891 = CARTESIAN_POINT('',(2.5,0.195,0.425));
#11892 = CIRCLE('',#11893,0.1);
#11893 = AXIS2_PLACEMENT_3D('',#11894,#11895,#11896);
#11894 = CARTESIAN_POINT('',(2.4,0.195,0.425));
#11895 = DIRECTION('',(-2.22044604925E-16,1.,0.));
#11896 = DIRECTION('',(0.,0.,1.));
#11897 = ORIENTED_EDGE('',*,*,#11898,.F.);
#11898 = EDGE_CURVE('',#11668,#11890,#11899,.T.);
#11899 = LINE('',#11900,#11901);
#11900 = CARTESIAN_POINT('',(2.5,0.455,0.425));
#11901 = VECTOR('',#11902,1.);
#11902 = DIRECTION('',(2.22044604925E-16,-1.,0.));
#11903 = ORIENTED_EDGE('',*,*,#11667,.F.);
#11904 = CYLINDRICAL_SURFACE('',#11905,0.1);
#11905 = AXIS2_PLACEMENT_3D('',#11906,#11907,#11908);
#11906 = CARTESIAN_POINT('',(2.4,0.455,0.425));
#11907 = DIRECTION('',(-2.22044604925E-16,1.,0.));
#11908 = DIRECTION('',(0.,0.,1.));
#11909 = ADVANCED_FACE('',(#11910),#11988,.T.);
#11910 = FACE_BOUND('',#11911,.T.);
#11911 = EDGE_LOOP('',(#11912,#11913,#11914,#11915,#11923,#11932,#11940,
    #11948,#11956,#11965,#11973,#11982));
#11912 = ORIENTED_EDGE('',*,*,#10056,.T.);
#11913 = ORIENTED_EDGE('',*,*,#10025,.T.);
#11914 = ORIENTED_EDGE('',*,*,#11889,.T.);
#11915 = ORIENTED_EDGE('',*,*,#11916,.T.);
#11916 = EDGE_CURVE('',#11890,#11917,#11919,.T.);
#11917 = VERTEX_POINT('',#11918);
#11918 = CARTESIAN_POINT('',(2.5,0.195,0.25));
#11919 = LINE('',#11920,#11921);
#11920 = CARTESIAN_POINT('',(2.5,0.195,0.425));
#11921 = VECTOR('',#11922,1.);
#11922 = DIRECTION('',(0.,0.,-1.));
#11923 = ORIENTED_EDGE('',*,*,#11924,.T.);
#11924 = EDGE_CURVE('',#11917,#11925,#11927,.T.);
#11925 = VERTEX_POINT('',#11926);
#11926 = CARTESIAN_POINT('',(2.75,0.195,1.110223024625E-16));
#11927 = CIRCLE('',#11928,0.25);
#11928 = AXIS2_PLACEMENT_3D('',#11929,#11930,#11931);
#11929 = CARTESIAN_POINT('',(2.75,0.195,0.25));
#11930 = DIRECTION('',(2.22044604925E-16,-1.,0.));
#11931 = DIRECTION('',(-1.,-2.22044604925E-16,-2.442490654175E-15));
#11932 = ORIENTED_EDGE('',*,*,#11933,.T.);
#11933 = EDGE_CURVE('',#11925,#11934,#11936,.T.);
#11934 = VERTEX_POINT('',#11935);
#11935 = CARTESIAN_POINT('',(3.2,0.195,1.110223024625E-16));
#11936 = LINE('',#11937,#11938);
#11937 = CARTESIAN_POINT('',(2.75,0.195,1.110223024625E-16));
#11938 = VECTOR('',#11939,1.);
#11939 = DIRECTION('',(1.,2.22044604925E-16,0.));
#11940 = ORIENTED_EDGE('',*,*,#11941,.T.);
#11941 = EDGE_CURVE('',#11934,#11942,#11944,.T.);
#11942 = VERTEX_POINT('',#11943);
#11943 = CARTESIAN_POINT('',(3.2,0.195,0.15));
#11944 = LINE('',#11945,#11946);
#11945 = CARTESIAN_POINT('',(3.2,0.195,1.110223024625E-16));
#11946 = VECTOR('',#11947,1.);
#11947 = DIRECTION('',(0.,0.,1.));
#11948 = ORIENTED_EDGE('',*,*,#11949,.T.);
#11949 = EDGE_CURVE('',#11942,#11950,#11952,.T.);
#11950 = VERTEX_POINT('',#11951);
#11951 = CARTESIAN_POINT('',(2.75,0.195,0.15));
#11952 = LINE('',#11953,#11954);
#11953 = CARTESIAN_POINT('',(3.2,0.195,0.15));
#11954 = VECTOR('',#11955,1.);
#11955 = DIRECTION('',(-1.,-2.22044604925E-16,0.));
#11956 = ORIENTED_EDGE('',*,*,#11957,.T.);
#11957 = EDGE_CURVE('',#11950,#11958,#11960,.T.);
#11958 = VERTEX_POINT('',#11959);
#11959 = CARTESIAN_POINT('',(2.65,0.195,0.25));
#11960 = CIRCLE('',#11961,0.1);
#11961 = AXIS2_PLACEMENT_3D('',#11962,#11963,#11964);
#11962 = CARTESIAN_POINT('',(2.75,0.195,0.25));
#11963 = DIRECTION('',(-2.22044604925E-16,1.,0.));
#11964 = DIRECTION('',(0.,0.,-1.));
#11965 = ORIENTED_EDGE('',*,*,#11966,.T.);
#11966 = EDGE_CURVE('',#11958,#11967,#11969,.T.);
#11967 = VERTEX_POINT('',#11968);
#11968 = CARTESIAN_POINT('',(2.65,0.195,0.425));
#11969 = LINE('',#11970,#11971);
#11970 = CARTESIAN_POINT('',(2.65,0.195,0.25));
#11971 = VECTOR('',#11972,1.);
#11972 = DIRECTION('',(0.,0.,1.));
#11973 = ORIENTED_EDGE('',*,*,#11974,.T.);
#11974 = EDGE_CURVE('',#11967,#11975,#11977,.T.);
#11975 = VERTEX_POINT('',#11976);
#11976 = CARTESIAN_POINT('',(2.4,0.195,0.675));
#11977 = CIRCLE('',#11978,0.25);
#11978 = AXIS2_PLACEMENT_3D('',#11979,#11980,#11981);
#11979 = CARTESIAN_POINT('',(2.4,0.195,0.425));
#11980 = DIRECTION('',(2.22044604925E-16,-1.,0.));
#11981 = DIRECTION('',(1.,2.22044604925E-16,2.22044604925E-15));
#11982 = ORIENTED_EDGE('',*,*,#11983,.T.);
#11983 = EDGE_CURVE('',#11975,#10057,#11984,.T.);
#11984 = LINE('',#11985,#11986);
#11985 = CARTESIAN_POINT('',(2.4,0.195,0.675));
#11986 = VECTOR('',#11987,1.);
#11987 = DIRECTION('',(-1.,-2.22044604925E-16,0.));
#11988 = PLANE('',#11989);
#11989 = AXIS2_PLACEMENT_3D('',#11990,#11991,#11992);
#11990 = CARTESIAN_POINT('',(2.632923288131,0.195,0.313172218985));
#11991 = DIRECTION('',(2.22044604925E-16,-1.,0.));
#11992 = DIRECTION('',(0.,0.,1.));
#11993 = ADVANCED_FACE('',(#11994),#12010,.T.);
#11994 = FACE_BOUND('',#11995,.T.);
#11995 = EDGE_LOOP('',(#11996,#12002,#12003,#12009));
#11996 = ORIENTED_EDGE('',*,*,#11997,.F.);
#11997 = EDGE_CURVE('',#10048,#10183,#11998,.T.);
#11998 = LINE('',#11999,#12000);
#11999 = CARTESIAN_POINT('',(2.4,-0.195,0.675));
#12000 = VECTOR('',#12001,1.);
#12001 = DIRECTION('',(-1.,-2.22044604925E-16,0.));
#12002 = ORIENTED_EDGE('',*,*,#10064,.T.);
#12003 = ORIENTED_EDGE('',*,*,#12004,.T.);
#12004 = EDGE_CURVE('',#10057,#10191,#12005,.T.);
#12005 = LINE('',#12006,#12007);
#12006 = CARTESIAN_POINT('',(2.4,0.195,0.675));
#12007 = VECTOR('',#12008,1.);
#12008 = DIRECTION('',(-1.,-2.22044604925E-16,0.));
#12009 = ORIENTED_EDGE('',*,*,#10190,.F.);
#12010 = B_SPLINE_SURFACE_WITH_KNOTS('',1,1,(
    (#12011,#12012)
    ,(#12013,#12014
    )),.UNSPECIFIED.,.F.,.F.,.F.,(2,2),(2,2),(0.,5.),(0.,1.),
  .PIECEWISE_BEZIER_KNOTS.);
#12011 = CARTESIAN_POINT('',(2.2,-2.5,0.675));
#12012 = CARTESIAN_POINT('',(2.15,-2.45,0.675));
#12013 = CARTESIAN_POINT('',(2.2,2.5,0.675));
#12014 = CARTESIAN_POINT('',(2.15,2.45,0.675));
#12015 = ADVANCED_FACE('',(#12016),#12033,.T.);
#12016 = FACE_BOUND('',#12017,.T.);
#12017 = EDGE_LOOP('',(#12018,#12019,#12026,#12032));
#12018 = ORIENTED_EDGE('',*,*,#10109,.T.);
#12019 = ORIENTED_EDGE('',*,*,#12020,.T.);
#12020 = EDGE_CURVE('',#10103,#12021,#12023,.T.);
#12021 = VERTEX_POINT('',#12022);
#12022 = CARTESIAN_POINT('',(-2.15,2.45,0.675));
#12023 = B_SPLINE_CURVE_WITH_KNOTS('',1,(#12024,#12025),.UNSPECIFIED.,
  .F.,.F.,(2,2),(0.,1.),.PIECEWISE_BEZIER_KNOTS.);
#12024 = CARTESIAN_POINT('',(-2.2,2.5,0.675));
#12025 = CARTESIAN_POINT('',(-2.15,2.45,0.675));
#12026 = ORIENTED_EDGE('',*,*,#12027,.F.);
#12027 = EDGE_CURVE('',#10081,#12021,#12028,.T.);
#12028 = LINE('',#12029,#12030);
#12029 = CARTESIAN_POINT('',(2.15,2.45,0.675));
#12030 = VECTOR('',#12031,1.);
#12031 = DIRECTION('',(-1.,-2.22044604925E-16,0.));
#12032 = ORIENTED_EDGE('',*,*,#10080,.F.);
#12033 = B_SPLINE_SURFACE_WITH_KNOTS('',1,1,(
    (#12034,#12035)
    ,(#12036,#12037
    )),.UNSPECIFIED.,.F.,.F.,.F.,(2,2),(2,2),(0.,4.4),(0.,1.),
  .PIECEWISE_BEZIER_KNOTS.);
#12034 = CARTESIAN_POINT('',(2.2,2.5,0.675));
#12035 = CARTESIAN_POINT('',(2.15,2.45,0.675));
#12036 = CARTESIAN_POINT('',(-2.2,2.5,0.675));
#12037 = CARTESIAN_POINT('',(-2.15,2.45,0.675));
#12038 = ADVANCED_FACE('',(#12039),#12057,.T.);
#12039 = FACE_BOUND('',#12040,.T.);
#12040 = EDGE_LOOP('',(#12041,#12042,#12043,#12051));
#12041 = ORIENTED_EDGE('',*,*,#10102,.F.);
#12042 = ORIENTED_EDGE('',*,*,#10513,.T.);
#12043 = ORIENTED_EDGE('',*,*,#12044,.F.);
#12044 = EDGE_CURVE('',#12045,#10506,#12047,.T.);
#12045 = VERTEX_POINT('',#12046);
#12046 = CARTESIAN_POINT('',(-2.2,2.405,0.675));
#12047 = LINE('',#12048,#12049);
#12048 = CARTESIAN_POINT('',(-2.2,2.405,0.494086109492));
#12049 = VECTOR('',#12050,1.);
#12050 = DIRECTION('',(-0.,0.,-1.));
#12051 = ORIENTED_EDGE('',*,*,#12052,.F.);
#12052 = EDGE_CURVE('',#10103,#12045,#12053,.T.);
#12053 = LINE('',#12054,#12055);
#12054 = CARTESIAN_POINT('',(-2.2,2.5,0.675));
#12055 = VECTOR('',#12056,1.);
#12056 = DIRECTION('',(2.22044604925E-16,-1.,0.));
#12057 = PLANE('',#12058);
#12058 = AXIS2_PLACEMENT_3D('',#12059,#12060,#12061);
#12059 = CARTESIAN_POINT('',(-2.2,2.5,0.675));
#12060 = DIRECTION('',(-1.,-2.22044604925E-16,0.));
#12061 = DIRECTION('',(2.22044604925E-16,-1.,0.));
#12062 = ADVANCED_FACE('',(#12063),#12087,.T.);
#12063 = FACE_BOUND('',#12064,.T.);
#12064 = EDGE_LOOP('',(#12065,#12073,#12074,#12082));
#12065 = ORIENTED_EDGE('',*,*,#12066,.T.);
#12066 = EDGE_CURVE('',#12067,#10125,#12069,.T.);
#12067 = VERTEX_POINT('',#12068);
#12068 = CARTESIAN_POINT('',(-2.15,-2.45,0.675));
#12069 = LINE('',#12070,#12071);
#12070 = CARTESIAN_POINT('',(-2.15,-2.45,0.675));
#12071 = VECTOR('',#12072,1.);
#12072 = DIRECTION('',(1.,2.22044604925E-16,0.));
#12073 = ORIENTED_EDGE('',*,*,#10261,.T.);
#12074 = ORIENTED_EDGE('',*,*,#12075,.F.);
#12075 = EDGE_CURVE('',#12076,#10254,#12078,.T.);
#12076 = VERTEX_POINT('',#12077);
#12077 = CARTESIAN_POINT('',(-2.075061033199,-2.375061033199,1.1));
#12078 = LINE('',#12079,#12080);
#12079 = CARTESIAN_POINT('',(-2.075061033199,-2.375061033199,1.1));
#12080 = VECTOR('',#12081,1.);
#12081 = DIRECTION('',(1.,2.22044604925E-16,0.));
#12082 = ORIENTED_EDGE('',*,*,#12083,.F.);
#12083 = EDGE_CURVE('',#12067,#12076,#12084,.T.);
#12084 = B_SPLINE_CURVE_WITH_KNOTS('',1,(#12085,#12086),.UNSPECIFIED.,
  .F.,.F.,(2,2),(0.,1.),.PIECEWISE_BEZIER_KNOTS.);
#12085 = CARTESIAN_POINT('',(-2.15,-2.45,0.675));
#12086 = CARTESIAN_POINT('',(-2.075061033199,-2.375061033199,1.1));
#12087 = B_SPLINE_SURFACE_WITH_KNOTS('',1,1,(
    (#12088,#12089)
    ,(#12090,#12091
    )),.UNSPECIFIED.,.F.,.F.,.F.,(2,2),(2,2),(0.,4.3),(0.,1.),
  .PIECEWISE_BEZIER_KNOTS.);
#12088 = CARTESIAN_POINT('',(-2.15,-2.45,0.675));
#12089 = CARTESIAN_POINT('',(-2.075061033199,-2.375061033199,1.1));
#12090 = CARTESIAN_POINT('',(2.15,-2.45,0.675));
#12091 = CARTESIAN_POINT('',(2.075061033199,-2.375061033199,1.1));
#12092 = ADVANCED_FACE('',(#12093),#12106,.F.);
#12093 = FACE_BOUND('',#12094,.F.);
#12094 = EDGE_LOOP('',(#12095,#12096,#12102,#12103,#12104,#12105));
#12095 = ORIENTED_EDGE('',*,*,#10742,.F.);
#12096 = ORIENTED_EDGE('',*,*,#12097,.T.);
#12097 = EDGE_CURVE('',#10734,#10642,#12098,.T.);
#12098 = LINE('',#12099,#12100);
#12099 = CARTESIAN_POINT('',(2.4,-2.145,0.675));
#12100 = VECTOR('',#12101,1.);
#12101 = DIRECTION('',(2.22044604925E-16,-1.,0.));
#12102 = ORIENTED_EDGE('',*,*,#10650,.T.);
#12103 = ORIENTED_EDGE('',*,*,#10557,.T.);
#12104 = ORIENTED_EDGE('',*,*,#10134,.T.);
#12105 = ORIENTED_EDGE('',*,*,#10773,.F.);
#12106 = PLANE('',#12107);
#12107 = AXIS2_PLACEMENT_3D('',#12108,#12109,#12110);
#12108 = CARTESIAN_POINT('',(2.4,-2.145,0.675));
#12109 = DIRECTION('',(0.,0.,-1.));
#12110 = DIRECTION('',(-1.,-2.22044604925E-16,-0.));
#12111 = ADVANCED_FACE('',(#12112,#12130),#12141,.F.);
#12112 = FACE_BOUND('',#12113,.F.);
#12113 = EDGE_LOOP('',(#12114,#12122,#12128,#12129));
#12114 = ORIENTED_EDGE('',*,*,#12115,.F.);
#12115 = EDGE_CURVE('',#12116,#12076,#12118,.T.);
#12116 = VERTEX_POINT('',#12117);
#12117 = CARTESIAN_POINT('',(-2.075061033199,2.375061033199,1.1));
#12118 = LINE('',#12119,#12120);
#12119 = CARTESIAN_POINT('',(-2.075061033199,2.375061033199,1.1));
#12120 = VECTOR('',#12121,1.);
#12121 = DIRECTION('',(2.22044604925E-16,-1.,0.));
#12122 = ORIENTED_EDGE('',*,*,#12123,.F.);
#12123 = EDGE_CURVE('',#10247,#12116,#12124,.T.);
#12124 = LINE('',#12125,#12126);
#12125 = CARTESIAN_POINT('',(2.075061033199,2.375061033199,1.1));
#12126 = VECTOR('',#12127,1.);
#12127 = DIRECTION('',(-1.,-2.22044604925E-16,0.));
#12128 = ORIENTED_EDGE('',*,*,#10253,.F.);
#12129 = ORIENTED_EDGE('',*,*,#12075,.F.);
#12130 = FACE_BOUND('',#12131,.F.);
#12131 = EDGE_LOOP('',(#12132));
#12132 = ORIENTED_EDGE('',*,*,#12133,.T.);
#12133 = EDGE_CURVE('',#12134,#12134,#12136,.T.);
#12134 = VERTEX_POINT('',#12135);
#12135 = CARTESIAN_POINT('',(-1.375061033199,1.425061033199,1.1));
#12136 = CIRCLE('',#12137,0.25);
#12137 = AXIS2_PLACEMENT_3D('',#12138,#12139,#12140);
#12138 = CARTESIAN_POINT('',(-1.375061033199,1.675061033199,1.1));
#12139 = DIRECTION('',(-0.,0.,1.));
#12140 = DIRECTION('',(2.22044604925E-16,-1.,0.));
#12141 = PLANE('',#12142);
#12142 = AXIS2_PLACEMENT_3D('',#12143,#12144,#12145);
#12143 = CARTESIAN_POINT('',(-2.075061033199,2.375061033199,1.1));
#12144 = DIRECTION('',(0.,0.,-1.));
#12145 = DIRECTION('',(0.657944605619,-0.753066329042,0.));
#12146 = ADVANCED_FACE('',(#12147),#12157,.T.);
#12147 = FACE_BOUND('',#12148,.T.);
#12148 = EDGE_LOOP('',(#12149,#12150,#12155,#12156));
#12149 = ORIENTED_EDGE('',*,*,#12027,.T.);
#12150 = ORIENTED_EDGE('',*,*,#12151,.T.);
#12151 = EDGE_CURVE('',#12021,#12116,#12152,.T.);
#12152 = B_SPLINE_CURVE_WITH_KNOTS('',1,(#12153,#12154),.UNSPECIFIED.,
  .F.,.F.,(2,2),(0.,1.),.PIECEWISE_BEZIER_KNOTS.);
#12153 = CARTESIAN_POINT('',(-2.15,2.45,0.675));
#12154 = CARTESIAN_POINT('',(-2.075061033199,2.375061033199,1.1));
#12155 = ORIENTED_EDGE('',*,*,#12123,.F.);
#12156 = ORIENTED_EDGE('',*,*,#10246,.F.);
#12157 = B_SPLINE_SURFACE_WITH_KNOTS('',1,1,(
    (#12158,#12159)
    ,(#12160,#12161
    )),.UNSPECIFIED.,.F.,.F.,.F.,(2,2),(2,2),(0.,4.3),(0.,1.),
  .PIECEWISE_BEZIER_KNOTS.);
#12158 = CARTESIAN_POINT('',(2.15,2.45,0.675));
#12159 = CARTESIAN_POINT('',(2.075061033199,2.375061033199,1.1));
#12160 = CARTESIAN_POINT('',(-2.15,2.45,0.675));
#12161 = CARTESIAN_POINT('',(-2.075061033199,2.375061033199,1.1));
#12162 = ADVANCED_FACE('',(#12163),#12176,.F.);
#12163 = FACE_BOUND('',#12164,.F.);
#12164 = EDGE_LOOP('',(#12165,#12166,#12172,#12173,#12174,#12175));
#12165 = ORIENTED_EDGE('',*,*,#10965,.F.);
#12166 = ORIENTED_EDGE('',*,*,#12167,.T.);
#12167 = EDGE_CURVE('',#10957,#10865,#12168,.T.);
#12168 = LINE('',#12169,#12170);
#12169 = CARTESIAN_POINT('',(2.4,-1.495,0.675));
#12170 = VECTOR('',#12171,1.);
#12171 = DIRECTION('',(2.22044604925E-16,-1.,0.));
#12172 = ORIENTED_EDGE('',*,*,#10873,.T.);
#12173 = ORIENTED_EDGE('',*,*,#10780,.T.);
#12174 = ORIENTED_EDGE('',*,*,#10150,.T.);
#12175 = ORIENTED_EDGE('',*,*,#11105,.F.);
#12176 = PLANE('',#12177);
#12177 = AXIS2_PLACEMENT_3D('',#12178,#12179,#12180);
#12178 = CARTESIAN_POINT('',(2.4,-1.495,0.675));
#12179 = DIRECTION('',(0.,0.,-1.));
#12180 = DIRECTION('',(-1.,-2.22044604925E-16,-0.));
#12181 = ADVANCED_FACE('',(#12182),#12195,.F.);
#12182 = FACE_BOUND('',#12183,.F.);
#12183 = EDGE_LOOP('',(#12184,#12185,#12191,#12192,#12193,#12194));
#12184 = ORIENTED_EDGE('',*,*,#11411,.F.);
#12185 = ORIENTED_EDGE('',*,*,#12186,.T.);
#12186 = EDGE_CURVE('',#11403,#11197,#12187,.T.);
#12187 = LINE('',#12188,#12189);
#12188 = CARTESIAN_POINT('',(2.4,-0.845,0.675));
#12189 = VECTOR('',#12190,1.);
#12190 = DIRECTION('',(2.22044604925E-16,-1.,0.));
#12191 = ORIENTED_EDGE('',*,*,#11205,.T.);
#12192 = ORIENTED_EDGE('',*,*,#11112,.T.);
#12193 = ORIENTED_EDGE('',*,*,#10166,.T.);
#12194 = ORIENTED_EDGE('',*,*,#11551,.F.);
#12195 = PLANE('',#12196);
#12196 = AXIS2_PLACEMENT_3D('',#12197,#12198,#12199);
#12197 = CARTESIAN_POINT('',(2.4,-0.845,0.675));
#12198 = DIRECTION('',(0.,0.,-1.));
#12199 = DIRECTION('',(-1.,-2.22044604925E-16,-0.));
#12200 = ADVANCED_FACE('',(#12201),#12214,.F.);
#12201 = FACE_BOUND('',#12202,.F.);
#12202 = EDGE_LOOP('',(#12203,#12204,#12210,#12211,#12212,#12213));
#12203 = ORIENTED_EDGE('',*,*,#10369,.F.);
#12204 = ORIENTED_EDGE('',*,*,#12205,.T.);
#12205 = EDGE_CURVE('',#10361,#11083,#12206,.T.);
#12206 = LINE('',#12207,#12208);
#12207 = CARTESIAN_POINT('',(2.4,1.755,0.675));
#12208 = VECTOR('',#12209,1.);
#12209 = DIRECTION('',(2.22044604925E-16,-1.,0.));
#12210 = ORIENTED_EDGE('',*,*,#11091,.T.);
#12211 = ORIENTED_EDGE('',*,*,#11318,.T.);
#12212 = ORIENTED_EDGE('',*,*,#10230,.T.);
#12213 = ORIENTED_EDGE('',*,*,#10274,.F.);
#12214 = PLANE('',#12215);
#12215 = AXIS2_PLACEMENT_3D('',#12216,#12217,#12218);
#12216 = CARTESIAN_POINT('',(2.4,1.755,0.675));
#12217 = DIRECTION('',(0.,0.,-1.));
#12218 = DIRECTION('',(-1.,-2.22044604925E-16,-0.));
#12219 = ADVANCED_FACE('',(#12220),#12233,.F.);
#12220 = FACE_BOUND('',#12221,.F.);
#12221 = EDGE_LOOP('',(#12222,#12223,#12229,#12230,#12231,#12232));
#12222 = ORIENTED_EDGE('',*,*,#11857,.F.);
#12223 = ORIENTED_EDGE('',*,*,#12224,.T.);
#12224 = EDGE_CURVE('',#11849,#11643,#12225,.T.);
#12225 = LINE('',#12226,#12227);
#12226 = CARTESIAN_POINT('',(2.4,-0.195,0.675));
#12227 = VECTOR('',#12228,1.);
#12228 = DIRECTION('',(2.22044604925E-16,-1.,0.));
#12229 = ORIENTED_EDGE('',*,*,#11651,.T.);
#12230 = ORIENTED_EDGE('',*,*,#11558,.T.);
#12231 = ORIENTED_EDGE('',*,*,#10182,.T.);
#12232 = ORIENTED_EDGE('',*,*,#11997,.F.);
#12233 = PLANE('',#12234);
#12234 = AXIS2_PLACEMENT_3D('',#12235,#12236,#12237);
#12235 = CARTESIAN_POINT('',(2.4,-0.195,0.675));
#12236 = DIRECTION('',(0.,0.,-1.));
#12237 = DIRECTION('',(-1.,-2.22044604925E-16,-0.));
#12238 = ADVANCED_FACE('',(#12239),#12252,.F.);
#12239 = FACE_BOUND('',#12240,.F.);
#12240 = EDGE_LOOP('',(#12241,#12242,#12248,#12249,#12250,#12251));
#12241 = ORIENTED_EDGE('',*,*,#11297,.F.);
#12242 = ORIENTED_EDGE('',*,*,#12243,.T.);
#12243 = EDGE_CURVE('',#11289,#11529,#12244,.T.);
#12244 = LINE('',#12245,#12246);
#12245 = CARTESIAN_POINT('',(2.4,1.105,0.675));
#12246 = VECTOR('',#12247,1.);
#12247 = DIRECTION('',(2.22044604925E-16,-1.,0.));
#12248 = ORIENTED_EDGE('',*,*,#11537,.T.);
#12249 = ORIENTED_EDGE('',*,*,#11764,.T.);
#12250 = ORIENTED_EDGE('',*,*,#10214,.T.);
#12251 = ORIENTED_EDGE('',*,*,#11311,.F.);
#12252 = PLANE('',#12253);
#12253 = AXIS2_PLACEMENT_3D('',#12254,#12255,#12256);
#12254 = CARTESIAN_POINT('',(2.4,1.105,0.675));
#12255 = DIRECTION('',(0.,0.,-1.));
#12256 = DIRECTION('',(-1.,-2.22044604925E-16,-0.));
#12257 = ADVANCED_FACE('',(#12258),#12271,.F.);
#12258 = FACE_BOUND('',#12259,.F.);
#12259 = EDGE_LOOP('',(#12260,#12261,#12267,#12268,#12269,#12270));
#12260 = ORIENTED_EDGE('',*,*,#11743,.F.);
#12261 = ORIENTED_EDGE('',*,*,#12262,.T.);
#12262 = EDGE_CURVE('',#11735,#11975,#12263,.T.);
#12263 = LINE('',#12264,#12265);
#12264 = CARTESIAN_POINT('',(2.4,0.455,0.675));
#12265 = VECTOR('',#12266,1.);
#12266 = DIRECTION('',(2.22044604925E-16,-1.,0.));
#12267 = ORIENTED_EDGE('',*,*,#11983,.T.);
#12268 = ORIENTED_EDGE('',*,*,#12004,.T.);
#12269 = ORIENTED_EDGE('',*,*,#10198,.T.);
#12270 = ORIENTED_EDGE('',*,*,#11757,.F.);
#12271 = PLANE('',#12272);
#12272 = AXIS2_PLACEMENT_3D('',#12273,#12274,#12275);
#12273 = CARTESIAN_POINT('',(2.4,0.455,0.675));
#12274 = DIRECTION('',(0.,0.,-1.));
#12275 = DIRECTION('',(-1.,-2.22044604925E-16,-0.));
#12276 = ADVANCED_FACE('',(#12277),#12288,.T.);
#12277 = FACE_BOUND('',#12278,.T.);
#12278 = EDGE_LOOP('',(#12279,#12280,#12281,#12282));
#12279 = ORIENTED_EDGE('',*,*,#10360,.T.);
#12280 = ORIENTED_EDGE('',*,*,#12205,.T.);
#12281 = ORIENTED_EDGE('',*,*,#11082,.F.);
#12282 = ORIENTED_EDGE('',*,*,#12283,.F.);
#12283 = EDGE_CURVE('',#10353,#11075,#12284,.T.);
#12284 = LINE('',#12285,#12286);
#12285 = CARTESIAN_POINT('',(2.65,1.755,0.425));
#12286 = VECTOR('',#12287,1.);
#12287 = DIRECTION('',(2.22044604925E-16,-1.,0.));
#12288 = CYLINDRICAL_SURFACE('',#12289,0.25);
#12289 = AXIS2_PLACEMENT_3D('',#12290,#12291,#12292);
#12290 = CARTESIAN_POINT('',(2.4,1.755,0.425));
#12291 = DIRECTION('',(-2.22044604925E-16,1.,-0.));
#12292 = DIRECTION('',(1.,2.22044604925E-16,2.22044604925E-15));
#12293 = ADVANCED_FACE('',(#12294),#12305,.F.);
#12294 = FACE_BOUND('',#12295,.F.);
#12295 = EDGE_LOOP('',(#12296,#12302,#12303,#12304));
#12296 = ORIENTED_EDGE('',*,*,#12297,.T.);
#12297 = EDGE_CURVE('',#10344,#11066,#12298,.T.);
#12298 = LINE('',#12299,#12300);
#12299 = CARTESIAN_POINT('',(2.65,1.755,0.25));
#12300 = VECTOR('',#12301,1.);
#12301 = DIRECTION('',(2.22044604925E-16,-1.,0.));
#12302 = ORIENTED_EDGE('',*,*,#11074,.T.);
#12303 = ORIENTED_EDGE('',*,*,#12283,.F.);
#12304 = ORIENTED_EDGE('',*,*,#10352,.F.);
#12305 = PLANE('',#12306);
#12306 = AXIS2_PLACEMENT_3D('',#12307,#12308,#12309);
#12307 = CARTESIAN_POINT('',(2.65,1.755,0.25));
#12308 = DIRECTION('',(-1.,-2.22044604925E-16,0.));
#12309 = DIRECTION('',(0.,0.,1.));
#12310 = ADVANCED_FACE('',(#12311),#12322,.F.);
#12311 = FACE_BOUND('',#12312,.F.);
#12312 = EDGE_LOOP('',(#12313,#12319,#12320,#12321));
#12313 = ORIENTED_EDGE('',*,*,#12314,.T.);
#12314 = EDGE_CURVE('',#10336,#11058,#12315,.T.);
#12315 = LINE('',#12316,#12317);
#12316 = CARTESIAN_POINT('',(2.75,1.755,0.15));
#12317 = VECTOR('',#12318,1.);
#12318 = DIRECTION('',(2.22044604925E-16,-1.,0.));
#12319 = ORIENTED_EDGE('',*,*,#11065,.T.);
#12320 = ORIENTED_EDGE('',*,*,#12297,.F.);
#12321 = ORIENTED_EDGE('',*,*,#10343,.F.);
#12322 = CYLINDRICAL_SURFACE('',#12323,0.1);
#12323 = AXIS2_PLACEMENT_3D('',#12324,#12325,#12326);
#12324 = CARTESIAN_POINT('',(2.75,1.755,0.25));
#12325 = DIRECTION('',(-2.22044604925E-16,1.,0.));
#12326 = DIRECTION('',(0.,0.,-1.));
#12327 = ADVANCED_FACE('',(#12328),#12339,.F.);
#12328 = FACE_BOUND('',#12329,.F.);
#12329 = EDGE_LOOP('',(#12330,#12336,#12337,#12338));
#12330 = ORIENTED_EDGE('',*,*,#12331,.T.);
#12331 = EDGE_CURVE('',#10328,#11050,#12332,.T.);
#12332 = LINE('',#12333,#12334);
#12333 = CARTESIAN_POINT('',(3.2,1.755,0.15));
#12334 = VECTOR('',#12335,1.);
#12335 = DIRECTION('',(2.22044604925E-16,-1.,0.));
#12336 = ORIENTED_EDGE('',*,*,#11057,.T.);
#12337 = ORIENTED_EDGE('',*,*,#12314,.F.);
#12338 = ORIENTED_EDGE('',*,*,#10335,.F.);
#12339 = PLANE('',#12340);
#12340 = AXIS2_PLACEMENT_3D('',#12341,#12342,#12343);
#12341 = CARTESIAN_POINT('',(3.2,1.755,0.15));
#12342 = DIRECTION('',(0.,0.,-1.));
#12343 = DIRECTION('',(-1.,-2.22044604925E-16,-0.));
#12344 = ADVANCED_FACE('',(#12345),#12356,.F.);
#12345 = FACE_BOUND('',#12346,.F.);
#12346 = EDGE_LOOP('',(#12347,#12353,#12354,#12355));
#12347 = ORIENTED_EDGE('',*,*,#12348,.T.);
#12348 = EDGE_CURVE('',#10320,#11042,#12349,.T.);
#12349 = LINE('',#12350,#12351);
#12350 = CARTESIAN_POINT('',(3.2,1.755,1.110223024625E-16));
#12351 = VECTOR('',#12352,1.);
#12352 = DIRECTION('',(2.22044604925E-16,-1.,0.));
#12353 = ORIENTED_EDGE('',*,*,#11049,.T.);
#12354 = ORIENTED_EDGE('',*,*,#12331,.F.);
#12355 = ORIENTED_EDGE('',*,*,#10327,.F.);
#12356 = PLANE('',#12357);
#12357 = AXIS2_PLACEMENT_3D('',#12358,#12359,#12360);
#12358 = CARTESIAN_POINT('',(3.2,1.755,1.110223024625E-16));
#12359 = DIRECTION('',(-1.,-2.22044604925E-16,0.));
#12360 = DIRECTION('',(0.,0.,1.));
#12361 = ADVANCED_FACE('',(#12362),#12373,.F.);
#12362 = FACE_BOUND('',#12363,.F.);
#12363 = EDGE_LOOP('',(#12364,#12370,#12371,#12372));
#12364 = ORIENTED_EDGE('',*,*,#12365,.T.);
#12365 = EDGE_CURVE('',#10311,#11033,#12366,.T.);
#12366 = LINE('',#12367,#12368);
#12367 = CARTESIAN_POINT('',(2.75,1.755,1.110223024625E-16));
#12368 = VECTOR('',#12369,1.);
#12369 = DIRECTION('',(2.22044604925E-16,-1.,0.));
#12370 = ORIENTED_EDGE('',*,*,#11041,.T.);
#12371 = ORIENTED_EDGE('',*,*,#12348,.F.);
#12372 = ORIENTED_EDGE('',*,*,#10319,.F.);
#12373 = PLANE('',#12374);
#12374 = AXIS2_PLACEMENT_3D('',#12375,#12376,#12377);
#12375 = CARTESIAN_POINT('',(2.75,1.755,1.110223024625E-16));
#12376 = DIRECTION('',(0.,0.,1.));
#12377 = DIRECTION('',(1.,2.22044604925E-16,-0.));
#12378 = ADVANCED_FACE('',(#12379),#12390,.T.);
#12379 = FACE_BOUND('',#12380,.T.);
#12380 = EDGE_LOOP('',(#12381,#12382,#12383,#12384));
#12381 = ORIENTED_EDGE('',*,*,#10310,.T.);
#12382 = ORIENTED_EDGE('',*,*,#12365,.T.);
#12383 = ORIENTED_EDGE('',*,*,#11032,.F.);
#12384 = ORIENTED_EDGE('',*,*,#12385,.F.);
#12385 = EDGE_CURVE('',#10303,#11025,#12386,.T.);
#12386 = LINE('',#12387,#12388);
#12387 = CARTESIAN_POINT('',(2.5,1.755,0.25));
#12388 = VECTOR('',#12389,1.);
#12389 = DIRECTION('',(2.22044604925E-16,-1.,0.));
#12390 = CYLINDRICAL_SURFACE('',#12391,0.25);
#12391 = AXIS2_PLACEMENT_3D('',#12392,#12393,#12394);
#12392 = CARTESIAN_POINT('',(2.75,1.755,0.25));
#12393 = DIRECTION('',(-2.22044604925E-16,1.,-0.));
#12394 = DIRECTION('',(-1.,-2.22044604925E-16,-2.442490654175E-15));
#12395 = ADVANCED_FACE('',(#12396),#12402,.F.);
#12396 = FACE_BOUND('',#12397,.F.);
#12397 = EDGE_LOOP('',(#12398,#12399,#12400,#12401));
#12398 = ORIENTED_EDGE('',*,*,#11006,.T.);
#12399 = ORIENTED_EDGE('',*,*,#11024,.T.);
#12400 = ORIENTED_EDGE('',*,*,#12385,.F.);
#12401 = ORIENTED_EDGE('',*,*,#10302,.F.);
#12402 = PLANE('',#12403);
#12403 = AXIS2_PLACEMENT_3D('',#12404,#12405,#12406);
#12404 = CARTESIAN_POINT('',(2.5,1.755,0.425));
#12405 = DIRECTION('',(1.,2.22044604925E-16,0.));
#12406 = DIRECTION('',(0.,0.,-1.));
#12407 = ADVANCED_FACE('',(#12408),#12426,.T.);
#12408 = FACE_BOUND('',#12409,.T.);
#12409 = EDGE_LOOP('',(#12410,#12418,#12419,#12420));
#12410 = ORIENTED_EDGE('',*,*,#12411,.T.);
#12411 = EDGE_CURVE('',#12412,#10386,#12414,.T.);
#12412 = VERTEX_POINT('',#12413);
#12413 = CARTESIAN_POINT('',(-2.2,-2.405,0.675));
#12414 = LINE('',#12415,#12416);
#12415 = CARTESIAN_POINT('',(-2.2,-2.405,0.494086109492));
#12416 = VECTOR('',#12417,1.);
#12417 = DIRECTION('',(-0.,0.,-1.));
#12418 = ORIENTED_EDGE('',*,*,#10385,.T.);
#12419 = ORIENTED_EDGE('',*,*,#10538,.T.);
#12420 = ORIENTED_EDGE('',*,*,#12421,.F.);
#12421 = EDGE_CURVE('',#12412,#10531,#12422,.T.);
#12422 = LINE('',#12423,#12424);
#12423 = CARTESIAN_POINT('',(-2.2,2.5,0.675));
#12424 = VECTOR('',#12425,1.);
#12425 = DIRECTION('',(2.22044604925E-16,-1.,0.));
#12426 = PLANE('',#12427);
#12427 = AXIS2_PLACEMENT_3D('',#12428,#12429,#12430);
#12428 = CARTESIAN_POINT('',(-2.2,2.5,0.675));
#12429 = DIRECTION('',(-1.,-2.22044604925E-16,0.));
#12430 = DIRECTION('',(2.22044604925E-16,-1.,0.));
#12431 = ADVANCED_FACE('',(#12432),#12457,.F.);
#12432 = FACE_BOUND('',#12433,.F.);
#12433 = EDGE_LOOP('',(#12434,#12442,#12443,#12451));
#12434 = ORIENTED_EDGE('',*,*,#12435,.F.);
#12435 = EDGE_CURVE('',#10498,#12436,#12438,.T.);
#12436 = VERTEX_POINT('',#12437);
#12437 = CARTESIAN_POINT('',(-2.4,2.145,0.525));
#12438 = LINE('',#12439,#12440);
#12439 = CARTESIAN_POINT('',(-2.1,2.145,0.525));
#12440 = VECTOR('',#12441,1.);
#12441 = DIRECTION('',(-1.,-9.95799250103E-17,0.));
#12442 = ORIENTED_EDGE('',*,*,#10505,.F.);
#12443 = ORIENTED_EDGE('',*,*,#12444,.T.);
#12444 = EDGE_CURVE('',#10506,#12445,#12447,.T.);
#12445 = VERTEX_POINT('',#12446);
#12446 = CARTESIAN_POINT('',(-2.4,2.405,0.525));
#12447 = LINE('',#12448,#12449);
#12448 = CARTESIAN_POINT('',(-2.1,2.405,0.525));
#12449 = VECTOR('',#12450,1.);
#12450 = DIRECTION('',(-1.,-9.95799250103E-17,0.));
#12451 = ORIENTED_EDGE('',*,*,#12452,.F.);
#12452 = EDGE_CURVE('',#12436,#12445,#12453,.T.);
#12453 = LINE('',#12454,#12455);
#12454 = CARTESIAN_POINT('',(-2.4,2.145,0.525));
#12455 = VECTOR('',#12456,1.);
#12456 = DIRECTION('',(-9.95799250103E-17,1.,0.));
#12457 = PLANE('',#12458);
#12458 = AXIS2_PLACEMENT_3D('',#12459,#12460,#12461);
#12459 = CARTESIAN_POINT('',(-2.1,2.145,0.525));
#12460 = DIRECTION('',(0.,0.,1.));
#12461 = DIRECTION('',(-1.,-9.95799250103E-17,0.));
#12462 = ADVANCED_FACE('',(#12463),#12488,.F.);
#12463 = FACE_BOUND('',#12464,.F.);
#12464 = EDGE_LOOP('',(#12465,#12473,#12474,#12482));
#12465 = ORIENTED_EDGE('',*,*,#12466,.F.);
#12466 = EDGE_CURVE('',#10386,#12467,#12469,.T.);
#12467 = VERTEX_POINT('',#12468);
#12468 = CARTESIAN_POINT('',(-2.4,-2.405,0.525));
#12469 = LINE('',#12470,#12471);
#12470 = CARTESIAN_POINT('',(-2.1,-2.405,0.525));
#12471 = VECTOR('',#12472,1.);
#12472 = DIRECTION('',(-1.,-9.95799250103E-17,0.));
#12473 = ORIENTED_EDGE('',*,*,#10393,.F.);
#12474 = ORIENTED_EDGE('',*,*,#12475,.T.);
#12475 = EDGE_CURVE('',#10394,#12476,#12478,.T.);
#12476 = VERTEX_POINT('',#12477);
#12477 = CARTESIAN_POINT('',(-2.4,-2.145,0.525));
#12478 = LINE('',#12479,#12480);
#12479 = CARTESIAN_POINT('',(-2.1,-2.145,0.525));
#12480 = VECTOR('',#12481,1.);
#12481 = DIRECTION('',(-1.,-9.95799250103E-17,0.));
#12482 = ORIENTED_EDGE('',*,*,#12483,.F.);
#12483 = EDGE_CURVE('',#12467,#12476,#12484,.T.);
#12484 = LINE('',#12485,#12486);
#12485 = CARTESIAN_POINT('',(-2.4,-2.405,0.525));
#12486 = VECTOR('',#12487,1.);
#12487 = DIRECTION('',(-9.95799250103E-17,1.,0.));
#12488 = PLANE('',#12489);
#12489 = AXIS2_PLACEMENT_3D('',#12490,#12491,#12492);
#12490 = CARTESIAN_POINT('',(-2.1,-2.405,0.525));
#12491 = DIRECTION('',(0.,0.,1.));
#12492 = DIRECTION('',(-1.,-9.95799250103E-17,0.));
#12493 = ADVANCED_FACE('',(#12494),#12519,.T.);
#12494 = FACE_BOUND('',#12495,.T.);
#12495 = EDGE_LOOP('',(#12496,#12504,#12505,#12513));
#12496 = ORIENTED_EDGE('',*,*,#12497,.T.);
#12497 = EDGE_CURVE('',#12498,#10498,#12500,.T.);
#12498 = VERTEX_POINT('',#12499);
#12499 = CARTESIAN_POINT('',(-2.2,2.145,0.675));
#12500 = LINE('',#12501,#12502);
#12501 = CARTESIAN_POINT('',(-2.2,2.145,0.494086109492));
#12502 = VECTOR('',#12503,1.);
#12503 = DIRECTION('',(-0.,0.,-1.));
#12504 = ORIENTED_EDGE('',*,*,#10497,.T.);
#12505 = ORIENTED_EDGE('',*,*,#12506,.F.);
#12506 = EDGE_CURVE('',#12507,#10490,#12509,.T.);
#12507 = VERTEX_POINT('',#12508);
#12508 = CARTESIAN_POINT('',(-2.2,1.755,0.675));
#12509 = LINE('',#12510,#12511);
#12510 = CARTESIAN_POINT('',(-2.2,1.755,0.494086109492));
#12511 = VECTOR('',#12512,1.);
#12512 = DIRECTION('',(-0.,0.,-1.));
#12513 = ORIENTED_EDGE('',*,*,#12514,.F.);
#12514 = EDGE_CURVE('',#12498,#12507,#12515,.T.);
#12515 = LINE('',#12516,#12517);
#12516 = CARTESIAN_POINT('',(-2.2,2.5,0.675));
#12517 = VECTOR('',#12518,1.);
#12518 = DIRECTION('',(2.22044604925E-16,-1.,0.));
#12519 = PLANE('',#12520);
#12520 = AXIS2_PLACEMENT_3D('',#12521,#12522,#12523);
#12521 = CARTESIAN_POINT('',(-2.2,2.5,0.675));
#12522 = DIRECTION('',(-1.,-2.22044604925E-16,0.));
#12523 = DIRECTION('',(2.22044604925E-16,-1.,0.));
#12524 = ADVANCED_FACE('',(#12525),#12550,.T.);
#12525 = FACE_BOUND('',#12526,.T.);
#12526 = EDGE_LOOP('',(#12527,#12535,#12536,#12544));
#12527 = ORIENTED_EDGE('',*,*,#12528,.T.);
#12528 = EDGE_CURVE('',#12529,#10402,#12531,.T.);
#12529 = VERTEX_POINT('',#12530);
#12530 = CARTESIAN_POINT('',(-2.2,-1.755,0.675));
#12531 = LINE('',#12532,#12533);
#12532 = CARTESIAN_POINT('',(-2.2,-1.755,0.494086109492));
#12533 = VECTOR('',#12534,1.);
#12534 = DIRECTION('',(-0.,0.,-1.));
#12535 = ORIENTED_EDGE('',*,*,#10401,.T.);
#12536 = ORIENTED_EDGE('',*,*,#12537,.F.);
#12537 = EDGE_CURVE('',#12538,#10394,#12540,.T.);
#12538 = VERTEX_POINT('',#12539);
#12539 = CARTESIAN_POINT('',(-2.2,-2.145,0.675));
#12540 = LINE('',#12541,#12542);
#12541 = CARTESIAN_POINT('',(-2.2,-2.145,0.494086109492));
#12542 = VECTOR('',#12543,1.);
#12543 = DIRECTION('',(-0.,0.,-1.));
#12544 = ORIENTED_EDGE('',*,*,#12545,.F.);
#12545 = EDGE_CURVE('',#12529,#12538,#12546,.T.);
#12546 = LINE('',#12547,#12548);
#12547 = CARTESIAN_POINT('',(-2.2,2.5,0.675));
#12548 = VECTOR('',#12549,1.);
#12549 = DIRECTION('',(2.22044604925E-16,-1.,0.));
#12550 = PLANE('',#12551);
#12551 = AXIS2_PLACEMENT_3D('',#12552,#12553,#12554);
#12552 = CARTESIAN_POINT('',(-2.2,2.5,0.675));
#12553 = DIRECTION('',(-1.,-2.22044604925E-16,0.));
#12554 = DIRECTION('',(2.22044604925E-16,-1.,0.));
#12555 = ADVANCED_FACE('',(#12556),#12581,.F.);
#12556 = FACE_BOUND('',#12557,.F.);
#12557 = EDGE_LOOP('',(#12558,#12566,#12567,#12575));
#12558 = ORIENTED_EDGE('',*,*,#12559,.F.);
#12559 = EDGE_CURVE('',#10482,#12560,#12562,.T.);
#12560 = VERTEX_POINT('',#12561);
#12561 = CARTESIAN_POINT('',(-2.4,1.495,0.525));
#12562 = LINE('',#12563,#12564);
#12563 = CARTESIAN_POINT('',(-2.1,1.495,0.525));
#12564 = VECTOR('',#12565,1.);
#12565 = DIRECTION('',(-1.,-9.95799250103E-17,0.));
#12566 = ORIENTED_EDGE('',*,*,#10489,.F.);
#12567 = ORIENTED_EDGE('',*,*,#12568,.T.);
#12568 = EDGE_CURVE('',#10490,#12569,#12571,.T.);
#12569 = VERTEX_POINT('',#12570);
#12570 = CARTESIAN_POINT('',(-2.4,1.755,0.525));
#12571 = LINE('',#12572,#12573);
#12572 = CARTESIAN_POINT('',(-2.1,1.755,0.525));
#12573 = VECTOR('',#12574,1.);
#12574 = DIRECTION('',(-1.,-9.95799250103E-17,0.));
#12575 = ORIENTED_EDGE('',*,*,#12576,.F.);
#12576 = EDGE_CURVE('',#12560,#12569,#12577,.T.);
#12577 = LINE('',#12578,#12579);
#12578 = CARTESIAN_POINT('',(-2.4,1.495,0.525));
#12579 = VECTOR('',#12580,1.);
#12580 = DIRECTION('',(-9.95799250103E-17,1.,0.));
#12581 = PLANE('',#12582);
#12582 = AXIS2_PLACEMENT_3D('',#12583,#12584,#12585);
#12583 = CARTESIAN_POINT('',(-2.1,1.495,0.525));
#12584 = DIRECTION('',(0.,0.,1.));
#12585 = DIRECTION('',(-1.,-9.95799250103E-17,0.));
#12586 = ADVANCED_FACE('',(#12587),#12612,.F.);
#12587 = FACE_BOUND('',#12588,.F.);
#12588 = EDGE_LOOP('',(#12589,#12597,#12598,#12606));
#12589 = ORIENTED_EDGE('',*,*,#12590,.F.);
#12590 = EDGE_CURVE('',#10402,#12591,#12593,.T.);
#12591 = VERTEX_POINT('',#12592);
#12592 = CARTESIAN_POINT('',(-2.4,-1.755,0.525));
#12593 = LINE('',#12594,#12595);
#12594 = CARTESIAN_POINT('',(-2.1,-1.755,0.525));
#12595 = VECTOR('',#12596,1.);
#12596 = DIRECTION('',(-1.,-9.95799250103E-17,0.));
#12597 = ORIENTED_EDGE('',*,*,#10409,.F.);
#12598 = ORIENTED_EDGE('',*,*,#12599,.T.);
#12599 = EDGE_CURVE('',#10410,#12600,#12602,.T.);
#12600 = VERTEX_POINT('',#12601);
#12601 = CARTESIAN_POINT('',(-2.4,-1.495,0.525));
#12602 = LINE('',#12603,#12604);
#12603 = CARTESIAN_POINT('',(-2.1,-1.495,0.525));
#12604 = VECTOR('',#12605,1.);
#12605 = DIRECTION('',(-1.,-9.95799250103E-17,0.));
#12606 = ORIENTED_EDGE('',*,*,#12607,.F.);
#12607 = EDGE_CURVE('',#12591,#12600,#12608,.T.);
#12608 = LINE('',#12609,#12610);
#12609 = CARTESIAN_POINT('',(-2.4,-1.755,0.525));
#12610 = VECTOR('',#12611,1.);
#12611 = DIRECTION('',(-9.95799250103E-17,1.,0.));
#12612 = PLANE('',#12613);
#12613 = AXIS2_PLACEMENT_3D('',#12614,#12615,#12616);
#12614 = CARTESIAN_POINT('',(-2.1,-1.755,0.525));
#12615 = DIRECTION('',(0.,0.,1.));
#12616 = DIRECTION('',(-1.,-9.95799250103E-17,0.));
#12617 = ADVANCED_FACE('',(#12618),#12643,.T.);
#12618 = FACE_BOUND('',#12619,.T.);
#12619 = EDGE_LOOP('',(#12620,#12628,#12629,#12637));
#12620 = ORIENTED_EDGE('',*,*,#12621,.T.);
#12621 = EDGE_CURVE('',#12622,#10482,#12624,.T.);
#12622 = VERTEX_POINT('',#12623);
#12623 = CARTESIAN_POINT('',(-2.2,1.495,0.675));
#12624 = LINE('',#12625,#12626);
#12625 = CARTESIAN_POINT('',(-2.2,1.495,0.494086109492));
#12626 = VECTOR('',#12627,1.);
#12627 = DIRECTION('',(-0.,0.,-1.));
#12628 = ORIENTED_EDGE('',*,*,#10481,.T.);
#12629 = ORIENTED_EDGE('',*,*,#12630,.F.);
#12630 = EDGE_CURVE('',#12631,#10474,#12633,.T.);
#12631 = VERTEX_POINT('',#12632);
#12632 = CARTESIAN_POINT('',(-2.2,1.105,0.675));
#12633 = LINE('',#12634,#12635);
#12634 = CARTESIAN_POINT('',(-2.2,1.105,0.494086109492));
#12635 = VECTOR('',#12636,1.);
#12636 = DIRECTION('',(-0.,0.,-1.));
#12637 = ORIENTED_EDGE('',*,*,#12638,.F.);
#12638 = EDGE_CURVE('',#12622,#12631,#12639,.T.);
#12639 = LINE('',#12640,#12641);
#12640 = CARTESIAN_POINT('',(-2.2,2.5,0.675));
#12641 = VECTOR('',#12642,1.);
#12642 = DIRECTION('',(2.22044604925E-16,-1.,0.));
#12643 = PLANE('',#12644);
#12644 = AXIS2_PLACEMENT_3D('',#12645,#12646,#12647);
#12645 = CARTESIAN_POINT('',(-2.2,2.5,0.675));
#12646 = DIRECTION('',(-1.,-2.22044604925E-16,0.));
#12647 = DIRECTION('',(2.22044604925E-16,-1.,0.));
#12648 = ADVANCED_FACE('',(#12649),#12674,.T.);
#12649 = FACE_BOUND('',#12650,.T.);
#12650 = EDGE_LOOP('',(#12651,#12659,#12660,#12668));
#12651 = ORIENTED_EDGE('',*,*,#12652,.T.);
#12652 = EDGE_CURVE('',#12653,#10418,#12655,.T.);
#12653 = VERTEX_POINT('',#12654);
#12654 = CARTESIAN_POINT('',(-2.2,-1.105,0.675));
#12655 = LINE('',#12656,#12657);
#12656 = CARTESIAN_POINT('',(-2.2,-1.105,0.494086109492));
#12657 = VECTOR('',#12658,1.);
#12658 = DIRECTION('',(-0.,0.,-1.));
#12659 = ORIENTED_EDGE('',*,*,#10417,.T.);
#12660 = ORIENTED_EDGE('',*,*,#12661,.F.);
#12661 = EDGE_CURVE('',#12662,#10410,#12664,.T.);
#12662 = VERTEX_POINT('',#12663);
#12663 = CARTESIAN_POINT('',(-2.2,-1.495,0.675));
#12664 = LINE('',#12665,#12666);
#12665 = CARTESIAN_POINT('',(-2.2,-1.495,0.494086109492));
#12666 = VECTOR('',#12667,1.);
#12667 = DIRECTION('',(-0.,0.,-1.));
#12668 = ORIENTED_EDGE('',*,*,#12669,.F.);
#12669 = EDGE_CURVE('',#12653,#12662,#12670,.T.);
#12670 = LINE('',#12671,#12672);
#12671 = CARTESIAN_POINT('',(-2.2,2.5,0.675));
#12672 = VECTOR('',#12673,1.);
#12673 = DIRECTION('',(2.22044604925E-16,-1.,0.));
#12674 = PLANE('',#12675);
#12675 = AXIS2_PLACEMENT_3D('',#12676,#12677,#12678);
#12676 = CARTESIAN_POINT('',(-2.2,2.5,0.675));
#12677 = DIRECTION('',(-1.,-2.22044604925E-16,0.));
#12678 = DIRECTION('',(2.22044604925E-16,-1.,0.));
#12679 = ADVANCED_FACE('',(#12680),#12705,.F.);
#12680 = FACE_BOUND('',#12681,.F.);
#12681 = EDGE_LOOP('',(#12682,#12690,#12691,#12699));
#12682 = ORIENTED_EDGE('',*,*,#12683,.F.);
#12683 = EDGE_CURVE('',#10466,#12684,#12686,.T.);
#12684 = VERTEX_POINT('',#12685);
#12685 = CARTESIAN_POINT('',(-2.4,0.845,0.525));
#12686 = LINE('',#12687,#12688);
#12687 = CARTESIAN_POINT('',(-2.1,0.845,0.525));
#12688 = VECTOR('',#12689,1.);
#12689 = DIRECTION('',(-1.,-9.95799250103E-17,0.));
#12690 = ORIENTED_EDGE('',*,*,#10473,.F.);
#12691 = ORIENTED_EDGE('',*,*,#12692,.T.);
#12692 = EDGE_CURVE('',#10474,#12693,#12695,.T.);
#12693 = VERTEX_POINT('',#12694);
#12694 = CARTESIAN_POINT('',(-2.4,1.105,0.525));
#12695 = LINE('',#12696,#12697);
#12696 = CARTESIAN_POINT('',(-2.1,1.105,0.525));
#12697 = VECTOR('',#12698,1.);
#12698 = DIRECTION('',(-1.,-9.95799250103E-17,0.));
#12699 = ORIENTED_EDGE('',*,*,#12700,.F.);
#12700 = EDGE_CURVE('',#12684,#12693,#12701,.T.);
#12701 = LINE('',#12702,#12703);
#12702 = CARTESIAN_POINT('',(-2.4,0.845,0.525));
#12703 = VECTOR('',#12704,1.);
#12704 = DIRECTION('',(-9.95799250103E-17,1.,0.));
#12705 = PLANE('',#12706);
#12706 = AXIS2_PLACEMENT_3D('',#12707,#12708,#12709);
#12707 = CARTESIAN_POINT('',(-2.1,0.845,0.525));
#12708 = DIRECTION('',(0.,0.,1.));
#12709 = DIRECTION('',(-1.,-9.95799250103E-17,0.));
#12710 = ADVANCED_FACE('',(#12711),#12736,.F.);
#12711 = FACE_BOUND('',#12712,.F.);
#12712 = EDGE_LOOP('',(#12713,#12721,#12722,#12730));
#12713 = ORIENTED_EDGE('',*,*,#12714,.F.);
#12714 = EDGE_CURVE('',#10418,#12715,#12717,.T.);
#12715 = VERTEX_POINT('',#12716);
#12716 = CARTESIAN_POINT('',(-2.4,-1.105,0.525));
#12717 = LINE('',#12718,#12719);
#12718 = CARTESIAN_POINT('',(-2.1,-1.105,0.525));
#12719 = VECTOR('',#12720,1.);
#12720 = DIRECTION('',(-1.,-9.95799250103E-17,0.));
#12721 = ORIENTED_EDGE('',*,*,#10425,.F.);
#12722 = ORIENTED_EDGE('',*,*,#12723,.T.);
#12723 = EDGE_CURVE('',#10426,#12724,#12726,.T.);
#12724 = VERTEX_POINT('',#12725);
#12725 = CARTESIAN_POINT('',(-2.4,-0.845,0.525));
#12726 = LINE('',#12727,#12728);
#12727 = CARTESIAN_POINT('',(-2.1,-0.845,0.525));
#12728 = VECTOR('',#12729,1.);
#12729 = DIRECTION('',(-1.,-9.95799250103E-17,0.));
#12730 = ORIENTED_EDGE('',*,*,#12731,.F.);
#12731 = EDGE_CURVE('',#12715,#12724,#12732,.T.);
#12732 = LINE('',#12733,#12734);
#12733 = CARTESIAN_POINT('',(-2.4,-1.105,0.525));
#12734 = VECTOR('',#12735,1.);
#12735 = DIRECTION('',(-9.95799250103E-17,1.,0.));
#12736 = PLANE('',#12737);
#12737 = AXIS2_PLACEMENT_3D('',#12738,#12739,#12740);
#12738 = CARTESIAN_POINT('',(-2.1,-1.105,0.525));
#12739 = DIRECTION('',(0.,0.,1.));
#12740 = DIRECTION('',(-1.,-9.95799250103E-17,0.));
#12741 = ADVANCED_FACE('',(#12742),#12767,.T.);
#12742 = FACE_BOUND('',#12743,.T.);
#12743 = EDGE_LOOP('',(#12744,#12752,#12753,#12761));
#12744 = ORIENTED_EDGE('',*,*,#12745,.T.);
#12745 = EDGE_CURVE('',#12746,#10466,#12748,.T.);
#12746 = VERTEX_POINT('',#12747);
#12747 = CARTESIAN_POINT('',(-2.2,0.845,0.675));
#12748 = LINE('',#12749,#12750);
#12749 = CARTESIAN_POINT('',(-2.2,0.845,0.494086109492));
#12750 = VECTOR('',#12751,1.);
#12751 = DIRECTION('',(-0.,0.,-1.));
#12752 = ORIENTED_EDGE('',*,*,#10465,.T.);
#12753 = ORIENTED_EDGE('',*,*,#12754,.F.);
#12754 = EDGE_CURVE('',#12755,#10458,#12757,.T.);
#12755 = VERTEX_POINT('',#12756);
#12756 = CARTESIAN_POINT('',(-2.2,0.455,0.675));
#12757 = LINE('',#12758,#12759);
#12758 = CARTESIAN_POINT('',(-2.2,0.455,0.494086109492));
#12759 = VECTOR('',#12760,1.);
#12760 = DIRECTION('',(-0.,0.,-1.));
#12761 = ORIENTED_EDGE('',*,*,#12762,.F.);
#12762 = EDGE_CURVE('',#12746,#12755,#12763,.T.);
#12763 = LINE('',#12764,#12765);
#12764 = CARTESIAN_POINT('',(-2.2,2.5,0.675));
#12765 = VECTOR('',#12766,1.);
#12766 = DIRECTION('',(2.22044604925E-16,-1.,0.));
#12767 = PLANE('',#12768);
#12768 = AXIS2_PLACEMENT_3D('',#12769,#12770,#12771);
#12769 = CARTESIAN_POINT('',(-2.2,2.5,0.675));
#12770 = DIRECTION('',(-1.,-2.22044604925E-16,0.));
#12771 = DIRECTION('',(2.22044604925E-16,-1.,0.));
#12772 = ADVANCED_FACE('',(#12773),#12798,.T.);
#12773 = FACE_BOUND('',#12774,.T.);
#12774 = EDGE_LOOP('',(#12775,#12783,#12784,#12792));
#12775 = ORIENTED_EDGE('',*,*,#12776,.T.);
#12776 = EDGE_CURVE('',#12777,#10434,#12779,.T.);
#12777 = VERTEX_POINT('',#12778);
#12778 = CARTESIAN_POINT('',(-2.2,-0.455,0.675));
#12779 = LINE('',#12780,#12781);
#12780 = CARTESIAN_POINT('',(-2.2,-0.455,0.494086109492));
#12781 = VECTOR('',#12782,1.);
#12782 = DIRECTION('',(-0.,0.,-1.));
#12783 = ORIENTED_EDGE('',*,*,#10433,.T.);
#12784 = ORIENTED_EDGE('',*,*,#12785,.F.);
#12785 = EDGE_CURVE('',#12786,#10426,#12788,.T.);
#12786 = VERTEX_POINT('',#12787);
#12787 = CARTESIAN_POINT('',(-2.2,-0.845,0.675));
#12788 = LINE('',#12789,#12790);
#12789 = CARTESIAN_POINT('',(-2.2,-0.845,0.494086109492));
#12790 = VECTOR('',#12791,1.);
#12791 = DIRECTION('',(-0.,0.,-1.));
#12792 = ORIENTED_EDGE('',*,*,#12793,.F.);
#12793 = EDGE_CURVE('',#12777,#12786,#12794,.T.);
#12794 = LINE('',#12795,#12796);
#12795 = CARTESIAN_POINT('',(-2.2,2.5,0.675));
#12796 = VECTOR('',#12797,1.);
#12797 = DIRECTION('',(2.22044604925E-16,-1.,0.));
#12798 = PLANE('',#12799);
#12799 = AXIS2_PLACEMENT_3D('',#12800,#12801,#12802);
#12800 = CARTESIAN_POINT('',(-2.2,2.5,0.675));
#12801 = DIRECTION('',(-1.,-2.22044604925E-16,0.));
#12802 = DIRECTION('',(2.22044604925E-16,-1.,0.));
#12803 = ADVANCED_FACE('',(#12804),#12829,.F.);
#12804 = FACE_BOUND('',#12805,.F.);
#12805 = EDGE_LOOP('',(#12806,#12814,#12815,#12823));
#12806 = ORIENTED_EDGE('',*,*,#12807,.F.);
#12807 = EDGE_CURVE('',#10450,#12808,#12810,.T.);
#12808 = VERTEX_POINT('',#12809);
#12809 = CARTESIAN_POINT('',(-2.4,0.195,0.525));
#12810 = LINE('',#12811,#12812);
#12811 = CARTESIAN_POINT('',(-2.1,0.195,0.525));
#12812 = VECTOR('',#12813,1.);
#12813 = DIRECTION('',(-1.,-9.95799250103E-17,0.));
#12814 = ORIENTED_EDGE('',*,*,#10457,.F.);
#12815 = ORIENTED_EDGE('',*,*,#12816,.T.);
#12816 = EDGE_CURVE('',#10458,#12817,#12819,.T.);
#12817 = VERTEX_POINT('',#12818);
#12818 = CARTESIAN_POINT('',(-2.4,0.455,0.525));
#12819 = LINE('',#12820,#12821);
#12820 = CARTESIAN_POINT('',(-2.1,0.455,0.525));
#12821 = VECTOR('',#12822,1.);
#12822 = DIRECTION('',(-1.,-9.95799250103E-17,0.));
#12823 = ORIENTED_EDGE('',*,*,#12824,.F.);
#12824 = EDGE_CURVE('',#12808,#12817,#12825,.T.);
#12825 = LINE('',#12826,#12827);
#12826 = CARTESIAN_POINT('',(-2.4,0.195,0.525));
#12827 = VECTOR('',#12828,1.);
#12828 = DIRECTION('',(-9.95799250103E-17,1.,0.));
#12829 = PLANE('',#12830);
#12830 = AXIS2_PLACEMENT_3D('',#12831,#12832,#12833);
#12831 = CARTESIAN_POINT('',(-2.1,0.195,0.525));
#12832 = DIRECTION('',(0.,0.,1.));
#12833 = DIRECTION('',(-1.,-9.95799250103E-17,0.));
#12834 = ADVANCED_FACE('',(#12835),#12860,.F.);
#12835 = FACE_BOUND('',#12836,.F.);
#12836 = EDGE_LOOP('',(#12837,#12845,#12846,#12854));
#12837 = ORIENTED_EDGE('',*,*,#12838,.F.);
#12838 = EDGE_CURVE('',#10434,#12839,#12841,.T.);
#12839 = VERTEX_POINT('',#12840);
#12840 = CARTESIAN_POINT('',(-2.4,-0.455,0.525));
#12841 = LINE('',#12842,#12843);
#12842 = CARTESIAN_POINT('',(-2.1,-0.455,0.525));
#12843 = VECTOR('',#12844,1.);
#12844 = DIRECTION('',(-1.,-9.95799250103E-17,0.));
#12845 = ORIENTED_EDGE('',*,*,#10441,.F.);
#12846 = ORIENTED_EDGE('',*,*,#12847,.T.);
#12847 = EDGE_CURVE('',#10442,#12848,#12850,.T.);
#12848 = VERTEX_POINT('',#12849);
#12849 = CARTESIAN_POINT('',(-2.4,-0.195,0.525));
#12850 = LINE('',#12851,#12852);
#12851 = CARTESIAN_POINT('',(-2.1,-0.195,0.525));
#12852 = VECTOR('',#12853,1.);
#12853 = DIRECTION('',(-1.,-9.95799250103E-17,0.));
#12854 = ORIENTED_EDGE('',*,*,#12855,.F.);
#12855 = EDGE_CURVE('',#12839,#12848,#12856,.T.);
#12856 = LINE('',#12857,#12858);
#12857 = CARTESIAN_POINT('',(-2.4,-0.455,0.525));
#12858 = VECTOR('',#12859,1.);
#12859 = DIRECTION('',(-9.95799250103E-17,1.,0.));
#12860 = PLANE('',#12861);
#12861 = AXIS2_PLACEMENT_3D('',#12862,#12863,#12864);
#12862 = CARTESIAN_POINT('',(-2.1,-0.455,0.525));
#12863 = DIRECTION('',(0.,0.,1.));
#12864 = DIRECTION('',(-1.,-9.95799250103E-17,0.));
#12865 = ADVANCED_FACE('',(#12866),#12891,.T.);
#12866 = FACE_BOUND('',#12867,.T.);
#12867 = EDGE_LOOP('',(#12868,#12876,#12877,#12885));
#12868 = ORIENTED_EDGE('',*,*,#12869,.T.);
#12869 = EDGE_CURVE('',#12870,#10450,#12872,.T.);
#12870 = VERTEX_POINT('',#12871);
#12871 = CARTESIAN_POINT('',(-2.2,0.195,0.675));
#12872 = LINE('',#12873,#12874);
#12873 = CARTESIAN_POINT('',(-2.2,0.195,0.494086109492));
#12874 = VECTOR('',#12875,1.);
#12875 = DIRECTION('',(-0.,0.,-1.));
#12876 = ORIENTED_EDGE('',*,*,#10449,.T.);
#12877 = ORIENTED_EDGE('',*,*,#12878,.F.);
#12878 = EDGE_CURVE('',#12879,#10442,#12881,.T.);
#12879 = VERTEX_POINT('',#12880);
#12880 = CARTESIAN_POINT('',(-2.2,-0.195,0.675));
#12881 = LINE('',#12882,#12883);
#12882 = CARTESIAN_POINT('',(-2.2,-0.195,0.494086109492));
#12883 = VECTOR('',#12884,1.);
#12884 = DIRECTION('',(-0.,0.,-1.));
#12885 = ORIENTED_EDGE('',*,*,#12886,.F.);
#12886 = EDGE_CURVE('',#12870,#12879,#12887,.T.);
#12887 = LINE('',#12888,#12889);
#12888 = CARTESIAN_POINT('',(-2.2,2.5,0.675));
#12889 = VECTOR('',#12890,1.);
#12890 = DIRECTION('',(2.22044604925E-16,-1.,0.));
#12891 = PLANE('',#12892);
#12892 = AXIS2_PLACEMENT_3D('',#12893,#12894,#12895);
#12893 = CARTESIAN_POINT('',(-2.2,2.5,0.675));
#12894 = DIRECTION('',(-1.,-2.22044604925E-16,0.));
#12895 = DIRECTION('',(2.22044604925E-16,-1.,0.));
#12896 = ADVANCED_FACE('',(#12897),#12907,.T.);
#12897 = FACE_BOUND('',#12898,.T.);
#12898 = EDGE_LOOP('',(#12899,#12900,#12901,#12902));
#12899 = ORIENTED_EDGE('',*,*,#10530,.T.);
#12900 = ORIENTED_EDGE('',*,*,#10551,.T.);
#12901 = ORIENTED_EDGE('',*,*,#12066,.F.);
#12902 = ORIENTED_EDGE('',*,*,#12903,.F.);
#12903 = EDGE_CURVE('',#10531,#12067,#12904,.T.);
#12904 = B_SPLINE_CURVE_WITH_KNOTS('',1,(#12905,#12906),.UNSPECIFIED.,
  .F.,.F.,(2,2),(0.,1.),.PIECEWISE_BEZIER_KNOTS.);
#12905 = CARTESIAN_POINT('',(-2.2,-2.5,0.675));
#12906 = CARTESIAN_POINT('',(-2.15,-2.45,0.675));
#12907 = B_SPLINE_SURFACE_WITH_KNOTS('',1,1,(
    (#12908,#12909)
    ,(#12910,#12911
    )),.UNSPECIFIED.,.F.,.F.,.F.,(2,2),(2,2),(0.,4.4),(0.,1.),
  .PIECEWISE_BEZIER_KNOTS.);
#12908 = CARTESIAN_POINT('',(-2.2,-2.5,0.675));
#12909 = CARTESIAN_POINT('',(-2.15,-2.45,0.675));
#12910 = CARTESIAN_POINT('',(2.2,-2.5,0.675));
#12911 = CARTESIAN_POINT('',(2.15,-2.45,0.675));
#12912 = ADVANCED_FACE('',(#12913),#12924,.T.);
#12913 = FACE_BOUND('',#12914,.T.);
#12914 = EDGE_LOOP('',(#12915,#12916,#12917,#12918));
#12915 = ORIENTED_EDGE('',*,*,#10733,.T.);
#12916 = ORIENTED_EDGE('',*,*,#12097,.T.);
#12917 = ORIENTED_EDGE('',*,*,#10641,.F.);
#12918 = ORIENTED_EDGE('',*,*,#12919,.F.);
#12919 = EDGE_CURVE('',#10726,#10634,#12920,.T.);
#12920 = LINE('',#12921,#12922);
#12921 = CARTESIAN_POINT('',(2.65,-2.145,0.425));
#12922 = VECTOR('',#12923,1.);
#12923 = DIRECTION('',(2.22044604925E-16,-1.,0.));
#12924 = CYLINDRICAL_SURFACE('',#12925,0.25);
#12925 = AXIS2_PLACEMENT_3D('',#12926,#12927,#12928);
#12926 = CARTESIAN_POINT('',(2.4,-2.145,0.425));
#12927 = DIRECTION('',(-2.22044604925E-16,1.,-0.));
#12928 = DIRECTION('',(1.,2.22044604925E-16,2.22044604925E-15));
#12929 = ADVANCED_FACE('',(#12930),#12941,.F.);
#12930 = FACE_BOUND('',#12931,.F.);
#12931 = EDGE_LOOP('',(#12932,#12938,#12939,#12940));
#12932 = ORIENTED_EDGE('',*,*,#12933,.T.);
#12933 = EDGE_CURVE('',#10717,#10625,#12934,.T.);
#12934 = LINE('',#12935,#12936);
#12935 = CARTESIAN_POINT('',(2.65,-2.145,0.25));
#12936 = VECTOR('',#12937,1.);
#12937 = DIRECTION('',(2.22044604925E-16,-1.,0.));
#12938 = ORIENTED_EDGE('',*,*,#10633,.T.);
#12939 = ORIENTED_EDGE('',*,*,#12919,.F.);
#12940 = ORIENTED_EDGE('',*,*,#10725,.F.);
#12941 = PLANE('',#12942);
#12942 = AXIS2_PLACEMENT_3D('',#12943,#12944,#12945);
#12943 = CARTESIAN_POINT('',(2.65,-2.145,0.25));
#12944 = DIRECTION('',(-1.,-2.22044604925E-16,0.));
#12945 = DIRECTION('',(0.,0.,1.));
#12946 = ADVANCED_FACE('',(#12947),#12958,.F.);
#12947 = FACE_BOUND('',#12948,.F.);
#12948 = EDGE_LOOP('',(#12949,#12955,#12956,#12957));
#12949 = ORIENTED_EDGE('',*,*,#12950,.T.);
#12950 = EDGE_CURVE('',#10709,#10617,#12951,.T.);
#12951 = LINE('',#12952,#12953);
#12952 = CARTESIAN_POINT('',(2.75,-2.145,0.15));
#12953 = VECTOR('',#12954,1.);
#12954 = DIRECTION('',(2.22044604925E-16,-1.,0.));
#12955 = ORIENTED_EDGE('',*,*,#10624,.T.);
#12956 = ORIENTED_EDGE('',*,*,#12933,.F.);
#12957 = ORIENTED_EDGE('',*,*,#10716,.F.);
#12958 = CYLINDRICAL_SURFACE('',#12959,0.1);
#12959 = AXIS2_PLACEMENT_3D('',#12960,#12961,#12962);
#12960 = CARTESIAN_POINT('',(2.75,-2.145,0.25));
#12961 = DIRECTION('',(-2.22044604925E-16,1.,0.));
#12962 = DIRECTION('',(0.,0.,-1.));
#12963 = ADVANCED_FACE('',(#12964),#12975,.F.);
#12964 = FACE_BOUND('',#12965,.F.);
#12965 = EDGE_LOOP('',(#12966,#12972,#12973,#12974));
#12966 = ORIENTED_EDGE('',*,*,#12967,.T.);
#12967 = EDGE_CURVE('',#10701,#10609,#12968,.T.);
#12968 = LINE('',#12969,#12970);
#12969 = CARTESIAN_POINT('',(3.2,-2.145,0.15));
#12970 = VECTOR('',#12971,1.);
#12971 = DIRECTION('',(2.22044604925E-16,-1.,0.));
#12972 = ORIENTED_EDGE('',*,*,#10616,.T.);
#12973 = ORIENTED_EDGE('',*,*,#12950,.F.);
#12974 = ORIENTED_EDGE('',*,*,#10708,.F.);
#12975 = PLANE('',#12976);
#12976 = AXIS2_PLACEMENT_3D('',#12977,#12978,#12979);
#12977 = CARTESIAN_POINT('',(3.2,-2.145,0.15));
#12978 = DIRECTION('',(0.,0.,-1.));
#12979 = DIRECTION('',(-1.,-2.22044604925E-16,-0.));
#12980 = ADVANCED_FACE('',(#12981),#12992,.F.);
#12981 = FACE_BOUND('',#12982,.F.);
#12982 = EDGE_LOOP('',(#12983,#12989,#12990,#12991));
#12983 = ORIENTED_EDGE('',*,*,#12984,.T.);
#12984 = EDGE_CURVE('',#10693,#10601,#12985,.T.);
#12985 = LINE('',#12986,#12987);
#12986 = CARTESIAN_POINT('',(3.2,-2.145,1.110223024625E-16));
#12987 = VECTOR('',#12988,1.);
#12988 = DIRECTION('',(2.22044604925E-16,-1.,0.));
#12989 = ORIENTED_EDGE('',*,*,#10608,.T.);
#12990 = ORIENTED_EDGE('',*,*,#12967,.F.);
#12991 = ORIENTED_EDGE('',*,*,#10700,.F.);
#12992 = PLANE('',#12993);
#12993 = AXIS2_PLACEMENT_3D('',#12994,#12995,#12996);
#12994 = CARTESIAN_POINT('',(3.2,-2.145,1.110223024625E-16));
#12995 = DIRECTION('',(-1.,-2.22044604925E-16,0.));
#12996 = DIRECTION('',(0.,0.,1.));
#12997 = ADVANCED_FACE('',(#12998),#13009,.F.);
#12998 = FACE_BOUND('',#12999,.F.);
#12999 = EDGE_LOOP('',(#13000,#13006,#13007,#13008));
#13000 = ORIENTED_EDGE('',*,*,#13001,.T.);
#13001 = EDGE_CURVE('',#10684,#10592,#13002,.T.);
#13002 = LINE('',#13003,#13004);
#13003 = CARTESIAN_POINT('',(2.75,-2.145,1.110223024625E-16));
#13004 = VECTOR('',#13005,1.);
#13005 = DIRECTION('',(2.22044604925E-16,-1.,0.));
#13006 = ORIENTED_EDGE('',*,*,#10600,.T.);
#13007 = ORIENTED_EDGE('',*,*,#12984,.F.);
#13008 = ORIENTED_EDGE('',*,*,#10692,.F.);
#13009 = PLANE('',#13010);
#13010 = AXIS2_PLACEMENT_3D('',#13011,#13012,#13013);
#13011 = CARTESIAN_POINT('',(2.75,-2.145,1.110223024625E-16));
#13012 = DIRECTION('',(0.,0.,1.));
#13013 = DIRECTION('',(1.,2.22044604925E-16,-0.));
#13014 = ADVANCED_FACE('',(#13015),#13026,.T.);
#13015 = FACE_BOUND('',#13016,.T.);
#13016 = EDGE_LOOP('',(#13017,#13018,#13019,#13020));
#13017 = ORIENTED_EDGE('',*,*,#10683,.T.);
#13018 = ORIENTED_EDGE('',*,*,#13001,.T.);
#13019 = ORIENTED_EDGE('',*,*,#10591,.F.);
#13020 = ORIENTED_EDGE('',*,*,#13021,.F.);
#13021 = EDGE_CURVE('',#10676,#10584,#13022,.T.);
#13022 = LINE('',#13023,#13024);
#13023 = CARTESIAN_POINT('',(2.5,-2.145,0.25));
#13024 = VECTOR('',#13025,1.);
#13025 = DIRECTION('',(2.22044604925E-16,-1.,0.));
#13026 = CYLINDRICAL_SURFACE('',#13027,0.25);
#13027 = AXIS2_PLACEMENT_3D('',#13028,#13029,#13030);
#13028 = CARTESIAN_POINT('',(2.75,-2.145,0.25));
#13029 = DIRECTION('',(-2.22044604925E-16,1.,-0.));
#13030 = DIRECTION('',(-1.,-2.22044604925E-16,-2.442490654175E-15));
#13031 = ADVANCED_FACE('',(#13032),#13038,.F.);
#13032 = FACE_BOUND('',#13033,.F.);
#13033 = EDGE_LOOP('',(#13034,#13035,#13036,#13037));
#13034 = ORIENTED_EDGE('',*,*,#10758,.T.);
#13035 = ORIENTED_EDGE('',*,*,#10583,.T.);
#13036 = ORIENTED_EDGE('',*,*,#13021,.F.);
#13037 = ORIENTED_EDGE('',*,*,#10675,.F.);
#13038 = PLANE('',#13039);
#13039 = AXIS2_PLACEMENT_3D('',#13040,#13041,#13042);
#13040 = CARTESIAN_POINT('',(2.5,-2.145,0.425));
#13041 = DIRECTION('',(1.,2.22044604925E-16,0.));
#13042 = DIRECTION('',(0.,0.,-1.));
#13043 = ADVANCED_FACE('',(#13044),#13055,.T.);
#13044 = FACE_BOUND('',#13045,.T.);
#13045 = EDGE_LOOP('',(#13046,#13047,#13048,#13049));
#13046 = ORIENTED_EDGE('',*,*,#10956,.T.);
#13047 = ORIENTED_EDGE('',*,*,#12167,.T.);
#13048 = ORIENTED_EDGE('',*,*,#10864,.F.);
#13049 = ORIENTED_EDGE('',*,*,#13050,.F.);
#13050 = EDGE_CURVE('',#10949,#10857,#13051,.T.);
#13051 = LINE('',#13052,#13053);
#13052 = CARTESIAN_POINT('',(2.65,-1.495,0.425));
#13053 = VECTOR('',#13054,1.);
#13054 = DIRECTION('',(2.22044604925E-16,-1.,0.));
#13055 = CYLINDRICAL_SURFACE('',#13056,0.25);
#13056 = AXIS2_PLACEMENT_3D('',#13057,#13058,#13059);
#13057 = CARTESIAN_POINT('',(2.4,-1.495,0.425));
#13058 = DIRECTION('',(-2.22044604925E-16,1.,-0.));
#13059 = DIRECTION('',(1.,2.22044604925E-16,2.22044604925E-15));
#13060 = ADVANCED_FACE('',(#13061),#13072,.F.);
#13061 = FACE_BOUND('',#13062,.F.);
#13062 = EDGE_LOOP('',(#13063,#13069,#13070,#13071));
#13063 = ORIENTED_EDGE('',*,*,#13064,.T.);
#13064 = EDGE_CURVE('',#10940,#10848,#13065,.T.);
#13065 = LINE('',#13066,#13067);
#13066 = CARTESIAN_POINT('',(2.65,-1.495,0.25));
#13067 = VECTOR('',#13068,1.);
#13068 = DIRECTION('',(2.22044604925E-16,-1.,0.));
#13069 = ORIENTED_EDGE('',*,*,#10856,.T.);
#13070 = ORIENTED_EDGE('',*,*,#13050,.F.);
#13071 = ORIENTED_EDGE('',*,*,#10948,.F.);
#13072 = PLANE('',#13073);
#13073 = AXIS2_PLACEMENT_3D('',#13074,#13075,#13076);
#13074 = CARTESIAN_POINT('',(2.65,-1.495,0.25));
#13075 = DIRECTION('',(-1.,-2.22044604925E-16,0.));
#13076 = DIRECTION('',(0.,0.,1.));
#13077 = ADVANCED_FACE('',(#13078),#13089,.F.);
#13078 = FACE_BOUND('',#13079,.F.);
#13079 = EDGE_LOOP('',(#13080,#13086,#13087,#13088));
#13080 = ORIENTED_EDGE('',*,*,#13081,.T.);
#13081 = EDGE_CURVE('',#10932,#10840,#13082,.T.);
#13082 = LINE('',#13083,#13084);
#13083 = CARTESIAN_POINT('',(2.75,-1.495,0.15));
#13084 = VECTOR('',#13085,1.);
#13085 = DIRECTION('',(2.22044604925E-16,-1.,0.));
#13086 = ORIENTED_EDGE('',*,*,#10847,.T.);
#13087 = ORIENTED_EDGE('',*,*,#13064,.F.);
#13088 = ORIENTED_EDGE('',*,*,#10939,.F.);
#13089 = CYLINDRICAL_SURFACE('',#13090,0.1);
#13090 = AXIS2_PLACEMENT_3D('',#13091,#13092,#13093);
#13091 = CARTESIAN_POINT('',(2.75,-1.495,0.25));
#13092 = DIRECTION('',(-2.22044604925E-16,1.,0.));
#13093 = DIRECTION('',(0.,0.,-1.));
#13094 = ADVANCED_FACE('',(#13095),#13106,.F.);
#13095 = FACE_BOUND('',#13096,.F.);
#13096 = EDGE_LOOP('',(#13097,#13103,#13104,#13105));
#13097 = ORIENTED_EDGE('',*,*,#13098,.T.);
#13098 = EDGE_CURVE('',#10924,#10832,#13099,.T.);
#13099 = LINE('',#13100,#13101);
#13100 = CARTESIAN_POINT('',(3.2,-1.495,0.15));
#13101 = VECTOR('',#13102,1.);
#13102 = DIRECTION('',(2.22044604925E-16,-1.,0.));
#13103 = ORIENTED_EDGE('',*,*,#10839,.T.);
#13104 = ORIENTED_EDGE('',*,*,#13081,.F.);
#13105 = ORIENTED_EDGE('',*,*,#10931,.F.);
#13106 = PLANE('',#13107);
#13107 = AXIS2_PLACEMENT_3D('',#13108,#13109,#13110);
#13108 = CARTESIAN_POINT('',(3.2,-1.495,0.15));
#13109 = DIRECTION('',(0.,0.,-1.));
#13110 = DIRECTION('',(-1.,-2.22044604925E-16,-0.));
#13111 = ADVANCED_FACE('',(#13112),#13123,.F.);
#13112 = FACE_BOUND('',#13113,.F.);
#13113 = EDGE_LOOP('',(#13114,#13120,#13121,#13122));
#13114 = ORIENTED_EDGE('',*,*,#13115,.T.);
#13115 = EDGE_CURVE('',#10916,#10824,#13116,.T.);
#13116 = LINE('',#13117,#13118);
#13117 = CARTESIAN_POINT('',(3.2,-1.495,1.110223024625E-16));
#13118 = VECTOR('',#13119,1.);
#13119 = DIRECTION('',(2.22044604925E-16,-1.,0.));
#13120 = ORIENTED_EDGE('',*,*,#10831,.T.);
#13121 = ORIENTED_EDGE('',*,*,#13098,.F.);
#13122 = ORIENTED_EDGE('',*,*,#10923,.F.);
#13123 = PLANE('',#13124);
#13124 = AXIS2_PLACEMENT_3D('',#13125,#13126,#13127);
#13125 = CARTESIAN_POINT('',(3.2,-1.495,1.110223024625E-16));
#13126 = DIRECTION('',(-1.,-2.22044604925E-16,0.));
#13127 = DIRECTION('',(0.,0.,1.));
#13128 = ADVANCED_FACE('',(#13129),#13140,.F.);
#13129 = FACE_BOUND('',#13130,.F.);
#13130 = EDGE_LOOP('',(#13131,#13137,#13138,#13139));
#13131 = ORIENTED_EDGE('',*,*,#13132,.T.);
#13132 = EDGE_CURVE('',#10907,#10815,#13133,.T.);
#13133 = LINE('',#13134,#13135);
#13134 = CARTESIAN_POINT('',(2.75,-1.495,1.110223024625E-16));
#13135 = VECTOR('',#13136,1.);
#13136 = DIRECTION('',(2.22044604925E-16,-1.,0.));
#13137 = ORIENTED_EDGE('',*,*,#10823,.T.);
#13138 = ORIENTED_EDGE('',*,*,#13115,.F.);
#13139 = ORIENTED_EDGE('',*,*,#10915,.F.);
#13140 = PLANE('',#13141);
#13141 = AXIS2_PLACEMENT_3D('',#13142,#13143,#13144);
#13142 = CARTESIAN_POINT('',(2.75,-1.495,1.110223024625E-16));
#13143 = DIRECTION('',(0.,0.,1.));
#13144 = DIRECTION('',(1.,2.22044604925E-16,-0.));
#13145 = ADVANCED_FACE('',(#13146),#13157,.T.);
#13146 = FACE_BOUND('',#13147,.T.);
#13147 = EDGE_LOOP('',(#13148,#13149,#13150,#13151));
#13148 = ORIENTED_EDGE('',*,*,#10906,.T.);
#13149 = ORIENTED_EDGE('',*,*,#13132,.T.);
#13150 = ORIENTED_EDGE('',*,*,#10814,.F.);
#13151 = ORIENTED_EDGE('',*,*,#13152,.F.);
#13152 = EDGE_CURVE('',#10899,#10807,#13153,.T.);
#13153 = LINE('',#13154,#13155);
#13154 = CARTESIAN_POINT('',(2.5,-1.495,0.25));
#13155 = VECTOR('',#13156,1.);
#13156 = DIRECTION('',(2.22044604925E-16,-1.,0.));
#13157 = CYLINDRICAL_SURFACE('',#13158,0.25);
#13158 = AXIS2_PLACEMENT_3D('',#13159,#13160,#13161);
#13159 = CARTESIAN_POINT('',(2.75,-1.495,0.25));
#13160 = DIRECTION('',(-2.22044604925E-16,1.,-0.));
#13161 = DIRECTION('',(-1.,-2.22044604925E-16,-2.442490654175E-15));
#13162 = ADVANCED_FACE('',(#13163),#13169,.F.);
#13163 = FACE_BOUND('',#13164,.F.);
#13164 = EDGE_LOOP('',(#13165,#13166,#13167,#13168));
#13165 = ORIENTED_EDGE('',*,*,#10981,.T.);
#13166 = ORIENTED_EDGE('',*,*,#10806,.T.);
#13167 = ORIENTED_EDGE('',*,*,#13152,.F.);
#13168 = ORIENTED_EDGE('',*,*,#10898,.F.);
#13169 = PLANE('',#13170);
#13170 = AXIS2_PLACEMENT_3D('',#13171,#13172,#13173);
#13171 = CARTESIAN_POINT('',(2.5,-1.495,0.425));
#13172 = DIRECTION('',(1.,2.22044604925E-16,0.));
#13173 = DIRECTION('',(0.,0.,-1.));
#13174 = ADVANCED_FACE('',(#13175),#13186,.T.);
#13175 = FACE_BOUND('',#13176,.T.);
#13176 = EDGE_LOOP('',(#13177,#13178,#13179,#13180));
#13177 = ORIENTED_EDGE('',*,*,#11402,.T.);
#13178 = ORIENTED_EDGE('',*,*,#12186,.T.);
#13179 = ORIENTED_EDGE('',*,*,#11196,.F.);
#13180 = ORIENTED_EDGE('',*,*,#13181,.F.);
#13181 = EDGE_CURVE('',#11395,#11189,#13182,.T.);
#13182 = LINE('',#13183,#13184);
#13183 = CARTESIAN_POINT('',(2.65,-0.845,0.425));
#13184 = VECTOR('',#13185,1.);
#13185 = DIRECTION('',(2.22044604925E-16,-1.,0.));
#13186 = CYLINDRICAL_SURFACE('',#13187,0.25);
#13187 = AXIS2_PLACEMENT_3D('',#13188,#13189,#13190);
#13188 = CARTESIAN_POINT('',(2.4,-0.845,0.425));
#13189 = DIRECTION('',(-2.22044604925E-16,1.,-0.));
#13190 = DIRECTION('',(1.,2.22044604925E-16,2.22044604925E-15));
#13191 = ADVANCED_FACE('',(#13192),#13203,.F.);
#13192 = FACE_BOUND('',#13193,.F.);
#13193 = EDGE_LOOP('',(#13194,#13200,#13201,#13202));
#13194 = ORIENTED_EDGE('',*,*,#13195,.T.);
#13195 = EDGE_CURVE('',#11386,#11180,#13196,.T.);
#13196 = LINE('',#13197,#13198);
#13197 = CARTESIAN_POINT('',(2.65,-0.845,0.25));
#13198 = VECTOR('',#13199,1.);
#13199 = DIRECTION('',(2.22044604925E-16,-1.,0.));
#13200 = ORIENTED_EDGE('',*,*,#11188,.T.);
#13201 = ORIENTED_EDGE('',*,*,#13181,.F.);
#13202 = ORIENTED_EDGE('',*,*,#11394,.F.);
#13203 = PLANE('',#13204);
#13204 = AXIS2_PLACEMENT_3D('',#13205,#13206,#13207);
#13205 = CARTESIAN_POINT('',(2.65,-0.845,0.25));
#13206 = DIRECTION('',(-1.,-2.22044604925E-16,0.));
#13207 = DIRECTION('',(0.,0.,1.));
#13208 = ADVANCED_FACE('',(#13209),#13220,.F.);
#13209 = FACE_BOUND('',#13210,.F.);
#13210 = EDGE_LOOP('',(#13211,#13217,#13218,#13219));
#13211 = ORIENTED_EDGE('',*,*,#13212,.T.);
#13212 = EDGE_CURVE('',#11378,#11172,#13213,.T.);
#13213 = LINE('',#13214,#13215);
#13214 = CARTESIAN_POINT('',(2.75,-0.845,0.15));
#13215 = VECTOR('',#13216,1.);
#13216 = DIRECTION('',(2.22044604925E-16,-1.,0.));
#13217 = ORIENTED_EDGE('',*,*,#11179,.T.);
#13218 = ORIENTED_EDGE('',*,*,#13195,.F.);
#13219 = ORIENTED_EDGE('',*,*,#11385,.F.);
#13220 = CYLINDRICAL_SURFACE('',#13221,0.1);
#13221 = AXIS2_PLACEMENT_3D('',#13222,#13223,#13224);
#13222 = CARTESIAN_POINT('',(2.75,-0.845,0.25));
#13223 = DIRECTION('',(-2.22044604925E-16,1.,0.));
#13224 = DIRECTION('',(0.,0.,-1.));
#13225 = ADVANCED_FACE('',(#13226),#13237,.F.);
#13226 = FACE_BOUND('',#13227,.F.);
#13227 = EDGE_LOOP('',(#13228,#13234,#13235,#13236));
#13228 = ORIENTED_EDGE('',*,*,#13229,.T.);
#13229 = EDGE_CURVE('',#11370,#11164,#13230,.T.);
#13230 = LINE('',#13231,#13232);
#13231 = CARTESIAN_POINT('',(3.2,-0.845,0.15));
#13232 = VECTOR('',#13233,1.);
#13233 = DIRECTION('',(2.22044604925E-16,-1.,0.));
#13234 = ORIENTED_EDGE('',*,*,#11171,.T.);
#13235 = ORIENTED_EDGE('',*,*,#13212,.F.);
#13236 = ORIENTED_EDGE('',*,*,#11377,.F.);
#13237 = PLANE('',#13238);
#13238 = AXIS2_PLACEMENT_3D('',#13239,#13240,#13241);
#13239 = CARTESIAN_POINT('',(3.2,-0.845,0.15));
#13240 = DIRECTION('',(0.,0.,-1.));
#13241 = DIRECTION('',(-1.,-2.22044604925E-16,-0.));
#13242 = ADVANCED_FACE('',(#13243),#13254,.F.);
#13243 = FACE_BOUND('',#13244,.F.);
#13244 = EDGE_LOOP('',(#13245,#13251,#13252,#13253));
#13245 = ORIENTED_EDGE('',*,*,#13246,.T.);
#13246 = EDGE_CURVE('',#11362,#11156,#13247,.T.);
#13247 = LINE('',#13248,#13249);
#13248 = CARTESIAN_POINT('',(3.2,-0.845,1.110223024625E-16));
#13249 = VECTOR('',#13250,1.);
#13250 = DIRECTION('',(2.22044604925E-16,-1.,0.));
#13251 = ORIENTED_EDGE('',*,*,#11163,.T.);
#13252 = ORIENTED_EDGE('',*,*,#13229,.F.);
#13253 = ORIENTED_EDGE('',*,*,#11369,.F.);
#13254 = PLANE('',#13255);
#13255 = AXIS2_PLACEMENT_3D('',#13256,#13257,#13258);
#13256 = CARTESIAN_POINT('',(3.2,-0.845,1.110223024625E-16));
#13257 = DIRECTION('',(-1.,-2.22044604925E-16,0.));
#13258 = DIRECTION('',(0.,0.,1.));
#13259 = ADVANCED_FACE('',(#13260),#13271,.F.);
#13260 = FACE_BOUND('',#13261,.F.);
#13261 = EDGE_LOOP('',(#13262,#13268,#13269,#13270));
#13262 = ORIENTED_EDGE('',*,*,#13263,.T.);
#13263 = EDGE_CURVE('',#11353,#11147,#13264,.T.);
#13264 = LINE('',#13265,#13266);
#13265 = CARTESIAN_POINT('',(2.75,-0.845,1.110223024625E-16));
#13266 = VECTOR('',#13267,1.);
#13267 = DIRECTION('',(2.22044604925E-16,-1.,0.));
#13268 = ORIENTED_EDGE('',*,*,#11155,.T.);
#13269 = ORIENTED_EDGE('',*,*,#13246,.F.);
#13270 = ORIENTED_EDGE('',*,*,#11361,.F.);
#13271 = PLANE('',#13272);
#13272 = AXIS2_PLACEMENT_3D('',#13273,#13274,#13275);
#13273 = CARTESIAN_POINT('',(2.75,-0.845,1.110223024625E-16));
#13274 = DIRECTION('',(0.,0.,1.));
#13275 = DIRECTION('',(1.,2.22044604925E-16,-0.));
#13276 = ADVANCED_FACE('',(#13277),#13288,.T.);
#13277 = FACE_BOUND('',#13278,.T.);
#13278 = EDGE_LOOP('',(#13279,#13280,#13281,#13282));
#13279 = ORIENTED_EDGE('',*,*,#11352,.T.);
#13280 = ORIENTED_EDGE('',*,*,#13263,.T.);
#13281 = ORIENTED_EDGE('',*,*,#11146,.F.);
#13282 = ORIENTED_EDGE('',*,*,#13283,.F.);
#13283 = EDGE_CURVE('',#11345,#11139,#13284,.T.);
#13284 = LINE('',#13285,#13286);
#13285 = CARTESIAN_POINT('',(2.5,-0.845,0.25));
#13286 = VECTOR('',#13287,1.);
#13287 = DIRECTION('',(2.22044604925E-16,-1.,0.));
#13288 = CYLINDRICAL_SURFACE('',#13289,0.25);
#13289 = AXIS2_PLACEMENT_3D('',#13290,#13291,#13292);
#13290 = CARTESIAN_POINT('',(2.75,-0.845,0.25));
#13291 = DIRECTION('',(-2.22044604925E-16,1.,-0.));
#13292 = DIRECTION('',(-1.,-2.22044604925E-16,-2.442490654175E-15));
#13293 = ADVANCED_FACE('',(#13294),#13300,.F.);
#13294 = FACE_BOUND('',#13295,.F.);
#13295 = EDGE_LOOP('',(#13296,#13297,#13298,#13299));
#13296 = ORIENTED_EDGE('',*,*,#11427,.T.);
#13297 = ORIENTED_EDGE('',*,*,#11138,.T.);
#13298 = ORIENTED_EDGE('',*,*,#13283,.F.);
#13299 = ORIENTED_EDGE('',*,*,#11344,.F.);
#13300 = PLANE('',#13301);
#13301 = AXIS2_PLACEMENT_3D('',#13302,#13303,#13304);
#13302 = CARTESIAN_POINT('',(2.5,-0.845,0.425));
#13303 = DIRECTION('',(1.,2.22044604925E-16,0.));
#13304 = DIRECTION('',(0.,0.,-1.));
#13305 = ADVANCED_FACE('',(#13306),#13317,.T.);
#13306 = FACE_BOUND('',#13307,.T.);
#13307 = EDGE_LOOP('',(#13308,#13309,#13310,#13311));
#13308 = ORIENTED_EDGE('',*,*,#11288,.T.);
#13309 = ORIENTED_EDGE('',*,*,#12243,.T.);
#13310 = ORIENTED_EDGE('',*,*,#11528,.F.);
#13311 = ORIENTED_EDGE('',*,*,#13312,.F.);
#13312 = EDGE_CURVE('',#11281,#11521,#13313,.T.);
#13313 = LINE('',#13314,#13315);
#13314 = CARTESIAN_POINT('',(2.65,1.105,0.425));
#13315 = VECTOR('',#13316,1.);
#13316 = DIRECTION('',(2.22044604925E-16,-1.,0.));
#13317 = CYLINDRICAL_SURFACE('',#13318,0.25);
#13318 = AXIS2_PLACEMENT_3D('',#13319,#13320,#13321);
#13319 = CARTESIAN_POINT('',(2.4,1.105,0.425));
#13320 = DIRECTION('',(-2.22044604925E-16,1.,-0.));
#13321 = DIRECTION('',(1.,2.22044604925E-16,2.22044604925E-15));
#13322 = ADVANCED_FACE('',(#13323),#13334,.F.);
#13323 = FACE_BOUND('',#13324,.F.);
#13324 = EDGE_LOOP('',(#13325,#13331,#13332,#13333));
#13325 = ORIENTED_EDGE('',*,*,#13326,.T.);
#13326 = EDGE_CURVE('',#11272,#11512,#13327,.T.);
#13327 = LINE('',#13328,#13329);
#13328 = CARTESIAN_POINT('',(2.65,1.105,0.25));
#13329 = VECTOR('',#13330,1.);
#13330 = DIRECTION('',(2.22044604925E-16,-1.,0.));
#13331 = ORIENTED_EDGE('',*,*,#11520,.T.);
#13332 = ORIENTED_EDGE('',*,*,#13312,.F.);
#13333 = ORIENTED_EDGE('',*,*,#11280,.F.);
#13334 = PLANE('',#13335);
#13335 = AXIS2_PLACEMENT_3D('',#13336,#13337,#13338);
#13336 = CARTESIAN_POINT('',(2.65,1.105,0.25));
#13337 = DIRECTION('',(-1.,-2.22044604925E-16,0.));
#13338 = DIRECTION('',(0.,0.,1.));
#13339 = ADVANCED_FACE('',(#13340),#13351,.F.);
#13340 = FACE_BOUND('',#13341,.F.);
#13341 = EDGE_LOOP('',(#13342,#13348,#13349,#13350));
#13342 = ORIENTED_EDGE('',*,*,#13343,.T.);
#13343 = EDGE_CURVE('',#11264,#11504,#13344,.T.);
#13344 = LINE('',#13345,#13346);
#13345 = CARTESIAN_POINT('',(2.75,1.105,0.15));
#13346 = VECTOR('',#13347,1.);
#13347 = DIRECTION('',(2.22044604925E-16,-1.,0.));
#13348 = ORIENTED_EDGE('',*,*,#11511,.T.);
#13349 = ORIENTED_EDGE('',*,*,#13326,.F.);
#13350 = ORIENTED_EDGE('',*,*,#11271,.F.);
#13351 = CYLINDRICAL_SURFACE('',#13352,0.1);
#13352 = AXIS2_PLACEMENT_3D('',#13353,#13354,#13355);
#13353 = CARTESIAN_POINT('',(2.75,1.105,0.25));
#13354 = DIRECTION('',(-2.22044604925E-16,1.,0.));
#13355 = DIRECTION('',(0.,0.,-1.));
#13356 = ADVANCED_FACE('',(#13357),#13368,.F.);
#13357 = FACE_BOUND('',#13358,.F.);
#13358 = EDGE_LOOP('',(#13359,#13365,#13366,#13367));
#13359 = ORIENTED_EDGE('',*,*,#13360,.T.);
#13360 = EDGE_CURVE('',#11256,#11496,#13361,.T.);
#13361 = LINE('',#13362,#13363);
#13362 = CARTESIAN_POINT('',(3.2,1.105,0.15));
#13363 = VECTOR('',#13364,1.);
#13364 = DIRECTION('',(2.22044604925E-16,-1.,0.));
#13365 = ORIENTED_EDGE('',*,*,#11503,.T.);
#13366 = ORIENTED_EDGE('',*,*,#13343,.F.);
#13367 = ORIENTED_EDGE('',*,*,#11263,.F.);
#13368 = PLANE('',#13369);
#13369 = AXIS2_PLACEMENT_3D('',#13370,#13371,#13372);
#13370 = CARTESIAN_POINT('',(3.2,1.105,0.15));
#13371 = DIRECTION('',(0.,0.,-1.));
#13372 = DIRECTION('',(-1.,-2.22044604925E-16,-0.));
#13373 = ADVANCED_FACE('',(#13374),#13385,.F.);
#13374 = FACE_BOUND('',#13375,.F.);
#13375 = EDGE_LOOP('',(#13376,#13382,#13383,#13384));
#13376 = ORIENTED_EDGE('',*,*,#13377,.T.);
#13377 = EDGE_CURVE('',#11248,#11488,#13378,.T.);
#13378 = LINE('',#13379,#13380);
#13379 = CARTESIAN_POINT('',(3.2,1.105,1.110223024625E-16));
#13380 = VECTOR('',#13381,1.);
#13381 = DIRECTION('',(2.22044604925E-16,-1.,0.));
#13382 = ORIENTED_EDGE('',*,*,#11495,.T.);
#13383 = ORIENTED_EDGE('',*,*,#13360,.F.);
#13384 = ORIENTED_EDGE('',*,*,#11255,.F.);
#13385 = PLANE('',#13386);
#13386 = AXIS2_PLACEMENT_3D('',#13387,#13388,#13389);
#13387 = CARTESIAN_POINT('',(3.2,1.105,1.110223024625E-16));
#13388 = DIRECTION('',(-1.,-2.22044604925E-16,0.));
#13389 = DIRECTION('',(0.,0.,1.));
#13390 = ADVANCED_FACE('',(#13391),#13402,.F.);
#13391 = FACE_BOUND('',#13392,.F.);
#13392 = EDGE_LOOP('',(#13393,#13399,#13400,#13401));
#13393 = ORIENTED_EDGE('',*,*,#13394,.T.);
#13394 = EDGE_CURVE('',#11239,#11479,#13395,.T.);
#13395 = LINE('',#13396,#13397);
#13396 = CARTESIAN_POINT('',(2.75,1.105,1.110223024625E-16));
#13397 = VECTOR('',#13398,1.);
#13398 = DIRECTION('',(2.22044604925E-16,-1.,0.));
#13399 = ORIENTED_EDGE('',*,*,#11487,.T.);
#13400 = ORIENTED_EDGE('',*,*,#13377,.F.);
#13401 = ORIENTED_EDGE('',*,*,#11247,.F.);
#13402 = PLANE('',#13403);
#13403 = AXIS2_PLACEMENT_3D('',#13404,#13405,#13406);
#13404 = CARTESIAN_POINT('',(2.75,1.105,1.110223024625E-16));
#13405 = DIRECTION('',(0.,0.,1.));
#13406 = DIRECTION('',(1.,2.22044604925E-16,-0.));
#13407 = ADVANCED_FACE('',(#13408),#13419,.T.);
#13408 = FACE_BOUND('',#13409,.T.);
#13409 = EDGE_LOOP('',(#13410,#13411,#13412,#13413));
#13410 = ORIENTED_EDGE('',*,*,#11238,.T.);
#13411 = ORIENTED_EDGE('',*,*,#13394,.T.);
#13412 = ORIENTED_EDGE('',*,*,#11478,.F.);
#13413 = ORIENTED_EDGE('',*,*,#13414,.F.);
#13414 = EDGE_CURVE('',#11231,#11471,#13415,.T.);
#13415 = LINE('',#13416,#13417);
#13416 = CARTESIAN_POINT('',(2.5,1.105,0.25));
#13417 = VECTOR('',#13418,1.);
#13418 = DIRECTION('',(2.22044604925E-16,-1.,0.));
#13419 = CYLINDRICAL_SURFACE('',#13420,0.25);
#13420 = AXIS2_PLACEMENT_3D('',#13421,#13422,#13423);
#13421 = CARTESIAN_POINT('',(2.75,1.105,0.25));
#13422 = DIRECTION('',(-2.22044604925E-16,1.,-0.));
#13423 = DIRECTION('',(-1.,-2.22044604925E-16,-2.442490654175E-15));
#13424 = ADVANCED_FACE('',(#13425),#13431,.F.);
#13425 = FACE_BOUND('',#13426,.F.);
#13426 = EDGE_LOOP('',(#13427,#13428,#13429,#13430));
#13427 = ORIENTED_EDGE('',*,*,#11452,.T.);
#13428 = ORIENTED_EDGE('',*,*,#11470,.T.);
#13429 = ORIENTED_EDGE('',*,*,#13414,.F.);
#13430 = ORIENTED_EDGE('',*,*,#11230,.F.);
#13431 = PLANE('',#13432);
#13432 = AXIS2_PLACEMENT_3D('',#13433,#13434,#13435);
#13433 = CARTESIAN_POINT('',(2.5,1.105,0.425));
#13434 = DIRECTION('',(1.,2.22044604925E-16,0.));
#13435 = DIRECTION('',(0.,0.,-1.));
#13436 = ADVANCED_FACE('',(#13437),#13448,.T.);
#13437 = FACE_BOUND('',#13438,.T.);
#13438 = EDGE_LOOP('',(#13439,#13440,#13441,#13442));
#13439 = ORIENTED_EDGE('',*,*,#11848,.T.);
#13440 = ORIENTED_EDGE('',*,*,#12224,.T.);
#13441 = ORIENTED_EDGE('',*,*,#11642,.F.);
#13442 = ORIENTED_EDGE('',*,*,#13443,.F.);
#13443 = EDGE_CURVE('',#11841,#11635,#13444,.T.);
#13444 = LINE('',#13445,#13446);
#13445 = CARTESIAN_POINT('',(2.65,-0.195,0.425));
#13446 = VECTOR('',#13447,1.);
#13447 = DIRECTION('',(2.22044604925E-16,-1.,0.));
#13448 = CYLINDRICAL_SURFACE('',#13449,0.25);
#13449 = AXIS2_PLACEMENT_3D('',#13450,#13451,#13452);
#13450 = CARTESIAN_POINT('',(2.4,-0.195,0.425));
#13451 = DIRECTION('',(-2.22044604925E-16,1.,-0.));
#13452 = DIRECTION('',(1.,2.22044604925E-16,2.22044604925E-15));
#13453 = ADVANCED_FACE('',(#13454),#13465,.F.);
#13454 = FACE_BOUND('',#13455,.F.);
#13455 = EDGE_LOOP('',(#13456,#13462,#13463,#13464));
#13456 = ORIENTED_EDGE('',*,*,#13457,.T.);
#13457 = EDGE_CURVE('',#11832,#11626,#13458,.T.);
#13458 = LINE('',#13459,#13460);
#13459 = CARTESIAN_POINT('',(2.65,-0.195,0.25));
#13460 = VECTOR('',#13461,1.);
#13461 = DIRECTION('',(2.22044604925E-16,-1.,0.));
#13462 = ORIENTED_EDGE('',*,*,#11634,.T.);
#13463 = ORIENTED_EDGE('',*,*,#13443,.F.);
#13464 = ORIENTED_EDGE('',*,*,#11840,.F.);
#13465 = PLANE('',#13466);
#13466 = AXIS2_PLACEMENT_3D('',#13467,#13468,#13469);
#13467 = CARTESIAN_POINT('',(2.65,-0.195,0.25));
#13468 = DIRECTION('',(-1.,-2.22044604925E-16,0.));
#13469 = DIRECTION('',(0.,0.,1.));
#13470 = ADVANCED_FACE('',(#13471),#13482,.F.);
#13471 = FACE_BOUND('',#13472,.F.);
#13472 = EDGE_LOOP('',(#13473,#13479,#13480,#13481));
#13473 = ORIENTED_EDGE('',*,*,#13474,.T.);
#13474 = EDGE_CURVE('',#11824,#11618,#13475,.T.);
#13475 = LINE('',#13476,#13477);
#13476 = CARTESIAN_POINT('',(2.75,-0.195,0.15));
#13477 = VECTOR('',#13478,1.);
#13478 = DIRECTION('',(2.22044604925E-16,-1.,0.));
#13479 = ORIENTED_EDGE('',*,*,#11625,.T.);
#13480 = ORIENTED_EDGE('',*,*,#13457,.F.);
#13481 = ORIENTED_EDGE('',*,*,#11831,.F.);
#13482 = CYLINDRICAL_SURFACE('',#13483,0.1);
#13483 = AXIS2_PLACEMENT_3D('',#13484,#13485,#13486);
#13484 = CARTESIAN_POINT('',(2.75,-0.195,0.25));
#13485 = DIRECTION('',(-2.22044604925E-16,1.,0.));
#13486 = DIRECTION('',(0.,0.,-1.));
#13487 = ADVANCED_FACE('',(#13488),#13499,.F.);
#13488 = FACE_BOUND('',#13489,.F.);
#13489 = EDGE_LOOP('',(#13490,#13496,#13497,#13498));
#13490 = ORIENTED_EDGE('',*,*,#13491,.T.);
#13491 = EDGE_CURVE('',#11816,#11610,#13492,.T.);
#13492 = LINE('',#13493,#13494);
#13493 = CARTESIAN_POINT('',(3.2,-0.195,0.15));
#13494 = VECTOR('',#13495,1.);
#13495 = DIRECTION('',(2.22044604925E-16,-1.,0.));
#13496 = ORIENTED_EDGE('',*,*,#11617,.T.);
#13497 = ORIENTED_EDGE('',*,*,#13474,.F.);
#13498 = ORIENTED_EDGE('',*,*,#11823,.F.);
#13499 = PLANE('',#13500);
#13500 = AXIS2_PLACEMENT_3D('',#13501,#13502,#13503);
#13501 = CARTESIAN_POINT('',(3.2,-0.195,0.15));
#13502 = DIRECTION('',(0.,0.,-1.));
#13503 = DIRECTION('',(-1.,-2.22044604925E-16,-0.));
#13504 = ADVANCED_FACE('',(#13505),#13516,.F.);
#13505 = FACE_BOUND('',#13506,.F.);
#13506 = EDGE_LOOP('',(#13507,#13513,#13514,#13515));
#13507 = ORIENTED_EDGE('',*,*,#13508,.T.);
#13508 = EDGE_CURVE('',#11808,#11602,#13509,.T.);
#13509 = LINE('',#13510,#13511);
#13510 = CARTESIAN_POINT('',(3.2,-0.195,1.110223024625E-16));
#13511 = VECTOR('',#13512,1.);
#13512 = DIRECTION('',(2.22044604925E-16,-1.,0.));
#13513 = ORIENTED_EDGE('',*,*,#11609,.T.);
#13514 = ORIENTED_EDGE('',*,*,#13491,.F.);
#13515 = ORIENTED_EDGE('',*,*,#11815,.F.);
#13516 = PLANE('',#13517);
#13517 = AXIS2_PLACEMENT_3D('',#13518,#13519,#13520);
#13518 = CARTESIAN_POINT('',(3.2,-0.195,1.110223024625E-16));
#13519 = DIRECTION('',(-1.,-2.22044604925E-16,0.));
#13520 = DIRECTION('',(0.,0.,1.));
#13521 = ADVANCED_FACE('',(#13522),#13533,.F.);
#13522 = FACE_BOUND('',#13523,.F.);
#13523 = EDGE_LOOP('',(#13524,#13530,#13531,#13532));
#13524 = ORIENTED_EDGE('',*,*,#13525,.T.);
#13525 = EDGE_CURVE('',#11799,#11593,#13526,.T.);
#13526 = LINE('',#13527,#13528);
#13527 = CARTESIAN_POINT('',(2.75,-0.195,1.110223024625E-16));
#13528 = VECTOR('',#13529,1.);
#13529 = DIRECTION('',(2.22044604925E-16,-1.,0.));
#13530 = ORIENTED_EDGE('',*,*,#11601,.T.);
#13531 = ORIENTED_EDGE('',*,*,#13508,.F.);
#13532 = ORIENTED_EDGE('',*,*,#11807,.F.);
#13533 = PLANE('',#13534);
#13534 = AXIS2_PLACEMENT_3D('',#13535,#13536,#13537);
#13535 = CARTESIAN_POINT('',(2.75,-0.195,1.110223024625E-16));
#13536 = DIRECTION('',(0.,0.,1.));
#13537 = DIRECTION('',(1.,2.22044604925E-16,-0.));
#13538 = ADVANCED_FACE('',(#13539),#13550,.T.);
#13539 = FACE_BOUND('',#13540,.T.);
#13540 = EDGE_LOOP('',(#13541,#13542,#13543,#13544));
#13541 = ORIENTED_EDGE('',*,*,#11798,.T.);
#13542 = ORIENTED_EDGE('',*,*,#13525,.T.);
#13543 = ORIENTED_EDGE('',*,*,#11592,.F.);
#13544 = ORIENTED_EDGE('',*,*,#13545,.F.);
#13545 = EDGE_CURVE('',#11791,#11585,#13546,.T.);
#13546 = LINE('',#13547,#13548);
#13547 = CARTESIAN_POINT('',(2.5,-0.195,0.25));
#13548 = VECTOR('',#13549,1.);
#13549 = DIRECTION('',(2.22044604925E-16,-1.,0.));
#13550 = CYLINDRICAL_SURFACE('',#13551,0.25);
#13551 = AXIS2_PLACEMENT_3D('',#13552,#13553,#13554);
#13552 = CARTESIAN_POINT('',(2.75,-0.195,0.25));
#13553 = DIRECTION('',(-2.22044604925E-16,1.,-0.));
#13554 = DIRECTION('',(-1.,-2.22044604925E-16,-2.442490654175E-15));
#13555 = ADVANCED_FACE('',(#13556),#13562,.F.);
#13556 = FACE_BOUND('',#13557,.F.);
#13557 = EDGE_LOOP('',(#13558,#13559,#13560,#13561));
#13558 = ORIENTED_EDGE('',*,*,#11873,.T.);
#13559 = ORIENTED_EDGE('',*,*,#11584,.T.);
#13560 = ORIENTED_EDGE('',*,*,#13545,.F.);
#13561 = ORIENTED_EDGE('',*,*,#11790,.F.);
#13562 = PLANE('',#13563);
#13563 = AXIS2_PLACEMENT_3D('',#13564,#13565,#13566);
#13564 = CARTESIAN_POINT('',(2.5,-0.195,0.425));
#13565 = DIRECTION('',(1.,2.22044604925E-16,0.));
#13566 = DIRECTION('',(0.,0.,-1.));
#13567 = ADVANCED_FACE('',(#13568),#13579,.T.);
#13568 = FACE_BOUND('',#13569,.T.);
#13569 = EDGE_LOOP('',(#13570,#13571,#13572,#13573));
#13570 = ORIENTED_EDGE('',*,*,#11734,.T.);
#13571 = ORIENTED_EDGE('',*,*,#12262,.T.);
#13572 = ORIENTED_EDGE('',*,*,#11974,.F.);
#13573 = ORIENTED_EDGE('',*,*,#13574,.F.);
#13574 = EDGE_CURVE('',#11727,#11967,#13575,.T.);
#13575 = LINE('',#13576,#13577);
#13576 = CARTESIAN_POINT('',(2.65,0.455,0.425));
#13577 = VECTOR('',#13578,1.);
#13578 = DIRECTION('',(2.22044604925E-16,-1.,0.));
#13579 = CYLINDRICAL_SURFACE('',#13580,0.25);
#13580 = AXIS2_PLACEMENT_3D('',#13581,#13582,#13583);
#13581 = CARTESIAN_POINT('',(2.4,0.455,0.425));
#13582 = DIRECTION('',(-2.22044604925E-16,1.,-0.));
#13583 = DIRECTION('',(1.,2.22044604925E-16,2.22044604925E-15));
#13584 = ADVANCED_FACE('',(#13585),#13596,.F.);
#13585 = FACE_BOUND('',#13586,.F.);
#13586 = EDGE_LOOP('',(#13587,#13593,#13594,#13595));
#13587 = ORIENTED_EDGE('',*,*,#13588,.T.);
#13588 = EDGE_CURVE('',#11718,#11958,#13589,.T.);
#13589 = LINE('',#13590,#13591);
#13590 = CARTESIAN_POINT('',(2.65,0.455,0.25));
#13591 = VECTOR('',#13592,1.);
#13592 = DIRECTION('',(2.22044604925E-16,-1.,0.));
#13593 = ORIENTED_EDGE('',*,*,#11966,.T.);
#13594 = ORIENTED_EDGE('',*,*,#13574,.F.);
#13595 = ORIENTED_EDGE('',*,*,#11726,.F.);
#13596 = PLANE('',#13597);
#13597 = AXIS2_PLACEMENT_3D('',#13598,#13599,#13600);
#13598 = CARTESIAN_POINT('',(2.65,0.455,0.25));
#13599 = DIRECTION('',(-1.,-2.22044604925E-16,0.));
#13600 = DIRECTION('',(0.,0.,1.));
#13601 = ADVANCED_FACE('',(#13602),#13613,.F.);
#13602 = FACE_BOUND('',#13603,.F.);
#13603 = EDGE_LOOP('',(#13604,#13610,#13611,#13612));
#13604 = ORIENTED_EDGE('',*,*,#13605,.T.);
#13605 = EDGE_CURVE('',#11710,#11950,#13606,.T.);
#13606 = LINE('',#13607,#13608);
#13607 = CARTESIAN_POINT('',(2.75,0.455,0.15));
#13608 = VECTOR('',#13609,1.);
#13609 = DIRECTION('',(2.22044604925E-16,-1.,0.));
#13610 = ORIENTED_EDGE('',*,*,#11957,.T.);
#13611 = ORIENTED_EDGE('',*,*,#13588,.F.);
#13612 = ORIENTED_EDGE('',*,*,#11717,.F.);
#13613 = CYLINDRICAL_SURFACE('',#13614,0.1);
#13614 = AXIS2_PLACEMENT_3D('',#13615,#13616,#13617);
#13615 = CARTESIAN_POINT('',(2.75,0.455,0.25));
#13616 = DIRECTION('',(-2.22044604925E-16,1.,0.));
#13617 = DIRECTION('',(0.,0.,-1.));
#13618 = ADVANCED_FACE('',(#13619),#13630,.F.);
#13619 = FACE_BOUND('',#13620,.F.);
#13620 = EDGE_LOOP('',(#13621,#13627,#13628,#13629));
#13621 = ORIENTED_EDGE('',*,*,#13622,.T.);
#13622 = EDGE_CURVE('',#11702,#11942,#13623,.T.);
#13623 = LINE('',#13624,#13625);
#13624 = CARTESIAN_POINT('',(3.2,0.455,0.15));
#13625 = VECTOR('',#13626,1.);
#13626 = DIRECTION('',(2.22044604925E-16,-1.,0.));
#13627 = ORIENTED_EDGE('',*,*,#11949,.T.);
#13628 = ORIENTED_EDGE('',*,*,#13605,.F.);
#13629 = ORIENTED_EDGE('',*,*,#11709,.F.);
#13630 = PLANE('',#13631);
#13631 = AXIS2_PLACEMENT_3D('',#13632,#13633,#13634);
#13632 = CARTESIAN_POINT('',(3.2,0.455,0.15));
#13633 = DIRECTION('',(0.,0.,-1.));
#13634 = DIRECTION('',(-1.,-2.22044604925E-16,-0.));
#13635 = ADVANCED_FACE('',(#13636),#13647,.F.);
#13636 = FACE_BOUND('',#13637,.F.);
#13637 = EDGE_LOOP('',(#13638,#13644,#13645,#13646));
#13638 = ORIENTED_EDGE('',*,*,#13639,.T.);
#13639 = EDGE_CURVE('',#11694,#11934,#13640,.T.);
#13640 = LINE('',#13641,#13642);
#13641 = CARTESIAN_POINT('',(3.2,0.455,1.110223024625E-16));
#13642 = VECTOR('',#13643,1.);
#13643 = DIRECTION('',(2.22044604925E-16,-1.,0.));
#13644 = ORIENTED_EDGE('',*,*,#11941,.T.);
#13645 = ORIENTED_EDGE('',*,*,#13622,.F.);
#13646 = ORIENTED_EDGE('',*,*,#11701,.F.);
#13647 = PLANE('',#13648);
#13648 = AXIS2_PLACEMENT_3D('',#13649,#13650,#13651);
#13649 = CARTESIAN_POINT('',(3.2,0.455,1.110223024625E-16));
#13650 = DIRECTION('',(-1.,-2.22044604925E-16,0.));
#13651 = DIRECTION('',(0.,0.,1.));
#13652 = ADVANCED_FACE('',(#13653),#13664,.F.);
#13653 = FACE_BOUND('',#13654,.F.);
#13654 = EDGE_LOOP('',(#13655,#13661,#13662,#13663));
#13655 = ORIENTED_EDGE('',*,*,#13656,.T.);
#13656 = EDGE_CURVE('',#11685,#11925,#13657,.T.);
#13657 = LINE('',#13658,#13659);
#13658 = CARTESIAN_POINT('',(2.75,0.455,1.110223024625E-16));
#13659 = VECTOR('',#13660,1.);
#13660 = DIRECTION('',(2.22044604925E-16,-1.,0.));
#13661 = ORIENTED_EDGE('',*,*,#11933,.T.);
#13662 = ORIENTED_EDGE('',*,*,#13639,.F.);
#13663 = ORIENTED_EDGE('',*,*,#11693,.F.);
#13664 = PLANE('',#13665);
#13665 = AXIS2_PLACEMENT_3D('',#13666,#13667,#13668);
#13666 = CARTESIAN_POINT('',(2.75,0.455,1.110223024625E-16));
#13667 = DIRECTION('',(0.,0.,1.));
#13668 = DIRECTION('',(1.,2.22044604925E-16,-0.));
#13669 = ADVANCED_FACE('',(#13670),#13681,.T.);
#13670 = FACE_BOUND('',#13671,.T.);
#13671 = EDGE_LOOP('',(#13672,#13673,#13674,#13675));
#13672 = ORIENTED_EDGE('',*,*,#11684,.T.);
#13673 = ORIENTED_EDGE('',*,*,#13656,.T.);
#13674 = ORIENTED_EDGE('',*,*,#11924,.F.);
#13675 = ORIENTED_EDGE('',*,*,#13676,.F.);
#13676 = EDGE_CURVE('',#11677,#11917,#13677,.T.);
#13677 = LINE('',#13678,#13679);
#13678 = CARTESIAN_POINT('',(2.5,0.455,0.25));
#13679 = VECTOR('',#13680,1.);
#13680 = DIRECTION('',(2.22044604925E-16,-1.,0.));
#13681 = CYLINDRICAL_SURFACE('',#13682,0.25);
#13682 = AXIS2_PLACEMENT_3D('',#13683,#13684,#13685);
#13683 = CARTESIAN_POINT('',(2.75,0.455,0.25));
#13684 = DIRECTION('',(-2.22044604925E-16,1.,-0.));
#13685 = DIRECTION('',(-1.,-2.22044604925E-16,-2.442490654175E-15));
#13686 = ADVANCED_FACE('',(#13687),#13693,.F.);
#13687 = FACE_BOUND('',#13688,.F.);
#13688 = EDGE_LOOP('',(#13689,#13690,#13691,#13692));
#13689 = ORIENTED_EDGE('',*,*,#11898,.T.);
#13690 = ORIENTED_EDGE('',*,*,#11916,.T.);
#13691 = ORIENTED_EDGE('',*,*,#13676,.F.);
#13692 = ORIENTED_EDGE('',*,*,#11676,.F.);
#13693 = PLANE('',#13694);
#13694 = AXIS2_PLACEMENT_3D('',#13695,#13696,#13697);
#13695 = CARTESIAN_POINT('',(2.5,0.455,0.425));
#13696 = DIRECTION('',(1.,2.22044604925E-16,0.));
#13697 = DIRECTION('',(0.,0.,-1.));
#13698 = ADVANCED_FACE('',(#13699),#13717,.T.);
#13699 = FACE_BOUND('',#13700,.T.);
#13700 = EDGE_LOOP('',(#13701,#13702,#13703,#13711));
#13701 = ORIENTED_EDGE('',*,*,#12020,.F.);
#13702 = ORIENTED_EDGE('',*,*,#12052,.T.);
#13703 = ORIENTED_EDGE('',*,*,#13704,.T.);
#13704 = EDGE_CURVE('',#12045,#13705,#13707,.T.);
#13705 = VERTEX_POINT('',#13706);
#13706 = CARTESIAN_POINT('',(-2.15,2.405,0.675));
#13707 = LINE('',#13708,#13709);
#13708 = CARTESIAN_POINT('',(-2.4,2.405,0.675));
#13709 = VECTOR('',#13710,1.);
#13710 = DIRECTION('',(1.,9.95799250103E-17,0.));
#13711 = ORIENTED_EDGE('',*,*,#13712,.F.);
#13712 = EDGE_CURVE('',#12021,#13705,#13713,.T.);
#13713 = LINE('',#13714,#13715);
#13714 = CARTESIAN_POINT('',(-2.15,2.45,0.675));
#13715 = VECTOR('',#13716,1.);
#13716 = DIRECTION('',(2.22044604925E-16,-1.,0.));
#13717 = B_SPLINE_SURFACE_WITH_KNOTS('',1,1,(
    (#13718,#13719)
    ,(#13720,#13721
    )),.UNSPECIFIED.,.F.,.F.,.F.,(2,2),(2,2),(0.,5.),(0.,1.),
  .PIECEWISE_BEZIER_KNOTS.);
#13718 = CARTESIAN_POINT('',(-2.2,2.5,0.675));
#13719 = CARTESIAN_POINT('',(-2.15,2.45,0.675));
#13720 = CARTESIAN_POINT('',(-2.2,-2.5,0.675));
#13721 = CARTESIAN_POINT('',(-2.15,-2.45,0.675));
#13722 = ADVANCED_FACE('',(#13723),#13809,.T.);
#13723 = FACE_BOUND('',#13724,.T.);
#13724 = EDGE_LOOP('',(#13725,#13726,#13727,#13736,#13744,#13753,#13761,
    #13769,#13777,#13786,#13794,#13803));
#13725 = ORIENTED_EDGE('',*,*,#12044,.T.);
#13726 = ORIENTED_EDGE('',*,*,#12444,.T.);
#13727 = ORIENTED_EDGE('',*,*,#13728,.T.);
#13728 = EDGE_CURVE('',#12445,#13729,#13731,.T.);
#13729 = VERTEX_POINT('',#13730);
#13730 = CARTESIAN_POINT('',(-2.5,2.405,0.425));
#13731 = CIRCLE('',#13732,0.1);
#13732 = AXIS2_PLACEMENT_3D('',#13733,#13734,#13735);
#13733 = CARTESIAN_POINT('',(-2.4,2.405,0.425));
#13734 = DIRECTION('',(9.95799250103E-17,-1.,0.));
#13735 = DIRECTION('',(0.,0.,1.));
#13736 = ORIENTED_EDGE('',*,*,#13737,.T.);
#13737 = EDGE_CURVE('',#13729,#13738,#13740,.T.);
#13738 = VERTEX_POINT('',#13739);
#13739 = CARTESIAN_POINT('',(-2.5,2.405,0.25));
#13740 = LINE('',#13741,#13742);
#13741 = CARTESIAN_POINT('',(-2.5,2.405,0.425));
#13742 = VECTOR('',#13743,1.);
#13743 = DIRECTION('',(-0.,0.,-1.));
#13744 = ORIENTED_EDGE('',*,*,#13745,.T.);
#13745 = EDGE_CURVE('',#13738,#13746,#13748,.T.);
#13746 = VERTEX_POINT('',#13747);
#13747 = CARTESIAN_POINT('',(-2.75,2.405,1.110223024625E-16));
#13748 = CIRCLE('',#13749,0.25);
#13749 = AXIS2_PLACEMENT_3D('',#13750,#13751,#13752);
#13750 = CARTESIAN_POINT('',(-2.75,2.405,0.25));
#13751 = DIRECTION('',(-9.95799250103E-17,1.,0.));
#13752 = DIRECTION('',(1.,9.95799250103E-17,-2.442490654175E-15));
#13753 = ORIENTED_EDGE('',*,*,#13754,.T.);
#13754 = EDGE_CURVE('',#13746,#13755,#13757,.T.);
#13755 = VERTEX_POINT('',#13756);
#13756 = CARTESIAN_POINT('',(-3.2,2.405,1.110223024625E-16));
#13757 = LINE('',#13758,#13759);
#13758 = CARTESIAN_POINT('',(-2.75,2.405,1.110223024625E-16));
#13759 = VECTOR('',#13760,1.);
#13760 = DIRECTION('',(-1.,-9.95799250103E-17,0.));
#13761 = ORIENTED_EDGE('',*,*,#13762,.T.);
#13762 = EDGE_CURVE('',#13755,#13763,#13765,.T.);
#13763 = VERTEX_POINT('',#13764);
#13764 = CARTESIAN_POINT('',(-3.2,2.405,0.15));
#13765 = LINE('',#13766,#13767);
#13766 = CARTESIAN_POINT('',(-3.2,2.405,1.110223024625E-16));
#13767 = VECTOR('',#13768,1.);
#13768 = DIRECTION('',(0.,0.,1.));
#13769 = ORIENTED_EDGE('',*,*,#13770,.T.);
#13770 = EDGE_CURVE('',#13763,#13771,#13773,.T.);
#13771 = VERTEX_POINT('',#13772);
#13772 = CARTESIAN_POINT('',(-2.75,2.405,0.15));
#13773 = LINE('',#13774,#13775);
#13774 = CARTESIAN_POINT('',(-3.2,2.405,0.15));
#13775 = VECTOR('',#13776,1.);
#13776 = DIRECTION('',(1.,9.95799250103E-17,0.));
#13777 = ORIENTED_EDGE('',*,*,#13778,.T.);
#13778 = EDGE_CURVE('',#13771,#13779,#13781,.T.);
#13779 = VERTEX_POINT('',#13780);
#13780 = CARTESIAN_POINT('',(-2.65,2.405,0.25));
#13781 = CIRCLE('',#13782,0.1);
#13782 = AXIS2_PLACEMENT_3D('',#13783,#13784,#13785);
#13783 = CARTESIAN_POINT('',(-2.75,2.405,0.25));
#13784 = DIRECTION('',(9.95799250103E-17,-1.,-0.));
#13785 = DIRECTION('',(-0.,0.,-1.));
#13786 = ORIENTED_EDGE('',*,*,#13787,.T.);
#13787 = EDGE_CURVE('',#13779,#13788,#13790,.T.);
#13788 = VERTEX_POINT('',#13789);
#13789 = CARTESIAN_POINT('',(-2.65,2.405,0.425));
#13790 = LINE('',#13791,#13792);
#13791 = CARTESIAN_POINT('',(-2.65,2.405,0.25));
#13792 = VECTOR('',#13793,1.);
#13793 = DIRECTION('',(0.,0.,1.));
#13794 = ORIENTED_EDGE('',*,*,#13795,.T.);
#13795 = EDGE_CURVE('',#13788,#13796,#13798,.T.);
#13796 = VERTEX_POINT('',#13797);
#13797 = CARTESIAN_POINT('',(-2.4,2.405,0.675));
#13798 = CIRCLE('',#13799,0.25);
#13799 = AXIS2_PLACEMENT_3D('',#13800,#13801,#13802);
#13800 = CARTESIAN_POINT('',(-2.4,2.405,0.425));
#13801 = DIRECTION('',(-9.95799250103E-17,1.,0.));
#13802 = DIRECTION('',(-1.,-9.95799250103E-17,2.22044604925E-15));
#13803 = ORIENTED_EDGE('',*,*,#13804,.T.);
#13804 = EDGE_CURVE('',#13796,#12045,#13805,.T.);
#13805 = LINE('',#13806,#13807);
#13806 = CARTESIAN_POINT('',(-2.4,2.405,0.675));
#13807 = VECTOR('',#13808,1.);
#13808 = DIRECTION('',(1.,9.95799250103E-17,0.));
#13809 = PLANE('',#13810);
#13810 = AXIS2_PLACEMENT_3D('',#13811,#13812,#13813);
#13811 = CARTESIAN_POINT('',(-2.632923288131,2.405,0.313172218985));
#13812 = DIRECTION('',(-9.95799250103E-17,1.,0.));
#13813 = DIRECTION('',(0.,0.,1.));
#13814 = ADVANCED_FACE('',(#13815),#13947,.T.);
#13815 = FACE_BOUND('',#13816,.T.);
#13816 = EDGE_LOOP('',(#13817,#13818,#13826,#13834,#13842,#13850,#13858,
    #13866,#13874,#13882,#13890,#13898,#13906,#13914,#13922,#13930,
    #13938,#13944,#13945,#13946));
#13817 = ORIENTED_EDGE('',*,*,#13712,.T.);
#13818 = ORIENTED_EDGE('',*,*,#13819,.T.);
#13819 = EDGE_CURVE('',#13705,#13820,#13822,.T.);
#13820 = VERTEX_POINT('',#13821);
#13821 = CARTESIAN_POINT('',(-2.15,2.145,0.675));
#13822 = LINE('',#13823,#13824);
#13823 = CARTESIAN_POINT('',(-2.15,2.45,0.675));
#13824 = VECTOR('',#13825,1.);
#13825 = DIRECTION('',(2.22044604925E-16,-1.,0.));
#13826 = ORIENTED_EDGE('',*,*,#13827,.T.);
#13827 = EDGE_CURVE('',#13820,#13828,#13830,.T.);
#13828 = VERTEX_POINT('',#13829);
#13829 = CARTESIAN_POINT('',(-2.15,1.755,0.675));
#13830 = LINE('',#13831,#13832);
#13831 = CARTESIAN_POINT('',(-2.15,2.45,0.675));
#13832 = VECTOR('',#13833,1.);
#13833 = DIRECTION('',(2.22044604925E-16,-1.,0.));
#13834 = ORIENTED_EDGE('',*,*,#13835,.T.);
#13835 = EDGE_CURVE('',#13828,#13836,#13838,.T.);
#13836 = VERTEX_POINT('',#13837);
#13837 = CARTESIAN_POINT('',(-2.15,1.495,0.675));
#13838 = LINE('',#13839,#13840);
#13839 = CARTESIAN_POINT('',(-2.15,2.45,0.675));
#13840 = VECTOR('',#13841,1.);
#13841 = DIRECTION('',(2.22044604925E-16,-1.,0.));
#13842 = ORIENTED_EDGE('',*,*,#13843,.T.);
#13843 = EDGE_CURVE('',#13836,#13844,#13846,.T.);
#13844 = VERTEX_POINT('',#13845);
#13845 = CARTESIAN_POINT('',(-2.15,1.105,0.675));
#13846 = LINE('',#13847,#13848);
#13847 = CARTESIAN_POINT('',(-2.15,2.45,0.675));
#13848 = VECTOR('',#13849,1.);
#13849 = DIRECTION('',(2.22044604925E-16,-1.,0.));
#13850 = ORIENTED_EDGE('',*,*,#13851,.T.);
#13851 = EDGE_CURVE('',#13844,#13852,#13854,.T.);
#13852 = VERTEX_POINT('',#13853);
#13853 = CARTESIAN_POINT('',(-2.15,0.845,0.675));
#13854 = LINE('',#13855,#13856);
#13855 = CARTESIAN_POINT('',(-2.15,2.45,0.675));
#13856 = VECTOR('',#13857,1.);
#13857 = DIRECTION('',(2.22044604925E-16,-1.,0.));
#13858 = ORIENTED_EDGE('',*,*,#13859,.T.);
#13859 = EDGE_CURVE('',#13852,#13860,#13862,.T.);
#13860 = VERTEX_POINT('',#13861);
#13861 = CARTESIAN_POINT('',(-2.15,0.455,0.675));
#13862 = LINE('',#13863,#13864);
#13863 = CARTESIAN_POINT('',(-2.15,2.45,0.675));
#13864 = VECTOR('',#13865,1.);
#13865 = DIRECTION('',(2.22044604925E-16,-1.,0.));
#13866 = ORIENTED_EDGE('',*,*,#13867,.T.);
#13867 = EDGE_CURVE('',#13860,#13868,#13870,.T.);
#13868 = VERTEX_POINT('',#13869);
#13869 = CARTESIAN_POINT('',(-2.15,0.195,0.675));
#13870 = LINE('',#13871,#13872);
#13871 = CARTESIAN_POINT('',(-2.15,2.45,0.675));
#13872 = VECTOR('',#13873,1.);
#13873 = DIRECTION('',(2.22044604925E-16,-1.,0.));
#13874 = ORIENTED_EDGE('',*,*,#13875,.T.);
#13875 = EDGE_CURVE('',#13868,#13876,#13878,.T.);
#13876 = VERTEX_POINT('',#13877);
#13877 = CARTESIAN_POINT('',(-2.15,-0.195,0.675));
#13878 = LINE('',#13879,#13880);
#13879 = CARTESIAN_POINT('',(-2.15,2.45,0.675));
#13880 = VECTOR('',#13881,1.);
#13881 = DIRECTION('',(2.22044604925E-16,-1.,0.));
#13882 = ORIENTED_EDGE('',*,*,#13883,.T.);
#13883 = EDGE_CURVE('',#13876,#13884,#13886,.T.);
#13884 = VERTEX_POINT('',#13885);
#13885 = CARTESIAN_POINT('',(-2.15,-0.455,0.675));
#13886 = LINE('',#13887,#13888);
#13887 = CARTESIAN_POINT('',(-2.15,2.45,0.675));
#13888 = VECTOR('',#13889,1.);
#13889 = DIRECTION('',(2.22044604925E-16,-1.,0.));
#13890 = ORIENTED_EDGE('',*,*,#13891,.T.);
#13891 = EDGE_CURVE('',#13884,#13892,#13894,.T.);
#13892 = VERTEX_POINT('',#13893);
#13893 = CARTESIAN_POINT('',(-2.15,-0.845,0.675));
#13894 = LINE('',#13895,#13896);
#13895 = CARTESIAN_POINT('',(-2.15,2.45,0.675));
#13896 = VECTOR('',#13897,1.);
#13897 = DIRECTION('',(2.22044604925E-16,-1.,0.));
#13898 = ORIENTED_EDGE('',*,*,#13899,.T.);
#13899 = EDGE_CURVE('',#13892,#13900,#13902,.T.);
#13900 = VERTEX_POINT('',#13901);
#13901 = CARTESIAN_POINT('',(-2.15,-1.105,0.675));
#13902 = LINE('',#13903,#13904);
#13903 = CARTESIAN_POINT('',(-2.15,2.45,0.675));
#13904 = VECTOR('',#13905,1.);
#13905 = DIRECTION('',(2.22044604925E-16,-1.,0.));
#13906 = ORIENTED_EDGE('',*,*,#13907,.T.);
#13907 = EDGE_CURVE('',#13900,#13908,#13910,.T.);
#13908 = VERTEX_POINT('',#13909);
#13909 = CARTESIAN_POINT('',(-2.15,-1.495,0.675));
#13910 = LINE('',#13911,#13912);
#13911 = CARTESIAN_POINT('',(-2.15,2.45,0.675));
#13912 = VECTOR('',#13913,1.);
#13913 = DIRECTION('',(2.22044604925E-16,-1.,0.));
#13914 = ORIENTED_EDGE('',*,*,#13915,.T.);
#13915 = EDGE_CURVE('',#13908,#13916,#13918,.T.);
#13916 = VERTEX_POINT('',#13917);
#13917 = CARTESIAN_POINT('',(-2.15,-1.755,0.675));
#13918 = LINE('',#13919,#13920);
#13919 = CARTESIAN_POINT('',(-2.15,2.45,0.675));
#13920 = VECTOR('',#13921,1.);
#13921 = DIRECTION('',(2.22044604925E-16,-1.,0.));
#13922 = ORIENTED_EDGE('',*,*,#13923,.T.);
#13923 = EDGE_CURVE('',#13916,#13924,#13926,.T.);
#13924 = VERTEX_POINT('',#13925);
#13925 = CARTESIAN_POINT('',(-2.15,-2.145,0.675));
#13926 = LINE('',#13927,#13928);
#13927 = CARTESIAN_POINT('',(-2.15,2.45,0.675));
#13928 = VECTOR('',#13929,1.);
#13929 = DIRECTION('',(2.22044604925E-16,-1.,0.));
#13930 = ORIENTED_EDGE('',*,*,#13931,.T.);
#13931 = EDGE_CURVE('',#13924,#13932,#13934,.T.);
#13932 = VERTEX_POINT('',#13933);
#13933 = CARTESIAN_POINT('',(-2.15,-2.405,0.675));
#13934 = LINE('',#13935,#13936);
#13935 = CARTESIAN_POINT('',(-2.15,2.45,0.675));
#13936 = VECTOR('',#13937,1.);
#13937 = DIRECTION('',(2.22044604925E-16,-1.,0.));
#13938 = ORIENTED_EDGE('',*,*,#13939,.T.);
#13939 = EDGE_CURVE('',#13932,#12067,#13940,.T.);
#13940 = LINE('',#13941,#13942);
#13941 = CARTESIAN_POINT('',(-2.15,2.45,0.675));
#13942 = VECTOR('',#13943,1.);
#13943 = DIRECTION('',(2.22044604925E-16,-1.,0.));
#13944 = ORIENTED_EDGE('',*,*,#12083,.T.);
#13945 = ORIENTED_EDGE('',*,*,#12115,.F.);
#13946 = ORIENTED_EDGE('',*,*,#12151,.F.);
#13947 = B_SPLINE_SURFACE_WITH_KNOTS('',1,1,(
    (#13948,#13949)
    ,(#13950,#13951
    )),.UNSPECIFIED.,.F.,.F.,.F.,(2,2),(2,2),(0.,4.9),(0.,1.),
  .PIECEWISE_BEZIER_KNOTS.);
#13948 = CARTESIAN_POINT('',(-2.15,2.45,0.675));
#13949 = CARTESIAN_POINT('',(-2.075061033199,2.375061033199,1.1));
#13950 = CARTESIAN_POINT('',(-2.15,-2.45,0.675));
#13951 = CARTESIAN_POINT('',(-2.075061033199,-2.375061033199,1.1));
#13952 = ADVANCED_FACE('',(#13953),#13972,.F.);
#13953 = FACE_BOUND('',#13954,.F.);
#13954 = EDGE_LOOP('',(#13955,#13964,#13970,#13971));
#13955 = ORIENTED_EDGE('',*,*,#13956,.T.);
#13956 = EDGE_CURVE('',#13957,#13957,#13959,.T.);
#13957 = VERTEX_POINT('',#13958);
#13958 = CARTESIAN_POINT('',(-1.375061033199,1.425061033199,1.));
#13959 = CIRCLE('',#13960,0.25);
#13960 = AXIS2_PLACEMENT_3D('',#13961,#13962,#13963);
#13961 = CARTESIAN_POINT('',(-1.375061033199,1.675061033199,1.));
#13962 = DIRECTION('',(-0.,0.,1.));
#13963 = DIRECTION('',(2.22044604925E-16,-1.,0.));
#13964 = ORIENTED_EDGE('',*,*,#13965,.F.);
#13965 = EDGE_CURVE('',#12134,#13957,#13966,.T.);
#13966 = LINE('',#13967,#13968);
#13967 = CARTESIAN_POINT('',(-1.375061033199,1.425061033199,1.1));
#13968 = VECTOR('',#13969,1.);
#13969 = DIRECTION('',(0.,-0.,-1.));
#13970 = ORIENTED_EDGE('',*,*,#12133,.F.);
#13971 = ORIENTED_EDGE('',*,*,#13965,.T.);
#13972 = CYLINDRICAL_SURFACE('',#13973,0.25);
#13973 = AXIS2_PLACEMENT_3D('',#13974,#13975,#13976);
#13974 = CARTESIAN_POINT('',(-1.375061033199,1.675061033199,1.1));
#13975 = DIRECTION('',(-0.,0.,-1.));
#13976 = DIRECTION('',(2.22044604925E-16,-1.,-0.));
#13977 = ADVANCED_FACE('',(#13978),#14064,.F.);
#13978 = FACE_BOUND('',#13979,.F.);
#13979 = EDGE_LOOP('',(#13980,#13981,#13982,#13991,#13999,#14008,#14016,
    #14024,#14032,#14041,#14049,#14058));
#13980 = ORIENTED_EDGE('',*,*,#12411,.T.);
#13981 = ORIENTED_EDGE('',*,*,#12466,.T.);
#13982 = ORIENTED_EDGE('',*,*,#13983,.T.);
#13983 = EDGE_CURVE('',#12467,#13984,#13986,.T.);
#13984 = VERTEX_POINT('',#13985);
#13985 = CARTESIAN_POINT('',(-2.5,-2.405,0.425));
#13986 = CIRCLE('',#13987,0.1);
#13987 = AXIS2_PLACEMENT_3D('',#13988,#13989,#13990);
#13988 = CARTESIAN_POINT('',(-2.4,-2.405,0.425));
#13989 = DIRECTION('',(9.95799250103E-17,-1.,0.));
#13990 = DIRECTION('',(0.,0.,1.));
#13991 = ORIENTED_EDGE('',*,*,#13992,.T.);
#13992 = EDGE_CURVE('',#13984,#13993,#13995,.T.);
#13993 = VERTEX_POINT('',#13994);
#13994 = CARTESIAN_POINT('',(-2.5,-2.405,0.25));
#13995 = LINE('',#13996,#13997);
#13996 = CARTESIAN_POINT('',(-2.5,-2.405,0.425));
#13997 = VECTOR('',#13998,1.);
#13998 = DIRECTION('',(-0.,0.,-1.));
#13999 = ORIENTED_EDGE('',*,*,#14000,.T.);
#14000 = EDGE_CURVE('',#13993,#14001,#14003,.T.);
#14001 = VERTEX_POINT('',#14002);
#14002 = CARTESIAN_POINT('',(-2.75,-2.405,1.110223024625E-16));
#14003 = CIRCLE('',#14004,0.25);
#14004 = AXIS2_PLACEMENT_3D('',#14005,#14006,#14007);
#14005 = CARTESIAN_POINT('',(-2.75,-2.405,0.25));
#14006 = DIRECTION('',(-9.95799250103E-17,1.,0.));
#14007 = DIRECTION('',(1.,9.95799250103E-17,-2.442490654175E-15));
#14008 = ORIENTED_EDGE('',*,*,#14009,.T.);
#14009 = EDGE_CURVE('',#14001,#14010,#14012,.T.);
#14010 = VERTEX_POINT('',#14011);
#14011 = CARTESIAN_POINT('',(-3.2,-2.405,1.110223024625E-16));
#14012 = LINE('',#14013,#14014);
#14013 = CARTESIAN_POINT('',(-2.75,-2.405,1.110223024625E-16));
#14014 = VECTOR('',#14015,1.);
#14015 = DIRECTION('',(-1.,-9.95799250103E-17,0.));
#14016 = ORIENTED_EDGE('',*,*,#14017,.T.);
#14017 = EDGE_CURVE('',#14010,#14018,#14020,.T.);
#14018 = VERTEX_POINT('',#14019);
#14019 = CARTESIAN_POINT('',(-3.2,-2.405,0.15));
#14020 = LINE('',#14021,#14022);
#14021 = CARTESIAN_POINT('',(-3.2,-2.405,1.110223024625E-16));
#14022 = VECTOR('',#14023,1.);
#14023 = DIRECTION('',(0.,0.,1.));
#14024 = ORIENTED_EDGE('',*,*,#14025,.T.);
#14025 = EDGE_CURVE('',#14018,#14026,#14028,.T.);
#14026 = VERTEX_POINT('',#14027);
#14027 = CARTESIAN_POINT('',(-2.75,-2.405,0.15));
#14028 = LINE('',#14029,#14030);
#14029 = CARTESIAN_POINT('',(-3.2,-2.405,0.15));
#14030 = VECTOR('',#14031,1.);
#14031 = DIRECTION('',(1.,9.95799250103E-17,0.));
#14032 = ORIENTED_EDGE('',*,*,#14033,.T.);
#14033 = EDGE_CURVE('',#14026,#14034,#14036,.T.);
#14034 = VERTEX_POINT('',#14035);
#14035 = CARTESIAN_POINT('',(-2.65,-2.405,0.25));
#14036 = CIRCLE('',#14037,0.1);
#14037 = AXIS2_PLACEMENT_3D('',#14038,#14039,#14040);
#14038 = CARTESIAN_POINT('',(-2.75,-2.405,0.25));
#14039 = DIRECTION('',(9.95799250103E-17,-1.,-0.));
#14040 = DIRECTION('',(-0.,0.,-1.));
#14041 = ORIENTED_EDGE('',*,*,#14042,.T.);
#14042 = EDGE_CURVE('',#14034,#14043,#14045,.T.);
#14043 = VERTEX_POINT('',#14044);
#14044 = CARTESIAN_POINT('',(-2.65,-2.405,0.425));
#14045 = LINE('',#14046,#14047);
#14046 = CARTESIAN_POINT('',(-2.65,-2.405,0.25));
#14047 = VECTOR('',#14048,1.);
#14048 = DIRECTION('',(0.,0.,1.));
#14049 = ORIENTED_EDGE('',*,*,#14050,.T.);
#14050 = EDGE_CURVE('',#14043,#14051,#14053,.T.);
#14051 = VERTEX_POINT('',#14052);
#14052 = CARTESIAN_POINT('',(-2.4,-2.405,0.675));
#14053 = CIRCLE('',#14054,0.25);
#14054 = AXIS2_PLACEMENT_3D('',#14055,#14056,#14057);
#14055 = CARTESIAN_POINT('',(-2.4,-2.405,0.425));
#14056 = DIRECTION('',(-9.95799250103E-17,1.,0.));
#14057 = DIRECTION('',(-1.,-9.95799250103E-17,2.22044604925E-15));
#14058 = ORIENTED_EDGE('',*,*,#14059,.T.);
#14059 = EDGE_CURVE('',#14051,#12412,#14060,.T.);
#14060 = LINE('',#14061,#14062);
#14061 = CARTESIAN_POINT('',(-2.4,-2.405,0.675));
#14062 = VECTOR('',#14063,1.);
#14063 = DIRECTION('',(1.,9.95799250103E-17,0.));
#14064 = PLANE('',#14065);
#14065 = AXIS2_PLACEMENT_3D('',#14066,#14067,#14068);
#14066 = CARTESIAN_POINT('',(-2.632923288131,-2.405,0.313172218985));
#14067 = DIRECTION('',(-9.95799250103E-17,1.,0.));
#14068 = DIRECTION('',(0.,0.,1.));
#14069 = ADVANCED_FACE('',(#14070),#14081,.T.);
#14070 = FACE_BOUND('',#14071,.T.);
#14071 = EDGE_LOOP('',(#14072,#14078,#14079,#14080));
#14072 = ORIENTED_EDGE('',*,*,#14073,.F.);
#14073 = EDGE_CURVE('',#12412,#13932,#14074,.T.);
#14074 = LINE('',#14075,#14076);
#14075 = CARTESIAN_POINT('',(-2.4,-2.405,0.675));
#14076 = VECTOR('',#14077,1.);
#14077 = DIRECTION('',(1.,9.95799250103E-17,0.));
#14078 = ORIENTED_EDGE('',*,*,#12421,.T.);
#14079 = ORIENTED_EDGE('',*,*,#12903,.T.);
#14080 = ORIENTED_EDGE('',*,*,#13939,.F.);
#14081 = B_SPLINE_SURFACE_WITH_KNOTS('',1,1,(
    (#14082,#14083)
    ,(#14084,#14085
    )),.UNSPECIFIED.,.F.,.F.,.F.,(2,2),(2,2),(0.,5.),(0.,1.),
  .PIECEWISE_BEZIER_KNOTS.);
#14082 = CARTESIAN_POINT('',(-2.2,2.5,0.675));
#14083 = CARTESIAN_POINT('',(-2.15,2.45,0.675));
#14084 = CARTESIAN_POINT('',(-2.2,-2.5,0.675));
#14085 = CARTESIAN_POINT('',(-2.15,-2.45,0.675));
#14086 = ADVANCED_FACE('',(#14087),#14173,.F.);
#14087 = FACE_BOUND('',#14088,.F.);
#14088 = EDGE_LOOP('',(#14089,#14090,#14091,#14100,#14108,#14117,#14125,
    #14133,#14141,#14150,#14158,#14167));
#14089 = ORIENTED_EDGE('',*,*,#12497,.T.);
#14090 = ORIENTED_EDGE('',*,*,#12435,.T.);
#14091 = ORIENTED_EDGE('',*,*,#14092,.T.);
#14092 = EDGE_CURVE('',#12436,#14093,#14095,.T.);
#14093 = VERTEX_POINT('',#14094);
#14094 = CARTESIAN_POINT('',(-2.5,2.145,0.425));
#14095 = CIRCLE('',#14096,0.1);
#14096 = AXIS2_PLACEMENT_3D('',#14097,#14098,#14099);
#14097 = CARTESIAN_POINT('',(-2.4,2.145,0.425));
#14098 = DIRECTION('',(9.95799250103E-17,-1.,0.));
#14099 = DIRECTION('',(0.,0.,1.));
#14100 = ORIENTED_EDGE('',*,*,#14101,.T.);
#14101 = EDGE_CURVE('',#14093,#14102,#14104,.T.);
#14102 = VERTEX_POINT('',#14103);
#14103 = CARTESIAN_POINT('',(-2.5,2.145,0.25));
#14104 = LINE('',#14105,#14106);
#14105 = CARTESIAN_POINT('',(-2.5,2.145,0.425));
#14106 = VECTOR('',#14107,1.);
#14107 = DIRECTION('',(-0.,0.,-1.));
#14108 = ORIENTED_EDGE('',*,*,#14109,.T.);
#14109 = EDGE_CURVE('',#14102,#14110,#14112,.T.);
#14110 = VERTEX_POINT('',#14111);
#14111 = CARTESIAN_POINT('',(-2.75,2.145,1.110223024625E-16));
#14112 = CIRCLE('',#14113,0.25);
#14113 = AXIS2_PLACEMENT_3D('',#14114,#14115,#14116);
#14114 = CARTESIAN_POINT('',(-2.75,2.145,0.25));
#14115 = DIRECTION('',(-9.95799250103E-17,1.,0.));
#14116 = DIRECTION('',(1.,9.95799250103E-17,-2.442490654175E-15));
#14117 = ORIENTED_EDGE('',*,*,#14118,.T.);
#14118 = EDGE_CURVE('',#14110,#14119,#14121,.T.);
#14119 = VERTEX_POINT('',#14120);
#14120 = CARTESIAN_POINT('',(-3.2,2.145,1.110223024625E-16));
#14121 = LINE('',#14122,#14123);
#14122 = CARTESIAN_POINT('',(-2.75,2.145,1.110223024625E-16));
#14123 = VECTOR('',#14124,1.);
#14124 = DIRECTION('',(-1.,-9.95799250103E-17,0.));
#14125 = ORIENTED_EDGE('',*,*,#14126,.T.);
#14126 = EDGE_CURVE('',#14119,#14127,#14129,.T.);
#14127 = VERTEX_POINT('',#14128);
#14128 = CARTESIAN_POINT('',(-3.2,2.145,0.15));
#14129 = LINE('',#14130,#14131);
#14130 = CARTESIAN_POINT('',(-3.2,2.145,1.110223024625E-16));
#14131 = VECTOR('',#14132,1.);
#14132 = DIRECTION('',(0.,0.,1.));
#14133 = ORIENTED_EDGE('',*,*,#14134,.T.);
#14134 = EDGE_CURVE('',#14127,#14135,#14137,.T.);
#14135 = VERTEX_POINT('',#14136);
#14136 = CARTESIAN_POINT('',(-2.75,2.145,0.15));
#14137 = LINE('',#14138,#14139);
#14138 = CARTESIAN_POINT('',(-3.2,2.145,0.15));
#14139 = VECTOR('',#14140,1.);
#14140 = DIRECTION('',(1.,9.95799250103E-17,0.));
#14141 = ORIENTED_EDGE('',*,*,#14142,.T.);
#14142 = EDGE_CURVE('',#14135,#14143,#14145,.T.);
#14143 = VERTEX_POINT('',#14144);
#14144 = CARTESIAN_POINT('',(-2.65,2.145,0.25));
#14145 = CIRCLE('',#14146,0.1);
#14146 = AXIS2_PLACEMENT_3D('',#14147,#14148,#14149);
#14147 = CARTESIAN_POINT('',(-2.75,2.145,0.25));
#14148 = DIRECTION('',(9.95799250103E-17,-1.,-0.));
#14149 = DIRECTION('',(-0.,0.,-1.));
#14150 = ORIENTED_EDGE('',*,*,#14151,.T.);
#14151 = EDGE_CURVE('',#14143,#14152,#14154,.T.);
#14152 = VERTEX_POINT('',#14153);
#14153 = CARTESIAN_POINT('',(-2.65,2.145,0.425));
#14154 = LINE('',#14155,#14156);
#14155 = CARTESIAN_POINT('',(-2.65,2.145,0.25));
#14156 = VECTOR('',#14157,1.);
#14157 = DIRECTION('',(0.,0.,1.));
#14158 = ORIENTED_EDGE('',*,*,#14159,.T.);
#14159 = EDGE_CURVE('',#14152,#14160,#14162,.T.);
#14160 = VERTEX_POINT('',#14161);
#14161 = CARTESIAN_POINT('',(-2.4,2.145,0.675));
#14162 = CIRCLE('',#14163,0.25);
#14163 = AXIS2_PLACEMENT_3D('',#14164,#14165,#14166);
#14164 = CARTESIAN_POINT('',(-2.4,2.145,0.425));
#14165 = DIRECTION('',(-9.95799250103E-17,1.,0.));
#14166 = DIRECTION('',(-1.,-9.95799250103E-17,2.22044604925E-15));
#14167 = ORIENTED_EDGE('',*,*,#14168,.T.);
#14168 = EDGE_CURVE('',#14160,#12498,#14169,.T.);
#14169 = LINE('',#14170,#14171);
#14170 = CARTESIAN_POINT('',(-2.4,2.145,0.675));
#14171 = VECTOR('',#14172,1.);
#14172 = DIRECTION('',(1.,9.95799250103E-17,0.));
#14173 = PLANE('',#14174);
#14174 = AXIS2_PLACEMENT_3D('',#14175,#14176,#14177);
#14175 = CARTESIAN_POINT('',(-2.632923288131,2.145,0.313172218985));
#14176 = DIRECTION('',(-9.95799250103E-17,1.,0.));
#14177 = DIRECTION('',(0.,0.,1.));
#14178 = ADVANCED_FACE('',(#14179),#14190,.F.);
#14179 = FACE_BOUND('',#14180,.F.);
#14180 = EDGE_LOOP('',(#14181,#14182,#14183,#14189));
#14181 = ORIENTED_EDGE('',*,*,#12452,.T.);
#14182 = ORIENTED_EDGE('',*,*,#13728,.T.);
#14183 = ORIENTED_EDGE('',*,*,#14184,.F.);
#14184 = EDGE_CURVE('',#14093,#13729,#14185,.T.);
#14185 = LINE('',#14186,#14187);
#14186 = CARTESIAN_POINT('',(-2.5,2.145,0.425));
#14187 = VECTOR('',#14188,1.);
#14188 = DIRECTION('',(-9.95799250103E-17,1.,0.));
#14189 = ORIENTED_EDGE('',*,*,#14092,.F.);
#14190 = CYLINDRICAL_SURFACE('',#14191,0.1);
#14191 = AXIS2_PLACEMENT_3D('',#14192,#14193,#14194);
#14192 = CARTESIAN_POINT('',(-2.4,2.145,0.425));
#14193 = DIRECTION('',(9.95799250103E-17,-1.,0.));
#14194 = DIRECTION('',(0.,0.,1.));
#14195 = ADVANCED_FACE('',(#14196),#14215,.F.);
#14196 = FACE_BOUND('',#14197,.F.);
#14197 = EDGE_LOOP('',(#14198,#14199,#14208,#14214));
#14198 = ORIENTED_EDGE('',*,*,#12483,.T.);
#14199 = ORIENTED_EDGE('',*,*,#14200,.T.);
#14200 = EDGE_CURVE('',#12476,#14201,#14203,.T.);
#14201 = VERTEX_POINT('',#14202);
#14202 = CARTESIAN_POINT('',(-2.5,-2.145,0.425));
#14203 = CIRCLE('',#14204,0.1);
#14204 = AXIS2_PLACEMENT_3D('',#14205,#14206,#14207);
#14205 = CARTESIAN_POINT('',(-2.4,-2.145,0.425));
#14206 = DIRECTION('',(9.95799250103E-17,-1.,0.));
#14207 = DIRECTION('',(0.,0.,1.));
#14208 = ORIENTED_EDGE('',*,*,#14209,.F.);
#14209 = EDGE_CURVE('',#13984,#14201,#14210,.T.);
#14210 = LINE('',#14211,#14212);
#14211 = CARTESIAN_POINT('',(-2.5,-2.405,0.425));
#14212 = VECTOR('',#14213,1.);
#14213 = DIRECTION('',(-9.95799250103E-17,1.,0.));
#14214 = ORIENTED_EDGE('',*,*,#13983,.F.);
#14215 = CYLINDRICAL_SURFACE('',#14216,0.1);
#14216 = AXIS2_PLACEMENT_3D('',#14217,#14218,#14219);
#14217 = CARTESIAN_POINT('',(-2.4,-2.405,0.425));
#14218 = DIRECTION('',(9.95799250103E-17,-1.,0.));
#14219 = DIRECTION('',(0.,0.,1.));
#14220 = ADVANCED_FACE('',(#14221),#14299,.T.);
#14221 = FACE_BOUND('',#14222,.T.);
#14222 = EDGE_LOOP('',(#14223,#14224,#14225,#14226,#14234,#14243,#14251,
    #14259,#14267,#14276,#14284,#14293));
#14223 = ORIENTED_EDGE('',*,*,#12537,.T.);
#14224 = ORIENTED_EDGE('',*,*,#12475,.T.);
#14225 = ORIENTED_EDGE('',*,*,#14200,.T.);
#14226 = ORIENTED_EDGE('',*,*,#14227,.T.);
#14227 = EDGE_CURVE('',#14201,#14228,#14230,.T.);
#14228 = VERTEX_POINT('',#14229);
#14229 = CARTESIAN_POINT('',(-2.5,-2.145,0.25));
#14230 = LINE('',#14231,#14232);
#14231 = CARTESIAN_POINT('',(-2.5,-2.145,0.425));
#14232 = VECTOR('',#14233,1.);
#14233 = DIRECTION('',(-0.,0.,-1.));
#14234 = ORIENTED_EDGE('',*,*,#14235,.T.);
#14235 = EDGE_CURVE('',#14228,#14236,#14238,.T.);
#14236 = VERTEX_POINT('',#14237);
#14237 = CARTESIAN_POINT('',(-2.75,-2.145,1.110223024625E-16));
#14238 = CIRCLE('',#14239,0.25);
#14239 = AXIS2_PLACEMENT_3D('',#14240,#14241,#14242);
#14240 = CARTESIAN_POINT('',(-2.75,-2.145,0.25));
#14241 = DIRECTION('',(-9.95799250103E-17,1.,0.));
#14242 = DIRECTION('',(1.,9.95799250103E-17,-2.442490654175E-15));
#14243 = ORIENTED_EDGE('',*,*,#14244,.T.);
#14244 = EDGE_CURVE('',#14236,#14245,#14247,.T.);
#14245 = VERTEX_POINT('',#14246);
#14246 = CARTESIAN_POINT('',(-3.2,-2.145,1.110223024625E-16));
#14247 = LINE('',#14248,#14249);
#14248 = CARTESIAN_POINT('',(-2.75,-2.145,1.110223024625E-16));
#14249 = VECTOR('',#14250,1.);
#14250 = DIRECTION('',(-1.,-9.95799250103E-17,0.));
#14251 = ORIENTED_EDGE('',*,*,#14252,.T.);
#14252 = EDGE_CURVE('',#14245,#14253,#14255,.T.);
#14253 = VERTEX_POINT('',#14254);
#14254 = CARTESIAN_POINT('',(-3.2,-2.145,0.15));
#14255 = LINE('',#14256,#14257);
#14256 = CARTESIAN_POINT('',(-3.2,-2.145,1.110223024625E-16));
#14257 = VECTOR('',#14258,1.);
#14258 = DIRECTION('',(0.,0.,1.));
#14259 = ORIENTED_EDGE('',*,*,#14260,.T.);
#14260 = EDGE_CURVE('',#14253,#14261,#14263,.T.);
#14261 = VERTEX_POINT('',#14262);
#14262 = CARTESIAN_POINT('',(-2.75,-2.145,0.15));
#14263 = LINE('',#14264,#14265);
#14264 = CARTESIAN_POINT('',(-3.2,-2.145,0.15));
#14265 = VECTOR('',#14266,1.);
#14266 = DIRECTION('',(1.,9.95799250103E-17,0.));
#14267 = ORIENTED_EDGE('',*,*,#14268,.T.);
#14268 = EDGE_CURVE('',#14261,#14269,#14271,.T.);
#14269 = VERTEX_POINT('',#14270);
#14270 = CARTESIAN_POINT('',(-2.65,-2.145,0.25));
#14271 = CIRCLE('',#14272,0.1);
#14272 = AXIS2_PLACEMENT_3D('',#14273,#14274,#14275);
#14273 = CARTESIAN_POINT('',(-2.75,-2.145,0.25));
#14274 = DIRECTION('',(9.95799250103E-17,-1.,-0.));
#14275 = DIRECTION('',(-0.,0.,-1.));
#14276 = ORIENTED_EDGE('',*,*,#14277,.T.);
#14277 = EDGE_CURVE('',#14269,#14278,#14280,.T.);
#14278 = VERTEX_POINT('',#14279);
#14279 = CARTESIAN_POINT('',(-2.65,-2.145,0.425));
#14280 = LINE('',#14281,#14282);
#14281 = CARTESIAN_POINT('',(-2.65,-2.145,0.25));
#14282 = VECTOR('',#14283,1.);
#14283 = DIRECTION('',(0.,0.,1.));
#14284 = ORIENTED_EDGE('',*,*,#14285,.T.);
#14285 = EDGE_CURVE('',#14278,#14286,#14288,.T.);
#14286 = VERTEX_POINT('',#14287);
#14287 = CARTESIAN_POINT('',(-2.4,-2.145,0.675));
#14288 = CIRCLE('',#14289,0.25);
#14289 = AXIS2_PLACEMENT_3D('',#14290,#14291,#14292);
#14290 = CARTESIAN_POINT('',(-2.4,-2.145,0.425));
#14291 = DIRECTION('',(-9.95799250103E-17,1.,0.));
#14292 = DIRECTION('',(-1.,-9.95799250103E-17,2.22044604925E-15));
#14293 = ORIENTED_EDGE('',*,*,#14294,.T.);
#14294 = EDGE_CURVE('',#14286,#12538,#14295,.T.);
#14295 = LINE('',#14296,#14297);
#14296 = CARTESIAN_POINT('',(-2.4,-2.145,0.675));
#14297 = VECTOR('',#14298,1.);
#14298 = DIRECTION('',(1.,9.95799250103E-17,0.));
#14299 = PLANE('',#14300);
#14300 = AXIS2_PLACEMENT_3D('',#14301,#14302,#14303);
#14301 = CARTESIAN_POINT('',(-2.632923288131,-2.145,0.313172218985));
#14302 = DIRECTION('',(-9.95799250103E-17,1.,0.));
#14303 = DIRECTION('',(0.,0.,1.));
#14304 = ADVANCED_FACE('',(#14305),#14321,.T.);
#14305 = FACE_BOUND('',#14306,.T.);
#14306 = EDGE_LOOP('',(#14307,#14313,#14314,#14320));
#14307 = ORIENTED_EDGE('',*,*,#14308,.F.);
#14308 = EDGE_CURVE('',#12498,#13820,#14309,.T.);
#14309 = LINE('',#14310,#14311);
#14310 = CARTESIAN_POINT('',(-2.4,2.145,0.675));
#14311 = VECTOR('',#14312,1.);
#14312 = DIRECTION('',(1.,9.95799250103E-17,0.));
#14313 = ORIENTED_EDGE('',*,*,#12514,.T.);
#14314 = ORIENTED_EDGE('',*,*,#14315,.T.);
#14315 = EDGE_CURVE('',#12507,#13828,#14316,.T.);
#14316 = LINE('',#14317,#14318);
#14317 = CARTESIAN_POINT('',(-2.4,1.755,0.675));
#14318 = VECTOR('',#14319,1.);
#14319 = DIRECTION('',(1.,9.95799250103E-17,0.));
#14320 = ORIENTED_EDGE('',*,*,#13827,.F.);
#14321 = B_SPLINE_SURFACE_WITH_KNOTS('',1,1,(
    (#14322,#14323)
    ,(#14324,#14325
    )),.UNSPECIFIED.,.F.,.F.,.F.,(2,2),(2,2),(0.,5.),(0.,1.),
  .PIECEWISE_BEZIER_KNOTS.);
#14322 = CARTESIAN_POINT('',(-2.2,2.5,0.675));
#14323 = CARTESIAN_POINT('',(-2.15,2.45,0.675));
#14324 = CARTESIAN_POINT('',(-2.2,-2.5,0.675));
#14325 = CARTESIAN_POINT('',(-2.15,-2.45,0.675));
#14326 = ADVANCED_FACE('',(#14327),#14413,.T.);
#14327 = FACE_BOUND('',#14328,.T.);
#14328 = EDGE_LOOP('',(#14329,#14330,#14331,#14340,#14348,#14357,#14365,
    #14373,#14381,#14390,#14398,#14407));
#14329 = ORIENTED_EDGE('',*,*,#12506,.T.);
#14330 = ORIENTED_EDGE('',*,*,#12568,.T.);
#14331 = ORIENTED_EDGE('',*,*,#14332,.T.);
#14332 = EDGE_CURVE('',#12569,#14333,#14335,.T.);
#14333 = VERTEX_POINT('',#14334);
#14334 = CARTESIAN_POINT('',(-2.5,1.755,0.425));
#14335 = CIRCLE('',#14336,0.1);
#14336 = AXIS2_PLACEMENT_3D('',#14337,#14338,#14339);
#14337 = CARTESIAN_POINT('',(-2.4,1.755,0.425));
#14338 = DIRECTION('',(9.95799250103E-17,-1.,0.));
#14339 = DIRECTION('',(0.,0.,1.));
#14340 = ORIENTED_EDGE('',*,*,#14341,.T.);
#14341 = EDGE_CURVE('',#14333,#14342,#14344,.T.);
#14342 = VERTEX_POINT('',#14343);
#14343 = CARTESIAN_POINT('',(-2.5,1.755,0.25));
#14344 = LINE('',#14345,#14346);
#14345 = CARTESIAN_POINT('',(-2.5,1.755,0.425));
#14346 = VECTOR('',#14347,1.);
#14347 = DIRECTION('',(-0.,0.,-1.));
#14348 = ORIENTED_EDGE('',*,*,#14349,.T.);
#14349 = EDGE_CURVE('',#14342,#14350,#14352,.T.);
#14350 = VERTEX_POINT('',#14351);
#14351 = CARTESIAN_POINT('',(-2.75,1.755,1.110223024625E-16));
#14352 = CIRCLE('',#14353,0.25);
#14353 = AXIS2_PLACEMENT_3D('',#14354,#14355,#14356);
#14354 = CARTESIAN_POINT('',(-2.75,1.755,0.25));
#14355 = DIRECTION('',(-9.95799250103E-17,1.,0.));
#14356 = DIRECTION('',(1.,9.95799250103E-17,-2.442490654175E-15));
#14357 = ORIENTED_EDGE('',*,*,#14358,.T.);
#14358 = EDGE_CURVE('',#14350,#14359,#14361,.T.);
#14359 = VERTEX_POINT('',#14360);
#14360 = CARTESIAN_POINT('',(-3.2,1.755,1.110223024625E-16));
#14361 = LINE('',#14362,#14363);
#14362 = CARTESIAN_POINT('',(-2.75,1.755,1.110223024625E-16));
#14363 = VECTOR('',#14364,1.);
#14364 = DIRECTION('',(-1.,-9.95799250103E-17,0.));
#14365 = ORIENTED_EDGE('',*,*,#14366,.T.);
#14366 = EDGE_CURVE('',#14359,#14367,#14369,.T.);
#14367 = VERTEX_POINT('',#14368);
#14368 = CARTESIAN_POINT('',(-3.2,1.755,0.15));
#14369 = LINE('',#14370,#14371);
#14370 = CARTESIAN_POINT('',(-3.2,1.755,1.110223024625E-16));
#14371 = VECTOR('',#14372,1.);
#14372 = DIRECTION('',(0.,0.,1.));
#14373 = ORIENTED_EDGE('',*,*,#14374,.T.);
#14374 = EDGE_CURVE('',#14367,#14375,#14377,.T.);
#14375 = VERTEX_POINT('',#14376);
#14376 = CARTESIAN_POINT('',(-2.75,1.755,0.15));
#14377 = LINE('',#14378,#14379);
#14378 = CARTESIAN_POINT('',(-3.2,1.755,0.15));
#14379 = VECTOR('',#14380,1.);
#14380 = DIRECTION('',(1.,9.95799250103E-17,0.));
#14381 = ORIENTED_EDGE('',*,*,#14382,.T.);
#14382 = EDGE_CURVE('',#14375,#14383,#14385,.T.);
#14383 = VERTEX_POINT('',#14384);
#14384 = CARTESIAN_POINT('',(-2.65,1.755,0.25));
#14385 = CIRCLE('',#14386,0.1);
#14386 = AXIS2_PLACEMENT_3D('',#14387,#14388,#14389);
#14387 = CARTESIAN_POINT('',(-2.75,1.755,0.25));
#14388 = DIRECTION('',(9.95799250103E-17,-1.,-0.));
#14389 = DIRECTION('',(-0.,0.,-1.));
#14390 = ORIENTED_EDGE('',*,*,#14391,.T.);
#14391 = EDGE_CURVE('',#14383,#14392,#14394,.T.);
#14392 = VERTEX_POINT('',#14393);
#14393 = CARTESIAN_POINT('',(-2.65,1.755,0.425));
#14394 = LINE('',#14395,#14396);
#14395 = CARTESIAN_POINT('',(-2.65,1.755,0.25));
#14396 = VECTOR('',#14397,1.);
#14397 = DIRECTION('',(0.,0.,1.));
#14398 = ORIENTED_EDGE('',*,*,#14399,.T.);
#14399 = EDGE_CURVE('',#14392,#14400,#14402,.T.);
#14400 = VERTEX_POINT('',#14401);
#14401 = CARTESIAN_POINT('',(-2.4,1.755,0.675));
#14402 = CIRCLE('',#14403,0.25);
#14403 = AXIS2_PLACEMENT_3D('',#14404,#14405,#14406);
#14404 = CARTESIAN_POINT('',(-2.4,1.755,0.425));
#14405 = DIRECTION('',(-9.95799250103E-17,1.,0.));
#14406 = DIRECTION('',(-1.,-9.95799250103E-17,2.22044604925E-15));
#14407 = ORIENTED_EDGE('',*,*,#14408,.T.);
#14408 = EDGE_CURVE('',#14400,#12507,#14409,.T.);
#14409 = LINE('',#14410,#14411);
#14410 = CARTESIAN_POINT('',(-2.4,1.755,0.675));
#14411 = VECTOR('',#14412,1.);
#14412 = DIRECTION('',(1.,9.95799250103E-17,0.));
#14413 = PLANE('',#14414);
#14414 = AXIS2_PLACEMENT_3D('',#14415,#14416,#14417);
#14415 = CARTESIAN_POINT('',(-2.632923288131,1.755,0.313172218985));
#14416 = DIRECTION('',(-9.95799250103E-17,1.,0.));
#14417 = DIRECTION('',(0.,0.,1.));
#14418 = ADVANCED_FACE('',(#14419),#14505,.F.);
#14419 = FACE_BOUND('',#14420,.F.);
#14420 = EDGE_LOOP('',(#14421,#14422,#14423,#14432,#14440,#14449,#14457,
    #14465,#14473,#14482,#14490,#14499));
#14421 = ORIENTED_EDGE('',*,*,#12528,.T.);
#14422 = ORIENTED_EDGE('',*,*,#12590,.T.);
#14423 = ORIENTED_EDGE('',*,*,#14424,.T.);
#14424 = EDGE_CURVE('',#12591,#14425,#14427,.T.);
#14425 = VERTEX_POINT('',#14426);
#14426 = CARTESIAN_POINT('',(-2.5,-1.755,0.425));
#14427 = CIRCLE('',#14428,0.1);
#14428 = AXIS2_PLACEMENT_3D('',#14429,#14430,#14431);
#14429 = CARTESIAN_POINT('',(-2.4,-1.755,0.425));
#14430 = DIRECTION('',(9.95799250103E-17,-1.,0.));
#14431 = DIRECTION('',(0.,0.,1.));
#14432 = ORIENTED_EDGE('',*,*,#14433,.T.);
#14433 = EDGE_CURVE('',#14425,#14434,#14436,.T.);
#14434 = VERTEX_POINT('',#14435);
#14435 = CARTESIAN_POINT('',(-2.5,-1.755,0.25));
#14436 = LINE('',#14437,#14438);
#14437 = CARTESIAN_POINT('',(-2.5,-1.755,0.425));
#14438 = VECTOR('',#14439,1.);
#14439 = DIRECTION('',(-0.,0.,-1.));
#14440 = ORIENTED_EDGE('',*,*,#14441,.T.);
#14441 = EDGE_CURVE('',#14434,#14442,#14444,.T.);
#14442 = VERTEX_POINT('',#14443);
#14443 = CARTESIAN_POINT('',(-2.75,-1.755,1.110223024625E-16));
#14444 = CIRCLE('',#14445,0.25);
#14445 = AXIS2_PLACEMENT_3D('',#14446,#14447,#14448);
#14446 = CARTESIAN_POINT('',(-2.75,-1.755,0.25));
#14447 = DIRECTION('',(-9.95799250103E-17,1.,0.));
#14448 = DIRECTION('',(1.,9.95799250103E-17,-2.442490654175E-15));
#14449 = ORIENTED_EDGE('',*,*,#14450,.T.);
#14450 = EDGE_CURVE('',#14442,#14451,#14453,.T.);
#14451 = VERTEX_POINT('',#14452);
#14452 = CARTESIAN_POINT('',(-3.2,-1.755,1.110223024625E-16));
#14453 = LINE('',#14454,#14455);
#14454 = CARTESIAN_POINT('',(-2.75,-1.755,1.110223024625E-16));
#14455 = VECTOR('',#14456,1.);
#14456 = DIRECTION('',(-1.,-9.95799250103E-17,0.));
#14457 = ORIENTED_EDGE('',*,*,#14458,.T.);
#14458 = EDGE_CURVE('',#14451,#14459,#14461,.T.);
#14459 = VERTEX_POINT('',#14460);
#14460 = CARTESIAN_POINT('',(-3.2,-1.755,0.15));
#14461 = LINE('',#14462,#14463);
#14462 = CARTESIAN_POINT('',(-3.2,-1.755,1.110223024625E-16));
#14463 = VECTOR('',#14464,1.);
#14464 = DIRECTION('',(0.,0.,1.));
#14465 = ORIENTED_EDGE('',*,*,#14466,.T.);
#14466 = EDGE_CURVE('',#14459,#14467,#14469,.T.);
#14467 = VERTEX_POINT('',#14468);
#14468 = CARTESIAN_POINT('',(-2.75,-1.755,0.15));
#14469 = LINE('',#14470,#14471);
#14470 = CARTESIAN_POINT('',(-3.2,-1.755,0.15));
#14471 = VECTOR('',#14472,1.);
#14472 = DIRECTION('',(1.,9.95799250103E-17,0.));
#14473 = ORIENTED_EDGE('',*,*,#14474,.T.);
#14474 = EDGE_CURVE('',#14467,#14475,#14477,.T.);
#14475 = VERTEX_POINT('',#14476);
#14476 = CARTESIAN_POINT('',(-2.65,-1.755,0.25));
#14477 = CIRCLE('',#14478,0.1);
#14478 = AXIS2_PLACEMENT_3D('',#14479,#14480,#14481);
#14479 = CARTESIAN_POINT('',(-2.75,-1.755,0.25));
#14480 = DIRECTION('',(9.95799250103E-17,-1.,-0.));
#14481 = DIRECTION('',(-0.,0.,-1.));
#14482 = ORIENTED_EDGE('',*,*,#14483,.T.);
#14483 = EDGE_CURVE('',#14475,#14484,#14486,.T.);
#14484 = VERTEX_POINT('',#14485);
#14485 = CARTESIAN_POINT('',(-2.65,-1.755,0.425));
#14486 = LINE('',#14487,#14488);
#14487 = CARTESIAN_POINT('',(-2.65,-1.755,0.25));
#14488 = VECTOR('',#14489,1.);
#14489 = DIRECTION('',(0.,0.,1.));
#14490 = ORIENTED_EDGE('',*,*,#14491,.T.);
#14491 = EDGE_CURVE('',#14484,#14492,#14494,.T.);
#14492 = VERTEX_POINT('',#14493);
#14493 = CARTESIAN_POINT('',(-2.4,-1.755,0.675));
#14494 = CIRCLE('',#14495,0.25);
#14495 = AXIS2_PLACEMENT_3D('',#14496,#14497,#14498);
#14496 = CARTESIAN_POINT('',(-2.4,-1.755,0.425));
#14497 = DIRECTION('',(-9.95799250103E-17,1.,0.));
#14498 = DIRECTION('',(-1.,-9.95799250103E-17,2.22044604925E-15));
#14499 = ORIENTED_EDGE('',*,*,#14500,.T.);
#14500 = EDGE_CURVE('',#14492,#12529,#14501,.T.);
#14501 = LINE('',#14502,#14503);
#14502 = CARTESIAN_POINT('',(-2.4,-1.755,0.675));
#14503 = VECTOR('',#14504,1.);
#14504 = DIRECTION('',(1.,9.95799250103E-17,0.));
#14505 = PLANE('',#14506);
#14506 = AXIS2_PLACEMENT_3D('',#14507,#14508,#14509);
#14507 = CARTESIAN_POINT('',(-2.632923288131,-1.755,0.313172218985));
#14508 = DIRECTION('',(-9.95799250103E-17,1.,0.));
#14509 = DIRECTION('',(0.,0.,1.));
#14510 = ADVANCED_FACE('',(#14511),#14527,.T.);
#14511 = FACE_BOUND('',#14512,.T.);
#14512 = EDGE_LOOP('',(#14513,#14519,#14520,#14526));
#14513 = ORIENTED_EDGE('',*,*,#14514,.F.);
#14514 = EDGE_CURVE('',#12529,#13916,#14515,.T.);
#14515 = LINE('',#14516,#14517);
#14516 = CARTESIAN_POINT('',(-2.4,-1.755,0.675));
#14517 = VECTOR('',#14518,1.);
#14518 = DIRECTION('',(1.,9.95799250103E-17,0.));
#14519 = ORIENTED_EDGE('',*,*,#12545,.T.);
#14520 = ORIENTED_EDGE('',*,*,#14521,.T.);
#14521 = EDGE_CURVE('',#12538,#13924,#14522,.T.);
#14522 = LINE('',#14523,#14524);
#14523 = CARTESIAN_POINT('',(-2.4,-2.145,0.675));
#14524 = VECTOR('',#14525,1.);
#14525 = DIRECTION('',(1.,9.95799250103E-17,0.));
#14526 = ORIENTED_EDGE('',*,*,#13923,.F.);
#14527 = B_SPLINE_SURFACE_WITH_KNOTS('',1,1,(
    (#14528,#14529)
    ,(#14530,#14531
    )),.UNSPECIFIED.,.F.,.F.,.F.,(2,2),(2,2),(0.,5.),(0.,1.),
  .PIECEWISE_BEZIER_KNOTS.);
#14528 = CARTESIAN_POINT('',(-2.2,2.5,0.675));
#14529 = CARTESIAN_POINT('',(-2.15,2.45,0.675));
#14530 = CARTESIAN_POINT('',(-2.2,-2.5,0.675));
#14531 = CARTESIAN_POINT('',(-2.15,-2.45,0.675));
#14532 = ADVANCED_FACE('',(#14533),#14619,.F.);
#14533 = FACE_BOUND('',#14534,.F.);
#14534 = EDGE_LOOP('',(#14535,#14536,#14537,#14546,#14554,#14563,#14571,
    #14579,#14587,#14596,#14604,#14613));
#14535 = ORIENTED_EDGE('',*,*,#12621,.T.);
#14536 = ORIENTED_EDGE('',*,*,#12559,.T.);
#14537 = ORIENTED_EDGE('',*,*,#14538,.T.);
#14538 = EDGE_CURVE('',#12560,#14539,#14541,.T.);
#14539 = VERTEX_POINT('',#14540);
#14540 = CARTESIAN_POINT('',(-2.5,1.495,0.425));
#14541 = CIRCLE('',#14542,0.1);
#14542 = AXIS2_PLACEMENT_3D('',#14543,#14544,#14545);
#14543 = CARTESIAN_POINT('',(-2.4,1.495,0.425));
#14544 = DIRECTION('',(9.95799250103E-17,-1.,0.));
#14545 = DIRECTION('',(0.,0.,1.));
#14546 = ORIENTED_EDGE('',*,*,#14547,.T.);
#14547 = EDGE_CURVE('',#14539,#14548,#14550,.T.);
#14548 = VERTEX_POINT('',#14549);
#14549 = CARTESIAN_POINT('',(-2.5,1.495,0.25));
#14550 = LINE('',#14551,#14552);
#14551 = CARTESIAN_POINT('',(-2.5,1.495,0.425));
#14552 = VECTOR('',#14553,1.);
#14553 = DIRECTION('',(-0.,0.,-1.));
#14554 = ORIENTED_EDGE('',*,*,#14555,.T.);
#14555 = EDGE_CURVE('',#14548,#14556,#14558,.T.);
#14556 = VERTEX_POINT('',#14557);
#14557 = CARTESIAN_POINT('',(-2.75,1.495,1.110223024625E-16));
#14558 = CIRCLE('',#14559,0.25);
#14559 = AXIS2_PLACEMENT_3D('',#14560,#14561,#14562);
#14560 = CARTESIAN_POINT('',(-2.75,1.495,0.25));
#14561 = DIRECTION('',(-9.95799250103E-17,1.,0.));
#14562 = DIRECTION('',(1.,9.95799250103E-17,-2.442490654175E-15));
#14563 = ORIENTED_EDGE('',*,*,#14564,.T.);
#14564 = EDGE_CURVE('',#14556,#14565,#14567,.T.);
#14565 = VERTEX_POINT('',#14566);
#14566 = CARTESIAN_POINT('',(-3.2,1.495,1.110223024625E-16));
#14567 = LINE('',#14568,#14569);
#14568 = CARTESIAN_POINT('',(-2.75,1.495,1.110223024625E-16));
#14569 = VECTOR('',#14570,1.);
#14570 = DIRECTION('',(-1.,-9.95799250103E-17,0.));
#14571 = ORIENTED_EDGE('',*,*,#14572,.T.);
#14572 = EDGE_CURVE('',#14565,#14573,#14575,.T.);
#14573 = VERTEX_POINT('',#14574);
#14574 = CARTESIAN_POINT('',(-3.2,1.495,0.15));
#14575 = LINE('',#14576,#14577);
#14576 = CARTESIAN_POINT('',(-3.2,1.495,1.110223024625E-16));
#14577 = VECTOR('',#14578,1.);
#14578 = DIRECTION('',(0.,0.,1.));
#14579 = ORIENTED_EDGE('',*,*,#14580,.T.);
#14580 = EDGE_CURVE('',#14573,#14581,#14583,.T.);
#14581 = VERTEX_POINT('',#14582);
#14582 = CARTESIAN_POINT('',(-2.75,1.495,0.15));
#14583 = LINE('',#14584,#14585);
#14584 = CARTESIAN_POINT('',(-3.2,1.495,0.15));
#14585 = VECTOR('',#14586,1.);
#14586 = DIRECTION('',(1.,9.95799250103E-17,0.));
#14587 = ORIENTED_EDGE('',*,*,#14588,.T.);
#14588 = EDGE_CURVE('',#14581,#14589,#14591,.T.);
#14589 = VERTEX_POINT('',#14590);
#14590 = CARTESIAN_POINT('',(-2.65,1.495,0.25));
#14591 = CIRCLE('',#14592,0.1);
#14592 = AXIS2_PLACEMENT_3D('',#14593,#14594,#14595);
#14593 = CARTESIAN_POINT('',(-2.75,1.495,0.25));
#14594 = DIRECTION('',(9.95799250103E-17,-1.,-0.));
#14595 = DIRECTION('',(-0.,0.,-1.));
#14596 = ORIENTED_EDGE('',*,*,#14597,.T.);
#14597 = EDGE_CURVE('',#14589,#14598,#14600,.T.);
#14598 = VERTEX_POINT('',#14599);
#14599 = CARTESIAN_POINT('',(-2.65,1.495,0.425));
#14600 = LINE('',#14601,#14602);
#14601 = CARTESIAN_POINT('',(-2.65,1.495,0.25));
#14602 = VECTOR('',#14603,1.);
#14603 = DIRECTION('',(0.,0.,1.));
#14604 = ORIENTED_EDGE('',*,*,#14605,.T.);
#14605 = EDGE_CURVE('',#14598,#14606,#14608,.T.);
#14606 = VERTEX_POINT('',#14607);
#14607 = CARTESIAN_POINT('',(-2.4,1.495,0.675));
#14608 = CIRCLE('',#14609,0.25);
#14609 = AXIS2_PLACEMENT_3D('',#14610,#14611,#14612);
#14610 = CARTESIAN_POINT('',(-2.4,1.495,0.425));
#14611 = DIRECTION('',(-9.95799250103E-17,1.,0.));
#14612 = DIRECTION('',(-1.,-9.95799250103E-17,2.22044604925E-15));
#14613 = ORIENTED_EDGE('',*,*,#14614,.T.);
#14614 = EDGE_CURVE('',#14606,#12622,#14615,.T.);
#14615 = LINE('',#14616,#14617);
#14616 = CARTESIAN_POINT('',(-2.4,1.495,0.675));
#14617 = VECTOR('',#14618,1.);
#14618 = DIRECTION('',(1.,9.95799250103E-17,0.));
#14619 = PLANE('',#14620);
#14620 = AXIS2_PLACEMENT_3D('',#14621,#14622,#14623);
#14621 = CARTESIAN_POINT('',(-2.632923288131,1.495,0.313172218985));
#14622 = DIRECTION('',(-9.95799250103E-17,1.,0.));
#14623 = DIRECTION('',(0.,0.,1.));
#14624 = ADVANCED_FACE('',(#14625),#14636,.F.);
#14625 = FACE_BOUND('',#14626,.F.);
#14626 = EDGE_LOOP('',(#14627,#14628,#14629,#14635));
#14627 = ORIENTED_EDGE('',*,*,#12576,.T.);
#14628 = ORIENTED_EDGE('',*,*,#14332,.T.);
#14629 = ORIENTED_EDGE('',*,*,#14630,.F.);
#14630 = EDGE_CURVE('',#14539,#14333,#14631,.T.);
#14631 = LINE('',#14632,#14633);
#14632 = CARTESIAN_POINT('',(-2.5,1.495,0.425));
#14633 = VECTOR('',#14634,1.);
#14634 = DIRECTION('',(-9.95799250103E-17,1.,0.));
#14635 = ORIENTED_EDGE('',*,*,#14538,.F.);
#14636 = CYLINDRICAL_SURFACE('',#14637,0.1);
#14637 = AXIS2_PLACEMENT_3D('',#14638,#14639,#14640);
#14638 = CARTESIAN_POINT('',(-2.4,1.495,0.425));
#14639 = DIRECTION('',(9.95799250103E-17,-1.,0.));
#14640 = DIRECTION('',(0.,0.,1.));
#14641 = ADVANCED_FACE('',(#14642),#14661,.F.);
#14642 = FACE_BOUND('',#14643,.F.);
#14643 = EDGE_LOOP('',(#14644,#14645,#14654,#14660));
#14644 = ORIENTED_EDGE('',*,*,#12607,.T.);
#14645 = ORIENTED_EDGE('',*,*,#14646,.T.);
#14646 = EDGE_CURVE('',#12600,#14647,#14649,.T.);
#14647 = VERTEX_POINT('',#14648);
#14648 = CARTESIAN_POINT('',(-2.5,-1.495,0.425));
#14649 = CIRCLE('',#14650,0.1);
#14650 = AXIS2_PLACEMENT_3D('',#14651,#14652,#14653);
#14651 = CARTESIAN_POINT('',(-2.4,-1.495,0.425));
#14652 = DIRECTION('',(9.95799250103E-17,-1.,0.));
#14653 = DIRECTION('',(0.,0.,1.));
#14654 = ORIENTED_EDGE('',*,*,#14655,.F.);
#14655 = EDGE_CURVE('',#14425,#14647,#14656,.T.);
#14656 = LINE('',#14657,#14658);
#14657 = CARTESIAN_POINT('',(-2.5,-1.755,0.425));
#14658 = VECTOR('',#14659,1.);
#14659 = DIRECTION('',(-9.95799250103E-17,1.,0.));
#14660 = ORIENTED_EDGE('',*,*,#14424,.F.);
#14661 = CYLINDRICAL_SURFACE('',#14662,0.1);
#14662 = AXIS2_PLACEMENT_3D('',#14663,#14664,#14665);
#14663 = CARTESIAN_POINT('',(-2.4,-1.755,0.425));
#14664 = DIRECTION('',(9.95799250103E-17,-1.,0.));
#14665 = DIRECTION('',(0.,0.,1.));
#14666 = ADVANCED_FACE('',(#14667),#14745,.T.);
#14667 = FACE_BOUND('',#14668,.T.);
#14668 = EDGE_LOOP('',(#14669,#14670,#14671,#14672,#14680,#14689,#14697,
    #14705,#14713,#14722,#14730,#14739));
#14669 = ORIENTED_EDGE('',*,*,#12661,.T.);
#14670 = ORIENTED_EDGE('',*,*,#12599,.T.);
#14671 = ORIENTED_EDGE('',*,*,#14646,.T.);
#14672 = ORIENTED_EDGE('',*,*,#14673,.T.);
#14673 = EDGE_CURVE('',#14647,#14674,#14676,.T.);
#14674 = VERTEX_POINT('',#14675);
#14675 = CARTESIAN_POINT('',(-2.5,-1.495,0.25));
#14676 = LINE('',#14677,#14678);
#14677 = CARTESIAN_POINT('',(-2.5,-1.495,0.425));
#14678 = VECTOR('',#14679,1.);
#14679 = DIRECTION('',(-0.,0.,-1.));
#14680 = ORIENTED_EDGE('',*,*,#14681,.T.);
#14681 = EDGE_CURVE('',#14674,#14682,#14684,.T.);
#14682 = VERTEX_POINT('',#14683);
#14683 = CARTESIAN_POINT('',(-2.75,-1.495,1.110223024625E-16));
#14684 = CIRCLE('',#14685,0.25);
#14685 = AXIS2_PLACEMENT_3D('',#14686,#14687,#14688);
#14686 = CARTESIAN_POINT('',(-2.75,-1.495,0.25));
#14687 = DIRECTION('',(-9.95799250103E-17,1.,0.));
#14688 = DIRECTION('',(1.,9.95799250103E-17,-2.442490654175E-15));
#14689 = ORIENTED_EDGE('',*,*,#14690,.T.);
#14690 = EDGE_CURVE('',#14682,#14691,#14693,.T.);
#14691 = VERTEX_POINT('',#14692);
#14692 = CARTESIAN_POINT('',(-3.2,-1.495,1.110223024625E-16));
#14693 = LINE('',#14694,#14695);
#14694 = CARTESIAN_POINT('',(-2.75,-1.495,1.110223024625E-16));
#14695 = VECTOR('',#14696,1.);
#14696 = DIRECTION('',(-1.,-9.95799250103E-17,0.));
#14697 = ORIENTED_EDGE('',*,*,#14698,.T.);
#14698 = EDGE_CURVE('',#14691,#14699,#14701,.T.);
#14699 = VERTEX_POINT('',#14700);
#14700 = CARTESIAN_POINT('',(-3.2,-1.495,0.15));
#14701 = LINE('',#14702,#14703);
#14702 = CARTESIAN_POINT('',(-3.2,-1.495,1.110223024625E-16));
#14703 = VECTOR('',#14704,1.);
#14704 = DIRECTION('',(0.,0.,1.));
#14705 = ORIENTED_EDGE('',*,*,#14706,.T.);
#14706 = EDGE_CURVE('',#14699,#14707,#14709,.T.);
#14707 = VERTEX_POINT('',#14708);
#14708 = CARTESIAN_POINT('',(-2.75,-1.495,0.15));
#14709 = LINE('',#14710,#14711);
#14710 = CARTESIAN_POINT('',(-3.2,-1.495,0.15));
#14711 = VECTOR('',#14712,1.);
#14712 = DIRECTION('',(1.,9.95799250103E-17,0.));
#14713 = ORIENTED_EDGE('',*,*,#14714,.T.);
#14714 = EDGE_CURVE('',#14707,#14715,#14717,.T.);
#14715 = VERTEX_POINT('',#14716);
#14716 = CARTESIAN_POINT('',(-2.65,-1.495,0.25));
#14717 = CIRCLE('',#14718,0.1);
#14718 = AXIS2_PLACEMENT_3D('',#14719,#14720,#14721);
#14719 = CARTESIAN_POINT('',(-2.75,-1.495,0.25));
#14720 = DIRECTION('',(9.95799250103E-17,-1.,-0.));
#14721 = DIRECTION('',(-0.,0.,-1.));
#14722 = ORIENTED_EDGE('',*,*,#14723,.T.);
#14723 = EDGE_CURVE('',#14715,#14724,#14726,.T.);
#14724 = VERTEX_POINT('',#14725);
#14725 = CARTESIAN_POINT('',(-2.65,-1.495,0.425));
#14726 = LINE('',#14727,#14728);
#14727 = CARTESIAN_POINT('',(-2.65,-1.495,0.25));
#14728 = VECTOR('',#14729,1.);
#14729 = DIRECTION('',(0.,0.,1.));
#14730 = ORIENTED_EDGE('',*,*,#14731,.T.);
#14731 = EDGE_CURVE('',#14724,#14732,#14734,.T.);
#14732 = VERTEX_POINT('',#14733);
#14733 = CARTESIAN_POINT('',(-2.4,-1.495,0.675));
#14734 = CIRCLE('',#14735,0.25);
#14735 = AXIS2_PLACEMENT_3D('',#14736,#14737,#14738);
#14736 = CARTESIAN_POINT('',(-2.4,-1.495,0.425));
#14737 = DIRECTION('',(-9.95799250103E-17,1.,0.));
#14738 = DIRECTION('',(-1.,-9.95799250103E-17,2.22044604925E-15));
#14739 = ORIENTED_EDGE('',*,*,#14740,.T.);
#14740 = EDGE_CURVE('',#14732,#12662,#14741,.T.);
#14741 = LINE('',#14742,#14743);
#14742 = CARTESIAN_POINT('',(-2.4,-1.495,0.675));
#14743 = VECTOR('',#14744,1.);
#14744 = DIRECTION('',(1.,9.95799250103E-17,0.));
#14745 = PLANE('',#14746);
#14746 = AXIS2_PLACEMENT_3D('',#14747,#14748,#14749);
#14747 = CARTESIAN_POINT('',(-2.632923288131,-1.495,0.313172218985));
#14748 = DIRECTION('',(-9.95799250103E-17,1.,0.));
#14749 = DIRECTION('',(0.,0.,1.));
#14750 = ADVANCED_FACE('',(#14751),#14767,.T.);
#14751 = FACE_BOUND('',#14752,.T.);
#14752 = EDGE_LOOP('',(#14753,#14759,#14760,#14766));
#14753 = ORIENTED_EDGE('',*,*,#14754,.F.);
#14754 = EDGE_CURVE('',#12622,#13836,#14755,.T.);
#14755 = LINE('',#14756,#14757);
#14756 = CARTESIAN_POINT('',(-2.4,1.495,0.675));
#14757 = VECTOR('',#14758,1.);
#14758 = DIRECTION('',(1.,9.95799250103E-17,0.));
#14759 = ORIENTED_EDGE('',*,*,#12638,.T.);
#14760 = ORIENTED_EDGE('',*,*,#14761,.T.);
#14761 = EDGE_CURVE('',#12631,#13844,#14762,.T.);
#14762 = LINE('',#14763,#14764);
#14763 = CARTESIAN_POINT('',(-2.4,1.105,0.675));
#14764 = VECTOR('',#14765,1.);
#14765 = DIRECTION('',(1.,9.95799250103E-17,0.));
#14766 = ORIENTED_EDGE('',*,*,#13843,.F.);
#14767 = B_SPLINE_SURFACE_WITH_KNOTS('',1,1,(
    (#14768,#14769)
    ,(#14770,#14771
    )),.UNSPECIFIED.,.F.,.F.,.F.,(2,2),(2,2),(0.,5.),(0.,1.),
  .PIECEWISE_BEZIER_KNOTS.);
#14768 = CARTESIAN_POINT('',(-2.2,2.5,0.675));
#14769 = CARTESIAN_POINT('',(-2.15,2.45,0.675));
#14770 = CARTESIAN_POINT('',(-2.2,-2.5,0.675));
#14771 = CARTESIAN_POINT('',(-2.15,-2.45,0.675));
#14772 = ADVANCED_FACE('',(#14773),#14859,.T.);
#14773 = FACE_BOUND('',#14774,.T.);
#14774 = EDGE_LOOP('',(#14775,#14776,#14777,#14786,#14794,#14803,#14811,
    #14819,#14827,#14836,#14844,#14853));
#14775 = ORIENTED_EDGE('',*,*,#12630,.T.);
#14776 = ORIENTED_EDGE('',*,*,#12692,.T.);
#14777 = ORIENTED_EDGE('',*,*,#14778,.T.);
#14778 = EDGE_CURVE('',#12693,#14779,#14781,.T.);
#14779 = VERTEX_POINT('',#14780);
#14780 = CARTESIAN_POINT('',(-2.5,1.105,0.425));
#14781 = CIRCLE('',#14782,0.1);
#14782 = AXIS2_PLACEMENT_3D('',#14783,#14784,#14785);
#14783 = CARTESIAN_POINT('',(-2.4,1.105,0.425));
#14784 = DIRECTION('',(9.95799250103E-17,-1.,0.));
#14785 = DIRECTION('',(0.,0.,1.));
#14786 = ORIENTED_EDGE('',*,*,#14787,.T.);
#14787 = EDGE_CURVE('',#14779,#14788,#14790,.T.);
#14788 = VERTEX_POINT('',#14789);
#14789 = CARTESIAN_POINT('',(-2.5,1.105,0.25));
#14790 = LINE('',#14791,#14792);
#14791 = CARTESIAN_POINT('',(-2.5,1.105,0.425));
#14792 = VECTOR('',#14793,1.);
#14793 = DIRECTION('',(-0.,0.,-1.));
#14794 = ORIENTED_EDGE('',*,*,#14795,.T.);
#14795 = EDGE_CURVE('',#14788,#14796,#14798,.T.);
#14796 = VERTEX_POINT('',#14797);
#14797 = CARTESIAN_POINT('',(-2.75,1.105,1.110223024625E-16));
#14798 = CIRCLE('',#14799,0.25);
#14799 = AXIS2_PLACEMENT_3D('',#14800,#14801,#14802);
#14800 = CARTESIAN_POINT('',(-2.75,1.105,0.25));
#14801 = DIRECTION('',(-9.95799250103E-17,1.,0.));
#14802 = DIRECTION('',(1.,9.95799250103E-17,-2.442490654175E-15));
#14803 = ORIENTED_EDGE('',*,*,#14804,.T.);
#14804 = EDGE_CURVE('',#14796,#14805,#14807,.T.);
#14805 = VERTEX_POINT('',#14806);
#14806 = CARTESIAN_POINT('',(-3.2,1.105,1.110223024625E-16));
#14807 = LINE('',#14808,#14809);
#14808 = CARTESIAN_POINT('',(-2.75,1.105,1.110223024625E-16));
#14809 = VECTOR('',#14810,1.);
#14810 = DIRECTION('',(-1.,-9.95799250103E-17,0.));
#14811 = ORIENTED_EDGE('',*,*,#14812,.T.);
#14812 = EDGE_CURVE('',#14805,#14813,#14815,.T.);
#14813 = VERTEX_POINT('',#14814);
#14814 = CARTESIAN_POINT('',(-3.2,1.105,0.15));
#14815 = LINE('',#14816,#14817);
#14816 = CARTESIAN_POINT('',(-3.2,1.105,1.110223024625E-16));
#14817 = VECTOR('',#14818,1.);
#14818 = DIRECTION('',(0.,0.,1.));
#14819 = ORIENTED_EDGE('',*,*,#14820,.T.);
#14820 = EDGE_CURVE('',#14813,#14821,#14823,.T.);
#14821 = VERTEX_POINT('',#14822);
#14822 = CARTESIAN_POINT('',(-2.75,1.105,0.15));
#14823 = LINE('',#14824,#14825);
#14824 = CARTESIAN_POINT('',(-3.2,1.105,0.15));
#14825 = VECTOR('',#14826,1.);
#14826 = DIRECTION('',(1.,9.95799250103E-17,0.));
#14827 = ORIENTED_EDGE('',*,*,#14828,.T.);
#14828 = EDGE_CURVE('',#14821,#14829,#14831,.T.);
#14829 = VERTEX_POINT('',#14830);
#14830 = CARTESIAN_POINT('',(-2.65,1.105,0.25));
#14831 = CIRCLE('',#14832,0.1);
#14832 = AXIS2_PLACEMENT_3D('',#14833,#14834,#14835);
#14833 = CARTESIAN_POINT('',(-2.75,1.105,0.25));
#14834 = DIRECTION('',(9.95799250103E-17,-1.,-0.));
#14835 = DIRECTION('',(-0.,0.,-1.));
#14836 = ORIENTED_EDGE('',*,*,#14837,.T.);
#14837 = EDGE_CURVE('',#14829,#14838,#14840,.T.);
#14838 = VERTEX_POINT('',#14839);
#14839 = CARTESIAN_POINT('',(-2.65,1.105,0.425));
#14840 = LINE('',#14841,#14842);
#14841 = CARTESIAN_POINT('',(-2.65,1.105,0.25));
#14842 = VECTOR('',#14843,1.);
#14843 = DIRECTION('',(0.,0.,1.));
#14844 = ORIENTED_EDGE('',*,*,#14845,.T.);
#14845 = EDGE_CURVE('',#14838,#14846,#14848,.T.);
#14846 = VERTEX_POINT('',#14847);
#14847 = CARTESIAN_POINT('',(-2.4,1.105,0.675));
#14848 = CIRCLE('',#14849,0.25);
#14849 = AXIS2_PLACEMENT_3D('',#14850,#14851,#14852);
#14850 = CARTESIAN_POINT('',(-2.4,1.105,0.425));
#14851 = DIRECTION('',(-9.95799250103E-17,1.,0.));
#14852 = DIRECTION('',(-1.,-9.95799250103E-17,2.22044604925E-15));
#14853 = ORIENTED_EDGE('',*,*,#14854,.T.);
#14854 = EDGE_CURVE('',#14846,#12631,#14855,.T.);
#14855 = LINE('',#14856,#14857);
#14856 = CARTESIAN_POINT('',(-2.4,1.105,0.675));
#14857 = VECTOR('',#14858,1.);
#14858 = DIRECTION('',(1.,9.95799250103E-17,0.));
#14859 = PLANE('',#14860);
#14860 = AXIS2_PLACEMENT_3D('',#14861,#14862,#14863);
#14861 = CARTESIAN_POINT('',(-2.632923288131,1.105,0.313172218985));
#14862 = DIRECTION('',(-9.95799250103E-17,1.,0.));
#14863 = DIRECTION('',(0.,0.,1.));
#14864 = ADVANCED_FACE('',(#14865),#14951,.F.);
#14865 = FACE_BOUND('',#14866,.F.);
#14866 = EDGE_LOOP('',(#14867,#14868,#14869,#14878,#14886,#14895,#14903,
    #14911,#14919,#14928,#14936,#14945));
#14867 = ORIENTED_EDGE('',*,*,#12652,.T.);
#14868 = ORIENTED_EDGE('',*,*,#12714,.T.);
#14869 = ORIENTED_EDGE('',*,*,#14870,.T.);
#14870 = EDGE_CURVE('',#12715,#14871,#14873,.T.);
#14871 = VERTEX_POINT('',#14872);
#14872 = CARTESIAN_POINT('',(-2.5,-1.105,0.425));
#14873 = CIRCLE('',#14874,0.1);
#14874 = AXIS2_PLACEMENT_3D('',#14875,#14876,#14877);
#14875 = CARTESIAN_POINT('',(-2.4,-1.105,0.425));
#14876 = DIRECTION('',(9.95799250103E-17,-1.,0.));
#14877 = DIRECTION('',(0.,0.,1.));
#14878 = ORIENTED_EDGE('',*,*,#14879,.T.);
#14879 = EDGE_CURVE('',#14871,#14880,#14882,.T.);
#14880 = VERTEX_POINT('',#14881);
#14881 = CARTESIAN_POINT('',(-2.5,-1.105,0.25));
#14882 = LINE('',#14883,#14884);
#14883 = CARTESIAN_POINT('',(-2.5,-1.105,0.425));
#14884 = VECTOR('',#14885,1.);
#14885 = DIRECTION('',(-0.,0.,-1.));
#14886 = ORIENTED_EDGE('',*,*,#14887,.T.);
#14887 = EDGE_CURVE('',#14880,#14888,#14890,.T.);
#14888 = VERTEX_POINT('',#14889);
#14889 = CARTESIAN_POINT('',(-2.75,-1.105,1.110223024625E-16));
#14890 = CIRCLE('',#14891,0.25);
#14891 = AXIS2_PLACEMENT_3D('',#14892,#14893,#14894);
#14892 = CARTESIAN_POINT('',(-2.75,-1.105,0.25));
#14893 = DIRECTION('',(-9.95799250103E-17,1.,0.));
#14894 = DIRECTION('',(1.,9.95799250103E-17,-2.442490654175E-15));
#14895 = ORIENTED_EDGE('',*,*,#14896,.T.);
#14896 = EDGE_CURVE('',#14888,#14897,#14899,.T.);
#14897 = VERTEX_POINT('',#14898);
#14898 = CARTESIAN_POINT('',(-3.2,-1.105,1.110223024625E-16));
#14899 = LINE('',#14900,#14901);
#14900 = CARTESIAN_POINT('',(-2.75,-1.105,1.110223024625E-16));
#14901 = VECTOR('',#14902,1.);
#14902 = DIRECTION('',(-1.,-9.95799250103E-17,0.));
#14903 = ORIENTED_EDGE('',*,*,#14904,.T.);
#14904 = EDGE_CURVE('',#14897,#14905,#14907,.T.);
#14905 = VERTEX_POINT('',#14906);
#14906 = CARTESIAN_POINT('',(-3.2,-1.105,0.15));
#14907 = LINE('',#14908,#14909);
#14908 = CARTESIAN_POINT('',(-3.2,-1.105,1.110223024625E-16));
#14909 = VECTOR('',#14910,1.);
#14910 = DIRECTION('',(0.,0.,1.));
#14911 = ORIENTED_EDGE('',*,*,#14912,.T.);
#14912 = EDGE_CURVE('',#14905,#14913,#14915,.T.);
#14913 = VERTEX_POINT('',#14914);
#14914 = CARTESIAN_POINT('',(-2.75,-1.105,0.15));
#14915 = LINE('',#14916,#14917);
#14916 = CARTESIAN_POINT('',(-3.2,-1.105,0.15));
#14917 = VECTOR('',#14918,1.);
#14918 = DIRECTION('',(1.,9.95799250103E-17,0.));
#14919 = ORIENTED_EDGE('',*,*,#14920,.T.);
#14920 = EDGE_CURVE('',#14913,#14921,#14923,.T.);
#14921 = VERTEX_POINT('',#14922);
#14922 = CARTESIAN_POINT('',(-2.65,-1.105,0.25));
#14923 = CIRCLE('',#14924,0.1);
#14924 = AXIS2_PLACEMENT_3D('',#14925,#14926,#14927);
#14925 = CARTESIAN_POINT('',(-2.75,-1.105,0.25));
#14926 = DIRECTION('',(9.95799250103E-17,-1.,-0.));
#14927 = DIRECTION('',(-0.,0.,-1.));
#14928 = ORIENTED_EDGE('',*,*,#14929,.T.);
#14929 = EDGE_CURVE('',#14921,#14930,#14932,.T.);
#14930 = VERTEX_POINT('',#14931);
#14931 = CARTESIAN_POINT('',(-2.65,-1.105,0.425));
#14932 = LINE('',#14933,#14934);
#14933 = CARTESIAN_POINT('',(-2.65,-1.105,0.25));
#14934 = VECTOR('',#14935,1.);
#14935 = DIRECTION('',(0.,0.,1.));
#14936 = ORIENTED_EDGE('',*,*,#14937,.T.);
#14937 = EDGE_CURVE('',#14930,#14938,#14940,.T.);
#14938 = VERTEX_POINT('',#14939);
#14939 = CARTESIAN_POINT('',(-2.4,-1.105,0.675));
#14940 = CIRCLE('',#14941,0.25);
#14941 = AXIS2_PLACEMENT_3D('',#14942,#14943,#14944);
#14942 = CARTESIAN_POINT('',(-2.4,-1.105,0.425));
#14943 = DIRECTION('',(-9.95799250103E-17,1.,0.));
#14944 = DIRECTION('',(-1.,-9.95799250103E-17,2.22044604925E-15));
#14945 = ORIENTED_EDGE('',*,*,#14946,.T.);
#14946 = EDGE_CURVE('',#14938,#12653,#14947,.T.);
#14947 = LINE('',#14948,#14949);
#14948 = CARTESIAN_POINT('',(-2.4,-1.105,0.675));
#14949 = VECTOR('',#14950,1.);
#14950 = DIRECTION('',(1.,9.95799250103E-17,0.));
#14951 = PLANE('',#14952);
#14952 = AXIS2_PLACEMENT_3D('',#14953,#14954,#14955);
#14953 = CARTESIAN_POINT('',(-2.632923288131,-1.105,0.313172218985));
#14954 = DIRECTION('',(-9.95799250103E-17,1.,0.));
#14955 = DIRECTION('',(0.,0.,1.));
#14956 = ADVANCED_FACE('',(#14957),#14973,.T.);
#14957 = FACE_BOUND('',#14958,.T.);
#14958 = EDGE_LOOP('',(#14959,#14965,#14966,#14972));
#14959 = ORIENTED_EDGE('',*,*,#14960,.F.);
#14960 = EDGE_CURVE('',#12653,#13900,#14961,.T.);
#14961 = LINE('',#14962,#14963);
#14962 = CARTESIAN_POINT('',(-2.4,-1.105,0.675));
#14963 = VECTOR('',#14964,1.);
#14964 = DIRECTION('',(1.,9.95799250103E-17,0.));
#14965 = ORIENTED_EDGE('',*,*,#12669,.T.);
#14966 = ORIENTED_EDGE('',*,*,#14967,.T.);
#14967 = EDGE_CURVE('',#12662,#13908,#14968,.T.);
#14968 = LINE('',#14969,#14970);
#14969 = CARTESIAN_POINT('',(-2.4,-1.495,0.675));
#14970 = VECTOR('',#14971,1.);
#14971 = DIRECTION('',(1.,9.95799250103E-17,0.));
#14972 = ORIENTED_EDGE('',*,*,#13907,.F.);
#14973 = B_SPLINE_SURFACE_WITH_KNOTS('',1,1,(
    (#14974,#14975)
    ,(#14976,#14977
    )),.UNSPECIFIED.,.F.,.F.,.F.,(2,2),(2,2),(0.,5.),(0.,1.),
  .PIECEWISE_BEZIER_KNOTS.);
#14974 = CARTESIAN_POINT('',(-2.2,2.5,0.675));
#14975 = CARTESIAN_POINT('',(-2.15,2.45,0.675));
#14976 = CARTESIAN_POINT('',(-2.2,-2.5,0.675));
#14977 = CARTESIAN_POINT('',(-2.15,-2.45,0.675));
#14978 = ADVANCED_FACE('',(#14979),#15065,.F.);
#14979 = FACE_BOUND('',#14980,.F.);
#14980 = EDGE_LOOP('',(#14981,#14982,#14983,#14992,#15000,#15009,#15017,
    #15025,#15033,#15042,#15050,#15059));
#14981 = ORIENTED_EDGE('',*,*,#12745,.T.);
#14982 = ORIENTED_EDGE('',*,*,#12683,.T.);
#14983 = ORIENTED_EDGE('',*,*,#14984,.T.);
#14984 = EDGE_CURVE('',#12684,#14985,#14987,.T.);
#14985 = VERTEX_POINT('',#14986);
#14986 = CARTESIAN_POINT('',(-2.5,0.845,0.425));
#14987 = CIRCLE('',#14988,0.1);
#14988 = AXIS2_PLACEMENT_3D('',#14989,#14990,#14991);
#14989 = CARTESIAN_POINT('',(-2.4,0.845,0.425));
#14990 = DIRECTION('',(9.95799250103E-17,-1.,0.));
#14991 = DIRECTION('',(0.,0.,1.));
#14992 = ORIENTED_EDGE('',*,*,#14993,.T.);
#14993 = EDGE_CURVE('',#14985,#14994,#14996,.T.);
#14994 = VERTEX_POINT('',#14995);
#14995 = CARTESIAN_POINT('',(-2.5,0.845,0.25));
#14996 = LINE('',#14997,#14998);
#14997 = CARTESIAN_POINT('',(-2.5,0.845,0.425));
#14998 = VECTOR('',#14999,1.);
#14999 = DIRECTION('',(-0.,0.,-1.));
#15000 = ORIENTED_EDGE('',*,*,#15001,.T.);
#15001 = EDGE_CURVE('',#14994,#15002,#15004,.T.);
#15002 = VERTEX_POINT('',#15003);
#15003 = CARTESIAN_POINT('',(-2.75,0.845,1.110223024625E-16));
#15004 = CIRCLE('',#15005,0.25);
#15005 = AXIS2_PLACEMENT_3D('',#15006,#15007,#15008);
#15006 = CARTESIAN_POINT('',(-2.75,0.845,0.25));
#15007 = DIRECTION('',(-9.95799250103E-17,1.,0.));
#15008 = DIRECTION('',(1.,9.95799250103E-17,-2.442490654175E-15));
#15009 = ORIENTED_EDGE('',*,*,#15010,.T.);
#15010 = EDGE_CURVE('',#15002,#15011,#15013,.T.);
#15011 = VERTEX_POINT('',#15012);
#15012 = CARTESIAN_POINT('',(-3.2,0.845,1.110223024625E-16));
#15013 = LINE('',#15014,#15015);
#15014 = CARTESIAN_POINT('',(-2.75,0.845,1.110223024625E-16));
#15015 = VECTOR('',#15016,1.);
#15016 = DIRECTION('',(-1.,-9.95799250103E-17,0.));
#15017 = ORIENTED_EDGE('',*,*,#15018,.T.);
#15018 = EDGE_CURVE('',#15011,#15019,#15021,.T.);
#15019 = VERTEX_POINT('',#15020);
#15020 = CARTESIAN_POINT('',(-3.2,0.845,0.15));
#15021 = LINE('',#15022,#15023);
#15022 = CARTESIAN_POINT('',(-3.2,0.845,1.110223024625E-16));
#15023 = VECTOR('',#15024,1.);
#15024 = DIRECTION('',(0.,0.,1.));
#15025 = ORIENTED_EDGE('',*,*,#15026,.T.);
#15026 = EDGE_CURVE('',#15019,#15027,#15029,.T.);
#15027 = VERTEX_POINT('',#15028);
#15028 = CARTESIAN_POINT('',(-2.75,0.845,0.15));
#15029 = LINE('',#15030,#15031);
#15030 = CARTESIAN_POINT('',(-3.2,0.845,0.15));
#15031 = VECTOR('',#15032,1.);
#15032 = DIRECTION('',(1.,9.95799250103E-17,0.));
#15033 = ORIENTED_EDGE('',*,*,#15034,.T.);
#15034 = EDGE_CURVE('',#15027,#15035,#15037,.T.);
#15035 = VERTEX_POINT('',#15036);
#15036 = CARTESIAN_POINT('',(-2.65,0.845,0.25));
#15037 = CIRCLE('',#15038,0.1);
#15038 = AXIS2_PLACEMENT_3D('',#15039,#15040,#15041);
#15039 = CARTESIAN_POINT('',(-2.75,0.845,0.25));
#15040 = DIRECTION('',(9.95799250103E-17,-1.,-0.));
#15041 = DIRECTION('',(-0.,0.,-1.));
#15042 = ORIENTED_EDGE('',*,*,#15043,.T.);
#15043 = EDGE_CURVE('',#15035,#15044,#15046,.T.);
#15044 = VERTEX_POINT('',#15045);
#15045 = CARTESIAN_POINT('',(-2.65,0.845,0.425));
#15046 = LINE('',#15047,#15048);
#15047 = CARTESIAN_POINT('',(-2.65,0.845,0.25));
#15048 = VECTOR('',#15049,1.);
#15049 = DIRECTION('',(0.,0.,1.));
#15050 = ORIENTED_EDGE('',*,*,#15051,.T.);
#15051 = EDGE_CURVE('',#15044,#15052,#15054,.T.);
#15052 = VERTEX_POINT('',#15053);
#15053 = CARTESIAN_POINT('',(-2.4,0.845,0.675));
#15054 = CIRCLE('',#15055,0.25);
#15055 = AXIS2_PLACEMENT_3D('',#15056,#15057,#15058);
#15056 = CARTESIAN_POINT('',(-2.4,0.845,0.425));
#15057 = DIRECTION('',(-9.95799250103E-17,1.,0.));
#15058 = DIRECTION('',(-1.,-9.95799250103E-17,2.22044604925E-15));
#15059 = ORIENTED_EDGE('',*,*,#15060,.T.);
#15060 = EDGE_CURVE('',#15052,#12746,#15061,.T.);
#15061 = LINE('',#15062,#15063);
#15062 = CARTESIAN_POINT('',(-2.4,0.845,0.675));
#15063 = VECTOR('',#15064,1.);
#15064 = DIRECTION('',(1.,9.95799250103E-17,0.));
#15065 = PLANE('',#15066);
#15066 = AXIS2_PLACEMENT_3D('',#15067,#15068,#15069);
#15067 = CARTESIAN_POINT('',(-2.632923288131,0.845,0.313172218985));
#15068 = DIRECTION('',(-9.95799250103E-17,1.,0.));
#15069 = DIRECTION('',(0.,0.,1.));
#15070 = ADVANCED_FACE('',(#15071),#15082,.F.);
#15071 = FACE_BOUND('',#15072,.F.);
#15072 = EDGE_LOOP('',(#15073,#15074,#15075,#15081));
#15073 = ORIENTED_EDGE('',*,*,#12700,.T.);
#15074 = ORIENTED_EDGE('',*,*,#14778,.T.);
#15075 = ORIENTED_EDGE('',*,*,#15076,.F.);
#15076 = EDGE_CURVE('',#14985,#14779,#15077,.T.);
#15077 = LINE('',#15078,#15079);
#15078 = CARTESIAN_POINT('',(-2.5,0.845,0.425));
#15079 = VECTOR('',#15080,1.);
#15080 = DIRECTION('',(-9.95799250103E-17,1.,0.));
#15081 = ORIENTED_EDGE('',*,*,#14984,.F.);
#15082 = CYLINDRICAL_SURFACE('',#15083,0.1);
#15083 = AXIS2_PLACEMENT_3D('',#15084,#15085,#15086);
#15084 = CARTESIAN_POINT('',(-2.4,0.845,0.425));
#15085 = DIRECTION('',(9.95799250103E-17,-1.,0.));
#15086 = DIRECTION('',(0.,0.,1.));
#15087 = ADVANCED_FACE('',(#15088),#15107,.F.);
#15088 = FACE_BOUND('',#15089,.F.);
#15089 = EDGE_LOOP('',(#15090,#15091,#15100,#15106));
#15090 = ORIENTED_EDGE('',*,*,#12731,.T.);
#15091 = ORIENTED_EDGE('',*,*,#15092,.T.);
#15092 = EDGE_CURVE('',#12724,#15093,#15095,.T.);
#15093 = VERTEX_POINT('',#15094);
#15094 = CARTESIAN_POINT('',(-2.5,-0.845,0.425));
#15095 = CIRCLE('',#15096,0.1);
#15096 = AXIS2_PLACEMENT_3D('',#15097,#15098,#15099);
#15097 = CARTESIAN_POINT('',(-2.4,-0.845,0.425));
#15098 = DIRECTION('',(9.95799250103E-17,-1.,0.));
#15099 = DIRECTION('',(0.,0.,1.));
#15100 = ORIENTED_EDGE('',*,*,#15101,.F.);
#15101 = EDGE_CURVE('',#14871,#15093,#15102,.T.);
#15102 = LINE('',#15103,#15104);
#15103 = CARTESIAN_POINT('',(-2.5,-1.105,0.425));
#15104 = VECTOR('',#15105,1.);
#15105 = DIRECTION('',(-9.95799250103E-17,1.,0.));
#15106 = ORIENTED_EDGE('',*,*,#14870,.F.);
#15107 = CYLINDRICAL_SURFACE('',#15108,0.1);
#15108 = AXIS2_PLACEMENT_3D('',#15109,#15110,#15111);
#15109 = CARTESIAN_POINT('',(-2.4,-1.105,0.425));
#15110 = DIRECTION('',(9.95799250103E-17,-1.,0.));
#15111 = DIRECTION('',(0.,0.,1.));
#15112 = ADVANCED_FACE('',(#15113),#15191,.T.);
#15113 = FACE_BOUND('',#15114,.T.);
#15114 = EDGE_LOOP('',(#15115,#15116,#15117,#15118,#15126,#15135,#15143,
    #15151,#15159,#15168,#15176,#15185));
#15115 = ORIENTED_EDGE('',*,*,#12785,.T.);
#15116 = ORIENTED_EDGE('',*,*,#12723,.T.);
#15117 = ORIENTED_EDGE('',*,*,#15092,.T.);
#15118 = ORIENTED_EDGE('',*,*,#15119,.T.);
#15119 = EDGE_CURVE('',#15093,#15120,#15122,.T.);
#15120 = VERTEX_POINT('',#15121);
#15121 = CARTESIAN_POINT('',(-2.5,-0.845,0.25));
#15122 = LINE('',#15123,#15124);
#15123 = CARTESIAN_POINT('',(-2.5,-0.845,0.425));
#15124 = VECTOR('',#15125,1.);
#15125 = DIRECTION('',(-0.,0.,-1.));
#15126 = ORIENTED_EDGE('',*,*,#15127,.T.);
#15127 = EDGE_CURVE('',#15120,#15128,#15130,.T.);
#15128 = VERTEX_POINT('',#15129);
#15129 = CARTESIAN_POINT('',(-2.75,-0.845,1.110223024625E-16));
#15130 = CIRCLE('',#15131,0.25);
#15131 = AXIS2_PLACEMENT_3D('',#15132,#15133,#15134);
#15132 = CARTESIAN_POINT('',(-2.75,-0.845,0.25));
#15133 = DIRECTION('',(-9.95799250103E-17,1.,0.));
#15134 = DIRECTION('',(1.,9.95799250103E-17,-2.442490654175E-15));
#15135 = ORIENTED_EDGE('',*,*,#15136,.T.);
#15136 = EDGE_CURVE('',#15128,#15137,#15139,.T.);
#15137 = VERTEX_POINT('',#15138);
#15138 = CARTESIAN_POINT('',(-3.2,-0.845,1.110223024625E-16));
#15139 = LINE('',#15140,#15141);
#15140 = CARTESIAN_POINT('',(-2.75,-0.845,1.110223024625E-16));
#15141 = VECTOR('',#15142,1.);
#15142 = DIRECTION('',(-1.,-9.95799250103E-17,0.));
#15143 = ORIENTED_EDGE('',*,*,#15144,.T.);
#15144 = EDGE_CURVE('',#15137,#15145,#15147,.T.);
#15145 = VERTEX_POINT('',#15146);
#15146 = CARTESIAN_POINT('',(-3.2,-0.845,0.15));
#15147 = LINE('',#15148,#15149);
#15148 = CARTESIAN_POINT('',(-3.2,-0.845,1.110223024625E-16));
#15149 = VECTOR('',#15150,1.);
#15150 = DIRECTION('',(0.,0.,1.));
#15151 = ORIENTED_EDGE('',*,*,#15152,.T.);
#15152 = EDGE_CURVE('',#15145,#15153,#15155,.T.);
#15153 = VERTEX_POINT('',#15154);
#15154 = CARTESIAN_POINT('',(-2.75,-0.845,0.15));
#15155 = LINE('',#15156,#15157);
#15156 = CARTESIAN_POINT('',(-3.2,-0.845,0.15));
#15157 = VECTOR('',#15158,1.);
#15158 = DIRECTION('',(1.,9.95799250103E-17,0.));
#15159 = ORIENTED_EDGE('',*,*,#15160,.T.);
#15160 = EDGE_CURVE('',#15153,#15161,#15163,.T.);
#15161 = VERTEX_POINT('',#15162);
#15162 = CARTESIAN_POINT('',(-2.65,-0.845,0.25));
#15163 = CIRCLE('',#15164,0.1);
#15164 = AXIS2_PLACEMENT_3D('',#15165,#15166,#15167);
#15165 = CARTESIAN_POINT('',(-2.75,-0.845,0.25));
#15166 = DIRECTION('',(9.95799250103E-17,-1.,-0.));
#15167 = DIRECTION('',(-0.,0.,-1.));
#15168 = ORIENTED_EDGE('',*,*,#15169,.T.);
#15169 = EDGE_CURVE('',#15161,#15170,#15172,.T.);
#15170 = VERTEX_POINT('',#15171);
#15171 = CARTESIAN_POINT('',(-2.65,-0.845,0.425));
#15172 = LINE('',#15173,#15174);
#15173 = CARTESIAN_POINT('',(-2.65,-0.845,0.25));
#15174 = VECTOR('',#15175,1.);
#15175 = DIRECTION('',(0.,0.,1.));
#15176 = ORIENTED_EDGE('',*,*,#15177,.T.);
#15177 = EDGE_CURVE('',#15170,#15178,#15180,.T.);
#15178 = VERTEX_POINT('',#15179);
#15179 = CARTESIAN_POINT('',(-2.4,-0.845,0.675));
#15180 = CIRCLE('',#15181,0.25);
#15181 = AXIS2_PLACEMENT_3D('',#15182,#15183,#15184);
#15182 = CARTESIAN_POINT('',(-2.4,-0.845,0.425));
#15183 = DIRECTION('',(-9.95799250103E-17,1.,0.));
#15184 = DIRECTION('',(-1.,-9.95799250103E-17,2.22044604925E-15));
#15185 = ORIENTED_EDGE('',*,*,#15186,.T.);
#15186 = EDGE_CURVE('',#15178,#12786,#15187,.T.);
#15187 = LINE('',#15188,#15189);
#15188 = CARTESIAN_POINT('',(-2.4,-0.845,0.675));
#15189 = VECTOR('',#15190,1.);
#15190 = DIRECTION('',(1.,9.95799250103E-17,0.));
#15191 = PLANE('',#15192);
#15192 = AXIS2_PLACEMENT_3D('',#15193,#15194,#15195);
#15193 = CARTESIAN_POINT('',(-2.632923288131,-0.845,0.313172218985));
#15194 = DIRECTION('',(-9.95799250103E-17,1.,0.));
#15195 = DIRECTION('',(0.,0.,1.));
#15196 = ADVANCED_FACE('',(#15197),#15213,.T.);
#15197 = FACE_BOUND('',#15198,.T.);
#15198 = EDGE_LOOP('',(#15199,#15205,#15206,#15212));
#15199 = ORIENTED_EDGE('',*,*,#15200,.F.);
#15200 = EDGE_CURVE('',#12746,#13852,#15201,.T.);
#15201 = LINE('',#15202,#15203);
#15202 = CARTESIAN_POINT('',(-2.4,0.845,0.675));
#15203 = VECTOR('',#15204,1.);
#15204 = DIRECTION('',(1.,9.95799250103E-17,0.));
#15205 = ORIENTED_EDGE('',*,*,#12762,.T.);
#15206 = ORIENTED_EDGE('',*,*,#15207,.T.);
#15207 = EDGE_CURVE('',#12755,#13860,#15208,.T.);
#15208 = LINE('',#15209,#15210);
#15209 = CARTESIAN_POINT('',(-2.4,0.455,0.675));
#15210 = VECTOR('',#15211,1.);
#15211 = DIRECTION('',(1.,9.95799250103E-17,0.));
#15212 = ORIENTED_EDGE('',*,*,#13859,.F.);
#15213 = B_SPLINE_SURFACE_WITH_KNOTS('',1,1,(
    (#15214,#15215)
    ,(#15216,#15217
    )),.UNSPECIFIED.,.F.,.F.,.F.,(2,2),(2,2),(0.,5.),(0.,1.),
  .PIECEWISE_BEZIER_KNOTS.);
#15214 = CARTESIAN_POINT('',(-2.2,2.5,0.675));
#15215 = CARTESIAN_POINT('',(-2.15,2.45,0.675));
#15216 = CARTESIAN_POINT('',(-2.2,-2.5,0.675));
#15217 = CARTESIAN_POINT('',(-2.15,-2.45,0.675));
#15218 = ADVANCED_FACE('',(#15219),#15305,.T.);
#15219 = FACE_BOUND('',#15220,.T.);
#15220 = EDGE_LOOP('',(#15221,#15222,#15223,#15232,#15240,#15249,#15257,
    #15265,#15273,#15282,#15290,#15299));
#15221 = ORIENTED_EDGE('',*,*,#12754,.T.);
#15222 = ORIENTED_EDGE('',*,*,#12816,.T.);
#15223 = ORIENTED_EDGE('',*,*,#15224,.T.);
#15224 = EDGE_CURVE('',#12817,#15225,#15227,.T.);
#15225 = VERTEX_POINT('',#15226);
#15226 = CARTESIAN_POINT('',(-2.5,0.455,0.425));
#15227 = CIRCLE('',#15228,0.1);
#15228 = AXIS2_PLACEMENT_3D('',#15229,#15230,#15231);
#15229 = CARTESIAN_POINT('',(-2.4,0.455,0.425));
#15230 = DIRECTION('',(9.95799250103E-17,-1.,0.));
#15231 = DIRECTION('',(0.,0.,1.));
#15232 = ORIENTED_EDGE('',*,*,#15233,.T.);
#15233 = EDGE_CURVE('',#15225,#15234,#15236,.T.);
#15234 = VERTEX_POINT('',#15235);
#15235 = CARTESIAN_POINT('',(-2.5,0.455,0.25));
#15236 = LINE('',#15237,#15238);
#15237 = CARTESIAN_POINT('',(-2.5,0.455,0.425));
#15238 = VECTOR('',#15239,1.);
#15239 = DIRECTION('',(-0.,0.,-1.));
#15240 = ORIENTED_EDGE('',*,*,#15241,.T.);
#15241 = EDGE_CURVE('',#15234,#15242,#15244,.T.);
#15242 = VERTEX_POINT('',#15243);
#15243 = CARTESIAN_POINT('',(-2.75,0.455,1.110223024625E-16));
#15244 = CIRCLE('',#15245,0.25);
#15245 = AXIS2_PLACEMENT_3D('',#15246,#15247,#15248);
#15246 = CARTESIAN_POINT('',(-2.75,0.455,0.25));
#15247 = DIRECTION('',(-9.95799250103E-17,1.,0.));
#15248 = DIRECTION('',(1.,9.95799250103E-17,-2.442490654175E-15));
#15249 = ORIENTED_EDGE('',*,*,#15250,.T.);
#15250 = EDGE_CURVE('',#15242,#15251,#15253,.T.);
#15251 = VERTEX_POINT('',#15252);
#15252 = CARTESIAN_POINT('',(-3.2,0.455,1.110223024625E-16));
#15253 = LINE('',#15254,#15255);
#15254 = CARTESIAN_POINT('',(-2.75,0.455,1.110223024625E-16));
#15255 = VECTOR('',#15256,1.);
#15256 = DIRECTION('',(-1.,-9.95799250103E-17,0.));
#15257 = ORIENTED_EDGE('',*,*,#15258,.T.);
#15258 = EDGE_CURVE('',#15251,#15259,#15261,.T.);
#15259 = VERTEX_POINT('',#15260);
#15260 = CARTESIAN_POINT('',(-3.2,0.455,0.15));
#15261 = LINE('',#15262,#15263);
#15262 = CARTESIAN_POINT('',(-3.2,0.455,1.110223024625E-16));
#15263 = VECTOR('',#15264,1.);
#15264 = DIRECTION('',(0.,0.,1.));
#15265 = ORIENTED_EDGE('',*,*,#15266,.T.);
#15266 = EDGE_CURVE('',#15259,#15267,#15269,.T.);
#15267 = VERTEX_POINT('',#15268);
#15268 = CARTESIAN_POINT('',(-2.75,0.455,0.15));
#15269 = LINE('',#15270,#15271);
#15270 = CARTESIAN_POINT('',(-3.2,0.455,0.15));
#15271 = VECTOR('',#15272,1.);
#15272 = DIRECTION('',(1.,9.95799250103E-17,0.));
#15273 = ORIENTED_EDGE('',*,*,#15274,.T.);
#15274 = EDGE_CURVE('',#15267,#15275,#15277,.T.);
#15275 = VERTEX_POINT('',#15276);
#15276 = CARTESIAN_POINT('',(-2.65,0.455,0.25));
#15277 = CIRCLE('',#15278,0.1);
#15278 = AXIS2_PLACEMENT_3D('',#15279,#15280,#15281);
#15279 = CARTESIAN_POINT('',(-2.75,0.455,0.25));
#15280 = DIRECTION('',(9.95799250103E-17,-1.,-0.));
#15281 = DIRECTION('',(-0.,0.,-1.));
#15282 = ORIENTED_EDGE('',*,*,#15283,.T.);
#15283 = EDGE_CURVE('',#15275,#15284,#15286,.T.);
#15284 = VERTEX_POINT('',#15285);
#15285 = CARTESIAN_POINT('',(-2.65,0.455,0.425));
#15286 = LINE('',#15287,#15288);
#15287 = CARTESIAN_POINT('',(-2.65,0.455,0.25));
#15288 = VECTOR('',#15289,1.);
#15289 = DIRECTION('',(0.,0.,1.));
#15290 = ORIENTED_EDGE('',*,*,#15291,.T.);
#15291 = EDGE_CURVE('',#15284,#15292,#15294,.T.);
#15292 = VERTEX_POINT('',#15293);
#15293 = CARTESIAN_POINT('',(-2.4,0.455,0.675));
#15294 = CIRCLE('',#15295,0.25);
#15295 = AXIS2_PLACEMENT_3D('',#15296,#15297,#15298);
#15296 = CARTESIAN_POINT('',(-2.4,0.455,0.425));
#15297 = DIRECTION('',(-9.95799250103E-17,1.,0.));
#15298 = DIRECTION('',(-1.,-9.95799250103E-17,2.22044604925E-15));
#15299 = ORIENTED_EDGE('',*,*,#15300,.T.);
#15300 = EDGE_CURVE('',#15292,#12755,#15301,.T.);
#15301 = LINE('',#15302,#15303);
#15302 = CARTESIAN_POINT('',(-2.4,0.455,0.675));
#15303 = VECTOR('',#15304,1.);
#15304 = DIRECTION('',(1.,9.95799250103E-17,0.));
#15305 = PLANE('',#15306);
#15306 = AXIS2_PLACEMENT_3D('',#15307,#15308,#15309);
#15307 = CARTESIAN_POINT('',(-2.632923288131,0.455,0.313172218985));
#15308 = DIRECTION('',(-9.95799250103E-17,1.,0.));
#15309 = DIRECTION('',(0.,0.,1.));
#15310 = ADVANCED_FACE('',(#15311),#15397,.F.);
#15311 = FACE_BOUND('',#15312,.F.);
#15312 = EDGE_LOOP('',(#15313,#15314,#15315,#15324,#15332,#15341,#15349,
    #15357,#15365,#15374,#15382,#15391));
#15313 = ORIENTED_EDGE('',*,*,#12776,.T.);
#15314 = ORIENTED_EDGE('',*,*,#12838,.T.);
#15315 = ORIENTED_EDGE('',*,*,#15316,.T.);
#15316 = EDGE_CURVE('',#12839,#15317,#15319,.T.);
#15317 = VERTEX_POINT('',#15318);
#15318 = CARTESIAN_POINT('',(-2.5,-0.455,0.425));
#15319 = CIRCLE('',#15320,0.1);
#15320 = AXIS2_PLACEMENT_3D('',#15321,#15322,#15323);
#15321 = CARTESIAN_POINT('',(-2.4,-0.455,0.425));
#15322 = DIRECTION('',(9.95799250103E-17,-1.,0.));
#15323 = DIRECTION('',(0.,0.,1.));
#15324 = ORIENTED_EDGE('',*,*,#15325,.T.);
#15325 = EDGE_CURVE('',#15317,#15326,#15328,.T.);
#15326 = VERTEX_POINT('',#15327);
#15327 = CARTESIAN_POINT('',(-2.5,-0.455,0.25));
#15328 = LINE('',#15329,#15330);
#15329 = CARTESIAN_POINT('',(-2.5,-0.455,0.425));
#15330 = VECTOR('',#15331,1.);
#15331 = DIRECTION('',(-0.,0.,-1.));
#15332 = ORIENTED_EDGE('',*,*,#15333,.T.);
#15333 = EDGE_CURVE('',#15326,#15334,#15336,.T.);
#15334 = VERTEX_POINT('',#15335);
#15335 = CARTESIAN_POINT('',(-2.75,-0.455,1.110223024625E-16));
#15336 = CIRCLE('',#15337,0.25);
#15337 = AXIS2_PLACEMENT_3D('',#15338,#15339,#15340);
#15338 = CARTESIAN_POINT('',(-2.75,-0.455,0.25));
#15339 = DIRECTION('',(-9.95799250103E-17,1.,0.));
#15340 = DIRECTION('',(1.,9.95799250103E-17,-2.442490654175E-15));
#15341 = ORIENTED_EDGE('',*,*,#15342,.T.);
#15342 = EDGE_CURVE('',#15334,#15343,#15345,.T.);
#15343 = VERTEX_POINT('',#15344);
#15344 = CARTESIAN_POINT('',(-3.2,-0.455,1.110223024625E-16));
#15345 = LINE('',#15346,#15347);
#15346 = CARTESIAN_POINT('',(-2.75,-0.455,1.110223024625E-16));
#15347 = VECTOR('',#15348,1.);
#15348 = DIRECTION('',(-1.,-9.95799250103E-17,0.));
#15349 = ORIENTED_EDGE('',*,*,#15350,.T.);
#15350 = EDGE_CURVE('',#15343,#15351,#15353,.T.);
#15351 = VERTEX_POINT('',#15352);
#15352 = CARTESIAN_POINT('',(-3.2,-0.455,0.15));
#15353 = LINE('',#15354,#15355);
#15354 = CARTESIAN_POINT('',(-3.2,-0.455,1.110223024625E-16));
#15355 = VECTOR('',#15356,1.);
#15356 = DIRECTION('',(0.,0.,1.));
#15357 = ORIENTED_EDGE('',*,*,#15358,.T.);
#15358 = EDGE_CURVE('',#15351,#15359,#15361,.T.);
#15359 = VERTEX_POINT('',#15360);
#15360 = CARTESIAN_POINT('',(-2.75,-0.455,0.15));
#15361 = LINE('',#15362,#15363);
#15362 = CARTESIAN_POINT('',(-3.2,-0.455,0.15));
#15363 = VECTOR('',#15364,1.);
#15364 = DIRECTION('',(1.,9.95799250103E-17,0.));
#15365 = ORIENTED_EDGE('',*,*,#15366,.T.);
#15366 = EDGE_CURVE('',#15359,#15367,#15369,.T.);
#15367 = VERTEX_POINT('',#15368);
#15368 = CARTESIAN_POINT('',(-2.65,-0.455,0.25));
#15369 = CIRCLE('',#15370,0.1);
#15370 = AXIS2_PLACEMENT_3D('',#15371,#15372,#15373);
#15371 = CARTESIAN_POINT('',(-2.75,-0.455,0.25));
#15372 = DIRECTION('',(9.95799250103E-17,-1.,-0.));
#15373 = DIRECTION('',(-0.,0.,-1.));
#15374 = ORIENTED_EDGE('',*,*,#15375,.T.);
#15375 = EDGE_CURVE('',#15367,#15376,#15378,.T.);
#15376 = VERTEX_POINT('',#15377);
#15377 = CARTESIAN_POINT('',(-2.65,-0.455,0.425));
#15378 = LINE('',#15379,#15380);
#15379 = CARTESIAN_POINT('',(-2.65,-0.455,0.25));
#15380 = VECTOR('',#15381,1.);
#15381 = DIRECTION('',(0.,0.,1.));
#15382 = ORIENTED_EDGE('',*,*,#15383,.T.);
#15383 = EDGE_CURVE('',#15376,#15384,#15386,.T.);
#15384 = VERTEX_POINT('',#15385);
#15385 = CARTESIAN_POINT('',(-2.4,-0.455,0.675));
#15386 = CIRCLE('',#15387,0.25);
#15387 = AXIS2_PLACEMENT_3D('',#15388,#15389,#15390);
#15388 = CARTESIAN_POINT('',(-2.4,-0.455,0.425));
#15389 = DIRECTION('',(-9.95799250103E-17,1.,0.));
#15390 = DIRECTION('',(-1.,-9.95799250103E-17,2.22044604925E-15));
#15391 = ORIENTED_EDGE('',*,*,#15392,.T.);
#15392 = EDGE_CURVE('',#15384,#12777,#15393,.T.);
#15393 = LINE('',#15394,#15395);
#15394 = CARTESIAN_POINT('',(-2.4,-0.455,0.675));
#15395 = VECTOR('',#15396,1.);
#15396 = DIRECTION('',(1.,9.95799250103E-17,0.));
#15397 = PLANE('',#15398);
#15398 = AXIS2_PLACEMENT_3D('',#15399,#15400,#15401);
#15399 = CARTESIAN_POINT('',(-2.632923288131,-0.455,0.313172218985));
#15400 = DIRECTION('',(-9.95799250103E-17,1.,0.));
#15401 = DIRECTION('',(0.,0.,1.));
#15402 = ADVANCED_FACE('',(#15403),#15419,.T.);
#15403 = FACE_BOUND('',#15404,.T.);
#15404 = EDGE_LOOP('',(#15405,#15411,#15412,#15418));
#15405 = ORIENTED_EDGE('',*,*,#15406,.F.);
#15406 = EDGE_CURVE('',#12777,#13884,#15407,.T.);
#15407 = LINE('',#15408,#15409);
#15408 = CARTESIAN_POINT('',(-2.4,-0.455,0.675));
#15409 = VECTOR('',#15410,1.);
#15410 = DIRECTION('',(1.,9.95799250103E-17,0.));
#15411 = ORIENTED_EDGE('',*,*,#12793,.T.);
#15412 = ORIENTED_EDGE('',*,*,#15413,.T.);
#15413 = EDGE_CURVE('',#12786,#13892,#15414,.T.);
#15414 = LINE('',#15415,#15416);
#15415 = CARTESIAN_POINT('',(-2.4,-0.845,0.675));
#15416 = VECTOR('',#15417,1.);
#15417 = DIRECTION('',(1.,9.95799250103E-17,0.));
#15418 = ORIENTED_EDGE('',*,*,#13891,.F.);
#15419 = B_SPLINE_SURFACE_WITH_KNOTS('',1,1,(
    (#15420,#15421)
    ,(#15422,#15423
    )),.UNSPECIFIED.,.F.,.F.,.F.,(2,2),(2,2),(0.,5.),(0.,1.),
  .PIECEWISE_BEZIER_KNOTS.);
#15420 = CARTESIAN_POINT('',(-2.2,2.5,0.675));
#15421 = CARTESIAN_POINT('',(-2.15,2.45,0.675));
#15422 = CARTESIAN_POINT('',(-2.2,-2.5,0.675));
#15423 = CARTESIAN_POINT('',(-2.15,-2.45,0.675));
#15424 = ADVANCED_FACE('',(#15425),#15511,.F.);
#15425 = FACE_BOUND('',#15426,.F.);
#15426 = EDGE_LOOP('',(#15427,#15428,#15429,#15438,#15446,#15455,#15463,
    #15471,#15479,#15488,#15496,#15505));
#15427 = ORIENTED_EDGE('',*,*,#12869,.T.);
#15428 = ORIENTED_EDGE('',*,*,#12807,.T.);
#15429 = ORIENTED_EDGE('',*,*,#15430,.T.);
#15430 = EDGE_CURVE('',#12808,#15431,#15433,.T.);
#15431 = VERTEX_POINT('',#15432);
#15432 = CARTESIAN_POINT('',(-2.5,0.195,0.425));
#15433 = CIRCLE('',#15434,0.1);
#15434 = AXIS2_PLACEMENT_3D('',#15435,#15436,#15437);
#15435 = CARTESIAN_POINT('',(-2.4,0.195,0.425));
#15436 = DIRECTION('',(9.95799250103E-17,-1.,0.));
#15437 = DIRECTION('',(0.,0.,1.));
#15438 = ORIENTED_EDGE('',*,*,#15439,.T.);
#15439 = EDGE_CURVE('',#15431,#15440,#15442,.T.);
#15440 = VERTEX_POINT('',#15441);
#15441 = CARTESIAN_POINT('',(-2.5,0.195,0.25));
#15442 = LINE('',#15443,#15444);
#15443 = CARTESIAN_POINT('',(-2.5,0.195,0.425));
#15444 = VECTOR('',#15445,1.);
#15445 = DIRECTION('',(-0.,0.,-1.));
#15446 = ORIENTED_EDGE('',*,*,#15447,.T.);
#15447 = EDGE_CURVE('',#15440,#15448,#15450,.T.);
#15448 = VERTEX_POINT('',#15449);
#15449 = CARTESIAN_POINT('',(-2.75,0.195,1.110223024625E-16));
#15450 = CIRCLE('',#15451,0.25);
#15451 = AXIS2_PLACEMENT_3D('',#15452,#15453,#15454);
#15452 = CARTESIAN_POINT('',(-2.75,0.195,0.25));
#15453 = DIRECTION('',(-9.95799250103E-17,1.,0.));
#15454 = DIRECTION('',(1.,9.95799250103E-17,-2.442490654175E-15));
#15455 = ORIENTED_EDGE('',*,*,#15456,.T.);
#15456 = EDGE_CURVE('',#15448,#15457,#15459,.T.);
#15457 = VERTEX_POINT('',#15458);
#15458 = CARTESIAN_POINT('',(-3.2,0.195,1.110223024625E-16));
#15459 = LINE('',#15460,#15461);
#15460 = CARTESIAN_POINT('',(-2.75,0.195,1.110223024625E-16));
#15461 = VECTOR('',#15462,1.);
#15462 = DIRECTION('',(-1.,-9.95799250103E-17,0.));
#15463 = ORIENTED_EDGE('',*,*,#15464,.T.);
#15464 = EDGE_CURVE('',#15457,#15465,#15467,.T.);
#15465 = VERTEX_POINT('',#15466);
#15466 = CARTESIAN_POINT('',(-3.2,0.195,0.15));
#15467 = LINE('',#15468,#15469);
#15468 = CARTESIAN_POINT('',(-3.2,0.195,1.110223024625E-16));
#15469 = VECTOR('',#15470,1.);
#15470 = DIRECTION('',(0.,0.,1.));
#15471 = ORIENTED_EDGE('',*,*,#15472,.T.);
#15472 = EDGE_CURVE('',#15465,#15473,#15475,.T.);
#15473 = VERTEX_POINT('',#15474);
#15474 = CARTESIAN_POINT('',(-2.75,0.195,0.15));
#15475 = LINE('',#15476,#15477);
#15476 = CARTESIAN_POINT('',(-3.2,0.195,0.15));
#15477 = VECTOR('',#15478,1.);
#15478 = DIRECTION('',(1.,9.95799250103E-17,0.));
#15479 = ORIENTED_EDGE('',*,*,#15480,.T.);
#15480 = EDGE_CURVE('',#15473,#15481,#15483,.T.);
#15481 = VERTEX_POINT('',#15482);
#15482 = CARTESIAN_POINT('',(-2.65,0.195,0.25));
#15483 = CIRCLE('',#15484,0.1);
#15484 = AXIS2_PLACEMENT_3D('',#15485,#15486,#15487);
#15485 = CARTESIAN_POINT('',(-2.75,0.195,0.25));
#15486 = DIRECTION('',(9.95799250103E-17,-1.,-0.));
#15487 = DIRECTION('',(-0.,0.,-1.));
#15488 = ORIENTED_EDGE('',*,*,#15489,.T.);
#15489 = EDGE_CURVE('',#15481,#15490,#15492,.T.);
#15490 = VERTEX_POINT('',#15491);
#15491 = CARTESIAN_POINT('',(-2.65,0.195,0.425));
#15492 = LINE('',#15493,#15494);
#15493 = CARTESIAN_POINT('',(-2.65,0.195,0.25));
#15494 = VECTOR('',#15495,1.);
#15495 = DIRECTION('',(0.,0.,1.));
#15496 = ORIENTED_EDGE('',*,*,#15497,.T.);
#15497 = EDGE_CURVE('',#15490,#15498,#15500,.T.);
#15498 = VERTEX_POINT('',#15499);
#15499 = CARTESIAN_POINT('',(-2.4,0.195,0.675));
#15500 = CIRCLE('',#15501,0.25);
#15501 = AXIS2_PLACEMENT_3D('',#15502,#15503,#15504);
#15502 = CARTESIAN_POINT('',(-2.4,0.195,0.425));
#15503 = DIRECTION('',(-9.95799250103E-17,1.,0.));
#15504 = DIRECTION('',(-1.,-9.95799250103E-17,2.22044604925E-15));
#15505 = ORIENTED_EDGE('',*,*,#15506,.T.);
#15506 = EDGE_CURVE('',#15498,#12870,#15507,.T.);
#15507 = LINE('',#15508,#15509);
#15508 = CARTESIAN_POINT('',(-2.4,0.195,0.675));
#15509 = VECTOR('',#15510,1.);
#15510 = DIRECTION('',(1.,9.95799250103E-17,0.));
#15511 = PLANE('',#15512);
#15512 = AXIS2_PLACEMENT_3D('',#15513,#15514,#15515);
#15513 = CARTESIAN_POINT('',(-2.632923288131,0.195,0.313172218985));
#15514 = DIRECTION('',(-9.95799250103E-17,1.,0.));
#15515 = DIRECTION('',(0.,0.,1.));
#15516 = ADVANCED_FACE('',(#15517),#15528,.F.);
#15517 = FACE_BOUND('',#15518,.F.);
#15518 = EDGE_LOOP('',(#15519,#15520,#15521,#15527));
#15519 = ORIENTED_EDGE('',*,*,#12824,.T.);
#15520 = ORIENTED_EDGE('',*,*,#15224,.T.);
#15521 = ORIENTED_EDGE('',*,*,#15522,.F.);
#15522 = EDGE_CURVE('',#15431,#15225,#15523,.T.);
#15523 = LINE('',#15524,#15525);
#15524 = CARTESIAN_POINT('',(-2.5,0.195,0.425));
#15525 = VECTOR('',#15526,1.);
#15526 = DIRECTION('',(-9.95799250103E-17,1.,0.));
#15527 = ORIENTED_EDGE('',*,*,#15430,.F.);
#15528 = CYLINDRICAL_SURFACE('',#15529,0.1);
#15529 = AXIS2_PLACEMENT_3D('',#15530,#15531,#15532);
#15530 = CARTESIAN_POINT('',(-2.4,0.195,0.425));
#15531 = DIRECTION('',(9.95799250103E-17,-1.,0.));
#15532 = DIRECTION('',(0.,0.,1.));
#15533 = ADVANCED_FACE('',(#15534),#15553,.F.);
#15534 = FACE_BOUND('',#15535,.F.);
#15535 = EDGE_LOOP('',(#15536,#15537,#15546,#15552));
#15536 = ORIENTED_EDGE('',*,*,#12855,.T.);
#15537 = ORIENTED_EDGE('',*,*,#15538,.T.);
#15538 = EDGE_CURVE('',#12848,#15539,#15541,.T.);
#15539 = VERTEX_POINT('',#15540);
#15540 = CARTESIAN_POINT('',(-2.5,-0.195,0.425));
#15541 = CIRCLE('',#15542,0.1);
#15542 = AXIS2_PLACEMENT_3D('',#15543,#15544,#15545);
#15543 = CARTESIAN_POINT('',(-2.4,-0.195,0.425));
#15544 = DIRECTION('',(9.95799250103E-17,-1.,0.));
#15545 = DIRECTION('',(0.,0.,1.));
#15546 = ORIENTED_EDGE('',*,*,#15547,.F.);
#15547 = EDGE_CURVE('',#15317,#15539,#15548,.T.);
#15548 = LINE('',#15549,#15550);
#15549 = CARTESIAN_POINT('',(-2.5,-0.455,0.425));
#15550 = VECTOR('',#15551,1.);
#15551 = DIRECTION('',(-9.95799250103E-17,1.,0.));
#15552 = ORIENTED_EDGE('',*,*,#15316,.F.);
#15553 = CYLINDRICAL_SURFACE('',#15554,0.1);
#15554 = AXIS2_PLACEMENT_3D('',#15555,#15556,#15557);
#15555 = CARTESIAN_POINT('',(-2.4,-0.455,0.425));
#15556 = DIRECTION('',(9.95799250103E-17,-1.,0.));
#15557 = DIRECTION('',(0.,0.,1.));
#15558 = ADVANCED_FACE('',(#15559),#15637,.T.);
#15559 = FACE_BOUND('',#15560,.T.);
#15560 = EDGE_LOOP('',(#15561,#15562,#15563,#15564,#15572,#15581,#15589,
    #15597,#15605,#15614,#15622,#15631));
#15561 = ORIENTED_EDGE('',*,*,#12878,.T.);
#15562 = ORIENTED_EDGE('',*,*,#12847,.T.);
#15563 = ORIENTED_EDGE('',*,*,#15538,.T.);
#15564 = ORIENTED_EDGE('',*,*,#15565,.T.);
#15565 = EDGE_CURVE('',#15539,#15566,#15568,.T.);
#15566 = VERTEX_POINT('',#15567);
#15567 = CARTESIAN_POINT('',(-2.5,-0.195,0.25));
#15568 = LINE('',#15569,#15570);
#15569 = CARTESIAN_POINT('',(-2.5,-0.195,0.425));
#15570 = VECTOR('',#15571,1.);
#15571 = DIRECTION('',(-0.,0.,-1.));
#15572 = ORIENTED_EDGE('',*,*,#15573,.T.);
#15573 = EDGE_CURVE('',#15566,#15574,#15576,.T.);
#15574 = VERTEX_POINT('',#15575);
#15575 = CARTESIAN_POINT('',(-2.75,-0.195,1.110223024625E-16));
#15576 = CIRCLE('',#15577,0.25);
#15577 = AXIS2_PLACEMENT_3D('',#15578,#15579,#15580);
#15578 = CARTESIAN_POINT('',(-2.75,-0.195,0.25));
#15579 = DIRECTION('',(-9.95799250103E-17,1.,0.));
#15580 = DIRECTION('',(1.,9.95799250103E-17,-2.442490654175E-15));
#15581 = ORIENTED_EDGE('',*,*,#15582,.T.);
#15582 = EDGE_CURVE('',#15574,#15583,#15585,.T.);
#15583 = VERTEX_POINT('',#15584);
#15584 = CARTESIAN_POINT('',(-3.2,-0.195,1.110223024625E-16));
#15585 = LINE('',#15586,#15587);
#15586 = CARTESIAN_POINT('',(-2.75,-0.195,1.110223024625E-16));
#15587 = VECTOR('',#15588,1.);
#15588 = DIRECTION('',(-1.,-9.95799250103E-17,0.));
#15589 = ORIENTED_EDGE('',*,*,#15590,.T.);
#15590 = EDGE_CURVE('',#15583,#15591,#15593,.T.);
#15591 = VERTEX_POINT('',#15592);
#15592 = CARTESIAN_POINT('',(-3.2,-0.195,0.15));
#15593 = LINE('',#15594,#15595);
#15594 = CARTESIAN_POINT('',(-3.2,-0.195,1.110223024625E-16));
#15595 = VECTOR('',#15596,1.);
#15596 = DIRECTION('',(0.,0.,1.));
#15597 = ORIENTED_EDGE('',*,*,#15598,.T.);
#15598 = EDGE_CURVE('',#15591,#15599,#15601,.T.);
#15599 = VERTEX_POINT('',#15600);
#15600 = CARTESIAN_POINT('',(-2.75,-0.195,0.15));
#15601 = LINE('',#15602,#15603);
#15602 = CARTESIAN_POINT('',(-3.2,-0.195,0.15));
#15603 = VECTOR('',#15604,1.);
#15604 = DIRECTION('',(1.,9.95799250103E-17,0.));
#15605 = ORIENTED_EDGE('',*,*,#15606,.T.);
#15606 = EDGE_CURVE('',#15599,#15607,#15609,.T.);
#15607 = VERTEX_POINT('',#15608);
#15608 = CARTESIAN_POINT('',(-2.65,-0.195,0.25));
#15609 = CIRCLE('',#15610,0.1);
#15610 = AXIS2_PLACEMENT_3D('',#15611,#15612,#15613);
#15611 = CARTESIAN_POINT('',(-2.75,-0.195,0.25));
#15612 = DIRECTION('',(9.95799250103E-17,-1.,-0.));
#15613 = DIRECTION('',(-0.,0.,-1.));
#15614 = ORIENTED_EDGE('',*,*,#15615,.T.);
#15615 = EDGE_CURVE('',#15607,#15616,#15618,.T.);
#15616 = VERTEX_POINT('',#15617);
#15617 = CARTESIAN_POINT('',(-2.65,-0.195,0.425));
#15618 = LINE('',#15619,#15620);
#15619 = CARTESIAN_POINT('',(-2.65,-0.195,0.25));
#15620 = VECTOR('',#15621,1.);
#15621 = DIRECTION('',(0.,0.,1.));
#15622 = ORIENTED_EDGE('',*,*,#15623,.T.);
#15623 = EDGE_CURVE('',#15616,#15624,#15626,.T.);
#15624 = VERTEX_POINT('',#15625);
#15625 = CARTESIAN_POINT('',(-2.4,-0.195,0.675));
#15626 = CIRCLE('',#15627,0.25);
#15627 = AXIS2_PLACEMENT_3D('',#15628,#15629,#15630);
#15628 = CARTESIAN_POINT('',(-2.4,-0.195,0.425));
#15629 = DIRECTION('',(-9.95799250103E-17,1.,0.));
#15630 = DIRECTION('',(-1.,-9.95799250103E-17,2.22044604925E-15));
#15631 = ORIENTED_EDGE('',*,*,#15632,.T.);
#15632 = EDGE_CURVE('',#15624,#12879,#15633,.T.);
#15633 = LINE('',#15634,#15635);
#15634 = CARTESIAN_POINT('',(-2.4,-0.195,0.675));
#15635 = VECTOR('',#15636,1.);
#15636 = DIRECTION('',(1.,9.95799250103E-17,0.));
#15637 = PLANE('',#15638);
#15638 = AXIS2_PLACEMENT_3D('',#15639,#15640,#15641);
#15639 = CARTESIAN_POINT('',(-2.632923288131,-0.195,0.313172218985));
#15640 = DIRECTION('',(-9.95799250103E-17,1.,0.));
#15641 = DIRECTION('',(0.,0.,1.));
#15642 = ADVANCED_FACE('',(#15643),#15659,.T.);
#15643 = FACE_BOUND('',#15644,.T.);
#15644 = EDGE_LOOP('',(#15645,#15651,#15652,#15658));
#15645 = ORIENTED_EDGE('',*,*,#15646,.F.);
#15646 = EDGE_CURVE('',#12870,#13868,#15647,.T.);
#15647 = LINE('',#15648,#15649);
#15648 = CARTESIAN_POINT('',(-2.4,0.195,0.675));
#15649 = VECTOR('',#15650,1.);
#15650 = DIRECTION('',(1.,9.95799250103E-17,0.));
#15651 = ORIENTED_EDGE('',*,*,#12886,.T.);
#15652 = ORIENTED_EDGE('',*,*,#15653,.T.);
#15653 = EDGE_CURVE('',#12879,#13876,#15654,.T.);
#15654 = LINE('',#15655,#15656);
#15655 = CARTESIAN_POINT('',(-2.4,-0.195,0.675));
#15656 = VECTOR('',#15657,1.);
#15657 = DIRECTION('',(1.,9.95799250103E-17,0.));
#15658 = ORIENTED_EDGE('',*,*,#13875,.F.);
#15659 = B_SPLINE_SURFACE_WITH_KNOTS('',1,1,(
    (#15660,#15661)
    ,(#15662,#15663
    )),.UNSPECIFIED.,.F.,.F.,.F.,(2,2),(2,2),(0.,5.),(0.,1.),
  .PIECEWISE_BEZIER_KNOTS.);
#15660 = CARTESIAN_POINT('',(-2.2,2.5,0.675));
#15661 = CARTESIAN_POINT('',(-2.15,2.45,0.675));
#15662 = CARTESIAN_POINT('',(-2.2,-2.5,0.675));
#15663 = CARTESIAN_POINT('',(-2.15,-2.45,0.675));
#15664 = ADVANCED_FACE('',(#15665),#15678,.F.);
#15665 = FACE_BOUND('',#15666,.F.);
#15666 = EDGE_LOOP('',(#15667,#15668,#15674,#15675,#15676,#15677));
#15667 = ORIENTED_EDGE('',*,*,#14168,.F.);
#15668 = ORIENTED_EDGE('',*,*,#15669,.T.);
#15669 = EDGE_CURVE('',#14160,#13796,#15670,.T.);
#15670 = LINE('',#15671,#15672);
#15671 = CARTESIAN_POINT('',(-2.4,2.145,0.675));
#15672 = VECTOR('',#15673,1.);
#15673 = DIRECTION('',(-9.95799250103E-17,1.,0.));
#15674 = ORIENTED_EDGE('',*,*,#13804,.T.);
#15675 = ORIENTED_EDGE('',*,*,#13704,.T.);
#15676 = ORIENTED_EDGE('',*,*,#13819,.T.);
#15677 = ORIENTED_EDGE('',*,*,#14308,.F.);
#15678 = PLANE('',#15679);
#15679 = AXIS2_PLACEMENT_3D('',#15680,#15681,#15682);
#15680 = CARTESIAN_POINT('',(-2.4,2.145,0.675));
#15681 = DIRECTION('',(-0.,0.,-1.));
#15682 = DIRECTION('',(1.,9.95799250103E-17,0.));
#15683 = ADVANCED_FACE('',(#15684),#15695,.T.);
#15684 = FACE_BOUND('',#15685,.T.);
#15685 = EDGE_LOOP('',(#15686,#15687,#15688,#15689));
#15686 = ORIENTED_EDGE('',*,*,#14159,.T.);
#15687 = ORIENTED_EDGE('',*,*,#15669,.T.);
#15688 = ORIENTED_EDGE('',*,*,#13795,.F.);
#15689 = ORIENTED_EDGE('',*,*,#15690,.F.);
#15690 = EDGE_CURVE('',#14152,#13788,#15691,.T.);
#15691 = LINE('',#15692,#15693);
#15692 = CARTESIAN_POINT('',(-2.65,2.145,0.425));
#15693 = VECTOR('',#15694,1.);
#15694 = DIRECTION('',(-9.95799250103E-17,1.,0.));
#15695 = CYLINDRICAL_SURFACE('',#15696,0.25);
#15696 = AXIS2_PLACEMENT_3D('',#15697,#15698,#15699);
#15697 = CARTESIAN_POINT('',(-2.4,2.145,0.425));
#15698 = DIRECTION('',(9.95799250103E-17,-1.,-0.));
#15699 = DIRECTION('',(-1.,-9.95799250103E-17,2.22044604925E-15));
#15700 = ADVANCED_FACE('',(#15701),#15712,.F.);
#15701 = FACE_BOUND('',#15702,.F.);
#15702 = EDGE_LOOP('',(#15703,#15709,#15710,#15711));
#15703 = ORIENTED_EDGE('',*,*,#15704,.T.);
#15704 = EDGE_CURVE('',#14143,#13779,#15705,.T.);
#15705 = LINE('',#15706,#15707);
#15706 = CARTESIAN_POINT('',(-2.65,2.145,0.25));
#15707 = VECTOR('',#15708,1.);
#15708 = DIRECTION('',(-9.95799250103E-17,1.,0.));
#15709 = ORIENTED_EDGE('',*,*,#13787,.T.);
#15710 = ORIENTED_EDGE('',*,*,#15690,.F.);
#15711 = ORIENTED_EDGE('',*,*,#14151,.F.);
#15712 = PLANE('',#15713);
#15713 = AXIS2_PLACEMENT_3D('',#15714,#15715,#15716);
#15714 = CARTESIAN_POINT('',(-2.65,2.145,0.25));
#15715 = DIRECTION('',(1.,9.95799250103E-17,0.));
#15716 = DIRECTION('',(0.,-0.,1.));
#15717 = ADVANCED_FACE('',(#15718),#15729,.F.);
#15718 = FACE_BOUND('',#15719,.F.);
#15719 = EDGE_LOOP('',(#15720,#15726,#15727,#15728));
#15720 = ORIENTED_EDGE('',*,*,#15721,.T.);
#15721 = EDGE_CURVE('',#14135,#13771,#15722,.T.);
#15722 = LINE('',#15723,#15724);
#15723 = CARTESIAN_POINT('',(-2.75,2.145,0.15));
#15724 = VECTOR('',#15725,1.);
#15725 = DIRECTION('',(-9.95799250103E-17,1.,0.));
#15726 = ORIENTED_EDGE('',*,*,#13778,.T.);
#15727 = ORIENTED_EDGE('',*,*,#15704,.F.);
#15728 = ORIENTED_EDGE('',*,*,#14142,.F.);
#15729 = CYLINDRICAL_SURFACE('',#15730,0.1);
#15730 = AXIS2_PLACEMENT_3D('',#15731,#15732,#15733);
#15731 = CARTESIAN_POINT('',(-2.75,2.145,0.25));
#15732 = DIRECTION('',(9.95799250103E-17,-1.,0.));
#15733 = DIRECTION('',(0.,-0.,-1.));
#15734 = ADVANCED_FACE('',(#15735),#15746,.F.);
#15735 = FACE_BOUND('',#15736,.F.);
#15736 = EDGE_LOOP('',(#15737,#15743,#15744,#15745));
#15737 = ORIENTED_EDGE('',*,*,#15738,.T.);
#15738 = EDGE_CURVE('',#14127,#13763,#15739,.T.);
#15739 = LINE('',#15740,#15741);
#15740 = CARTESIAN_POINT('',(-3.2,2.145,0.15));
#15741 = VECTOR('',#15742,1.);
#15742 = DIRECTION('',(-9.95799250103E-17,1.,0.));
#15743 = ORIENTED_EDGE('',*,*,#13770,.T.);
#15744 = ORIENTED_EDGE('',*,*,#15721,.F.);
#15745 = ORIENTED_EDGE('',*,*,#14134,.F.);
#15746 = PLANE('',#15747);
#15747 = AXIS2_PLACEMENT_3D('',#15748,#15749,#15750);
#15748 = CARTESIAN_POINT('',(-3.2,2.145,0.15));
#15749 = DIRECTION('',(-0.,0.,-1.));
#15750 = DIRECTION('',(1.,9.95799250103E-17,0.));
#15751 = ADVANCED_FACE('',(#15752),#15763,.F.);
#15752 = FACE_BOUND('',#15753,.F.);
#15753 = EDGE_LOOP('',(#15754,#15760,#15761,#15762));
#15754 = ORIENTED_EDGE('',*,*,#15755,.T.);
#15755 = EDGE_CURVE('',#14119,#13755,#15756,.T.);
#15756 = LINE('',#15757,#15758);
#15757 = CARTESIAN_POINT('',(-3.2,2.145,1.110223024625E-16));
#15758 = VECTOR('',#15759,1.);
#15759 = DIRECTION('',(-9.95799250103E-17,1.,0.));
#15760 = ORIENTED_EDGE('',*,*,#13762,.T.);
#15761 = ORIENTED_EDGE('',*,*,#15738,.F.);
#15762 = ORIENTED_EDGE('',*,*,#14126,.F.);
#15763 = PLANE('',#15764);
#15764 = AXIS2_PLACEMENT_3D('',#15765,#15766,#15767);
#15765 = CARTESIAN_POINT('',(-3.2,2.145,1.110223024625E-16));
#15766 = DIRECTION('',(1.,9.95799250103E-17,0.));
#15767 = DIRECTION('',(0.,-0.,1.));
#15768 = ADVANCED_FACE('',(#15769),#15780,.F.);
#15769 = FACE_BOUND('',#15770,.F.);
#15770 = EDGE_LOOP('',(#15771,#15777,#15778,#15779));
#15771 = ORIENTED_EDGE('',*,*,#15772,.T.);
#15772 = EDGE_CURVE('',#14110,#13746,#15773,.T.);
#15773 = LINE('',#15774,#15775);
#15774 = CARTESIAN_POINT('',(-2.75,2.145,1.110223024625E-16));
#15775 = VECTOR('',#15776,1.);
#15776 = DIRECTION('',(-9.95799250103E-17,1.,0.));
#15777 = ORIENTED_EDGE('',*,*,#13754,.T.);
#15778 = ORIENTED_EDGE('',*,*,#15755,.F.);
#15779 = ORIENTED_EDGE('',*,*,#14118,.F.);
#15780 = PLANE('',#15781);
#15781 = AXIS2_PLACEMENT_3D('',#15782,#15783,#15784);
#15782 = CARTESIAN_POINT('',(-2.75,2.145,1.110223024625E-16));
#15783 = DIRECTION('',(0.,0.,1.));
#15784 = DIRECTION('',(-1.,-9.95799250103E-17,0.));
#15785 = ADVANCED_FACE('',(#15786),#15797,.T.);
#15786 = FACE_BOUND('',#15787,.T.);
#15787 = EDGE_LOOP('',(#15788,#15789,#15790,#15791));
#15788 = ORIENTED_EDGE('',*,*,#14109,.T.);
#15789 = ORIENTED_EDGE('',*,*,#15772,.T.);
#15790 = ORIENTED_EDGE('',*,*,#13745,.F.);
#15791 = ORIENTED_EDGE('',*,*,#15792,.F.);
#15792 = EDGE_CURVE('',#14102,#13738,#15793,.T.);
#15793 = LINE('',#15794,#15795);
#15794 = CARTESIAN_POINT('',(-2.5,2.145,0.25));
#15795 = VECTOR('',#15796,1.);
#15796 = DIRECTION('',(-9.95799250103E-17,1.,0.));
#15797 = CYLINDRICAL_SURFACE('',#15798,0.25);
#15798 = AXIS2_PLACEMENT_3D('',#15799,#15800,#15801);
#15799 = CARTESIAN_POINT('',(-2.75,2.145,0.25));
#15800 = DIRECTION('',(9.95799250103E-17,-1.,-0.));
#15801 = DIRECTION('',(1.,9.95799250103E-17,-2.442490654175E-15));
#15802 = ADVANCED_FACE('',(#15803),#15809,.F.);
#15803 = FACE_BOUND('',#15804,.F.);
#15804 = EDGE_LOOP('',(#15805,#15806,#15807,#15808));
#15805 = ORIENTED_EDGE('',*,*,#14184,.T.);
#15806 = ORIENTED_EDGE('',*,*,#13737,.T.);
#15807 = ORIENTED_EDGE('',*,*,#15792,.F.);
#15808 = ORIENTED_EDGE('',*,*,#14101,.F.);
#15809 = PLANE('',#15810);
#15810 = AXIS2_PLACEMENT_3D('',#15811,#15812,#15813);
#15811 = CARTESIAN_POINT('',(-2.5,2.145,0.425));
#15812 = DIRECTION('',(-1.,-9.95799250103E-17,0.));
#15813 = DIRECTION('',(-0.,0.,-1.));
#15814 = ADVANCED_FACE('',(#15815),#15828,.F.);
#15815 = FACE_BOUND('',#15816,.F.);
#15816 = EDGE_LOOP('',(#15817,#15818,#15824,#15825,#15826,#15827));
#15817 = ORIENTED_EDGE('',*,*,#14614,.F.);
#15818 = ORIENTED_EDGE('',*,*,#15819,.T.);
#15819 = EDGE_CURVE('',#14606,#14400,#15820,.T.);
#15820 = LINE('',#15821,#15822);
#15821 = CARTESIAN_POINT('',(-2.4,1.495,0.675));
#15822 = VECTOR('',#15823,1.);
#15823 = DIRECTION('',(-9.95799250103E-17,1.,0.));
#15824 = ORIENTED_EDGE('',*,*,#14408,.T.);
#15825 = ORIENTED_EDGE('',*,*,#14315,.T.);
#15826 = ORIENTED_EDGE('',*,*,#13835,.T.);
#15827 = ORIENTED_EDGE('',*,*,#14754,.F.);
#15828 = PLANE('',#15829);
#15829 = AXIS2_PLACEMENT_3D('',#15830,#15831,#15832);
#15830 = CARTESIAN_POINT('',(-2.4,1.495,0.675));
#15831 = DIRECTION('',(-0.,0.,-1.));
#15832 = DIRECTION('',(1.,9.95799250103E-17,0.));
#15833 = ADVANCED_FACE('',(#15834),#15847,.F.);
#15834 = FACE_BOUND('',#15835,.F.);
#15835 = EDGE_LOOP('',(#15836,#15837,#15843,#15844,#15845,#15846));
#15836 = ORIENTED_EDGE('',*,*,#14059,.F.);
#15837 = ORIENTED_EDGE('',*,*,#15838,.T.);
#15838 = EDGE_CURVE('',#14051,#14286,#15839,.T.);
#15839 = LINE('',#15840,#15841);
#15840 = CARTESIAN_POINT('',(-2.4,-2.405,0.675));
#15841 = VECTOR('',#15842,1.);
#15842 = DIRECTION('',(-9.95799250103E-17,1.,0.));
#15843 = ORIENTED_EDGE('',*,*,#14294,.T.);
#15844 = ORIENTED_EDGE('',*,*,#14521,.T.);
#15845 = ORIENTED_EDGE('',*,*,#13931,.T.);
#15846 = ORIENTED_EDGE('',*,*,#14073,.F.);
#15847 = PLANE('',#15848);
#15848 = AXIS2_PLACEMENT_3D('',#15849,#15850,#15851);
#15849 = CARTESIAN_POINT('',(-2.4,-2.405,0.675));
#15850 = DIRECTION('',(-0.,0.,-1.));
#15851 = DIRECTION('',(1.,9.95799250103E-17,0.));
#15852 = ADVANCED_FACE('',(#15853),#15866,.F.);
#15853 = FACE_BOUND('',#15854,.F.);
#15854 = EDGE_LOOP('',(#15855,#15856,#15862,#15863,#15864,#15865));
#15855 = ORIENTED_EDGE('',*,*,#15060,.F.);
#15856 = ORIENTED_EDGE('',*,*,#15857,.T.);
#15857 = EDGE_CURVE('',#15052,#14846,#15858,.T.);
#15858 = LINE('',#15859,#15860);
#15859 = CARTESIAN_POINT('',(-2.4,0.845,0.675));
#15860 = VECTOR('',#15861,1.);
#15861 = DIRECTION('',(-9.95799250103E-17,1.,0.));
#15862 = ORIENTED_EDGE('',*,*,#14854,.T.);
#15863 = ORIENTED_EDGE('',*,*,#14761,.T.);
#15864 = ORIENTED_EDGE('',*,*,#13851,.T.);
#15865 = ORIENTED_EDGE('',*,*,#15200,.F.);
#15866 = PLANE('',#15867);
#15867 = AXIS2_PLACEMENT_3D('',#15868,#15869,#15870);
#15868 = CARTESIAN_POINT('',(-2.4,0.845,0.675));
#15869 = DIRECTION('',(-0.,0.,-1.));
#15870 = DIRECTION('',(1.,9.95799250103E-17,0.));
#15871 = ADVANCED_FACE('',(#15872),#15885,.F.);
#15872 = FACE_BOUND('',#15873,.F.);
#15873 = EDGE_LOOP('',(#15874,#15875,#15881,#15882,#15883,#15884));
#15874 = ORIENTED_EDGE('',*,*,#14500,.F.);
#15875 = ORIENTED_EDGE('',*,*,#15876,.T.);
#15876 = EDGE_CURVE('',#14492,#14732,#15877,.T.);
#15877 = LINE('',#15878,#15879);
#15878 = CARTESIAN_POINT('',(-2.4,-1.755,0.675));
#15879 = VECTOR('',#15880,1.);
#15880 = DIRECTION('',(-9.95799250103E-17,1.,0.));
#15881 = ORIENTED_EDGE('',*,*,#14740,.T.);
#15882 = ORIENTED_EDGE('',*,*,#14967,.T.);
#15883 = ORIENTED_EDGE('',*,*,#13915,.T.);
#15884 = ORIENTED_EDGE('',*,*,#14514,.F.);
#15885 = PLANE('',#15886);
#15886 = AXIS2_PLACEMENT_3D('',#15887,#15888,#15889);
#15887 = CARTESIAN_POINT('',(-2.4,-1.755,0.675));
#15888 = DIRECTION('',(-0.,0.,-1.));
#15889 = DIRECTION('',(1.,9.95799250103E-17,0.));
#15890 = ADVANCED_FACE('',(#15891),#15904,.F.);
#15891 = FACE_BOUND('',#15892,.F.);
#15892 = EDGE_LOOP('',(#15893,#15894,#15900,#15901,#15902,#15903));
#15893 = ORIENTED_EDGE('',*,*,#15506,.F.);
#15894 = ORIENTED_EDGE('',*,*,#15895,.T.);
#15895 = EDGE_CURVE('',#15498,#15292,#15896,.T.);
#15896 = LINE('',#15897,#15898);
#15897 = CARTESIAN_POINT('',(-2.4,0.195,0.675));
#15898 = VECTOR('',#15899,1.);
#15899 = DIRECTION('',(-9.95799250103E-17,1.,0.));
#15900 = ORIENTED_EDGE('',*,*,#15300,.T.);
#15901 = ORIENTED_EDGE('',*,*,#15207,.T.);
#15902 = ORIENTED_EDGE('',*,*,#13867,.T.);
#15903 = ORIENTED_EDGE('',*,*,#15646,.F.);
#15904 = PLANE('',#15905);
#15905 = AXIS2_PLACEMENT_3D('',#15906,#15907,#15908);
#15906 = CARTESIAN_POINT('',(-2.4,0.195,0.675));
#15907 = DIRECTION('',(-0.,0.,-1.));
#15908 = DIRECTION('',(1.,9.95799250103E-17,0.));
#15909 = ADVANCED_FACE('',(#15910),#15923,.F.);
#15910 = FACE_BOUND('',#15911,.F.);
#15911 = EDGE_LOOP('',(#15912,#15913,#15919,#15920,#15921,#15922));
#15912 = ORIENTED_EDGE('',*,*,#14946,.F.);
#15913 = ORIENTED_EDGE('',*,*,#15914,.T.);
#15914 = EDGE_CURVE('',#14938,#15178,#15915,.T.);
#15915 = LINE('',#15916,#15917);
#15916 = CARTESIAN_POINT('',(-2.4,-1.105,0.675));
#15917 = VECTOR('',#15918,1.);
#15918 = DIRECTION('',(-9.95799250103E-17,1.,0.));
#15919 = ORIENTED_EDGE('',*,*,#15186,.T.);
#15920 = ORIENTED_EDGE('',*,*,#15413,.T.);
#15921 = ORIENTED_EDGE('',*,*,#13899,.T.);
#15922 = ORIENTED_EDGE('',*,*,#14960,.F.);
#15923 = PLANE('',#15924);
#15924 = AXIS2_PLACEMENT_3D('',#15925,#15926,#15927);
#15925 = CARTESIAN_POINT('',(-2.4,-1.105,0.675));
#15926 = DIRECTION('',(-0.,0.,-1.));
#15927 = DIRECTION('',(1.,9.95799250103E-17,0.));
#15928 = ADVANCED_FACE('',(#15929),#15942,.F.);
#15929 = FACE_BOUND('',#15930,.F.);
#15930 = EDGE_LOOP('',(#15931,#15932,#15938,#15939,#15940,#15941));
#15931 = ORIENTED_EDGE('',*,*,#15392,.F.);
#15932 = ORIENTED_EDGE('',*,*,#15933,.T.);
#15933 = EDGE_CURVE('',#15384,#15624,#15934,.T.);
#15934 = LINE('',#15935,#15936);
#15935 = CARTESIAN_POINT('',(-2.4,-0.455,0.675));
#15936 = VECTOR('',#15937,1.);
#15937 = DIRECTION('',(-9.95799250103E-17,1.,0.));
#15938 = ORIENTED_EDGE('',*,*,#15632,.T.);
#15939 = ORIENTED_EDGE('',*,*,#15653,.T.);
#15940 = ORIENTED_EDGE('',*,*,#13883,.T.);
#15941 = ORIENTED_EDGE('',*,*,#15406,.F.);
#15942 = PLANE('',#15943);
#15943 = AXIS2_PLACEMENT_3D('',#15944,#15945,#15946);
#15944 = CARTESIAN_POINT('',(-2.4,-0.455,0.675));
#15945 = DIRECTION('',(-0.,0.,-1.));
#15946 = DIRECTION('',(1.,9.95799250103E-17,0.));
#15947 = ADVANCED_FACE('',(#15948),#15951,.T.);
#15948 = FACE_BOUND('',#15949,.T.);
#15949 = EDGE_LOOP('',(#15950));
#15950 = ORIENTED_EDGE('',*,*,#13956,.T.);
#15951 = PLANE('',#15952);
#15952 = AXIS2_PLACEMENT_3D('',#15953,#15954,#15955);
#15953 = CARTESIAN_POINT('',(-1.375061033199,1.675061033199,1.));
#15954 = DIRECTION('',(0.,0.,1.));
#15955 = DIRECTION('',(2.22044604925E-16,-1.,0.));
#15956 = ADVANCED_FACE('',(#15957),#15968,.T.);
#15957 = FACE_BOUND('',#15958,.T.);
#15958 = EDGE_LOOP('',(#15959,#15960,#15961,#15962));
#15959 = ORIENTED_EDGE('',*,*,#14050,.T.);
#15960 = ORIENTED_EDGE('',*,*,#15838,.T.);
#15961 = ORIENTED_EDGE('',*,*,#14285,.F.);
#15962 = ORIENTED_EDGE('',*,*,#15963,.F.);
#15963 = EDGE_CURVE('',#14043,#14278,#15964,.T.);
#15964 = LINE('',#15965,#15966);
#15965 = CARTESIAN_POINT('',(-2.65,-2.405,0.425));
#15966 = VECTOR('',#15967,1.);
#15967 = DIRECTION('',(-9.95799250103E-17,1.,0.));
#15968 = CYLINDRICAL_SURFACE('',#15969,0.25);
#15969 = AXIS2_PLACEMENT_3D('',#15970,#15971,#15972);
#15970 = CARTESIAN_POINT('',(-2.4,-2.405,0.425));
#15971 = DIRECTION('',(9.95799250103E-17,-1.,-0.));
#15972 = DIRECTION('',(-1.,-9.95799250103E-17,2.22044604925E-15));
#15973 = ADVANCED_FACE('',(#15974),#15985,.F.);
#15974 = FACE_BOUND('',#15975,.F.);
#15975 = EDGE_LOOP('',(#15976,#15982,#15983,#15984));
#15976 = ORIENTED_EDGE('',*,*,#15977,.T.);
#15977 = EDGE_CURVE('',#14034,#14269,#15978,.T.);
#15978 = LINE('',#15979,#15980);
#15979 = CARTESIAN_POINT('',(-2.65,-2.405,0.25));
#15980 = VECTOR('',#15981,1.);
#15981 = DIRECTION('',(-9.95799250103E-17,1.,0.));
#15982 = ORIENTED_EDGE('',*,*,#14277,.T.);
#15983 = ORIENTED_EDGE('',*,*,#15963,.F.);
#15984 = ORIENTED_EDGE('',*,*,#14042,.F.);
#15985 = PLANE('',#15986);
#15986 = AXIS2_PLACEMENT_3D('',#15987,#15988,#15989);
#15987 = CARTESIAN_POINT('',(-2.65,-2.405,0.25));
#15988 = DIRECTION('',(1.,9.95799250103E-17,0.));
#15989 = DIRECTION('',(0.,-0.,1.));
#15990 = ADVANCED_FACE('',(#15991),#16002,.F.);
#15991 = FACE_BOUND('',#15992,.F.);
#15992 = EDGE_LOOP('',(#15993,#15999,#16000,#16001));
#15993 = ORIENTED_EDGE('',*,*,#15994,.T.);
#15994 = EDGE_CURVE('',#14026,#14261,#15995,.T.);
#15995 = LINE('',#15996,#15997);
#15996 = CARTESIAN_POINT('',(-2.75,-2.405,0.15));
#15997 = VECTOR('',#15998,1.);
#15998 = DIRECTION('',(-9.95799250103E-17,1.,0.));
#15999 = ORIENTED_EDGE('',*,*,#14268,.T.);
#16000 = ORIENTED_EDGE('',*,*,#15977,.F.);
#16001 = ORIENTED_EDGE('',*,*,#14033,.F.);
#16002 = CYLINDRICAL_SURFACE('',#16003,0.1);
#16003 = AXIS2_PLACEMENT_3D('',#16004,#16005,#16006);
#16004 = CARTESIAN_POINT('',(-2.75,-2.405,0.25));
#16005 = DIRECTION('',(9.95799250103E-17,-1.,0.));
#16006 = DIRECTION('',(0.,-0.,-1.));
#16007 = ADVANCED_FACE('',(#16008),#16019,.F.);
#16008 = FACE_BOUND('',#16009,.F.);
#16009 = EDGE_LOOP('',(#16010,#16016,#16017,#16018));
#16010 = ORIENTED_EDGE('',*,*,#16011,.T.);
#16011 = EDGE_CURVE('',#14018,#14253,#16012,.T.);
#16012 = LINE('',#16013,#16014);
#16013 = CARTESIAN_POINT('',(-3.2,-2.405,0.15));
#16014 = VECTOR('',#16015,1.);
#16015 = DIRECTION('',(-9.95799250103E-17,1.,0.));
#16016 = ORIENTED_EDGE('',*,*,#14260,.T.);
#16017 = ORIENTED_EDGE('',*,*,#15994,.F.);
#16018 = ORIENTED_EDGE('',*,*,#14025,.F.);
#16019 = PLANE('',#16020);
#16020 = AXIS2_PLACEMENT_3D('',#16021,#16022,#16023);
#16021 = CARTESIAN_POINT('',(-3.2,-2.405,0.15));
#16022 = DIRECTION('',(-0.,0.,-1.));
#16023 = DIRECTION('',(1.,9.95799250103E-17,0.));
#16024 = ADVANCED_FACE('',(#16025),#16036,.F.);
#16025 = FACE_BOUND('',#16026,.F.);
#16026 = EDGE_LOOP('',(#16027,#16033,#16034,#16035));
#16027 = ORIENTED_EDGE('',*,*,#16028,.T.);
#16028 = EDGE_CURVE('',#14010,#14245,#16029,.T.);
#16029 = LINE('',#16030,#16031);
#16030 = CARTESIAN_POINT('',(-3.2,-2.405,1.110223024625E-16));
#16031 = VECTOR('',#16032,1.);
#16032 = DIRECTION('',(-9.95799250103E-17,1.,0.));
#16033 = ORIENTED_EDGE('',*,*,#14252,.T.);
#16034 = ORIENTED_EDGE('',*,*,#16011,.F.);
#16035 = ORIENTED_EDGE('',*,*,#14017,.F.);
#16036 = PLANE('',#16037);
#16037 = AXIS2_PLACEMENT_3D('',#16038,#16039,#16040);
#16038 = CARTESIAN_POINT('',(-3.2,-2.405,1.110223024625E-16));
#16039 = DIRECTION('',(1.,9.95799250103E-17,0.));
#16040 = DIRECTION('',(0.,-0.,1.));
#16041 = ADVANCED_FACE('',(#16042),#16053,.F.);
#16042 = FACE_BOUND('',#16043,.F.);
#16043 = EDGE_LOOP('',(#16044,#16050,#16051,#16052));
#16044 = ORIENTED_EDGE('',*,*,#16045,.T.);
#16045 = EDGE_CURVE('',#14001,#14236,#16046,.T.);
#16046 = LINE('',#16047,#16048);
#16047 = CARTESIAN_POINT('',(-2.75,-2.405,1.110223024625E-16));
#16048 = VECTOR('',#16049,1.);
#16049 = DIRECTION('',(-9.95799250103E-17,1.,0.));
#16050 = ORIENTED_EDGE('',*,*,#14244,.T.);
#16051 = ORIENTED_EDGE('',*,*,#16028,.F.);
#16052 = ORIENTED_EDGE('',*,*,#14009,.F.);
#16053 = PLANE('',#16054);
#16054 = AXIS2_PLACEMENT_3D('',#16055,#16056,#16057);
#16055 = CARTESIAN_POINT('',(-2.75,-2.405,1.110223024625E-16));
#16056 = DIRECTION('',(0.,0.,1.));
#16057 = DIRECTION('',(-1.,-9.95799250103E-17,0.));
#16058 = ADVANCED_FACE('',(#16059),#16070,.T.);
#16059 = FACE_BOUND('',#16060,.T.);
#16060 = EDGE_LOOP('',(#16061,#16062,#16063,#16064));
#16061 = ORIENTED_EDGE('',*,*,#14000,.T.);
#16062 = ORIENTED_EDGE('',*,*,#16045,.T.);
#16063 = ORIENTED_EDGE('',*,*,#14235,.F.);
#16064 = ORIENTED_EDGE('',*,*,#16065,.F.);
#16065 = EDGE_CURVE('',#13993,#14228,#16066,.T.);
#16066 = LINE('',#16067,#16068);
#16067 = CARTESIAN_POINT('',(-2.5,-2.405,0.25));
#16068 = VECTOR('',#16069,1.);
#16069 = DIRECTION('',(-9.95799250103E-17,1.,0.));
#16070 = CYLINDRICAL_SURFACE('',#16071,0.25);
#16071 = AXIS2_PLACEMENT_3D('',#16072,#16073,#16074);
#16072 = CARTESIAN_POINT('',(-2.75,-2.405,0.25));
#16073 = DIRECTION('',(9.95799250103E-17,-1.,-0.));
#16074 = DIRECTION('',(1.,9.95799250103E-17,-2.442490654175E-15));
#16075 = ADVANCED_FACE('',(#16076),#16082,.F.);
#16076 = FACE_BOUND('',#16077,.F.);
#16077 = EDGE_LOOP('',(#16078,#16079,#16080,#16081));
#16078 = ORIENTED_EDGE('',*,*,#14209,.T.);
#16079 = ORIENTED_EDGE('',*,*,#14227,.T.);
#16080 = ORIENTED_EDGE('',*,*,#16065,.F.);
#16081 = ORIENTED_EDGE('',*,*,#13992,.F.);
#16082 = PLANE('',#16083);
#16083 = AXIS2_PLACEMENT_3D('',#16084,#16085,#16086);
#16084 = CARTESIAN_POINT('',(-2.5,-2.405,0.425));
#16085 = DIRECTION('',(-1.,-9.95799250103E-17,0.));
#16086 = DIRECTION('',(-0.,0.,-1.));
#16087 = ADVANCED_FACE('',(#16088),#16099,.T.);
#16088 = FACE_BOUND('',#16089,.T.);
#16089 = EDGE_LOOP('',(#16090,#16091,#16092,#16093));
#16090 = ORIENTED_EDGE('',*,*,#14605,.T.);
#16091 = ORIENTED_EDGE('',*,*,#15819,.T.);
#16092 = ORIENTED_EDGE('',*,*,#14399,.F.);
#16093 = ORIENTED_EDGE('',*,*,#16094,.F.);
#16094 = EDGE_CURVE('',#14598,#14392,#16095,.T.);
#16095 = LINE('',#16096,#16097);
#16096 = CARTESIAN_POINT('',(-2.65,1.495,0.425));
#16097 = VECTOR('',#16098,1.);
#16098 = DIRECTION('',(-9.95799250103E-17,1.,0.));
#16099 = CYLINDRICAL_SURFACE('',#16100,0.25);
#16100 = AXIS2_PLACEMENT_3D('',#16101,#16102,#16103);
#16101 = CARTESIAN_POINT('',(-2.4,1.495,0.425));
#16102 = DIRECTION('',(9.95799250103E-17,-1.,-0.));
#16103 = DIRECTION('',(-1.,-9.95799250103E-17,2.22044604925E-15));
#16104 = ADVANCED_FACE('',(#16105),#16116,.F.);
#16105 = FACE_BOUND('',#16106,.F.);
#16106 = EDGE_LOOP('',(#16107,#16113,#16114,#16115));
#16107 = ORIENTED_EDGE('',*,*,#16108,.T.);
#16108 = EDGE_CURVE('',#14589,#14383,#16109,.T.);
#16109 = LINE('',#16110,#16111);
#16110 = CARTESIAN_POINT('',(-2.65,1.495,0.25));
#16111 = VECTOR('',#16112,1.);
#16112 = DIRECTION('',(-9.95799250103E-17,1.,0.));
#16113 = ORIENTED_EDGE('',*,*,#14391,.T.);
#16114 = ORIENTED_EDGE('',*,*,#16094,.F.);
#16115 = ORIENTED_EDGE('',*,*,#14597,.F.);
#16116 = PLANE('',#16117);
#16117 = AXIS2_PLACEMENT_3D('',#16118,#16119,#16120);
#16118 = CARTESIAN_POINT('',(-2.65,1.495,0.25));
#16119 = DIRECTION('',(1.,9.95799250103E-17,0.));
#16120 = DIRECTION('',(0.,-0.,1.));
#16121 = ADVANCED_FACE('',(#16122),#16133,.F.);
#16122 = FACE_BOUND('',#16123,.F.);
#16123 = EDGE_LOOP('',(#16124,#16130,#16131,#16132));
#16124 = ORIENTED_EDGE('',*,*,#16125,.T.);
#16125 = EDGE_CURVE('',#14581,#14375,#16126,.T.);
#16126 = LINE('',#16127,#16128);
#16127 = CARTESIAN_POINT('',(-2.75,1.495,0.15));
#16128 = VECTOR('',#16129,1.);
#16129 = DIRECTION('',(-9.95799250103E-17,1.,0.));
#16130 = ORIENTED_EDGE('',*,*,#14382,.T.);
#16131 = ORIENTED_EDGE('',*,*,#16108,.F.);
#16132 = ORIENTED_EDGE('',*,*,#14588,.F.);
#16133 = CYLINDRICAL_SURFACE('',#16134,0.1);
#16134 = AXIS2_PLACEMENT_3D('',#16135,#16136,#16137);
#16135 = CARTESIAN_POINT('',(-2.75,1.495,0.25));
#16136 = DIRECTION('',(9.95799250103E-17,-1.,0.));
#16137 = DIRECTION('',(0.,-0.,-1.));
#16138 = ADVANCED_FACE('',(#16139),#16150,.F.);
#16139 = FACE_BOUND('',#16140,.F.);
#16140 = EDGE_LOOP('',(#16141,#16147,#16148,#16149));
#16141 = ORIENTED_EDGE('',*,*,#16142,.T.);
#16142 = EDGE_CURVE('',#14573,#14367,#16143,.T.);
#16143 = LINE('',#16144,#16145);
#16144 = CARTESIAN_POINT('',(-3.2,1.495,0.15));
#16145 = VECTOR('',#16146,1.);
#16146 = DIRECTION('',(-9.95799250103E-17,1.,0.));
#16147 = ORIENTED_EDGE('',*,*,#14374,.T.);
#16148 = ORIENTED_EDGE('',*,*,#16125,.F.);
#16149 = ORIENTED_EDGE('',*,*,#14580,.F.);
#16150 = PLANE('',#16151);
#16151 = AXIS2_PLACEMENT_3D('',#16152,#16153,#16154);
#16152 = CARTESIAN_POINT('',(-3.2,1.495,0.15));
#16153 = DIRECTION('',(-0.,0.,-1.));
#16154 = DIRECTION('',(1.,9.95799250103E-17,0.));
#16155 = ADVANCED_FACE('',(#16156),#16167,.F.);
#16156 = FACE_BOUND('',#16157,.F.);
#16157 = EDGE_LOOP('',(#16158,#16164,#16165,#16166));
#16158 = ORIENTED_EDGE('',*,*,#16159,.T.);
#16159 = EDGE_CURVE('',#14565,#14359,#16160,.T.);
#16160 = LINE('',#16161,#16162);
#16161 = CARTESIAN_POINT('',(-3.2,1.495,1.110223024625E-16));
#16162 = VECTOR('',#16163,1.);
#16163 = DIRECTION('',(-9.95799250103E-17,1.,0.));
#16164 = ORIENTED_EDGE('',*,*,#14366,.T.);
#16165 = ORIENTED_EDGE('',*,*,#16142,.F.);
#16166 = ORIENTED_EDGE('',*,*,#14572,.F.);
#16167 = PLANE('',#16168);
#16168 = AXIS2_PLACEMENT_3D('',#16169,#16170,#16171);
#16169 = CARTESIAN_POINT('',(-3.2,1.495,1.110223024625E-16));
#16170 = DIRECTION('',(1.,9.95799250103E-17,0.));
#16171 = DIRECTION('',(0.,-0.,1.));
#16172 = ADVANCED_FACE('',(#16173),#16184,.F.);
#16173 = FACE_BOUND('',#16174,.F.);
#16174 = EDGE_LOOP('',(#16175,#16181,#16182,#16183));
#16175 = ORIENTED_EDGE('',*,*,#16176,.T.);
#16176 = EDGE_CURVE('',#14556,#14350,#16177,.T.);
#16177 = LINE('',#16178,#16179);
#16178 = CARTESIAN_POINT('',(-2.75,1.495,1.110223024625E-16));
#16179 = VECTOR('',#16180,1.);
#16180 = DIRECTION('',(-9.95799250103E-17,1.,0.));
#16181 = ORIENTED_EDGE('',*,*,#14358,.T.);
#16182 = ORIENTED_EDGE('',*,*,#16159,.F.);
#16183 = ORIENTED_EDGE('',*,*,#14564,.F.);
#16184 = PLANE('',#16185);
#16185 = AXIS2_PLACEMENT_3D('',#16186,#16187,#16188);
#16186 = CARTESIAN_POINT('',(-2.75,1.495,1.110223024625E-16));
#16187 = DIRECTION('',(0.,0.,1.));
#16188 = DIRECTION('',(-1.,-9.95799250103E-17,0.));
#16189 = ADVANCED_FACE('',(#16190),#16201,.T.);
#16190 = FACE_BOUND('',#16191,.T.);
#16191 = EDGE_LOOP('',(#16192,#16193,#16194,#16195));
#16192 = ORIENTED_EDGE('',*,*,#14555,.T.);
#16193 = ORIENTED_EDGE('',*,*,#16176,.T.);
#16194 = ORIENTED_EDGE('',*,*,#14349,.F.);
#16195 = ORIENTED_EDGE('',*,*,#16196,.F.);
#16196 = EDGE_CURVE('',#14548,#14342,#16197,.T.);
#16197 = LINE('',#16198,#16199);
#16198 = CARTESIAN_POINT('',(-2.5,1.495,0.25));
#16199 = VECTOR('',#16200,1.);
#16200 = DIRECTION('',(-9.95799250103E-17,1.,0.));
#16201 = CYLINDRICAL_SURFACE('',#16202,0.25);
#16202 = AXIS2_PLACEMENT_3D('',#16203,#16204,#16205);
#16203 = CARTESIAN_POINT('',(-2.75,1.495,0.25));
#16204 = DIRECTION('',(9.95799250103E-17,-1.,-0.));
#16205 = DIRECTION('',(1.,9.95799250103E-17,-2.442490654175E-15));
#16206 = ADVANCED_FACE('',(#16207),#16213,.F.);
#16207 = FACE_BOUND('',#16208,.F.);
#16208 = EDGE_LOOP('',(#16209,#16210,#16211,#16212));
#16209 = ORIENTED_EDGE('',*,*,#14630,.T.);
#16210 = ORIENTED_EDGE('',*,*,#14341,.T.);
#16211 = ORIENTED_EDGE('',*,*,#16196,.F.);
#16212 = ORIENTED_EDGE('',*,*,#14547,.F.);
#16213 = PLANE('',#16214);
#16214 = AXIS2_PLACEMENT_3D('',#16215,#16216,#16217);
#16215 = CARTESIAN_POINT('',(-2.5,1.495,0.425));
#16216 = DIRECTION('',(-1.,-9.95799250103E-17,0.));
#16217 = DIRECTION('',(-0.,0.,-1.));
#16218 = ADVANCED_FACE('',(#16219),#16230,.T.);
#16219 = FACE_BOUND('',#16220,.T.);
#16220 = EDGE_LOOP('',(#16221,#16222,#16223,#16224));
#16221 = ORIENTED_EDGE('',*,*,#14491,.T.);
#16222 = ORIENTED_EDGE('',*,*,#15876,.T.);
#16223 = ORIENTED_EDGE('',*,*,#14731,.F.);
#16224 = ORIENTED_EDGE('',*,*,#16225,.F.);
#16225 = EDGE_CURVE('',#14484,#14724,#16226,.T.);
#16226 = LINE('',#16227,#16228);
#16227 = CARTESIAN_POINT('',(-2.65,-1.755,0.425));
#16228 = VECTOR('',#16229,1.);
#16229 = DIRECTION('',(-9.95799250103E-17,1.,0.));
#16230 = CYLINDRICAL_SURFACE('',#16231,0.25);
#16231 = AXIS2_PLACEMENT_3D('',#16232,#16233,#16234);
#16232 = CARTESIAN_POINT('',(-2.4,-1.755,0.425));
#16233 = DIRECTION('',(9.95799250103E-17,-1.,-0.));
#16234 = DIRECTION('',(-1.,-9.95799250103E-17,2.22044604925E-15));
#16235 = ADVANCED_FACE('',(#16236),#16247,.F.);
#16236 = FACE_BOUND('',#16237,.F.);
#16237 = EDGE_LOOP('',(#16238,#16244,#16245,#16246));
#16238 = ORIENTED_EDGE('',*,*,#16239,.T.);
#16239 = EDGE_CURVE('',#14475,#14715,#16240,.T.);
#16240 = LINE('',#16241,#16242);
#16241 = CARTESIAN_POINT('',(-2.65,-1.755,0.25));
#16242 = VECTOR('',#16243,1.);
#16243 = DIRECTION('',(-9.95799250103E-17,1.,0.));
#16244 = ORIENTED_EDGE('',*,*,#14723,.T.);
#16245 = ORIENTED_EDGE('',*,*,#16225,.F.);
#16246 = ORIENTED_EDGE('',*,*,#14483,.F.);
#16247 = PLANE('',#16248);
#16248 = AXIS2_PLACEMENT_3D('',#16249,#16250,#16251);
#16249 = CARTESIAN_POINT('',(-2.65,-1.755,0.25));
#16250 = DIRECTION('',(1.,9.95799250103E-17,0.));
#16251 = DIRECTION('',(0.,-0.,1.));
#16252 = ADVANCED_FACE('',(#16253),#16264,.F.);
#16253 = FACE_BOUND('',#16254,.F.);
#16254 = EDGE_LOOP('',(#16255,#16261,#16262,#16263));
#16255 = ORIENTED_EDGE('',*,*,#16256,.T.);
#16256 = EDGE_CURVE('',#14467,#14707,#16257,.T.);
#16257 = LINE('',#16258,#16259);
#16258 = CARTESIAN_POINT('',(-2.75,-1.755,0.15));
#16259 = VECTOR('',#16260,1.);
#16260 = DIRECTION('',(-9.95799250103E-17,1.,0.));
#16261 = ORIENTED_EDGE('',*,*,#14714,.T.);
#16262 = ORIENTED_EDGE('',*,*,#16239,.F.);
#16263 = ORIENTED_EDGE('',*,*,#14474,.F.);
#16264 = CYLINDRICAL_SURFACE('',#16265,0.1);
#16265 = AXIS2_PLACEMENT_3D('',#16266,#16267,#16268);
#16266 = CARTESIAN_POINT('',(-2.75,-1.755,0.25));
#16267 = DIRECTION('',(9.95799250103E-17,-1.,0.));
#16268 = DIRECTION('',(0.,-0.,-1.));
#16269 = ADVANCED_FACE('',(#16270),#16281,.F.);
#16270 = FACE_BOUND('',#16271,.F.);
#16271 = EDGE_LOOP('',(#16272,#16278,#16279,#16280));
#16272 = ORIENTED_EDGE('',*,*,#16273,.T.);
#16273 = EDGE_CURVE('',#14459,#14699,#16274,.T.);
#16274 = LINE('',#16275,#16276);
#16275 = CARTESIAN_POINT('',(-3.2,-1.755,0.15));
#16276 = VECTOR('',#16277,1.);
#16277 = DIRECTION('',(-9.95799250103E-17,1.,0.));
#16278 = ORIENTED_EDGE('',*,*,#14706,.T.);
#16279 = ORIENTED_EDGE('',*,*,#16256,.F.);
#16280 = ORIENTED_EDGE('',*,*,#14466,.F.);
#16281 = PLANE('',#16282);
#16282 = AXIS2_PLACEMENT_3D('',#16283,#16284,#16285);
#16283 = CARTESIAN_POINT('',(-3.2,-1.755,0.15));
#16284 = DIRECTION('',(-0.,0.,-1.));
#16285 = DIRECTION('',(1.,9.95799250103E-17,0.));
#16286 = ADVANCED_FACE('',(#16287),#16298,.F.);
#16287 = FACE_BOUND('',#16288,.F.);
#16288 = EDGE_LOOP('',(#16289,#16295,#16296,#16297));
#16289 = ORIENTED_EDGE('',*,*,#16290,.T.);
#16290 = EDGE_CURVE('',#14451,#14691,#16291,.T.);
#16291 = LINE('',#16292,#16293);
#16292 = CARTESIAN_POINT('',(-3.2,-1.755,1.110223024625E-16));
#16293 = VECTOR('',#16294,1.);
#16294 = DIRECTION('',(-9.95799250103E-17,1.,0.));
#16295 = ORIENTED_EDGE('',*,*,#14698,.T.);
#16296 = ORIENTED_EDGE('',*,*,#16273,.F.);
#16297 = ORIENTED_EDGE('',*,*,#14458,.F.);
#16298 = PLANE('',#16299);
#16299 = AXIS2_PLACEMENT_3D('',#16300,#16301,#16302);
#16300 = CARTESIAN_POINT('',(-3.2,-1.755,1.110223024625E-16));
#16301 = DIRECTION('',(1.,9.95799250103E-17,0.));
#16302 = DIRECTION('',(0.,-0.,1.));
#16303 = ADVANCED_FACE('',(#16304),#16315,.F.);
#16304 = FACE_BOUND('',#16305,.F.);
#16305 = EDGE_LOOP('',(#16306,#16312,#16313,#16314));
#16306 = ORIENTED_EDGE('',*,*,#16307,.T.);
#16307 = EDGE_CURVE('',#14442,#14682,#16308,.T.);
#16308 = LINE('',#16309,#16310);
#16309 = CARTESIAN_POINT('',(-2.75,-1.755,1.110223024625E-16));
#16310 = VECTOR('',#16311,1.);
#16311 = DIRECTION('',(-9.95799250103E-17,1.,0.));
#16312 = ORIENTED_EDGE('',*,*,#14690,.T.);
#16313 = ORIENTED_EDGE('',*,*,#16290,.F.);
#16314 = ORIENTED_EDGE('',*,*,#14450,.F.);
#16315 = PLANE('',#16316);
#16316 = AXIS2_PLACEMENT_3D('',#16317,#16318,#16319);
#16317 = CARTESIAN_POINT('',(-2.75,-1.755,1.110223024625E-16));
#16318 = DIRECTION('',(0.,0.,1.));
#16319 = DIRECTION('',(-1.,-9.95799250103E-17,0.));
#16320 = ADVANCED_FACE('',(#16321),#16332,.T.);
#16321 = FACE_BOUND('',#16322,.T.);
#16322 = EDGE_LOOP('',(#16323,#16324,#16325,#16326));
#16323 = ORIENTED_EDGE('',*,*,#14441,.T.);
#16324 = ORIENTED_EDGE('',*,*,#16307,.T.);
#16325 = ORIENTED_EDGE('',*,*,#14681,.F.);
#16326 = ORIENTED_EDGE('',*,*,#16327,.F.);
#16327 = EDGE_CURVE('',#14434,#14674,#16328,.T.);
#16328 = LINE('',#16329,#16330);
#16329 = CARTESIAN_POINT('',(-2.5,-1.755,0.25));
#16330 = VECTOR('',#16331,1.);
#16331 = DIRECTION('',(-9.95799250103E-17,1.,0.));
#16332 = CYLINDRICAL_SURFACE('',#16333,0.25);
#16333 = AXIS2_PLACEMENT_3D('',#16334,#16335,#16336);
#16334 = CARTESIAN_POINT('',(-2.75,-1.755,0.25));
#16335 = DIRECTION('',(9.95799250103E-17,-1.,-0.));
#16336 = DIRECTION('',(1.,9.95799250103E-17,-2.442490654175E-15));
#16337 = ADVANCED_FACE('',(#16338),#16344,.F.);
#16338 = FACE_BOUND('',#16339,.F.);
#16339 = EDGE_LOOP('',(#16340,#16341,#16342,#16343));
#16340 = ORIENTED_EDGE('',*,*,#14655,.T.);
#16341 = ORIENTED_EDGE('',*,*,#14673,.T.);
#16342 = ORIENTED_EDGE('',*,*,#16327,.F.);
#16343 = ORIENTED_EDGE('',*,*,#14433,.F.);
#16344 = PLANE('',#16345);
#16345 = AXIS2_PLACEMENT_3D('',#16346,#16347,#16348);
#16346 = CARTESIAN_POINT('',(-2.5,-1.755,0.425));
#16347 = DIRECTION('',(-1.,-9.95799250103E-17,0.));
#16348 = DIRECTION('',(-0.,0.,-1.));
#16349 = ADVANCED_FACE('',(#16350),#16361,.T.);
#16350 = FACE_BOUND('',#16351,.T.);
#16351 = EDGE_LOOP('',(#16352,#16353,#16354,#16355));
#16352 = ORIENTED_EDGE('',*,*,#15051,.T.);
#16353 = ORIENTED_EDGE('',*,*,#15857,.T.);
#16354 = ORIENTED_EDGE('',*,*,#14845,.F.);
#16355 = ORIENTED_EDGE('',*,*,#16356,.F.);
#16356 = EDGE_CURVE('',#15044,#14838,#16357,.T.);
#16357 = LINE('',#16358,#16359);
#16358 = CARTESIAN_POINT('',(-2.65,0.845,0.425));
#16359 = VECTOR('',#16360,1.);
#16360 = DIRECTION('',(-9.95799250103E-17,1.,0.));
#16361 = CYLINDRICAL_SURFACE('',#16362,0.25);
#16362 = AXIS2_PLACEMENT_3D('',#16363,#16364,#16365);
#16363 = CARTESIAN_POINT('',(-2.4,0.845,0.425));
#16364 = DIRECTION('',(9.95799250103E-17,-1.,-0.));
#16365 = DIRECTION('',(-1.,-9.95799250103E-17,2.22044604925E-15));
#16366 = ADVANCED_FACE('',(#16367),#16378,.F.);
#16367 = FACE_BOUND('',#16368,.F.);
#16368 = EDGE_LOOP('',(#16369,#16375,#16376,#16377));
#16369 = ORIENTED_EDGE('',*,*,#16370,.T.);
#16370 = EDGE_CURVE('',#15035,#14829,#16371,.T.);
#16371 = LINE('',#16372,#16373);
#16372 = CARTESIAN_POINT('',(-2.65,0.845,0.25));
#16373 = VECTOR('',#16374,1.);
#16374 = DIRECTION('',(-9.95799250103E-17,1.,0.));
#16375 = ORIENTED_EDGE('',*,*,#14837,.T.);
#16376 = ORIENTED_EDGE('',*,*,#16356,.F.);
#16377 = ORIENTED_EDGE('',*,*,#15043,.F.);
#16378 = PLANE('',#16379);
#16379 = AXIS2_PLACEMENT_3D('',#16380,#16381,#16382);
#16380 = CARTESIAN_POINT('',(-2.65,0.845,0.25));
#16381 = DIRECTION('',(1.,9.95799250103E-17,0.));
#16382 = DIRECTION('',(0.,-0.,1.));
#16383 = ADVANCED_FACE('',(#16384),#16395,.F.);
#16384 = FACE_BOUND('',#16385,.F.);
#16385 = EDGE_LOOP('',(#16386,#16392,#16393,#16394));
#16386 = ORIENTED_EDGE('',*,*,#16387,.T.);
#16387 = EDGE_CURVE('',#15027,#14821,#16388,.T.);
#16388 = LINE('',#16389,#16390);
#16389 = CARTESIAN_POINT('',(-2.75,0.845,0.15));
#16390 = VECTOR('',#16391,1.);
#16391 = DIRECTION('',(-9.95799250103E-17,1.,0.));
#16392 = ORIENTED_EDGE('',*,*,#14828,.T.);
#16393 = ORIENTED_EDGE('',*,*,#16370,.F.);
#16394 = ORIENTED_EDGE('',*,*,#15034,.F.);
#16395 = CYLINDRICAL_SURFACE('',#16396,0.1);
#16396 = AXIS2_PLACEMENT_3D('',#16397,#16398,#16399);
#16397 = CARTESIAN_POINT('',(-2.75,0.845,0.25));
#16398 = DIRECTION('',(9.95799250103E-17,-1.,0.));
#16399 = DIRECTION('',(0.,-0.,-1.));
#16400 = ADVANCED_FACE('',(#16401),#16412,.F.);
#16401 = FACE_BOUND('',#16402,.F.);
#16402 = EDGE_LOOP('',(#16403,#16409,#16410,#16411));
#16403 = ORIENTED_EDGE('',*,*,#16404,.T.);
#16404 = EDGE_CURVE('',#15019,#14813,#16405,.T.);
#16405 = LINE('',#16406,#16407);
#16406 = CARTESIAN_POINT('',(-3.2,0.845,0.15));
#16407 = VECTOR('',#16408,1.);
#16408 = DIRECTION('',(-9.95799250103E-17,1.,0.));
#16409 = ORIENTED_EDGE('',*,*,#14820,.T.);
#16410 = ORIENTED_EDGE('',*,*,#16387,.F.);
#16411 = ORIENTED_EDGE('',*,*,#15026,.F.);
#16412 = PLANE('',#16413);
#16413 = AXIS2_PLACEMENT_3D('',#16414,#16415,#16416);
#16414 = CARTESIAN_POINT('',(-3.2,0.845,0.15));
#16415 = DIRECTION('',(-0.,0.,-1.));
#16416 = DIRECTION('',(1.,9.95799250103E-17,0.));
#16417 = ADVANCED_FACE('',(#16418),#16429,.F.);
#16418 = FACE_BOUND('',#16419,.F.);
#16419 = EDGE_LOOP('',(#16420,#16426,#16427,#16428));
#16420 = ORIENTED_EDGE('',*,*,#16421,.T.);
#16421 = EDGE_CURVE('',#15011,#14805,#16422,.T.);
#16422 = LINE('',#16423,#16424);
#16423 = CARTESIAN_POINT('',(-3.2,0.845,1.110223024625E-16));
#16424 = VECTOR('',#16425,1.);
#16425 = DIRECTION('',(-9.95799250103E-17,1.,0.));
#16426 = ORIENTED_EDGE('',*,*,#14812,.T.);
#16427 = ORIENTED_EDGE('',*,*,#16404,.F.);
#16428 = ORIENTED_EDGE('',*,*,#15018,.F.);
#16429 = PLANE('',#16430);
#16430 = AXIS2_PLACEMENT_3D('',#16431,#16432,#16433);
#16431 = CARTESIAN_POINT('',(-3.2,0.845,1.110223024625E-16));
#16432 = DIRECTION('',(1.,9.95799250103E-17,0.));
#16433 = DIRECTION('',(0.,-0.,1.));
#16434 = ADVANCED_FACE('',(#16435),#16446,.F.);
#16435 = FACE_BOUND('',#16436,.F.);
#16436 = EDGE_LOOP('',(#16437,#16443,#16444,#16445));
#16437 = ORIENTED_EDGE('',*,*,#16438,.T.);
#16438 = EDGE_CURVE('',#15002,#14796,#16439,.T.);
#16439 = LINE('',#16440,#16441);
#16440 = CARTESIAN_POINT('',(-2.75,0.845,1.110223024625E-16));
#16441 = VECTOR('',#16442,1.);
#16442 = DIRECTION('',(-9.95799250103E-17,1.,0.));
#16443 = ORIENTED_EDGE('',*,*,#14804,.T.);
#16444 = ORIENTED_EDGE('',*,*,#16421,.F.);
#16445 = ORIENTED_EDGE('',*,*,#15010,.F.);
#16446 = PLANE('',#16447);
#16447 = AXIS2_PLACEMENT_3D('',#16448,#16449,#16450);
#16448 = CARTESIAN_POINT('',(-2.75,0.845,1.110223024625E-16));
#16449 = DIRECTION('',(0.,0.,1.));
#16450 = DIRECTION('',(-1.,-9.95799250103E-17,0.));
#16451 = ADVANCED_FACE('',(#16452),#16463,.T.);
#16452 = FACE_BOUND('',#16453,.T.);
#16453 = EDGE_LOOP('',(#16454,#16455,#16456,#16457));
#16454 = ORIENTED_EDGE('',*,*,#15001,.T.);
#16455 = ORIENTED_EDGE('',*,*,#16438,.T.);
#16456 = ORIENTED_EDGE('',*,*,#14795,.F.);
#16457 = ORIENTED_EDGE('',*,*,#16458,.F.);
#16458 = EDGE_CURVE('',#14994,#14788,#16459,.T.);
#16459 = LINE('',#16460,#16461);
#16460 = CARTESIAN_POINT('',(-2.5,0.845,0.25));
#16461 = VECTOR('',#16462,1.);
#16462 = DIRECTION('',(-9.95799250103E-17,1.,0.));
#16463 = CYLINDRICAL_SURFACE('',#16464,0.25);
#16464 = AXIS2_PLACEMENT_3D('',#16465,#16466,#16467);
#16465 = CARTESIAN_POINT('',(-2.75,0.845,0.25));
#16466 = DIRECTION('',(9.95799250103E-17,-1.,-0.));
#16467 = DIRECTION('',(1.,9.95799250103E-17,-2.442490654175E-15));
#16468 = ADVANCED_FACE('',(#16469),#16475,.F.);
#16469 = FACE_BOUND('',#16470,.F.);
#16470 = EDGE_LOOP('',(#16471,#16472,#16473,#16474));
#16471 = ORIENTED_EDGE('',*,*,#15076,.T.);
#16472 = ORIENTED_EDGE('',*,*,#14787,.T.);
#16473 = ORIENTED_EDGE('',*,*,#16458,.F.);
#16474 = ORIENTED_EDGE('',*,*,#14993,.F.);
#16475 = PLANE('',#16476);
#16476 = AXIS2_PLACEMENT_3D('',#16477,#16478,#16479);
#16477 = CARTESIAN_POINT('',(-2.5,0.845,0.425));
#16478 = DIRECTION('',(-1.,-9.95799250103E-17,0.));
#16479 = DIRECTION('',(-0.,0.,-1.));
#16480 = ADVANCED_FACE('',(#16481),#16492,.T.);
#16481 = FACE_BOUND('',#16482,.T.);
#16482 = EDGE_LOOP('',(#16483,#16484,#16485,#16486));
#16483 = ORIENTED_EDGE('',*,*,#14937,.T.);
#16484 = ORIENTED_EDGE('',*,*,#15914,.T.);
#16485 = ORIENTED_EDGE('',*,*,#15177,.F.);
#16486 = ORIENTED_EDGE('',*,*,#16487,.F.);
#16487 = EDGE_CURVE('',#14930,#15170,#16488,.T.);
#16488 = LINE('',#16489,#16490);
#16489 = CARTESIAN_POINT('',(-2.65,-1.105,0.425));
#16490 = VECTOR('',#16491,1.);
#16491 = DIRECTION('',(-9.95799250103E-17,1.,0.));
#16492 = CYLINDRICAL_SURFACE('',#16493,0.25);
#16493 = AXIS2_PLACEMENT_3D('',#16494,#16495,#16496);
#16494 = CARTESIAN_POINT('',(-2.4,-1.105,0.425));
#16495 = DIRECTION('',(9.95799250103E-17,-1.,-0.));
#16496 = DIRECTION('',(-1.,-9.95799250103E-17,2.22044604925E-15));
#16497 = ADVANCED_FACE('',(#16498),#16509,.F.);
#16498 = FACE_BOUND('',#16499,.F.);
#16499 = EDGE_LOOP('',(#16500,#16506,#16507,#16508));
#16500 = ORIENTED_EDGE('',*,*,#16501,.T.);
#16501 = EDGE_CURVE('',#14921,#15161,#16502,.T.);
#16502 = LINE('',#16503,#16504);
#16503 = CARTESIAN_POINT('',(-2.65,-1.105,0.25));
#16504 = VECTOR('',#16505,1.);
#16505 = DIRECTION('',(-9.95799250103E-17,1.,0.));
#16506 = ORIENTED_EDGE('',*,*,#15169,.T.);
#16507 = ORIENTED_EDGE('',*,*,#16487,.F.);
#16508 = ORIENTED_EDGE('',*,*,#14929,.F.);
#16509 = PLANE('',#16510);
#16510 = AXIS2_PLACEMENT_3D('',#16511,#16512,#16513);
#16511 = CARTESIAN_POINT('',(-2.65,-1.105,0.25));
#16512 = DIRECTION('',(1.,9.95799250103E-17,0.));
#16513 = DIRECTION('',(0.,-0.,1.));
#16514 = ADVANCED_FACE('',(#16515),#16526,.F.);
#16515 = FACE_BOUND('',#16516,.F.);
#16516 = EDGE_LOOP('',(#16517,#16523,#16524,#16525));
#16517 = ORIENTED_EDGE('',*,*,#16518,.T.);
#16518 = EDGE_CURVE('',#14913,#15153,#16519,.T.);
#16519 = LINE('',#16520,#16521);
#16520 = CARTESIAN_POINT('',(-2.75,-1.105,0.15));
#16521 = VECTOR('',#16522,1.);
#16522 = DIRECTION('',(-9.95799250103E-17,1.,0.));
#16523 = ORIENTED_EDGE('',*,*,#15160,.T.);
#16524 = ORIENTED_EDGE('',*,*,#16501,.F.);
#16525 = ORIENTED_EDGE('',*,*,#14920,.F.);
#16526 = CYLINDRICAL_SURFACE('',#16527,0.1);
#16527 = AXIS2_PLACEMENT_3D('',#16528,#16529,#16530);
#16528 = CARTESIAN_POINT('',(-2.75,-1.105,0.25));
#16529 = DIRECTION('',(9.95799250103E-17,-1.,0.));
#16530 = DIRECTION('',(0.,-0.,-1.));
#16531 = ADVANCED_FACE('',(#16532),#16543,.F.);
#16532 = FACE_BOUND('',#16533,.F.);
#16533 = EDGE_LOOP('',(#16534,#16540,#16541,#16542));
#16534 = ORIENTED_EDGE('',*,*,#16535,.T.);
#16535 = EDGE_CURVE('',#14905,#15145,#16536,.T.);
#16536 = LINE('',#16537,#16538);
#16537 = CARTESIAN_POINT('',(-3.2,-1.105,0.15));
#16538 = VECTOR('',#16539,1.);
#16539 = DIRECTION('',(-9.95799250103E-17,1.,0.));
#16540 = ORIENTED_EDGE('',*,*,#15152,.T.);
#16541 = ORIENTED_EDGE('',*,*,#16518,.F.);
#16542 = ORIENTED_EDGE('',*,*,#14912,.F.);
#16543 = PLANE('',#16544);
#16544 = AXIS2_PLACEMENT_3D('',#16545,#16546,#16547);
#16545 = CARTESIAN_POINT('',(-3.2,-1.105,0.15));
#16546 = DIRECTION('',(-0.,0.,-1.));
#16547 = DIRECTION('',(1.,9.95799250103E-17,0.));
#16548 = ADVANCED_FACE('',(#16549),#16560,.F.);
#16549 = FACE_BOUND('',#16550,.F.);
#16550 = EDGE_LOOP('',(#16551,#16557,#16558,#16559));
#16551 = ORIENTED_EDGE('',*,*,#16552,.T.);
#16552 = EDGE_CURVE('',#14897,#15137,#16553,.T.);
#16553 = LINE('',#16554,#16555);
#16554 = CARTESIAN_POINT('',(-3.2,-1.105,1.110223024625E-16));
#16555 = VECTOR('',#16556,1.);
#16556 = DIRECTION('',(-9.95799250103E-17,1.,0.));
#16557 = ORIENTED_EDGE('',*,*,#15144,.T.);
#16558 = ORIENTED_EDGE('',*,*,#16535,.F.);
#16559 = ORIENTED_EDGE('',*,*,#14904,.F.);
#16560 = PLANE('',#16561);
#16561 = AXIS2_PLACEMENT_3D('',#16562,#16563,#16564);
#16562 = CARTESIAN_POINT('',(-3.2,-1.105,1.110223024625E-16));
#16563 = DIRECTION('',(1.,9.95799250103E-17,0.));
#16564 = DIRECTION('',(0.,-0.,1.));
#16565 = ADVANCED_FACE('',(#16566),#16577,.F.);
#16566 = FACE_BOUND('',#16567,.F.);
#16567 = EDGE_LOOP('',(#16568,#16574,#16575,#16576));
#16568 = ORIENTED_EDGE('',*,*,#16569,.T.);
#16569 = EDGE_CURVE('',#14888,#15128,#16570,.T.);
#16570 = LINE('',#16571,#16572);
#16571 = CARTESIAN_POINT('',(-2.75,-1.105,1.110223024625E-16));
#16572 = VECTOR('',#16573,1.);
#16573 = DIRECTION('',(-9.95799250103E-17,1.,0.));
#16574 = ORIENTED_EDGE('',*,*,#15136,.T.);
#16575 = ORIENTED_EDGE('',*,*,#16552,.F.);
#16576 = ORIENTED_EDGE('',*,*,#14896,.F.);
#16577 = PLANE('',#16578);
#16578 = AXIS2_PLACEMENT_3D('',#16579,#16580,#16581);
#16579 = CARTESIAN_POINT('',(-2.75,-1.105,1.110223024625E-16));
#16580 = DIRECTION('',(0.,0.,1.));
#16581 = DIRECTION('',(-1.,-9.95799250103E-17,0.));
#16582 = ADVANCED_FACE('',(#16583),#16594,.T.);
#16583 = FACE_BOUND('',#16584,.T.);
#16584 = EDGE_LOOP('',(#16585,#16586,#16587,#16588));
#16585 = ORIENTED_EDGE('',*,*,#14887,.T.);
#16586 = ORIENTED_EDGE('',*,*,#16569,.T.);
#16587 = ORIENTED_EDGE('',*,*,#15127,.F.);
#16588 = ORIENTED_EDGE('',*,*,#16589,.F.);
#16589 = EDGE_CURVE('',#14880,#15120,#16590,.T.);
#16590 = LINE('',#16591,#16592);
#16591 = CARTESIAN_POINT('',(-2.5,-1.105,0.25));
#16592 = VECTOR('',#16593,1.);
#16593 = DIRECTION('',(-9.95799250103E-17,1.,0.));
#16594 = CYLINDRICAL_SURFACE('',#16595,0.25);
#16595 = AXIS2_PLACEMENT_3D('',#16596,#16597,#16598);
#16596 = CARTESIAN_POINT('',(-2.75,-1.105,0.25));
#16597 = DIRECTION('',(9.95799250103E-17,-1.,-0.));
#16598 = DIRECTION('',(1.,9.95799250103E-17,-2.442490654175E-15));
#16599 = ADVANCED_FACE('',(#16600),#16606,.F.);
#16600 = FACE_BOUND('',#16601,.F.);
#16601 = EDGE_LOOP('',(#16602,#16603,#16604,#16605));
#16602 = ORIENTED_EDGE('',*,*,#15101,.T.);
#16603 = ORIENTED_EDGE('',*,*,#15119,.T.);
#16604 = ORIENTED_EDGE('',*,*,#16589,.F.);
#16605 = ORIENTED_EDGE('',*,*,#14879,.F.);
#16606 = PLANE('',#16607);
#16607 = AXIS2_PLACEMENT_3D('',#16608,#16609,#16610);
#16608 = CARTESIAN_POINT('',(-2.5,-1.105,0.425));
#16609 = DIRECTION('',(-1.,-9.95799250103E-17,0.));
#16610 = DIRECTION('',(-0.,0.,-1.));
#16611 = ADVANCED_FACE('',(#16612),#16623,.T.);
#16612 = FACE_BOUND('',#16613,.T.);
#16613 = EDGE_LOOP('',(#16614,#16615,#16616,#16617));
#16614 = ORIENTED_EDGE('',*,*,#15497,.T.);
#16615 = ORIENTED_EDGE('',*,*,#15895,.T.);
#16616 = ORIENTED_EDGE('',*,*,#15291,.F.);
#16617 = ORIENTED_EDGE('',*,*,#16618,.F.);
#16618 = EDGE_CURVE('',#15490,#15284,#16619,.T.);
#16619 = LINE('',#16620,#16621);
#16620 = CARTESIAN_POINT('',(-2.65,0.195,0.425));
#16621 = VECTOR('',#16622,1.);
#16622 = DIRECTION('',(-9.95799250103E-17,1.,0.));
#16623 = CYLINDRICAL_SURFACE('',#16624,0.25);
#16624 = AXIS2_PLACEMENT_3D('',#16625,#16626,#16627);
#16625 = CARTESIAN_POINT('',(-2.4,0.195,0.425));
#16626 = DIRECTION('',(9.95799250103E-17,-1.,-0.));
#16627 = DIRECTION('',(-1.,-9.95799250103E-17,2.22044604925E-15));
#16628 = ADVANCED_FACE('',(#16629),#16640,.F.);
#16629 = FACE_BOUND('',#16630,.F.);
#16630 = EDGE_LOOP('',(#16631,#16637,#16638,#16639));
#16631 = ORIENTED_EDGE('',*,*,#16632,.T.);
#16632 = EDGE_CURVE('',#15481,#15275,#16633,.T.);
#16633 = LINE('',#16634,#16635);
#16634 = CARTESIAN_POINT('',(-2.65,0.195,0.25));
#16635 = VECTOR('',#16636,1.);
#16636 = DIRECTION('',(-9.95799250103E-17,1.,0.));
#16637 = ORIENTED_EDGE('',*,*,#15283,.T.);
#16638 = ORIENTED_EDGE('',*,*,#16618,.F.);
#16639 = ORIENTED_EDGE('',*,*,#15489,.F.);
#16640 = PLANE('',#16641);
#16641 = AXIS2_PLACEMENT_3D('',#16642,#16643,#16644);
#16642 = CARTESIAN_POINT('',(-2.65,0.195,0.25));
#16643 = DIRECTION('',(1.,9.95799250103E-17,0.));
#16644 = DIRECTION('',(0.,-0.,1.));
#16645 = ADVANCED_FACE('',(#16646),#16657,.F.);
#16646 = FACE_BOUND('',#16647,.F.);
#16647 = EDGE_LOOP('',(#16648,#16654,#16655,#16656));
#16648 = ORIENTED_EDGE('',*,*,#16649,.T.);
#16649 = EDGE_CURVE('',#15473,#15267,#16650,.T.);
#16650 = LINE('',#16651,#16652);
#16651 = CARTESIAN_POINT('',(-2.75,0.195,0.15));
#16652 = VECTOR('',#16653,1.);
#16653 = DIRECTION('',(-9.95799250103E-17,1.,0.));
#16654 = ORIENTED_EDGE('',*,*,#15274,.T.);
#16655 = ORIENTED_EDGE('',*,*,#16632,.F.);
#16656 = ORIENTED_EDGE('',*,*,#15480,.F.);
#16657 = CYLINDRICAL_SURFACE('',#16658,0.1);
#16658 = AXIS2_PLACEMENT_3D('',#16659,#16660,#16661);
#16659 = CARTESIAN_POINT('',(-2.75,0.195,0.25));
#16660 = DIRECTION('',(9.95799250103E-17,-1.,0.));
#16661 = DIRECTION('',(0.,-0.,-1.));
#16662 = ADVANCED_FACE('',(#16663),#16674,.F.);
#16663 = FACE_BOUND('',#16664,.F.);
#16664 = EDGE_LOOP('',(#16665,#16671,#16672,#16673));
#16665 = ORIENTED_EDGE('',*,*,#16666,.T.);
#16666 = EDGE_CURVE('',#15465,#15259,#16667,.T.);
#16667 = LINE('',#16668,#16669);
#16668 = CARTESIAN_POINT('',(-3.2,0.195,0.15));
#16669 = VECTOR('',#16670,1.);
#16670 = DIRECTION('',(-9.95799250103E-17,1.,0.));
#16671 = ORIENTED_EDGE('',*,*,#15266,.T.);
#16672 = ORIENTED_EDGE('',*,*,#16649,.F.);
#16673 = ORIENTED_EDGE('',*,*,#15472,.F.);
#16674 = PLANE('',#16675);
#16675 = AXIS2_PLACEMENT_3D('',#16676,#16677,#16678);
#16676 = CARTESIAN_POINT('',(-3.2,0.195,0.15));
#16677 = DIRECTION('',(-0.,0.,-1.));
#16678 = DIRECTION('',(1.,9.95799250103E-17,0.));
#16679 = ADVANCED_FACE('',(#16680),#16691,.F.);
#16680 = FACE_BOUND('',#16681,.F.);
#16681 = EDGE_LOOP('',(#16682,#16688,#16689,#16690));
#16682 = ORIENTED_EDGE('',*,*,#16683,.T.);
#16683 = EDGE_CURVE('',#15457,#15251,#16684,.T.);
#16684 = LINE('',#16685,#16686);
#16685 = CARTESIAN_POINT('',(-3.2,0.195,1.110223024625E-16));
#16686 = VECTOR('',#16687,1.);
#16687 = DIRECTION('',(-9.95799250103E-17,1.,0.));
#16688 = ORIENTED_EDGE('',*,*,#15258,.T.);
#16689 = ORIENTED_EDGE('',*,*,#16666,.F.);
#16690 = ORIENTED_EDGE('',*,*,#15464,.F.);
#16691 = PLANE('',#16692);
#16692 = AXIS2_PLACEMENT_3D('',#16693,#16694,#16695);
#16693 = CARTESIAN_POINT('',(-3.2,0.195,1.110223024625E-16));
#16694 = DIRECTION('',(1.,9.95799250103E-17,0.));
#16695 = DIRECTION('',(0.,-0.,1.));
#16696 = ADVANCED_FACE('',(#16697),#16708,.F.);
#16697 = FACE_BOUND('',#16698,.F.);
#16698 = EDGE_LOOP('',(#16699,#16705,#16706,#16707));
#16699 = ORIENTED_EDGE('',*,*,#16700,.T.);
#16700 = EDGE_CURVE('',#15448,#15242,#16701,.T.);
#16701 = LINE('',#16702,#16703);
#16702 = CARTESIAN_POINT('',(-2.75,0.195,1.110223024625E-16));
#16703 = VECTOR('',#16704,1.);
#16704 = DIRECTION('',(-9.95799250103E-17,1.,0.));
#16705 = ORIENTED_EDGE('',*,*,#15250,.T.);
#16706 = ORIENTED_EDGE('',*,*,#16683,.F.);
#16707 = ORIENTED_EDGE('',*,*,#15456,.F.);
#16708 = PLANE('',#16709);
#16709 = AXIS2_PLACEMENT_3D('',#16710,#16711,#16712);
#16710 = CARTESIAN_POINT('',(-2.75,0.195,1.110223024625E-16));
#16711 = DIRECTION('',(0.,0.,1.));
#16712 = DIRECTION('',(-1.,-9.95799250103E-17,0.));
#16713 = ADVANCED_FACE('',(#16714),#16725,.T.);
#16714 = FACE_BOUND('',#16715,.T.);
#16715 = EDGE_LOOP('',(#16716,#16717,#16718,#16719));
#16716 = ORIENTED_EDGE('',*,*,#15447,.T.);
#16717 = ORIENTED_EDGE('',*,*,#16700,.T.);
#16718 = ORIENTED_EDGE('',*,*,#15241,.F.);
#16719 = ORIENTED_EDGE('',*,*,#16720,.F.);
#16720 = EDGE_CURVE('',#15440,#15234,#16721,.T.);
#16721 = LINE('',#16722,#16723);
#16722 = CARTESIAN_POINT('',(-2.5,0.195,0.25));
#16723 = VECTOR('',#16724,1.);
#16724 = DIRECTION('',(-9.95799250103E-17,1.,0.));
#16725 = CYLINDRICAL_SURFACE('',#16726,0.25);
#16726 = AXIS2_PLACEMENT_3D('',#16727,#16728,#16729);
#16727 = CARTESIAN_POINT('',(-2.75,0.195,0.25));
#16728 = DIRECTION('',(9.95799250103E-17,-1.,-0.));
#16729 = DIRECTION('',(1.,9.95799250103E-17,-2.442490654175E-15));
#16730 = ADVANCED_FACE('',(#16731),#16737,.F.);
#16731 = FACE_BOUND('',#16732,.F.);
#16732 = EDGE_LOOP('',(#16733,#16734,#16735,#16736));
#16733 = ORIENTED_EDGE('',*,*,#15522,.T.);
#16734 = ORIENTED_EDGE('',*,*,#15233,.T.);
#16735 = ORIENTED_EDGE('',*,*,#16720,.F.);
#16736 = ORIENTED_EDGE('',*,*,#15439,.F.);
#16737 = PLANE('',#16738);
#16738 = AXIS2_PLACEMENT_3D('',#16739,#16740,#16741);
#16739 = CARTESIAN_POINT('',(-2.5,0.195,0.425));
#16740 = DIRECTION('',(-1.,-9.95799250103E-17,0.));
#16741 = DIRECTION('',(-0.,0.,-1.));
#16742 = ADVANCED_FACE('',(#16743),#16754,.T.);
#16743 = FACE_BOUND('',#16744,.T.);
#16744 = EDGE_LOOP('',(#16745,#16746,#16747,#16748));
#16745 = ORIENTED_EDGE('',*,*,#15383,.T.);
#16746 = ORIENTED_EDGE('',*,*,#15933,.T.);
#16747 = ORIENTED_EDGE('',*,*,#15623,.F.);
#16748 = ORIENTED_EDGE('',*,*,#16749,.F.);
#16749 = EDGE_CURVE('',#15376,#15616,#16750,.T.);
#16750 = LINE('',#16751,#16752);
#16751 = CARTESIAN_POINT('',(-2.65,-0.455,0.425));
#16752 = VECTOR('',#16753,1.);
#16753 = DIRECTION('',(-9.95799250103E-17,1.,0.));
#16754 = CYLINDRICAL_SURFACE('',#16755,0.25);
#16755 = AXIS2_PLACEMENT_3D('',#16756,#16757,#16758);
#16756 = CARTESIAN_POINT('',(-2.4,-0.455,0.425));
#16757 = DIRECTION('',(9.95799250103E-17,-1.,-0.));
#16758 = DIRECTION('',(-1.,-9.95799250103E-17,2.22044604925E-15));
#16759 = ADVANCED_FACE('',(#16760),#16771,.F.);
#16760 = FACE_BOUND('',#16761,.F.);
#16761 = EDGE_LOOP('',(#16762,#16768,#16769,#16770));
#16762 = ORIENTED_EDGE('',*,*,#16763,.T.);
#16763 = EDGE_CURVE('',#15367,#15607,#16764,.T.);
#16764 = LINE('',#16765,#16766);
#16765 = CARTESIAN_POINT('',(-2.65,-0.455,0.25));
#16766 = VECTOR('',#16767,1.);
#16767 = DIRECTION('',(-9.95799250103E-17,1.,0.));
#16768 = ORIENTED_EDGE('',*,*,#15615,.T.);
#16769 = ORIENTED_EDGE('',*,*,#16749,.F.);
#16770 = ORIENTED_EDGE('',*,*,#15375,.F.);
#16771 = PLANE('',#16772);
#16772 = AXIS2_PLACEMENT_3D('',#16773,#16774,#16775);
#16773 = CARTESIAN_POINT('',(-2.65,-0.455,0.25));
#16774 = DIRECTION('',(1.,9.95799250103E-17,0.));
#16775 = DIRECTION('',(0.,-0.,1.));
#16776 = ADVANCED_FACE('',(#16777),#16788,.F.);
#16777 = FACE_BOUND('',#16778,.F.);
#16778 = EDGE_LOOP('',(#16779,#16785,#16786,#16787));
#16779 = ORIENTED_EDGE('',*,*,#16780,.T.);
#16780 = EDGE_CURVE('',#15359,#15599,#16781,.T.);
#16781 = LINE('',#16782,#16783);
#16782 = CARTESIAN_POINT('',(-2.75,-0.455,0.15));
#16783 = VECTOR('',#16784,1.);
#16784 = DIRECTION('',(-9.95799250103E-17,1.,0.));
#16785 = ORIENTED_EDGE('',*,*,#15606,.T.);
#16786 = ORIENTED_EDGE('',*,*,#16763,.F.);
#16787 = ORIENTED_EDGE('',*,*,#15366,.F.);
#16788 = CYLINDRICAL_SURFACE('',#16789,0.1);
#16789 = AXIS2_PLACEMENT_3D('',#16790,#16791,#16792);
#16790 = CARTESIAN_POINT('',(-2.75,-0.455,0.25));
#16791 = DIRECTION('',(9.95799250103E-17,-1.,0.));
#16792 = DIRECTION('',(0.,-0.,-1.));
#16793 = ADVANCED_FACE('',(#16794),#16805,.F.);
#16794 = FACE_BOUND('',#16795,.F.);
#16795 = EDGE_LOOP('',(#16796,#16802,#16803,#16804));
#16796 = ORIENTED_EDGE('',*,*,#16797,.T.);
#16797 = EDGE_CURVE('',#15351,#15591,#16798,.T.);
#16798 = LINE('',#16799,#16800);
#16799 = CARTESIAN_POINT('',(-3.2,-0.455,0.15));
#16800 = VECTOR('',#16801,1.);
#16801 = DIRECTION('',(-9.95799250103E-17,1.,0.));
#16802 = ORIENTED_EDGE('',*,*,#15598,.T.);
#16803 = ORIENTED_EDGE('',*,*,#16780,.F.);
#16804 = ORIENTED_EDGE('',*,*,#15358,.F.);
#16805 = PLANE('',#16806);
#16806 = AXIS2_PLACEMENT_3D('',#16807,#16808,#16809);
#16807 = CARTESIAN_POINT('',(-3.2,-0.455,0.15));
#16808 = DIRECTION('',(-0.,0.,-1.));
#16809 = DIRECTION('',(1.,9.95799250103E-17,0.));
#16810 = ADVANCED_FACE('',(#16811),#16822,.F.);
#16811 = FACE_BOUND('',#16812,.F.);
#16812 = EDGE_LOOP('',(#16813,#16819,#16820,#16821));
#16813 = ORIENTED_EDGE('',*,*,#16814,.T.);
#16814 = EDGE_CURVE('',#15343,#15583,#16815,.T.);
#16815 = LINE('',#16816,#16817);
#16816 = CARTESIAN_POINT('',(-3.2,-0.455,1.110223024625E-16));
#16817 = VECTOR('',#16818,1.);
#16818 = DIRECTION('',(-9.95799250103E-17,1.,0.));
#16819 = ORIENTED_EDGE('',*,*,#15590,.T.);
#16820 = ORIENTED_EDGE('',*,*,#16797,.F.);
#16821 = ORIENTED_EDGE('',*,*,#15350,.F.);
#16822 = PLANE('',#16823);
#16823 = AXIS2_PLACEMENT_3D('',#16824,#16825,#16826);
#16824 = CARTESIAN_POINT('',(-3.2,-0.455,1.110223024625E-16));
#16825 = DIRECTION('',(1.,9.95799250103E-17,0.));
#16826 = DIRECTION('',(0.,-0.,1.));
#16827 = ADVANCED_FACE('',(#16828),#16839,.F.);
#16828 = FACE_BOUND('',#16829,.F.);
#16829 = EDGE_LOOP('',(#16830,#16836,#16837,#16838));
#16830 = ORIENTED_EDGE('',*,*,#16831,.T.);
#16831 = EDGE_CURVE('',#15334,#15574,#16832,.T.);
#16832 = LINE('',#16833,#16834);
#16833 = CARTESIAN_POINT('',(-2.75,-0.455,1.110223024625E-16));
#16834 = VECTOR('',#16835,1.);
#16835 = DIRECTION('',(-9.95799250103E-17,1.,0.));
#16836 = ORIENTED_EDGE('',*,*,#15582,.T.);
#16837 = ORIENTED_EDGE('',*,*,#16814,.F.);
#16838 = ORIENTED_EDGE('',*,*,#15342,.F.);
#16839 = PLANE('',#16840);
#16840 = AXIS2_PLACEMENT_3D('',#16841,#16842,#16843);
#16841 = CARTESIAN_POINT('',(-2.75,-0.455,1.110223024625E-16));
#16842 = DIRECTION('',(0.,0.,1.));
#16843 = DIRECTION('',(-1.,-9.95799250103E-17,0.));
#16844 = ADVANCED_FACE('',(#16845),#16856,.T.);
#16845 = FACE_BOUND('',#16846,.T.);
#16846 = EDGE_LOOP('',(#16847,#16848,#16849,#16850));
#16847 = ORIENTED_EDGE('',*,*,#15333,.T.);
#16848 = ORIENTED_EDGE('',*,*,#16831,.T.);
#16849 = ORIENTED_EDGE('',*,*,#15573,.F.);
#16850 = ORIENTED_EDGE('',*,*,#16851,.F.);
#16851 = EDGE_CURVE('',#15326,#15566,#16852,.T.);
#16852 = LINE('',#16853,#16854);
#16853 = CARTESIAN_POINT('',(-2.5,-0.455,0.25));
#16854 = VECTOR('',#16855,1.);
#16855 = DIRECTION('',(-9.95799250103E-17,1.,0.));
#16856 = CYLINDRICAL_SURFACE('',#16857,0.25);
#16857 = AXIS2_PLACEMENT_3D('',#16858,#16859,#16860);
#16858 = CARTESIAN_POINT('',(-2.75,-0.455,0.25));
#16859 = DIRECTION('',(9.95799250103E-17,-1.,-0.));
#16860 = DIRECTION('',(1.,9.95799250103E-17,-2.442490654175E-15));
#16861 = ADVANCED_FACE('',(#16862),#16868,.F.);
#16862 = FACE_BOUND('',#16863,.F.);
#16863 = EDGE_LOOP('',(#16864,#16865,#16866,#16867));
#16864 = ORIENTED_EDGE('',*,*,#15547,.T.);
#16865 = ORIENTED_EDGE('',*,*,#15565,.T.);
#16866 = ORIENTED_EDGE('',*,*,#16851,.F.);
#16867 = ORIENTED_EDGE('',*,*,#15325,.F.);
#16868 = PLANE('',#16869);
#16869 = AXIS2_PLACEMENT_3D('',#16870,#16871,#16872);
#16870 = CARTESIAN_POINT('',(-2.5,-0.455,0.425));
#16871 = DIRECTION('',(-1.,-9.95799250103E-17,0.));
#16872 = DIRECTION('',(-0.,0.,-1.));
#16873 = ( GEOMETRIC_REPRESENTATION_CONTEXT(3) 
GLOBAL_UNCERTAINTY_ASSIGNED_CONTEXT((#16877)) 
GLOBAL_UNIT_ASSIGNED_CONTEXT((#16874,#16875,#16876)) 
REPRESENTATION_CONTEXT('Context #1',
  '3D Context with UNIT and UNCERTAINTY') );
#16874 = ( LENGTH_UNIT() NAMED_UNIT(*) SI_UNIT(.MILLI.,.METRE.) );
#16875 = ( NAMED_UNIT(*) PLANE_ANGLE_UNIT() SI_UNIT($,.RADIAN.) );
#16876 = ( NAMED_UNIT(*) SI_UNIT($,.STERADIAN.) SOLID_ANGLE_UNIT() );
#16877 = UNCERTAINTY_MEASURE_WITH_UNIT(LENGTH_MEASURE(2.E-06),#16874,
  'distance_accuracy_value','confusion accuracy');
#16878 = CONTEXT_DEPENDENT_SHAPE_REPRESENTATION(#16879,#16881);
#16879 = ( REPRESENTATION_RELATIONSHIP('','',#8933,#10) 
REPRESENTATION_RELATIONSHIP_WITH_TRANSFORMATION(#16880) 
SHAPE_REPRESENTATION_RELATIONSHIP() );
#16880 = ITEM_DEFINED_TRANSFORMATION('','',#11,#39);
#16881 = PRODUCT_DEFINITION_SHAPE('Placement','Placement of an item',
  #16882);
#16882 = NEXT_ASSEMBLY_USAGE_OCCURRENCE('7','U1','',#5,#8928,$);
#16883 = PRODUCT_RELATED_PRODUCT_CATEGORY('part',$,(#8930));
#16884 = CONTEXT_DEPENDENT_SHAPE_REPRESENTATION(#16885,#16887);
#16885 = ( REPRESENTATION_RELATIONSHIP('','',#3436,#10) 
REPRESENTATION_RELATIONSHIP_WITH_TRANSFORMATION(#16886) 
SHAPE_REPRESENTATION_RELATIONSHIP() );
#16886 = ITEM_DEFINED_TRANSFORMATION('','',#11,#43);
#16887 = PRODUCT_DEFINITION_SHAPE('Placement','Placement of an item',
  #16888);
#16888 = NEXT_ASSEMBLY_USAGE_OCCURRENCE('8','J5','',#5,#3431,$);
#16889 = CONTEXT_DEPENDENT_SHAPE_REPRESENTATION(#16890,#16892);
#16890 = ( REPRESENTATION_RELATIONSHIP('','',#276,#10) 
REPRESENTATION_RELATIONSHIP_WITH_TRANSFORMATION(#16891) 
SHAPE_REPRESENTATION_RELATIONSHIP() );
#16891 = ITEM_DEFINED_TRANSFORMATION('','',#11,#47);
#16892 = PRODUCT_DEFINITION_SHAPE('Placement','Placement of an item',
  #16893);
#16893 = NEXT_ASSEMBLY_USAGE_OCCURRENCE('9','RA2','',#5,#271,$);
#16894 = CONTEXT_DEPENDENT_SHAPE_REPRESENTATION(#16895,#16897);
#16895 = ( REPRESENTATION_RELATIONSHIP('','',#3436,#10) 
REPRESENTATION_RELATIONSHIP_WITH_TRANSFORMATION(#16896) 
SHAPE_REPRESENTATION_RELATIONSHIP() );
#16896 = ITEM_DEFINED_TRANSFORMATION('','',#11,#51);
#16897 = PRODUCT_DEFINITION_SHAPE('Placement','Placement of an item',
  #16898);
#16898 = NEXT_ASSEMBLY_USAGE_OCCURRENCE('10','J8','',#5,#3431,$);
#16899 = CONTEXT_DEPENDENT_SHAPE_REPRESENTATION(#16900,#16902);
#16900 = ( REPRESENTATION_RELATIONSHIP('','',#1085,#10) 
REPRESENTATION_RELATIONSHIP_WITH_TRANSFORMATION(#16901) 
SHAPE_REPRESENTATION_RELATIONSHIP() );
#16901 = ITEM_DEFINED_TRANSFORMATION('','',#11,#55);
#16902 = PRODUCT_DEFINITION_SHAPE('Placement','Placement of an item',
  #16903);
#16903 = NEXT_ASSEMBLY_USAGE_OCCURRENCE('11','DL8','',#5,#1080,$);
#16904 = CONTEXT_DEPENDENT_SHAPE_REPRESENTATION(#16905,#16907);
#16905 = ( REPRESENTATION_RELATIONSHIP('','',#6175,#10) 
REPRESENTATION_RELATIONSHIP_WITH_TRANSFORMATION(#16906) 
SHAPE_REPRESENTATION_RELATIONSHIP() );
#16906 = ITEM_DEFINED_TRANSFORMATION('','',#11,#59);
#16907 = PRODUCT_DEFINITION_SHAPE('Placement','Placement of an item',
  #16908);
#16908 = NEXT_ASSEMBLY_USAGE_OCCURRENCE('12','OK3','',#5,#6170,$);
#16909 = CONTEXT_DEPENDENT_SHAPE_REPRESENTATION(#16910,#16912);
#16910 = ( REPRESENTATION_RELATIONSHIP('','',#6175,#10) 
REPRESENTATION_RELATIONSHIP_WITH_TRANSFORMATION(#16911) 
SHAPE_REPRESENTATION_RELATIONSHIP() );
#16911 = ITEM_DEFINED_TRANSFORMATION('','',#11,#63);
#16912 = PRODUCT_DEFINITION_SHAPE('Placement','Placement of an item',
  #16913);
#16913 = NEXT_ASSEMBLY_USAGE_OCCURRENCE('13','OK6','',#5,#6170,$);
#16914 = CONTEXT_DEPENDENT_SHAPE_REPRESENTATION(#16915,#16917);
#16915 = ( REPRESENTATION_RELATIONSHIP('','',#276,#10) 
REPRESENTATION_RELATIONSHIP_WITH_TRANSFORMATION(#16916) 
SHAPE_REPRESENTATION_RELATIONSHIP() );
#16916 = ITEM_DEFINED_TRANSFORMATION('','',#11,#67);
#16917 = PRODUCT_DEFINITION_SHAPE('Placement','Placement of an item',
  #16918);
#16918 = NEXT_ASSEMBLY_USAGE_OCCURRENCE('14','RP6','',#5,#271,$);
#16919 = CONTEXT_DEPENDENT_SHAPE_REPRESENTATION(#16920,#16922);
#16920 = ( REPRESENTATION_RELATIONSHIP('','',#276,#10) 
REPRESENTATION_RELATIONSHIP_WITH_TRANSFORMATION(#16921) 
SHAPE_REPRESENTATION_RELATIONSHIP() );
#16921 = ITEM_DEFINED_TRANSFORMATION('','',#11,#71);
#16922 = PRODUCT_DEFINITION_SHAPE('Placement','Placement of an item',
  #16923);
#16923 = NEXT_ASSEMBLY_USAGE_OCCURRENCE('15','RU6','',#5,#271,$);
#16924 = CONTEXT_DEPENDENT_SHAPE_REPRESENTATION(#16925,#16927);
#16925 = ( REPRESENTATION_RELATIONSHIP('','',#1085,#10) 
REPRESENTATION_RELATIONSHIP_WITH_TRANSFORMATION(#16926) 
SHAPE_REPRESENTATION_RELATIONSHIP() );
#16926 = ITEM_DEFINED_TRANSFORMATION('','',#11,#75);
#16927 = PRODUCT_DEFINITION_SHAPE('Placement','Placement of an item',
  #16928);
#16928 = NEXT_ASSEMBLY_USAGE_OCCURRENCE('16','DL7','',#5,#1080,$);
#16929 = CONTEXT_DEPENDENT_SHAPE_REPRESENTATION(#16930,#16932);
#16930 = ( REPRESENTATION_RELATIONSHIP('','',#1085,#10) 
REPRESENTATION_RELATIONSHIP_WITH_TRANSFORMATION(#16931) 
SHAPE_REPRESENTATION_RELATIONSHIP() );
#16931 = ITEM_DEFINED_TRANSFORMATION('','',#11,#79);
#16932 = PRODUCT_DEFINITION_SHAPE('Placement','Placement of an item',
  #16933);
#16933 = NEXT_ASSEMBLY_USAGE_OCCURRENCE('17','DL3','',#5,#1080,$);
#16934 = CONTEXT_DEPENDENT_SHAPE_REPRESENTATION(#16935,#16937);
#16935 = ( REPRESENTATION_RELATIONSHIP('','',#6175,#10) 
REPRESENTATION_RELATIONSHIP_WITH_TRANSFORMATION(#16936) 
SHAPE_REPRESENTATION_RELATIONSHIP() );
#16936 = ITEM_DEFINED_TRANSFORMATION('','',#11,#83);
#16937 = PRODUCT_DEFINITION_SHAPE('Placement','Placement of an item',
  #16938);
#16938 = NEXT_ASSEMBLY_USAGE_OCCURRENCE('18','OK1','',#5,#6170,$);
#16939 = CONTEXT_DEPENDENT_SHAPE_REPRESENTATION(#16940,#16942);
#16940 = ( REPRESENTATION_RELATIONSHIP('','',#2627,#10) 
REPRESENTATION_RELATIONSHIP_WITH_TRANSFORMATION(#16941) 
SHAPE_REPRESENTATION_RELATIONSHIP() );
#16941 = ITEM_DEFINED_TRANSFORMATION('','',#11,#87);
#16942 = PRODUCT_DEFINITION_SHAPE('Placement','Placement of an item',
  #16943);
#16943 = NEXT_ASSEMBLY_USAGE_OCCURRENCE('19','RI2','',#5,#2622,$);
#16944 = CONTEXT_DEPENDENT_SHAPE_REPRESENTATION(#16945,#16947);
#16945 = ( REPRESENTATION_RELATIONSHIP('','',#276,#10) 
REPRESENTATION_RELATIONSHIP_WITH_TRANSFORMATION(#16946) 
SHAPE_REPRESENTATION_RELATIONSHIP() );
#16946 = ITEM_DEFINED_TRANSFORMATION('','',#11,#91);
#16947 = PRODUCT_DEFINITION_SHAPE('Placement','Placement of an item',
  #16948);
#16948 = NEXT_ASSEMBLY_USAGE_OCCURRENCE('20','RU7','',#5,#271,$);
#16949 = CONTEXT_DEPENDENT_SHAPE_REPRESENTATION(#16950,#16952);
#16950 = ( REPRESENTATION_RELATIONSHIP('','',#276,#10) 
REPRESENTATION_RELATIONSHIP_WITH_TRANSFORMATION(#16951) 
SHAPE_REPRESENTATION_RELATIONSHIP() );
#16951 = ITEM_DEFINED_TRANSFORMATION('','',#11,#95);
#16952 = PRODUCT_DEFINITION_SHAPE('Placement','Placement of an item',
  #16953);
#16953 = NEXT_ASSEMBLY_USAGE_OCCURRENCE('21','RL1','',#5,#271,$);
#16954 = CONTEXT_DEPENDENT_SHAPE_REPRESENTATION(#16955,#16957);
#16955 = ( REPRESENTATION_RELATIONSHIP('','',#3436,#10) 
REPRESENTATION_RELATIONSHIP_WITH_TRANSFORMATION(#16956) 
SHAPE_REPRESENTATION_RELATIONSHIP() );
#16956 = ITEM_DEFINED_TRANSFORMATION('','',#11,#99);
#16957 = PRODUCT_DEFINITION_SHAPE('Placement','Placement of an item',
  #16958);
#16958 = NEXT_ASSEMBLY_USAGE_OCCURRENCE('22','J11','',#5,#3431,$);
#16959 = CONTEXT_DEPENDENT_SHAPE_REPRESENTATION(#16960,#16962);
#16960 = ( REPRESENTATION_RELATIONSHIP('','',#3436,#10) 
REPRESENTATION_RELATIONSHIP_WITH_TRANSFORMATION(#16961) 
SHAPE_REPRESENTATION_RELATIONSHIP() );
#16961 = ITEM_DEFINED_TRANSFORMATION('','',#11,#103);
#16962 = PRODUCT_DEFINITION_SHAPE('Placement','Placement of an item',
  #16963);
#16963 = NEXT_ASSEMBLY_USAGE_OCCURRENCE('23','J6','',#5,#3431,$);
#16964 = CONTEXT_DEPENDENT_SHAPE_REPRESENTATION(#16965,#16967);
#16965 = ( REPRESENTATION_RELATIONSHIP('','',#276,#10) 
REPRESENTATION_RELATIONSHIP_WITH_TRANSFORMATION(#16966) 
SHAPE_REPRESENTATION_RELATIONSHIP() );
#16966 = ITEM_DEFINED_TRANSFORMATION('','',#11,#107);
#16967 = PRODUCT_DEFINITION_SHAPE('Placement','Placement of an item',
  #16968);
#16968 = NEXT_ASSEMBLY_USAGE_OCCURRENCE('24','RU3','',#5,#271,$);
#16969 = CONTEXT_DEPENDENT_SHAPE_REPRESENTATION(#16970,#16972);
#16970 = ( REPRESENTATION_RELATIONSHIP('','',#276,#10) 
REPRESENTATION_RELATIONSHIP_WITH_TRANSFORMATION(#16971) 
SHAPE_REPRESENTATION_RELATIONSHIP() );
#16971 = ITEM_DEFINED_TRANSFORMATION('','',#11,#111);
#16972 = PRODUCT_DEFINITION_SHAPE('Placement','Placement of an item',
  #16973);
#16973 = NEXT_ASSEMBLY_USAGE_OCCURRENCE('25','RP1','',#5,#271,$);
#16974 = CONTEXT_DEPENDENT_SHAPE_REPRESENTATION(#16975,#16977);
#16975 = ( REPRESENTATION_RELATIONSHIP('','',#3436,#10) 
REPRESENTATION_RELATIONSHIP_WITH_TRANSFORMATION(#16976) 
SHAPE_REPRESENTATION_RELATIONSHIP() );
#16976 = ITEM_DEFINED_TRANSFORMATION('','',#11,#115);
#16977 = PRODUCT_DEFINITION_SHAPE('Placement','Placement of an item',
  #16978);
#16978 = NEXT_ASSEMBLY_USAGE_OCCURRENCE('26','J4','',#5,#3431,$);
#16979 = CONTEXT_DEPENDENT_SHAPE_REPRESENTATION(#16980,#16982);
#16980 = ( REPRESENTATION_RELATIONSHIP('','',#276,#10) 
REPRESENTATION_RELATIONSHIP_WITH_TRANSFORMATION(#16981) 
SHAPE_REPRESENTATION_RELATIONSHIP() );
#16981 = ITEM_DEFINED_TRANSFORMATION('','',#11,#119);
#16982 = PRODUCT_DEFINITION_SHAPE('Placement','Placement of an item',
  #16983);
#16983 = NEXT_ASSEMBLY_USAGE_OCCURRENCE('27','RA1','',#5,#271,$);
#16984 = CONTEXT_DEPENDENT_SHAPE_REPRESENTATION(#16985,#16987);
#16985 = ( REPRESENTATION_RELATIONSHIP('','',#276,#10) 
REPRESENTATION_RELATIONSHIP_WITH_TRANSFORMATION(#16986) 
SHAPE_REPRESENTATION_RELATIONSHIP() );
#16986 = ITEM_DEFINED_TRANSFORMATION('','',#11,#123);
#16987 = PRODUCT_DEFINITION_SHAPE('Placement','Placement of an item',
  #16988);
#16988 = NEXT_ASSEMBLY_USAGE_OCCURRENCE('28','RL5','',#5,#271,$);
#16989 = SHAPE_DEFINITION_REPRESENTATION(#16990,#16996);
#16990 = PRODUCT_DEFINITION_SHAPE('','',#16991);
#16991 = PRODUCT_DEFINITION('design','',#16992,#16995);
#16992 = PRODUCT_DEFINITION_FORMATION('','',#16993);
#16993 = PRODUCT('PinHeader_1x04_P2.54mm_Vertical',
  'PinHeader_1x04_P2.54mm_Vertical','',(#16994));
#16994 = PRODUCT_CONTEXT('',#2,'mechanical');
#16995 = PRODUCT_DEFINITION_CONTEXT('part definition',#2,'design');
#16996 = ADVANCED_BREP_SHAPE_REPRESENTATION('',(#11,#16997),#19777);
#16997 = MANIFOLD_SOLID_BREP('',#16998);
#16998 = CLOSED_SHELL('',(#16999,#17039,#17070,#17101,#17430,#17759,
    #17776,#17793,#17810,#17827,#17844,#17861,#17878,#17895,#17912,
    #17929,#17946,#17963,#17980,#17997,#18014,#18031,#18048,#18065,
    #18082,#18099,#18116,#18133,#18145,#18176,#18200,#18224,#18241,
    #18272,#18296,#18320,#18337,#18368,#18392,#18416,#18433,#18464,
    #18488,#18512,#18529,#18560,#18584,#18608,#18625,#18656,#18680,
    #18704,#18721,#18752,#18776,#18800,#18817,#18848,#18872,#18896,
    #18913,#18944,#18968,#18992,#19009,#19040,#19064,#19088,#19105,
    #19136,#19160,#19184,#19201,#19232,#19256,#19280,#19297,#19328,
    #19352,#19376,#19393,#19424,#19448,#19472,#19489,#19520,#19544,
    #19568,#19585,#19616,#19640,#19664,#19681,#19693,#19705,#19717,
    #19729,#19741,#19753,#19765));
#16999 = ADVANCED_FACE('',(#17000),#17034,.F.);
#17000 = FACE_BOUND('',#17001,.F.);
#17001 = EDGE_LOOP('',(#17002,#17012,#17020,#17028));
#17002 = ORIENTED_EDGE('',*,*,#17003,.T.);
#17003 = EDGE_CURVE('',#17004,#17006,#17008,.T.);
#17004 = VERTEX_POINT('',#17005);
#17005 = CARTESIAN_POINT('',(-1.016,1.27,0.));
#17006 = VERTEX_POINT('',#17007);
#17007 = CARTESIAN_POINT('',(-1.016,1.27,2.54));
#17008 = LINE('',#17009,#17010);
#17009 = CARTESIAN_POINT('',(-1.016,1.27,0.));
#17010 = VECTOR('',#17011,1.);
#17011 = DIRECTION('',(0.,0.,1.));
#17012 = ORIENTED_EDGE('',*,*,#17013,.T.);
#17013 = EDGE_CURVE('',#17006,#17014,#17016,.T.);
#17014 = VERTEX_POINT('',#17015);
#17015 = CARTESIAN_POINT('',(-1.27,1.016,2.54));
#17016 = LINE('',#17017,#17018);
#17017 = CARTESIAN_POINT('',(-1.016,1.27,2.54));
#17018 = VECTOR('',#17019,1.);
#17019 = DIRECTION('',(-0.707106781187,-0.707106781187,0.));
#17020 = ORIENTED_EDGE('',*,*,#17021,.F.);
#17021 = EDGE_CURVE('',#17022,#17014,#17024,.T.);
#17022 = VERTEX_POINT('',#17023);
#17023 = CARTESIAN_POINT('',(-1.27,1.016,0.));
#17024 = LINE('',#17025,#17026);
#17025 = CARTESIAN_POINT('',(-1.27,1.016,0.));
#17026 = VECTOR('',#17027,1.);
#17027 = DIRECTION('',(0.,0.,1.));
#17028 = ORIENTED_EDGE('',*,*,#17029,.F.);
#17029 = EDGE_CURVE('',#17004,#17022,#17030,.T.);
#17030 = LINE('',#17031,#17032);
#17031 = CARTESIAN_POINT('',(-1.016,1.27,0.));
#17032 = VECTOR('',#17033,1.);
#17033 = DIRECTION('',(-0.707106781187,-0.707106781187,0.));
#17034 = PLANE('',#17035);
#17035 = AXIS2_PLACEMENT_3D('',#17036,#17037,#17038);
#17036 = CARTESIAN_POINT('',(-1.016,1.27,0.));
#17037 = DIRECTION('',(0.707106781187,-0.707106781187,0.));
#17038 = DIRECTION('',(-0.707106781187,-0.707106781187,0.));
#17039 = ADVANCED_FACE('',(#17040),#17065,.F.);
#17040 = FACE_BOUND('',#17041,.F.);
#17041 = EDGE_LOOP('',(#17042,#17052,#17058,#17059));
#17042 = ORIENTED_EDGE('',*,*,#17043,.T.);
#17043 = EDGE_CURVE('',#17044,#17046,#17048,.T.);
#17044 = VERTEX_POINT('',#17045);
#17045 = CARTESIAN_POINT('',(1.016,1.27,0.));
#17046 = VERTEX_POINT('',#17047);
#17047 = CARTESIAN_POINT('',(1.016,1.27,2.54));
#17048 = LINE('',#17049,#17050);
#17049 = CARTESIAN_POINT('',(1.016,1.27,0.));
#17050 = VECTOR('',#17051,1.);
#17051 = DIRECTION('',(0.,0.,1.));
#17052 = ORIENTED_EDGE('',*,*,#17053,.T.);
#17053 = EDGE_CURVE('',#17046,#17006,#17054,.T.);
#17054 = LINE('',#17055,#17056);
#17055 = CARTESIAN_POINT('',(1.016,1.27,2.54));
#17056 = VECTOR('',#17057,1.);
#17057 = DIRECTION('',(-1.,0.,0.));
#17058 = ORIENTED_EDGE('',*,*,#17003,.F.);
#17059 = ORIENTED_EDGE('',*,*,#17060,.F.);
#17060 = EDGE_CURVE('',#17044,#17004,#17061,.T.);
#17061 = LINE('',#17062,#17063);
#17062 = CARTESIAN_POINT('',(1.016,1.27,0.));
#17063 = VECTOR('',#17064,1.);
#17064 = DIRECTION('',(-1.,0.,0.));
#17065 = PLANE('',#17066);
#17066 = AXIS2_PLACEMENT_3D('',#17067,#17068,#17069);
#17067 = CARTESIAN_POINT('',(1.016,1.27,0.));
#17068 = DIRECTION('',(0.,-1.,0.));
#17069 = DIRECTION('',(-1.,0.,0.));
#17070 = ADVANCED_FACE('',(#17071),#17096,.F.);
#17071 = FACE_BOUND('',#17072,.F.);
#17072 = EDGE_LOOP('',(#17073,#17074,#17082,#17090));
#17073 = ORIENTED_EDGE('',*,*,#17021,.T.);
#17074 = ORIENTED_EDGE('',*,*,#17075,.T.);
#17075 = EDGE_CURVE('',#17014,#17076,#17078,.T.);
#17076 = VERTEX_POINT('',#17077);
#17077 = CARTESIAN_POINT('',(-1.27,-1.016,2.54));
#17078 = LINE('',#17079,#17080);
#17079 = CARTESIAN_POINT('',(-1.27,1.016,2.54));
#17080 = VECTOR('',#17081,1.);
#17081 = DIRECTION('',(0.,-1.,0.));
#17082 = ORIENTED_EDGE('',*,*,#17083,.F.);
#17083 = EDGE_CURVE('',#17084,#17076,#17086,.T.);
#17084 = VERTEX_POINT('',#17085);
#17085 = CARTESIAN_POINT('',(-1.27,-1.016,0.));
#17086 = LINE('',#17087,#17088);
#17087 = CARTESIAN_POINT('',(-1.27,-1.016,0.));
#17088 = VECTOR('',#17089,1.);
#17089 = DIRECTION('',(0.,0.,1.));
#17090 = ORIENTED_EDGE('',*,*,#17091,.F.);
#17091 = EDGE_CURVE('',#17022,#17084,#17092,.T.);
#17092 = LINE('',#17093,#17094);
#17093 = CARTESIAN_POINT('',(-1.27,1.016,0.));
#17094 = VECTOR('',#17095,1.);
#17095 = DIRECTION('',(0.,-1.,0.));
#17096 = PLANE('',#17097);
#17097 = AXIS2_PLACEMENT_3D('',#17098,#17099,#17100);
#17098 = CARTESIAN_POINT('',(-1.27,1.016,0.));
#17099 = DIRECTION('',(1.,0.,0.));
#17100 = DIRECTION('',(0.,-1.,0.));
#17101 = ADVANCED_FACE('',(#17102,#17289,#17323,#17357,#17391),#17425,
  .F.);
#17102 = FACE_BOUND('',#17103,.F.);
#17103 = EDGE_LOOP('',(#17104,#17105,#17106,#17114,#17122,#17130,#17138,
    #17146,#17154,#17162,#17170,#17178,#17186,#17194,#17202,#17210,
    #17218,#17226,#17234,#17242,#17250,#17258,#17266,#17274,#17282,
    #17288));
#17104 = ORIENTED_EDGE('',*,*,#17029,.T.);
#17105 = ORIENTED_EDGE('',*,*,#17091,.T.);
#17106 = ORIENTED_EDGE('',*,*,#17107,.T.);
#17107 = EDGE_CURVE('',#17084,#17108,#17110,.T.);
#17108 = VERTEX_POINT('',#17109);
#17109 = CARTESIAN_POINT('',(-1.016,-1.27,0.));
#17110 = LINE('',#17111,#17112);
#17111 = CARTESIAN_POINT('',(-1.27,-1.016,0.));
#17112 = VECTOR('',#17113,1.);
#17113 = DIRECTION('',(0.707106781187,-0.707106781187,0.));
#17114 = ORIENTED_EDGE('',*,*,#17115,.T.);
#17115 = EDGE_CURVE('',#17108,#17116,#17118,.T.);
#17116 = VERTEX_POINT('',#17117);
#17117 = CARTESIAN_POINT('',(-1.27,-1.524,0.));
#17118 = LINE('',#17119,#17120);
#17119 = CARTESIAN_POINT('',(-1.016,-1.27,0.));
#17120 = VECTOR('',#17121,1.);
#17121 = DIRECTION('',(-0.707106781187,-0.707106781187,0.));
#17122 = ORIENTED_EDGE('',*,*,#17123,.T.);
#17123 = EDGE_CURVE('',#17116,#17124,#17126,.T.);
#17124 = VERTEX_POINT('',#17125);
#17125 = CARTESIAN_POINT('',(-1.27,-3.556,0.));
#17126 = LINE('',#17127,#17128);
#17127 = CARTESIAN_POINT('',(-1.27,-1.524,0.));
#17128 = VECTOR('',#17129,1.);
#17129 = DIRECTION('',(0.,-1.,0.));
#17130 = ORIENTED_EDGE('',*,*,#17131,.T.);
#17131 = EDGE_CURVE('',#17124,#17132,#17134,.T.);
#17132 = VERTEX_POINT('',#17133);
#17133 = CARTESIAN_POINT('',(-1.016,-3.81,0.));
#17134 = LINE('',#17135,#17136);
#17135 = CARTESIAN_POINT('',(-1.27,-3.556,0.));
#17136 = VECTOR('',#17137,1.);
#17137 = DIRECTION('',(0.707106781187,-0.707106781187,0.));
#17138 = ORIENTED_EDGE('',*,*,#17139,.T.);
#17139 = EDGE_CURVE('',#17132,#17140,#17142,.T.);
#17140 = VERTEX_POINT('',#17141);
#17141 = CARTESIAN_POINT('',(-1.27,-4.064,0.));
#17142 = LINE('',#17143,#17144);
#17143 = CARTESIAN_POINT('',(-1.016,-3.81,0.));
#17144 = VECTOR('',#17145,1.);
#17145 = DIRECTION('',(-0.707106781187,-0.707106781187,0.));
#17146 = ORIENTED_EDGE('',*,*,#17147,.T.);
#17147 = EDGE_CURVE('',#17140,#17148,#17150,.T.);
#17148 = VERTEX_POINT('',#17149);
#17149 = CARTESIAN_POINT('',(-1.27,-6.096,0.));
#17150 = LINE('',#17151,#17152);
#17151 = CARTESIAN_POINT('',(-1.27,-4.064,0.));
#17152 = VECTOR('',#17153,1.);
#17153 = DIRECTION('',(0.,-1.,0.));
#17154 = ORIENTED_EDGE('',*,*,#17155,.T.);
#17155 = EDGE_CURVE('',#17148,#17156,#17158,.T.);
#17156 = VERTEX_POINT('',#17157);
#17157 = CARTESIAN_POINT('',(-1.016,-6.35,0.));
#17158 = LINE('',#17159,#17160);
#17159 = CARTESIAN_POINT('',(-1.27,-6.096,0.));
#17160 = VECTOR('',#17161,1.);
#17161 = DIRECTION('',(0.707106781187,-0.707106781187,0.));
#17162 = ORIENTED_EDGE('',*,*,#17163,.T.);
#17163 = EDGE_CURVE('',#17156,#17164,#17166,.T.);
#17164 = VERTEX_POINT('',#17165);
#17165 = CARTESIAN_POINT('',(-1.27,-6.604,0.));
#17166 = LINE('',#17167,#17168);
#17167 = CARTESIAN_POINT('',(-1.016,-6.35,0.));
#17168 = VECTOR('',#17169,1.);
#17169 = DIRECTION('',(-0.707106781187,-0.707106781187,0.));
#17170 = ORIENTED_EDGE('',*,*,#17171,.T.);
#17171 = EDGE_CURVE('',#17164,#17172,#17174,.T.);
#17172 = VERTEX_POINT('',#17173);
#17173 = CARTESIAN_POINT('',(-1.27,-8.636,0.));
#17174 = LINE('',#17175,#17176);
#17175 = CARTESIAN_POINT('',(-1.27,-6.604,0.));
#17176 = VECTOR('',#17177,1.);
#17177 = DIRECTION('',(0.,-1.,0.));
#17178 = ORIENTED_EDGE('',*,*,#17179,.T.);
#17179 = EDGE_CURVE('',#17172,#17180,#17182,.T.);
#17180 = VERTEX_POINT('',#17181);
#17181 = CARTESIAN_POINT('',(-1.016,-8.89,0.));
#17182 = LINE('',#17183,#17184);
#17183 = CARTESIAN_POINT('',(-1.27,-8.636,0.));
#17184 = VECTOR('',#17185,1.);
#17185 = DIRECTION('',(0.707106781187,-0.707106781187,0.));
#17186 = ORIENTED_EDGE('',*,*,#17187,.T.);
#17187 = EDGE_CURVE('',#17180,#17188,#17190,.T.);
#17188 = VERTEX_POINT('',#17189);
#17189 = CARTESIAN_POINT('',(1.016,-8.89,0.));
#17190 = LINE('',#17191,#17192);
#17191 = CARTESIAN_POINT('',(-1.016,-8.89,0.));
#17192 = VECTOR('',#17193,1.);
#17193 = DIRECTION('',(1.,0.,0.));
#17194 = ORIENTED_EDGE('',*,*,#17195,.T.);
#17195 = EDGE_CURVE('',#17188,#17196,#17198,.T.);
#17196 = VERTEX_POINT('',#17197);
#17197 = CARTESIAN_POINT('',(1.27,-8.636,0.));
#17198 = LINE('',#17199,#17200);
#17199 = CARTESIAN_POINT('',(1.016,-8.89,0.));
#17200 = VECTOR('',#17201,1.);
#17201 = DIRECTION('',(0.707106781187,0.707106781187,0.));
#17202 = ORIENTED_EDGE('',*,*,#17203,.T.);
#17203 = EDGE_CURVE('',#17196,#17204,#17206,.T.);
#17204 = VERTEX_POINT('',#17205);
#17205 = CARTESIAN_POINT('',(1.27,-6.604,0.));
#17206 = LINE('',#17207,#17208);
#17207 = CARTESIAN_POINT('',(1.27,-8.636,0.));
#17208 = VECTOR('',#17209,1.);
#17209 = DIRECTION('',(0.,1.,0.));
#17210 = ORIENTED_EDGE('',*,*,#17211,.T.);
#17211 = EDGE_CURVE('',#17204,#17212,#17214,.T.);
#17212 = VERTEX_POINT('',#17213);
#17213 = CARTESIAN_POINT('',(1.016,-6.35,0.));
#17214 = LINE('',#17215,#17216);
#17215 = CARTESIAN_POINT('',(1.27,-6.604,0.));
#17216 = VECTOR('',#17217,1.);
#17217 = DIRECTION('',(-0.707106781187,0.707106781187,0.));
#17218 = ORIENTED_EDGE('',*,*,#17219,.T.);
#17219 = EDGE_CURVE('',#17212,#17220,#17222,.T.);
#17220 = VERTEX_POINT('',#17221);
#17221 = CARTESIAN_POINT('',(1.27,-6.096,0.));
#17222 = LINE('',#17223,#17224);
#17223 = CARTESIAN_POINT('',(1.016,-6.35,0.));
#17224 = VECTOR('',#17225,1.);
#17225 = DIRECTION('',(0.707106781187,0.707106781187,0.));
#17226 = ORIENTED_EDGE('',*,*,#17227,.T.);
#17227 = EDGE_CURVE('',#17220,#17228,#17230,.T.);
#17228 = VERTEX_POINT('',#17229);
#17229 = CARTESIAN_POINT('',(1.27,-4.064,0.));
#17230 = LINE('',#17231,#17232);
#17231 = CARTESIAN_POINT('',(1.27,-6.096,0.));
#17232 = VECTOR('',#17233,1.);
#17233 = DIRECTION('',(0.,1.,0.));
#17234 = ORIENTED_EDGE('',*,*,#17235,.T.);
#17235 = EDGE_CURVE('',#17228,#17236,#17238,.T.);
#17236 = VERTEX_POINT('',#17237);
#17237 = CARTESIAN_POINT('',(1.016,-3.81,0.));
#17238 = LINE('',#17239,#17240);
#17239 = CARTESIAN_POINT('',(1.27,-4.064,0.));
#17240 = VECTOR('',#17241,1.);
#17241 = DIRECTION('',(-0.707106781187,0.707106781187,0.));
#17242 = ORIENTED_EDGE('',*,*,#17243,.T.);
#17243 = EDGE_CURVE('',#17236,#17244,#17246,.T.);
#17244 = VERTEX_POINT('',#17245);
#17245 = CARTESIAN_POINT('',(1.27,-3.556,0.));
#17246 = LINE('',#17247,#17248);
#17247 = CARTESIAN_POINT('',(1.016,-3.81,0.));
#17248 = VECTOR('',#17249,1.);
#17249 = DIRECTION('',(0.707106781187,0.707106781187,0.));
#17250 = ORIENTED_EDGE('',*,*,#17251,.T.);
#17251 = EDGE_CURVE('',#17244,#17252,#17254,.T.);
#17252 = VERTEX_POINT('',#17253);
#17253 = CARTESIAN_POINT('',(1.27,-1.524,0.));
#17254 = LINE('',#17255,#17256);
#17255 = CARTESIAN_POINT('',(1.27,-3.556,0.));
#17256 = VECTOR('',#17257,1.);
#17257 = DIRECTION('',(0.,1.,0.));
#17258 = ORIENTED_EDGE('',*,*,#17259,.T.);
#17259 = EDGE_CURVE('',#17252,#17260,#17262,.T.);
#17260 = VERTEX_POINT('',#17261);
#17261 = CARTESIAN_POINT('',(1.016,-1.27,0.));
#17262 = LINE('',#17263,#17264);
#17263 = CARTESIAN_POINT('',(1.27,-1.524,0.));
#17264 = VECTOR('',#17265,1.);
#17265 = DIRECTION('',(-0.707106781187,0.707106781187,0.));
#17266 = ORIENTED_EDGE('',*,*,#17267,.T.);
#17267 = EDGE_CURVE('',#17260,#17268,#17270,.T.);
#17268 = VERTEX_POINT('',#17269);
#17269 = CARTESIAN_POINT('',(1.27,-1.016,0.));
#17270 = LINE('',#17271,#17272);
#17271 = CARTESIAN_POINT('',(1.016,-1.27,0.));
#17272 = VECTOR('',#17273,1.);
#17273 = DIRECTION('',(0.707106781187,0.707106781187,0.));
#17274 = ORIENTED_EDGE('',*,*,#17275,.T.);
#17275 = EDGE_CURVE('',#17268,#17276,#17278,.T.);
#17276 = VERTEX_POINT('',#17277);
#17277 = CARTESIAN_POINT('',(1.27,1.016,0.));
#17278 = LINE('',#17279,#17280);
#17279 = CARTESIAN_POINT('',(1.27,-1.016,0.));
#17280 = VECTOR('',#17281,1.);
#17281 = DIRECTION('',(0.,1.,0.));
#17282 = ORIENTED_EDGE('',*,*,#17283,.T.);
#17283 = EDGE_CURVE('',#17276,#17044,#17284,.T.);
#17284 = LINE('',#17285,#17286);
#17285 = CARTESIAN_POINT('',(1.27,1.016,0.));
#17286 = VECTOR('',#17287,1.);
#17287 = DIRECTION('',(-0.707106781187,0.707106781187,0.));
#17288 = ORIENTED_EDGE('',*,*,#17060,.T.);
#17289 = FACE_BOUND('',#17290,.F.);
#17290 = EDGE_LOOP('',(#17291,#17301,#17309,#17317));
#17291 = ORIENTED_EDGE('',*,*,#17292,.F.);
#17292 = EDGE_CURVE('',#17293,#17295,#17297,.T.);
#17293 = VERTEX_POINT('',#17294);
#17294 = CARTESIAN_POINT('',(0.32,-4.76,0.));
#17295 = VERTEX_POINT('',#17296);
#17296 = CARTESIAN_POINT('',(-0.32,-4.76,0.));
#17297 = LINE('',#17298,#17299);
#17298 = CARTESIAN_POINT('',(-0.16,-4.76,0.));
#17299 = VECTOR('',#17300,1.);
#17300 = DIRECTION('',(-1.,0.,0.));
#17301 = ORIENTED_EDGE('',*,*,#17302,.F.);
#17302 = EDGE_CURVE('',#17303,#17293,#17305,.T.);
#17303 = VERTEX_POINT('',#17304);
#17304 = CARTESIAN_POINT('',(0.32,-5.4,0.));
#17305 = LINE('',#17306,#17307);
#17306 = CARTESIAN_POINT('',(0.32,-4.605,0.));
#17307 = VECTOR('',#17308,1.);
#17308 = DIRECTION('',(0.,1.,0.));
#17309 = ORIENTED_EDGE('',*,*,#17310,.T.);
#17310 = EDGE_CURVE('',#17303,#17311,#17313,.T.);
#17311 = VERTEX_POINT('',#17312);
#17312 = CARTESIAN_POINT('',(-0.32,-5.4,0.));
#17313 = LINE('',#17314,#17315);
#17314 = CARTESIAN_POINT('',(-0.16,-5.4,0.));
#17315 = VECTOR('',#17316,1.);
#17316 = DIRECTION('',(-1.,0.,0.));
#17317 = ORIENTED_EDGE('',*,*,#17318,.T.);
#17318 = EDGE_CURVE('',#17311,#17295,#17319,.T.);
#17319 = LINE('',#17320,#17321);
#17320 = CARTESIAN_POINT('',(-0.32,-4.605,0.));
#17321 = VECTOR('',#17322,1.);
#17322 = DIRECTION('',(0.,1.,0.));
#17323 = FACE_BOUND('',#17324,.F.);
#17324 = EDGE_LOOP('',(#17325,#17335,#17343,#17351));
#17325 = ORIENTED_EDGE('',*,*,#17326,.F.);
#17326 = EDGE_CURVE('',#17327,#17329,#17331,.T.);
#17327 = VERTEX_POINT('',#17328);
#17328 = CARTESIAN_POINT('',(0.32,-7.94,0.));
#17329 = VERTEX_POINT('',#17330);
#17330 = CARTESIAN_POINT('',(0.32,-7.3,0.));
#17331 = LINE('',#17332,#17333);
#17332 = CARTESIAN_POINT('',(0.32,-5.875,0.));
#17333 = VECTOR('',#17334,1.);
#17334 = DIRECTION('',(0.,1.,0.));
#17335 = ORIENTED_EDGE('',*,*,#17336,.T.);
#17336 = EDGE_CURVE('',#17327,#17337,#17339,.T.);
#17337 = VERTEX_POINT('',#17338);
#17338 = CARTESIAN_POINT('',(-0.32,-7.94,0.));
#17339 = LINE('',#17340,#17341);
#17340 = CARTESIAN_POINT('',(-0.16,-7.94,0.));
#17341 = VECTOR('',#17342,1.);
#17342 = DIRECTION('',(-1.,0.,0.));
#17343 = ORIENTED_EDGE('',*,*,#17344,.T.);
#17344 = EDGE_CURVE('',#17337,#17345,#17347,.T.);
#17345 = VERTEX_POINT('',#17346);
#17346 = CARTESIAN_POINT('',(-0.32,-7.3,0.));
#17347 = LINE('',#17348,#17349);
#17348 = CARTESIAN_POINT('',(-0.32,-5.875,0.));
#17349 = VECTOR('',#17350,1.);
#17350 = DIRECTION('',(0.,1.,0.));
#17351 = ORIENTED_EDGE('',*,*,#17352,.F.);
#17352 = EDGE_CURVE('',#17329,#17345,#17353,.T.);
#17353 = LINE('',#17354,#17355);
#17354 = CARTESIAN_POINT('',(-0.16,-7.3,0.));
#17355 = VECTOR('',#17356,1.);
#17356 = DIRECTION('',(-1.,0.,0.));
#17357 = FACE_BOUND('',#17358,.F.);
#17358 = EDGE_LOOP('',(#17359,#17369,#17377,#17385));
#17359 = ORIENTED_EDGE('',*,*,#17360,.F.);
#17360 = EDGE_CURVE('',#17361,#17363,#17365,.T.);
#17361 = VERTEX_POINT('',#17362);
#17362 = CARTESIAN_POINT('',(0.32,-0.32,0.));
#17363 = VERTEX_POINT('',#17364);
#17364 = CARTESIAN_POINT('',(0.32,0.32,0.));
#17365 = LINE('',#17366,#17367);
#17366 = CARTESIAN_POINT('',(0.32,-2.065,0.));
#17367 = VECTOR('',#17368,1.);
#17368 = DIRECTION('',(0.,1.,0.));
#17369 = ORIENTED_EDGE('',*,*,#17370,.T.);
#17370 = EDGE_CURVE('',#17361,#17371,#17373,.T.);
#17371 = VERTEX_POINT('',#17372);
#17372 = CARTESIAN_POINT('',(-0.32,-0.32,0.));
#17373 = LINE('',#17374,#17375);
#17374 = CARTESIAN_POINT('',(-0.16,-0.32,0.));
#17375 = VECTOR('',#17376,1.);
#17376 = DIRECTION('',(-1.,0.,0.));
#17377 = ORIENTED_EDGE('',*,*,#17378,.T.);
#17378 = EDGE_CURVE('',#17371,#17379,#17381,.T.);
#17379 = VERTEX_POINT('',#17380);
#17380 = CARTESIAN_POINT('',(-0.32,0.32,0.));
#17381 = LINE('',#17382,#17383);
#17382 = CARTESIAN_POINT('',(-0.32,-2.065,0.));
#17383 = VECTOR('',#17384,1.);
#17384 = DIRECTION('',(0.,1.,0.));
#17385 = ORIENTED_EDGE('',*,*,#17386,.F.);
#17386 = EDGE_CURVE('',#17363,#17379,#17387,.T.);
#17387 = LINE('',#17388,#17389);
#17388 = CARTESIAN_POINT('',(-0.16,0.32,0.));
#17389 = VECTOR('',#17390,1.);
#17390 = DIRECTION('',(-1.,0.,0.));
#17391 = FACE_BOUND('',#17392,.F.);
#17392 = EDGE_LOOP('',(#17393,#17403,#17411,#17419));
#17393 = ORIENTED_EDGE('',*,*,#17394,.F.);
#17394 = EDGE_CURVE('',#17395,#17397,#17399,.T.);
#17395 = VERTEX_POINT('',#17396);
#17396 = CARTESIAN_POINT('',(0.32,-2.22,0.));
#17397 = VERTEX_POINT('',#17398);
#17398 = CARTESIAN_POINT('',(-0.32,-2.22,0.));
#17399 = LINE('',#17400,#17401);
#17400 = CARTESIAN_POINT('',(-0.16,-2.22,0.));
#17401 = VECTOR('',#17402,1.);
#17402 = DIRECTION('',(-1.,0.,0.));
#17403 = ORIENTED_EDGE('',*,*,#17404,.F.);
#17404 = EDGE_CURVE('',#17405,#17395,#17407,.T.);
#17405 = VERTEX_POINT('',#17406);
#17406 = CARTESIAN_POINT('',(0.32,-2.86,0.));
#17407 = LINE('',#17408,#17409);
#17408 = CARTESIAN_POINT('',(0.32,-3.335,0.));
#17409 = VECTOR('',#17410,1.);
#17410 = DIRECTION('',(0.,1.,0.));
#17411 = ORIENTED_EDGE('',*,*,#17412,.T.);
#17412 = EDGE_CURVE('',#17405,#17413,#17415,.T.);
#17413 = VERTEX_POINT('',#17414);
#17414 = CARTESIAN_POINT('',(-0.32,-2.86,0.));
#17415 = LINE('',#17416,#17417);
#17416 = CARTESIAN_POINT('',(-0.16,-2.86,0.));
#17417 = VECTOR('',#17418,1.);
#17418 = DIRECTION('',(-1.,0.,0.));
#17419 = ORIENTED_EDGE('',*,*,#17420,.T.);
#17420 = EDGE_CURVE('',#17413,#17397,#17421,.T.);
#17421 = LINE('',#17422,#17423);
#17422 = CARTESIAN_POINT('',(-0.32,-3.335,0.));
#17423 = VECTOR('',#17424,1.);
#17424 = DIRECTION('',(0.,1.,0.));
#17425 = PLANE('',#17426);
#17426 = AXIS2_PLACEMENT_3D('',#17427,#17428,#17429);
#17427 = CARTESIAN_POINT('',(4.259053689278E-17,-3.81,0.));
#17428 = DIRECTION('',(0.,0.,1.));
#17429 = DIRECTION('',(1.,0.,-0.));
#17430 = ADVANCED_FACE('',(#17431,#17618,#17652,#17686,#17720),#17754,
  .T.);
#17431 = FACE_BOUND('',#17432,.T.);
#17432 = EDGE_LOOP('',(#17433,#17434,#17435,#17443,#17451,#17459,#17467,
    #17475,#17483,#17491,#17499,#17507,#17515,#17523,#17531,#17539,
    #17547,#17555,#17563,#17571,#17579,#17587,#17595,#17603,#17611,
    #17617));
#17433 = ORIENTED_EDGE('',*,*,#17013,.T.);
#17434 = ORIENTED_EDGE('',*,*,#17075,.T.);
#17435 = ORIENTED_EDGE('',*,*,#17436,.T.);
#17436 = EDGE_CURVE('',#17076,#17437,#17439,.T.);
#17437 = VERTEX_POINT('',#17438);
#17438 = CARTESIAN_POINT('',(-1.016,-1.27,2.54));
#17439 = LINE('',#17440,#17441);
#17440 = CARTESIAN_POINT('',(-1.27,-1.016,2.54));
#17441 = VECTOR('',#17442,1.);
#17442 = DIRECTION('',(0.707106781187,-0.707106781187,0.));
#17443 = ORIENTED_EDGE('',*,*,#17444,.T.);
#17444 = EDGE_CURVE('',#17437,#17445,#17447,.T.);
#17445 = VERTEX_POINT('',#17446);
#17446 = CARTESIAN_POINT('',(-1.27,-1.524,2.54));
#17447 = LINE('',#17448,#17449);
#17448 = CARTESIAN_POINT('',(-1.016,-1.27,2.54));
#17449 = VECTOR('',#17450,1.);
#17450 = DIRECTION('',(-0.707106781187,-0.707106781187,0.));
#17451 = ORIENTED_EDGE('',*,*,#17452,.T.);
#17452 = EDGE_CURVE('',#17445,#17453,#17455,.T.);
#17453 = VERTEX_POINT('',#17454);
#17454 = CARTESIAN_POINT('',(-1.27,-3.556,2.54));
#17455 = LINE('',#17456,#17457);
#17456 = CARTESIAN_POINT('',(-1.27,-1.524,2.54));
#17457 = VECTOR('',#17458,1.);
#17458 = DIRECTION('',(0.,-1.,0.));
#17459 = ORIENTED_EDGE('',*,*,#17460,.T.);
#17460 = EDGE_CURVE('',#17453,#17461,#17463,.T.);
#17461 = VERTEX_POINT('',#17462);
#17462 = CARTESIAN_POINT('',(-1.016,-3.81,2.54));
#17463 = LINE('',#17464,#17465);
#17464 = CARTESIAN_POINT('',(-1.27,-3.556,2.54));
#17465 = VECTOR('',#17466,1.);
#17466 = DIRECTION('',(0.707106781187,-0.707106781187,0.));
#17467 = ORIENTED_EDGE('',*,*,#17468,.T.);
#17468 = EDGE_CURVE('',#17461,#17469,#17471,.T.);
#17469 = VERTEX_POINT('',#17470);
#17470 = CARTESIAN_POINT('',(-1.27,-4.064,2.54));
#17471 = LINE('',#17472,#17473);
#17472 = CARTESIAN_POINT('',(-1.016,-3.81,2.54));
#17473 = VECTOR('',#17474,1.);
#17474 = DIRECTION('',(-0.707106781187,-0.707106781187,0.));
#17475 = ORIENTED_EDGE('',*,*,#17476,.T.);
#17476 = EDGE_CURVE('',#17469,#17477,#17479,.T.);
#17477 = VERTEX_POINT('',#17478);
#17478 = CARTESIAN_POINT('',(-1.27,-6.096,2.54));
#17479 = LINE('',#17480,#17481);
#17480 = CARTESIAN_POINT('',(-1.27,-4.064,2.54));
#17481 = VECTOR('',#17482,1.);
#17482 = DIRECTION('',(0.,-1.,0.));
#17483 = ORIENTED_EDGE('',*,*,#17484,.T.);
#17484 = EDGE_CURVE('',#17477,#17485,#17487,.T.);
#17485 = VERTEX_POINT('',#17486);
#17486 = CARTESIAN_POINT('',(-1.016,-6.35,2.54));
#17487 = LINE('',#17488,#17489);
#17488 = CARTESIAN_POINT('',(-1.27,-6.096,2.54));
#17489 = VECTOR('',#17490,1.);
#17490 = DIRECTION('',(0.707106781187,-0.707106781187,0.));
#17491 = ORIENTED_EDGE('',*,*,#17492,.T.);
#17492 = EDGE_CURVE('',#17485,#17493,#17495,.T.);
#17493 = VERTEX_POINT('',#17494);
#17494 = CARTESIAN_POINT('',(-1.27,-6.604,2.54));
#17495 = LINE('',#17496,#17497);
#17496 = CARTESIAN_POINT('',(-1.016,-6.35,2.54));
#17497 = VECTOR('',#17498,1.);
#17498 = DIRECTION('',(-0.707106781187,-0.707106781187,0.));
#17499 = ORIENTED_EDGE('',*,*,#17500,.T.);
#17500 = EDGE_CURVE('',#17493,#17501,#17503,.T.);
#17501 = VERTEX_POINT('',#17502);
#17502 = CARTESIAN_POINT('',(-1.27,-8.636,2.54));
#17503 = LINE('',#17504,#17505);
#17504 = CARTESIAN_POINT('',(-1.27,-6.604,2.54));
#17505 = VECTOR('',#17506,1.);
#17506 = DIRECTION('',(0.,-1.,0.));
#17507 = ORIENTED_EDGE('',*,*,#17508,.T.);
#17508 = EDGE_CURVE('',#17501,#17509,#17511,.T.);
#17509 = VERTEX_POINT('',#17510);
#17510 = CARTESIAN_POINT('',(-1.016,-8.89,2.54));
#17511 = LINE('',#17512,#17513);
#17512 = CARTESIAN_POINT('',(-1.27,-8.636,2.54));
#17513 = VECTOR('',#17514,1.);
#17514 = DIRECTION('',(0.707106781187,-0.707106781187,0.));
#17515 = ORIENTED_EDGE('',*,*,#17516,.T.);
#17516 = EDGE_CURVE('',#17509,#17517,#17519,.T.);
#17517 = VERTEX_POINT('',#17518);
#17518 = CARTESIAN_POINT('',(1.016,-8.89,2.54));
#17519 = LINE('',#17520,#17521);
#17520 = CARTESIAN_POINT('',(-1.016,-8.89,2.54));
#17521 = VECTOR('',#17522,1.);
#17522 = DIRECTION('',(1.,0.,0.));
#17523 = ORIENTED_EDGE('',*,*,#17524,.T.);
#17524 = EDGE_CURVE('',#17517,#17525,#17527,.T.);
#17525 = VERTEX_POINT('',#17526);
#17526 = CARTESIAN_POINT('',(1.27,-8.636,2.54));
#17527 = LINE('',#17528,#17529);
#17528 = CARTESIAN_POINT('',(1.016,-8.89,2.54));
#17529 = VECTOR('',#17530,1.);
#17530 = DIRECTION('',(0.707106781187,0.707106781187,0.));
#17531 = ORIENTED_EDGE('',*,*,#17532,.T.);
#17532 = EDGE_CURVE('',#17525,#17533,#17535,.T.);
#17533 = VERTEX_POINT('',#17534);
#17534 = CARTESIAN_POINT('',(1.27,-6.604,2.54));
#17535 = LINE('',#17536,#17537);
#17536 = CARTESIAN_POINT('',(1.27,-8.636,2.54));
#17537 = VECTOR('',#17538,1.);
#17538 = DIRECTION('',(0.,1.,0.));
#17539 = ORIENTED_EDGE('',*,*,#17540,.T.);
#17540 = EDGE_CURVE('',#17533,#17541,#17543,.T.);
#17541 = VERTEX_POINT('',#17542);
#17542 = CARTESIAN_POINT('',(1.016,-6.35,2.54));
#17543 = LINE('',#17544,#17545);
#17544 = CARTESIAN_POINT('',(1.27,-6.604,2.54));
#17545 = VECTOR('',#17546,1.);
#17546 = DIRECTION('',(-0.707106781187,0.707106781187,0.));
#17547 = ORIENTED_EDGE('',*,*,#17548,.T.);
#17548 = EDGE_CURVE('',#17541,#17549,#17551,.T.);
#17549 = VERTEX_POINT('',#17550);
#17550 = CARTESIAN_POINT('',(1.27,-6.096,2.54));
#17551 = LINE('',#17552,#17553);
#17552 = CARTESIAN_POINT('',(1.016,-6.35,2.54));
#17553 = VECTOR('',#17554,1.);
#17554 = DIRECTION('',(0.707106781187,0.707106781187,0.));
#17555 = ORIENTED_EDGE('',*,*,#17556,.T.);
#17556 = EDGE_CURVE('',#17549,#17557,#17559,.T.);
#17557 = VERTEX_POINT('',#17558);
#17558 = CARTESIAN_POINT('',(1.27,-4.064,2.54));
#17559 = LINE('',#17560,#17561);
#17560 = CARTESIAN_POINT('',(1.27,-6.096,2.54));
#17561 = VECTOR('',#17562,1.);
#17562 = DIRECTION('',(0.,1.,0.));
#17563 = ORIENTED_EDGE('',*,*,#17564,.T.);
#17564 = EDGE_CURVE('',#17557,#17565,#17567,.T.);
#17565 = VERTEX_POINT('',#17566);
#17566 = CARTESIAN_POINT('',(1.016,-3.81,2.54));
#17567 = LINE('',#17568,#17569);
#17568 = CARTESIAN_POINT('',(1.27,-4.064,2.54));
#17569 = VECTOR('',#17570,1.);
#17570 = DIRECTION('',(-0.707106781187,0.707106781187,0.));
#17571 = ORIENTED_EDGE('',*,*,#17572,.T.);
#17572 = EDGE_CURVE('',#17565,#17573,#17575,.T.);
#17573 = VERTEX_POINT('',#17574);
#17574 = CARTESIAN_POINT('',(1.27,-3.556,2.54));
#17575 = LINE('',#17576,#17577);
#17576 = CARTESIAN_POINT('',(1.016,-3.81,2.54));
#17577 = VECTOR('',#17578,1.);
#17578 = DIRECTION('',(0.707106781187,0.707106781187,0.));
#17579 = ORIENTED_EDGE('',*,*,#17580,.T.);
#17580 = EDGE_CURVE('',#17573,#17581,#17583,.T.);
#17581 = VERTEX_POINT('',#17582);
#17582 = CARTESIAN_POINT('',(1.27,-1.524,2.54));
#17583 = LINE('',#17584,#17585);
#17584 = CARTESIAN_POINT('',(1.27,-3.556,2.54));
#17585 = VECTOR('',#17586,1.);
#17586 = DIRECTION('',(0.,1.,0.));
#17587 = ORIENTED_EDGE('',*,*,#17588,.T.);
#17588 = EDGE_CURVE('',#17581,#17589,#17591,.T.);
#17589 = VERTEX_POINT('',#17590);
#17590 = CARTESIAN_POINT('',(1.016,-1.27,2.54));
#17591 = LINE('',#17592,#17593);
#17592 = CARTESIAN_POINT('',(1.27,-1.524,2.54));
#17593 = VECTOR('',#17594,1.);
#17594 = DIRECTION('',(-0.707106781187,0.707106781187,0.));
#17595 = ORIENTED_EDGE('',*,*,#17596,.T.);
#17596 = EDGE_CURVE('',#17589,#17597,#17599,.T.);
#17597 = VERTEX_POINT('',#17598);
#17598 = CARTESIAN_POINT('',(1.27,-1.016,2.54));
#17599 = LINE('',#17600,#17601);
#17600 = CARTESIAN_POINT('',(1.016,-1.27,2.54));
#17601 = VECTOR('',#17602,1.);
#17602 = DIRECTION('',(0.707106781187,0.707106781187,0.));
#17603 = ORIENTED_EDGE('',*,*,#17604,.T.);
#17604 = EDGE_CURVE('',#17597,#17605,#17607,.T.);
#17605 = VERTEX_POINT('',#17606);
#17606 = CARTESIAN_POINT('',(1.27,1.016,2.54));
#17607 = LINE('',#17608,#17609);
#17608 = CARTESIAN_POINT('',(1.27,-1.016,2.54));
#17609 = VECTOR('',#17610,1.);
#17610 = DIRECTION('',(0.,1.,0.));
#17611 = ORIENTED_EDGE('',*,*,#17612,.T.);
#17612 = EDGE_CURVE('',#17605,#17046,#17613,.T.);
#17613 = LINE('',#17614,#17615);
#17614 = CARTESIAN_POINT('',(1.27,1.016,2.54));
#17615 = VECTOR('',#17616,1.);
#17616 = DIRECTION('',(-0.707106781187,0.707106781187,0.));
#17617 = ORIENTED_EDGE('',*,*,#17053,.T.);
#17618 = FACE_BOUND('',#17619,.T.);
#17619 = EDGE_LOOP('',(#17620,#17630,#17638,#17646));
#17620 = ORIENTED_EDGE('',*,*,#17621,.F.);
#17621 = EDGE_CURVE('',#17622,#17624,#17626,.T.);
#17622 = VERTEX_POINT('',#17623);
#17623 = CARTESIAN_POINT('',(0.32,-4.76,2.54));
#17624 = VERTEX_POINT('',#17625);
#17625 = CARTESIAN_POINT('',(-0.32,-4.76,2.54));
#17626 = LINE('',#17627,#17628);
#17627 = CARTESIAN_POINT('',(-0.16,-4.76,2.54));
#17628 = VECTOR('',#17629,1.);
#17629 = DIRECTION('',(-1.,0.,0.));
#17630 = ORIENTED_EDGE('',*,*,#17631,.F.);
#17631 = EDGE_CURVE('',#17632,#17622,#17634,.T.);
#17632 = VERTEX_POINT('',#17633);
#17633 = CARTESIAN_POINT('',(0.32,-5.4,2.54));
#17634 = LINE('',#17635,#17636);
#17635 = CARTESIAN_POINT('',(0.32,-4.605,2.54));
#17636 = VECTOR('',#17637,1.);
#17637 = DIRECTION('',(0.,1.,0.));
#17638 = ORIENTED_EDGE('',*,*,#17639,.T.);
#17639 = EDGE_CURVE('',#17632,#17640,#17642,.T.);
#17640 = VERTEX_POINT('',#17641);
#17641 = CARTESIAN_POINT('',(-0.32,-5.4,2.54));
#17642 = LINE('',#17643,#17644);
#17643 = CARTESIAN_POINT('',(-0.16,-5.4,2.54));
#17644 = VECTOR('',#17645,1.);
#17645 = DIRECTION('',(-1.,0.,0.));
#17646 = ORIENTED_EDGE('',*,*,#17647,.T.);
#17647 = EDGE_CURVE('',#17640,#17624,#17648,.T.);
#17648 = LINE('',#17649,#17650);
#17649 = CARTESIAN_POINT('',(-0.32,-4.605,2.54));
#17650 = VECTOR('',#17651,1.);
#17651 = DIRECTION('',(0.,1.,0.));
#17652 = FACE_BOUND('',#17653,.T.);
#17653 = EDGE_LOOP('',(#17654,#17664,#17672,#17680));
#17654 = ORIENTED_EDGE('',*,*,#17655,.F.);
#17655 = EDGE_CURVE('',#17656,#17658,#17660,.T.);
#17656 = VERTEX_POINT('',#17657);
#17657 = CARTESIAN_POINT('',(0.32,-7.94,2.54));
#17658 = VERTEX_POINT('',#17659);
#17659 = CARTESIAN_POINT('',(0.32,-7.3,2.54));
#17660 = LINE('',#17661,#17662);
#17661 = CARTESIAN_POINT('',(0.32,-5.875,2.54));
#17662 = VECTOR('',#17663,1.);
#17663 = DIRECTION('',(0.,1.,0.));
#17664 = ORIENTED_EDGE('',*,*,#17665,.T.);
#17665 = EDGE_CURVE('',#17656,#17666,#17668,.T.);
#17666 = VERTEX_POINT('',#17667);
#17667 = CARTESIAN_POINT('',(-0.32,-7.94,2.54));
#17668 = LINE('',#17669,#17670);
#17669 = CARTESIAN_POINT('',(-0.16,-7.94,2.54));
#17670 = VECTOR('',#17671,1.);
#17671 = DIRECTION('',(-1.,0.,0.));
#17672 = ORIENTED_EDGE('',*,*,#17673,.T.);
#17673 = EDGE_CURVE('',#17666,#17674,#17676,.T.);
#17674 = VERTEX_POINT('',#17675);
#17675 = CARTESIAN_POINT('',(-0.32,-7.3,2.54));
#17676 = LINE('',#17677,#17678);
#17677 = CARTESIAN_POINT('',(-0.32,-5.875,2.54));
#17678 = VECTOR('',#17679,1.);
#17679 = DIRECTION('',(0.,1.,0.));
#17680 = ORIENTED_EDGE('',*,*,#17681,.F.);
#17681 = EDGE_CURVE('',#17658,#17674,#17682,.T.);
#17682 = LINE('',#17683,#17684);
#17683 = CARTESIAN_POINT('',(-0.16,-7.3,2.54));
#17684 = VECTOR('',#17685,1.);
#17685 = DIRECTION('',(-1.,0.,0.));
#17686 = FACE_BOUND('',#17687,.T.);
#17687 = EDGE_LOOP('',(#17688,#17698,#17706,#17714));
#17688 = ORIENTED_EDGE('',*,*,#17689,.F.);
#17689 = EDGE_CURVE('',#17690,#17692,#17694,.T.);
#17690 = VERTEX_POINT('',#17691);
#17691 = CARTESIAN_POINT('',(0.32,-0.32,2.54));
#17692 = VERTEX_POINT('',#17693);
#17693 = CARTESIAN_POINT('',(0.32,0.32,2.54));
#17694 = LINE('',#17695,#17696);
#17695 = CARTESIAN_POINT('',(0.32,-2.065,2.54));
#17696 = VECTOR('',#17697,1.);
#17697 = DIRECTION('',(0.,1.,0.));
#17698 = ORIENTED_EDGE('',*,*,#17699,.T.);
#17699 = EDGE_CURVE('',#17690,#17700,#17702,.T.);
#17700 = VERTEX_POINT('',#17701);
#17701 = CARTESIAN_POINT('',(-0.32,-0.32,2.54));
#17702 = LINE('',#17703,#17704);
#17703 = CARTESIAN_POINT('',(-0.16,-0.32,2.54));
#17704 = VECTOR('',#17705,1.);
#17705 = DIRECTION('',(-1.,0.,0.));
#17706 = ORIENTED_EDGE('',*,*,#17707,.T.);
#17707 = EDGE_CURVE('',#17700,#17708,#17710,.T.);
#17708 = VERTEX_POINT('',#17709);
#17709 = CARTESIAN_POINT('',(-0.32,0.32,2.54));
#17710 = LINE('',#17711,#17712);
#17711 = CARTESIAN_POINT('',(-0.32,-2.065,2.54));
#17712 = VECTOR('',#17713,1.);
#17713 = DIRECTION('',(0.,1.,0.));
#17714 = ORIENTED_EDGE('',*,*,#17715,.F.);
#17715 = EDGE_CURVE('',#17692,#17708,#17716,.T.);
#17716 = LINE('',#17717,#17718);
#17717 = CARTESIAN_POINT('',(-0.16,0.32,2.54));
#17718 = VECTOR('',#17719,1.);
#17719 = DIRECTION('',(-1.,0.,0.));
#17720 = FACE_BOUND('',#17721,.T.);
#17721 = EDGE_LOOP('',(#17722,#17732,#17740,#17748));
#17722 = ORIENTED_EDGE('',*,*,#17723,.F.);
#17723 = EDGE_CURVE('',#17724,#17726,#17728,.T.);
#17724 = VERTEX_POINT('',#17725);
#17725 = CARTESIAN_POINT('',(0.32,-2.22,2.54));
#17726 = VERTEX_POINT('',#17727);
#17727 = CARTESIAN_POINT('',(-0.32,-2.22,2.54));
#17728 = LINE('',#17729,#17730);
#17729 = CARTESIAN_POINT('',(-0.16,-2.22,2.54));
#17730 = VECTOR('',#17731,1.);
#17731 = DIRECTION('',(-1.,0.,0.));
#17732 = ORIENTED_EDGE('',*,*,#17733,.F.);
#17733 = EDGE_CURVE('',#17734,#17724,#17736,.T.);
#17734 = VERTEX_POINT('',#17735);
#17735 = CARTESIAN_POINT('',(0.32,-2.86,2.54));
#17736 = LINE('',#17737,#17738);
#17737 = CARTESIAN_POINT('',(0.32,-3.335,2.54));
#17738 = VECTOR('',#17739,1.);
#17739 = DIRECTION('',(0.,1.,0.));
#17740 = ORIENTED_EDGE('',*,*,#17741,.T.);
#17741 = EDGE_CURVE('',#17734,#17742,#17744,.T.);
#17742 = VERTEX_POINT('',#17743);
#17743 = CARTESIAN_POINT('',(-0.32,-2.86,2.54));
#17744 = LINE('',#17745,#17746);
#17745 = CARTESIAN_POINT('',(-0.16,-2.86,2.54));
#17746 = VECTOR('',#17747,1.);
#17747 = DIRECTION('',(-1.,0.,0.));
#17748 = ORIENTED_EDGE('',*,*,#17749,.T.);
#17749 = EDGE_CURVE('',#17742,#17726,#17750,.T.);
#17750 = LINE('',#17751,#17752);
#17751 = CARTESIAN_POINT('',(-0.32,-3.335,2.54));
#17752 = VECTOR('',#17753,1.);
#17753 = DIRECTION('',(0.,1.,0.));
#17754 = PLANE('',#17755);
#17755 = AXIS2_PLACEMENT_3D('',#17756,#17757,#17758);
#17756 = CARTESIAN_POINT('',(4.259053689278E-17,-3.81,2.54));
#17757 = DIRECTION('',(0.,0.,1.));
#17758 = DIRECTION('',(1.,0.,-0.));
#17759 = ADVANCED_FACE('',(#17760),#17771,.F.);
#17760 = FACE_BOUND('',#17761,.F.);
#17761 = EDGE_LOOP('',(#17762,#17768,#17769,#17770));
#17762 = ORIENTED_EDGE('',*,*,#17763,.T.);
#17763 = EDGE_CURVE('',#17276,#17605,#17764,.T.);
#17764 = LINE('',#17765,#17766);
#17765 = CARTESIAN_POINT('',(1.27,1.016,0.));
#17766 = VECTOR('',#17767,1.);
#17767 = DIRECTION('',(0.,0.,1.));
#17768 = ORIENTED_EDGE('',*,*,#17612,.T.);
#17769 = ORIENTED_EDGE('',*,*,#17043,.F.);
#17770 = ORIENTED_EDGE('',*,*,#17283,.F.);
#17771 = PLANE('',#17772);
#17772 = AXIS2_PLACEMENT_3D('',#17773,#17774,#17775);
#17773 = CARTESIAN_POINT('',(1.27,1.016,0.));
#17774 = DIRECTION('',(-0.707106781187,-0.707106781187,0.));
#17775 = DIRECTION('',(-0.707106781187,0.707106781187,0.));
#17776 = ADVANCED_FACE('',(#17777),#17788,.F.);
#17777 = FACE_BOUND('',#17778,.F.);
#17778 = EDGE_LOOP('',(#17779,#17780,#17781,#17787));
#17779 = ORIENTED_EDGE('',*,*,#17083,.T.);
#17780 = ORIENTED_EDGE('',*,*,#17436,.T.);
#17781 = ORIENTED_EDGE('',*,*,#17782,.F.);
#17782 = EDGE_CURVE('',#17108,#17437,#17783,.T.);
#17783 = LINE('',#17784,#17785);
#17784 = CARTESIAN_POINT('',(-1.016,-1.27,0.));
#17785 = VECTOR('',#17786,1.);
#17786 = DIRECTION('',(0.,0.,1.));
#17787 = ORIENTED_EDGE('',*,*,#17107,.F.);
#17788 = PLANE('',#17789);
#17789 = AXIS2_PLACEMENT_3D('',#17790,#17791,#17792);
#17790 = CARTESIAN_POINT('',(-1.27,-1.016,0.));
#17791 = DIRECTION('',(0.707106781187,0.707106781187,0.));
#17792 = DIRECTION('',(0.707106781187,-0.707106781187,0.));
#17793 = ADVANCED_FACE('',(#17794),#17805,.F.);
#17794 = FACE_BOUND('',#17795,.F.);
#17795 = EDGE_LOOP('',(#17796,#17802,#17803,#17804));
#17796 = ORIENTED_EDGE('',*,*,#17797,.T.);
#17797 = EDGE_CURVE('',#17268,#17597,#17798,.T.);
#17798 = LINE('',#17799,#17800);
#17799 = CARTESIAN_POINT('',(1.27,-1.016,0.));
#17800 = VECTOR('',#17801,1.);
#17801 = DIRECTION('',(0.,0.,1.));
#17802 = ORIENTED_EDGE('',*,*,#17604,.T.);
#17803 = ORIENTED_EDGE('',*,*,#17763,.F.);
#17804 = ORIENTED_EDGE('',*,*,#17275,.F.);
#17805 = PLANE('',#17806);
#17806 = AXIS2_PLACEMENT_3D('',#17807,#17808,#17809);
#17807 = CARTESIAN_POINT('',(1.27,-1.016,0.));
#17808 = DIRECTION('',(-1.,0.,0.));
#17809 = DIRECTION('',(0.,1.,0.));
#17810 = ADVANCED_FACE('',(#17811),#17822,.F.);
#17811 = FACE_BOUND('',#17812,.F.);
#17812 = EDGE_LOOP('',(#17813,#17814,#17815,#17821));
#17813 = ORIENTED_EDGE('',*,*,#17782,.T.);
#17814 = ORIENTED_EDGE('',*,*,#17444,.T.);
#17815 = ORIENTED_EDGE('',*,*,#17816,.F.);
#17816 = EDGE_CURVE('',#17116,#17445,#17817,.T.);
#17817 = LINE('',#17818,#17819);
#17818 = CARTESIAN_POINT('',(-1.27,-1.524,0.));
#17819 = VECTOR('',#17820,1.);
#17820 = DIRECTION('',(0.,0.,1.));
#17821 = ORIENTED_EDGE('',*,*,#17115,.F.);
#17822 = PLANE('',#17823);
#17823 = AXIS2_PLACEMENT_3D('',#17824,#17825,#17826);
#17824 = CARTESIAN_POINT('',(-1.016,-1.27,0.));
#17825 = DIRECTION('',(0.707106781187,-0.707106781187,0.));
#17826 = DIRECTION('',(-0.707106781187,-0.707106781187,0.));
#17827 = ADVANCED_FACE('',(#17828),#17839,.F.);
#17828 = FACE_BOUND('',#17829,.F.);
#17829 = EDGE_LOOP('',(#17830,#17836,#17837,#17838));
#17830 = ORIENTED_EDGE('',*,*,#17831,.T.);
#17831 = EDGE_CURVE('',#17260,#17589,#17832,.T.);
#17832 = LINE('',#17833,#17834);
#17833 = CARTESIAN_POINT('',(1.016,-1.27,0.));
#17834 = VECTOR('',#17835,1.);
#17835 = DIRECTION('',(0.,0.,1.));
#17836 = ORIENTED_EDGE('',*,*,#17596,.T.);
#17837 = ORIENTED_EDGE('',*,*,#17797,.F.);
#17838 = ORIENTED_EDGE('',*,*,#17267,.F.);
#17839 = PLANE('',#17840);
#17840 = AXIS2_PLACEMENT_3D('',#17841,#17842,#17843);
#17841 = CARTESIAN_POINT('',(1.016,-1.27,0.));
#17842 = DIRECTION('',(-0.707106781187,0.707106781187,0.));
#17843 = DIRECTION('',(0.707106781187,0.707106781187,0.));
#17844 = ADVANCED_FACE('',(#17845),#17856,.F.);
#17845 = FACE_BOUND('',#17846,.F.);
#17846 = EDGE_LOOP('',(#17847,#17848,#17849,#17855));
#17847 = ORIENTED_EDGE('',*,*,#17816,.T.);
#17848 = ORIENTED_EDGE('',*,*,#17452,.T.);
#17849 = ORIENTED_EDGE('',*,*,#17850,.F.);
#17850 = EDGE_CURVE('',#17124,#17453,#17851,.T.);
#17851 = LINE('',#17852,#17853);
#17852 = CARTESIAN_POINT('',(-1.27,-3.556,0.));
#17853 = VECTOR('',#17854,1.);
#17854 = DIRECTION('',(0.,0.,1.));
#17855 = ORIENTED_EDGE('',*,*,#17123,.F.);
#17856 = PLANE('',#17857);
#17857 = AXIS2_PLACEMENT_3D('',#17858,#17859,#17860);
#17858 = CARTESIAN_POINT('',(-1.27,-1.524,0.));
#17859 = DIRECTION('',(1.,0.,0.));
#17860 = DIRECTION('',(0.,-1.,0.));
#17861 = ADVANCED_FACE('',(#17862),#17873,.F.);
#17862 = FACE_BOUND('',#17863,.F.);
#17863 = EDGE_LOOP('',(#17864,#17870,#17871,#17872));
#17864 = ORIENTED_EDGE('',*,*,#17865,.T.);
#17865 = EDGE_CURVE('',#17252,#17581,#17866,.T.);
#17866 = LINE('',#17867,#17868);
#17867 = CARTESIAN_POINT('',(1.27,-1.524,0.));
#17868 = VECTOR('',#17869,1.);
#17869 = DIRECTION('',(0.,0.,1.));
#17870 = ORIENTED_EDGE('',*,*,#17588,.T.);
#17871 = ORIENTED_EDGE('',*,*,#17831,.F.);
#17872 = ORIENTED_EDGE('',*,*,#17259,.F.);
#17873 = PLANE('',#17874);
#17874 = AXIS2_PLACEMENT_3D('',#17875,#17876,#17877);
#17875 = CARTESIAN_POINT('',(1.27,-1.524,0.));
#17876 = DIRECTION('',(-0.707106781187,-0.707106781187,0.));
#17877 = DIRECTION('',(-0.707106781187,0.707106781187,0.));
#17878 = ADVANCED_FACE('',(#17879),#17890,.F.);
#17879 = FACE_BOUND('',#17880,.F.);
#17880 = EDGE_LOOP('',(#17881,#17882,#17883,#17889));
#17881 = ORIENTED_EDGE('',*,*,#17850,.T.);
#17882 = ORIENTED_EDGE('',*,*,#17460,.T.);
#17883 = ORIENTED_EDGE('',*,*,#17884,.F.);
#17884 = EDGE_CURVE('',#17132,#17461,#17885,.T.);
#17885 = LINE('',#17886,#17887);
#17886 = CARTESIAN_POINT('',(-1.016,-3.81,0.));
#17887 = VECTOR('',#17888,1.);
#17888 = DIRECTION('',(0.,0.,1.));
#17889 = ORIENTED_EDGE('',*,*,#17131,.F.);
#17890 = PLANE('',#17891);
#17891 = AXIS2_PLACEMENT_3D('',#17892,#17893,#17894);
#17892 = CARTESIAN_POINT('',(-1.27,-3.556,0.));
#17893 = DIRECTION('',(0.707106781187,0.707106781187,0.));
#17894 = DIRECTION('',(0.707106781187,-0.707106781187,0.));
#17895 = ADVANCED_FACE('',(#17896),#17907,.F.);
#17896 = FACE_BOUND('',#17897,.F.);
#17897 = EDGE_LOOP('',(#17898,#17904,#17905,#17906));
#17898 = ORIENTED_EDGE('',*,*,#17899,.T.);
#17899 = EDGE_CURVE('',#17244,#17573,#17900,.T.);
#17900 = LINE('',#17901,#17902);
#17901 = CARTESIAN_POINT('',(1.27,-3.556,0.));
#17902 = VECTOR('',#17903,1.);
#17903 = DIRECTION('',(0.,0.,1.));
#17904 = ORIENTED_EDGE('',*,*,#17580,.T.);
#17905 = ORIENTED_EDGE('',*,*,#17865,.F.);
#17906 = ORIENTED_EDGE('',*,*,#17251,.F.);
#17907 = PLANE('',#17908);
#17908 = AXIS2_PLACEMENT_3D('',#17909,#17910,#17911);
#17909 = CARTESIAN_POINT('',(1.27,-3.556,0.));
#17910 = DIRECTION('',(-1.,0.,0.));
#17911 = DIRECTION('',(0.,1.,0.));
#17912 = ADVANCED_FACE('',(#17913),#17924,.F.);
#17913 = FACE_BOUND('',#17914,.F.);
#17914 = EDGE_LOOP('',(#17915,#17916,#17917,#17923));
#17915 = ORIENTED_EDGE('',*,*,#17884,.T.);
#17916 = ORIENTED_EDGE('',*,*,#17468,.T.);
#17917 = ORIENTED_EDGE('',*,*,#17918,.F.);
#17918 = EDGE_CURVE('',#17140,#17469,#17919,.T.);
#17919 = LINE('',#17920,#17921);
#17920 = CARTESIAN_POINT('',(-1.27,-4.064,0.));
#17921 = VECTOR('',#17922,1.);
#17922 = DIRECTION('',(0.,0.,1.));
#17923 = ORIENTED_EDGE('',*,*,#17139,.F.);
#17924 = PLANE('',#17925);
#17925 = AXIS2_PLACEMENT_3D('',#17926,#17927,#17928);
#17926 = CARTESIAN_POINT('',(-1.016,-3.81,0.));
#17927 = DIRECTION('',(0.707106781187,-0.707106781187,0.));
#17928 = DIRECTION('',(-0.707106781187,-0.707106781187,0.));
#17929 = ADVANCED_FACE('',(#17930),#17941,.F.);
#17930 = FACE_BOUND('',#17931,.F.);
#17931 = EDGE_LOOP('',(#17932,#17938,#17939,#17940));
#17932 = ORIENTED_EDGE('',*,*,#17933,.T.);
#17933 = EDGE_CURVE('',#17236,#17565,#17934,.T.);
#17934 = LINE('',#17935,#17936);
#17935 = CARTESIAN_POINT('',(1.016,-3.81,0.));
#17936 = VECTOR('',#17937,1.);
#17937 = DIRECTION('',(0.,0.,1.));
#17938 = ORIENTED_EDGE('',*,*,#17572,.T.);
#17939 = ORIENTED_EDGE('',*,*,#17899,.F.);
#17940 = ORIENTED_EDGE('',*,*,#17243,.F.);
#17941 = PLANE('',#17942);
#17942 = AXIS2_PLACEMENT_3D('',#17943,#17944,#17945);
#17943 = CARTESIAN_POINT('',(1.016,-3.81,0.));
#17944 = DIRECTION('',(-0.707106781187,0.707106781187,0.));
#17945 = DIRECTION('',(0.707106781187,0.707106781187,0.));
#17946 = ADVANCED_FACE('',(#17947),#17958,.F.);
#17947 = FACE_BOUND('',#17948,.F.);
#17948 = EDGE_LOOP('',(#17949,#17950,#17951,#17957));
#17949 = ORIENTED_EDGE('',*,*,#17918,.T.);
#17950 = ORIENTED_EDGE('',*,*,#17476,.T.);
#17951 = ORIENTED_EDGE('',*,*,#17952,.F.);
#17952 = EDGE_CURVE('',#17148,#17477,#17953,.T.);
#17953 = LINE('',#17954,#17955);
#17954 = CARTESIAN_POINT('',(-1.27,-6.096,0.));
#17955 = VECTOR('',#17956,1.);
#17956 = DIRECTION('',(0.,0.,1.));
#17957 = ORIENTED_EDGE('',*,*,#17147,.F.);
#17958 = PLANE('',#17959);
#17959 = AXIS2_PLACEMENT_3D('',#17960,#17961,#17962);
#17960 = CARTESIAN_POINT('',(-1.27,-4.064,0.));
#17961 = DIRECTION('',(1.,0.,0.));
#17962 = DIRECTION('',(0.,-1.,0.));
#17963 = ADVANCED_FACE('',(#17964),#17975,.F.);
#17964 = FACE_BOUND('',#17965,.F.);
#17965 = EDGE_LOOP('',(#17966,#17972,#17973,#17974));
#17966 = ORIENTED_EDGE('',*,*,#17967,.T.);
#17967 = EDGE_CURVE('',#17228,#17557,#17968,.T.);
#17968 = LINE('',#17969,#17970);
#17969 = CARTESIAN_POINT('',(1.27,-4.064,0.));
#17970 = VECTOR('',#17971,1.);
#17971 = DIRECTION('',(0.,0.,1.));
#17972 = ORIENTED_EDGE('',*,*,#17564,.T.);
#17973 = ORIENTED_EDGE('',*,*,#17933,.F.);
#17974 = ORIENTED_EDGE('',*,*,#17235,.F.);
#17975 = PLANE('',#17976);
#17976 = AXIS2_PLACEMENT_3D('',#17977,#17978,#17979);
#17977 = CARTESIAN_POINT('',(1.27,-4.064,0.));
#17978 = DIRECTION('',(-0.707106781187,-0.707106781187,0.));
#17979 = DIRECTION('',(-0.707106781187,0.707106781187,0.));
#17980 = ADVANCED_FACE('',(#17981),#17992,.F.);
#17981 = FACE_BOUND('',#17982,.F.);
#17982 = EDGE_LOOP('',(#17983,#17984,#17985,#17991));
#17983 = ORIENTED_EDGE('',*,*,#17952,.T.);
#17984 = ORIENTED_EDGE('',*,*,#17484,.T.);
#17985 = ORIENTED_EDGE('',*,*,#17986,.F.);
#17986 = EDGE_CURVE('',#17156,#17485,#17987,.T.);
#17987 = LINE('',#17988,#17989);
#17988 = CARTESIAN_POINT('',(-1.016,-6.35,0.));
#17989 = VECTOR('',#17990,1.);
#17990 = DIRECTION('',(0.,0.,1.));
#17991 = ORIENTED_EDGE('',*,*,#17155,.F.);
#17992 = PLANE('',#17993);
#17993 = AXIS2_PLACEMENT_3D('',#17994,#17995,#17996);
#17994 = CARTESIAN_POINT('',(-1.27,-6.096,0.));
#17995 = DIRECTION('',(0.707106781187,0.707106781187,0.));
#17996 = DIRECTION('',(0.707106781187,-0.707106781187,0.));
#17997 = ADVANCED_FACE('',(#17998),#18009,.F.);
#17998 = FACE_BOUND('',#17999,.F.);
#17999 = EDGE_LOOP('',(#18000,#18006,#18007,#18008));
#18000 = ORIENTED_EDGE('',*,*,#18001,.T.);
#18001 = EDGE_CURVE('',#17220,#17549,#18002,.T.);
#18002 = LINE('',#18003,#18004);
#18003 = CARTESIAN_POINT('',(1.27,-6.096,0.));
#18004 = VECTOR('',#18005,1.);
#18005 = DIRECTION('',(0.,0.,1.));
#18006 = ORIENTED_EDGE('',*,*,#17556,.T.);
#18007 = ORIENTED_EDGE('',*,*,#17967,.F.);
#18008 = ORIENTED_EDGE('',*,*,#17227,.F.);
#18009 = PLANE('',#18010);
#18010 = AXIS2_PLACEMENT_3D('',#18011,#18012,#18013);
#18011 = CARTESIAN_POINT('',(1.27,-6.096,0.));
#18012 = DIRECTION('',(-1.,0.,0.));
#18013 = DIRECTION('',(0.,1.,0.));
#18014 = ADVANCED_FACE('',(#18015),#18026,.F.);
#18015 = FACE_BOUND('',#18016,.F.);
#18016 = EDGE_LOOP('',(#18017,#18018,#18019,#18025));
#18017 = ORIENTED_EDGE('',*,*,#17986,.T.);
#18018 = ORIENTED_EDGE('',*,*,#17492,.T.);
#18019 = ORIENTED_EDGE('',*,*,#18020,.F.);
#18020 = EDGE_CURVE('',#17164,#17493,#18021,.T.);
#18021 = LINE('',#18022,#18023);
#18022 = CARTESIAN_POINT('',(-1.27,-6.604,0.));
#18023 = VECTOR('',#18024,1.);
#18024 = DIRECTION('',(0.,0.,1.));
#18025 = ORIENTED_EDGE('',*,*,#17163,.F.);
#18026 = PLANE('',#18027);
#18027 = AXIS2_PLACEMENT_3D('',#18028,#18029,#18030);
#18028 = CARTESIAN_POINT('',(-1.016,-6.35,0.));
#18029 = DIRECTION('',(0.707106781187,-0.707106781187,0.));
#18030 = DIRECTION('',(-0.707106781187,-0.707106781187,0.));
#18031 = ADVANCED_FACE('',(#18032),#18043,.F.);
#18032 = FACE_BOUND('',#18033,.F.);
#18033 = EDGE_LOOP('',(#18034,#18040,#18041,#18042));
#18034 = ORIENTED_EDGE('',*,*,#18035,.T.);
#18035 = EDGE_CURVE('',#17212,#17541,#18036,.T.);
#18036 = LINE('',#18037,#18038);
#18037 = CARTESIAN_POINT('',(1.016,-6.35,0.));
#18038 = VECTOR('',#18039,1.);
#18039 = DIRECTION('',(0.,0.,1.));
#18040 = ORIENTED_EDGE('',*,*,#17548,.T.);
#18041 = ORIENTED_EDGE('',*,*,#18001,.F.);
#18042 = ORIENTED_EDGE('',*,*,#17219,.F.);
#18043 = PLANE('',#18044);
#18044 = AXIS2_PLACEMENT_3D('',#18045,#18046,#18047);
#18045 = CARTESIAN_POINT('',(1.016,-6.35,0.));
#18046 = DIRECTION('',(-0.707106781187,0.707106781187,0.));
#18047 = DIRECTION('',(0.707106781187,0.707106781187,0.));
#18048 = ADVANCED_FACE('',(#18049),#18060,.F.);
#18049 = FACE_BOUND('',#18050,.F.);
#18050 = EDGE_LOOP('',(#18051,#18052,#18053,#18059));
#18051 = ORIENTED_EDGE('',*,*,#18020,.T.);
#18052 = ORIENTED_EDGE('',*,*,#17500,.T.);
#18053 = ORIENTED_EDGE('',*,*,#18054,.F.);
#18054 = EDGE_CURVE('',#17172,#17501,#18055,.T.);
#18055 = LINE('',#18056,#18057);
#18056 = CARTESIAN_POINT('',(-1.27,-8.636,0.));
#18057 = VECTOR('',#18058,1.);
#18058 = DIRECTION('',(0.,0.,1.));
#18059 = ORIENTED_EDGE('',*,*,#17171,.F.);
#18060 = PLANE('',#18061);
#18061 = AXIS2_PLACEMENT_3D('',#18062,#18063,#18064);
#18062 = CARTESIAN_POINT('',(-1.27,-6.604,0.));
#18063 = DIRECTION('',(1.,0.,0.));
#18064 = DIRECTION('',(0.,-1.,0.));
#18065 = ADVANCED_FACE('',(#18066),#18077,.F.);
#18066 = FACE_BOUND('',#18067,.F.);
#18067 = EDGE_LOOP('',(#18068,#18074,#18075,#18076));
#18068 = ORIENTED_EDGE('',*,*,#18069,.T.);
#18069 = EDGE_CURVE('',#17204,#17533,#18070,.T.);
#18070 = LINE('',#18071,#18072);
#18071 = CARTESIAN_POINT('',(1.27,-6.604,0.));
#18072 = VECTOR('',#18073,1.);
#18073 = DIRECTION('',(0.,0.,1.));
#18074 = ORIENTED_EDGE('',*,*,#17540,.T.);
#18075 = ORIENTED_EDGE('',*,*,#18035,.F.);
#18076 = ORIENTED_EDGE('',*,*,#17211,.F.);
#18077 = PLANE('',#18078);
#18078 = AXIS2_PLACEMENT_3D('',#18079,#18080,#18081);
#18079 = CARTESIAN_POINT('',(1.27,-6.604,0.));
#18080 = DIRECTION('',(-0.707106781187,-0.707106781187,0.));
#18081 = DIRECTION('',(-0.707106781187,0.707106781187,0.));
#18082 = ADVANCED_FACE('',(#18083),#18094,.F.);
#18083 = FACE_BOUND('',#18084,.F.);
#18084 = EDGE_LOOP('',(#18085,#18086,#18087,#18093));
#18085 = ORIENTED_EDGE('',*,*,#18054,.T.);
#18086 = ORIENTED_EDGE('',*,*,#17508,.T.);
#18087 = ORIENTED_EDGE('',*,*,#18088,.F.);
#18088 = EDGE_CURVE('',#17180,#17509,#18089,.T.);
#18089 = LINE('',#18090,#18091);
#18090 = CARTESIAN_POINT('',(-1.016,-8.89,0.));
#18091 = VECTOR('',#18092,1.);
#18092 = DIRECTION('',(0.,0.,1.));
#18093 = ORIENTED_EDGE('',*,*,#17179,.F.);
#18094 = PLANE('',#18095);
#18095 = AXIS2_PLACEMENT_3D('',#18096,#18097,#18098);
#18096 = CARTESIAN_POINT('',(-1.27,-8.636,0.));
#18097 = DIRECTION('',(0.707106781187,0.707106781187,0.));
#18098 = DIRECTION('',(0.707106781187,-0.707106781187,0.));
#18099 = ADVANCED_FACE('',(#18100),#18111,.F.);
#18100 = FACE_BOUND('',#18101,.F.);
#18101 = EDGE_LOOP('',(#18102,#18108,#18109,#18110));
#18102 = ORIENTED_EDGE('',*,*,#18103,.T.);
#18103 = EDGE_CURVE('',#17196,#17525,#18104,.T.);
#18104 = LINE('',#18105,#18106);
#18105 = CARTESIAN_POINT('',(1.27,-8.636,0.));
#18106 = VECTOR('',#18107,1.);
#18107 = DIRECTION('',(0.,0.,1.));
#18108 = ORIENTED_EDGE('',*,*,#17532,.T.);
#18109 = ORIENTED_EDGE('',*,*,#18069,.F.);
#18110 = ORIENTED_EDGE('',*,*,#17203,.F.);
#18111 = PLANE('',#18112);
#18112 = AXIS2_PLACEMENT_3D('',#18113,#18114,#18115);
#18113 = CARTESIAN_POINT('',(1.27,-8.636,0.));
#18114 = DIRECTION('',(-1.,0.,0.));
#18115 = DIRECTION('',(0.,1.,0.));
#18116 = ADVANCED_FACE('',(#18117),#18128,.F.);
#18117 = FACE_BOUND('',#18118,.F.);
#18118 = EDGE_LOOP('',(#18119,#18120,#18121,#18127));
#18119 = ORIENTED_EDGE('',*,*,#18088,.T.);
#18120 = ORIENTED_EDGE('',*,*,#17516,.T.);
#18121 = ORIENTED_EDGE('',*,*,#18122,.F.);
#18122 = EDGE_CURVE('',#17188,#17517,#18123,.T.);
#18123 = LINE('',#18124,#18125);
#18124 = CARTESIAN_POINT('',(1.016,-8.89,0.));
#18125 = VECTOR('',#18126,1.);
#18126 = DIRECTION('',(0.,0.,1.));
#18127 = ORIENTED_EDGE('',*,*,#17187,.F.);
#18128 = PLANE('',#18129);
#18129 = AXIS2_PLACEMENT_3D('',#18130,#18131,#18132);
#18130 = CARTESIAN_POINT('',(-1.016,-8.89,0.));
#18131 = DIRECTION('',(0.,1.,0.));
#18132 = DIRECTION('',(1.,0.,0.));
#18133 = ADVANCED_FACE('',(#18134),#18140,.F.);
#18134 = FACE_BOUND('',#18135,.F.);
#18135 = EDGE_LOOP('',(#18136,#18137,#18138,#18139));
#18136 = ORIENTED_EDGE('',*,*,#18122,.T.);
#18137 = ORIENTED_EDGE('',*,*,#17524,.T.);
#18138 = ORIENTED_EDGE('',*,*,#18103,.F.);
#18139 = ORIENTED_EDGE('',*,*,#17195,.F.);
#18140 = PLANE('',#18141);
#18141 = AXIS2_PLACEMENT_3D('',#18142,#18143,#18144);
#18142 = CARTESIAN_POINT('',(1.016,-8.89,0.));
#18143 = DIRECTION('',(-0.707106781187,0.707106781187,0.));
#18144 = DIRECTION('',(0.707106781187,0.707106781187,0.));
#18145 = ADVANCED_FACE('',(#18146),#18171,.T.);
#18146 = FACE_BOUND('',#18147,.T.);
#18147 = EDGE_LOOP('',(#18148,#18156,#18164,#18170));
#18148 = ORIENTED_EDGE('',*,*,#18149,.F.);
#18149 = EDGE_CURVE('',#18150,#17293,#18152,.T.);
#18150 = VERTEX_POINT('',#18151);
#18151 = CARTESIAN_POINT('',(0.32,-4.76,-2.84));
#18152 = LINE('',#18153,#18154);
#18153 = CARTESIAN_POINT('',(0.32,-4.76,-3.));
#18154 = VECTOR('',#18155,1.);
#18155 = DIRECTION('',(0.,0.,1.));
#18156 = ORIENTED_EDGE('',*,*,#18157,.F.);
#18157 = EDGE_CURVE('',#18158,#18150,#18160,.T.);
#18158 = VERTEX_POINT('',#18159);
#18159 = CARTESIAN_POINT('',(-0.32,-4.76,-2.84));
#18160 = LINE('',#18161,#18162);
#18161 = CARTESIAN_POINT('',(-0.32,-4.76,-2.84));
#18162 = VECTOR('',#18163,1.);
#18163 = DIRECTION('',(1.,0.,0.));
#18164 = ORIENTED_EDGE('',*,*,#18165,.T.);
#18165 = EDGE_CURVE('',#18158,#17295,#18166,.T.);
#18166 = LINE('',#18167,#18168);
#18167 = CARTESIAN_POINT('',(-0.32,-4.76,-3.));
#18168 = VECTOR('',#18169,1.);
#18169 = DIRECTION('',(0.,0.,1.));
#18170 = ORIENTED_EDGE('',*,*,#17292,.F.);
#18171 = PLANE('',#18172);
#18172 = AXIS2_PLACEMENT_3D('',#18173,#18174,#18175);
#18173 = CARTESIAN_POINT('',(-0.32,-4.76,-3.));
#18174 = DIRECTION('',(0.,1.,0.));
#18175 = DIRECTION('',(0.,-0.,1.));
#18176 = ADVANCED_FACE('',(#18177),#18195,.F.);
#18177 = FACE_BOUND('',#18178,.F.);
#18178 = EDGE_LOOP('',(#18179,#18187,#18193,#18194));
#18179 = ORIENTED_EDGE('',*,*,#18180,.F.);
#18180 = EDGE_CURVE('',#18181,#17311,#18183,.T.);
#18181 = VERTEX_POINT('',#18182);
#18182 = CARTESIAN_POINT('',(-0.32,-5.4,-2.84));
#18183 = LINE('',#18184,#18185);
#18184 = CARTESIAN_POINT('',(-0.32,-5.4,-3.));
#18185 = VECTOR('',#18186,1.);
#18186 = DIRECTION('',(0.,0.,1.));
#18187 = ORIENTED_EDGE('',*,*,#18188,.T.);
#18188 = EDGE_CURVE('',#18181,#18158,#18189,.T.);
#18189 = LINE('',#18190,#18191);
#18190 = CARTESIAN_POINT('',(-0.32,-5.4,-2.84));
#18191 = VECTOR('',#18192,1.);
#18192 = DIRECTION('',(0.,1.,0.));
#18193 = ORIENTED_EDGE('',*,*,#18165,.T.);
#18194 = ORIENTED_EDGE('',*,*,#17318,.F.);
#18195 = PLANE('',#18196);
#18196 = AXIS2_PLACEMENT_3D('',#18197,#18198,#18199);
#18197 = CARTESIAN_POINT('',(-0.32,-5.4,-3.));
#18198 = DIRECTION('',(1.,0.,0.));
#18199 = DIRECTION('',(0.,0.,1.));
#18200 = ADVANCED_FACE('',(#18201),#18219,.F.);
#18201 = FACE_BOUND('',#18202,.F.);
#18202 = EDGE_LOOP('',(#18203,#18211,#18217,#18218));
#18203 = ORIENTED_EDGE('',*,*,#18204,.F.);
#18204 = EDGE_CURVE('',#18205,#17303,#18207,.T.);
#18205 = VERTEX_POINT('',#18206);
#18206 = CARTESIAN_POINT('',(0.32,-5.4,-2.84));
#18207 = LINE('',#18208,#18209);
#18208 = CARTESIAN_POINT('',(0.32,-5.4,-3.));
#18209 = VECTOR('',#18210,1.);
#18210 = DIRECTION('',(0.,0.,1.));
#18211 = ORIENTED_EDGE('',*,*,#18212,.F.);
#18212 = EDGE_CURVE('',#18181,#18205,#18213,.T.);
#18213 = LINE('',#18214,#18215);
#18214 = CARTESIAN_POINT('',(-0.32,-5.4,-2.84));
#18215 = VECTOR('',#18216,1.);
#18216 = DIRECTION('',(1.,0.,0.));
#18217 = ORIENTED_EDGE('',*,*,#18180,.T.);
#18218 = ORIENTED_EDGE('',*,*,#17310,.F.);
#18219 = PLANE('',#18220);
#18220 = AXIS2_PLACEMENT_3D('',#18221,#18222,#18223);
#18221 = CARTESIAN_POINT('',(-0.32,-5.4,-3.));
#18222 = DIRECTION('',(0.,1.,0.));
#18223 = DIRECTION('',(0.,-0.,1.));
#18224 = ADVANCED_FACE('',(#18225),#18236,.T.);
#18225 = FACE_BOUND('',#18226,.T.);
#18226 = EDGE_LOOP('',(#18227,#18228,#18234,#18235));
#18227 = ORIENTED_EDGE('',*,*,#18204,.F.);
#18228 = ORIENTED_EDGE('',*,*,#18229,.T.);
#18229 = EDGE_CURVE('',#18205,#18150,#18230,.T.);
#18230 = LINE('',#18231,#18232);
#18231 = CARTESIAN_POINT('',(0.32,-5.4,-2.84));
#18232 = VECTOR('',#18233,1.);
#18233 = DIRECTION('',(0.,1.,0.));
#18234 = ORIENTED_EDGE('',*,*,#18149,.T.);
#18235 = ORIENTED_EDGE('',*,*,#17302,.F.);
#18236 = PLANE('',#18237);
#18237 = AXIS2_PLACEMENT_3D('',#18238,#18239,#18240);
#18238 = CARTESIAN_POINT('',(0.32,-5.4,-3.));
#18239 = DIRECTION('',(1.,0.,0.));
#18240 = DIRECTION('',(0.,0.,1.));
#18241 = ADVANCED_FACE('',(#18242),#18267,.T.);
#18242 = FACE_BOUND('',#18243,.T.);
#18243 = EDGE_LOOP('',(#18244,#18252,#18260,#18266));
#18244 = ORIENTED_EDGE('',*,*,#18245,.F.);
#18245 = EDGE_CURVE('',#18246,#17327,#18248,.T.);
#18246 = VERTEX_POINT('',#18247);
#18247 = CARTESIAN_POINT('',(0.32,-7.94,-2.84));
#18248 = LINE('',#18249,#18250);
#18249 = CARTESIAN_POINT('',(0.32,-7.94,-3.));
#18250 = VECTOR('',#18251,1.);
#18251 = DIRECTION('',(0.,0.,1.));
#18252 = ORIENTED_EDGE('',*,*,#18253,.T.);
#18253 = EDGE_CURVE('',#18246,#18254,#18256,.T.);
#18254 = VERTEX_POINT('',#18255);
#18255 = CARTESIAN_POINT('',(0.32,-7.3,-2.84));
#18256 = LINE('',#18257,#18258);
#18257 = CARTESIAN_POINT('',(0.32,-7.94,-2.84));
#18258 = VECTOR('',#18259,1.);
#18259 = DIRECTION('',(0.,1.,0.));
#18260 = ORIENTED_EDGE('',*,*,#18261,.T.);
#18261 = EDGE_CURVE('',#18254,#17329,#18262,.T.);
#18262 = LINE('',#18263,#18264);
#18263 = CARTESIAN_POINT('',(0.32,-7.3,-3.));
#18264 = VECTOR('',#18265,1.);
#18265 = DIRECTION('',(0.,0.,1.));
#18266 = ORIENTED_EDGE('',*,*,#17326,.F.);
#18267 = PLANE('',#18268);
#18268 = AXIS2_PLACEMENT_3D('',#18269,#18270,#18271);
#18269 = CARTESIAN_POINT('',(0.32,-7.94,-3.));
#18270 = DIRECTION('',(1.,0.,0.));
#18271 = DIRECTION('',(0.,0.,1.));
#18272 = ADVANCED_FACE('',(#18273),#18291,.T.);
#18273 = FACE_BOUND('',#18274,.T.);
#18274 = EDGE_LOOP('',(#18275,#18276,#18284,#18290));
#18275 = ORIENTED_EDGE('',*,*,#18261,.F.);
#18276 = ORIENTED_EDGE('',*,*,#18277,.F.);
#18277 = EDGE_CURVE('',#18278,#18254,#18280,.T.);
#18278 = VERTEX_POINT('',#18279);
#18279 = CARTESIAN_POINT('',(-0.32,-7.3,-2.84));
#18280 = LINE('',#18281,#18282);
#18281 = CARTESIAN_POINT('',(-0.32,-7.3,-2.84));
#18282 = VECTOR('',#18283,1.);
#18283 = DIRECTION('',(1.,0.,0.));
#18284 = ORIENTED_EDGE('',*,*,#18285,.T.);
#18285 = EDGE_CURVE('',#18278,#17345,#18286,.T.);
#18286 = LINE('',#18287,#18288);
#18287 = CARTESIAN_POINT('',(-0.32,-7.3,-3.));
#18288 = VECTOR('',#18289,1.);
#18289 = DIRECTION('',(0.,0.,1.));
#18290 = ORIENTED_EDGE('',*,*,#17352,.F.);
#18291 = PLANE('',#18292);
#18292 = AXIS2_PLACEMENT_3D('',#18293,#18294,#18295);
#18293 = CARTESIAN_POINT('',(-0.32,-7.3,-3.));
#18294 = DIRECTION('',(0.,1.,0.));
#18295 = DIRECTION('',(0.,-0.,1.));
#18296 = ADVANCED_FACE('',(#18297),#18315,.F.);
#18297 = FACE_BOUND('',#18298,.F.);
#18298 = EDGE_LOOP('',(#18299,#18307,#18313,#18314));
#18299 = ORIENTED_EDGE('',*,*,#18300,.F.);
#18300 = EDGE_CURVE('',#18301,#17337,#18303,.T.);
#18301 = VERTEX_POINT('',#18302);
#18302 = CARTESIAN_POINT('',(-0.32,-7.94,-2.84));
#18303 = LINE('',#18304,#18305);
#18304 = CARTESIAN_POINT('',(-0.32,-7.94,-3.));
#18305 = VECTOR('',#18306,1.);
#18306 = DIRECTION('',(0.,0.,1.));
#18307 = ORIENTED_EDGE('',*,*,#18308,.T.);
#18308 = EDGE_CURVE('',#18301,#18278,#18309,.T.);
#18309 = LINE('',#18310,#18311);
#18310 = CARTESIAN_POINT('',(-0.32,-7.94,-2.84));
#18311 = VECTOR('',#18312,1.);
#18312 = DIRECTION('',(0.,1.,0.));
#18313 = ORIENTED_EDGE('',*,*,#18285,.T.);
#18314 = ORIENTED_EDGE('',*,*,#17344,.F.);
#18315 = PLANE('',#18316);
#18316 = AXIS2_PLACEMENT_3D('',#18317,#18318,#18319);
#18317 = CARTESIAN_POINT('',(-0.32,-7.94,-3.));
#18318 = DIRECTION('',(1.,0.,0.));
#18319 = DIRECTION('',(0.,0.,1.));
#18320 = ADVANCED_FACE('',(#18321),#18332,.F.);
#18321 = FACE_BOUND('',#18322,.F.);
#18322 = EDGE_LOOP('',(#18323,#18324,#18330,#18331));
#18323 = ORIENTED_EDGE('',*,*,#18245,.F.);
#18324 = ORIENTED_EDGE('',*,*,#18325,.F.);
#18325 = EDGE_CURVE('',#18301,#18246,#18326,.T.);
#18326 = LINE('',#18327,#18328);
#18327 = CARTESIAN_POINT('',(-0.32,-7.94,-2.84));
#18328 = VECTOR('',#18329,1.);
#18329 = DIRECTION('',(1.,0.,0.));
#18330 = ORIENTED_EDGE('',*,*,#18300,.T.);
#18331 = ORIENTED_EDGE('',*,*,#17336,.F.);
#18332 = PLANE('',#18333);
#18333 = AXIS2_PLACEMENT_3D('',#18334,#18335,#18336);
#18334 = CARTESIAN_POINT('',(-0.32,-7.94,-3.));
#18335 = DIRECTION('',(0.,1.,0.));
#18336 = DIRECTION('',(0.,-0.,1.));
#18337 = ADVANCED_FACE('',(#18338),#18363,.T.);
#18338 = FACE_BOUND('',#18339,.T.);
#18339 = EDGE_LOOP('',(#18340,#18348,#18356,#18362));
#18340 = ORIENTED_EDGE('',*,*,#18341,.F.);
#18341 = EDGE_CURVE('',#18342,#17361,#18344,.T.);
#18342 = VERTEX_POINT('',#18343);
#18343 = CARTESIAN_POINT('',(0.32,-0.32,-2.84));
#18344 = LINE('',#18345,#18346);
#18345 = CARTESIAN_POINT('',(0.32,-0.32,-3.));
#18346 = VECTOR('',#18347,1.);
#18347 = DIRECTION('',(0.,0.,1.));
#18348 = ORIENTED_EDGE('',*,*,#18349,.T.);
#18349 = EDGE_CURVE('',#18342,#18350,#18352,.T.);
#18350 = VERTEX_POINT('',#18351);
#18351 = CARTESIAN_POINT('',(0.32,0.32,-2.84));
#18352 = LINE('',#18353,#18354);
#18353 = CARTESIAN_POINT('',(0.32,-0.32,-2.84));
#18354 = VECTOR('',#18355,1.);
#18355 = DIRECTION('',(0.,1.,0.));
#18356 = ORIENTED_EDGE('',*,*,#18357,.T.);
#18357 = EDGE_CURVE('',#18350,#17363,#18358,.T.);
#18358 = LINE('',#18359,#18360);
#18359 = CARTESIAN_POINT('',(0.32,0.32,-3.));
#18360 = VECTOR('',#18361,1.);
#18361 = DIRECTION('',(0.,0.,1.));
#18362 = ORIENTED_EDGE('',*,*,#17360,.F.);
#18363 = PLANE('',#18364);
#18364 = AXIS2_PLACEMENT_3D('',#18365,#18366,#18367);
#18365 = CARTESIAN_POINT('',(0.32,-0.32,-3.));
#18366 = DIRECTION('',(1.,0.,0.));
#18367 = DIRECTION('',(0.,0.,1.));
#18368 = ADVANCED_FACE('',(#18369),#18387,.T.);
#18369 = FACE_BOUND('',#18370,.T.);
#18370 = EDGE_LOOP('',(#18371,#18372,#18380,#18386));
#18371 = ORIENTED_EDGE('',*,*,#18357,.F.);
#18372 = ORIENTED_EDGE('',*,*,#18373,.F.);
#18373 = EDGE_CURVE('',#18374,#18350,#18376,.T.);
#18374 = VERTEX_POINT('',#18375);
#18375 = CARTESIAN_POINT('',(-0.32,0.32,-2.84));
#18376 = LINE('',#18377,#18378);
#18377 = CARTESIAN_POINT('',(-0.32,0.32,-2.84));
#18378 = VECTOR('',#18379,1.);
#18379 = DIRECTION('',(1.,0.,0.));
#18380 = ORIENTED_EDGE('',*,*,#18381,.T.);
#18381 = EDGE_CURVE('',#18374,#17379,#18382,.T.);
#18382 = LINE('',#18383,#18384);
#18383 = CARTESIAN_POINT('',(-0.32,0.32,-3.));
#18384 = VECTOR('',#18385,1.);
#18385 = DIRECTION('',(0.,0.,1.));
#18386 = ORIENTED_EDGE('',*,*,#17386,.F.);
#18387 = PLANE('',#18388);
#18388 = AXIS2_PLACEMENT_3D('',#18389,#18390,#18391);
#18389 = CARTESIAN_POINT('',(-0.32,0.32,-3.));
#18390 = DIRECTION('',(0.,1.,0.));
#18391 = DIRECTION('',(0.,-0.,1.));
#18392 = ADVANCED_FACE('',(#18393),#18411,.F.);
#18393 = FACE_BOUND('',#18394,.F.);
#18394 = EDGE_LOOP('',(#18395,#18403,#18409,#18410));
#18395 = ORIENTED_EDGE('',*,*,#18396,.F.);
#18396 = EDGE_CURVE('',#18397,#17371,#18399,.T.);
#18397 = VERTEX_POINT('',#18398);
#18398 = CARTESIAN_POINT('',(-0.32,-0.32,-2.84));
#18399 = LINE('',#18400,#18401);
#18400 = CARTESIAN_POINT('',(-0.32,-0.32,-3.));
#18401 = VECTOR('',#18402,1.);
#18402 = DIRECTION('',(0.,0.,1.));
#18403 = ORIENTED_EDGE('',*,*,#18404,.T.);
#18404 = EDGE_CURVE('',#18397,#18374,#18405,.T.);
#18405 = LINE('',#18406,#18407);
#18406 = CARTESIAN_POINT('',(-0.32,-0.32,-2.84));
#18407 = VECTOR('',#18408,1.);
#18408 = DIRECTION('',(0.,1.,0.));
#18409 = ORIENTED_EDGE('',*,*,#18381,.T.);
#18410 = ORIENTED_EDGE('',*,*,#17378,.F.);
#18411 = PLANE('',#18412);
#18412 = AXIS2_PLACEMENT_3D('',#18413,#18414,#18415);
#18413 = CARTESIAN_POINT('',(-0.32,-0.32,-3.));
#18414 = DIRECTION('',(1.,0.,0.));
#18415 = DIRECTION('',(0.,0.,1.));
#18416 = ADVANCED_FACE('',(#18417),#18428,.F.);
#18417 = FACE_BOUND('',#18418,.F.);
#18418 = EDGE_LOOP('',(#18419,#18420,#18426,#18427));
#18419 = ORIENTED_EDGE('',*,*,#18341,.F.);
#18420 = ORIENTED_EDGE('',*,*,#18421,.F.);
#18421 = EDGE_CURVE('',#18397,#18342,#18422,.T.);
#18422 = LINE('',#18423,#18424);
#18423 = CARTESIAN_POINT('',(-0.32,-0.32,-2.84));
#18424 = VECTOR('',#18425,1.);
#18425 = DIRECTION('',(1.,0.,0.));
#18426 = ORIENTED_EDGE('',*,*,#18396,.T.);
#18427 = ORIENTED_EDGE('',*,*,#17370,.F.);
#18428 = PLANE('',#18429);
#18429 = AXIS2_PLACEMENT_3D('',#18430,#18431,#18432);
#18430 = CARTESIAN_POINT('',(-0.32,-0.32,-3.));
#18431 = DIRECTION('',(0.,1.,0.));
#18432 = DIRECTION('',(0.,-0.,1.));
#18433 = ADVANCED_FACE('',(#18434),#18459,.T.);
#18434 = FACE_BOUND('',#18435,.T.);
#18435 = EDGE_LOOP('',(#18436,#18444,#18452,#18458));
#18436 = ORIENTED_EDGE('',*,*,#18437,.F.);
#18437 = EDGE_CURVE('',#18438,#17395,#18440,.T.);
#18438 = VERTEX_POINT('',#18439);
#18439 = CARTESIAN_POINT('',(0.32,-2.22,-2.84));
#18440 = LINE('',#18441,#18442);
#18441 = CARTESIAN_POINT('',(0.32,-2.22,-3.));
#18442 = VECTOR('',#18443,1.);
#18443 = DIRECTION('',(0.,0.,1.));
#18444 = ORIENTED_EDGE('',*,*,#18445,.F.);
#18445 = EDGE_CURVE('',#18446,#18438,#18448,.T.);
#18446 = VERTEX_POINT('',#18447);
#18447 = CARTESIAN_POINT('',(-0.32,-2.22,-2.84));
#18448 = LINE('',#18449,#18450);
#18449 = CARTESIAN_POINT('',(-0.32,-2.22,-2.84));
#18450 = VECTOR('',#18451,1.);
#18451 = DIRECTION('',(1.,0.,0.));
#18452 = ORIENTED_EDGE('',*,*,#18453,.T.);
#18453 = EDGE_CURVE('',#18446,#17397,#18454,.T.);
#18454 = LINE('',#18455,#18456);
#18455 = CARTESIAN_POINT('',(-0.32,-2.22,-3.));
#18456 = VECTOR('',#18457,1.);
#18457 = DIRECTION('',(0.,0.,1.));
#18458 = ORIENTED_EDGE('',*,*,#17394,.F.);
#18459 = PLANE('',#18460);
#18460 = AXIS2_PLACEMENT_3D('',#18461,#18462,#18463);
#18461 = CARTESIAN_POINT('',(-0.32,-2.22,-3.));
#18462 = DIRECTION('',(0.,1.,0.));
#18463 = DIRECTION('',(0.,-0.,1.));
#18464 = ADVANCED_FACE('',(#18465),#18483,.F.);
#18465 = FACE_BOUND('',#18466,.F.);
#18466 = EDGE_LOOP('',(#18467,#18475,#18481,#18482));
#18467 = ORIENTED_EDGE('',*,*,#18468,.F.);
#18468 = EDGE_CURVE('',#18469,#17413,#18471,.T.);
#18469 = VERTEX_POINT('',#18470);
#18470 = CARTESIAN_POINT('',(-0.32,-2.86,-2.84));
#18471 = LINE('',#18472,#18473);
#18472 = CARTESIAN_POINT('',(-0.32,-2.86,-3.));
#18473 = VECTOR('',#18474,1.);
#18474 = DIRECTION('',(0.,0.,1.));
#18475 = ORIENTED_EDGE('',*,*,#18476,.T.);
#18476 = EDGE_CURVE('',#18469,#18446,#18477,.T.);
#18477 = LINE('',#18478,#18479);
#18478 = CARTESIAN_POINT('',(-0.32,-2.86,-2.84));
#18479 = VECTOR('',#18480,1.);
#18480 = DIRECTION('',(0.,1.,0.));
#18481 = ORIENTED_EDGE('',*,*,#18453,.T.);
#18482 = ORIENTED_EDGE('',*,*,#17420,.F.);
#18483 = PLANE('',#18484);
#18484 = AXIS2_PLACEMENT_3D('',#18485,#18486,#18487);
#18485 = CARTESIAN_POINT('',(-0.32,-2.86,-3.));
#18486 = DIRECTION('',(1.,0.,0.));
#18487 = DIRECTION('',(0.,0.,1.));
#18488 = ADVANCED_FACE('',(#18489),#18507,.F.);
#18489 = FACE_BOUND('',#18490,.F.);
#18490 = EDGE_LOOP('',(#18491,#18499,#18505,#18506));
#18491 = ORIENTED_EDGE('',*,*,#18492,.F.);
#18492 = EDGE_CURVE('',#18493,#17405,#18495,.T.);
#18493 = VERTEX_POINT('',#18494);
#18494 = CARTESIAN_POINT('',(0.32,-2.86,-2.84));
#18495 = LINE('',#18496,#18497);
#18496 = CARTESIAN_POINT('',(0.32,-2.86,-3.));
#18497 = VECTOR('',#18498,1.);
#18498 = DIRECTION('',(0.,0.,1.));
#18499 = ORIENTED_EDGE('',*,*,#18500,.F.);
#18500 = EDGE_CURVE('',#18469,#18493,#18501,.T.);
#18501 = LINE('',#18502,#18503);
#18502 = CARTESIAN_POINT('',(-0.32,-2.86,-2.84));
#18503 = VECTOR('',#18504,1.);
#18504 = DIRECTION('',(1.,0.,0.));
#18505 = ORIENTED_EDGE('',*,*,#18468,.T.);
#18506 = ORIENTED_EDGE('',*,*,#17412,.F.);
#18507 = PLANE('',#18508);
#18508 = AXIS2_PLACEMENT_3D('',#18509,#18510,#18511);
#18509 = CARTESIAN_POINT('',(-0.32,-2.86,-3.));
#18510 = DIRECTION('',(0.,1.,0.));
#18511 = DIRECTION('',(0.,-0.,1.));
#18512 = ADVANCED_FACE('',(#18513),#18524,.T.);
#18513 = FACE_BOUND('',#18514,.T.);
#18514 = EDGE_LOOP('',(#18515,#18516,#18522,#18523));
#18515 = ORIENTED_EDGE('',*,*,#18492,.F.);
#18516 = ORIENTED_EDGE('',*,*,#18517,.T.);
#18517 = EDGE_CURVE('',#18493,#18438,#18518,.T.);
#18518 = LINE('',#18519,#18520);
#18519 = CARTESIAN_POINT('',(0.32,-2.86,-2.84));
#18520 = VECTOR('',#18521,1.);
#18521 = DIRECTION('',(0.,1.,0.));
#18522 = ORIENTED_EDGE('',*,*,#18437,.T.);
#18523 = ORIENTED_EDGE('',*,*,#17404,.F.);
#18524 = PLANE('',#18525);
#18525 = AXIS2_PLACEMENT_3D('',#18526,#18527,#18528);
#18526 = CARTESIAN_POINT('',(0.32,-2.86,-3.));
#18527 = DIRECTION('',(1.,0.,0.));
#18528 = DIRECTION('',(0.,0.,1.));
#18529 = ADVANCED_FACE('',(#18530),#18555,.T.);
#18530 = FACE_BOUND('',#18531,.T.);
#18531 = EDGE_LOOP('',(#18532,#18540,#18541,#18549));
#18532 = ORIENTED_EDGE('',*,*,#18533,.F.);
#18533 = EDGE_CURVE('',#17622,#18534,#18536,.T.);
#18534 = VERTEX_POINT('',#18535);
#18535 = CARTESIAN_POINT('',(0.32,-4.76,8.38));
#18536 = LINE('',#18537,#18538);
#18537 = CARTESIAN_POINT('',(0.32,-4.76,-3.));
#18538 = VECTOR('',#18539,1.);
#18539 = DIRECTION('',(0.,0.,1.));
#18540 = ORIENTED_EDGE('',*,*,#17621,.T.);
#18541 = ORIENTED_EDGE('',*,*,#18542,.T.);
#18542 = EDGE_CURVE('',#17624,#18543,#18545,.T.);
#18543 = VERTEX_POINT('',#18544);
#18544 = CARTESIAN_POINT('',(-0.32,-4.76,8.38));
#18545 = LINE('',#18546,#18547);
#18546 = CARTESIAN_POINT('',(-0.32,-4.76,-3.));
#18547 = VECTOR('',#18548,1.);
#18548 = DIRECTION('',(0.,0.,1.));
#18549 = ORIENTED_EDGE('',*,*,#18550,.T.);
#18550 = EDGE_CURVE('',#18543,#18534,#18551,.T.);
#18551 = LINE('',#18552,#18553);
#18552 = CARTESIAN_POINT('',(-0.32,-4.76,8.38));
#18553 = VECTOR('',#18554,1.);
#18554 = DIRECTION('',(1.,0.,0.));
#18555 = PLANE('',#18556);
#18556 = AXIS2_PLACEMENT_3D('',#18557,#18558,#18559);
#18557 = CARTESIAN_POINT('',(-0.32,-4.76,-3.));
#18558 = DIRECTION('',(0.,1.,0.));
#18559 = DIRECTION('',(0.,-0.,1.));
#18560 = ADVANCED_FACE('',(#18561),#18579,.F.);
#18561 = FACE_BOUND('',#18562,.F.);
#18562 = EDGE_LOOP('',(#18563,#18571,#18572,#18573));
#18563 = ORIENTED_EDGE('',*,*,#18564,.F.);
#18564 = EDGE_CURVE('',#17640,#18565,#18567,.T.);
#18565 = VERTEX_POINT('',#18566);
#18566 = CARTESIAN_POINT('',(-0.32,-5.4,8.38));
#18567 = LINE('',#18568,#18569);
#18568 = CARTESIAN_POINT('',(-0.32,-5.4,-3.));
#18569 = VECTOR('',#18570,1.);
#18570 = DIRECTION('',(0.,0.,1.));
#18571 = ORIENTED_EDGE('',*,*,#17647,.T.);
#18572 = ORIENTED_EDGE('',*,*,#18542,.T.);
#18573 = ORIENTED_EDGE('',*,*,#18574,.F.);
#18574 = EDGE_CURVE('',#18565,#18543,#18575,.T.);
#18575 = LINE('',#18576,#18577);
#18576 = CARTESIAN_POINT('',(-0.32,-5.4,8.38));
#18577 = VECTOR('',#18578,1.);
#18578 = DIRECTION('',(0.,1.,0.));
#18579 = PLANE('',#18580);
#18580 = AXIS2_PLACEMENT_3D('',#18581,#18582,#18583);
#18581 = CARTESIAN_POINT('',(-0.32,-5.4,-3.));
#18582 = DIRECTION('',(1.,0.,0.));
#18583 = DIRECTION('',(0.,0.,1.));
#18584 = ADVANCED_FACE('',(#18585),#18603,.F.);
#18585 = FACE_BOUND('',#18586,.F.);
#18586 = EDGE_LOOP('',(#18587,#18595,#18596,#18597));
#18587 = ORIENTED_EDGE('',*,*,#18588,.F.);
#18588 = EDGE_CURVE('',#17632,#18589,#18591,.T.);
#18589 = VERTEX_POINT('',#18590);
#18590 = CARTESIAN_POINT('',(0.32,-5.4,8.38));
#18591 = LINE('',#18592,#18593);
#18592 = CARTESIAN_POINT('',(0.32,-5.4,-3.));
#18593 = VECTOR('',#18594,1.);
#18594 = DIRECTION('',(0.,0.,1.));
#18595 = ORIENTED_EDGE('',*,*,#17639,.T.);
#18596 = ORIENTED_EDGE('',*,*,#18564,.T.);
#18597 = ORIENTED_EDGE('',*,*,#18598,.T.);
#18598 = EDGE_CURVE('',#18565,#18589,#18599,.T.);
#18599 = LINE('',#18600,#18601);
#18600 = CARTESIAN_POINT('',(-0.32,-5.4,8.38));
#18601 = VECTOR('',#18602,1.);
#18602 = DIRECTION('',(1.,0.,0.));
#18603 = PLANE('',#18604);
#18604 = AXIS2_PLACEMENT_3D('',#18605,#18606,#18607);
#18605 = CARTESIAN_POINT('',(-0.32,-5.4,-3.));
#18606 = DIRECTION('',(0.,1.,0.));
#18607 = DIRECTION('',(0.,-0.,1.));
#18608 = ADVANCED_FACE('',(#18609),#18620,.T.);
#18609 = FACE_BOUND('',#18610,.T.);
#18610 = EDGE_LOOP('',(#18611,#18612,#18613,#18614));
#18611 = ORIENTED_EDGE('',*,*,#18588,.F.);
#18612 = ORIENTED_EDGE('',*,*,#17631,.T.);
#18613 = ORIENTED_EDGE('',*,*,#18533,.T.);
#18614 = ORIENTED_EDGE('',*,*,#18615,.F.);
#18615 = EDGE_CURVE('',#18589,#18534,#18616,.T.);
#18616 = LINE('',#18617,#18618);
#18617 = CARTESIAN_POINT('',(0.32,-5.4,8.38));
#18618 = VECTOR('',#18619,1.);
#18619 = DIRECTION('',(0.,1.,0.));
#18620 = PLANE('',#18621);
#18621 = AXIS2_PLACEMENT_3D('',#18622,#18623,#18624);
#18622 = CARTESIAN_POINT('',(0.32,-5.4,-3.));
#18623 = DIRECTION('',(1.,0.,0.));
#18624 = DIRECTION('',(0.,0.,1.));
#18625 = ADVANCED_FACE('',(#18626),#18651,.T.);
#18626 = FACE_BOUND('',#18627,.T.);
#18627 = EDGE_LOOP('',(#18628,#18636,#18637,#18645));
#18628 = ORIENTED_EDGE('',*,*,#18629,.F.);
#18629 = EDGE_CURVE('',#17656,#18630,#18632,.T.);
#18630 = VERTEX_POINT('',#18631);
#18631 = CARTESIAN_POINT('',(0.32,-7.94,8.38));
#18632 = LINE('',#18633,#18634);
#18633 = CARTESIAN_POINT('',(0.32,-7.94,-3.));
#18634 = VECTOR('',#18635,1.);
#18635 = DIRECTION('',(0.,0.,1.));
#18636 = ORIENTED_EDGE('',*,*,#17655,.T.);
#18637 = ORIENTED_EDGE('',*,*,#18638,.T.);
#18638 = EDGE_CURVE('',#17658,#18639,#18641,.T.);
#18639 = VERTEX_POINT('',#18640);
#18640 = CARTESIAN_POINT('',(0.32,-7.3,8.38));
#18641 = LINE('',#18642,#18643);
#18642 = CARTESIAN_POINT('',(0.32,-7.3,-3.));
#18643 = VECTOR('',#18644,1.);
#18644 = DIRECTION('',(0.,0.,1.));
#18645 = ORIENTED_EDGE('',*,*,#18646,.F.);
#18646 = EDGE_CURVE('',#18630,#18639,#18647,.T.);
#18647 = LINE('',#18648,#18649);
#18648 = CARTESIAN_POINT('',(0.32,-7.94,8.38));
#18649 = VECTOR('',#18650,1.);
#18650 = DIRECTION('',(0.,1.,0.));
#18651 = PLANE('',#18652);
#18652 = AXIS2_PLACEMENT_3D('',#18653,#18654,#18655);
#18653 = CARTESIAN_POINT('',(0.32,-7.94,-3.));
#18654 = DIRECTION('',(1.,0.,0.));
#18655 = DIRECTION('',(0.,0.,1.));
#18656 = ADVANCED_FACE('',(#18657),#18675,.T.);
#18657 = FACE_BOUND('',#18658,.T.);
#18658 = EDGE_LOOP('',(#18659,#18660,#18661,#18669));
#18659 = ORIENTED_EDGE('',*,*,#18638,.F.);
#18660 = ORIENTED_EDGE('',*,*,#17681,.T.);
#18661 = ORIENTED_EDGE('',*,*,#18662,.T.);
#18662 = EDGE_CURVE('',#17674,#18663,#18665,.T.);
#18663 = VERTEX_POINT('',#18664);
#18664 = CARTESIAN_POINT('',(-0.32,-7.3,8.38));
#18665 = LINE('',#18666,#18667);
#18666 = CARTESIAN_POINT('',(-0.32,-7.3,-3.));
#18667 = VECTOR('',#18668,1.);
#18668 = DIRECTION('',(0.,0.,1.));
#18669 = ORIENTED_EDGE('',*,*,#18670,.T.);
#18670 = EDGE_CURVE('',#18663,#18639,#18671,.T.);
#18671 = LINE('',#18672,#18673);
#18672 = CARTESIAN_POINT('',(-0.32,-7.3,8.38));
#18673 = VECTOR('',#18674,1.);
#18674 = DIRECTION('',(1.,0.,0.));
#18675 = PLANE('',#18676);
#18676 = AXIS2_PLACEMENT_3D('',#18677,#18678,#18679);
#18677 = CARTESIAN_POINT('',(-0.32,-7.3,-3.));
#18678 = DIRECTION('',(0.,1.,0.));
#18679 = DIRECTION('',(0.,-0.,1.));
#18680 = ADVANCED_FACE('',(#18681),#18699,.F.);
#18681 = FACE_BOUND('',#18682,.F.);
#18682 = EDGE_LOOP('',(#18683,#18691,#18692,#18693));
#18683 = ORIENTED_EDGE('',*,*,#18684,.F.);
#18684 = EDGE_CURVE('',#17666,#18685,#18687,.T.);
#18685 = VERTEX_POINT('',#18686);
#18686 = CARTESIAN_POINT('',(-0.32,-7.94,8.38));
#18687 = LINE('',#18688,#18689);
#18688 = CARTESIAN_POINT('',(-0.32,-7.94,-3.));
#18689 = VECTOR('',#18690,1.);
#18690 = DIRECTION('',(0.,0.,1.));
#18691 = ORIENTED_EDGE('',*,*,#17673,.T.);
#18692 = ORIENTED_EDGE('',*,*,#18662,.T.);
#18693 = ORIENTED_EDGE('',*,*,#18694,.F.);
#18694 = EDGE_CURVE('',#18685,#18663,#18695,.T.);
#18695 = LINE('',#18696,#18697);
#18696 = CARTESIAN_POINT('',(-0.32,-7.94,8.38));
#18697 = VECTOR('',#18698,1.);
#18698 = DIRECTION('',(0.,1.,0.));
#18699 = PLANE('',#18700);
#18700 = AXIS2_PLACEMENT_3D('',#18701,#18702,#18703);
#18701 = CARTESIAN_POINT('',(-0.32,-7.94,-3.));
#18702 = DIRECTION('',(1.,0.,0.));
#18703 = DIRECTION('',(0.,0.,1.));
#18704 = ADVANCED_FACE('',(#18705),#18716,.F.);
#18705 = FACE_BOUND('',#18706,.F.);
#18706 = EDGE_LOOP('',(#18707,#18708,#18709,#18710));
#18707 = ORIENTED_EDGE('',*,*,#18629,.F.);
#18708 = ORIENTED_EDGE('',*,*,#17665,.T.);
#18709 = ORIENTED_EDGE('',*,*,#18684,.T.);
#18710 = ORIENTED_EDGE('',*,*,#18711,.T.);
#18711 = EDGE_CURVE('',#18685,#18630,#18712,.T.);
#18712 = LINE('',#18713,#18714);
#18713 = CARTESIAN_POINT('',(-0.32,-7.94,8.38));
#18714 = VECTOR('',#18715,1.);
#18715 = DIRECTION('',(1.,0.,0.));
#18716 = PLANE('',#18717);
#18717 = AXIS2_PLACEMENT_3D('',#18718,#18719,#18720);
#18718 = CARTESIAN_POINT('',(-0.32,-7.94,-3.));
#18719 = DIRECTION('',(0.,1.,0.));
#18720 = DIRECTION('',(0.,-0.,1.));
#18721 = ADVANCED_FACE('',(#18722),#18747,.T.);
#18722 = FACE_BOUND('',#18723,.T.);
#18723 = EDGE_LOOP('',(#18724,#18732,#18733,#18741));
#18724 = ORIENTED_EDGE('',*,*,#18725,.F.);
#18725 = EDGE_CURVE('',#17690,#18726,#18728,.T.);
#18726 = VERTEX_POINT('',#18727);
#18727 = CARTESIAN_POINT('',(0.32,-0.32,8.38));
#18728 = LINE('',#18729,#18730);
#18729 = CARTESIAN_POINT('',(0.32,-0.32,-3.));
#18730 = VECTOR('',#18731,1.);
#18731 = DIRECTION('',(0.,0.,1.));
#18732 = ORIENTED_EDGE('',*,*,#17689,.T.);
#18733 = ORIENTED_EDGE('',*,*,#18734,.T.);
#18734 = EDGE_CURVE('',#17692,#18735,#18737,.T.);
#18735 = VERTEX_POINT('',#18736);
#18736 = CARTESIAN_POINT('',(0.32,0.32,8.38));
#18737 = LINE('',#18738,#18739);
#18738 = CARTESIAN_POINT('',(0.32,0.32,-3.));
#18739 = VECTOR('',#18740,1.);
#18740 = DIRECTION('',(0.,0.,1.));
#18741 = ORIENTED_EDGE('',*,*,#18742,.F.);
#18742 = EDGE_CURVE('',#18726,#18735,#18743,.T.);
#18743 = LINE('',#18744,#18745);
#18744 = CARTESIAN_POINT('',(0.32,-0.32,8.38));
#18745 = VECTOR('',#18746,1.);
#18746 = DIRECTION('',(0.,1.,0.));
#18747 = PLANE('',#18748);
#18748 = AXIS2_PLACEMENT_3D('',#18749,#18750,#18751);
#18749 = CARTESIAN_POINT('',(0.32,-0.32,-3.));
#18750 = DIRECTION('',(1.,0.,0.));
#18751 = DIRECTION('',(0.,0.,1.));
#18752 = ADVANCED_FACE('',(#18753),#18771,.T.);
#18753 = FACE_BOUND('',#18754,.T.);
#18754 = EDGE_LOOP('',(#18755,#18756,#18757,#18765));
#18755 = ORIENTED_EDGE('',*,*,#18734,.F.);
#18756 = ORIENTED_EDGE('',*,*,#17715,.T.);
#18757 = ORIENTED_EDGE('',*,*,#18758,.T.);
#18758 = EDGE_CURVE('',#17708,#18759,#18761,.T.);
#18759 = VERTEX_POINT('',#18760);
#18760 = CARTESIAN_POINT('',(-0.32,0.32,8.38));
#18761 = LINE('',#18762,#18763);
#18762 = CARTESIAN_POINT('',(-0.32,0.32,-3.));
#18763 = VECTOR('',#18764,1.);
#18764 = DIRECTION('',(0.,0.,1.));
#18765 = ORIENTED_EDGE('',*,*,#18766,.T.);
#18766 = EDGE_CURVE('',#18759,#18735,#18767,.T.);
#18767 = LINE('',#18768,#18769);
#18768 = CARTESIAN_POINT('',(-0.32,0.32,8.38));
#18769 = VECTOR('',#18770,1.);
#18770 = DIRECTION('',(1.,0.,0.));
#18771 = PLANE('',#18772);
#18772 = AXIS2_PLACEMENT_3D('',#18773,#18774,#18775);
#18773 = CARTESIAN_POINT('',(-0.32,0.32,-3.));
#18774 = DIRECTION('',(0.,1.,0.));
#18775 = DIRECTION('',(0.,-0.,1.));
#18776 = ADVANCED_FACE('',(#18777),#18795,.F.);
#18777 = FACE_BOUND('',#18778,.F.);
#18778 = EDGE_LOOP('',(#18779,#18787,#18788,#18789));
#18779 = ORIENTED_EDGE('',*,*,#18780,.F.);
#18780 = EDGE_CURVE('',#17700,#18781,#18783,.T.);
#18781 = VERTEX_POINT('',#18782);
#18782 = CARTESIAN_POINT('',(-0.32,-0.32,8.38));
#18783 = LINE('',#18784,#18785);
#18784 = CARTESIAN_POINT('',(-0.32,-0.32,-3.));
#18785 = VECTOR('',#18786,1.);
#18786 = DIRECTION('',(0.,0.,1.));
#18787 = ORIENTED_EDGE('',*,*,#17707,.T.);
#18788 = ORIENTED_EDGE('',*,*,#18758,.T.);
#18789 = ORIENTED_EDGE('',*,*,#18790,.F.);
#18790 = EDGE_CURVE('',#18781,#18759,#18791,.T.);
#18791 = LINE('',#18792,#18793);
#18792 = CARTESIAN_POINT('',(-0.32,-0.32,8.38));
#18793 = VECTOR('',#18794,1.);
#18794 = DIRECTION('',(0.,1.,0.));
#18795 = PLANE('',#18796);
#18796 = AXIS2_PLACEMENT_3D('',#18797,#18798,#18799);
#18797 = CARTESIAN_POINT('',(-0.32,-0.32,-3.));
#18798 = DIRECTION('',(1.,0.,0.));
#18799 = DIRECTION('',(0.,0.,1.));
#18800 = ADVANCED_FACE('',(#18801),#18812,.F.);
#18801 = FACE_BOUND('',#18802,.F.);
#18802 = EDGE_LOOP('',(#18803,#18804,#18805,#18806));
#18803 = ORIENTED_EDGE('',*,*,#18725,.F.);
#18804 = ORIENTED_EDGE('',*,*,#17699,.T.);
#18805 = ORIENTED_EDGE('',*,*,#18780,.T.);
#18806 = ORIENTED_EDGE('',*,*,#18807,.T.);
#18807 = EDGE_CURVE('',#18781,#18726,#18808,.T.);
#18808 = LINE('',#18809,#18810);
#18809 = CARTESIAN_POINT('',(-0.32,-0.32,8.38));
#18810 = VECTOR('',#18811,1.);
#18811 = DIRECTION('',(1.,0.,0.));
#18812 = PLANE('',#18813);
#18813 = AXIS2_PLACEMENT_3D('',#18814,#18815,#18816);
#18814 = CARTESIAN_POINT('',(-0.32,-0.32,-3.));
#18815 = DIRECTION('',(0.,1.,0.));
#18816 = DIRECTION('',(0.,-0.,1.));
#18817 = ADVANCED_FACE('',(#18818),#18843,.T.);
#18818 = FACE_BOUND('',#18819,.T.);
#18819 = EDGE_LOOP('',(#18820,#18828,#18829,#18837));
#18820 = ORIENTED_EDGE('',*,*,#18821,.F.);
#18821 = EDGE_CURVE('',#17724,#18822,#18824,.T.);
#18822 = VERTEX_POINT('',#18823);
#18823 = CARTESIAN_POINT('',(0.32,-2.22,8.38));
#18824 = LINE('',#18825,#18826);
#18825 = CARTESIAN_POINT('',(0.32,-2.22,-3.));
#18826 = VECTOR('',#18827,1.);
#18827 = DIRECTION('',(0.,0.,1.));
#18828 = ORIENTED_EDGE('',*,*,#17723,.T.);
#18829 = ORIENTED_EDGE('',*,*,#18830,.T.);
#18830 = EDGE_CURVE('',#17726,#18831,#18833,.T.);
#18831 = VERTEX_POINT('',#18832);
#18832 = CARTESIAN_POINT('',(-0.32,-2.22,8.38));
#18833 = LINE('',#18834,#18835);
#18834 = CARTESIAN_POINT('',(-0.32,-2.22,-3.));
#18835 = VECTOR('',#18836,1.);
#18836 = DIRECTION('',(0.,0.,1.));
#18837 = ORIENTED_EDGE('',*,*,#18838,.T.);
#18838 = EDGE_CURVE('',#18831,#18822,#18839,.T.);
#18839 = LINE('',#18840,#18841);
#18840 = CARTESIAN_POINT('',(-0.32,-2.22,8.38));
#18841 = VECTOR('',#18842,1.);
#18842 = DIRECTION('',(1.,0.,0.));
#18843 = PLANE('',#18844);
#18844 = AXIS2_PLACEMENT_3D('',#18845,#18846,#18847);
#18845 = CARTESIAN_POINT('',(-0.32,-2.22,-3.));
#18846 = DIRECTION('',(0.,1.,0.));
#18847 = DIRECTION('',(0.,-0.,1.));
#18848 = ADVANCED_FACE('',(#18849),#18867,.F.);
#18849 = FACE_BOUND('',#18850,.F.);
#18850 = EDGE_LOOP('',(#18851,#18859,#18860,#18861));
#18851 = ORIENTED_EDGE('',*,*,#18852,.F.);
#18852 = EDGE_CURVE('',#17742,#18853,#18855,.T.);
#18853 = VERTEX_POINT('',#18854);
#18854 = CARTESIAN_POINT('',(-0.32,-2.86,8.38));
#18855 = LINE('',#18856,#18857);
#18856 = CARTESIAN_POINT('',(-0.32,-2.86,-3.));
#18857 = VECTOR('',#18858,1.);
#18858 = DIRECTION('',(0.,0.,1.));
#18859 = ORIENTED_EDGE('',*,*,#17749,.T.);
#18860 = ORIENTED_EDGE('',*,*,#18830,.T.);
#18861 = ORIENTED_EDGE('',*,*,#18862,.F.);
#18862 = EDGE_CURVE('',#18853,#18831,#18863,.T.);
#18863 = LINE('',#18864,#18865);
#18864 = CARTESIAN_POINT('',(-0.32,-2.86,8.38));
#18865 = VECTOR('',#18866,1.);
#18866 = DIRECTION('',(0.,1.,0.));
#18867 = PLANE('',#18868);
#18868 = AXIS2_PLACEMENT_3D('',#18869,#18870,#18871);
#18869 = CARTESIAN_POINT('',(-0.32,-2.86,-3.));
#18870 = DIRECTION('',(1.,0.,0.));
#18871 = DIRECTION('',(0.,0.,1.));
#18872 = ADVANCED_FACE('',(#18873),#18891,.F.);
#18873 = FACE_BOUND('',#18874,.F.);
#18874 = EDGE_LOOP('',(#18875,#18883,#18884,#18885));
#18875 = ORIENTED_EDGE('',*,*,#18876,.F.);
#18876 = EDGE_CURVE('',#17734,#18877,#18879,.T.);
#18877 = VERTEX_POINT('',#18878);
#18878 = CARTESIAN_POINT('',(0.32,-2.86,8.38));
#18879 = LINE('',#18880,#18881);
#18880 = CARTESIAN_POINT('',(0.32,-2.86,-3.));
#18881 = VECTOR('',#18882,1.);
#18882 = DIRECTION('',(0.,0.,1.));
#18883 = ORIENTED_EDGE('',*,*,#17741,.T.);
#18884 = ORIENTED_EDGE('',*,*,#18852,.T.);
#18885 = ORIENTED_EDGE('',*,*,#18886,.T.);
#18886 = EDGE_CURVE('',#18853,#18877,#18887,.T.);
#18887 = LINE('',#18888,#18889);
#18888 = CARTESIAN_POINT('',(-0.32,-2.86,8.38));
#18889 = VECTOR('',#18890,1.);
#18890 = DIRECTION('',(1.,0.,0.));
#18891 = PLANE('',#18892);
#18892 = AXIS2_PLACEMENT_3D('',#18893,#18894,#18895);
#18893 = CARTESIAN_POINT('',(-0.32,-2.86,-3.));
#18894 = DIRECTION('',(0.,1.,0.));
#18895 = DIRECTION('',(0.,-0.,1.));
#18896 = ADVANCED_FACE('',(#18897),#18908,.T.);
#18897 = FACE_BOUND('',#18898,.T.);
#18898 = EDGE_LOOP('',(#18899,#18900,#18901,#18902));
#18899 = ORIENTED_EDGE('',*,*,#18876,.F.);
#18900 = ORIENTED_EDGE('',*,*,#17733,.T.);
#18901 = ORIENTED_EDGE('',*,*,#18821,.T.);
#18902 = ORIENTED_EDGE('',*,*,#18903,.F.);
#18903 = EDGE_CURVE('',#18877,#18822,#18904,.T.);
#18904 = LINE('',#18905,#18906);
#18905 = CARTESIAN_POINT('',(0.32,-2.86,8.38));
#18906 = VECTOR('',#18907,1.);
#18907 = DIRECTION('',(0.,1.,0.));
#18908 = PLANE('',#18909);
#18909 = AXIS2_PLACEMENT_3D('',#18910,#18911,#18912);
#18910 = CARTESIAN_POINT('',(0.32,-2.86,-3.));
#18911 = DIRECTION('',(1.,0.,0.));
#18912 = DIRECTION('',(0.,0.,1.));
#18913 = ADVANCED_FACE('',(#18914),#18939,.F.);
#18914 = FACE_BOUND('',#18915,.T.);
#18915 = EDGE_LOOP('',(#18916,#18924,#18925,#18933));
#18916 = ORIENTED_EDGE('',*,*,#18917,.F.);
#18917 = EDGE_CURVE('',#18158,#18918,#18920,.T.);
#18918 = VERTEX_POINT('',#18919);
#18919 = CARTESIAN_POINT('',(-0.16,-4.92,-3.));
#18920 = LINE('',#18921,#18922);
#18921 = CARTESIAN_POINT('',(-0.16,-4.92,-3.));
#18922 = VECTOR('',#18923,1.);
#18923 = DIRECTION('',(0.57735026919,-0.57735026919,-0.57735026919));
#18924 = ORIENTED_EDGE('',*,*,#18157,.T.);
#18925 = ORIENTED_EDGE('',*,*,#18926,.T.);
#18926 = EDGE_CURVE('',#18150,#18927,#18929,.T.);
#18927 = VERTEX_POINT('',#18928);
#18928 = CARTESIAN_POINT('',(0.16,-4.92,-3.));
#18929 = LINE('',#18930,#18931);
#18930 = CARTESIAN_POINT('',(5.333333333333E-02,-5.026666666667,
    -3.106666666667));
#18931 = VECTOR('',#18932,1.);
#18932 = DIRECTION('',(-0.57735026919,-0.57735026919,-0.57735026919));
#18933 = ORIENTED_EDGE('',*,*,#18934,.F.);
#18934 = EDGE_CURVE('',#18918,#18927,#18935,.T.);
#18935 = LINE('',#18936,#18937);
#18936 = CARTESIAN_POINT('',(-0.32,-4.92,-3.));
#18937 = VECTOR('',#18938,1.);
#18938 = DIRECTION('',(1.,0.,0.));
#18939 = PLANE('',#18940);
#18940 = AXIS2_PLACEMENT_3D('',#18941,#18942,#18943);
#18941 = CARTESIAN_POINT('',(-0.32,-4.84,-2.92));
#18942 = DIRECTION('',(-1.735167508357E-18,-0.707106781187,
    0.707106781187));
#18943 = DIRECTION('',(-1.,1.226948711654E-18,-1.226948711654E-18));
#18944 = ADVANCED_FACE('',(#18945),#18963,.T.);
#18945 = FACE_BOUND('',#18946,.T.);
#18946 = EDGE_LOOP('',(#18947,#18955,#18956,#18957));
#18947 = ORIENTED_EDGE('',*,*,#18948,.F.);
#18948 = EDGE_CURVE('',#18181,#18949,#18951,.T.);
#18949 = VERTEX_POINT('',#18950);
#18950 = CARTESIAN_POINT('',(-0.16,-5.24,-3.));
#18951 = LINE('',#18952,#18953);
#18952 = CARTESIAN_POINT('',(-0.266666666667,-5.346666666667,
    -2.893333333333));
#18953 = VECTOR('',#18954,1.);
#18954 = DIRECTION('',(0.57735026919,0.57735026919,-0.57735026919));
#18955 = ORIENTED_EDGE('',*,*,#18188,.T.);
#18956 = ORIENTED_EDGE('',*,*,#18917,.T.);
#18957 = ORIENTED_EDGE('',*,*,#18958,.F.);
#18958 = EDGE_CURVE('',#18949,#18918,#18959,.T.);
#18959 = LINE('',#18960,#18961);
#18960 = CARTESIAN_POINT('',(-0.16,-5.4,-3.));
#18961 = VECTOR('',#18962,1.);
#18962 = DIRECTION('',(0.,1.,0.));
#18963 = PLANE('',#18964);
#18964 = AXIS2_PLACEMENT_3D('',#18965,#18966,#18967);
#18965 = CARTESIAN_POINT('',(-0.24,-5.4,-2.92));
#18966 = DIRECTION('',(-0.707106781187,-1.735167508357E-18,
    -0.707106781187));
#18967 = DIRECTION('',(-1.226948711654E-18,1.,-1.226948711654E-18));
#18968 = ADVANCED_FACE('',(#18969),#18987,.T.);
#18969 = FACE_BOUND('',#18970,.F.);
#18970 = EDGE_LOOP('',(#18971,#18972,#18973,#18981));
#18971 = ORIENTED_EDGE('',*,*,#18948,.F.);
#18972 = ORIENTED_EDGE('',*,*,#18212,.T.);
#18973 = ORIENTED_EDGE('',*,*,#18974,.T.);
#18974 = EDGE_CURVE('',#18205,#18975,#18977,.T.);
#18975 = VERTEX_POINT('',#18976);
#18976 = CARTESIAN_POINT('',(0.16,-5.24,-3.));
#18977 = LINE('',#18978,#18979);
#18978 = CARTESIAN_POINT('',(0.16,-5.24,-3.));
#18979 = VECTOR('',#18980,1.);
#18980 = DIRECTION('',(-0.57735026919,0.57735026919,-0.57735026919));
#18981 = ORIENTED_EDGE('',*,*,#18982,.F.);
#18982 = EDGE_CURVE('',#18949,#18975,#18983,.T.);
#18983 = LINE('',#18984,#18985);
#18984 = CARTESIAN_POINT('',(-0.32,-5.24,-3.));
#18985 = VECTOR('',#18986,1.);
#18986 = DIRECTION('',(1.,0.,0.));
#18987 = PLANE('',#18988);
#18988 = AXIS2_PLACEMENT_3D('',#18989,#18990,#18991);
#18989 = CARTESIAN_POINT('',(-0.32,-5.32,-2.92));
#18990 = DIRECTION('',(1.735167508357E-18,-0.707106781187,
    -0.707106781187));
#18991 = DIRECTION('',(-1.,-1.226948711654E-18,-1.226948711654E-18));
#18992 = ADVANCED_FACE('',(#18993),#19004,.F.);
#18993 = FACE_BOUND('',#18994,.F.);
#18994 = EDGE_LOOP('',(#18995,#18996,#18997,#18998));
#18995 = ORIENTED_EDGE('',*,*,#18974,.F.);
#18996 = ORIENTED_EDGE('',*,*,#18229,.T.);
#18997 = ORIENTED_EDGE('',*,*,#18926,.T.);
#18998 = ORIENTED_EDGE('',*,*,#18999,.F.);
#18999 = EDGE_CURVE('',#18975,#18927,#19000,.T.);
#19000 = LINE('',#19001,#19002);
#19001 = CARTESIAN_POINT('',(0.16,-5.4,-3.));
#19002 = VECTOR('',#19003,1.);
#19003 = DIRECTION('',(0.,1.,0.));
#19004 = PLANE('',#19005);
#19005 = AXIS2_PLACEMENT_3D('',#19006,#19007,#19008);
#19006 = CARTESIAN_POINT('',(0.24,-5.4,-2.92));
#19007 = DIRECTION('',(-0.707106781187,1.735167508357E-18,0.707106781187
    ));
#19008 = DIRECTION('',(1.226948711654E-18,1.,-1.226948711654E-18));
#19009 = ADVANCED_FACE('',(#19010),#19035,.F.);
#19010 = FACE_BOUND('',#19011,.F.);
#19011 = EDGE_LOOP('',(#19012,#19020,#19021,#19029));
#19012 = ORIENTED_EDGE('',*,*,#19013,.F.);
#19013 = EDGE_CURVE('',#18246,#19014,#19016,.T.);
#19014 = VERTEX_POINT('',#19015);
#19015 = CARTESIAN_POINT('',(0.16,-7.78,-3.));
#19016 = LINE('',#19017,#19018);
#19017 = CARTESIAN_POINT('',(0.16,-7.78,-3.));
#19018 = VECTOR('',#19019,1.);
#19019 = DIRECTION('',(-0.57735026919,0.57735026919,-0.57735026919));
#19020 = ORIENTED_EDGE('',*,*,#18253,.T.);
#19021 = ORIENTED_EDGE('',*,*,#19022,.T.);
#19022 = EDGE_CURVE('',#18254,#19023,#19025,.T.);
#19023 = VERTEX_POINT('',#19024);
#19024 = CARTESIAN_POINT('',(0.16,-7.46,-3.));
#19025 = LINE('',#19026,#19027);
#19026 = CARTESIAN_POINT('',(5.333333333333E-02,-7.566666666667,
    -3.106666666667));
#19027 = VECTOR('',#19028,1.);
#19028 = DIRECTION('',(-0.57735026919,-0.57735026919,-0.57735026919));
#19029 = ORIENTED_EDGE('',*,*,#19030,.F.);
#19030 = EDGE_CURVE('',#19014,#19023,#19031,.T.);
#19031 = LINE('',#19032,#19033);
#19032 = CARTESIAN_POINT('',(0.16,-7.94,-3.));
#19033 = VECTOR('',#19034,1.);
#19034 = DIRECTION('',(0.,1.,0.));
#19035 = PLANE('',#19036);
#19036 = AXIS2_PLACEMENT_3D('',#19037,#19038,#19039);
#19037 = CARTESIAN_POINT('',(0.24,-7.94,-2.92));
#19038 = DIRECTION('',(-0.707106781187,1.735167508357E-18,0.707106781187
    ));
#19039 = DIRECTION('',(1.226948711654E-18,1.,-1.226948711654E-18));
#19040 = ADVANCED_FACE('',(#19041),#19059,.F.);
#19041 = FACE_BOUND('',#19042,.T.);
#19042 = EDGE_LOOP('',(#19043,#19051,#19052,#19053));
#19043 = ORIENTED_EDGE('',*,*,#19044,.F.);
#19044 = EDGE_CURVE('',#18278,#19045,#19047,.T.);
#19045 = VERTEX_POINT('',#19046);
#19046 = CARTESIAN_POINT('',(-0.16,-7.46,-3.));
#19047 = LINE('',#19048,#19049);
#19048 = CARTESIAN_POINT('',(-0.16,-7.46,-3.));
#19049 = VECTOR('',#19050,1.);
#19050 = DIRECTION('',(0.57735026919,-0.57735026919,-0.57735026919));
#19051 = ORIENTED_EDGE('',*,*,#18277,.T.);
#19052 = ORIENTED_EDGE('',*,*,#19022,.T.);
#19053 = ORIENTED_EDGE('',*,*,#19054,.F.);
#19054 = EDGE_CURVE('',#19045,#19023,#19055,.T.);
#19055 = LINE('',#19056,#19057);
#19056 = CARTESIAN_POINT('',(-0.32,-7.46,-3.));
#19057 = VECTOR('',#19058,1.);
#19058 = DIRECTION('',(1.,0.,0.));
#19059 = PLANE('',#19060);
#19060 = AXIS2_PLACEMENT_3D('',#19061,#19062,#19063);
#19061 = CARTESIAN_POINT('',(-0.32,-7.38,-2.92));
#19062 = DIRECTION('',(-1.735167508357E-18,-0.707106781187,
    0.707106781187));
#19063 = DIRECTION('',(-1.,1.226948711654E-18,-1.226948711654E-18));
#19064 = ADVANCED_FACE('',(#19065),#19083,.T.);
#19065 = FACE_BOUND('',#19066,.T.);
#19066 = EDGE_LOOP('',(#19067,#19075,#19076,#19077));
#19067 = ORIENTED_EDGE('',*,*,#19068,.F.);
#19068 = EDGE_CURVE('',#18301,#19069,#19071,.T.);
#19069 = VERTEX_POINT('',#19070);
#19070 = CARTESIAN_POINT('',(-0.16,-7.78,-3.));
#19071 = LINE('',#19072,#19073);
#19072 = CARTESIAN_POINT('',(-0.266666666667,-7.886666666667,
    -2.893333333333));
#19073 = VECTOR('',#19074,1.);
#19074 = DIRECTION('',(0.57735026919,0.57735026919,-0.57735026919));
#19075 = ORIENTED_EDGE('',*,*,#18308,.T.);
#19076 = ORIENTED_EDGE('',*,*,#19044,.T.);
#19077 = ORIENTED_EDGE('',*,*,#19078,.F.);
#19078 = EDGE_CURVE('',#19069,#19045,#19079,.T.);
#19079 = LINE('',#19080,#19081);
#19080 = CARTESIAN_POINT('',(-0.16,-7.94,-3.));
#19081 = VECTOR('',#19082,1.);
#19082 = DIRECTION('',(0.,1.,0.));
#19083 = PLANE('',#19084);
#19084 = AXIS2_PLACEMENT_3D('',#19085,#19086,#19087);
#19085 = CARTESIAN_POINT('',(-0.24,-7.94,-2.92));
#19086 = DIRECTION('',(-0.707106781187,-1.735167508357E-18,
    -0.707106781187));
#19087 = DIRECTION('',(-1.226948711654E-18,1.,-1.226948711654E-18));
#19088 = ADVANCED_FACE('',(#19089),#19100,.T.);
#19089 = FACE_BOUND('',#19090,.F.);
#19090 = EDGE_LOOP('',(#19091,#19092,#19093,#19094));
#19091 = ORIENTED_EDGE('',*,*,#19068,.F.);
#19092 = ORIENTED_EDGE('',*,*,#18325,.T.);
#19093 = ORIENTED_EDGE('',*,*,#19013,.T.);
#19094 = ORIENTED_EDGE('',*,*,#19095,.F.);
#19095 = EDGE_CURVE('',#19069,#19014,#19096,.T.);
#19096 = LINE('',#19097,#19098);
#19097 = CARTESIAN_POINT('',(-0.32,-7.78,-3.));
#19098 = VECTOR('',#19099,1.);
#19099 = DIRECTION('',(1.,0.,0.));
#19100 = PLANE('',#19101);
#19101 = AXIS2_PLACEMENT_3D('',#19102,#19103,#19104);
#19102 = CARTESIAN_POINT('',(-0.32,-7.86,-2.92));
#19103 = DIRECTION('',(1.735167508357E-18,-0.707106781187,
    -0.707106781187));
#19104 = DIRECTION('',(-1.,-1.226948711654E-18,-1.226948711654E-18));
#19105 = ADVANCED_FACE('',(#19106),#19131,.F.);
#19106 = FACE_BOUND('',#19107,.F.);
#19107 = EDGE_LOOP('',(#19108,#19116,#19117,#19125));
#19108 = ORIENTED_EDGE('',*,*,#19109,.F.);
#19109 = EDGE_CURVE('',#18342,#19110,#19112,.T.);
#19110 = VERTEX_POINT('',#19111);
#19111 = CARTESIAN_POINT('',(0.16,-0.16,-3.));
#19112 = LINE('',#19113,#19114);
#19113 = CARTESIAN_POINT('',(0.16,-0.16,-3.));
#19114 = VECTOR('',#19115,1.);
#19115 = DIRECTION('',(-0.57735026919,0.57735026919,-0.57735026919));
#19116 = ORIENTED_EDGE('',*,*,#18349,.T.);
#19117 = ORIENTED_EDGE('',*,*,#19118,.T.);
#19118 = EDGE_CURVE('',#18350,#19119,#19121,.T.);
#19119 = VERTEX_POINT('',#19120);
#19120 = CARTESIAN_POINT('',(0.16,0.16,-3.));
#19121 = LINE('',#19122,#19123);
#19122 = CARTESIAN_POINT('',(5.333333333333E-02,5.333333333333E-02,
    -3.106666666667));
#19123 = VECTOR('',#19124,1.);
#19124 = DIRECTION('',(-0.57735026919,-0.57735026919,-0.57735026919));
#19125 = ORIENTED_EDGE('',*,*,#19126,.F.);
#19126 = EDGE_CURVE('',#19110,#19119,#19127,.T.);
#19127 = LINE('',#19128,#19129);
#19128 = CARTESIAN_POINT('',(0.16,-0.32,-3.));
#19129 = VECTOR('',#19130,1.);
#19130 = DIRECTION('',(0.,1.,0.));
#19131 = PLANE('',#19132);
#19132 = AXIS2_PLACEMENT_3D('',#19133,#19134,#19135);
#19133 = CARTESIAN_POINT('',(0.24,-0.32,-2.92));
#19134 = DIRECTION('',(-0.707106781187,1.735167508357E-18,0.707106781187
    ));
#19135 = DIRECTION('',(1.226948711654E-18,1.,-1.226948711654E-18));
#19136 = ADVANCED_FACE('',(#19137),#19155,.F.);
#19137 = FACE_BOUND('',#19138,.T.);
#19138 = EDGE_LOOP('',(#19139,#19147,#19148,#19149));
#19139 = ORIENTED_EDGE('',*,*,#19140,.F.);
#19140 = EDGE_CURVE('',#18374,#19141,#19143,.T.);
#19141 = VERTEX_POINT('',#19142);
#19142 = CARTESIAN_POINT('',(-0.16,0.16,-3.));
#19143 = LINE('',#19144,#19145);
#19144 = CARTESIAN_POINT('',(-0.16,0.16,-3.));
#19145 = VECTOR('',#19146,1.);
#19146 = DIRECTION('',(0.57735026919,-0.57735026919,-0.57735026919));
#19147 = ORIENTED_EDGE('',*,*,#18373,.T.);
#19148 = ORIENTED_EDGE('',*,*,#19118,.T.);
#19149 = ORIENTED_EDGE('',*,*,#19150,.F.);
#19150 = EDGE_CURVE('',#19141,#19119,#19151,.T.);
#19151 = LINE('',#19152,#19153);
#19152 = CARTESIAN_POINT('',(-0.32,0.16,-3.));
#19153 = VECTOR('',#19154,1.);
#19154 = DIRECTION('',(1.,0.,0.));
#19155 = PLANE('',#19156);
#19156 = AXIS2_PLACEMENT_3D('',#19157,#19158,#19159);
#19157 = CARTESIAN_POINT('',(-0.32,0.24,-2.92));
#19158 = DIRECTION('',(-1.735167508357E-18,-0.707106781187,
    0.707106781187));
#19159 = DIRECTION('',(-1.,1.226948711654E-18,-1.226948711654E-18));
#19160 = ADVANCED_FACE('',(#19161),#19179,.T.);
#19161 = FACE_BOUND('',#19162,.T.);
#19162 = EDGE_LOOP('',(#19163,#19171,#19172,#19173));
#19163 = ORIENTED_EDGE('',*,*,#19164,.F.);
#19164 = EDGE_CURVE('',#18397,#19165,#19167,.T.);
#19165 = VERTEX_POINT('',#19166);
#19166 = CARTESIAN_POINT('',(-0.16,-0.16,-3.));
#19167 = LINE('',#19168,#19169);
#19168 = CARTESIAN_POINT('',(-0.266666666667,-0.266666666667,
    -2.893333333333));
#19169 = VECTOR('',#19170,1.);
#19170 = DIRECTION('',(0.57735026919,0.57735026919,-0.57735026919));
#19171 = ORIENTED_EDGE('',*,*,#18404,.T.);
#19172 = ORIENTED_EDGE('',*,*,#19140,.T.);
#19173 = ORIENTED_EDGE('',*,*,#19174,.F.);
#19174 = EDGE_CURVE('',#19165,#19141,#19175,.T.);
#19175 = LINE('',#19176,#19177);
#19176 = CARTESIAN_POINT('',(-0.16,-0.32,-3.));
#19177 = VECTOR('',#19178,1.);
#19178 = DIRECTION('',(0.,1.,0.));
#19179 = PLANE('',#19180);
#19180 = AXIS2_PLACEMENT_3D('',#19181,#19182,#19183);
#19181 = CARTESIAN_POINT('',(-0.24,-0.32,-2.92));
#19182 = DIRECTION('',(-0.707106781187,-1.735167508357E-18,
    -0.707106781187));
#19183 = DIRECTION('',(-1.226948711654E-18,1.,-1.226948711654E-18));
#19184 = ADVANCED_FACE('',(#19185),#19196,.T.);
#19185 = FACE_BOUND('',#19186,.F.);
#19186 = EDGE_LOOP('',(#19187,#19188,#19189,#19190));
#19187 = ORIENTED_EDGE('',*,*,#19164,.F.);
#19188 = ORIENTED_EDGE('',*,*,#18421,.T.);
#19189 = ORIENTED_EDGE('',*,*,#19109,.T.);
#19190 = ORIENTED_EDGE('',*,*,#19191,.F.);
#19191 = EDGE_CURVE('',#19165,#19110,#19192,.T.);
#19192 = LINE('',#19193,#19194);
#19193 = CARTESIAN_POINT('',(-0.32,-0.16,-3.));
#19194 = VECTOR('',#19195,1.);
#19195 = DIRECTION('',(1.,0.,0.));
#19196 = PLANE('',#19197);
#19197 = AXIS2_PLACEMENT_3D('',#19198,#19199,#19200);
#19198 = CARTESIAN_POINT('',(-0.32,-0.24,-2.92));
#19199 = DIRECTION('',(1.735167508357E-18,-0.707106781187,
    -0.707106781187));
#19200 = DIRECTION('',(-1.,-1.226948711654E-18,-1.226948711654E-18));
#19201 = ADVANCED_FACE('',(#19202),#19227,.F.);
#19202 = FACE_BOUND('',#19203,.T.);
#19203 = EDGE_LOOP('',(#19204,#19212,#19213,#19221));
#19204 = ORIENTED_EDGE('',*,*,#19205,.F.);
#19205 = EDGE_CURVE('',#18446,#19206,#19208,.T.);
#19206 = VERTEX_POINT('',#19207);
#19207 = CARTESIAN_POINT('',(-0.16,-2.38,-3.));
#19208 = LINE('',#19209,#19210);
#19209 = CARTESIAN_POINT('',(-0.16,-2.38,-3.));
#19210 = VECTOR('',#19211,1.);
#19211 = DIRECTION('',(0.57735026919,-0.57735026919,-0.57735026919));
#19212 = ORIENTED_EDGE('',*,*,#18445,.T.);
#19213 = ORIENTED_EDGE('',*,*,#19214,.T.);
#19214 = EDGE_CURVE('',#18438,#19215,#19217,.T.);
#19215 = VERTEX_POINT('',#19216);
#19216 = CARTESIAN_POINT('',(0.16,-2.38,-3.));
#19217 = LINE('',#19218,#19219);
#19218 = CARTESIAN_POINT('',(5.333333333333E-02,-2.486666666667,
    -3.106666666667));
#19219 = VECTOR('',#19220,1.);
#19220 = DIRECTION('',(-0.57735026919,-0.57735026919,-0.57735026919));
#19221 = ORIENTED_EDGE('',*,*,#19222,.F.);
#19222 = EDGE_CURVE('',#19206,#19215,#19223,.T.);
#19223 = LINE('',#19224,#19225);
#19224 = CARTESIAN_POINT('',(-0.32,-2.38,-3.));
#19225 = VECTOR('',#19226,1.);
#19226 = DIRECTION('',(1.,0.,0.));
#19227 = PLANE('',#19228);
#19228 = AXIS2_PLACEMENT_3D('',#19229,#19230,#19231);
#19229 = CARTESIAN_POINT('',(-0.32,-2.3,-2.92));
#19230 = DIRECTION('',(-1.735167508357E-18,-0.707106781187,
    0.707106781187));
#19231 = DIRECTION('',(-1.,1.226948711654E-18,-1.226948711654E-18));
#19232 = ADVANCED_FACE('',(#19233),#19251,.T.);
#19233 = FACE_BOUND('',#19234,.T.);
#19234 = EDGE_LOOP('',(#19235,#19243,#19244,#19245));
#19235 = ORIENTED_EDGE('',*,*,#19236,.F.);
#19236 = EDGE_CURVE('',#18469,#19237,#19239,.T.);
#19237 = VERTEX_POINT('',#19238);
#19238 = CARTESIAN_POINT('',(-0.16,-2.7,-3.));
#19239 = LINE('',#19240,#19241);
#19240 = CARTESIAN_POINT('',(-0.266666666667,-2.806666666667,
    -2.893333333333));
#19241 = VECTOR('',#19242,1.);
#19242 = DIRECTION('',(0.57735026919,0.57735026919,-0.57735026919));
#19243 = ORIENTED_EDGE('',*,*,#18476,.T.);
#19244 = ORIENTED_EDGE('',*,*,#19205,.T.);
#19245 = ORIENTED_EDGE('',*,*,#19246,.F.);
#19246 = EDGE_CURVE('',#19237,#19206,#19247,.T.);
#19247 = LINE('',#19248,#19249);
#19248 = CARTESIAN_POINT('',(-0.16,-2.86,-3.));
#19249 = VECTOR('',#19250,1.);
#19250 = DIRECTION('',(0.,1.,0.));
#19251 = PLANE('',#19252);
#19252 = AXIS2_PLACEMENT_3D('',#19253,#19254,#19255);
#19253 = CARTESIAN_POINT('',(-0.24,-2.86,-2.92));
#19254 = DIRECTION('',(-0.707106781187,-1.735167508357E-18,
    -0.707106781187));
#19255 = DIRECTION('',(-1.226948711654E-18,1.,-1.226948711654E-18));
#19256 = ADVANCED_FACE('',(#19257),#19275,.T.);
#19257 = FACE_BOUND('',#19258,.F.);
#19258 = EDGE_LOOP('',(#19259,#19260,#19261,#19269));
#19259 = ORIENTED_EDGE('',*,*,#19236,.F.);
#19260 = ORIENTED_EDGE('',*,*,#18500,.T.);
#19261 = ORIENTED_EDGE('',*,*,#19262,.T.);
#19262 = EDGE_CURVE('',#18493,#19263,#19265,.T.);
#19263 = VERTEX_POINT('',#19264);
#19264 = CARTESIAN_POINT('',(0.16,-2.7,-3.));
#19265 = LINE('',#19266,#19267);
#19266 = CARTESIAN_POINT('',(0.16,-2.7,-3.));
#19267 = VECTOR('',#19268,1.);
#19268 = DIRECTION('',(-0.57735026919,0.57735026919,-0.57735026919));
#19269 = ORIENTED_EDGE('',*,*,#19270,.F.);
#19270 = EDGE_CURVE('',#19237,#19263,#19271,.T.);
#19271 = LINE('',#19272,#19273);
#19272 = CARTESIAN_POINT('',(-0.32,-2.7,-3.));
#19273 = VECTOR('',#19274,1.);
#19274 = DIRECTION('',(1.,0.,0.));
#19275 = PLANE('',#19276);
#19276 = AXIS2_PLACEMENT_3D('',#19277,#19278,#19279);
#19277 = CARTESIAN_POINT('',(-0.32,-2.78,-2.92));
#19278 = DIRECTION('',(1.735167508357E-18,-0.707106781187,
    -0.707106781187));
#19279 = DIRECTION('',(-1.,-1.226948711654E-18,-1.226948711654E-18));
#19280 = ADVANCED_FACE('',(#19281),#19292,.F.);
#19281 = FACE_BOUND('',#19282,.F.);
#19282 = EDGE_LOOP('',(#19283,#19284,#19285,#19286));
#19283 = ORIENTED_EDGE('',*,*,#19262,.F.);
#19284 = ORIENTED_EDGE('',*,*,#18517,.T.);
#19285 = ORIENTED_EDGE('',*,*,#19214,.T.);
#19286 = ORIENTED_EDGE('',*,*,#19287,.F.);
#19287 = EDGE_CURVE('',#19263,#19215,#19288,.T.);
#19288 = LINE('',#19289,#19290);
#19289 = CARTESIAN_POINT('',(0.16,-2.86,-3.));
#19290 = VECTOR('',#19291,1.);
#19291 = DIRECTION('',(0.,1.,0.));
#19292 = PLANE('',#19293);
#19293 = AXIS2_PLACEMENT_3D('',#19294,#19295,#19296);
#19294 = CARTESIAN_POINT('',(0.24,-2.86,-2.92));
#19295 = DIRECTION('',(-0.707106781187,1.735167508357E-18,0.707106781187
    ));
#19296 = DIRECTION('',(1.226948711654E-18,1.,-1.226948711654E-18));
#19297 = ADVANCED_FACE('',(#19298),#19323,.T.);
#19298 = FACE_BOUND('',#19299,.F.);
#19299 = EDGE_LOOP('',(#19300,#19308,#19309,#19317));
#19300 = ORIENTED_EDGE('',*,*,#19301,.F.);
#19301 = EDGE_CURVE('',#18543,#19302,#19304,.T.);
#19302 = VERTEX_POINT('',#19303);
#19303 = CARTESIAN_POINT('',(-0.16,-4.92,8.54));
#19304 = LINE('',#19305,#19306);
#19305 = CARTESIAN_POINT('',(-0.16,-4.92,8.54));
#19306 = VECTOR('',#19307,1.);
#19307 = DIRECTION('',(0.57735026919,-0.57735026919,0.57735026919));
#19308 = ORIENTED_EDGE('',*,*,#18550,.T.);
#19309 = ORIENTED_EDGE('',*,*,#19310,.T.);
#19310 = EDGE_CURVE('',#18534,#19311,#19313,.T.);
#19311 = VERTEX_POINT('',#19312);
#19312 = CARTESIAN_POINT('',(0.16,-4.92,8.54));
#19313 = LINE('',#19314,#19315);
#19314 = CARTESIAN_POINT('',(5.333333333333E-02,-5.026666666667,
    8.646666666667));
#19315 = VECTOR('',#19316,1.);
#19316 = DIRECTION('',(-0.57735026919,-0.57735026919,0.57735026919));
#19317 = ORIENTED_EDGE('',*,*,#19318,.F.);
#19318 = EDGE_CURVE('',#19302,#19311,#19319,.T.);
#19319 = LINE('',#19320,#19321);
#19320 = CARTESIAN_POINT('',(-0.32,-4.92,8.54));
#19321 = VECTOR('',#19322,1.);
#19322 = DIRECTION('',(1.,0.,0.));
#19323 = PLANE('',#19324);
#19324 = AXIS2_PLACEMENT_3D('',#19325,#19326,#19327);
#19325 = CARTESIAN_POINT('',(-0.32,-4.84,8.46));
#19326 = DIRECTION('',(1.735167508357E-18,0.707106781187,0.707106781187)
  );
#19327 = DIRECTION('',(-1.,1.226948711654E-18,1.226948711654E-18));
#19328 = ADVANCED_FACE('',(#19329),#19347,.F.);
#19329 = FACE_BOUND('',#19330,.F.);
#19330 = EDGE_LOOP('',(#19331,#19339,#19340,#19341));
#19331 = ORIENTED_EDGE('',*,*,#19332,.F.);
#19332 = EDGE_CURVE('',#18565,#19333,#19335,.T.);
#19333 = VERTEX_POINT('',#19334);
#19334 = CARTESIAN_POINT('',(-0.16,-5.24,8.54));
#19335 = LINE('',#19336,#19337);
#19336 = CARTESIAN_POINT('',(-0.266666666667,-5.346666666667,
    8.433333333333));
#19337 = VECTOR('',#19338,1.);
#19338 = DIRECTION('',(0.57735026919,0.57735026919,0.57735026919));
#19339 = ORIENTED_EDGE('',*,*,#18574,.T.);
#19340 = ORIENTED_EDGE('',*,*,#19301,.T.);
#19341 = ORIENTED_EDGE('',*,*,#19342,.F.);
#19342 = EDGE_CURVE('',#19333,#19302,#19343,.T.);
#19343 = LINE('',#19344,#19345);
#19344 = CARTESIAN_POINT('',(-0.16,-5.4,8.54));
#19345 = VECTOR('',#19346,1.);
#19346 = DIRECTION('',(0.,1.,0.));
#19347 = PLANE('',#19348);
#19348 = AXIS2_PLACEMENT_3D('',#19349,#19350,#19351);
#19349 = CARTESIAN_POINT('',(-0.24,-5.4,8.46));
#19350 = DIRECTION('',(0.707106781187,1.735167508357E-18,-0.707106781187
    ));
#19351 = DIRECTION('',(-1.226948711654E-18,1.,1.226948711654E-18));
#19352 = ADVANCED_FACE('',(#19353),#19371,.F.);
#19353 = FACE_BOUND('',#19354,.T.);
#19354 = EDGE_LOOP('',(#19355,#19356,#19357,#19365));
#19355 = ORIENTED_EDGE('',*,*,#19332,.F.);
#19356 = ORIENTED_EDGE('',*,*,#18598,.T.);
#19357 = ORIENTED_EDGE('',*,*,#19358,.T.);
#19358 = EDGE_CURVE('',#18589,#19359,#19361,.T.);
#19359 = VERTEX_POINT('',#19360);
#19360 = CARTESIAN_POINT('',(0.16,-5.24,8.54));
#19361 = LINE('',#19362,#19363);
#19362 = CARTESIAN_POINT('',(0.16,-5.24,8.54));
#19363 = VECTOR('',#19364,1.);
#19364 = DIRECTION('',(-0.57735026919,0.57735026919,0.57735026919));
#19365 = ORIENTED_EDGE('',*,*,#19366,.F.);
#19366 = EDGE_CURVE('',#19333,#19359,#19367,.T.);
#19367 = LINE('',#19368,#19369);
#19368 = CARTESIAN_POINT('',(-0.32,-5.24,8.54));
#19369 = VECTOR('',#19370,1.);
#19370 = DIRECTION('',(1.,0.,0.));
#19371 = PLANE('',#19372);
#19372 = AXIS2_PLACEMENT_3D('',#19373,#19374,#19375);
#19373 = CARTESIAN_POINT('',(-0.32,-5.32,8.46));
#19374 = DIRECTION('',(-1.735167508357E-18,0.707106781187,
    -0.707106781187));
#19375 = DIRECTION('',(-1.,-1.226948711654E-18,1.226948711654E-18));
#19376 = ADVANCED_FACE('',(#19377),#19388,.T.);
#19377 = FACE_BOUND('',#19378,.T.);
#19378 = EDGE_LOOP('',(#19379,#19380,#19381,#19382));
#19379 = ORIENTED_EDGE('',*,*,#19358,.F.);
#19380 = ORIENTED_EDGE('',*,*,#18615,.T.);
#19381 = ORIENTED_EDGE('',*,*,#19310,.T.);
#19382 = ORIENTED_EDGE('',*,*,#19383,.F.);
#19383 = EDGE_CURVE('',#19359,#19311,#19384,.T.);
#19384 = LINE('',#19385,#19386);
#19385 = CARTESIAN_POINT('',(0.16,-5.4,8.54));
#19386 = VECTOR('',#19387,1.);
#19387 = DIRECTION('',(0.,1.,0.));
#19388 = PLANE('',#19389);
#19389 = AXIS2_PLACEMENT_3D('',#19390,#19391,#19392);
#19390 = CARTESIAN_POINT('',(0.24,-5.4,8.46));
#19391 = DIRECTION('',(0.707106781187,-1.735167508357E-18,0.707106781187
    ));
#19392 = DIRECTION('',(1.226948711654E-18,1.,1.226948711654E-18));
#19393 = ADVANCED_FACE('',(#19394),#19419,.T.);
#19394 = FACE_BOUND('',#19395,.T.);
#19395 = EDGE_LOOP('',(#19396,#19404,#19405,#19413));
#19396 = ORIENTED_EDGE('',*,*,#19397,.F.);
#19397 = EDGE_CURVE('',#18630,#19398,#19400,.T.);
#19398 = VERTEX_POINT('',#19399);
#19399 = CARTESIAN_POINT('',(0.16,-7.78,8.54));
#19400 = LINE('',#19401,#19402);
#19401 = CARTESIAN_POINT('',(0.16,-7.78,8.54));
#19402 = VECTOR('',#19403,1.);
#19403 = DIRECTION('',(-0.57735026919,0.57735026919,0.57735026919));
#19404 = ORIENTED_EDGE('',*,*,#18646,.T.);
#19405 = ORIENTED_EDGE('',*,*,#19406,.T.);
#19406 = EDGE_CURVE('',#18639,#19407,#19409,.T.);
#19407 = VERTEX_POINT('',#19408);
#19408 = CARTESIAN_POINT('',(0.16,-7.46,8.54));
#19409 = LINE('',#19410,#19411);
#19410 = CARTESIAN_POINT('',(5.333333333333E-02,-7.566666666667,
    8.646666666667));
#19411 = VECTOR('',#19412,1.);
#19412 = DIRECTION('',(-0.57735026919,-0.57735026919,0.57735026919));
#19413 = ORIENTED_EDGE('',*,*,#19414,.F.);
#19414 = EDGE_CURVE('',#19398,#19407,#19415,.T.);
#19415 = LINE('',#19416,#19417);
#19416 = CARTESIAN_POINT('',(0.16,-7.94,8.54));
#19417 = VECTOR('',#19418,1.);
#19418 = DIRECTION('',(0.,1.,0.));
#19419 = PLANE('',#19420);
#19420 = AXIS2_PLACEMENT_3D('',#19421,#19422,#19423);
#19421 = CARTESIAN_POINT('',(0.24,-7.94,8.46));
#19422 = DIRECTION('',(0.707106781187,-1.735167508357E-18,0.707106781187
    ));
#19423 = DIRECTION('',(1.226948711654E-18,1.,1.226948711654E-18));
#19424 = ADVANCED_FACE('',(#19425),#19443,.T.);
#19425 = FACE_BOUND('',#19426,.F.);
#19426 = EDGE_LOOP('',(#19427,#19435,#19436,#19437));
#19427 = ORIENTED_EDGE('',*,*,#19428,.F.);
#19428 = EDGE_CURVE('',#18663,#19429,#19431,.T.);
#19429 = VERTEX_POINT('',#19430);
#19430 = CARTESIAN_POINT('',(-0.16,-7.46,8.54));
#19431 = LINE('',#19432,#19433);
#19432 = CARTESIAN_POINT('',(-0.16,-7.46,8.54));
#19433 = VECTOR('',#19434,1.);
#19434 = DIRECTION('',(0.57735026919,-0.57735026919,0.57735026919));
#19435 = ORIENTED_EDGE('',*,*,#18670,.T.);
#19436 = ORIENTED_EDGE('',*,*,#19406,.T.);
#19437 = ORIENTED_EDGE('',*,*,#19438,.F.);
#19438 = EDGE_CURVE('',#19429,#19407,#19439,.T.);
#19439 = LINE('',#19440,#19441);
#19440 = CARTESIAN_POINT('',(-0.32,-7.46,8.54));
#19441 = VECTOR('',#19442,1.);
#19442 = DIRECTION('',(1.,0.,0.));
#19443 = PLANE('',#19444);
#19444 = AXIS2_PLACEMENT_3D('',#19445,#19446,#19447);
#19445 = CARTESIAN_POINT('',(-0.32,-7.38,8.46));
#19446 = DIRECTION('',(1.735167508357E-18,0.707106781187,0.707106781187)
  );
#19447 = DIRECTION('',(-1.,1.226948711654E-18,1.226948711654E-18));
#19448 = ADVANCED_FACE('',(#19449),#19467,.F.);
#19449 = FACE_BOUND('',#19450,.F.);
#19450 = EDGE_LOOP('',(#19451,#19459,#19460,#19461));
#19451 = ORIENTED_EDGE('',*,*,#19452,.F.);
#19452 = EDGE_CURVE('',#18685,#19453,#19455,.T.);
#19453 = VERTEX_POINT('',#19454);
#19454 = CARTESIAN_POINT('',(-0.16,-7.78,8.54));
#19455 = LINE('',#19456,#19457);
#19456 = CARTESIAN_POINT('',(-0.266666666667,-7.886666666667,
    8.433333333333));
#19457 = VECTOR('',#19458,1.);
#19458 = DIRECTION('',(0.57735026919,0.57735026919,0.57735026919));
#19459 = ORIENTED_EDGE('',*,*,#18694,.T.);
#19460 = ORIENTED_EDGE('',*,*,#19428,.T.);
#19461 = ORIENTED_EDGE('',*,*,#19462,.F.);
#19462 = EDGE_CURVE('',#19453,#19429,#19463,.T.);
#19463 = LINE('',#19464,#19465);
#19464 = CARTESIAN_POINT('',(-0.16,-7.94,8.54));
#19465 = VECTOR('',#19466,1.);
#19466 = DIRECTION('',(0.,1.,0.));
#19467 = PLANE('',#19468);
#19468 = AXIS2_PLACEMENT_3D('',#19469,#19470,#19471);
#19469 = CARTESIAN_POINT('',(-0.24,-7.94,8.46));
#19470 = DIRECTION('',(0.707106781187,1.735167508357E-18,-0.707106781187
    ));
#19471 = DIRECTION('',(-1.226948711654E-18,1.,1.226948711654E-18));
#19472 = ADVANCED_FACE('',(#19473),#19484,.F.);
#19473 = FACE_BOUND('',#19474,.T.);
#19474 = EDGE_LOOP('',(#19475,#19476,#19477,#19478));
#19475 = ORIENTED_EDGE('',*,*,#19452,.F.);
#19476 = ORIENTED_EDGE('',*,*,#18711,.T.);
#19477 = ORIENTED_EDGE('',*,*,#19397,.T.);
#19478 = ORIENTED_EDGE('',*,*,#19479,.F.);
#19479 = EDGE_CURVE('',#19453,#19398,#19480,.T.);
#19480 = LINE('',#19481,#19482);
#19481 = CARTESIAN_POINT('',(-0.32,-7.78,8.54));
#19482 = VECTOR('',#19483,1.);
#19483 = DIRECTION('',(1.,0.,0.));
#19484 = PLANE('',#19485);
#19485 = AXIS2_PLACEMENT_3D('',#19486,#19487,#19488);
#19486 = CARTESIAN_POINT('',(-0.32,-7.86,8.46));
#19487 = DIRECTION('',(-1.735167508357E-18,0.707106781187,
    -0.707106781187));
#19488 = DIRECTION('',(-1.,-1.226948711654E-18,1.226948711654E-18));
#19489 = ADVANCED_FACE('',(#19490),#19515,.T.);
#19490 = FACE_BOUND('',#19491,.T.);
#19491 = EDGE_LOOP('',(#19492,#19500,#19501,#19509));
#19492 = ORIENTED_EDGE('',*,*,#19493,.F.);
#19493 = EDGE_CURVE('',#18726,#19494,#19496,.T.);
#19494 = VERTEX_POINT('',#19495);
#19495 = CARTESIAN_POINT('',(0.16,-0.16,8.54));
#19496 = LINE('',#19497,#19498);
#19497 = CARTESIAN_POINT('',(0.16,-0.16,8.54));
#19498 = VECTOR('',#19499,1.);
#19499 = DIRECTION('',(-0.57735026919,0.57735026919,0.57735026919));
#19500 = ORIENTED_EDGE('',*,*,#18742,.T.);
#19501 = ORIENTED_EDGE('',*,*,#19502,.T.);
#19502 = EDGE_CURVE('',#18735,#19503,#19505,.T.);
#19503 = VERTEX_POINT('',#19504);
#19504 = CARTESIAN_POINT('',(0.16,0.16,8.54));
#19505 = LINE('',#19506,#19507);
#19506 = CARTESIAN_POINT('',(5.333333333333E-02,5.333333333333E-02,
    8.646666666667));
#19507 = VECTOR('',#19508,1.);
#19508 = DIRECTION('',(-0.57735026919,-0.57735026919,0.57735026919));
#19509 = ORIENTED_EDGE('',*,*,#19510,.F.);
#19510 = EDGE_CURVE('',#19494,#19503,#19511,.T.);
#19511 = LINE('',#19512,#19513);
#19512 = CARTESIAN_POINT('',(0.16,-0.32,8.54));
#19513 = VECTOR('',#19514,1.);
#19514 = DIRECTION('',(0.,1.,0.));
#19515 = PLANE('',#19516);
#19516 = AXIS2_PLACEMENT_3D('',#19517,#19518,#19519);
#19517 = CARTESIAN_POINT('',(0.24,-0.32,8.46));
#19518 = DIRECTION('',(0.707106781187,-1.735167508357E-18,0.707106781187
    ));
#19519 = DIRECTION('',(1.226948711654E-18,1.,1.226948711654E-18));
#19520 = ADVANCED_FACE('',(#19521),#19539,.T.);
#19521 = FACE_BOUND('',#19522,.F.);
#19522 = EDGE_LOOP('',(#19523,#19531,#19532,#19533));
#19523 = ORIENTED_EDGE('',*,*,#19524,.F.);
#19524 = EDGE_CURVE('',#18759,#19525,#19527,.T.);
#19525 = VERTEX_POINT('',#19526);
#19526 = CARTESIAN_POINT('',(-0.16,0.16,8.54));
#19527 = LINE('',#19528,#19529);
#19528 = CARTESIAN_POINT('',(-0.16,0.16,8.54));
#19529 = VECTOR('',#19530,1.);
#19530 = DIRECTION('',(0.57735026919,-0.57735026919,0.57735026919));
#19531 = ORIENTED_EDGE('',*,*,#18766,.T.);
#19532 = ORIENTED_EDGE('',*,*,#19502,.T.);
#19533 = ORIENTED_EDGE('',*,*,#19534,.F.);
#19534 = EDGE_CURVE('',#19525,#19503,#19535,.T.);
#19535 = LINE('',#19536,#19537);
#19536 = CARTESIAN_POINT('',(-0.32,0.16,8.54));
#19537 = VECTOR('',#19538,1.);
#19538 = DIRECTION('',(1.,0.,0.));
#19539 = PLANE('',#19540);
#19540 = AXIS2_PLACEMENT_3D('',#19541,#19542,#19543);
#19541 = CARTESIAN_POINT('',(-0.32,0.24,8.46));
#19542 = DIRECTION('',(1.735167508357E-18,0.707106781187,0.707106781187)
  );
#19543 = DIRECTION('',(-1.,1.226948711654E-18,1.226948711654E-18));
#19544 = ADVANCED_FACE('',(#19545),#19563,.F.);
#19545 = FACE_BOUND('',#19546,.F.);
#19546 = EDGE_LOOP('',(#19547,#19555,#19556,#19557));
#19547 = ORIENTED_EDGE('',*,*,#19548,.F.);
#19548 = EDGE_CURVE('',#18781,#19549,#19551,.T.);
#19549 = VERTEX_POINT('',#19550);
#19550 = CARTESIAN_POINT('',(-0.16,-0.16,8.54));
#19551 = LINE('',#19552,#19553);
#19552 = CARTESIAN_POINT('',(-0.266666666667,-0.266666666667,
    8.433333333333));
#19553 = VECTOR('',#19554,1.);
#19554 = DIRECTION('',(0.57735026919,0.57735026919,0.57735026919));
#19555 = ORIENTED_EDGE('',*,*,#18790,.T.);
#19556 = ORIENTED_EDGE('',*,*,#19524,.T.);
#19557 = ORIENTED_EDGE('',*,*,#19558,.F.);
#19558 = EDGE_CURVE('',#19549,#19525,#19559,.T.);
#19559 = LINE('',#19560,#19561);
#19560 = CARTESIAN_POINT('',(-0.16,-0.32,8.54));
#19561 = VECTOR('',#19562,1.);
#19562 = DIRECTION('',(0.,1.,0.));
#19563 = PLANE('',#19564);
#19564 = AXIS2_PLACEMENT_3D('',#19565,#19566,#19567);
#19565 = CARTESIAN_POINT('',(-0.24,-0.32,8.46));
#19566 = DIRECTION('',(0.707106781187,1.735167508357E-18,-0.707106781187
    ));
#19567 = DIRECTION('',(-1.226948711654E-18,1.,1.226948711654E-18));
#19568 = ADVANCED_FACE('',(#19569),#19580,.F.);
#19569 = FACE_BOUND('',#19570,.T.);
#19570 = EDGE_LOOP('',(#19571,#19572,#19573,#19574));
#19571 = ORIENTED_EDGE('',*,*,#19548,.F.);
#19572 = ORIENTED_EDGE('',*,*,#18807,.T.);
#19573 = ORIENTED_EDGE('',*,*,#19493,.T.);
#19574 = ORIENTED_EDGE('',*,*,#19575,.F.);
#19575 = EDGE_CURVE('',#19549,#19494,#19576,.T.);
#19576 = LINE('',#19577,#19578);
#19577 = CARTESIAN_POINT('',(-0.32,-0.16,8.54));
#19578 = VECTOR('',#19579,1.);
#19579 = DIRECTION('',(1.,0.,0.));
#19580 = PLANE('',#19581);
#19581 = AXIS2_PLACEMENT_3D('',#19582,#19583,#19584);
#19582 = CARTESIAN_POINT('',(-0.32,-0.24,8.46));
#19583 = DIRECTION('',(-1.735167508357E-18,0.707106781187,
    -0.707106781187));
#19584 = DIRECTION('',(-1.,-1.226948711654E-18,1.226948711654E-18));
#19585 = ADVANCED_FACE('',(#19586),#19611,.T.);
#19586 = FACE_BOUND('',#19587,.F.);
#19587 = EDGE_LOOP('',(#19588,#19596,#19597,#19605));
#19588 = ORIENTED_EDGE('',*,*,#19589,.F.);
#19589 = EDGE_CURVE('',#18831,#19590,#19592,.T.);
#19590 = VERTEX_POINT('',#19591);
#19591 = CARTESIAN_POINT('',(-0.16,-2.38,8.54));
#19592 = LINE('',#19593,#19594);
#19593 = CARTESIAN_POINT('',(-0.16,-2.38,8.54));
#19594 = VECTOR('',#19595,1.);
#19595 = DIRECTION('',(0.57735026919,-0.57735026919,0.57735026919));
#19596 = ORIENTED_EDGE('',*,*,#18838,.T.);
#19597 = ORIENTED_EDGE('',*,*,#19598,.T.);
#19598 = EDGE_CURVE('',#18822,#19599,#19601,.T.);
#19599 = VERTEX_POINT('',#19600);
#19600 = CARTESIAN_POINT('',(0.16,-2.38,8.54));
#19601 = LINE('',#19602,#19603);
#19602 = CARTESIAN_POINT('',(5.333333333333E-02,-2.486666666667,
    8.646666666667));
#19603 = VECTOR('',#19604,1.);
#19604 = DIRECTION('',(-0.57735026919,-0.57735026919,0.57735026919));
#19605 = ORIENTED_EDGE('',*,*,#19606,.F.);
#19606 = EDGE_CURVE('',#19590,#19599,#19607,.T.);
#19607 = LINE('',#19608,#19609);
#19608 = CARTESIAN_POINT('',(-0.32,-2.38,8.54));
#19609 = VECTOR('',#19610,1.);
#19610 = DIRECTION('',(1.,0.,0.));
#19611 = PLANE('',#19612);
#19612 = AXIS2_PLACEMENT_3D('',#19613,#19614,#19615);
#19613 = CARTESIAN_POINT('',(-0.32,-2.3,8.46));
#19614 = DIRECTION('',(1.735167508357E-18,0.707106781187,0.707106781187)
  );
#19615 = DIRECTION('',(-1.,1.226948711654E-18,1.226948711654E-18));
#19616 = ADVANCED_FACE('',(#19617),#19635,.F.);
#19617 = FACE_BOUND('',#19618,.F.);
#19618 = EDGE_LOOP('',(#19619,#19627,#19628,#19629));
#19619 = ORIENTED_EDGE('',*,*,#19620,.F.);
#19620 = EDGE_CURVE('',#18853,#19621,#19623,.T.);
#19621 = VERTEX_POINT('',#19622);
#19622 = CARTESIAN_POINT('',(-0.16,-2.7,8.54));
#19623 = LINE('',#19624,#19625);
#19624 = CARTESIAN_POINT('',(-0.266666666667,-2.806666666667,
    8.433333333333));
#19625 = VECTOR('',#19626,1.);
#19626 = DIRECTION('',(0.57735026919,0.57735026919,0.57735026919));
#19627 = ORIENTED_EDGE('',*,*,#18862,.T.);
#19628 = ORIENTED_EDGE('',*,*,#19589,.T.);
#19629 = ORIENTED_EDGE('',*,*,#19630,.F.);
#19630 = EDGE_CURVE('',#19621,#19590,#19631,.T.);
#19631 = LINE('',#19632,#19633);
#19632 = CARTESIAN_POINT('',(-0.16,-2.86,8.54));
#19633 = VECTOR('',#19634,1.);
#19634 = DIRECTION('',(0.,1.,0.));
#19635 = PLANE('',#19636);
#19636 = AXIS2_PLACEMENT_3D('',#19637,#19638,#19639);
#19637 = CARTESIAN_POINT('',(-0.24,-2.86,8.46));
#19638 = DIRECTION('',(0.707106781187,1.735167508357E-18,-0.707106781187
    ));
#19639 = DIRECTION('',(-1.226948711654E-18,1.,1.226948711654E-18));
#19640 = ADVANCED_FACE('',(#19641),#19659,.F.);
#19641 = FACE_BOUND('',#19642,.T.);
#19642 = EDGE_LOOP('',(#19643,#19644,#19645,#19653));
#19643 = ORIENTED_EDGE('',*,*,#19620,.F.);
#19644 = ORIENTED_EDGE('',*,*,#18886,.T.);
#19645 = ORIENTED_EDGE('',*,*,#19646,.T.);
#19646 = EDGE_CURVE('',#18877,#19647,#19649,.T.);
#19647 = VERTEX_POINT('',#19648);
#19648 = CARTESIAN_POINT('',(0.16,-2.7,8.54));
#19649 = LINE('',#19650,#19651);
#19650 = CARTESIAN_POINT('',(0.16,-2.7,8.54));
#19651 = VECTOR('',#19652,1.);
#19652 = DIRECTION('',(-0.57735026919,0.57735026919,0.57735026919));
#19653 = ORIENTED_EDGE('',*,*,#19654,.F.);
#19654 = EDGE_CURVE('',#19621,#19647,#19655,.T.);
#19655 = LINE('',#19656,#19657);
#19656 = CARTESIAN_POINT('',(-0.32,-2.7,8.54));
#19657 = VECTOR('',#19658,1.);
#19658 = DIRECTION('',(1.,0.,0.));
#19659 = PLANE('',#19660);
#19660 = AXIS2_PLACEMENT_3D('',#19661,#19662,#19663);
#19661 = CARTESIAN_POINT('',(-0.32,-2.78,8.46));
#19662 = DIRECTION('',(-1.735167508357E-18,0.707106781187,
    -0.707106781187));
#19663 = DIRECTION('',(-1.,-1.226948711654E-18,1.226948711654E-18));
#19664 = ADVANCED_FACE('',(#19665),#19676,.T.);
#19665 = FACE_BOUND('',#19666,.T.);
#19666 = EDGE_LOOP('',(#19667,#19668,#19669,#19670));
#19667 = ORIENTED_EDGE('',*,*,#19646,.F.);
#19668 = ORIENTED_EDGE('',*,*,#18903,.T.);
#19669 = ORIENTED_EDGE('',*,*,#19598,.T.);
#19670 = ORIENTED_EDGE('',*,*,#19671,.F.);
#19671 = EDGE_CURVE('',#19647,#19599,#19672,.T.);
#19672 = LINE('',#19673,#19674);
#19673 = CARTESIAN_POINT('',(0.16,-2.86,8.54));
#19674 = VECTOR('',#19675,1.);
#19675 = DIRECTION('',(0.,1.,0.));
#19676 = PLANE('',#19677);
#19677 = AXIS2_PLACEMENT_3D('',#19678,#19679,#19680);
#19678 = CARTESIAN_POINT('',(0.24,-2.86,8.46));
#19679 = DIRECTION('',(0.707106781187,-1.735167508357E-18,0.707106781187
    ));
#19680 = DIRECTION('',(1.226948711654E-18,1.,1.226948711654E-18));
#19681 = ADVANCED_FACE('',(#19682),#19688,.F.);
#19682 = FACE_BOUND('',#19683,.F.);
#19683 = EDGE_LOOP('',(#19684,#19685,#19686,#19687));
#19684 = ORIENTED_EDGE('',*,*,#18999,.T.);
#19685 = ORIENTED_EDGE('',*,*,#18934,.F.);
#19686 = ORIENTED_EDGE('',*,*,#18958,.F.);
#19687 = ORIENTED_EDGE('',*,*,#18982,.T.);
#19688 = PLANE('',#19689);
#19689 = AXIS2_PLACEMENT_3D('',#19690,#19691,#19692);
#19690 = CARTESIAN_POINT('',(-0.32,-5.4,-3.));
#19691 = DIRECTION('',(0.,0.,1.));
#19692 = DIRECTION('',(1.,0.,-0.));
#19693 = ADVANCED_FACE('',(#19694),#19700,.F.);
#19694 = FACE_BOUND('',#19695,.F.);
#19695 = EDGE_LOOP('',(#19696,#19697,#19698,#19699));
#19696 = ORIENTED_EDGE('',*,*,#19030,.T.);
#19697 = ORIENTED_EDGE('',*,*,#19054,.F.);
#19698 = ORIENTED_EDGE('',*,*,#19078,.F.);
#19699 = ORIENTED_EDGE('',*,*,#19095,.T.);
#19700 = PLANE('',#19701);
#19701 = AXIS2_PLACEMENT_3D('',#19702,#19703,#19704);
#19702 = CARTESIAN_POINT('',(-0.32,-7.94,-3.));
#19703 = DIRECTION('',(0.,0.,1.));
#19704 = DIRECTION('',(1.,0.,-0.));
#19705 = ADVANCED_FACE('',(#19706),#19712,.F.);
#19706 = FACE_BOUND('',#19707,.F.);
#19707 = EDGE_LOOP('',(#19708,#19709,#19710,#19711));
#19708 = ORIENTED_EDGE('',*,*,#19126,.T.);
#19709 = ORIENTED_EDGE('',*,*,#19150,.F.);
#19710 = ORIENTED_EDGE('',*,*,#19174,.F.);
#19711 = ORIENTED_EDGE('',*,*,#19191,.T.);
#19712 = PLANE('',#19713);
#19713 = AXIS2_PLACEMENT_3D('',#19714,#19715,#19716);
#19714 = CARTESIAN_POINT('',(-0.32,-0.32,-3.));
#19715 = DIRECTION('',(0.,0.,1.));
#19716 = DIRECTION('',(1.,0.,-0.));
#19717 = ADVANCED_FACE('',(#19718),#19724,.F.);
#19718 = FACE_BOUND('',#19719,.F.);
#19719 = EDGE_LOOP('',(#19720,#19721,#19722,#19723));
#19720 = ORIENTED_EDGE('',*,*,#19287,.T.);
#19721 = ORIENTED_EDGE('',*,*,#19222,.F.);
#19722 = ORIENTED_EDGE('',*,*,#19246,.F.);
#19723 = ORIENTED_EDGE('',*,*,#19270,.T.);
#19724 = PLANE('',#19725);
#19725 = AXIS2_PLACEMENT_3D('',#19726,#19727,#19728);
#19726 = CARTESIAN_POINT('',(-0.32,-2.86,-3.));
#19727 = DIRECTION('',(0.,0.,1.));
#19728 = DIRECTION('',(1.,0.,-0.));
#19729 = ADVANCED_FACE('',(#19730),#19736,.T.);
#19730 = FACE_BOUND('',#19731,.T.);
#19731 = EDGE_LOOP('',(#19732,#19733,#19734,#19735));
#19732 = ORIENTED_EDGE('',*,*,#19383,.T.);
#19733 = ORIENTED_EDGE('',*,*,#19318,.F.);
#19734 = ORIENTED_EDGE('',*,*,#19342,.F.);
#19735 = ORIENTED_EDGE('',*,*,#19366,.T.);
#19736 = PLANE('',#19737);
#19737 = AXIS2_PLACEMENT_3D('',#19738,#19739,#19740);
#19738 = CARTESIAN_POINT('',(-0.32,-5.4,8.54));
#19739 = DIRECTION('',(0.,0.,1.));
#19740 = DIRECTION('',(1.,0.,-0.));
#19741 = ADVANCED_FACE('',(#19742),#19748,.T.);
#19742 = FACE_BOUND('',#19743,.T.);
#19743 = EDGE_LOOP('',(#19744,#19745,#19746,#19747));
#19744 = ORIENTED_EDGE('',*,*,#19414,.T.);
#19745 = ORIENTED_EDGE('',*,*,#19438,.F.);
#19746 = ORIENTED_EDGE('',*,*,#19462,.F.);
#19747 = ORIENTED_EDGE('',*,*,#19479,.T.);
#19748 = PLANE('',#19749);
#19749 = AXIS2_PLACEMENT_3D('',#19750,#19751,#19752);
#19750 = CARTESIAN_POINT('',(-0.32,-7.94,8.54));
#19751 = DIRECTION('',(0.,0.,1.));
#19752 = DIRECTION('',(1.,0.,-0.));
#19753 = ADVANCED_FACE('',(#19754),#19760,.T.);
#19754 = FACE_BOUND('',#19755,.T.);
#19755 = EDGE_LOOP('',(#19756,#19757,#19758,#19759));
#19756 = ORIENTED_EDGE('',*,*,#19510,.T.);
#19757 = ORIENTED_EDGE('',*,*,#19534,.F.);
#19758 = ORIENTED_EDGE('',*,*,#19558,.F.);
#19759 = ORIENTED_EDGE('',*,*,#19575,.T.);
#19760 = PLANE('',#19761);
#19761 = AXIS2_PLACEMENT_3D('',#19762,#19763,#19764);
#19762 = CARTESIAN_POINT('',(-0.32,-0.32,8.54));
#19763 = DIRECTION('',(0.,0.,1.));
#19764 = DIRECTION('',(1.,0.,-0.));
#19765 = ADVANCED_FACE('',(#19766),#19772,.T.);
#19766 = FACE_BOUND('',#19767,.T.);
#19767 = EDGE_LOOP('',(#19768,#19769,#19770,#19771));
#19768 = ORIENTED_EDGE('',*,*,#19671,.T.);
#19769 = ORIENTED_EDGE('',*,*,#19606,.F.);
#19770 = ORIENTED_EDGE('',*,*,#19630,.F.);
#19771 = ORIENTED_EDGE('',*,*,#19654,.T.);
#19772 = PLANE('',#19773);
#19773 = AXIS2_PLACEMENT_3D('',#19774,#19775,#19776);
#19774 = CARTESIAN_POINT('',(-0.32,-2.86,8.54));
#19775 = DIRECTION('',(0.,0.,1.));
#19776 = DIRECTION('',(1.,0.,-0.));
#19777 = ( GEOMETRIC_REPRESENTATION_CONTEXT(3) 
GLOBAL_UNCERTAINTY_ASSIGNED_CONTEXT((#19781)) 
GLOBAL_UNIT_ASSIGNED_CONTEXT((#19778,#19779,#19780)) 
REPRESENTATION_CONTEXT('Context #1',
  '3D Context with UNIT and UNCERTAINTY') );
#19778 = ( LENGTH_UNIT() NAMED_UNIT(*) SI_UNIT(.MILLI.,.METRE.) );
#19779 = ( NAMED_UNIT(*) PLANE_ANGLE_UNIT() SI_UNIT($,.RADIAN.) );
#19780 = ( NAMED_UNIT(*) SI_UNIT($,.STERADIAN.) SOLID_ANGLE_UNIT() );
#19781 = UNCERTAINTY_MEASURE_WITH_UNIT(LENGTH_MEASURE(1.E-07),#19778,
  'distance_accuracy_value','confusion accuracy');
#19782 = CONTEXT_DEPENDENT_SHAPE_REPRESENTATION(#19783,#19785);
#19783 = ( REPRESENTATION_RELATIONSHIP('','',#16996,#10) 
REPRESENTATION_RELATIONSHIP_WITH_TRANSFORMATION(#19784) 
SHAPE_REPRESENTATION_RELATIONSHIP() );
#19784 = ITEM_DEFINED_TRANSFORMATION('','',#11,#127);
#19785 = PRODUCT_DEFINITION_SHAPE('Placement','Placement of an item',
  #19786);
#19786 = NEXT_ASSEMBLY_USAGE_OCCURRENCE('29','J3','',#5,#16991,$);
#19787 = PRODUCT_RELATED_PRODUCT_CATEGORY('part',$,(#16993));
#19788 = CONTEXT_DEPENDENT_SHAPE_REPRESENTATION(#19789,#19791);
#19789 = ( REPRESENTATION_RELATIONSHIP('','',#6175,#10) 
REPRESENTATION_RELATIONSHIP_WITH_TRANSFORMATION(#19790) 
SHAPE_REPRESENTATION_RELATIONSHIP() );
#19790 = ITEM_DEFINED_TRANSFORMATION('','',#11,#131);
#19791 = PRODUCT_DEFINITION_SHAPE('Placement','Placement of an item',
  #19792);
#19792 = NEXT_ASSEMBLY_USAGE_OCCURRENCE('30','OK8','',#5,#6170,$);
#19793 = CONTEXT_DEPENDENT_SHAPE_REPRESENTATION(#19794,#19796);
#19794 = ( REPRESENTATION_RELATIONSHIP('','',#276,#10) 
REPRESENTATION_RELATIONSHIP_WITH_TRANSFORMATION(#19795) 
SHAPE_REPRESENTATION_RELATIONSHIP() );
#19795 = ITEM_DEFINED_TRANSFORMATION('','',#11,#135);
#19796 = PRODUCT_DEFINITION_SHAPE('Placement','Placement of an item',
  #19797);
#19797 = NEXT_ASSEMBLY_USAGE_OCCURRENCE('31','RP2','',#5,#271,$);
#19798 = CONTEXT_DEPENDENT_SHAPE_REPRESENTATION(#19799,#19801);
#19799 = ( REPRESENTATION_RELATIONSHIP('','',#276,#10) 
REPRESENTATION_RELATIONSHIP_WITH_TRANSFORMATION(#19800) 
SHAPE_REPRESENTATION_RELATIONSHIP() );
#19800 = ITEM_DEFINED_TRANSFORMATION('','',#11,#139);
#19801 = PRODUCT_DEFINITION_SHAPE('Placement','Placement of an item',
  #19802);
#19802 = NEXT_ASSEMBLY_USAGE_OCCURRENCE('32','RP7','',#5,#271,$);
#19803 = CONTEXT_DEPENDENT_SHAPE_REPRESENTATION(#19804,#19806);
#19804 = ( REPRESENTATION_RELATIONSHIP('','',#276,#10) 
REPRESENTATION_RELATIONSHIP_WITH_TRANSFORMATION(#19805) 
SHAPE_REPRESENTATION_RELATIONSHIP() );
#19805 = ITEM_DEFINED_TRANSFORMATION('','',#11,#143);
#19806 = PRODUCT_DEFINITION_SHAPE('Placement','Placement of an item',
  #19807);
#19807 = NEXT_ASSEMBLY_USAGE_OCCURRENCE('33','RP4','',#5,#271,$);
#19808 = CONTEXT_DEPENDENT_SHAPE_REPRESENTATION(#19809,#19811);
#19809 = ( REPRESENTATION_RELATIONSHIP('','',#6175,#10) 
REPRESENTATION_RELATIONSHIP_WITH_TRANSFORMATION(#19810) 
SHAPE_REPRESENTATION_RELATIONSHIP() );
#19810 = ITEM_DEFINED_TRANSFORMATION('','',#11,#147);
#19811 = PRODUCT_DEFINITION_SHAPE('Placement','Placement of an item',
  #19812);
#19812 = NEXT_ASSEMBLY_USAGE_OCCURRENCE('34','OK7','',#5,#6170,$);
#19813 = CONTEXT_DEPENDENT_SHAPE_REPRESENTATION(#19814,#19816);
#19814 = ( REPRESENTATION_RELATIONSHIP('','',#1085,#10) 
REPRESENTATION_RELATIONSHIP_WITH_TRANSFORMATION(#19815) 
SHAPE_REPRESENTATION_RELATIONSHIP() );
#19815 = ITEM_DEFINED_TRANSFORMATION('','',#11,#151);
#19816 = PRODUCT_DEFINITION_SHAPE('Placement','Placement of an item',
  #19817);
#19817 = NEXT_ASSEMBLY_USAGE_OCCURRENCE('35','DL2','',#5,#1080,$);
#19818 = SHAPE_DEFINITION_REPRESENTATION(#19819,#19825);
#19819 = PRODUCT_DEFINITION_SHAPE('','',#19820);
#19820 = PRODUCT_DEFINITION('design','',#19821,#19824);
#19821 = PRODUCT_DEFINITION_FORMATION('','',#19822);
#19822 = PRODUCT('C_0603_1608Metric','C_0603_1608Metric','',(#19823));
#19823 = PRODUCT_CONTEXT('',#2,'mechanical');
#19824 = PRODUCT_DEFINITION_CONTEXT('part definition',#2,'design');
#19825 = ADVANCED_BREP_SHAPE_REPRESENTATION('',(#11,#19826),#20680);
#19826 = MANIFOLD_SOLID_BREP('',#19827);
#19827 = CLOSED_SHELL('',(#19828,#19904,#19935,#19960,#19985,#20009,
    #20033,#20058,#20083,#20100,#20186,#20218,#20242,#20267,#20291,
    #20316,#20340,#20365,#20382,#20468,#20499,#20524,#20549,#20573,
    #20597,#20622,#20647,#20664));
#19828 = ADVANCED_FACE('',(#19829),#19899,.F.);
#19829 = FACE_BOUND('',#19830,.F.);
#19830 = EDGE_LOOP('',(#19831,#19841,#19850,#19858,#19867,#19875,#19884,
    #19892));
#19831 = ORIENTED_EDGE('',*,*,#19832,.F.);
#19832 = EDGE_CURVE('',#19833,#19835,#19837,.T.);
#19833 = VERTEX_POINT('',#19834);
#19834 = CARTESIAN_POINT('',(-0.8,-0.4,3.E-02));
#19835 = VERTEX_POINT('',#19836);
#19836 = CARTESIAN_POINT('',(-0.8,-0.4,0.77));
#19837 = LINE('',#19838,#19839);
#19838 = CARTESIAN_POINT('',(-0.8,-0.4,0.));
#19839 = VECTOR('',#19840,1.);
#19840 = DIRECTION('',(0.,0.,1.));
#19841 = ORIENTED_EDGE('',*,*,#19842,.T.);
#19842 = EDGE_CURVE('',#19833,#19843,#19845,.T.);
#19843 = VERTEX_POINT('',#19844);
#19844 = CARTESIAN_POINT('',(-0.8,-0.37,0.));
#19845 = CIRCLE('',#19846,3.E-02);
#19846 = AXIS2_PLACEMENT_3D('',#19847,#19848,#19849);
#19847 = CARTESIAN_POINT('',(-0.8,-0.37,3.E-02));
#19848 = DIRECTION('',(1.,0.,-0.));
#19849 = DIRECTION('',(0.,0.,1.));
#19850 = ORIENTED_EDGE('',*,*,#19851,.T.);
#19851 = EDGE_CURVE('',#19843,#19852,#19854,.T.);
#19852 = VERTEX_POINT('',#19853);
#19853 = CARTESIAN_POINT('',(-0.8,0.37,0.));
#19854 = LINE('',#19855,#19856);
#19855 = CARTESIAN_POINT('',(-0.8,-0.4,0.));
#19856 = VECTOR('',#19857,1.);
#19857 = DIRECTION('',(0.,1.,0.));
#19858 = ORIENTED_EDGE('',*,*,#19859,.F.);
#19859 = EDGE_CURVE('',#19860,#19852,#19862,.T.);
#19860 = VERTEX_POINT('',#19861);
#19861 = CARTESIAN_POINT('',(-0.8,0.4,3.E-02));
#19862 = CIRCLE('',#19863,3.E-02);
#19863 = AXIS2_PLACEMENT_3D('',#19864,#19865,#19866);
#19864 = CARTESIAN_POINT('',(-0.8,0.37,3.E-02));
#19865 = DIRECTION('',(-1.,0.,0.));
#19866 = DIRECTION('',(0.,0.,1.));
#19867 = ORIENTED_EDGE('',*,*,#19868,.T.);
#19868 = EDGE_CURVE('',#19860,#19869,#19871,.T.);
#19869 = VERTEX_POINT('',#19870);
#19870 = CARTESIAN_POINT('',(-0.8,0.4,0.77));
#19871 = LINE('',#19872,#19873);
#19872 = CARTESIAN_POINT('',(-0.8,0.4,0.));
#19873 = VECTOR('',#19874,1.);
#19874 = DIRECTION('',(0.,0.,1.));
#19875 = ORIENTED_EDGE('',*,*,#19876,.T.);
#19876 = EDGE_CURVE('',#19869,#19877,#19879,.T.);
#19877 = VERTEX_POINT('',#19878);
#19878 = CARTESIAN_POINT('',(-0.8,0.37,0.8));
#19879 = CIRCLE('',#19880,3.E-02);
#19880 = AXIS2_PLACEMENT_3D('',#19881,#19882,#19883);
#19881 = CARTESIAN_POINT('',(-0.8,0.37,0.77));
#19882 = DIRECTION('',(1.,0.,-0.));
#19883 = DIRECTION('',(0.,0.,1.));
#19884 = ORIENTED_EDGE('',*,*,#19885,.F.);
#19885 = EDGE_CURVE('',#19886,#19877,#19888,.T.);
#19886 = VERTEX_POINT('',#19887);
#19887 = CARTESIAN_POINT('',(-0.8,-0.37,0.8));
#19888 = LINE('',#19889,#19890);
#19889 = CARTESIAN_POINT('',(-0.8,-0.4,0.8));
#19890 = VECTOR('',#19891,1.);
#19891 = DIRECTION('',(0.,1.,0.));
#19892 = ORIENTED_EDGE('',*,*,#19893,.F.);
#19893 = EDGE_CURVE('',#19835,#19886,#19894,.T.);
#19894 = CIRCLE('',#19895,3.E-02);
#19895 = AXIS2_PLACEMENT_3D('',#19896,#19897,#19898);
#19896 = CARTESIAN_POINT('',(-0.8,-0.37,0.77));
#19897 = DIRECTION('',(-1.,0.,0.));
#19898 = DIRECTION('',(0.,0.,1.));
#19899 = PLANE('',#19900);
#19900 = AXIS2_PLACEMENT_3D('',#19901,#19902,#19903);
#19901 = CARTESIAN_POINT('',(-0.8,-0.4,0.));
#19902 = DIRECTION('',(1.,0.,0.));
#19903 = DIRECTION('',(0.,0.,1.));
#19904 = ADVANCED_FACE('',(#19905),#19930,.F.);
#19905 = FACE_BOUND('',#19906,.F.);
#19906 = EDGE_LOOP('',(#19907,#19917,#19923,#19924));
#19907 = ORIENTED_EDGE('',*,*,#19908,.F.);
#19908 = EDGE_CURVE('',#19909,#19911,#19913,.T.);
#19909 = VERTEX_POINT('',#19910);
#19910 = CARTESIAN_POINT('',(-0.5,-0.4,3.E-02));
#19911 = VERTEX_POINT('',#19912);
#19912 = CARTESIAN_POINT('',(-0.5,-0.4,0.77));
#19913 = LINE('',#19914,#19915);
#19914 = CARTESIAN_POINT('',(-0.5,-0.4,0.));
#19915 = VECTOR('',#19916,1.);
#19916 = DIRECTION('',(0.,0.,1.));
#19917 = ORIENTED_EDGE('',*,*,#19918,.F.);
#19918 = EDGE_CURVE('',#19833,#19909,#19919,.T.);
#19919 = LINE('',#19920,#19921);
#19920 = CARTESIAN_POINT('',(-0.8,-0.4,3.E-02));
#19921 = VECTOR('',#19922,1.);
#19922 = DIRECTION('',(1.,0.,0.));
#19923 = ORIENTED_EDGE('',*,*,#19832,.T.);
#19924 = ORIENTED_EDGE('',*,*,#19925,.T.);
#19925 = EDGE_CURVE('',#19835,#19911,#19926,.T.);
#19926 = LINE('',#19927,#19928);
#19927 = CARTESIAN_POINT('',(-0.8,-0.4,0.77));
#19928 = VECTOR('',#19929,1.);
#19929 = DIRECTION('',(1.,0.,0.));
#19930 = PLANE('',#19931);
#19931 = AXIS2_PLACEMENT_3D('',#19932,#19933,#19934);
#19932 = CARTESIAN_POINT('',(-0.8,-0.4,0.));
#19933 = DIRECTION('',(0.,1.,0.));
#19934 = DIRECTION('',(0.,-0.,1.));
#19935 = ADVANCED_FACE('',(#19936),#19955,.T.);
#19936 = FACE_BOUND('',#19937,.T.);
#19937 = EDGE_LOOP('',(#19938,#19939,#19947,#19954));
#19938 = ORIENTED_EDGE('',*,*,#19842,.T.);
#19939 = ORIENTED_EDGE('',*,*,#19940,.T.);
#19940 = EDGE_CURVE('',#19843,#19941,#19943,.T.);
#19941 = VERTEX_POINT('',#19942);
#19942 = CARTESIAN_POINT('',(-0.5,-0.37,0.));
#19943 = LINE('',#19944,#19945);
#19944 = CARTESIAN_POINT('',(-0.8,-0.37,0.));
#19945 = VECTOR('',#19946,1.);
#19946 = DIRECTION('',(1.,0.,0.));
#19947 = ORIENTED_EDGE('',*,*,#19948,.F.);
#19948 = EDGE_CURVE('',#19909,#19941,#19949,.T.);
#19949 = CIRCLE('',#19950,3.E-02);
#19950 = AXIS2_PLACEMENT_3D('',#19951,#19952,#19953);
#19951 = CARTESIAN_POINT('',(-0.5,-0.37,3.E-02));
#19952 = DIRECTION('',(1.,0.,-0.));
#19953 = DIRECTION('',(0.,0.,1.));
#19954 = ORIENTED_EDGE('',*,*,#19918,.F.);
#19955 = CYLINDRICAL_SURFACE('',#19956,3.E-02);
#19956 = AXIS2_PLACEMENT_3D('',#19957,#19958,#19959);
#19957 = CARTESIAN_POINT('',(-0.8,-0.37,3.E-02));
#19958 = DIRECTION('',(1.,0.,0.));
#19959 = DIRECTION('',(0.,-1.,0.));
#19960 = ADVANCED_FACE('',(#19961),#19980,.T.);
#19961 = FACE_BOUND('',#19962,.T.);
#19962 = EDGE_LOOP('',(#19963,#19964,#19973,#19979));
#19963 = ORIENTED_EDGE('',*,*,#19925,.T.);
#19964 = ORIENTED_EDGE('',*,*,#19965,.T.);
#19965 = EDGE_CURVE('',#19911,#19966,#19968,.T.);
#19966 = VERTEX_POINT('',#19967);
#19967 = CARTESIAN_POINT('',(-0.5,-0.37,0.8));
#19968 = CIRCLE('',#19969,3.E-02);
#19969 = AXIS2_PLACEMENT_3D('',#19970,#19971,#19972);
#19970 = CARTESIAN_POINT('',(-0.5,-0.37,0.77));
#19971 = DIRECTION('',(-1.,0.,0.));
#19972 = DIRECTION('',(0.,0.,1.));
#19973 = ORIENTED_EDGE('',*,*,#19974,.F.);
#19974 = EDGE_CURVE('',#19886,#19966,#19975,.T.);
#19975 = LINE('',#19976,#19977);
#19976 = CARTESIAN_POINT('',(-0.8,-0.37,0.8));
#19977 = VECTOR('',#19978,1.);
#19978 = DIRECTION('',(1.,0.,0.));
#19979 = ORIENTED_EDGE('',*,*,#19893,.F.);
#19980 = CYLINDRICAL_SURFACE('',#19981,3.E-02);
#19981 = AXIS2_PLACEMENT_3D('',#19982,#19983,#19984);
#19982 = CARTESIAN_POINT('',(-0.8,-0.37,0.77));
#19983 = DIRECTION('',(1.,0.,0.));
#19984 = DIRECTION('',(0.,-1.,0.));
#19985 = ADVANCED_FACE('',(#19986),#20004,.F.);
#19986 = FACE_BOUND('',#19987,.F.);
#19987 = EDGE_LOOP('',(#19988,#19989,#19990,#19998));
#19988 = ORIENTED_EDGE('',*,*,#19851,.F.);
#19989 = ORIENTED_EDGE('',*,*,#19940,.T.);
#19990 = ORIENTED_EDGE('',*,*,#19991,.T.);
#19991 = EDGE_CURVE('',#19941,#19992,#19994,.T.);
#19992 = VERTEX_POINT('',#19993);
#19993 = CARTESIAN_POINT('',(-0.5,0.37,0.));
#19994 = LINE('',#19995,#19996);
#19995 = CARTESIAN_POINT('',(-0.5,-0.4,0.));
#19996 = VECTOR('',#19997,1.);
#19997 = DIRECTION('',(0.,1.,0.));
#19998 = ORIENTED_EDGE('',*,*,#19999,.F.);
#19999 = EDGE_CURVE('',#19852,#19992,#20000,.T.);
#20000 = LINE('',#20001,#20002);
#20001 = CARTESIAN_POINT('',(-0.8,0.37,0.));
#20002 = VECTOR('',#20003,1.);
#20003 = DIRECTION('',(1.,0.,0.));
#20004 = PLANE('',#20005);
#20005 = AXIS2_PLACEMENT_3D('',#20006,#20007,#20008);
#20006 = CARTESIAN_POINT('',(-0.8,-0.4,0.));
#20007 = DIRECTION('',(0.,0.,1.));
#20008 = DIRECTION('',(1.,0.,-0.));
#20009 = ADVANCED_FACE('',(#20010),#20028,.T.);
#20010 = FACE_BOUND('',#20011,.T.);
#20011 = EDGE_LOOP('',(#20012,#20013,#20014,#20022));
#20012 = ORIENTED_EDGE('',*,*,#19885,.F.);
#20013 = ORIENTED_EDGE('',*,*,#19974,.T.);
#20014 = ORIENTED_EDGE('',*,*,#20015,.T.);
#20015 = EDGE_CURVE('',#19966,#20016,#20018,.T.);
#20016 = VERTEX_POINT('',#20017);
#20017 = CARTESIAN_POINT('',(-0.5,0.37,0.8));
#20018 = LINE('',#20019,#20020);
#20019 = CARTESIAN_POINT('',(-0.5,-0.4,0.8));
#20020 = VECTOR('',#20021,1.);
#20021 = DIRECTION('',(0.,1.,0.));
#20022 = ORIENTED_EDGE('',*,*,#20023,.F.);
#20023 = EDGE_CURVE('',#19877,#20016,#20024,.T.);
#20024 = LINE('',#20025,#20026);
#20025 = CARTESIAN_POINT('',(-0.8,0.37,0.8));
#20026 = VECTOR('',#20027,1.);
#20027 = DIRECTION('',(1.,0.,0.));
#20028 = PLANE('',#20029);
#20029 = AXIS2_PLACEMENT_3D('',#20030,#20031,#20032);
#20030 = CARTESIAN_POINT('',(-0.8,-0.4,0.8));
#20031 = DIRECTION('',(0.,0.,1.));
#20032 = DIRECTION('',(1.,0.,-0.));
#20033 = ADVANCED_FACE('',(#20034),#20053,.T.);
#20034 = FACE_BOUND('',#20035,.T.);
#20035 = EDGE_LOOP('',(#20036,#20044,#20051,#20052));
#20036 = ORIENTED_EDGE('',*,*,#20037,.T.);
#20037 = EDGE_CURVE('',#19860,#20038,#20040,.T.);
#20038 = VERTEX_POINT('',#20039);
#20039 = CARTESIAN_POINT('',(-0.5,0.4,3.E-02));
#20040 = LINE('',#20041,#20042);
#20041 = CARTESIAN_POINT('',(-0.8,0.4,3.E-02));
#20042 = VECTOR('',#20043,1.);
#20043 = DIRECTION('',(1.,0.,0.));
#20044 = ORIENTED_EDGE('',*,*,#20045,.T.);
#20045 = EDGE_CURVE('',#20038,#19992,#20046,.T.);
#20046 = CIRCLE('',#20047,3.E-02);
#20047 = AXIS2_PLACEMENT_3D('',#20048,#20049,#20050);
#20048 = CARTESIAN_POINT('',(-0.5,0.37,3.E-02));
#20049 = DIRECTION('',(-1.,0.,0.));
#20050 = DIRECTION('',(0.,0.,1.));
#20051 = ORIENTED_EDGE('',*,*,#19999,.F.);
#20052 = ORIENTED_EDGE('',*,*,#19859,.F.);
#20053 = CYLINDRICAL_SURFACE('',#20054,3.E-02);
#20054 = AXIS2_PLACEMENT_3D('',#20055,#20056,#20057);
#20055 = CARTESIAN_POINT('',(-0.8,0.37,3.E-02));
#20056 = DIRECTION('',(1.,0.,0.));
#20057 = DIRECTION('',(-0.,1.,0.));
#20058 = ADVANCED_FACE('',(#20059),#20078,.T.);
#20059 = FACE_BOUND('',#20060,.T.);
#20060 = EDGE_LOOP('',(#20061,#20062,#20063,#20072));
#20061 = ORIENTED_EDGE('',*,*,#19876,.T.);
#20062 = ORIENTED_EDGE('',*,*,#20023,.T.);
#20063 = ORIENTED_EDGE('',*,*,#20064,.F.);
#20064 = EDGE_CURVE('',#20065,#20016,#20067,.T.);
#20065 = VERTEX_POINT('',#20066);
#20066 = CARTESIAN_POINT('',(-0.5,0.4,0.77));
#20067 = CIRCLE('',#20068,3.E-02);
#20068 = AXIS2_PLACEMENT_3D('',#20069,#20070,#20071);
#20069 = CARTESIAN_POINT('',(-0.5,0.37,0.77));
#20070 = DIRECTION('',(1.,0.,-0.));
#20071 = DIRECTION('',(0.,0.,1.));
#20072 = ORIENTED_EDGE('',*,*,#20073,.F.);
#20073 = EDGE_CURVE('',#19869,#20065,#20074,.T.);
#20074 = LINE('',#20075,#20076);
#20075 = CARTESIAN_POINT('',(-0.8,0.4,0.77));
#20076 = VECTOR('',#20077,1.);
#20077 = DIRECTION('',(1.,0.,0.));
#20078 = CYLINDRICAL_SURFACE('',#20079,3.E-02);
#20079 = AXIS2_PLACEMENT_3D('',#20080,#20081,#20082);
#20080 = CARTESIAN_POINT('',(-0.8,0.37,0.77));
#20081 = DIRECTION('',(1.,0.,0.));
#20082 = DIRECTION('',(-0.,1.,0.));
#20083 = ADVANCED_FACE('',(#20084),#20095,.T.);
#20084 = FACE_BOUND('',#20085,.T.);
#20085 = EDGE_LOOP('',(#20086,#20092,#20093,#20094));
#20086 = ORIENTED_EDGE('',*,*,#20087,.F.);
#20087 = EDGE_CURVE('',#20038,#20065,#20088,.T.);
#20088 = LINE('',#20089,#20090);
#20089 = CARTESIAN_POINT('',(-0.5,0.4,0.));
#20090 = VECTOR('',#20091,1.);
#20091 = DIRECTION('',(0.,0.,1.));
#20092 = ORIENTED_EDGE('',*,*,#20037,.F.);
#20093 = ORIENTED_EDGE('',*,*,#19868,.T.);
#20094 = ORIENTED_EDGE('',*,*,#20073,.T.);
#20095 = PLANE('',#20096);
#20096 = AXIS2_PLACEMENT_3D('',#20097,#20098,#20099);
#20097 = CARTESIAN_POINT('',(-0.8,0.4,0.));
#20098 = DIRECTION('',(0.,1.,0.));
#20099 = DIRECTION('',(0.,-0.,1.));
#20100 = ADVANCED_FACE('',(#20101,#20111),#20181,.T.);
#20101 = FACE_BOUND('',#20102,.T.);
#20102 = EDGE_LOOP('',(#20103,#20104,#20105,#20106,#20107,#20108,#20109,
    #20110));
#20103 = ORIENTED_EDGE('',*,*,#19908,.F.);
#20104 = ORIENTED_EDGE('',*,*,#19948,.T.);
#20105 = ORIENTED_EDGE('',*,*,#19991,.T.);
#20106 = ORIENTED_EDGE('',*,*,#20045,.F.);
#20107 = ORIENTED_EDGE('',*,*,#20087,.T.);
#20108 = ORIENTED_EDGE('',*,*,#20064,.T.);
#20109 = ORIENTED_EDGE('',*,*,#20015,.F.);
#20110 = ORIENTED_EDGE('',*,*,#19965,.F.);
#20111 = FACE_BOUND('',#20112,.T.);
#20112 = EDGE_LOOP('',(#20113,#20124,#20132,#20141,#20149,#20158,#20166,
    #20175));
#20113 = ORIENTED_EDGE('',*,*,#20114,.F.);
#20114 = EDGE_CURVE('',#20115,#20117,#20119,.T.);
#20115 = VERTEX_POINT('',#20116);
#20116 = CARTESIAN_POINT('',(-0.5,-0.37,6.E-02));
#20117 = VERTEX_POINT('',#20118);
#20118 = CARTESIAN_POINT('',(-0.5,-0.34,3.E-02));
#20119 = CIRCLE('',#20120,3.E-02);
#20120 = AXIS2_PLACEMENT_3D('',#20121,#20122,#20123);
#20121 = CARTESIAN_POINT('',(-0.5,-0.34,6.E-02));
#20122 = DIRECTION('',(1.,0.,-0.));
#20123 = DIRECTION('',(0.,0.,1.));
#20124 = ORIENTED_EDGE('',*,*,#20125,.T.);
#20125 = EDGE_CURVE('',#20115,#20126,#20128,.T.);
#20126 = VERTEX_POINT('',#20127);
#20127 = CARTESIAN_POINT('',(-0.5,-0.37,0.74));
#20128 = LINE('',#20129,#20130);
#20129 = CARTESIAN_POINT('',(-0.5,-0.37,3.E-02));
#20130 = VECTOR('',#20131,1.);
#20131 = DIRECTION('',(0.,0.,1.));
#20132 = ORIENTED_EDGE('',*,*,#20133,.T.);
#20133 = EDGE_CURVE('',#20126,#20134,#20136,.T.);
#20134 = VERTEX_POINT('',#20135);
#20135 = CARTESIAN_POINT('',(-0.5,-0.34,0.77));
#20136 = CIRCLE('',#20137,3.E-02);
#20137 = AXIS2_PLACEMENT_3D('',#20138,#20139,#20140);
#20138 = CARTESIAN_POINT('',(-0.5,-0.34,0.74));
#20139 = DIRECTION('',(-1.,0.,0.));
#20140 = DIRECTION('',(0.,0.,1.));
#20141 = ORIENTED_EDGE('',*,*,#20142,.T.);
#20142 = EDGE_CURVE('',#20134,#20143,#20145,.T.);
#20143 = VERTEX_POINT('',#20144);
#20144 = CARTESIAN_POINT('',(-0.5,0.34,0.77));
#20145 = LINE('',#20146,#20147);
#20146 = CARTESIAN_POINT('',(-0.5,-0.37,0.77));
#20147 = VECTOR('',#20148,1.);
#20148 = DIRECTION('',(0.,1.,0.));
#20149 = ORIENTED_EDGE('',*,*,#20150,.F.);
#20150 = EDGE_CURVE('',#20151,#20143,#20153,.T.);
#20151 = VERTEX_POINT('',#20152);
#20152 = CARTESIAN_POINT('',(-0.5,0.37,0.74));
#20153 = CIRCLE('',#20154,3.E-02);
#20154 = AXIS2_PLACEMENT_3D('',#20155,#20156,#20157);
#20155 = CARTESIAN_POINT('',(-0.5,0.34,0.74));
#20156 = DIRECTION('',(1.,0.,-0.));
#20157 = DIRECTION('',(0.,0.,1.));
#20158 = ORIENTED_EDGE('',*,*,#20159,.F.);
#20159 = EDGE_CURVE('',#20160,#20151,#20162,.T.);
#20160 = VERTEX_POINT('',#20161);
#20161 = CARTESIAN_POINT('',(-0.5,0.37,6.E-02));
#20162 = LINE('',#20163,#20164);
#20163 = CARTESIAN_POINT('',(-0.5,0.37,3.E-02));
#20164 = VECTOR('',#20165,1.);
#20165 = DIRECTION('',(0.,0.,1.));
#20166 = ORIENTED_EDGE('',*,*,#20167,.T.);
#20167 = EDGE_CURVE('',#20160,#20168,#20170,.T.);
#20168 = VERTEX_POINT('',#20169);
#20169 = CARTESIAN_POINT('',(-0.5,0.34,3.E-02));
#20170 = CIRCLE('',#20171,3.E-02);
#20171 = AXIS2_PLACEMENT_3D('',#20172,#20173,#20174);
#20172 = CARTESIAN_POINT('',(-0.5,0.34,6.E-02));
#20173 = DIRECTION('',(-1.,0.,0.));
#20174 = DIRECTION('',(0.,0.,1.));
#20175 = ORIENTED_EDGE('',*,*,#20176,.F.);
#20176 = EDGE_CURVE('',#20117,#20168,#20177,.T.);
#20177 = LINE('',#20178,#20179);
#20178 = CARTESIAN_POINT('',(-0.5,-0.37,3.E-02));
#20179 = VECTOR('',#20180,1.);
#20180 = DIRECTION('',(0.,1.,0.));
#20181 = PLANE('',#20182);
#20182 = AXIS2_PLACEMENT_3D('',#20183,#20184,#20185);
#20183 = CARTESIAN_POINT('',(-0.5,-0.4,0.));
#20184 = DIRECTION('',(1.,0.,0.));
#20185 = DIRECTION('',(0.,0.,1.));
#20186 = ADVANCED_FACE('',(#20187),#20213,.T.);
#20187 = FACE_BOUND('',#20188,.T.);
#20188 = EDGE_LOOP('',(#20189,#20190,#20198,#20207));
#20189 = ORIENTED_EDGE('',*,*,#20114,.T.);
#20190 = ORIENTED_EDGE('',*,*,#20191,.T.);
#20191 = EDGE_CURVE('',#20117,#20192,#20194,.T.);
#20192 = VERTEX_POINT('',#20193);
#20193 = CARTESIAN_POINT('',(0.5,-0.34,3.E-02));
#20194 = LINE('',#20195,#20196);
#20195 = CARTESIAN_POINT('',(-0.5,-0.34,3.E-02));
#20196 = VECTOR('',#20197,1.);
#20197 = DIRECTION('',(1.,0.,0.));
#20198 = ORIENTED_EDGE('',*,*,#20199,.F.);
#20199 = EDGE_CURVE('',#20200,#20192,#20202,.T.);
#20200 = VERTEX_POINT('',#20201);
#20201 = CARTESIAN_POINT('',(0.5,-0.37,6.E-02));
#20202 = CIRCLE('',#20203,3.E-02);
#20203 = AXIS2_PLACEMENT_3D('',#20204,#20205,#20206);
#20204 = CARTESIAN_POINT('',(0.5,-0.34,6.E-02));
#20205 = DIRECTION('',(1.,0.,-0.));
#20206 = DIRECTION('',(0.,0.,1.));
#20207 = ORIENTED_EDGE('',*,*,#20208,.F.);
#20208 = EDGE_CURVE('',#20115,#20200,#20209,.T.);
#20209 = LINE('',#20210,#20211);
#20210 = CARTESIAN_POINT('',(-0.5,-0.37,6.E-02));
#20211 = VECTOR('',#20212,1.);
#20212 = DIRECTION('',(1.,0.,0.));
#20213 = CYLINDRICAL_SURFACE('',#20214,3.E-02);
#20214 = AXIS2_PLACEMENT_3D('',#20215,#20216,#20217);
#20215 = CARTESIAN_POINT('',(-0.5,-0.34,6.E-02));
#20216 = DIRECTION('',(1.,0.,0.));
#20217 = DIRECTION('',(0.,-1.,0.));
#20218 = ADVANCED_FACE('',(#20219),#20237,.F.);
#20219 = FACE_BOUND('',#20220,.F.);
#20220 = EDGE_LOOP('',(#20221,#20222,#20223,#20231));
#20221 = ORIENTED_EDGE('',*,*,#20176,.F.);
#20222 = ORIENTED_EDGE('',*,*,#20191,.T.);
#20223 = ORIENTED_EDGE('',*,*,#20224,.T.);
#20224 = EDGE_CURVE('',#20192,#20225,#20227,.T.);
#20225 = VERTEX_POINT('',#20226);
#20226 = CARTESIAN_POINT('',(0.5,0.34,3.E-02));
#20227 = LINE('',#20228,#20229);
#20228 = CARTESIAN_POINT('',(0.5,-0.37,3.E-02));
#20229 = VECTOR('',#20230,1.);
#20230 = DIRECTION('',(0.,1.,0.));
#20231 = ORIENTED_EDGE('',*,*,#20232,.F.);
#20232 = EDGE_CURVE('',#20168,#20225,#20233,.T.);
#20233 = LINE('',#20234,#20235);
#20234 = CARTESIAN_POINT('',(-0.5,0.34,3.E-02));
#20235 = VECTOR('',#20236,1.);
#20236 = DIRECTION('',(1.,0.,0.));
#20237 = PLANE('',#20238);
#20238 = AXIS2_PLACEMENT_3D('',#20239,#20240,#20241);
#20239 = CARTESIAN_POINT('',(-0.5,-0.37,3.E-02));
#20240 = DIRECTION('',(0.,0.,1.));
#20241 = DIRECTION('',(1.,0.,-0.));
#20242 = ADVANCED_FACE('',(#20243),#20262,.T.);
#20243 = FACE_BOUND('',#20244,.T.);
#20244 = EDGE_LOOP('',(#20245,#20253,#20260,#20261));
#20245 = ORIENTED_EDGE('',*,*,#20246,.T.);
#20246 = EDGE_CURVE('',#20160,#20247,#20249,.T.);
#20247 = VERTEX_POINT('',#20248);
#20248 = CARTESIAN_POINT('',(0.5,0.37,6.E-02));
#20249 = LINE('',#20250,#20251);
#20250 = CARTESIAN_POINT('',(-0.5,0.37,6.E-02));
#20251 = VECTOR('',#20252,1.);
#20252 = DIRECTION('',(1.,0.,0.));
#20253 = ORIENTED_EDGE('',*,*,#20254,.T.);
#20254 = EDGE_CURVE('',#20247,#20225,#20255,.T.);
#20255 = CIRCLE('',#20256,3.E-02);
#20256 = AXIS2_PLACEMENT_3D('',#20257,#20258,#20259);
#20257 = CARTESIAN_POINT('',(0.5,0.34,6.E-02));
#20258 = DIRECTION('',(-1.,0.,0.));
#20259 = DIRECTION('',(0.,0.,1.));
#20260 = ORIENTED_EDGE('',*,*,#20232,.F.);
#20261 = ORIENTED_EDGE('',*,*,#20167,.F.);
#20262 = CYLINDRICAL_SURFACE('',#20263,3.E-02);
#20263 = AXIS2_PLACEMENT_3D('',#20264,#20265,#20266);
#20264 = CARTESIAN_POINT('',(-0.5,0.34,6.E-02));
#20265 = DIRECTION('',(1.,0.,0.));
#20266 = DIRECTION('',(-0.,1.,0.));
#20267 = ADVANCED_FACE('',(#20268),#20286,.T.);
#20268 = FACE_BOUND('',#20269,.T.);
#20269 = EDGE_LOOP('',(#20270,#20278,#20279,#20280));
#20270 = ORIENTED_EDGE('',*,*,#20271,.F.);
#20271 = EDGE_CURVE('',#20247,#20272,#20274,.T.);
#20272 = VERTEX_POINT('',#20273);
#20273 = CARTESIAN_POINT('',(0.5,0.37,0.74));
#20274 = LINE('',#20275,#20276);
#20275 = CARTESIAN_POINT('',(0.5,0.37,3.E-02));
#20276 = VECTOR('',#20277,1.);
#20277 = DIRECTION('',(0.,0.,1.));
#20278 = ORIENTED_EDGE('',*,*,#20246,.F.);
#20279 = ORIENTED_EDGE('',*,*,#20159,.T.);
#20280 = ORIENTED_EDGE('',*,*,#20281,.T.);
#20281 = EDGE_CURVE('',#20151,#20272,#20282,.T.);
#20282 = LINE('',#20283,#20284);
#20283 = CARTESIAN_POINT('',(-0.5,0.37,0.74));
#20284 = VECTOR('',#20285,1.);
#20285 = DIRECTION('',(1.,0.,0.));
#20286 = PLANE('',#20287);
#20287 = AXIS2_PLACEMENT_3D('',#20288,#20289,#20290);
#20288 = CARTESIAN_POINT('',(-0.5,0.37,3.E-02));
#20289 = DIRECTION('',(0.,1.,0.));
#20290 = DIRECTION('',(0.,-0.,1.));
#20291 = ADVANCED_FACE('',(#20292),#20311,.T.);
#20292 = FACE_BOUND('',#20293,.T.);
#20293 = EDGE_LOOP('',(#20294,#20295,#20303,#20310));
#20294 = ORIENTED_EDGE('',*,*,#20150,.T.);
#20295 = ORIENTED_EDGE('',*,*,#20296,.T.);
#20296 = EDGE_CURVE('',#20143,#20297,#20299,.T.);
#20297 = VERTEX_POINT('',#20298);
#20298 = CARTESIAN_POINT('',(0.5,0.34,0.77));
#20299 = LINE('',#20300,#20301);
#20300 = CARTESIAN_POINT('',(-0.5,0.34,0.77));
#20301 = VECTOR('',#20302,1.);
#20302 = DIRECTION('',(1.,0.,0.));
#20303 = ORIENTED_EDGE('',*,*,#20304,.F.);
#20304 = EDGE_CURVE('',#20272,#20297,#20305,.T.);
#20305 = CIRCLE('',#20306,3.E-02);
#20306 = AXIS2_PLACEMENT_3D('',#20307,#20308,#20309);
#20307 = CARTESIAN_POINT('',(0.5,0.34,0.74));
#20308 = DIRECTION('',(1.,0.,-0.));
#20309 = DIRECTION('',(0.,0.,1.));
#20310 = ORIENTED_EDGE('',*,*,#20281,.F.);
#20311 = CYLINDRICAL_SURFACE('',#20312,3.E-02);
#20312 = AXIS2_PLACEMENT_3D('',#20313,#20314,#20315);
#20313 = CARTESIAN_POINT('',(-0.5,0.34,0.74));
#20314 = DIRECTION('',(1.,0.,0.));
#20315 = DIRECTION('',(-0.,1.,0.));
#20316 = ADVANCED_FACE('',(#20317),#20335,.T.);
#20317 = FACE_BOUND('',#20318,.T.);
#20318 = EDGE_LOOP('',(#20319,#20320,#20328,#20334));
#20319 = ORIENTED_EDGE('',*,*,#20142,.F.);
#20320 = ORIENTED_EDGE('',*,*,#20321,.T.);
#20321 = EDGE_CURVE('',#20134,#20322,#20324,.T.);
#20322 = VERTEX_POINT('',#20323);
#20323 = CARTESIAN_POINT('',(0.5,-0.34,0.77));
#20324 = LINE('',#20325,#20326);
#20325 = CARTESIAN_POINT('',(-0.5,-0.34,0.77));
#20326 = VECTOR('',#20327,1.);
#20327 = DIRECTION('',(1.,0.,0.));
#20328 = ORIENTED_EDGE('',*,*,#20329,.T.);
#20329 = EDGE_CURVE('',#20322,#20297,#20330,.T.);
#20330 = LINE('',#20331,#20332);
#20331 = CARTESIAN_POINT('',(0.5,-0.37,0.77));
#20332 = VECTOR('',#20333,1.);
#20333 = DIRECTION('',(0.,1.,0.));
#20334 = ORIENTED_EDGE('',*,*,#20296,.F.);
#20335 = PLANE('',#20336);
#20336 = AXIS2_PLACEMENT_3D('',#20337,#20338,#20339);
#20337 = CARTESIAN_POINT('',(-0.5,-0.37,0.77));
#20338 = DIRECTION('',(0.,0.,1.));
#20339 = DIRECTION('',(1.,0.,-0.));
#20340 = ADVANCED_FACE('',(#20341),#20360,.T.);
#20341 = FACE_BOUND('',#20342,.T.);
#20342 = EDGE_LOOP('',(#20343,#20351,#20358,#20359));
#20343 = ORIENTED_EDGE('',*,*,#20344,.T.);
#20344 = EDGE_CURVE('',#20126,#20345,#20347,.T.);
#20345 = VERTEX_POINT('',#20346);
#20346 = CARTESIAN_POINT('',(0.5,-0.37,0.74));
#20347 = LINE('',#20348,#20349);
#20348 = CARTESIAN_POINT('',(-0.5,-0.37,0.74));
#20349 = VECTOR('',#20350,1.);
#20350 = DIRECTION('',(1.,0.,0.));
#20351 = ORIENTED_EDGE('',*,*,#20352,.T.);
#20352 = EDGE_CURVE('',#20345,#20322,#20353,.T.);
#20353 = CIRCLE('',#20354,3.E-02);
#20354 = AXIS2_PLACEMENT_3D('',#20355,#20356,#20357);
#20355 = CARTESIAN_POINT('',(0.5,-0.34,0.74));
#20356 = DIRECTION('',(-1.,0.,0.));
#20357 = DIRECTION('',(0.,0.,1.));
#20358 = ORIENTED_EDGE('',*,*,#20321,.F.);
#20359 = ORIENTED_EDGE('',*,*,#20133,.F.);
#20360 = CYLINDRICAL_SURFACE('',#20361,3.E-02);
#20361 = AXIS2_PLACEMENT_3D('',#20362,#20363,#20364);
#20362 = CARTESIAN_POINT('',(-0.5,-0.34,0.74));
#20363 = DIRECTION('',(1.,0.,0.));
#20364 = DIRECTION('',(0.,-1.,0.));
#20365 = ADVANCED_FACE('',(#20366),#20377,.F.);
#20366 = FACE_BOUND('',#20367,.F.);
#20367 = EDGE_LOOP('',(#20368,#20374,#20375,#20376));
#20368 = ORIENTED_EDGE('',*,*,#20369,.F.);
#20369 = EDGE_CURVE('',#20200,#20345,#20370,.T.);
#20370 = LINE('',#20371,#20372);
#20371 = CARTESIAN_POINT('',(0.5,-0.37,3.E-02));
#20372 = VECTOR('',#20373,1.);
#20373 = DIRECTION('',(0.,0.,1.));
#20374 = ORIENTED_EDGE('',*,*,#20208,.F.);
#20375 = ORIENTED_EDGE('',*,*,#20125,.T.);
#20376 = ORIENTED_EDGE('',*,*,#20344,.T.);
#20377 = PLANE('',#20378);
#20378 = AXIS2_PLACEMENT_3D('',#20379,#20380,#20381);
#20379 = CARTESIAN_POINT('',(-0.5,-0.37,3.E-02));
#20380 = DIRECTION('',(0.,1.,0.));
#20381 = DIRECTION('',(0.,-0.,1.));
#20382 = ADVANCED_FACE('',(#20383,#20453),#20463,.F.);
#20383 = FACE_BOUND('',#20384,.F.);
#20384 = EDGE_LOOP('',(#20385,#20395,#20404,#20412,#20421,#20429,#20438,
    #20446));
#20385 = ORIENTED_EDGE('',*,*,#20386,.F.);
#20386 = EDGE_CURVE('',#20387,#20389,#20391,.T.);
#20387 = VERTEX_POINT('',#20388);
#20388 = CARTESIAN_POINT('',(0.5,-0.4,3.E-02));
#20389 = VERTEX_POINT('',#20390);
#20390 = CARTESIAN_POINT('',(0.5,-0.4,0.77));
#20391 = LINE('',#20392,#20393);
#20392 = CARTESIAN_POINT('',(0.5,-0.4,0.));
#20393 = VECTOR('',#20394,1.);
#20394 = DIRECTION('',(0.,0.,1.));
#20395 = ORIENTED_EDGE('',*,*,#20396,.T.);
#20396 = EDGE_CURVE('',#20387,#20397,#20399,.T.);
#20397 = VERTEX_POINT('',#20398);
#20398 = CARTESIAN_POINT('',(0.5,-0.37,0.));
#20399 = CIRCLE('',#20400,3.E-02);
#20400 = AXIS2_PLACEMENT_3D('',#20401,#20402,#20403);
#20401 = CARTESIAN_POINT('',(0.5,-0.37,3.E-02));
#20402 = DIRECTION('',(1.,0.,-0.));
#20403 = DIRECTION('',(0.,0.,1.));
#20404 = ORIENTED_EDGE('',*,*,#20405,.T.);
#20405 = EDGE_CURVE('',#20397,#20406,#20408,.T.);
#20406 = VERTEX_POINT('',#20407);
#20407 = CARTESIAN_POINT('',(0.5,0.37,0.));
#20408 = LINE('',#20409,#20410);
#20409 = CARTESIAN_POINT('',(0.5,-0.4,0.));
#20410 = VECTOR('',#20411,1.);
#20411 = DIRECTION('',(0.,1.,0.));
#20412 = ORIENTED_EDGE('',*,*,#20413,.F.);
#20413 = EDGE_CURVE('',#20414,#20406,#20416,.T.);
#20414 = VERTEX_POINT('',#20415);
#20415 = CARTESIAN_POINT('',(0.5,0.4,3.E-02));
#20416 = CIRCLE('',#20417,3.E-02);
#20417 = AXIS2_PLACEMENT_3D('',#20418,#20419,#20420);
#20418 = CARTESIAN_POINT('',(0.5,0.37,3.E-02));
#20419 = DIRECTION('',(-1.,0.,0.));
#20420 = DIRECTION('',(0.,0.,1.));
#20421 = ORIENTED_EDGE('',*,*,#20422,.T.);
#20422 = EDGE_CURVE('',#20414,#20423,#20425,.T.);
#20423 = VERTEX_POINT('',#20424);
#20424 = CARTESIAN_POINT('',(0.5,0.4,0.77));
#20425 = LINE('',#20426,#20427);
#20426 = CARTESIAN_POINT('',(0.5,0.4,0.));
#20427 = VECTOR('',#20428,1.);
#20428 = DIRECTION('',(0.,0.,1.));
#20429 = ORIENTED_EDGE('',*,*,#20430,.T.);
#20430 = EDGE_CURVE('',#20423,#20431,#20433,.T.);
#20431 = VERTEX_POINT('',#20432);
#20432 = CARTESIAN_POINT('',(0.5,0.37,0.8));
#20433 = CIRCLE('',#20434,3.E-02);
#20434 = AXIS2_PLACEMENT_3D('',#20435,#20436,#20437);
#20435 = CARTESIAN_POINT('',(0.5,0.37,0.77));
#20436 = DIRECTION('',(1.,0.,-0.));
#20437 = DIRECTION('',(0.,0.,1.));
#20438 = ORIENTED_EDGE('',*,*,#20439,.F.);
#20439 = EDGE_CURVE('',#20440,#20431,#20442,.T.);
#20440 = VERTEX_POINT('',#20441);
#20441 = CARTESIAN_POINT('',(0.5,-0.37,0.8));
#20442 = LINE('',#20443,#20444);
#20443 = CARTESIAN_POINT('',(0.5,-0.4,0.8));
#20444 = VECTOR('',#20445,1.);
#20445 = DIRECTION('',(0.,1.,0.));
#20446 = ORIENTED_EDGE('',*,*,#20447,.F.);
#20447 = EDGE_CURVE('',#20389,#20440,#20448,.T.);
#20448 = CIRCLE('',#20449,3.E-02);
#20449 = AXIS2_PLACEMENT_3D('',#20450,#20451,#20452);
#20450 = CARTESIAN_POINT('',(0.5,-0.37,0.77));
#20451 = DIRECTION('',(-1.,0.,0.));
#20452 = DIRECTION('',(0.,0.,1.));
#20453 = FACE_BOUND('',#20454,.F.);
#20454 = EDGE_LOOP('',(#20455,#20456,#20457,#20458,#20459,#20460,#20461,
    #20462));
#20455 = ORIENTED_EDGE('',*,*,#20199,.F.);
#20456 = ORIENTED_EDGE('',*,*,#20369,.T.);
#20457 = ORIENTED_EDGE('',*,*,#20352,.T.);
#20458 = ORIENTED_EDGE('',*,*,#20329,.T.);
#20459 = ORIENTED_EDGE('',*,*,#20304,.F.);
#20460 = ORIENTED_EDGE('',*,*,#20271,.F.);
#20461 = ORIENTED_EDGE('',*,*,#20254,.T.);
#20462 = ORIENTED_EDGE('',*,*,#20224,.F.);
#20463 = PLANE('',#20464);
#20464 = AXIS2_PLACEMENT_3D('',#20465,#20466,#20467);
#20465 = CARTESIAN_POINT('',(0.5,-0.4,0.));
#20466 = DIRECTION('',(1.,0.,0.));
#20467 = DIRECTION('',(0.,0.,1.));
#20468 = ADVANCED_FACE('',(#20469),#20494,.F.);
#20469 = FACE_BOUND('',#20470,.F.);
#20470 = EDGE_LOOP('',(#20471,#20481,#20487,#20488));
#20471 = ORIENTED_EDGE('',*,*,#20472,.F.);
#20472 = EDGE_CURVE('',#20473,#20475,#20477,.T.);
#20473 = VERTEX_POINT('',#20474);
#20474 = CARTESIAN_POINT('',(0.8,-0.4,3.E-02));
#20475 = VERTEX_POINT('',#20476);
#20476 = CARTESIAN_POINT('',(0.8,-0.4,0.77));
#20477 = LINE('',#20478,#20479);
#20478 = CARTESIAN_POINT('',(0.8,-0.4,0.));
#20479 = VECTOR('',#20480,1.);
#20480 = DIRECTION('',(0.,0.,1.));
#20481 = ORIENTED_EDGE('',*,*,#20482,.F.);
#20482 = EDGE_CURVE('',#20387,#20473,#20483,.T.);
#20483 = LINE('',#20484,#20485);
#20484 = CARTESIAN_POINT('',(0.5,-0.4,3.E-02));
#20485 = VECTOR('',#20486,1.);
#20486 = DIRECTION('',(1.,0.,0.));
#20487 = ORIENTED_EDGE('',*,*,#20386,.T.);
#20488 = ORIENTED_EDGE('',*,*,#20489,.T.);
#20489 = EDGE_CURVE('',#20389,#20475,#20490,.T.);
#20490 = LINE('',#20491,#20492);
#20491 = CARTESIAN_POINT('',(0.5,-0.4,0.77));
#20492 = VECTOR('',#20493,1.);
#20493 = DIRECTION('',(1.,0.,0.));
#20494 = PLANE('',#20495);
#20495 = AXIS2_PLACEMENT_3D('',#20496,#20497,#20498);
#20496 = CARTESIAN_POINT('',(0.5,-0.4,0.));
#20497 = DIRECTION('',(0.,1.,0.));
#20498 = DIRECTION('',(0.,-0.,1.));
#20499 = ADVANCED_FACE('',(#20500),#20519,.T.);
#20500 = FACE_BOUND('',#20501,.T.);
#20501 = EDGE_LOOP('',(#20502,#20503,#20511,#20518));
#20502 = ORIENTED_EDGE('',*,*,#20396,.T.);
#20503 = ORIENTED_EDGE('',*,*,#20504,.T.);
#20504 = EDGE_CURVE('',#20397,#20505,#20507,.T.);
#20505 = VERTEX_POINT('',#20506);
#20506 = CARTESIAN_POINT('',(0.8,-0.37,0.));
#20507 = LINE('',#20508,#20509);
#20508 = CARTESIAN_POINT('',(0.5,-0.37,0.));
#20509 = VECTOR('',#20510,1.);
#20510 = DIRECTION('',(1.,0.,0.));
#20511 = ORIENTED_EDGE('',*,*,#20512,.F.);
#20512 = EDGE_CURVE('',#20473,#20505,#20513,.T.);
#20513 = CIRCLE('',#20514,3.E-02);
#20514 = AXIS2_PLACEMENT_3D('',#20515,#20516,#20517);
#20515 = CARTESIAN_POINT('',(0.8,-0.37,3.E-02));
#20516 = DIRECTION('',(1.,0.,-0.));
#20517 = DIRECTION('',(0.,0.,1.));
#20518 = ORIENTED_EDGE('',*,*,#20482,.F.);
#20519 = CYLINDRICAL_SURFACE('',#20520,3.E-02);
#20520 = AXIS2_PLACEMENT_3D('',#20521,#20522,#20523);
#20521 = CARTESIAN_POINT('',(0.5,-0.37,3.E-02));
#20522 = DIRECTION('',(1.,0.,0.));
#20523 = DIRECTION('',(0.,-1.,0.));
#20524 = ADVANCED_FACE('',(#20525),#20544,.T.);
#20525 = FACE_BOUND('',#20526,.T.);
#20526 = EDGE_LOOP('',(#20527,#20528,#20537,#20543));
#20527 = ORIENTED_EDGE('',*,*,#20489,.T.);
#20528 = ORIENTED_EDGE('',*,*,#20529,.T.);
#20529 = EDGE_CURVE('',#20475,#20530,#20532,.T.);
#20530 = VERTEX_POINT('',#20531);
#20531 = CARTESIAN_POINT('',(0.8,-0.37,0.8));
#20532 = CIRCLE('',#20533,3.E-02);
#20533 = AXIS2_PLACEMENT_3D('',#20534,#20535,#20536);
#20534 = CARTESIAN_POINT('',(0.8,-0.37,0.77));
#20535 = DIRECTION('',(-1.,0.,0.));
#20536 = DIRECTION('',(0.,0.,1.));
#20537 = ORIENTED_EDGE('',*,*,#20538,.F.);
#20538 = EDGE_CURVE('',#20440,#20530,#20539,.T.);
#20539 = LINE('',#20540,#20541);
#20540 = CARTESIAN_POINT('',(0.5,-0.37,0.8));
#20541 = VECTOR('',#20542,1.);
#20542 = DIRECTION('',(1.,0.,0.));
#20543 = ORIENTED_EDGE('',*,*,#20447,.F.);
#20544 = CYLINDRICAL_SURFACE('',#20545,3.E-02);
#20545 = AXIS2_PLACEMENT_3D('',#20546,#20547,#20548);
#20546 = CARTESIAN_POINT('',(0.5,-0.37,0.77));
#20547 = DIRECTION('',(1.,0.,0.));
#20548 = DIRECTION('',(0.,-1.,0.));
#20549 = ADVANCED_FACE('',(#20550),#20568,.F.);
#20550 = FACE_BOUND('',#20551,.F.);
#20551 = EDGE_LOOP('',(#20552,#20553,#20554,#20562));
#20552 = ORIENTED_EDGE('',*,*,#20405,.F.);
#20553 = ORIENTED_EDGE('',*,*,#20504,.T.);
#20554 = ORIENTED_EDGE('',*,*,#20555,.T.);
#20555 = EDGE_CURVE('',#20505,#20556,#20558,.T.);
#20556 = VERTEX_POINT('',#20557);
#20557 = CARTESIAN_POINT('',(0.8,0.37,0.));
#20558 = LINE('',#20559,#20560);
#20559 = CARTESIAN_POINT('',(0.8,-0.4,0.));
#20560 = VECTOR('',#20561,1.);
#20561 = DIRECTION('',(0.,1.,0.));
#20562 = ORIENTED_EDGE('',*,*,#20563,.F.);
#20563 = EDGE_CURVE('',#20406,#20556,#20564,.T.);
#20564 = LINE('',#20565,#20566);
#20565 = CARTESIAN_POINT('',(0.5,0.37,0.));
#20566 = VECTOR('',#20567,1.);
#20567 = DIRECTION('',(1.,0.,0.));
#20568 = PLANE('',#20569);
#20569 = AXIS2_PLACEMENT_3D('',#20570,#20571,#20572);
#20570 = CARTESIAN_POINT('',(0.5,-0.4,0.));
#20571 = DIRECTION('',(0.,0.,1.));
#20572 = DIRECTION('',(1.,0.,-0.));
#20573 = ADVANCED_FACE('',(#20574),#20592,.T.);
#20574 = FACE_BOUND('',#20575,.T.);
#20575 = EDGE_LOOP('',(#20576,#20577,#20578,#20586));
#20576 = ORIENTED_EDGE('',*,*,#20439,.F.);
#20577 = ORIENTED_EDGE('',*,*,#20538,.T.);
#20578 = ORIENTED_EDGE('',*,*,#20579,.T.);
#20579 = EDGE_CURVE('',#20530,#20580,#20582,.T.);
#20580 = VERTEX_POINT('',#20581);
#20581 = CARTESIAN_POINT('',(0.8,0.37,0.8));
#20582 = LINE('',#20583,#20584);
#20583 = CARTESIAN_POINT('',(0.8,-0.4,0.8));
#20584 = VECTOR('',#20585,1.);
#20585 = DIRECTION('',(0.,1.,0.));
#20586 = ORIENTED_EDGE('',*,*,#20587,.F.);
#20587 = EDGE_CURVE('',#20431,#20580,#20588,.T.);
#20588 = LINE('',#20589,#20590);
#20589 = CARTESIAN_POINT('',(0.5,0.37,0.8));
#20590 = VECTOR('',#20591,1.);
#20591 = DIRECTION('',(1.,0.,0.));
#20592 = PLANE('',#20593);
#20593 = AXIS2_PLACEMENT_3D('',#20594,#20595,#20596);
#20594 = CARTESIAN_POINT('',(0.5,-0.4,0.8));
#20595 = DIRECTION('',(0.,0.,1.));
#20596 = DIRECTION('',(1.,0.,-0.));
#20597 = ADVANCED_FACE('',(#20598),#20617,.T.);
#20598 = FACE_BOUND('',#20599,.T.);
#20599 = EDGE_LOOP('',(#20600,#20608,#20615,#20616));
#20600 = ORIENTED_EDGE('',*,*,#20601,.T.);
#20601 = EDGE_CURVE('',#20414,#20602,#20604,.T.);
#20602 = VERTEX_POINT('',#20603);
#20603 = CARTESIAN_POINT('',(0.8,0.4,3.E-02));
#20604 = LINE('',#20605,#20606);
#20605 = CARTESIAN_POINT('',(0.5,0.4,3.E-02));
#20606 = VECTOR('',#20607,1.);
#20607 = DIRECTION('',(1.,0.,0.));
#20608 = ORIENTED_EDGE('',*,*,#20609,.T.);
#20609 = EDGE_CURVE('',#20602,#20556,#20610,.T.);
#20610 = CIRCLE('',#20611,3.E-02);
#20611 = AXIS2_PLACEMENT_3D('',#20612,#20613,#20614);
#20612 = CARTESIAN_POINT('',(0.8,0.37,3.E-02));
#20613 = DIRECTION('',(-1.,0.,0.));
#20614 = DIRECTION('',(0.,0.,1.));
#20615 = ORIENTED_EDGE('',*,*,#20563,.F.);
#20616 = ORIENTED_EDGE('',*,*,#20413,.F.);
#20617 = CYLINDRICAL_SURFACE('',#20618,3.E-02);
#20618 = AXIS2_PLACEMENT_3D('',#20619,#20620,#20621);
#20619 = CARTESIAN_POINT('',(0.5,0.37,3.E-02));
#20620 = DIRECTION('',(1.,0.,0.));
#20621 = DIRECTION('',(-0.,1.,0.));
#20622 = ADVANCED_FACE('',(#20623),#20642,.T.);
#20623 = FACE_BOUND('',#20624,.T.);
#20624 = EDGE_LOOP('',(#20625,#20626,#20627,#20636));
#20625 = ORIENTED_EDGE('',*,*,#20430,.T.);
#20626 = ORIENTED_EDGE('',*,*,#20587,.T.);
#20627 = ORIENTED_EDGE('',*,*,#20628,.F.);
#20628 = EDGE_CURVE('',#20629,#20580,#20631,.T.);
#20629 = VERTEX_POINT('',#20630);
#20630 = CARTESIAN_POINT('',(0.8,0.4,0.77));
#20631 = CIRCLE('',#20632,3.E-02);
#20632 = AXIS2_PLACEMENT_3D('',#20633,#20634,#20635);
#20633 = CARTESIAN_POINT('',(0.8,0.37,0.77));
#20634 = DIRECTION('',(1.,0.,-0.));
#20635 = DIRECTION('',(0.,0.,1.));
#20636 = ORIENTED_EDGE('',*,*,#20637,.F.);
#20637 = EDGE_CURVE('',#20423,#20629,#20638,.T.);
#20638 = LINE('',#20639,#20640);
#20639 = CARTESIAN_POINT('',(0.5,0.4,0.77));
#20640 = VECTOR('',#20641,1.);
#20641 = DIRECTION('',(1.,0.,0.));
#20642 = CYLINDRICAL_SURFACE('',#20643,3.E-02);
#20643 = AXIS2_PLACEMENT_3D('',#20644,#20645,#20646);
#20644 = CARTESIAN_POINT('',(0.5,0.37,0.77));
#20645 = DIRECTION('',(1.,0.,0.));
#20646 = DIRECTION('',(-0.,1.,0.));
#20647 = ADVANCED_FACE('',(#20648),#20659,.T.);
#20648 = FACE_BOUND('',#20649,.T.);
#20649 = EDGE_LOOP('',(#20650,#20656,#20657,#20658));
#20650 = ORIENTED_EDGE('',*,*,#20651,.F.);
#20651 = EDGE_CURVE('',#20602,#20629,#20652,.T.);
#20652 = LINE('',#20653,#20654);
#20653 = CARTESIAN_POINT('',(0.8,0.4,0.));
#20654 = VECTOR('',#20655,1.);
#20655 = DIRECTION('',(0.,0.,1.));
#20656 = ORIENTED_EDGE('',*,*,#20601,.F.);
#20657 = ORIENTED_EDGE('',*,*,#20422,.T.);
#20658 = ORIENTED_EDGE('',*,*,#20637,.T.);
#20659 = PLANE('',#20660);
#20660 = AXIS2_PLACEMENT_3D('',#20661,#20662,#20663);
#20661 = CARTESIAN_POINT('',(0.5,0.4,0.));
#20662 = DIRECTION('',(0.,1.,0.));
#20663 = DIRECTION('',(0.,-0.,1.));
#20664 = ADVANCED_FACE('',(#20665),#20675,.T.);
#20665 = FACE_BOUND('',#20666,.T.);
#20666 = EDGE_LOOP('',(#20667,#20668,#20669,#20670,#20671,#20672,#20673,
    #20674));
#20667 = ORIENTED_EDGE('',*,*,#20472,.F.);
#20668 = ORIENTED_EDGE('',*,*,#20512,.T.);
#20669 = ORIENTED_EDGE('',*,*,#20555,.T.);
#20670 = ORIENTED_EDGE('',*,*,#20609,.F.);
#20671 = ORIENTED_EDGE('',*,*,#20651,.T.);
#20672 = ORIENTED_EDGE('',*,*,#20628,.T.);
#20673 = ORIENTED_EDGE('',*,*,#20579,.F.);
#20674 = ORIENTED_EDGE('',*,*,#20529,.F.);
#20675 = PLANE('',#20676);
#20676 = AXIS2_PLACEMENT_3D('',#20677,#20678,#20679);
#20677 = CARTESIAN_POINT('',(0.8,-0.4,0.));
#20678 = DIRECTION('',(1.,0.,0.));
#20679 = DIRECTION('',(0.,0.,1.));
#20680 = ( GEOMETRIC_REPRESENTATION_CONTEXT(3) 
GLOBAL_UNCERTAINTY_ASSIGNED_CONTEXT((#20684)) 
GLOBAL_UNIT_ASSIGNED_CONTEXT((#20681,#20682,#20683)) 
REPRESENTATION_CONTEXT('Context #1',
  '3D Context with UNIT and UNCERTAINTY') );
#20681 = ( LENGTH_UNIT() NAMED_UNIT(*) SI_UNIT(.MILLI.,.METRE.) );
#20682 = ( NAMED_UNIT(*) PLANE_ANGLE_UNIT() SI_UNIT($,.RADIAN.) );
#20683 = ( NAMED_UNIT(*) SI_UNIT($,.STERADIAN.) SOLID_ANGLE_UNIT() );
#20684 = UNCERTAINTY_MEASURE_WITH_UNIT(LENGTH_MEASURE(1.E-07),#20681,
  'distance_accuracy_value','confusion accuracy');
#20685 = CONTEXT_DEPENDENT_SHAPE_REPRESENTATION(#20686,#20688);
#20686 = ( REPRESENTATION_RELATIONSHIP('','',#19825,#10) 
REPRESENTATION_RELATIONSHIP_WITH_TRANSFORMATION(#20687) 
SHAPE_REPRESENTATION_RELATIONSHIP() );
#20687 = ITEM_DEFINED_TRANSFORMATION('','',#11,#155);
#20688 = PRODUCT_DEFINITION_SHAPE('Placement','Placement of an item',
  #20689);
#20689 = NEXT_ASSEMBLY_USAGE_OCCURRENCE('36','C1','',#5,#19820,$);
#20690 = PRODUCT_RELATED_PRODUCT_CATEGORY('part',$,(#19822));
#20691 = CONTEXT_DEPENDENT_SHAPE_REPRESENTATION(#20692,#20694);
#20692 = ( REPRESENTATION_RELATIONSHIP('','',#276,#10) 
REPRESENTATION_RELATIONSHIP_WITH_TRANSFORMATION(#20693) 
SHAPE_REPRESENTATION_RELATIONSHIP() );
#20693 = ITEM_DEFINED_TRANSFORMATION('','',#11,#159);
#20694 = PRODUCT_DEFINITION_SHAPE('Placement','Placement of an item',
  #20695);
#20695 = NEXT_ASSEMBLY_USAGE_OCCURRENCE('37','RL4','',#5,#271,$);
#20696 = CONTEXT_DEPENDENT_SHAPE_REPRESENTATION(#20697,#20699);
#20697 = ( REPRESENTATION_RELATIONSHIP('','',#276,#10) 
REPRESENTATION_RELATIONSHIP_WITH_TRANSFORMATION(#20698) 
SHAPE_REPRESENTATION_RELATIONSHIP() );
#20698 = ITEM_DEFINED_TRANSFORMATION('','',#11,#163);
#20699 = PRODUCT_DEFINITION_SHAPE('Placement','Placement of an item',
  #20700);
#20700 = NEXT_ASSEMBLY_USAGE_OCCURRENCE('38','RP8','',#5,#271,$);
#20701 = CONTEXT_DEPENDENT_SHAPE_REPRESENTATION(#20702,#20704);
#20702 = ( REPRESENTATION_RELATIONSHIP('','',#276,#10) 
REPRESENTATION_RELATIONSHIP_WITH_TRANSFORMATION(#20703) 
SHAPE_REPRESENTATION_RELATIONSHIP() );
#20703 = ITEM_DEFINED_TRANSFORMATION('','',#11,#167);
#20704 = PRODUCT_DEFINITION_SHAPE('Placement','Placement of an item',
  #20705);
#20705 = NEXT_ASSEMBLY_USAGE_OCCURRENCE('39','RP5','',#5,#271,$);
#20706 = CONTEXT_DEPENDENT_SHAPE_REPRESENTATION(#20707,#20709);
#20707 = ( REPRESENTATION_RELATIONSHIP('','',#276,#10) 
REPRESENTATION_RELATIONSHIP_WITH_TRANSFORMATION(#20708) 
SHAPE_REPRESENTATION_RELATIONSHIP() );
#20708 = ITEM_DEFINED_TRANSFORMATION('','',#11,#171);
#20709 = PRODUCT_DEFINITION_SHAPE('Placement','Placement of an item',
  #20710);
#20710 = NEXT_ASSEMBLY_USAGE_OCCURRENCE('40','RU5','',#5,#271,$);
#20711 = CONTEXT_DEPENDENT_SHAPE_REPRESENTATION(#20712,#20714);
#20712 = ( REPRESENTATION_RELATIONSHIP('','',#2627,#10) 
REPRESENTATION_RELATIONSHIP_WITH_TRANSFORMATION(#20713) 
SHAPE_REPRESENTATION_RELATIONSHIP() );
#20713 = ITEM_DEFINED_TRANSFORMATION('','',#11,#175);
#20714 = PRODUCT_DEFINITION_SHAPE('Placement','Placement of an item',
  #20715);
#20715 = NEXT_ASSEMBLY_USAGE_OCCURRENCE('41','RI8','',#5,#2622,$);
#20716 = CONTEXT_DEPENDENT_SHAPE_REPRESENTATION(#20717,#20719);
#20717 = ( REPRESENTATION_RELATIONSHIP('','',#2627,#10) 
REPRESENTATION_RELATIONSHIP_WITH_TRANSFORMATION(#20718) 
SHAPE_REPRESENTATION_RELATIONSHIP() );
#20718 = ITEM_DEFINED_TRANSFORMATION('','',#11,#179);
#20719 = PRODUCT_DEFINITION_SHAPE('Placement','Placement of an item',
  #20720);
#20720 = NEXT_ASSEMBLY_USAGE_OCCURRENCE('42','RI5','',#5,#2622,$);
#20721 = CONTEXT_DEPENDENT_SHAPE_REPRESENTATION(#20722,#20724);
#20722 = ( REPRESENTATION_RELATIONSHIP('','',#1085,#10) 
REPRESENTATION_RELATIONSHIP_WITH_TRANSFORMATION(#20723) 
SHAPE_REPRESENTATION_RELATIONSHIP() );
#20723 = ITEM_DEFINED_TRANSFORMATION('','',#11,#183);
#20724 = PRODUCT_DEFINITION_SHAPE('Placement','Placement of an item',
  #20725);
#20725 = NEXT_ASSEMBLY_USAGE_OCCURRENCE('43','DL5','',#5,#1080,$);
#20726 = CONTEXT_DEPENDENT_SHAPE_REPRESENTATION(#20727,#20729);
#20727 = ( REPRESENTATION_RELATIONSHIP('','',#1085,#10) 
REPRESENTATION_RELATIONSHIP_WITH_TRANSFORMATION(#20728) 
SHAPE_REPRESENTATION_RELATIONSHIP() );
#20728 = ITEM_DEFINED_TRANSFORMATION('','',#11,#187);
#20729 = PRODUCT_DEFINITION_SHAPE('Placement','Placement of an item',
  #20730);
#20730 = NEXT_ASSEMBLY_USAGE_OCCURRENCE('44','DL6','',#5,#1080,$);
#20731 = CONTEXT_DEPENDENT_SHAPE_REPRESENTATION(#20732,#20734);
#20732 = ( REPRESENTATION_RELATIONSHIP('','',#276,#10) 
REPRESENTATION_RELATIONSHIP_WITH_TRANSFORMATION(#20733) 
SHAPE_REPRESENTATION_RELATIONSHIP() );
#20733 = ITEM_DEFINED_TRANSFORMATION('','',#11,#191);
#20734 = PRODUCT_DEFINITION_SHAPE('Placement','Placement of an item',
  #20735);
#20735 = NEXT_ASSEMBLY_USAGE_OCCURRENCE('45','RU1','',#5,#271,$);
#20736 = CONTEXT_DEPENDENT_SHAPE_REPRESENTATION(#20737,#20739);
#20737 = ( REPRESENTATION_RELATIONSHIP('','',#6175,#10) 
REPRESENTATION_RELATIONSHIP_WITH_TRANSFORMATION(#20738) 
SHAPE_REPRESENTATION_RELATIONSHIP() );
#20738 = ITEM_DEFINED_TRANSFORMATION('','',#11,#195);
#20739 = PRODUCT_DEFINITION_SHAPE('Placement','Placement of an item',
  #20740);
#20740 = NEXT_ASSEMBLY_USAGE_OCCURRENCE('46','OK4','',#5,#6170,$);
#20741 = CONTEXT_DEPENDENT_SHAPE_REPRESENTATION(#20742,#20744);
#20742 = ( REPRESENTATION_RELATIONSHIP('','',#2627,#10) 
REPRESENTATION_RELATIONSHIP_WITH_TRANSFORMATION(#20743) 
SHAPE_REPRESENTATION_RELATIONSHIP() );
#20743 = ITEM_DEFINED_TRANSFORMATION('','',#11,#199);
#20744 = PRODUCT_DEFINITION_SHAPE('Placement','Placement of an item',
  #20745);
#20745 = NEXT_ASSEMBLY_USAGE_OCCURRENCE('47','RI6','',#5,#2622,$);
#20746 = CONTEXT_DEPENDENT_SHAPE_REPRESENTATION(#20747,#20749);
#20747 = ( REPRESENTATION_RELATIONSHIP('','',#3436,#10) 
REPRESENTATION_RELATIONSHIP_WITH_TRANSFORMATION(#20748) 
SHAPE_REPRESENTATION_RELATIONSHIP() );
#20748 = ITEM_DEFINED_TRANSFORMATION('','',#11,#203);
#20749 = PRODUCT_DEFINITION_SHAPE('Placement','Placement of an item',
  #20750);
#20750 = NEXT_ASSEMBLY_USAGE_OCCURRENCE('48','J10','',#5,#3431,$);
#20751 = CONTEXT_DEPENDENT_SHAPE_REPRESENTATION(#20752,#20754);
#20752 = ( REPRESENTATION_RELATIONSHIP('','',#2627,#10) 
REPRESENTATION_RELATIONSHIP_WITH_TRANSFORMATION(#20753) 
SHAPE_REPRESENTATION_RELATIONSHIP() );
#20753 = ITEM_DEFINED_TRANSFORMATION('','',#11,#207);
#20754 = PRODUCT_DEFINITION_SHAPE('Placement','Placement of an item',
  #20755);
#20755 = NEXT_ASSEMBLY_USAGE_OCCURRENCE('49','RI7','',#5,#2622,$);
#20756 = CONTEXT_DEPENDENT_SHAPE_REPRESENTATION(#20757,#20759);
#20757 = ( REPRESENTATION_RELATIONSHIP('','',#3436,#10) 
REPRESENTATION_RELATIONSHIP_WITH_TRANSFORMATION(#20758) 
SHAPE_REPRESENTATION_RELATIONSHIP() );
#20758 = ITEM_DEFINED_TRANSFORMATION('','',#11,#211);
#20759 = PRODUCT_DEFINITION_SHAPE('Placement','Placement of an item',
  #20760);
#20760 = NEXT_ASSEMBLY_USAGE_OCCURRENCE('50','J7','',#5,#3431,$);
#20761 = CONTEXT_DEPENDENT_SHAPE_REPRESENTATION(#20762,#20764);
#20762 = ( REPRESENTATION_RELATIONSHIP('','',#1085,#10) 
REPRESENTATION_RELATIONSHIP_WITH_TRANSFORMATION(#20763) 
SHAPE_REPRESENTATION_RELATIONSHIP() );
#20763 = ITEM_DEFINED_TRANSFORMATION('','',#11,#215);
#20764 = PRODUCT_DEFINITION_SHAPE('Placement','Placement of an item',
  #20765);
#20765 = NEXT_ASSEMBLY_USAGE_OCCURRENCE('51','DL1','',#5,#1080,$);
#20766 = CONTEXT_DEPENDENT_SHAPE_REPRESENTATION(#20767,#20769);
#20767 = ( REPRESENTATION_RELATIONSHIP('','',#276,#10) 
REPRESENTATION_RELATIONSHIP_WITH_TRANSFORMATION(#20768) 
SHAPE_REPRESENTATION_RELATIONSHIP() );
#20768 = ITEM_DEFINED_TRANSFORMATION('','',#11,#219);
#20769 = PRODUCT_DEFINITION_SHAPE('Placement','Placement of an item',
  #20770);
#20770 = NEXT_ASSEMBLY_USAGE_OCCURRENCE('52','RP3','',#5,#271,$);
#20771 = CONTEXT_DEPENDENT_SHAPE_REPRESENTATION(#20772,#20774);
#20772 = ( REPRESENTATION_RELATIONSHIP('','',#276,#10) 
REPRESENTATION_RELATIONSHIP_WITH_TRANSFORMATION(#20773) 
SHAPE_REPRESENTATION_RELATIONSHIP() );
#20773 = ITEM_DEFINED_TRANSFORMATION('','',#11,#223);
#20774 = PRODUCT_DEFINITION_SHAPE('Placement','Placement of an item',
  #20775);
#20775 = NEXT_ASSEMBLY_USAGE_OCCURRENCE('53','RL8','',#5,#271,$);
#20776 = CONTEXT_DEPENDENT_SHAPE_REPRESENTATION(#20777,#20779);
#20777 = ( REPRESENTATION_RELATIONSHIP('','',#276,#10) 
REPRESENTATION_RELATIONSHIP_WITH_TRANSFORMATION(#20778) 
SHAPE_REPRESENTATION_RELATIONSHIP() );
#20778 = ITEM_DEFINED_TRANSFORMATION('','',#11,#227);
#20779 = PRODUCT_DEFINITION_SHAPE('Placement','Placement of an item',
  #20780);
#20780 = NEXT_ASSEMBLY_USAGE_OCCURRENCE('54','RL3','',#5,#271,$);
#20781 = CONTEXT_DEPENDENT_SHAPE_REPRESENTATION(#20782,#20784);
#20782 = ( REPRESENTATION_RELATIONSHIP('','',#276,#10) 
REPRESENTATION_RELATIONSHIP_WITH_TRANSFORMATION(#20783) 
SHAPE_REPRESENTATION_RELATIONSHIP() );
#20783 = ITEM_DEFINED_TRANSFORMATION('','',#11,#231);
#20784 = PRODUCT_DEFINITION_SHAPE('Placement','Placement of an item',
  #20785);
#20785 = NEXT_ASSEMBLY_USAGE_OCCURRENCE('55','RL6','',#5,#271,$);
#20786 = CONTEXT_DEPENDENT_SHAPE_REPRESENTATION(#20787,#20789);
#20787 = ( REPRESENTATION_RELATIONSHIP('','',#276,#10) 
REPRESENTATION_RELATIONSHIP_WITH_TRANSFORMATION(#20788) 
SHAPE_REPRESENTATION_RELATIONSHIP() );
#20788 = ITEM_DEFINED_TRANSFORMATION('','',#11,#235);
#20789 = PRODUCT_DEFINITION_SHAPE('Placement','Placement of an item',
  #20790);
#20790 = NEXT_ASSEMBLY_USAGE_OCCURRENCE('56','RU2','',#5,#271,$);
#20791 = CONTEXT_DEPENDENT_SHAPE_REPRESENTATION(#20792,#20794);
#20792 = ( REPRESENTATION_RELATIONSHIP('','',#276,#10) 
REPRESENTATION_RELATIONSHIP_WITH_TRANSFORMATION(#20793) 
SHAPE_REPRESENTATION_RELATIONSHIP() );
#20793 = ITEM_DEFINED_TRANSFORMATION('','',#11,#239);
#20794 = PRODUCT_DEFINITION_SHAPE('Placement','Placement of an item',
  #20795);
#20795 = NEXT_ASSEMBLY_USAGE_OCCURRENCE('57','RU4','',#5,#271,$);
#20796 = CONTEXT_DEPENDENT_SHAPE_REPRESENTATION(#20797,#20799);
#20797 = ( REPRESENTATION_RELATIONSHIP('','',#6175,#10) 
REPRESENTATION_RELATIONSHIP_WITH_TRANSFORMATION(#20798) 
SHAPE_REPRESENTATION_RELATIONSHIP() );
#20798 = ITEM_DEFINED_TRANSFORMATION('','',#11,#243);
#20799 = PRODUCT_DEFINITION_SHAPE('Placement','Placement of an item',
  #20800);
#20800 = NEXT_ASSEMBLY_USAGE_OCCURRENCE('58','OK2','',#5,#6170,$);
#20801 = CONTEXT_DEPENDENT_SHAPE_REPRESENTATION(#20802,#20804);
#20802 = ( REPRESENTATION_RELATIONSHIP('','',#276,#10) 
REPRESENTATION_RELATIONSHIP_WITH_TRANSFORMATION(#20803) 
SHAPE_REPRESENTATION_RELATIONSHIP() );
#20803 = ITEM_DEFINED_TRANSFORMATION('','',#11,#247);
#20804 = PRODUCT_DEFINITION_SHAPE('Placement','Placement of an item',
  #20805);
#20805 = NEXT_ASSEMBLY_USAGE_OCCURRENCE('59','RU8','',#5,#271,$);
#20806 = CONTEXT_DEPENDENT_SHAPE_REPRESENTATION(#20807,#20809);
#20807 = ( REPRESENTATION_RELATIONSHIP('','',#276,#10) 
REPRESENTATION_RELATIONSHIP_WITH_TRANSFORMATION(#20808) 
SHAPE_REPRESENTATION_RELATIONSHIP() );
#20808 = ITEM_DEFINED_TRANSFORMATION('','',#11,#251);
#20809 = PRODUCT_DEFINITION_SHAPE('Placement','Placement of an item',
  #20810);
#20810 = NEXT_ASSEMBLY_USAGE_OCCURRENCE('60','RL2','',#5,#271,$);
#20811 = CONTEXT_DEPENDENT_SHAPE_REPRESENTATION(#20812,#20814);
#20812 = ( REPRESENTATION_RELATIONSHIP('','',#2627,#10) 
REPRESENTATION_RELATIONSHIP_WITH_TRANSFORMATION(#20813) 
SHAPE_REPRESENTATION_RELATIONSHIP() );
#20813 = ITEM_DEFINED_TRANSFORMATION('','',#11,#255);
#20814 = PRODUCT_DEFINITION_SHAPE('Placement','Placement of an item',
  #20815);
#20815 = NEXT_ASSEMBLY_USAGE_OCCURRENCE('61','RI3','',#5,#2622,$);
#20816 = SHAPE_DEFINITION_REPRESENTATION(#20817,#20823);
#20817 = PRODUCT_DEFINITION_SHAPE('','',#20818);
#20818 = PRODUCT_DEFINITION('design','',#20819,#20822);
#20819 = PRODUCT_DEFINITION_FORMATION('','',#20820);
#20820 = PRODUCT('AP_Input_PCB','AP_Input_PCB','',(#20821));
#20821 = PRODUCT_CONTEXT('',#2,'mechanical');
#20822 = PRODUCT_DEFINITION_CONTEXT('part definition',#2,'design');
#20823 = ADVANCED_BREP_SHAPE_REPRESENTATION('',(#11,#20824),#22011);
#20824 = MANIFOLD_SOLID_BREP('',#20825);
#20825 = CLOSED_SHELL('',(#20826,#20868,#20899,#20930,#21235,#21540,
    #21557,#21574,#21591,#21608,#21620,#21637,#21654,#21671,#21688,
    #21705,#21722,#21739,#21756,#21773,#21790,#21807,#21824,#21841,
    #21858,#21875,#21892,#21909,#21926,#21943,#21960,#21977,#21994));
#20826 = ADVANCED_FACE('',(#20827),#20863,.T.);
#20827 = FACE_BOUND('',#20828,.T.);
#20828 = EDGE_LOOP('',(#20829,#20839,#20848,#20856));
#20829 = ORIENTED_EDGE('',*,*,#20830,.T.);
#20830 = EDGE_CURVE('',#20831,#20833,#20835,.T.);
#20831 = VERTEX_POINT('',#20832);
#20832 = CARTESIAN_POINT('',(170.,-100.,0.));
#20833 = VERTEX_POINT('',#20834);
#20834 = CARTESIAN_POINT('',(170.,-100.,1.51));
#20835 = LINE('',#20836,#20837);
#20836 = CARTESIAN_POINT('',(170.,-100.,0.));
#20837 = VECTOR('',#20838,1.);
#20838 = DIRECTION('',(0.,0.,1.));
#20839 = ORIENTED_EDGE('',*,*,#20840,.T.);
#20840 = EDGE_CURVE('',#20833,#20841,#20843,.T.);
#20841 = VERTEX_POINT('',#20842);
#20842 = CARTESIAN_POINT('',(172.,-102.,1.51));
#20843 = CIRCLE('',#20844,2.000000212955);
#20844 = AXIS2_PLACEMENT_3D('',#20845,#20846,#20847);
#20845 = CARTESIAN_POINT('',(169.99999978704,-102.0000002129,1.51));
#20846 = DIRECTION('',(0.,0.,-1.));
#20847 = DIRECTION('',(1.064773897809E-07,1.,0.));
#20848 = ORIENTED_EDGE('',*,*,#20849,.F.);
#20849 = EDGE_CURVE('',#20850,#20841,#20852,.T.);
#20850 = VERTEX_POINT('',#20851);
#20851 = CARTESIAN_POINT('',(172.,-102.,0.));
#20852 = LINE('',#20853,#20854);
#20853 = CARTESIAN_POINT('',(172.,-102.,0.));
#20854 = VECTOR('',#20855,1.);
#20855 = DIRECTION('',(0.,0.,1.));
#20856 = ORIENTED_EDGE('',*,*,#20857,.F.);
#20857 = EDGE_CURVE('',#20831,#20850,#20858,.T.);
#20858 = CIRCLE('',#20859,2.000000212955);
#20859 = AXIS2_PLACEMENT_3D('',#20860,#20861,#20862);
#20860 = CARTESIAN_POINT('',(169.99999978704,-102.0000002129,0.));
#20861 = DIRECTION('',(0.,0.,-1.));
#20862 = DIRECTION('',(1.064773897809E-07,1.,0.));
#20863 = CYLINDRICAL_SURFACE('',#20864,2.000000212955);
#20864 = AXIS2_PLACEMENT_3D('',#20865,#20866,#20867);
#20865 = CARTESIAN_POINT('',(169.99999978704,-102.0000002129,0.));
#20866 = DIRECTION('',(0.,0.,-1.));
#20867 = DIRECTION('',(1.064773897809E-07,1.,0.));
#20868 = ADVANCED_FACE('',(#20869),#20894,.T.);
#20869 = FACE_BOUND('',#20870,.T.);
#20870 = EDGE_LOOP('',(#20871,#20881,#20887,#20888));
#20871 = ORIENTED_EDGE('',*,*,#20872,.T.);
#20872 = EDGE_CURVE('',#20873,#20875,#20877,.T.);
#20873 = VERTEX_POINT('',#20874);
#20874 = CARTESIAN_POINT('',(102.,-100.,0.));
#20875 = VERTEX_POINT('',#20876);
#20876 = CARTESIAN_POINT('',(102.,-100.,1.51));
#20877 = LINE('',#20878,#20879);
#20878 = CARTESIAN_POINT('',(102.,-100.,0.));
#20879 = VECTOR('',#20880,1.);
#20880 = DIRECTION('',(0.,0.,1.));
#20881 = ORIENTED_EDGE('',*,*,#20882,.T.);
#20882 = EDGE_CURVE('',#20875,#20833,#20883,.T.);
#20883 = LINE('',#20884,#20885);
#20884 = CARTESIAN_POINT('',(102.,-100.,1.51));
#20885 = VECTOR('',#20886,1.);
#20886 = DIRECTION('',(1.,0.,0.));
#20887 = ORIENTED_EDGE('',*,*,#20830,.F.);
#20888 = ORIENTED_EDGE('',*,*,#20889,.F.);
#20889 = EDGE_CURVE('',#20873,#20831,#20890,.T.);
#20890 = LINE('',#20891,#20892);
#20891 = CARTESIAN_POINT('',(102.,-100.,0.));
#20892 = VECTOR('',#20893,1.);
#20893 = DIRECTION('',(1.,0.,0.));
#20894 = PLANE('',#20895);
#20895 = AXIS2_PLACEMENT_3D('',#20896,#20897,#20898);
#20896 = CARTESIAN_POINT('',(102.,-100.,0.));
#20897 = DIRECTION('',(0.,1.,0.));
#20898 = DIRECTION('',(1.,0.,0.));
#20899 = ADVANCED_FACE('',(#20900),#20925,.T.);
#20900 = FACE_BOUND('',#20901,.T.);
#20901 = EDGE_LOOP('',(#20902,#20903,#20911,#20919));
#20902 = ORIENTED_EDGE('',*,*,#20849,.T.);
#20903 = ORIENTED_EDGE('',*,*,#20904,.T.);
#20904 = EDGE_CURVE('',#20841,#20905,#20907,.T.);
#20905 = VERTEX_POINT('',#20906);
#20906 = CARTESIAN_POINT('',(172.,-154.,1.51));
#20907 = LINE('',#20908,#20909);
#20908 = CARTESIAN_POINT('',(172.,-102.,1.51));
#20909 = VECTOR('',#20910,1.);
#20910 = DIRECTION('',(0.,-1.,0.));
#20911 = ORIENTED_EDGE('',*,*,#20912,.F.);
#20912 = EDGE_CURVE('',#20913,#20905,#20915,.T.);
#20913 = VERTEX_POINT('',#20914);
#20914 = CARTESIAN_POINT('',(172.,-154.,0.));
#20915 = LINE('',#20916,#20917);
#20916 = CARTESIAN_POINT('',(172.,-154.,0.));
#20917 = VECTOR('',#20918,1.);
#20918 = DIRECTION('',(0.,0.,1.));
#20919 = ORIENTED_EDGE('',*,*,#20920,.F.);
#20920 = EDGE_CURVE('',#20850,#20913,#20921,.T.);
#20921 = LINE('',#20922,#20923);
#20922 = CARTESIAN_POINT('',(172.,-102.,0.));
#20923 = VECTOR('',#20924,1.);
#20924 = DIRECTION('',(0.,-1.,0.));
#20925 = PLANE('',#20926);
#20926 = AXIS2_PLACEMENT_3D('',#20927,#20928,#20929);
#20927 = CARTESIAN_POINT('',(172.,-102.,0.));
#20928 = DIRECTION('',(1.,0.,-0.));
#20929 = DIRECTION('',(0.,-1.,0.));
#20930 = ADVANCED_FACE('',(#20931,#20977,#20988,#20999,#21010,#21021,
    #21032,#21043,#21054,#21065,#21076,#21087,#21098,#21109,#21120,
    #21131,#21142,#21153,#21164,#21175,#21186,#21197,#21208,#21219),
  #21230,.F.);
#20931 = FACE_BOUND('',#20932,.F.);
#20932 = EDGE_LOOP('',(#20933,#20934,#20935,#20944,#20952,#20961,#20969,
    #20976));
#20933 = ORIENTED_EDGE('',*,*,#20857,.F.);
#20934 = ORIENTED_EDGE('',*,*,#20889,.F.);
#20935 = ORIENTED_EDGE('',*,*,#20936,.F.);
#20936 = EDGE_CURVE('',#20937,#20873,#20939,.T.);
#20937 = VERTEX_POINT('',#20938);
#20938 = CARTESIAN_POINT('',(100.,-102.,0.));
#20939 = CIRCLE('',#20940,1.99999850585);
#20940 = AXIS2_PLACEMENT_3D('',#20941,#20942,#20943);
#20941 = CARTESIAN_POINT('',(101.99999850585,-101.9999985058,0.));
#20942 = DIRECTION('',(0.,0.,-1.));
#20943 = DIRECTION('',(-1.,-7.470757491648E-07,-0.));
#20944 = ORIENTED_EDGE('',*,*,#20945,.F.);
#20945 = EDGE_CURVE('',#20946,#20937,#20948,.T.);
#20946 = VERTEX_POINT('',#20947);
#20947 = CARTESIAN_POINT('',(100.,-154.,0.));
#20948 = LINE('',#20949,#20950);
#20949 = CARTESIAN_POINT('',(100.,-154.,0.));
#20950 = VECTOR('',#20951,1.);
#20951 = DIRECTION('',(0.,1.,0.));
#20952 = ORIENTED_EDGE('',*,*,#20953,.F.);
#20953 = EDGE_CURVE('',#20954,#20946,#20956,.T.);
#20954 = VERTEX_POINT('',#20955);
#20955 = CARTESIAN_POINT('',(102.,-156.,0.));
#20956 = CIRCLE('',#20957,2.000000212955);
#20957 = AXIS2_PLACEMENT_3D('',#20958,#20959,#20960);
#20958 = CARTESIAN_POINT('',(102.00000021295,-153.999999787,0.));
#20959 = DIRECTION('',(0.,0.,-1.));
#20960 = DIRECTION('',(-1.064773897809E-07,-1.,-0.));
#20961 = ORIENTED_EDGE('',*,*,#20962,.F.);
#20962 = EDGE_CURVE('',#20963,#20954,#20965,.T.);
#20963 = VERTEX_POINT('',#20964);
#20964 = CARTESIAN_POINT('',(170.,-156.,0.));
#20965 = LINE('',#20966,#20967);
#20966 = CARTESIAN_POINT('',(170.,-156.,0.));
#20967 = VECTOR('',#20968,1.);
#20968 = DIRECTION('',(-1.,0.,0.));
#20969 = ORIENTED_EDGE('',*,*,#20970,.F.);
#20970 = EDGE_CURVE('',#20913,#20963,#20971,.T.);
#20971 = CIRCLE('',#20972,2.000001920065);
#20972 = AXIS2_PLACEMENT_3D('',#20973,#20974,#20975);
#20973 = CARTESIAN_POINT('',(169.99999807993,-153.9999980799,0.));
#20974 = DIRECTION('',(0.,0.,-1.));
#20975 = DIRECTION('',(1.,-9.600311321928E-07,0.));
#20976 = ORIENTED_EDGE('',*,*,#20920,.F.);
#20977 = FACE_BOUND('',#20978,.F.);
#20978 = EDGE_LOOP('',(#20979));
#20979 = ORIENTED_EDGE('',*,*,#20980,.T.);
#20980 = EDGE_CURVE('',#20981,#20981,#20983,.T.);
#20981 = VERTEX_POINT('',#20982);
#20982 = CARTESIAN_POINT('',(103.5,-151.5,0.));
#20983 = CIRCLE('',#20984,0.5);
#20984 = AXIS2_PLACEMENT_3D('',#20985,#20986,#20987);
#20985 = CARTESIAN_POINT('',(103.5,-151.,0.));
#20986 = DIRECTION('',(-0.,0.,-1.));
#20987 = DIRECTION('',(-0.,-1.,0.));
#20988 = FACE_BOUND('',#20989,.F.);
#20989 = EDGE_LOOP('',(#20990));
#20990 = ORIENTED_EDGE('',*,*,#20991,.T.);
#20991 = EDGE_CURVE('',#20992,#20992,#20994,.T.);
#20992 = VERTEX_POINT('',#20993);
#20993 = CARTESIAN_POINT('',(106.,-151.5,0.));
#20994 = CIRCLE('',#20995,0.5);
#20995 = AXIS2_PLACEMENT_3D('',#20996,#20997,#20998);
#20996 = CARTESIAN_POINT('',(106.,-151.,0.));
#20997 = DIRECTION('',(-0.,0.,-1.));
#20998 = DIRECTION('',(-0.,-1.,0.));
#20999 = FACE_BOUND('',#21000,.F.);
#21000 = EDGE_LOOP('',(#21001));
#21001 = ORIENTED_EDGE('',*,*,#21002,.T.);
#21002 = EDGE_CURVE('',#21003,#21003,#21005,.T.);
#21003 = VERTEX_POINT('',#21004);
#21004 = CARTESIAN_POINT('',(112.1,-151.5,0.));
#21005 = CIRCLE('',#21006,0.5);
#21006 = AXIS2_PLACEMENT_3D('',#21007,#21008,#21009);
#21007 = CARTESIAN_POINT('',(112.1,-151.,0.));
#21008 = DIRECTION('',(-0.,0.,-1.));
#21009 = DIRECTION('',(-0.,-1.,0.));
#21010 = FACE_BOUND('',#21011,.F.);
#21011 = EDGE_LOOP('',(#21012));
#21012 = ORIENTED_EDGE('',*,*,#21013,.T.);
#21013 = EDGE_CURVE('',#21014,#21014,#21016,.T.);
#21014 = VERTEX_POINT('',#21015);
#21015 = CARTESIAN_POINT('',(114.6,-151.5,0.));
#21016 = CIRCLE('',#21017,0.5);
#21017 = AXIS2_PLACEMENT_3D('',#21018,#21019,#21020);
#21018 = CARTESIAN_POINT('',(114.6,-151.,0.));
#21019 = DIRECTION('',(-0.,0.,-1.));
#21020 = DIRECTION('',(-0.,-1.,0.));
#21021 = FACE_BOUND('',#21022,.F.);
#21022 = EDGE_LOOP('',(#21023));
#21023 = ORIENTED_EDGE('',*,*,#21024,.T.);
#21024 = EDGE_CURVE('',#21025,#21025,#21027,.T.);
#21025 = VERTEX_POINT('',#21026);
#21026 = CARTESIAN_POINT('',(120.7,-151.5,0.));
#21027 = CIRCLE('',#21028,0.5);
#21028 = AXIS2_PLACEMENT_3D('',#21029,#21030,#21031);
#21029 = CARTESIAN_POINT('',(120.7,-151.,0.));
#21030 = DIRECTION('',(-0.,0.,-1.));
#21031 = DIRECTION('',(-0.,-1.,0.));
#21032 = FACE_BOUND('',#21033,.F.);
#21033 = EDGE_LOOP('',(#21034));
#21034 = ORIENTED_EDGE('',*,*,#21035,.T.);
#21035 = EDGE_CURVE('',#21036,#21036,#21038,.T.);
#21036 = VERTEX_POINT('',#21037);
#21037 = CARTESIAN_POINT('',(123.2,-151.5,0.));
#21038 = CIRCLE('',#21039,0.5);
#21039 = AXIS2_PLACEMENT_3D('',#21040,#21041,#21042);
#21040 = CARTESIAN_POINT('',(123.2,-151.,0.));
#21041 = DIRECTION('',(-0.,0.,-1.));
#21042 = DIRECTION('',(-0.,-1.,0.));
#21043 = FACE_BOUND('',#21044,.F.);
#21044 = EDGE_LOOP('',(#21045));
#21045 = ORIENTED_EDGE('',*,*,#21046,.T.);
#21046 = EDGE_CURVE('',#21047,#21047,#21049,.T.);
#21047 = VERTEX_POINT('',#21048);
#21048 = CARTESIAN_POINT('',(129.3,-151.5,0.));
#21049 = CIRCLE('',#21050,0.5);
#21050 = AXIS2_PLACEMENT_3D('',#21051,#21052,#21053);
#21051 = CARTESIAN_POINT('',(129.3,-151.,0.));
#21052 = DIRECTION('',(-0.,0.,-1.));
#21053 = DIRECTION('',(-0.,-1.,0.));
#21054 = FACE_BOUND('',#21055,.F.);
#21055 = EDGE_LOOP('',(#21056));
#21056 = ORIENTED_EDGE('',*,*,#21057,.T.);
#21057 = EDGE_CURVE('',#21058,#21058,#21060,.T.);
#21058 = VERTEX_POINT('',#21059);
#21059 = CARTESIAN_POINT('',(131.8,-151.5,0.));
#21060 = CIRCLE('',#21061,0.5);
#21061 = AXIS2_PLACEMENT_3D('',#21062,#21063,#21064);
#21062 = CARTESIAN_POINT('',(131.8,-151.,0.));
#21063 = DIRECTION('',(-0.,0.,-1.));
#21064 = DIRECTION('',(-0.,-1.,0.));
#21065 = FACE_BOUND('',#21066,.F.);
#21066 = EDGE_LOOP('',(#21067));
#21067 = ORIENTED_EDGE('',*,*,#21068,.T.);
#21068 = EDGE_CURVE('',#21069,#21069,#21071,.T.);
#21069 = VERTEX_POINT('',#21070);
#21070 = CARTESIAN_POINT('',(137.9,-151.5,0.));
#21071 = CIRCLE('',#21072,0.5);
#21072 = AXIS2_PLACEMENT_3D('',#21073,#21074,#21075);
#21073 = CARTESIAN_POINT('',(137.9,-151.,0.));
#21074 = DIRECTION('',(-0.,0.,-1.));
#21075 = DIRECTION('',(-0.,-1.,0.));
#21076 = FACE_BOUND('',#21077,.F.);
#21077 = EDGE_LOOP('',(#21078));
#21078 = ORIENTED_EDGE('',*,*,#21079,.T.);
#21079 = EDGE_CURVE('',#21080,#21080,#21082,.T.);
#21080 = VERTEX_POINT('',#21081);
#21081 = CARTESIAN_POINT('',(140.4,-151.5,0.));
#21082 = CIRCLE('',#21083,0.5);
#21083 = AXIS2_PLACEMENT_3D('',#21084,#21085,#21086);
#21084 = CARTESIAN_POINT('',(140.4,-151.,0.));
#21085 = DIRECTION('',(-0.,0.,-1.));
#21086 = DIRECTION('',(-0.,-1.,0.));
#21087 = FACE_BOUND('',#21088,.F.);
#21088 = EDGE_LOOP('',(#21089));
#21089 = ORIENTED_EDGE('',*,*,#21090,.T.);
#21090 = EDGE_CURVE('',#21091,#21091,#21093,.T.);
#21091 = VERTEX_POINT('',#21092);
#21092 = CARTESIAN_POINT('',(146.5,-151.5,0.));
#21093 = CIRCLE('',#21094,0.5);
#21094 = AXIS2_PLACEMENT_3D('',#21095,#21096,#21097);
#21095 = CARTESIAN_POINT('',(146.5,-151.,0.));
#21096 = DIRECTION('',(-0.,0.,-1.));
#21097 = DIRECTION('',(-0.,-1.,0.));
#21098 = FACE_BOUND('',#21099,.F.);
#21099 = EDGE_LOOP('',(#21100));
#21100 = ORIENTED_EDGE('',*,*,#21101,.T.);
#21101 = EDGE_CURVE('',#21102,#21102,#21104,.T.);
#21102 = VERTEX_POINT('',#21103);
#21103 = CARTESIAN_POINT('',(149.,-151.5,0.));
#21104 = CIRCLE('',#21105,0.5);
#21105 = AXIS2_PLACEMENT_3D('',#21106,#21107,#21108);
#21106 = CARTESIAN_POINT('',(149.,-151.,0.));
#21107 = DIRECTION('',(-0.,0.,-1.));
#21108 = DIRECTION('',(-0.,-1.,0.));
#21109 = FACE_BOUND('',#21110,.F.);
#21110 = EDGE_LOOP('',(#21111));
#21111 = ORIENTED_EDGE('',*,*,#21112,.T.);
#21112 = EDGE_CURVE('',#21113,#21113,#21115,.T.);
#21113 = VERTEX_POINT('',#21114);
#21114 = CARTESIAN_POINT('',(155.1,-151.5,0.));
#21115 = CIRCLE('',#21116,0.5);
#21116 = AXIS2_PLACEMENT_3D('',#21117,#21118,#21119);
#21117 = CARTESIAN_POINT('',(155.1,-151.,0.));
#21118 = DIRECTION('',(-0.,0.,-1.));
#21119 = DIRECTION('',(-0.,-1.,0.));
#21120 = FACE_BOUND('',#21121,.F.);
#21121 = EDGE_LOOP('',(#21122));
#21122 = ORIENTED_EDGE('',*,*,#21123,.T.);
#21123 = EDGE_CURVE('',#21124,#21124,#21126,.T.);
#21124 = VERTEX_POINT('',#21125);
#21125 = CARTESIAN_POINT('',(157.6,-151.5,0.));
#21126 = CIRCLE('',#21127,0.5);
#21127 = AXIS2_PLACEMENT_3D('',#21128,#21129,#21130);
#21128 = CARTESIAN_POINT('',(157.6,-151.,0.));
#21129 = DIRECTION('',(-0.,0.,-1.));
#21130 = DIRECTION('',(-0.,-1.,0.));
#21131 = FACE_BOUND('',#21132,.F.);
#21132 = EDGE_LOOP('',(#21133));
#21133 = ORIENTED_EDGE('',*,*,#21134,.T.);
#21134 = EDGE_CURVE('',#21135,#21135,#21137,.T.);
#21135 = VERTEX_POINT('',#21136);
#21136 = CARTESIAN_POINT('',(163.7,-151.5,0.));
#21137 = CIRCLE('',#21138,0.5);
#21138 = AXIS2_PLACEMENT_3D('',#21139,#21140,#21141);
#21139 = CARTESIAN_POINT('',(163.7,-151.,0.));
#21140 = DIRECTION('',(-0.,0.,-1.));
#21141 = DIRECTION('',(-0.,-1.,0.));
#21142 = FACE_BOUND('',#21143,.F.);
#21143 = EDGE_LOOP('',(#21144));
#21144 = ORIENTED_EDGE('',*,*,#21145,.T.);
#21145 = EDGE_CURVE('',#21146,#21146,#21148,.T.);
#21146 = VERTEX_POINT('',#21147);
#21147 = CARTESIAN_POINT('',(166.2,-151.5,0.));
#21148 = CIRCLE('',#21149,0.5);
#21149 = AXIS2_PLACEMENT_3D('',#21150,#21151,#21152);
#21150 = CARTESIAN_POINT('',(166.2,-151.,0.));
#21151 = DIRECTION('',(-0.,0.,-1.));
#21152 = DIRECTION('',(-0.,-1.,0.));
#21153 = FACE_BOUND('',#21154,.F.);
#21154 = EDGE_LOOP('',(#21155));
#21155 = ORIENTED_EDGE('',*,*,#21156,.T.);
#21156 = EDGE_CURVE('',#21157,#21157,#21159,.T.);
#21157 = VERTEX_POINT('',#21158);
#21158 = CARTESIAN_POINT('',(168.5,-140.1,0.));
#21159 = CIRCLE('',#21160,1.6);
#21160 = AXIS2_PLACEMENT_3D('',#21161,#21162,#21163);
#21161 = CARTESIAN_POINT('',(168.5,-138.5,0.));
#21162 = DIRECTION('',(-0.,0.,-1.));
#21163 = DIRECTION('',(-0.,-1.,0.));
#21164 = FACE_BOUND('',#21165,.F.);
#21165 = EDGE_LOOP('',(#21166));
#21166 = ORIENTED_EDGE('',*,*,#21167,.T.);
#21167 = EDGE_CURVE('',#21168,#21168,#21170,.T.);
#21168 = VERTEX_POINT('',#21169);
#21169 = CARTESIAN_POINT('',(103.5,-105.1,0.));
#21170 = CIRCLE('',#21171,1.6);
#21171 = AXIS2_PLACEMENT_3D('',#21172,#21173,#21174);
#21172 = CARTESIAN_POINT('',(103.5,-103.5,0.));
#21173 = DIRECTION('',(-0.,0.,-1.));
#21174 = DIRECTION('',(-0.,-1.,0.));
#21175 = FACE_BOUND('',#21176,.F.);
#21176 = EDGE_LOOP('',(#21177));
#21177 = ORIENTED_EDGE('',*,*,#21178,.T.);
#21178 = EDGE_CURVE('',#21179,#21179,#21181,.T.);
#21179 = VERTEX_POINT('',#21180);
#21180 = CARTESIAN_POINT('',(130.,-104.,0.));
#21181 = CIRCLE('',#21182,0.5);
#21182 = AXIS2_PLACEMENT_3D('',#21183,#21184,#21185);
#21183 = CARTESIAN_POINT('',(130.,-103.5,0.));
#21184 = DIRECTION('',(-0.,0.,-1.));
#21185 = DIRECTION('',(-0.,-1.,0.));
#21186 = FACE_BOUND('',#21187,.F.);
#21187 = EDGE_LOOP('',(#21188));
#21188 = ORIENTED_EDGE('',*,*,#21189,.T.);
#21189 = EDGE_CURVE('',#21190,#21190,#21192,.T.);
#21190 = VERTEX_POINT('',#21191);
#21191 = CARTESIAN_POINT('',(132.54,-104.,0.));
#21192 = CIRCLE('',#21193,0.5);
#21193 = AXIS2_PLACEMENT_3D('',#21194,#21195,#21196);
#21194 = CARTESIAN_POINT('',(132.54,-103.5,0.));
#21195 = DIRECTION('',(-0.,0.,-1.));
#21196 = DIRECTION('',(-0.,-1.,0.));
#21197 = FACE_BOUND('',#21198,.F.);
#21198 = EDGE_LOOP('',(#21199));
#21199 = ORIENTED_EDGE('',*,*,#21200,.T.);
#21200 = EDGE_CURVE('',#21201,#21201,#21203,.T.);
#21201 = VERTEX_POINT('',#21202);
#21202 = CARTESIAN_POINT('',(135.08,-104.,0.));
#21203 = CIRCLE('',#21204,0.5);
#21204 = AXIS2_PLACEMENT_3D('',#21205,#21206,#21207);
#21205 = CARTESIAN_POINT('',(135.08,-103.5,0.));
#21206 = DIRECTION('',(-0.,0.,-1.));
#21207 = DIRECTION('',(-0.,-1.,0.));
#21208 = FACE_BOUND('',#21209,.F.);
#21209 = EDGE_LOOP('',(#21210));
#21210 = ORIENTED_EDGE('',*,*,#21211,.T.);
#21211 = EDGE_CURVE('',#21212,#21212,#21214,.T.);
#21212 = VERTEX_POINT('',#21213);
#21213 = CARTESIAN_POINT('',(137.62,-104.,0.));
#21214 = CIRCLE('',#21215,0.5);
#21215 = AXIS2_PLACEMENT_3D('',#21216,#21217,#21218);
#21216 = CARTESIAN_POINT('',(137.62,-103.5,0.));
#21217 = DIRECTION('',(-0.,0.,-1.));
#21218 = DIRECTION('',(-0.,-1.,0.));
#21219 = FACE_BOUND('',#21220,.F.);
#21220 = EDGE_LOOP('',(#21221));
#21221 = ORIENTED_EDGE('',*,*,#21222,.T.);
#21222 = EDGE_CURVE('',#21223,#21223,#21225,.T.);
#21223 = VERTEX_POINT('',#21224);
#21224 = CARTESIAN_POINT('',(168.5,-105.1,0.));
#21225 = CIRCLE('',#21226,1.6);
#21226 = AXIS2_PLACEMENT_3D('',#21227,#21228,#21229);
#21227 = CARTESIAN_POINT('',(168.5,-103.5,0.));
#21228 = DIRECTION('',(-0.,0.,-1.));
#21229 = DIRECTION('',(-0.,-1.,0.));
#21230 = PLANE('',#21231);
#21231 = AXIS2_PLACEMENT_3D('',#21232,#21233,#21234);
#21232 = CARTESIAN_POINT('',(0.,0.,0.));
#21233 = DIRECTION('',(0.,0.,1.));
#21234 = DIRECTION('',(1.,0.,-0.));
#21235 = ADVANCED_FACE('',(#21236,#21282,#21293,#21304,#21315,#21326,
    #21337,#21348,#21359,#21370,#21381,#21392,#21403,#21414,#21425,
    #21436,#21447,#21458,#21469,#21480,#21491,#21502,#21513,#21524),
  #21535,.T.);
#21236 = FACE_BOUND('',#21237,.T.);
#21237 = EDGE_LOOP('',(#21238,#21239,#21240,#21249,#21257,#21266,#21274,
    #21281));
#21238 = ORIENTED_EDGE('',*,*,#20840,.F.);
#21239 = ORIENTED_EDGE('',*,*,#20882,.F.);
#21240 = ORIENTED_EDGE('',*,*,#21241,.F.);
#21241 = EDGE_CURVE('',#21242,#20875,#21244,.T.);
#21242 = VERTEX_POINT('',#21243);
#21243 = CARTESIAN_POINT('',(100.,-102.,1.51));
#21244 = CIRCLE('',#21245,1.99999850585);
#21245 = AXIS2_PLACEMENT_3D('',#21246,#21247,#21248);
#21246 = CARTESIAN_POINT('',(101.99999850585,-101.9999985058,1.51));
#21247 = DIRECTION('',(0.,0.,-1.));
#21248 = DIRECTION('',(-1.,-7.470757491648E-07,-0.));
#21249 = ORIENTED_EDGE('',*,*,#21250,.F.);
#21250 = EDGE_CURVE('',#21251,#21242,#21253,.T.);
#21251 = VERTEX_POINT('',#21252);
#21252 = CARTESIAN_POINT('',(100.,-154.,1.51));
#21253 = LINE('',#21254,#21255);
#21254 = CARTESIAN_POINT('',(100.,-154.,1.51));
#21255 = VECTOR('',#21256,1.);
#21256 = DIRECTION('',(0.,1.,0.));
#21257 = ORIENTED_EDGE('',*,*,#21258,.F.);
#21258 = EDGE_CURVE('',#21259,#21251,#21261,.T.);
#21259 = VERTEX_POINT('',#21260);
#21260 = CARTESIAN_POINT('',(102.,-156.,1.51));
#21261 = CIRCLE('',#21262,2.000000212955);
#21262 = AXIS2_PLACEMENT_3D('',#21263,#21264,#21265);
#21263 = CARTESIAN_POINT('',(102.00000021295,-153.999999787,1.51));
#21264 = DIRECTION('',(0.,0.,-1.));
#21265 = DIRECTION('',(-1.064773897809E-07,-1.,-0.));
#21266 = ORIENTED_EDGE('',*,*,#21267,.F.);
#21267 = EDGE_CURVE('',#21268,#21259,#21270,.T.);
#21268 = VERTEX_POINT('',#21269);
#21269 = CARTESIAN_POINT('',(170.,-156.,1.51));
#21270 = LINE('',#21271,#21272);
#21271 = CARTESIAN_POINT('',(170.,-156.,1.51));
#21272 = VECTOR('',#21273,1.);
#21273 = DIRECTION('',(-1.,0.,0.));
#21274 = ORIENTED_EDGE('',*,*,#21275,.F.);
#21275 = EDGE_CURVE('',#20905,#21268,#21276,.T.);
#21276 = CIRCLE('',#21277,2.000001920065);
#21277 = AXIS2_PLACEMENT_3D('',#21278,#21279,#21280);
#21278 = CARTESIAN_POINT('',(169.99999807993,-153.9999980799,1.51));
#21279 = DIRECTION('',(0.,0.,-1.));
#21280 = DIRECTION('',(1.,-9.600311321928E-07,0.));
#21281 = ORIENTED_EDGE('',*,*,#20904,.F.);
#21282 = FACE_BOUND('',#21283,.T.);
#21283 = EDGE_LOOP('',(#21284));
#21284 = ORIENTED_EDGE('',*,*,#21285,.T.);
#21285 = EDGE_CURVE('',#21286,#21286,#21288,.T.);
#21286 = VERTEX_POINT('',#21287);
#21287 = CARTESIAN_POINT('',(103.5,-151.5,1.51));
#21288 = CIRCLE('',#21289,0.5);
#21289 = AXIS2_PLACEMENT_3D('',#21290,#21291,#21292);
#21290 = CARTESIAN_POINT('',(103.5,-151.,1.51));
#21291 = DIRECTION('',(-0.,0.,-1.));
#21292 = DIRECTION('',(-0.,-1.,0.));
#21293 = FACE_BOUND('',#21294,.T.);
#21294 = EDGE_LOOP('',(#21295));
#21295 = ORIENTED_EDGE('',*,*,#21296,.T.);
#21296 = EDGE_CURVE('',#21297,#21297,#21299,.T.);
#21297 = VERTEX_POINT('',#21298);
#21298 = CARTESIAN_POINT('',(106.,-151.5,1.51));
#21299 = CIRCLE('',#21300,0.5);
#21300 = AXIS2_PLACEMENT_3D('',#21301,#21302,#21303);
#21301 = CARTESIAN_POINT('',(106.,-151.,1.51));
#21302 = DIRECTION('',(-0.,0.,-1.));
#21303 = DIRECTION('',(-0.,-1.,0.));
#21304 = FACE_BOUND('',#21305,.T.);
#21305 = EDGE_LOOP('',(#21306));
#21306 = ORIENTED_EDGE('',*,*,#21307,.T.);
#21307 = EDGE_CURVE('',#21308,#21308,#21310,.T.);
#21308 = VERTEX_POINT('',#21309);
#21309 = CARTESIAN_POINT('',(112.1,-151.5,1.51));
#21310 = CIRCLE('',#21311,0.5);
#21311 = AXIS2_PLACEMENT_3D('',#21312,#21313,#21314);
#21312 = CARTESIAN_POINT('',(112.1,-151.,1.51));
#21313 = DIRECTION('',(-0.,0.,-1.));
#21314 = DIRECTION('',(-0.,-1.,0.));
#21315 = FACE_BOUND('',#21316,.T.);
#21316 = EDGE_LOOP('',(#21317));
#21317 = ORIENTED_EDGE('',*,*,#21318,.T.);
#21318 = EDGE_CURVE('',#21319,#21319,#21321,.T.);
#21319 = VERTEX_POINT('',#21320);
#21320 = CARTESIAN_POINT('',(114.6,-151.5,1.51));
#21321 = CIRCLE('',#21322,0.5);
#21322 = AXIS2_PLACEMENT_3D('',#21323,#21324,#21325);
#21323 = CARTESIAN_POINT('',(114.6,-151.,1.51));
#21324 = DIRECTION('',(-0.,0.,-1.));
#21325 = DIRECTION('',(-0.,-1.,0.));
#21326 = FACE_BOUND('',#21327,.T.);
#21327 = EDGE_LOOP('',(#21328));
#21328 = ORIENTED_EDGE('',*,*,#21329,.T.);
#21329 = EDGE_CURVE('',#21330,#21330,#21332,.T.);
#21330 = VERTEX_POINT('',#21331);
#21331 = CARTESIAN_POINT('',(120.7,-151.5,1.51));
#21332 = CIRCLE('',#21333,0.5);
#21333 = AXIS2_PLACEMENT_3D('',#21334,#21335,#21336);
#21334 = CARTESIAN_POINT('',(120.7,-151.,1.51));
#21335 = DIRECTION('',(-0.,0.,-1.));
#21336 = DIRECTION('',(-0.,-1.,0.));
#21337 = FACE_BOUND('',#21338,.T.);
#21338 = EDGE_LOOP('',(#21339));
#21339 = ORIENTED_EDGE('',*,*,#21340,.T.);
#21340 = EDGE_CURVE('',#21341,#21341,#21343,.T.);
#21341 = VERTEX_POINT('',#21342);
#21342 = CARTESIAN_POINT('',(123.2,-151.5,1.51));
#21343 = CIRCLE('',#21344,0.5);
#21344 = AXIS2_PLACEMENT_3D('',#21345,#21346,#21347);
#21345 = CARTESIAN_POINT('',(123.2,-151.,1.51));
#21346 = DIRECTION('',(-0.,0.,-1.));
#21347 = DIRECTION('',(-0.,-1.,0.));
#21348 = FACE_BOUND('',#21349,.T.);
#21349 = EDGE_LOOP('',(#21350));
#21350 = ORIENTED_EDGE('',*,*,#21351,.T.);
#21351 = EDGE_CURVE('',#21352,#21352,#21354,.T.);
#21352 = VERTEX_POINT('',#21353);
#21353 = CARTESIAN_POINT('',(129.3,-151.5,1.51));
#21354 = CIRCLE('',#21355,0.5);
#21355 = AXIS2_PLACEMENT_3D('',#21356,#21357,#21358);
#21356 = CARTESIAN_POINT('',(129.3,-151.,1.51));
#21357 = DIRECTION('',(-0.,0.,-1.));
#21358 = DIRECTION('',(-0.,-1.,0.));
#21359 = FACE_BOUND('',#21360,.T.);
#21360 = EDGE_LOOP('',(#21361));
#21361 = ORIENTED_EDGE('',*,*,#21362,.T.);
#21362 = EDGE_CURVE('',#21363,#21363,#21365,.T.);
#21363 = VERTEX_POINT('',#21364);
#21364 = CARTESIAN_POINT('',(131.8,-151.5,1.51));
#21365 = CIRCLE('',#21366,0.5);
#21366 = AXIS2_PLACEMENT_3D('',#21367,#21368,#21369);
#21367 = CARTESIAN_POINT('',(131.8,-151.,1.51));
#21368 = DIRECTION('',(-0.,0.,-1.));
#21369 = DIRECTION('',(-0.,-1.,0.));
#21370 = FACE_BOUND('',#21371,.T.);
#21371 = EDGE_LOOP('',(#21372));
#21372 = ORIENTED_EDGE('',*,*,#21373,.T.);
#21373 = EDGE_CURVE('',#21374,#21374,#21376,.T.);
#21374 = VERTEX_POINT('',#21375);
#21375 = CARTESIAN_POINT('',(137.9,-151.5,1.51));
#21376 = CIRCLE('',#21377,0.5);
#21377 = AXIS2_PLACEMENT_3D('',#21378,#21379,#21380);
#21378 = CARTESIAN_POINT('',(137.9,-151.,1.51));
#21379 = DIRECTION('',(-0.,0.,-1.));
#21380 = DIRECTION('',(-0.,-1.,0.));
#21381 = FACE_BOUND('',#21382,.T.);
#21382 = EDGE_LOOP('',(#21383));
#21383 = ORIENTED_EDGE('',*,*,#21384,.T.);
#21384 = EDGE_CURVE('',#21385,#21385,#21387,.T.);
#21385 = VERTEX_POINT('',#21386);
#21386 = CARTESIAN_POINT('',(140.4,-151.5,1.51));
#21387 = CIRCLE('',#21388,0.5);
#21388 = AXIS2_PLACEMENT_3D('',#21389,#21390,#21391);
#21389 = CARTESIAN_POINT('',(140.4,-151.,1.51));
#21390 = DIRECTION('',(-0.,0.,-1.));
#21391 = DIRECTION('',(-0.,-1.,0.));
#21392 = FACE_BOUND('',#21393,.T.);
#21393 = EDGE_LOOP('',(#21394));
#21394 = ORIENTED_EDGE('',*,*,#21395,.T.);
#21395 = EDGE_CURVE('',#21396,#21396,#21398,.T.);
#21396 = VERTEX_POINT('',#21397);
#21397 = CARTESIAN_POINT('',(146.5,-151.5,1.51));
#21398 = CIRCLE('',#21399,0.5);
#21399 = AXIS2_PLACEMENT_3D('',#21400,#21401,#21402);
#21400 = CARTESIAN_POINT('',(146.5,-151.,1.51));
#21401 = DIRECTION('',(-0.,0.,-1.));
#21402 = DIRECTION('',(-0.,-1.,0.));
#21403 = FACE_BOUND('',#21404,.T.);
#21404 = EDGE_LOOP('',(#21405));
#21405 = ORIENTED_EDGE('',*,*,#21406,.T.);
#21406 = EDGE_CURVE('',#21407,#21407,#21409,.T.);
#21407 = VERTEX_POINT('',#21408);
#21408 = CARTESIAN_POINT('',(149.,-151.5,1.51));
#21409 = CIRCLE('',#21410,0.5);
#21410 = AXIS2_PLACEMENT_3D('',#21411,#21412,#21413);
#21411 = CARTESIAN_POINT('',(149.,-151.,1.51));
#21412 = DIRECTION('',(-0.,0.,-1.));
#21413 = DIRECTION('',(-0.,-1.,0.));
#21414 = FACE_BOUND('',#21415,.T.);
#21415 = EDGE_LOOP('',(#21416));
#21416 = ORIENTED_EDGE('',*,*,#21417,.T.);
#21417 = EDGE_CURVE('',#21418,#21418,#21420,.T.);
#21418 = VERTEX_POINT('',#21419);
#21419 = CARTESIAN_POINT('',(155.1,-151.5,1.51));
#21420 = CIRCLE('',#21421,0.5);
#21421 = AXIS2_PLACEMENT_3D('',#21422,#21423,#21424);
#21422 = CARTESIAN_POINT('',(155.1,-151.,1.51));
#21423 = DIRECTION('',(-0.,0.,-1.));
#21424 = DIRECTION('',(-0.,-1.,0.));
#21425 = FACE_BOUND('',#21426,.T.);
#21426 = EDGE_LOOP('',(#21427));
#21427 = ORIENTED_EDGE('',*,*,#21428,.T.);
#21428 = EDGE_CURVE('',#21429,#21429,#21431,.T.);
#21429 = VERTEX_POINT('',#21430);
#21430 = CARTESIAN_POINT('',(157.6,-151.5,1.51));
#21431 = CIRCLE('',#21432,0.5);
#21432 = AXIS2_PLACEMENT_3D('',#21433,#21434,#21435);
#21433 = CARTESIAN_POINT('',(157.6,-151.,1.51));
#21434 = DIRECTION('',(-0.,0.,-1.));
#21435 = DIRECTION('',(-0.,-1.,0.));
#21436 = FACE_BOUND('',#21437,.T.);
#21437 = EDGE_LOOP('',(#21438));
#21438 = ORIENTED_EDGE('',*,*,#21439,.T.);
#21439 = EDGE_CURVE('',#21440,#21440,#21442,.T.);
#21440 = VERTEX_POINT('',#21441);
#21441 = CARTESIAN_POINT('',(163.7,-151.5,1.51));
#21442 = CIRCLE('',#21443,0.5);
#21443 = AXIS2_PLACEMENT_3D('',#21444,#21445,#21446);
#21444 = CARTESIAN_POINT('',(163.7,-151.,1.51));
#21445 = DIRECTION('',(-0.,0.,-1.));
#21446 = DIRECTION('',(-0.,-1.,0.));
#21447 = FACE_BOUND('',#21448,.T.);
#21448 = EDGE_LOOP('',(#21449));
#21449 = ORIENTED_EDGE('',*,*,#21450,.T.);
#21450 = EDGE_CURVE('',#21451,#21451,#21453,.T.);
#21451 = VERTEX_POINT('',#21452);
#21452 = CARTESIAN_POINT('',(166.2,-151.5,1.51));
#21453 = CIRCLE('',#21454,0.5);
#21454 = AXIS2_PLACEMENT_3D('',#21455,#21456,#21457);
#21455 = CARTESIAN_POINT('',(166.2,-151.,1.51));
#21456 = DIRECTION('',(-0.,0.,-1.));
#21457 = DIRECTION('',(-0.,-1.,0.));
#21458 = FACE_BOUND('',#21459,.T.);
#21459 = EDGE_LOOP('',(#21460));
#21460 = ORIENTED_EDGE('',*,*,#21461,.T.);
#21461 = EDGE_CURVE('',#21462,#21462,#21464,.T.);
#21462 = VERTEX_POINT('',#21463);
#21463 = CARTESIAN_POINT('',(168.5,-140.1,1.51));
#21464 = CIRCLE('',#21465,1.6);
#21465 = AXIS2_PLACEMENT_3D('',#21466,#21467,#21468);
#21466 = CARTESIAN_POINT('',(168.5,-138.5,1.51));
#21467 = DIRECTION('',(-0.,0.,-1.));
#21468 = DIRECTION('',(-0.,-1.,0.));
#21469 = FACE_BOUND('',#21470,.T.);
#21470 = EDGE_LOOP('',(#21471));
#21471 = ORIENTED_EDGE('',*,*,#21472,.T.);
#21472 = EDGE_CURVE('',#21473,#21473,#21475,.T.);
#21473 = VERTEX_POINT('',#21474);
#21474 = CARTESIAN_POINT('',(103.5,-105.1,1.51));
#21475 = CIRCLE('',#21476,1.6);
#21476 = AXIS2_PLACEMENT_3D('',#21477,#21478,#21479);
#21477 = CARTESIAN_POINT('',(103.5,-103.5,1.51));
#21478 = DIRECTION('',(-0.,0.,-1.));
#21479 = DIRECTION('',(-0.,-1.,0.));
#21480 = FACE_BOUND('',#21481,.T.);
#21481 = EDGE_LOOP('',(#21482));
#21482 = ORIENTED_EDGE('',*,*,#21483,.T.);
#21483 = EDGE_CURVE('',#21484,#21484,#21486,.T.);
#21484 = VERTEX_POINT('',#21485);
#21485 = CARTESIAN_POINT('',(130.,-104.,1.51));
#21486 = CIRCLE('',#21487,0.5);
#21487 = AXIS2_PLACEMENT_3D('',#21488,#21489,#21490);
#21488 = CARTESIAN_POINT('',(130.,-103.5,1.51));
#21489 = DIRECTION('',(-0.,0.,-1.));
#21490 = DIRECTION('',(-0.,-1.,0.));
#21491 = FACE_BOUND('',#21492,.T.);
#21492 = EDGE_LOOP('',(#21493));
#21493 = ORIENTED_EDGE('',*,*,#21494,.T.);
#21494 = EDGE_CURVE('',#21495,#21495,#21497,.T.);
#21495 = VERTEX_POINT('',#21496);
#21496 = CARTESIAN_POINT('',(132.54,-104.,1.51));
#21497 = CIRCLE('',#21498,0.5);
#21498 = AXIS2_PLACEMENT_3D('',#21499,#21500,#21501);
#21499 = CARTESIAN_POINT('',(132.54,-103.5,1.51));
#21500 = DIRECTION('',(-0.,0.,-1.));
#21501 = DIRECTION('',(-0.,-1.,0.));
#21502 = FACE_BOUND('',#21503,.T.);
#21503 = EDGE_LOOP('',(#21504));
#21504 = ORIENTED_EDGE('',*,*,#21505,.T.);
#21505 = EDGE_CURVE('',#21506,#21506,#21508,.T.);
#21506 = VERTEX_POINT('',#21507);
#21507 = CARTESIAN_POINT('',(135.08,-104.,1.51));
#21508 = CIRCLE('',#21509,0.5);
#21509 = AXIS2_PLACEMENT_3D('',#21510,#21511,#21512);
#21510 = CARTESIAN_POINT('',(135.08,-103.5,1.51));
#21511 = DIRECTION('',(-0.,0.,-1.));
#21512 = DIRECTION('',(-0.,-1.,0.));
#21513 = FACE_BOUND('',#21514,.T.);
#21514 = EDGE_LOOP('',(#21515));
#21515 = ORIENTED_EDGE('',*,*,#21516,.T.);
#21516 = EDGE_CURVE('',#21517,#21517,#21519,.T.);
#21517 = VERTEX_POINT('',#21518);
#21518 = CARTESIAN_POINT('',(137.62,-104.,1.51));
#21519 = CIRCLE('',#21520,0.5);
#21520 = AXIS2_PLACEMENT_3D('',#21521,#21522,#21523);
#21521 = CARTESIAN_POINT('',(137.62,-103.5,1.51));
#21522 = DIRECTION('',(-0.,0.,-1.));
#21523 = DIRECTION('',(-0.,-1.,0.));
#21524 = FACE_BOUND('',#21525,.T.);
#21525 = EDGE_LOOP('',(#21526));
#21526 = ORIENTED_EDGE('',*,*,#21527,.T.);
#21527 = EDGE_CURVE('',#21528,#21528,#21530,.T.);
#21528 = VERTEX_POINT('',#21529);
#21529 = CARTESIAN_POINT('',(168.5,-105.1,1.51));
#21530 = CIRCLE('',#21531,1.6);
#21531 = AXIS2_PLACEMENT_3D('',#21532,#21533,#21534);
#21532 = CARTESIAN_POINT('',(168.5,-103.5,1.51));
#21533 = DIRECTION('',(-0.,0.,-1.));
#21534 = DIRECTION('',(-0.,-1.,0.));
#21535 = PLANE('',#21536);
#21536 = AXIS2_PLACEMENT_3D('',#21537,#21538,#21539);
#21537 = CARTESIAN_POINT('',(0.,0.,1.51));
#21538 = DIRECTION('',(0.,0.,1.));
#21539 = DIRECTION('',(1.,0.,-0.));
#21540 = ADVANCED_FACE('',(#21541),#21552,.T.);
#21541 = FACE_BOUND('',#21542,.T.);
#21542 = EDGE_LOOP('',(#21543,#21549,#21550,#21551));
#21543 = ORIENTED_EDGE('',*,*,#21544,.T.);
#21544 = EDGE_CURVE('',#20937,#21242,#21545,.T.);
#21545 = LINE('',#21546,#21547);
#21546 = CARTESIAN_POINT('',(100.,-102.,0.));
#21547 = VECTOR('',#21548,1.);
#21548 = DIRECTION('',(0.,0.,1.));
#21549 = ORIENTED_EDGE('',*,*,#21241,.T.);
#21550 = ORIENTED_EDGE('',*,*,#20872,.F.);
#21551 = ORIENTED_EDGE('',*,*,#20936,.F.);
#21552 = CYLINDRICAL_SURFACE('',#21553,1.99999850585);
#21553 = AXIS2_PLACEMENT_3D('',#21554,#21555,#21556);
#21554 = CARTESIAN_POINT('',(101.99999850585,-101.9999985058,0.));
#21555 = DIRECTION('',(0.,0.,-1.));
#21556 = DIRECTION('',(-1.,-7.470757491648E-07,-0.));
#21557 = ADVANCED_FACE('',(#21558),#21569,.T.);
#21558 = FACE_BOUND('',#21559,.T.);
#21559 = EDGE_LOOP('',(#21560,#21561,#21562,#21568));
#21560 = ORIENTED_EDGE('',*,*,#20912,.T.);
#21561 = ORIENTED_EDGE('',*,*,#21275,.T.);
#21562 = ORIENTED_EDGE('',*,*,#21563,.F.);
#21563 = EDGE_CURVE('',#20963,#21268,#21564,.T.);
#21564 = LINE('',#21565,#21566);
#21565 = CARTESIAN_POINT('',(170.,-156.,0.));
#21566 = VECTOR('',#21567,1.);
#21567 = DIRECTION('',(0.,0.,1.));
#21568 = ORIENTED_EDGE('',*,*,#20970,.F.);
#21569 = CYLINDRICAL_SURFACE('',#21570,2.000001920065);
#21570 = AXIS2_PLACEMENT_3D('',#21571,#21572,#21573);
#21571 = CARTESIAN_POINT('',(169.99999807993,-153.9999980799,0.));
#21572 = DIRECTION('',(0.,0.,-1.));
#21573 = DIRECTION('',(1.,-9.600311321928E-07,0.));
#21574 = ADVANCED_FACE('',(#21575),#21586,.T.);
#21575 = FACE_BOUND('',#21576,.T.);
#21576 = EDGE_LOOP('',(#21577,#21583,#21584,#21585));
#21577 = ORIENTED_EDGE('',*,*,#21578,.T.);
#21578 = EDGE_CURVE('',#20946,#21251,#21579,.T.);
#21579 = LINE('',#21580,#21581);
#21580 = CARTESIAN_POINT('',(100.,-154.,0.));
#21581 = VECTOR('',#21582,1.);
#21582 = DIRECTION('',(0.,0.,1.));
#21583 = ORIENTED_EDGE('',*,*,#21250,.T.);
#21584 = ORIENTED_EDGE('',*,*,#21544,.F.);
#21585 = ORIENTED_EDGE('',*,*,#20945,.F.);
#21586 = PLANE('',#21587);
#21587 = AXIS2_PLACEMENT_3D('',#21588,#21589,#21590);
#21588 = CARTESIAN_POINT('',(100.,-154.,0.));
#21589 = DIRECTION('',(-1.,0.,0.));
#21590 = DIRECTION('',(0.,1.,0.));
#21591 = ADVANCED_FACE('',(#21592),#21603,.T.);
#21592 = FACE_BOUND('',#21593,.T.);
#21593 = EDGE_LOOP('',(#21594,#21595,#21596,#21602));
#21594 = ORIENTED_EDGE('',*,*,#21563,.T.);
#21595 = ORIENTED_EDGE('',*,*,#21267,.T.);
#21596 = ORIENTED_EDGE('',*,*,#21597,.F.);
#21597 = EDGE_CURVE('',#20954,#21259,#21598,.T.);
#21598 = LINE('',#21599,#21600);
#21599 = CARTESIAN_POINT('',(102.,-156.,0.));
#21600 = VECTOR('',#21601,1.);
#21601 = DIRECTION('',(0.,0.,1.));
#21602 = ORIENTED_EDGE('',*,*,#20962,.F.);
#21603 = PLANE('',#21604);
#21604 = AXIS2_PLACEMENT_3D('',#21605,#21606,#21607);
#21605 = CARTESIAN_POINT('',(170.,-156.,0.));
#21606 = DIRECTION('',(0.,-1.,0.));
#21607 = DIRECTION('',(-1.,0.,0.));
#21608 = ADVANCED_FACE('',(#21609),#21615,.T.);
#21609 = FACE_BOUND('',#21610,.T.);
#21610 = EDGE_LOOP('',(#21611,#21612,#21613,#21614));
#21611 = ORIENTED_EDGE('',*,*,#21597,.T.);
#21612 = ORIENTED_EDGE('',*,*,#21258,.T.);
#21613 = ORIENTED_EDGE('',*,*,#21578,.F.);
#21614 = ORIENTED_EDGE('',*,*,#20953,.F.);
#21615 = CYLINDRICAL_SURFACE('',#21616,2.000000212955);
#21616 = AXIS2_PLACEMENT_3D('',#21617,#21618,#21619);
#21617 = CARTESIAN_POINT('',(102.00000021295,-153.999999787,0.));
#21618 = DIRECTION('',(0.,0.,-1.));
#21619 = DIRECTION('',(-1.064773897809E-07,-1.,-0.));
#21620 = ADVANCED_FACE('',(#21621),#21632,.F.);
#21621 = FACE_BOUND('',#21622,.T.);
#21622 = EDGE_LOOP('',(#21623,#21624,#21630,#21631));
#21623 = ORIENTED_EDGE('',*,*,#20980,.T.);
#21624 = ORIENTED_EDGE('',*,*,#21625,.T.);
#21625 = EDGE_CURVE('',#20981,#21286,#21626,.T.);
#21626 = LINE('',#21627,#21628);
#21627 = CARTESIAN_POINT('',(103.5,-151.5,-4.6E-02));
#21628 = VECTOR('',#21629,1.);
#21629 = DIRECTION('',(0.,0.,1.));
#21630 = ORIENTED_EDGE('',*,*,#21285,.F.);
#21631 = ORIENTED_EDGE('',*,*,#21625,.F.);
#21632 = CYLINDRICAL_SURFACE('',#21633,0.5);
#21633 = AXIS2_PLACEMENT_3D('',#21634,#21635,#21636);
#21634 = CARTESIAN_POINT('',(103.5,-151.,-4.6E-02));
#21635 = DIRECTION('',(-0.,-0.,-1.));
#21636 = DIRECTION('',(-0.,-1.,0.));
#21637 = ADVANCED_FACE('',(#21638),#21649,.F.);
#21638 = FACE_BOUND('',#21639,.T.);
#21639 = EDGE_LOOP('',(#21640,#21641,#21647,#21648));
#21640 = ORIENTED_EDGE('',*,*,#20991,.T.);
#21641 = ORIENTED_EDGE('',*,*,#21642,.T.);
#21642 = EDGE_CURVE('',#20992,#21297,#21643,.T.);
#21643 = LINE('',#21644,#21645);
#21644 = CARTESIAN_POINT('',(106.,-151.5,-4.6E-02));
#21645 = VECTOR('',#21646,1.);
#21646 = DIRECTION('',(0.,0.,1.));
#21647 = ORIENTED_EDGE('',*,*,#21296,.F.);
#21648 = ORIENTED_EDGE('',*,*,#21642,.F.);
#21649 = CYLINDRICAL_SURFACE('',#21650,0.5);
#21650 = AXIS2_PLACEMENT_3D('',#21651,#21652,#21653);
#21651 = CARTESIAN_POINT('',(106.,-151.,-4.6E-02));
#21652 = DIRECTION('',(-0.,-0.,-1.));
#21653 = DIRECTION('',(-0.,-1.,0.));
#21654 = ADVANCED_FACE('',(#21655),#21666,.F.);
#21655 = FACE_BOUND('',#21656,.T.);
#21656 = EDGE_LOOP('',(#21657,#21658,#21664,#21665));
#21657 = ORIENTED_EDGE('',*,*,#21002,.T.);
#21658 = ORIENTED_EDGE('',*,*,#21659,.T.);
#21659 = EDGE_CURVE('',#21003,#21308,#21660,.T.);
#21660 = LINE('',#21661,#21662);
#21661 = CARTESIAN_POINT('',(112.1,-151.5,-4.6E-02));
#21662 = VECTOR('',#21663,1.);
#21663 = DIRECTION('',(0.,0.,1.));
#21664 = ORIENTED_EDGE('',*,*,#21307,.F.);
#21665 = ORIENTED_EDGE('',*,*,#21659,.F.);
#21666 = CYLINDRICAL_SURFACE('',#21667,0.5);
#21667 = AXIS2_PLACEMENT_3D('',#21668,#21669,#21670);
#21668 = CARTESIAN_POINT('',(112.1,-151.,-4.6E-02));
#21669 = DIRECTION('',(-0.,-0.,-1.));
#21670 = DIRECTION('',(-0.,-1.,0.));
#21671 = ADVANCED_FACE('',(#21672),#21683,.F.);
#21672 = FACE_BOUND('',#21673,.T.);
#21673 = EDGE_LOOP('',(#21674,#21675,#21681,#21682));
#21674 = ORIENTED_EDGE('',*,*,#21013,.T.);
#21675 = ORIENTED_EDGE('',*,*,#21676,.T.);
#21676 = EDGE_CURVE('',#21014,#21319,#21677,.T.);
#21677 = LINE('',#21678,#21679);
#21678 = CARTESIAN_POINT('',(114.6,-151.5,-4.6E-02));
#21679 = VECTOR('',#21680,1.);
#21680 = DIRECTION('',(0.,0.,1.));
#21681 = ORIENTED_EDGE('',*,*,#21318,.F.);
#21682 = ORIENTED_EDGE('',*,*,#21676,.F.);
#21683 = CYLINDRICAL_SURFACE('',#21684,0.5);
#21684 = AXIS2_PLACEMENT_3D('',#21685,#21686,#21687);
#21685 = CARTESIAN_POINT('',(114.6,-151.,-4.6E-02));
#21686 = DIRECTION('',(-0.,-0.,-1.));
#21687 = DIRECTION('',(-0.,-1.,0.));
#21688 = ADVANCED_FACE('',(#21689),#21700,.F.);
#21689 = FACE_BOUND('',#21690,.T.);
#21690 = EDGE_LOOP('',(#21691,#21692,#21698,#21699));
#21691 = ORIENTED_EDGE('',*,*,#21024,.T.);
#21692 = ORIENTED_EDGE('',*,*,#21693,.T.);
#21693 = EDGE_CURVE('',#21025,#21330,#21694,.T.);
#21694 = LINE('',#21695,#21696);
#21695 = CARTESIAN_POINT('',(120.7,-151.5,-4.6E-02));
#21696 = VECTOR('',#21697,1.);
#21697 = DIRECTION('',(0.,0.,1.));
#21698 = ORIENTED_EDGE('',*,*,#21329,.F.);
#21699 = ORIENTED_EDGE('',*,*,#21693,.F.);
#21700 = CYLINDRICAL_SURFACE('',#21701,0.5);
#21701 = AXIS2_PLACEMENT_3D('',#21702,#21703,#21704);
#21702 = CARTESIAN_POINT('',(120.7,-151.,-4.6E-02));
#21703 = DIRECTION('',(-0.,-0.,-1.));
#21704 = DIRECTION('',(-0.,-1.,0.));
#21705 = ADVANCED_FACE('',(#21706),#21717,.F.);
#21706 = FACE_BOUND('',#21707,.T.);
#21707 = EDGE_LOOP('',(#21708,#21709,#21715,#21716));
#21708 = ORIENTED_EDGE('',*,*,#21035,.T.);
#21709 = ORIENTED_EDGE('',*,*,#21710,.T.);
#21710 = EDGE_CURVE('',#21036,#21341,#21711,.T.);
#21711 = LINE('',#21712,#21713);
#21712 = CARTESIAN_POINT('',(123.2,-151.5,-4.6E-02));
#21713 = VECTOR('',#21714,1.);
#21714 = DIRECTION('',(0.,0.,1.));
#21715 = ORIENTED_EDGE('',*,*,#21340,.F.);
#21716 = ORIENTED_EDGE('',*,*,#21710,.F.);
#21717 = CYLINDRICAL_SURFACE('',#21718,0.5);
#21718 = AXIS2_PLACEMENT_3D('',#21719,#21720,#21721);
#21719 = CARTESIAN_POINT('',(123.2,-151.,-4.6E-02));
#21720 = DIRECTION('',(-0.,-0.,-1.));
#21721 = DIRECTION('',(-0.,-1.,0.));
#21722 = ADVANCED_FACE('',(#21723),#21734,.F.);
#21723 = FACE_BOUND('',#21724,.T.);
#21724 = EDGE_LOOP('',(#21725,#21726,#21732,#21733));
#21725 = ORIENTED_EDGE('',*,*,#21046,.T.);
#21726 = ORIENTED_EDGE('',*,*,#21727,.T.);
#21727 = EDGE_CURVE('',#21047,#21352,#21728,.T.);
#21728 = LINE('',#21729,#21730);
#21729 = CARTESIAN_POINT('',(129.3,-151.5,-4.6E-02));
#21730 = VECTOR('',#21731,1.);
#21731 = DIRECTION('',(0.,0.,1.));
#21732 = ORIENTED_EDGE('',*,*,#21351,.F.);
#21733 = ORIENTED_EDGE('',*,*,#21727,.F.);
#21734 = CYLINDRICAL_SURFACE('',#21735,0.5);
#21735 = AXIS2_PLACEMENT_3D('',#21736,#21737,#21738);
#21736 = CARTESIAN_POINT('',(129.3,-151.,-4.6E-02));
#21737 = DIRECTION('',(-0.,-0.,-1.));
#21738 = DIRECTION('',(-0.,-1.,0.));
#21739 = ADVANCED_FACE('',(#21740),#21751,.F.);
#21740 = FACE_BOUND('',#21741,.T.);
#21741 = EDGE_LOOP('',(#21742,#21743,#21749,#21750));
#21742 = ORIENTED_EDGE('',*,*,#21057,.T.);
#21743 = ORIENTED_EDGE('',*,*,#21744,.T.);
#21744 = EDGE_CURVE('',#21058,#21363,#21745,.T.);
#21745 = LINE('',#21746,#21747);
#21746 = CARTESIAN_POINT('',(131.8,-151.5,-4.6E-02));
#21747 = VECTOR('',#21748,1.);
#21748 = DIRECTION('',(0.,0.,1.));
#21749 = ORIENTED_EDGE('',*,*,#21362,.F.);
#21750 = ORIENTED_EDGE('',*,*,#21744,.F.);
#21751 = CYLINDRICAL_SURFACE('',#21752,0.5);
#21752 = AXIS2_PLACEMENT_3D('',#21753,#21754,#21755);
#21753 = CARTESIAN_POINT('',(131.8,-151.,-4.6E-02));
#21754 = DIRECTION('',(-0.,-0.,-1.));
#21755 = DIRECTION('',(-0.,-1.,0.));
#21756 = ADVANCED_FACE('',(#21757),#21768,.F.);
#21757 = FACE_BOUND('',#21758,.T.);
#21758 = EDGE_LOOP('',(#21759,#21760,#21766,#21767));
#21759 = ORIENTED_EDGE('',*,*,#21068,.T.);
#21760 = ORIENTED_EDGE('',*,*,#21761,.T.);
#21761 = EDGE_CURVE('',#21069,#21374,#21762,.T.);
#21762 = LINE('',#21763,#21764);
#21763 = CARTESIAN_POINT('',(137.9,-151.5,-4.6E-02));
#21764 = VECTOR('',#21765,1.);
#21765 = DIRECTION('',(0.,0.,1.));
#21766 = ORIENTED_EDGE('',*,*,#21373,.F.);
#21767 = ORIENTED_EDGE('',*,*,#21761,.F.);
#21768 = CYLINDRICAL_SURFACE('',#21769,0.5);
#21769 = AXIS2_PLACEMENT_3D('',#21770,#21771,#21772);
#21770 = CARTESIAN_POINT('',(137.9,-151.,-4.6E-02));
#21771 = DIRECTION('',(-0.,-0.,-1.));
#21772 = DIRECTION('',(-0.,-1.,0.));
#21773 = ADVANCED_FACE('',(#21774),#21785,.F.);
#21774 = FACE_BOUND('',#21775,.T.);
#21775 = EDGE_LOOP('',(#21776,#21777,#21783,#21784));
#21776 = ORIENTED_EDGE('',*,*,#21079,.T.);
#21777 = ORIENTED_EDGE('',*,*,#21778,.T.);
#21778 = EDGE_CURVE('',#21080,#21385,#21779,.T.);
#21779 = LINE('',#21780,#21781);
#21780 = CARTESIAN_POINT('',(140.4,-151.5,-4.6E-02));
#21781 = VECTOR('',#21782,1.);
#21782 = DIRECTION('',(0.,0.,1.));
#21783 = ORIENTED_EDGE('',*,*,#21384,.F.);
#21784 = ORIENTED_EDGE('',*,*,#21778,.F.);
#21785 = CYLINDRICAL_SURFACE('',#21786,0.5);
#21786 = AXIS2_PLACEMENT_3D('',#21787,#21788,#21789);
#21787 = CARTESIAN_POINT('',(140.4,-151.,-4.6E-02));
#21788 = DIRECTION('',(-0.,-0.,-1.));
#21789 = DIRECTION('',(-0.,-1.,0.));
#21790 = ADVANCED_FACE('',(#21791),#21802,.F.);
#21791 = FACE_BOUND('',#21792,.T.);
#21792 = EDGE_LOOP('',(#21793,#21794,#21800,#21801));
#21793 = ORIENTED_EDGE('',*,*,#21090,.T.);
#21794 = ORIENTED_EDGE('',*,*,#21795,.T.);
#21795 = EDGE_CURVE('',#21091,#21396,#21796,.T.);
#21796 = LINE('',#21797,#21798);
#21797 = CARTESIAN_POINT('',(146.5,-151.5,-4.6E-02));
#21798 = VECTOR('',#21799,1.);
#21799 = DIRECTION('',(0.,0.,1.));
#21800 = ORIENTED_EDGE('',*,*,#21395,.F.);
#21801 = ORIENTED_EDGE('',*,*,#21795,.F.);
#21802 = CYLINDRICAL_SURFACE('',#21803,0.5);
#21803 = AXIS2_PLACEMENT_3D('',#21804,#21805,#21806);
#21804 = CARTESIAN_POINT('',(146.5,-151.,-4.6E-02));
#21805 = DIRECTION('',(-0.,-0.,-1.));
#21806 = DIRECTION('',(-0.,-1.,0.));
#21807 = ADVANCED_FACE('',(#21808),#21819,.F.);
#21808 = FACE_BOUND('',#21809,.T.);
#21809 = EDGE_LOOP('',(#21810,#21811,#21817,#21818));
#21810 = ORIENTED_EDGE('',*,*,#21101,.T.);
#21811 = ORIENTED_EDGE('',*,*,#21812,.T.);
#21812 = EDGE_CURVE('',#21102,#21407,#21813,.T.);
#21813 = LINE('',#21814,#21815);
#21814 = CARTESIAN_POINT('',(149.,-151.5,-4.6E-02));
#21815 = VECTOR('',#21816,1.);
#21816 = DIRECTION('',(0.,0.,1.));
#21817 = ORIENTED_EDGE('',*,*,#21406,.F.);
#21818 = ORIENTED_EDGE('',*,*,#21812,.F.);
#21819 = CYLINDRICAL_SURFACE('',#21820,0.5);
#21820 = AXIS2_PLACEMENT_3D('',#21821,#21822,#21823);
#21821 = CARTESIAN_POINT('',(149.,-151.,-4.6E-02));
#21822 = DIRECTION('',(-0.,-0.,-1.));
#21823 = DIRECTION('',(-0.,-1.,0.));
#21824 = ADVANCED_FACE('',(#21825),#21836,.F.);
#21825 = FACE_BOUND('',#21826,.T.);
#21826 = EDGE_LOOP('',(#21827,#21828,#21834,#21835));
#21827 = ORIENTED_EDGE('',*,*,#21112,.T.);
#21828 = ORIENTED_EDGE('',*,*,#21829,.T.);
#21829 = EDGE_CURVE('',#21113,#21418,#21830,.T.);
#21830 = LINE('',#21831,#21832);
#21831 = CARTESIAN_POINT('',(155.1,-151.5,-4.6E-02));
#21832 = VECTOR('',#21833,1.);
#21833 = DIRECTION('',(0.,0.,1.));
#21834 = ORIENTED_EDGE('',*,*,#21417,.F.);
#21835 = ORIENTED_EDGE('',*,*,#21829,.F.);
#21836 = CYLINDRICAL_SURFACE('',#21837,0.5);
#21837 = AXIS2_PLACEMENT_3D('',#21838,#21839,#21840);
#21838 = CARTESIAN_POINT('',(155.1,-151.,-4.6E-02));
#21839 = DIRECTION('',(-0.,-0.,-1.));
#21840 = DIRECTION('',(-0.,-1.,0.));
#21841 = ADVANCED_FACE('',(#21842),#21853,.F.);
#21842 = FACE_BOUND('',#21843,.T.);
#21843 = EDGE_LOOP('',(#21844,#21845,#21851,#21852));
#21844 = ORIENTED_EDGE('',*,*,#21123,.T.);
#21845 = ORIENTED_EDGE('',*,*,#21846,.T.);
#21846 = EDGE_CURVE('',#21124,#21429,#21847,.T.);
#21847 = LINE('',#21848,#21849);
#21848 = CARTESIAN_POINT('',(157.6,-151.5,-4.6E-02));
#21849 = VECTOR('',#21850,1.);
#21850 = DIRECTION('',(0.,0.,1.));
#21851 = ORIENTED_EDGE('',*,*,#21428,.F.);
#21852 = ORIENTED_EDGE('',*,*,#21846,.F.);
#21853 = CYLINDRICAL_SURFACE('',#21854,0.5);
#21854 = AXIS2_PLACEMENT_3D('',#21855,#21856,#21857);
#21855 = CARTESIAN_POINT('',(157.6,-151.,-4.6E-02));
#21856 = DIRECTION('',(-0.,-0.,-1.));
#21857 = DIRECTION('',(-0.,-1.,0.));
#21858 = ADVANCED_FACE('',(#21859),#21870,.F.);
#21859 = FACE_BOUND('',#21860,.T.);
#21860 = EDGE_LOOP('',(#21861,#21862,#21868,#21869));
#21861 = ORIENTED_EDGE('',*,*,#21134,.T.);
#21862 = ORIENTED_EDGE('',*,*,#21863,.T.);
#21863 = EDGE_CURVE('',#21135,#21440,#21864,.T.);
#21864 = LINE('',#21865,#21866);
#21865 = CARTESIAN_POINT('',(163.7,-151.5,-4.6E-02));
#21866 = VECTOR('',#21867,1.);
#21867 = DIRECTION('',(0.,0.,1.));
#21868 = ORIENTED_EDGE('',*,*,#21439,.F.);
#21869 = ORIENTED_EDGE('',*,*,#21863,.F.);
#21870 = CYLINDRICAL_SURFACE('',#21871,0.5);
#21871 = AXIS2_PLACEMENT_3D('',#21872,#21873,#21874);
#21872 = CARTESIAN_POINT('',(163.7,-151.,-4.6E-02));
#21873 = DIRECTION('',(-0.,-0.,-1.));
#21874 = DIRECTION('',(-0.,-1.,0.));
#21875 = ADVANCED_FACE('',(#21876),#21887,.F.);
#21876 = FACE_BOUND('',#21877,.T.);
#21877 = EDGE_LOOP('',(#21878,#21879,#21885,#21886));
#21878 = ORIENTED_EDGE('',*,*,#21145,.T.);
#21879 = ORIENTED_EDGE('',*,*,#21880,.T.);
#21880 = EDGE_CURVE('',#21146,#21451,#21881,.T.);
#21881 = LINE('',#21882,#21883);
#21882 = CARTESIAN_POINT('',(166.2,-151.5,-4.6E-02));
#21883 = VECTOR('',#21884,1.);
#21884 = DIRECTION('',(0.,0.,1.));
#21885 = ORIENTED_EDGE('',*,*,#21450,.F.);
#21886 = ORIENTED_EDGE('',*,*,#21880,.F.);
#21887 = CYLINDRICAL_SURFACE('',#21888,0.5);
#21888 = AXIS2_PLACEMENT_3D('',#21889,#21890,#21891);
#21889 = CARTESIAN_POINT('',(166.2,-151.,-4.6E-02));
#21890 = DIRECTION('',(-0.,-0.,-1.));
#21891 = DIRECTION('',(-0.,-1.,0.));
#21892 = ADVANCED_FACE('',(#21893),#21904,.F.);
#21893 = FACE_BOUND('',#21894,.T.);
#21894 = EDGE_LOOP('',(#21895,#21896,#21902,#21903));
#21895 = ORIENTED_EDGE('',*,*,#21156,.T.);
#21896 = ORIENTED_EDGE('',*,*,#21897,.T.);
#21897 = EDGE_CURVE('',#21157,#21462,#21898,.T.);
#21898 = LINE('',#21899,#21900);
#21899 = CARTESIAN_POINT('',(168.5,-140.1,-4.6E-02));
#21900 = VECTOR('',#21901,1.);
#21901 = DIRECTION('',(0.,0.,1.));
#21902 = ORIENTED_EDGE('',*,*,#21461,.F.);
#21903 = ORIENTED_EDGE('',*,*,#21897,.F.);
#21904 = CYLINDRICAL_SURFACE('',#21905,1.6);
#21905 = AXIS2_PLACEMENT_3D('',#21906,#21907,#21908);
#21906 = CARTESIAN_POINT('',(168.5,-138.5,-4.6E-02));
#21907 = DIRECTION('',(-0.,-0.,-1.));
#21908 = DIRECTION('',(-0.,-1.,0.));
#21909 = ADVANCED_FACE('',(#21910),#21921,.F.);
#21910 = FACE_BOUND('',#21911,.T.);
#21911 = EDGE_LOOP('',(#21912,#21913,#21919,#21920));
#21912 = ORIENTED_EDGE('',*,*,#21167,.T.);
#21913 = ORIENTED_EDGE('',*,*,#21914,.T.);
#21914 = EDGE_CURVE('',#21168,#21473,#21915,.T.);
#21915 = LINE('',#21916,#21917);
#21916 = CARTESIAN_POINT('',(103.5,-105.1,-4.6E-02));
#21917 = VECTOR('',#21918,1.);
#21918 = DIRECTION('',(0.,0.,1.));
#21919 = ORIENTED_EDGE('',*,*,#21472,.F.);
#21920 = ORIENTED_EDGE('',*,*,#21914,.F.);
#21921 = CYLINDRICAL_SURFACE('',#21922,1.6);
#21922 = AXIS2_PLACEMENT_3D('',#21923,#21924,#21925);
#21923 = CARTESIAN_POINT('',(103.5,-103.5,-4.6E-02));
#21924 = DIRECTION('',(-0.,-0.,-1.));
#21925 = DIRECTION('',(-0.,-1.,0.));
#21926 = ADVANCED_FACE('',(#21927),#21938,.F.);
#21927 = FACE_BOUND('',#21928,.T.);
#21928 = EDGE_LOOP('',(#21929,#21930,#21936,#21937));
#21929 = ORIENTED_EDGE('',*,*,#21178,.T.);
#21930 = ORIENTED_EDGE('',*,*,#21931,.T.);
#21931 = EDGE_CURVE('',#21179,#21484,#21932,.T.);
#21932 = LINE('',#21933,#21934);
#21933 = CARTESIAN_POINT('',(130.,-104.,-4.6E-02));
#21934 = VECTOR('',#21935,1.);
#21935 = DIRECTION('',(0.,0.,1.));
#21936 = ORIENTED_EDGE('',*,*,#21483,.F.);
#21937 = ORIENTED_EDGE('',*,*,#21931,.F.);
#21938 = CYLINDRICAL_SURFACE('',#21939,0.5);
#21939 = AXIS2_PLACEMENT_3D('',#21940,#21941,#21942);
#21940 = CARTESIAN_POINT('',(130.,-103.5,-4.6E-02));
#21941 = DIRECTION('',(-0.,-0.,-1.));
#21942 = DIRECTION('',(-0.,-1.,0.));
#21943 = ADVANCED_FACE('',(#21944),#21955,.F.);
#21944 = FACE_BOUND('',#21945,.T.);
#21945 = EDGE_LOOP('',(#21946,#21947,#21953,#21954));
#21946 = ORIENTED_EDGE('',*,*,#21189,.T.);
#21947 = ORIENTED_EDGE('',*,*,#21948,.T.);
#21948 = EDGE_CURVE('',#21190,#21495,#21949,.T.);
#21949 = LINE('',#21950,#21951);
#21950 = CARTESIAN_POINT('',(132.54,-104.,-4.6E-02));
#21951 = VECTOR('',#21952,1.);
#21952 = DIRECTION('',(0.,0.,1.));
#21953 = ORIENTED_EDGE('',*,*,#21494,.F.);
#21954 = ORIENTED_EDGE('',*,*,#21948,.F.);
#21955 = CYLINDRICAL_SURFACE('',#21956,0.5);
#21956 = AXIS2_PLACEMENT_3D('',#21957,#21958,#21959);
#21957 = CARTESIAN_POINT('',(132.54,-103.5,-4.6E-02));
#21958 = DIRECTION('',(-0.,-0.,-1.));
#21959 = DIRECTION('',(-0.,-1.,0.));
#21960 = ADVANCED_FACE('',(#21961),#21972,.F.);
#21961 = FACE_BOUND('',#21962,.T.);
#21962 = EDGE_LOOP('',(#21963,#21964,#21970,#21971));
#21963 = ORIENTED_EDGE('',*,*,#21200,.T.);
#21964 = ORIENTED_EDGE('',*,*,#21965,.T.);
#21965 = EDGE_CURVE('',#21201,#21506,#21966,.T.);
#21966 = LINE('',#21967,#21968);
#21967 = CARTESIAN_POINT('',(135.08,-104.,-4.6E-02));
#21968 = VECTOR('',#21969,1.);
#21969 = DIRECTION('',(0.,0.,1.));
#21970 = ORIENTED_EDGE('',*,*,#21505,.F.);
#21971 = ORIENTED_EDGE('',*,*,#21965,.F.);
#21972 = CYLINDRICAL_SURFACE('',#21973,0.5);
#21973 = AXIS2_PLACEMENT_3D('',#21974,#21975,#21976);
#21974 = CARTESIAN_POINT('',(135.08,-103.5,-4.6E-02));
#21975 = DIRECTION('',(-0.,-0.,-1.));
#21976 = DIRECTION('',(-0.,-1.,0.));
#21977 = ADVANCED_FACE('',(#21978),#21989,.F.);
#21978 = FACE_BOUND('',#21979,.T.);
#21979 = EDGE_LOOP('',(#21980,#21981,#21987,#21988));
#21980 = ORIENTED_EDGE('',*,*,#21211,.T.);
#21981 = ORIENTED_EDGE('',*,*,#21982,.T.);
#21982 = EDGE_CURVE('',#21212,#21517,#21983,.T.);
#21983 = LINE('',#21984,#21985);
#21984 = CARTESIAN_POINT('',(137.62,-104.,-4.6E-02));
#21985 = VECTOR('',#21986,1.);
#21986 = DIRECTION('',(0.,0.,1.));
#21987 = ORIENTED_EDGE('',*,*,#21516,.F.);
#21988 = ORIENTED_EDGE('',*,*,#21982,.F.);
#21989 = CYLINDRICAL_SURFACE('',#21990,0.5);
#21990 = AXIS2_PLACEMENT_3D('',#21991,#21992,#21993);
#21991 = CARTESIAN_POINT('',(137.62,-103.5,-4.6E-02));
#21992 = DIRECTION('',(-0.,-0.,-1.));
#21993 = DIRECTION('',(-0.,-1.,0.));
#21994 = ADVANCED_FACE('',(#21995),#22006,.F.);
#21995 = FACE_BOUND('',#21996,.T.);
#21996 = EDGE_LOOP('',(#21997,#21998,#22004,#22005));
#21997 = ORIENTED_EDGE('',*,*,#21222,.T.);
#21998 = ORIENTED_EDGE('',*,*,#21999,.T.);
#21999 = EDGE_CURVE('',#21223,#21528,#22000,.T.);
#22000 = LINE('',#22001,#22002);
#22001 = CARTESIAN_POINT('',(168.5,-105.1,-4.6E-02));
#22002 = VECTOR('',#22003,1.);
#22003 = DIRECTION('',(0.,0.,1.));
#22004 = ORIENTED_EDGE('',*,*,#21527,.F.);
#22005 = ORIENTED_EDGE('',*,*,#21999,.F.);
#22006 = CYLINDRICAL_SURFACE('',#22007,1.6);
#22007 = AXIS2_PLACEMENT_3D('',#22008,#22009,#22010);
#22008 = CARTESIAN_POINT('',(168.5,-103.5,-4.6E-02));
#22009 = DIRECTION('',(-0.,-0.,-1.));
#22010 = DIRECTION('',(-0.,-1.,0.));
#22011 = ( GEOMETRIC_REPRESENTATION_CONTEXT(3) 
GLOBAL_UNCERTAINTY_ASSIGNED_CONTEXT((#22015)) 
GLOBAL_UNIT_ASSIGNED_CONTEXT((#22012,#22013,#22014)) 
REPRESENTATION_CONTEXT('Context #1',
  '3D Context with UNIT and UNCERTAINTY') );
#22012 = ( LENGTH_UNIT() NAMED_UNIT(*) SI_UNIT(.MILLI.,.METRE.) );
#22013 = ( NAMED_UNIT(*) PLANE_ANGLE_UNIT() SI_UNIT($,.RADIAN.) );
#22014 = ( NAMED_UNIT(*) SI_UNIT($,.STERADIAN.) SOLID_ANGLE_UNIT() );
#22015 = UNCERTAINTY_MEASURE_WITH_UNIT(LENGTH_MEASURE(1.E-07),#22012,
  'distance_accuracy_value','confusion accuracy');
#22016 = CONTEXT_DEPENDENT_SHAPE_REPRESENTATION(#22017,#22019);
#22017 = ( REPRESENTATION_RELATIONSHIP('','',#20823,#10) 
REPRESENTATION_RELATIONSHIP_WITH_TRANSFORMATION(#22018) 
SHAPE_REPRESENTATION_RELATIONSHIP() );
#22018 = ITEM_DEFINED_TRANSFORMATION('','',#11,#259);
#22019 = PRODUCT_DEFINITION_SHAPE('Placement','Placement of an item',
  #22020);
#22020 = NEXT_ASSEMBLY_USAGE_OCCURRENCE('62','=>[0:1:1:10]','',#5,#20818
  ,$);
#22021 = PRODUCT_RELATED_PRODUCT_CATEGORY('part',$,(#20820));
#22022 = MECHANICAL_DESIGN_GEOMETRIC_PRESENTATION_REPRESENTATION('',(
    #22023),#22011);
#22023 = STYLED_ITEM('color',(#22024),#20824);
#22024 = PRESENTATION_STYLE_ASSIGNMENT((#22025));
#22025 = SURFACE_STYLE_USAGE(.BOTH.,#22026);
#22026 = SURFACE_SIDE_STYLE('',(#22027));
#22027 = SURFACE_STYLE_FILL_AREA(#22028);
#22028 = FILL_AREA_STYLE('',(#22029));
#22029 = FILL_AREA_STYLE_COLOUR('',#22030);
#22030 = COLOUR_RGB('',0.313304153717,0.484529207832,0.410020903123);
ENDSEC;
END-ISO-10303-21;
