ISO-10303-21;
HEADER;
FILE_DESCRIPTION(('KiCad electronic assembly'),'2;1');
FILE_NAME('AP_AI4.step','2026-10-06T22:30:29',('Pcbnew'),('Kicad'),
  'Open CASCADE STEP processor 7.6','KiCad to STEP converter','Unknown'
  );
FILE_SCHEMA(('AUTOMOTIVE_DESIGN { 1 0 10303 214 1 1 1 1 }'));
ENDSEC;
DATA;
#1 = APPLICATION_PROTOCOL_DEFINITION('international standard',
  'automotive_design',2000,#2);
#2 = APPLICATION_CONTEXT(
  'core data for automotive mechanical design processes');
#3 = SHAPE_DEFINITION_REPRESENTATION(#4,#10);
#4 = PRODUCT_DEFINITION_SHAPE('','',#5);
#5 = PRODUCT_DEFINITION('design','',#6,#9);
#6 = PRODUCT_DEFINITION_FORMATION('','',#7);
#7 = PRODUCT('AP_AI4 1','AP_AI4 1','',(#8));
#8 = PRODUCT_CONTEXT('',#2,'mechanical');
#9 = PRODUCT_DEFINITION_CONTEXT('part definition',#2,'design');
#10 = SHAPE_REPRESENTATION('',(#11,#15,#19,#23,#27,#31,#35,#39,#43,#47,
    #51,#55,#59,#63,#67,#71,#75,#79,#83,#87,#91,#95,#99,#103,#107,#111,
    #115,#119,#123,#127,#131,#135),#139);
#11 = AXIS2_PLACEMENT_3D('',#12,#13,#14);
#12 = CARTESIAN_POINT('',(0.,0.,0.));
#13 = DIRECTION('',(0.,0.,1.));
#14 = DIRECTION('',(1.,0.,-0.));
#15 = AXIS2_PLACEMENT_3D('',#16,#17,#18);
#16 = CARTESIAN_POINT('',(154.,-140.,1.595));
#17 = DIRECTION('',(0.,-0.,1.));
#18 = DIRECTION('',(1.110223024625E-16,1.,0.));
#19 = AXIS2_PLACEMENT_3D('',#20,#21,#22);
#20 = CARTESIAN_POINT('',(138.,-140.,1.595));
#21 = DIRECTION('',(0.,-0.,1.));
#22 = DIRECTION('',(1.110223024625E-16,1.,0.));
#23 = AXIS2_PLACEMENT_3D('',#24,#25,#26);
#24 = CARTESIAN_POINT('',(154.,-151.,1.595));
#25 = DIRECTION('',(0.,0.,1.));
#26 = DIRECTION('',(1.,0.,0.));
#27 = AXIS2_PLACEMENT_3D('',#28,#29,#30);
#28 = CARTESIAN_POINT('',(146.,-123.5,1.595));
#29 = DIRECTION('',(0.,-0.,1.));
#30 = DIRECTION('',(1.110223024625E-16,1.,0.));
#31 = AXIS2_PLACEMENT_3D('',#32,#33,#34);
#32 = CARTESIAN_POINT('',(106.,-140.,1.595));
#33 = DIRECTION('',(0.,-0.,1.));
#34 = DIRECTION('',(1.110223024625E-16,1.,0.));
#35 = AXIS2_PLACEMENT_3D('',#36,#37,#38);
#36 = CARTESIAN_POINT('',(127.,-142.,1.595));
#37 = DIRECTION('',(0.,-0.,1.));
#38 = DIRECTION('',(1.110223024625E-16,1.,0.));
#39 = AXIS2_PLACEMENT_3D('',#40,#41,#42);
#40 = CARTESIAN_POINT('',(136.,-118.6,1.595));
#41 = DIRECTION('',(0.,0.,1.));
#42 = DIRECTION('',(1.,0.,0.));
#43 = AXIS2_PLACEMENT_3D('',#44,#45,#46);
#44 = CARTESIAN_POINT('',(159.,-137.,1.595));
#45 = DIRECTION('',(0.,-0.,1.));
#46 = DIRECTION('',(1.110223024625E-16,1.,0.));
#47 = AXIS2_PLACEMENT_3D('',#48,#49,#50);
#48 = CARTESIAN_POINT('',(159.,-142.,1.595));
#49 = DIRECTION('',(0.,-0.,1.));
#50 = DIRECTION('',(1.110223024625E-16,1.,0.));
#51 = AXIS2_PLACEMENT_3D('',#52,#53,#54);
#52 = CARTESIAN_POINT('',(108.5,-142.,1.595));
#53 = DIRECTION('',(0.,-0.,1.));
#54 = DIRECTION('',(1.110223024625E-16,1.,0.));
#55 = AXIS2_PLACEMENT_3D('',#56,#57,#58);
#56 = CARTESIAN_POINT('',(129.5,-137.,1.595));
#57 = DIRECTION('',(0.,-0.,1.));
#58 = DIRECTION('',(1.110223024625E-16,1.,0.));
#59 = AXIS2_PLACEMENT_3D('',#60,#61,#62);
#60 = CARTESIAN_POINT('',(145.5,-137.,1.595));
#61 = DIRECTION('',(0.,-0.,1.));
#62 = DIRECTION('',(1.110223024625E-16,1.,0.));
#63 = AXIS2_PLACEMENT_3D('',#64,#65,#66);
#64 = CARTESIAN_POINT('',(127.,-137.,1.595));
#65 = DIRECTION('',(0.,-0.,1.));
#66 = DIRECTION('',(1.110223024625E-16,1.,0.));
#67 = AXIS2_PLACEMENT_3D('',#68,#69,#70);
#68 = CARTESIAN_POINT('',(140.5,-142.,1.595));
#69 = DIRECTION('',(0.,-0.,1.));
#70 = DIRECTION('',(1.110223024625E-16,1.,0.));
#71 = AXIS2_PLACEMENT_3D('',#72,#73,#74);
#72 = CARTESIAN_POINT('',(122.,-140.,1.595));
#73 = DIRECTION('',(0.,-0.,1.));
#74 = DIRECTION('',(1.110223024625E-16,1.,0.));
#75 = AXIS2_PLACEMENT_3D('',#76,#77,#78);
#76 = CARTESIAN_POINT('',(106.,-151.,1.595));
#77 = DIRECTION('',(0.,0.,1.));
#78 = DIRECTION('',(1.,0.,0.));
#79 = AXIS2_PLACEMENT_3D('',#80,#81,#82);
#80 = CARTESIAN_POINT('',(161.5,-137.,1.595));
#81 = DIRECTION('',(0.,-0.,1.));
#82 = DIRECTION('',(1.110223024625E-16,1.,0.));
#83 = AXIS2_PLACEMENT_3D('',#84,#85,#86);
#84 = CARTESIAN_POINT('',(111.,-137.,1.595));
#85 = DIRECTION('',(0.,-0.,1.));
#86 = DIRECTION('',(1.110223024625E-16,1.,0.));
#87 = AXIS2_PLACEMENT_3D('',#88,#89,#90);
#88 = CARTESIAN_POINT('',(143.,-142.,1.595));
#89 = DIRECTION('',(0.,-0.,1.));
#90 = DIRECTION('',(1.110223024625E-16,1.,0.));
#91 = AXIS2_PLACEMENT_3D('',#92,#93,#94);
#92 = CARTESIAN_POINT('',(113.5,-137.,1.595));
#93 = DIRECTION('',(0.,-0.,1.));
#94 = DIRECTION('',(1.110223024625E-16,1.,0.));
#95 = AXIS2_PLACEMENT_3D('',#96,#97,#98);
#96 = CARTESIAN_POINT('',(143.,-137.,1.595));
#97 = DIRECTION('',(0.,-0.,1.));
#98 = DIRECTION('',(1.110223024625E-16,1.,0.));
#99 = AXIS2_PLACEMENT_3D('',#100,#101,#102);
#100 = CARTESIAN_POINT('',(152.,-130.,1.595));
#101 = DIRECTION('',(0.,-0.,1.));
#102 = DIRECTION('',(1.110223024625E-16,1.,0.));
#103 = AXIS2_PLACEMENT_3D('',#104,#105,#106);
#104 = CARTESIAN_POINT('',(152.,-123.5,1.595));
#105 = DIRECTION('',(0.,-0.,1.));
#106 = DIRECTION('',(1.110223024625E-16,1.,0.));
#107 = AXIS2_PLACEMENT_3D('',#108,#109,#110);
#108 = CARTESIAN_POINT('',(136.,-114.,1.595));
#109 = DIRECTION('',(0.,0.,1.));
#110 = DIRECTION('',(1.,0.,0.));
#111 = AXIS2_PLACEMENT_3D('',#112,#113,#114);
#112 = CARTESIAN_POINT('',(111.,-142.,1.595));
#113 = DIRECTION('',(0.,-0.,1.));
#114 = DIRECTION('',(1.110223024625E-16,1.,0.));
#115 = AXIS2_PLACEMENT_3D('',#116,#117,#118);
#116 = CARTESIAN_POINT('',(122.,-151.,1.595));
#117 = DIRECTION('',(0.,0.,1.));
#118 = DIRECTION('',(1.,0.,0.));
#119 = AXIS2_PLACEMENT_3D('',#120,#121,#122);
#120 = CARTESIAN_POINT('',(124.5,-142.,1.595));
#121 = DIRECTION('',(0.,-0.,1.));
#122 = DIRECTION('',(1.110223024625E-16,1.,0.));
#123 = AXIS2_PLACEMENT_3D('',#124,#125,#126);
#124 = CARTESIAN_POINT('',(146.,-130.5,1.595));
#125 = DIRECTION('',(0.,-0.,1.));
#126 = DIRECTION('',(1.110223024625E-16,1.,0.));
#127 = AXIS2_PLACEMENT_3D('',#128,#129,#130);
#128 = CARTESIAN_POINT('',(138.,-151.,1.595));
#129 = DIRECTION('',(0.,0.,1.));
#130 = DIRECTION('',(1.,0.,0.));
#131 = AXIS2_PLACEMENT_3D('',#132,#133,#134);
#132 = CARTESIAN_POINT('',(156.5,-142.,1.595));
#133 = DIRECTION('',(0.,-0.,1.));
#134 = DIRECTION('',(1.110223024625E-16,1.,0.));
#135 = AXIS2_PLACEMENT_3D('',#136,#137,#138);
#136 = CARTESIAN_POINT('',(0.,0.,0.));
#137 = DIRECTION('',(0.,0.,1.));
#138 = DIRECTION('',(1.,0.,-0.));
#139 = ( GEOMETRIC_REPRESENTATION_CONTEXT(3) 
GLOBAL_UNCERTAINTY_ASSIGNED_CONTEXT((#143)) GLOBAL_UNIT_ASSIGNED_CONTEXT
((#140,#141,#142)) REPRESENTATION_CONTEXT('Context #1',
  '3D Context with UNIT and UNCERTAINTY') );
#140 = ( LENGTH_UNIT() NAMED_UNIT(*) SI_UNIT(.MILLI.,.METRE.) );
#141 = ( NAMED_UNIT(*) PLANE_ANGLE_UNIT() SI_UNIT($,.RADIAN.) );
#142 = ( NAMED_UNIT(*) SI_UNIT($,.STERADIAN.) SOLID_ANGLE_UNIT() );
#143 = UNCERTAINTY_MEASURE_WITH_UNIT(LENGTH_MEASURE(5.E-07),#140,
  'distance_accuracy_value','confusion accuracy');
#144 = PRODUCT_RELATED_PRODUCT_CATEGORY('part',$,(#7));
#145 = SHAPE_DEFINITION_REPRESENTATION(#146,#152);
#146 = PRODUCT_DEFINITION_SHAPE('','',#147);
#147 = PRODUCT_DEFINITION('design','',#148,#151);
#148 = PRODUCT_DEFINITION_FORMATION('','',#149);
#149 = PRODUCT('R_0805_2012Metric','R_0805_2012Metric','',(#150));
#150 = PRODUCT_CONTEXT('',#2,'mechanical');
#151 = PRODUCT_DEFINITION_CONTEXT('part definition',#2,'design');
#152 = ADVANCED_BREP_SHAPE_REPRESENTATION('',(#11,#153),#943);
#153 = MANIFOLD_SOLID_BREP('',#154);
#154 = CLOSED_SHELL('',(#155,#195,#278,#303,#328,#395,#412,#429,#478,
    #495,#512,#561,#578,#647,#678,#702,#771,#795,#812,#829,#846,#863,
    #880,#897,#914,#931));
#155 = ADVANCED_FACE('',(#156),#190,.F.);
#156 = FACE_BOUND('',#157,.F.);
#157 = EDGE_LOOP('',(#158,#168,#176,#184));
#158 = ORIENTED_EDGE('',*,*,#159,.F.);
#159 = EDGE_CURVE('',#160,#162,#164,.T.);
#160 = VERTEX_POINT('',#161);
#161 = CARTESIAN_POINT('',(-1.,-0.6,4.5E-02));
#162 = VERTEX_POINT('',#163);
#163 = CARTESIAN_POINT('',(-1.,-0.6,0.405));
#164 = LINE('',#165,#166);
#165 = CARTESIAN_POINT('',(-1.,-0.6,0.));
#166 = VECTOR('',#167,1.);
#167 = DIRECTION('',(0.,0.,1.));
#168 = ORIENTED_EDGE('',*,*,#169,.T.);
#169 = EDGE_CURVE('',#160,#170,#172,.T.);
#170 = VERTEX_POINT('',#171);
#171 = CARTESIAN_POINT('',(-1.,0.6,4.5E-02));
#172 = LINE('',#173,#174);
#173 = CARTESIAN_POINT('',(-1.,-0.6,4.5E-02));
#174 = VECTOR('',#175,1.);
#175 = DIRECTION('',(0.,1.,0.));
#176 = ORIENTED_EDGE('',*,*,#177,.T.);
#177 = EDGE_CURVE('',#170,#178,#180,.T.);
#178 = VERTEX_POINT('',#179);
#179 = CARTESIAN_POINT('',(-1.,0.6,0.405));
#180 = LINE('',#181,#182);
#181 = CARTESIAN_POINT('',(-1.,0.6,0.));
#182 = VECTOR('',#183,1.);
#183 = DIRECTION('',(0.,0.,1.));
#184 = ORIENTED_EDGE('',*,*,#185,.F.);
#185 = EDGE_CURVE('',#162,#178,#186,.T.);
#186 = LINE('',#187,#188);
#187 = CARTESIAN_POINT('',(-1.,-0.6,0.405));
#188 = VECTOR('',#189,1.);
#189 = DIRECTION('',(0.,1.,0.));
#190 = PLANE('',#191);
#191 = AXIS2_PLACEMENT_3D('',#192,#193,#194);
#192 = CARTESIAN_POINT('',(-1.,-0.6,0.));
#193 = DIRECTION('',(1.,0.,0.));
#194 = DIRECTION('',(0.,0.,1.));
#195 = ADVANCED_FACE('',(#196),#273,.F.);
#196 = FACE_BOUND('',#197,.F.);
#197 = EDGE_LOOP('',(#198,#208,#215,#216,#225,#233,#242,#250,#258,#266)
  );
#198 = ORIENTED_EDGE('',*,*,#199,.F.);
#199 = EDGE_CURVE('',#200,#202,#204,.T.);
#200 = VERTEX_POINT('',#201);
#201 = CARTESIAN_POINT('',(-0.955,-0.6,-2.775557561563E-17));
#202 = VERTEX_POINT('',#203);
#203 = CARTESIAN_POINT('',(-0.745,-0.6,-2.775557561563E-17));
#204 = LINE('',#205,#206);
#205 = CARTESIAN_POINT('',(-1.,-0.6,0.));
#206 = VECTOR('',#207,1.);
#207 = DIRECTION('',(1.,0.,0.));
#208 = ORIENTED_EDGE('',*,*,#209,.F.);
#209 = EDGE_CURVE('',#160,#200,#210,.T.);
#210 = CIRCLE('',#211,4.5E-02);
#211 = AXIS2_PLACEMENT_3D('',#212,#213,#214);
#212 = CARTESIAN_POINT('',(-0.955,-0.6,4.5E-02));
#213 = DIRECTION('',(0.,-1.,0.));
#214 = DIRECTION('',(0.,0.,1.));
#215 = ORIENTED_EDGE('',*,*,#159,.T.);
#216 = ORIENTED_EDGE('',*,*,#217,.T.);
#217 = EDGE_CURVE('',#162,#218,#220,.T.);
#218 = VERTEX_POINT('',#219);
#219 = CARTESIAN_POINT('',(-0.955,-0.6,0.45));
#220 = CIRCLE('',#221,4.5E-02);
#221 = AXIS2_PLACEMENT_3D('',#222,#223,#224);
#222 = CARTESIAN_POINT('',(-0.955,-0.6,0.405));
#223 = DIRECTION('',(0.,1.,0.));
#224 = DIRECTION('',(0.,-0.,1.));
#225 = ORIENTED_EDGE('',*,*,#226,.T.);
#226 = EDGE_CURVE('',#218,#227,#229,.T.);
#227 = VERTEX_POINT('',#228);
#228 = CARTESIAN_POINT('',(-0.745,-0.6,0.45));
#229 = LINE('',#230,#231);
#230 = CARTESIAN_POINT('',(-1.,-0.6,0.45));
#231 = VECTOR('',#232,1.);
#232 = DIRECTION('',(1.,0.,0.));
#233 = ORIENTED_EDGE('',*,*,#234,.F.);
#234 = EDGE_CURVE('',#235,#227,#237,.T.);
#235 = VERTEX_POINT('',#236);
#236 = CARTESIAN_POINT('',(-0.7,-0.6,0.405));
#237 = CIRCLE('',#238,4.5E-02);
#238 = AXIS2_PLACEMENT_3D('',#239,#240,#241);
#239 = CARTESIAN_POINT('',(-0.745,-0.6,0.405));
#240 = DIRECTION('',(0.,-1.,0.));
#241 = DIRECTION('',(0.,0.,1.));
#242 = ORIENTED_EDGE('',*,*,#243,.F.);
#243 = EDGE_CURVE('',#244,#235,#246,.T.);
#244 = VERTEX_POINT('',#245);
#245 = CARTESIAN_POINT('',(-0.955,-0.6,0.405));
#246 = LINE('',#247,#248);
#247 = CARTESIAN_POINT('',(-0.955,-0.6,0.405));
#248 = VECTOR('',#249,1.);
#249 = DIRECTION('',(1.,0.,0.));
#250 = ORIENTED_EDGE('',*,*,#251,.F.);
#251 = EDGE_CURVE('',#252,#244,#254,.T.);
#252 = VERTEX_POINT('',#253);
#253 = CARTESIAN_POINT('',(-0.955,-0.6,4.5E-02));
#254 = LINE('',#255,#256);
#255 = CARTESIAN_POINT('',(-0.955,-0.6,4.5E-02));
#256 = VECTOR('',#257,1.);
#257 = DIRECTION('',(0.,0.,1.));
#258 = ORIENTED_EDGE('',*,*,#259,.T.);
#259 = EDGE_CURVE('',#252,#260,#262,.T.);
#260 = VERTEX_POINT('',#261);
#261 = CARTESIAN_POINT('',(-0.7,-0.6,4.5E-02));
#262 = LINE('',#263,#264);
#263 = CARTESIAN_POINT('',(-0.955,-0.6,4.5E-02));
#264 = VECTOR('',#265,1.);
#265 = DIRECTION('',(1.,0.,0.));
#266 = ORIENTED_EDGE('',*,*,#267,.T.);
#267 = EDGE_CURVE('',#260,#202,#268,.T.);
#268 = CIRCLE('',#269,4.5E-02);
#269 = AXIS2_PLACEMENT_3D('',#270,#271,#272);
#270 = CARTESIAN_POINT('',(-0.745,-0.6,4.5E-02));
#271 = DIRECTION('',(0.,1.,0.));
#272 = DIRECTION('',(0.,-0.,1.));
#273 = PLANE('',#274);
#274 = AXIS2_PLACEMENT_3D('',#275,#276,#277);
#275 = CARTESIAN_POINT('',(-1.,-0.6,0.));
#276 = DIRECTION('',(0.,1.,0.));
#277 = DIRECTION('',(0.,-0.,1.));
#278 = ADVANCED_FACE('',(#279),#298,.T.);
#279 = FACE_BOUND('',#280,.T.);
#280 = EDGE_LOOP('',(#281,#282,#291,#297));
#281 = ORIENTED_EDGE('',*,*,#169,.T.);
#282 = ORIENTED_EDGE('',*,*,#283,.T.);
#283 = EDGE_CURVE('',#170,#284,#286,.T.);
#284 = VERTEX_POINT('',#285);
#285 = CARTESIAN_POINT('',(-0.955,0.6,-2.775557561563E-17));
#286 = CIRCLE('',#287,4.5E-02);
#287 = AXIS2_PLACEMENT_3D('',#288,#289,#290);
#288 = CARTESIAN_POINT('',(-0.955,0.6,4.5E-02));
#289 = DIRECTION('',(0.,-1.,0.));
#290 = DIRECTION('',(0.,0.,1.));
#291 = ORIENTED_EDGE('',*,*,#292,.F.);
#292 = EDGE_CURVE('',#200,#284,#293,.T.);
#293 = LINE('',#294,#295);
#294 = CARTESIAN_POINT('',(-0.955,-0.6,-2.775557561563E-17));
#295 = VECTOR('',#296,1.);
#296 = DIRECTION('',(0.,1.,0.));
#297 = ORIENTED_EDGE('',*,*,#209,.F.);
#298 = CYLINDRICAL_SURFACE('',#299,4.5E-02);
#299 = AXIS2_PLACEMENT_3D('',#300,#301,#302);
#300 = CARTESIAN_POINT('',(-0.955,-0.6,4.5E-02));
#301 = DIRECTION('',(0.,1.,0.));
#302 = DIRECTION('',(-1.,0.,0.));
#303 = ADVANCED_FACE('',(#304),#323,.T.);
#304 = FACE_BOUND('',#305,.T.);
#305 = EDGE_LOOP('',(#306,#307,#315,#322));
#306 = ORIENTED_EDGE('',*,*,#217,.T.);
#307 = ORIENTED_EDGE('',*,*,#308,.T.);
#308 = EDGE_CURVE('',#218,#309,#311,.T.);
#309 = VERTEX_POINT('',#310);
#310 = CARTESIAN_POINT('',(-0.955,0.6,0.45));
#311 = LINE('',#312,#313);
#312 = CARTESIAN_POINT('',(-0.955,-0.6,0.45));
#313 = VECTOR('',#314,1.);
#314 = DIRECTION('',(0.,1.,0.));
#315 = ORIENTED_EDGE('',*,*,#316,.F.);
#316 = EDGE_CURVE('',#178,#309,#317,.T.);
#317 = CIRCLE('',#318,4.5E-02);
#318 = AXIS2_PLACEMENT_3D('',#319,#320,#321);
#319 = CARTESIAN_POINT('',(-0.955,0.6,0.405));
#320 = DIRECTION('',(0.,1.,0.));
#321 = DIRECTION('',(0.,-0.,1.));
#322 = ORIENTED_EDGE('',*,*,#185,.F.);
#323 = CYLINDRICAL_SURFACE('',#324,4.5E-02);
#324 = AXIS2_PLACEMENT_3D('',#325,#326,#327);
#325 = CARTESIAN_POINT('',(-0.955,-0.6,0.405));
#326 = DIRECTION('',(0.,1.,0.));
#327 = DIRECTION('',(-1.,0.,0.));
#328 = ADVANCED_FACE('',(#329),#390,.T.);
#329 = FACE_BOUND('',#330,.T.);
#330 = EDGE_LOOP('',(#331,#339,#340,#341,#342,#350,#359,#367,#375,#383)
  );
#331 = ORIENTED_EDGE('',*,*,#332,.F.);
#332 = EDGE_CURVE('',#284,#333,#335,.T.);
#333 = VERTEX_POINT('',#334);
#334 = CARTESIAN_POINT('',(-0.745,0.6,-2.775557561563E-17));
#335 = LINE('',#336,#337);
#336 = CARTESIAN_POINT('',(-1.,0.6,0.));
#337 = VECTOR('',#338,1.);
#338 = DIRECTION('',(1.,0.,0.));
#339 = ORIENTED_EDGE('',*,*,#283,.F.);
#340 = ORIENTED_EDGE('',*,*,#177,.T.);
#341 = ORIENTED_EDGE('',*,*,#316,.T.);
#342 = ORIENTED_EDGE('',*,*,#343,.T.);
#343 = EDGE_CURVE('',#309,#344,#346,.T.);
#344 = VERTEX_POINT('',#345);
#345 = CARTESIAN_POINT('',(-0.745,0.6,0.45));
#346 = LINE('',#347,#348);
#347 = CARTESIAN_POINT('',(-1.,0.6,0.45));
#348 = VECTOR('',#349,1.);
#349 = DIRECTION('',(1.,0.,0.));
#350 = ORIENTED_EDGE('',*,*,#351,.F.);
#351 = EDGE_CURVE('',#352,#344,#354,.T.);
#352 = VERTEX_POINT('',#353);
#353 = CARTESIAN_POINT('',(-0.7,0.6,0.405));
#354 = CIRCLE('',#355,4.5E-02);
#355 = AXIS2_PLACEMENT_3D('',#356,#357,#358);
#356 = CARTESIAN_POINT('',(-0.745,0.6,0.405));
#357 = DIRECTION('',(0.,-1.,0.));
#358 = DIRECTION('',(0.,0.,1.));
#359 = ORIENTED_EDGE('',*,*,#360,.F.);
#360 = EDGE_CURVE('',#361,#352,#363,.T.);
#361 = VERTEX_POINT('',#362);
#362 = CARTESIAN_POINT('',(-0.955,0.6,0.405));
#363 = LINE('',#364,#365);
#364 = CARTESIAN_POINT('',(-0.955,0.6,0.405));
#365 = VECTOR('',#366,1.);
#366 = DIRECTION('',(1.,0.,0.));
#367 = ORIENTED_EDGE('',*,*,#368,.F.);
#368 = EDGE_CURVE('',#369,#361,#371,.T.);
#369 = VERTEX_POINT('',#370);
#370 = CARTESIAN_POINT('',(-0.955,0.6,4.5E-02));
#371 = LINE('',#372,#373);
#372 = CARTESIAN_POINT('',(-0.955,0.6,4.5E-02));
#373 = VECTOR('',#374,1.);
#374 = DIRECTION('',(0.,0.,1.));
#375 = ORIENTED_EDGE('',*,*,#376,.T.);
#376 = EDGE_CURVE('',#369,#377,#379,.T.);
#377 = VERTEX_POINT('',#378);
#378 = CARTESIAN_POINT('',(-0.7,0.6,4.5E-02));
#379 = LINE('',#380,#381);
#380 = CARTESIAN_POINT('',(-0.955,0.6,4.5E-02));
#381 = VECTOR('',#382,1.);
#382 = DIRECTION('',(1.,0.,0.));
#383 = ORIENTED_EDGE('',*,*,#384,.T.);
#384 = EDGE_CURVE('',#377,#333,#385,.T.);
#385 = CIRCLE('',#386,4.5E-02);
#386 = AXIS2_PLACEMENT_3D('',#387,#388,#389);
#387 = CARTESIAN_POINT('',(-0.745,0.6,4.5E-02));
#388 = DIRECTION('',(0.,1.,0.));
#389 = DIRECTION('',(0.,-0.,1.));
#390 = PLANE('',#391);
#391 = AXIS2_PLACEMENT_3D('',#392,#393,#394);
#392 = CARTESIAN_POINT('',(-1.,0.6,0.));
#393 = DIRECTION('',(0.,1.,0.));
#394 = DIRECTION('',(0.,-0.,1.));
#395 = ADVANCED_FACE('',(#396),#407,.F.);
#396 = FACE_BOUND('',#397,.F.);
#397 = EDGE_LOOP('',(#398,#399,#400,#401));
#398 = ORIENTED_EDGE('',*,*,#332,.F.);
#399 = ORIENTED_EDGE('',*,*,#292,.F.);
#400 = ORIENTED_EDGE('',*,*,#199,.T.);
#401 = ORIENTED_EDGE('',*,*,#402,.T.);
#402 = EDGE_CURVE('',#202,#333,#403,.T.);
#403 = LINE('',#404,#405);
#404 = CARTESIAN_POINT('',(-0.745,-0.6,-2.775557561563E-17));
#405 = VECTOR('',#406,1.);
#406 = DIRECTION('',(0.,1.,0.));
#407 = PLANE('',#408);
#408 = AXIS2_PLACEMENT_3D('',#409,#410,#411);
#409 = CARTESIAN_POINT('',(-1.,-0.6,0.));
#410 = DIRECTION('',(0.,0.,1.));
#411 = DIRECTION('',(1.,0.,-0.));
#412 = ADVANCED_FACE('',(#413),#424,.T.);
#413 = FACE_BOUND('',#414,.T.);
#414 = EDGE_LOOP('',(#415,#416,#417,#418));
#415 = ORIENTED_EDGE('',*,*,#267,.T.);
#416 = ORIENTED_EDGE('',*,*,#402,.T.);
#417 = ORIENTED_EDGE('',*,*,#384,.F.);
#418 = ORIENTED_EDGE('',*,*,#419,.F.);
#419 = EDGE_CURVE('',#260,#377,#420,.T.);
#420 = LINE('',#421,#422);
#421 = CARTESIAN_POINT('',(-0.7,-0.6,4.5E-02));
#422 = VECTOR('',#423,1.);
#423 = DIRECTION('',(0.,1.,0.));
#424 = CYLINDRICAL_SURFACE('',#425,4.5E-02);
#425 = AXIS2_PLACEMENT_3D('',#426,#427,#428);
#426 = CARTESIAN_POINT('',(-0.745,-0.6,4.5E-02));
#427 = DIRECTION('',(0.,1.,0.));
#428 = DIRECTION('',(1.,0.,0.));
#429 = ADVANCED_FACE('',(#430),#473,.F.);
#430 = FACE_BOUND('',#431,.F.);
#431 = EDGE_LOOP('',(#432,#433,#434,#435,#443,#451,#459,#467));
#432 = ORIENTED_EDGE('',*,*,#259,.F.);
#433 = ORIENTED_EDGE('',*,*,#251,.T.);
#434 = ORIENTED_EDGE('',*,*,#243,.T.);
#435 = ORIENTED_EDGE('',*,*,#436,.T.);
#436 = EDGE_CURVE('',#235,#437,#439,.T.);
#437 = VERTEX_POINT('',#438);
#438 = CARTESIAN_POINT('',(0.7,-0.6,0.405));
#439 = LINE('',#440,#441);
#440 = CARTESIAN_POINT('',(-0.7,-0.6,0.405));
#441 = VECTOR('',#442,1.);
#442 = DIRECTION('',(1.,0.,0.));
#443 = ORIENTED_EDGE('',*,*,#444,.T.);
#444 = EDGE_CURVE('',#437,#445,#447,.T.);
#445 = VERTEX_POINT('',#446);
#446 = CARTESIAN_POINT('',(0.955,-0.6,0.405));
#447 = LINE('',#448,#449);
#448 = CARTESIAN_POINT('',(-0.955,-0.6,0.405));
#449 = VECTOR('',#450,1.);
#450 = DIRECTION('',(1.,0.,0.));
#451 = ORIENTED_EDGE('',*,*,#452,.F.);
#452 = EDGE_CURVE('',#453,#445,#455,.T.);
#453 = VERTEX_POINT('',#454);
#454 = CARTESIAN_POINT('',(0.955,-0.6,4.5E-02));
#455 = LINE('',#456,#457);
#456 = CARTESIAN_POINT('',(0.955,-0.6,4.5E-02));
#457 = VECTOR('',#458,1.);
#458 = DIRECTION('',(0.,0.,1.));
#459 = ORIENTED_EDGE('',*,*,#460,.F.);
#460 = EDGE_CURVE('',#461,#453,#463,.T.);
#461 = VERTEX_POINT('',#462);
#462 = CARTESIAN_POINT('',(0.7,-0.6,4.5E-02));
#463 = LINE('',#464,#465);
#464 = CARTESIAN_POINT('',(-0.955,-0.6,4.5E-02));
#465 = VECTOR('',#466,1.);
#466 = DIRECTION('',(1.,0.,0.));
#467 = ORIENTED_EDGE('',*,*,#468,.F.);
#468 = EDGE_CURVE('',#260,#461,#469,.T.);
#469 = LINE('',#470,#471);
#470 = CARTESIAN_POINT('',(-0.955,-0.6,4.5E-02));
#471 = VECTOR('',#472,1.);
#472 = DIRECTION('',(1.,0.,0.));
#473 = PLANE('',#474);
#474 = AXIS2_PLACEMENT_3D('',#475,#476,#477);
#475 = CARTESIAN_POINT('',(-0.955,-0.6,4.5E-02));
#476 = DIRECTION('',(0.,1.,0.));
#477 = DIRECTION('',(0.,-0.,1.));
#478 = ADVANCED_FACE('',(#479),#490,.T.);
#479 = FACE_BOUND('',#480,.T.);
#480 = EDGE_LOOP('',(#481,#482,#483,#484));
#481 = ORIENTED_EDGE('',*,*,#343,.F.);
#482 = ORIENTED_EDGE('',*,*,#308,.F.);
#483 = ORIENTED_EDGE('',*,*,#226,.T.);
#484 = ORIENTED_EDGE('',*,*,#485,.T.);
#485 = EDGE_CURVE('',#227,#344,#486,.T.);
#486 = LINE('',#487,#488);
#487 = CARTESIAN_POINT('',(-0.745,-0.6,0.45));
#488 = VECTOR('',#489,1.);
#489 = DIRECTION('',(0.,1.,0.));
#490 = PLANE('',#491);
#491 = AXIS2_PLACEMENT_3D('',#492,#493,#494);
#492 = CARTESIAN_POINT('',(-1.,-0.6,0.45));
#493 = DIRECTION('',(0.,0.,1.));
#494 = DIRECTION('',(1.,0.,-0.));
#495 = ADVANCED_FACE('',(#496),#507,.T.);
#496 = FACE_BOUND('',#497,.T.);
#497 = EDGE_LOOP('',(#498,#504,#505,#506));
#498 = ORIENTED_EDGE('',*,*,#499,.T.);
#499 = EDGE_CURVE('',#235,#352,#500,.T.);
#500 = LINE('',#501,#502);
#501 = CARTESIAN_POINT('',(-0.7,-0.6,0.405));
#502 = VECTOR('',#503,1.);
#503 = DIRECTION('',(0.,1.,0.));
#504 = ORIENTED_EDGE('',*,*,#351,.T.);
#505 = ORIENTED_EDGE('',*,*,#485,.F.);
#506 = ORIENTED_EDGE('',*,*,#234,.F.);
#507 = CYLINDRICAL_SURFACE('',#508,4.5E-02);
#508 = AXIS2_PLACEMENT_3D('',#509,#510,#511);
#509 = CARTESIAN_POINT('',(-0.745,-0.6,0.405));
#510 = DIRECTION('',(0.,1.,0.));
#511 = DIRECTION('',(1.,0.,0.));
#512 = ADVANCED_FACE('',(#513),#556,.T.);
#513 = FACE_BOUND('',#514,.T.);
#514 = EDGE_LOOP('',(#515,#516,#517,#518,#526,#534,#542,#550));
#515 = ORIENTED_EDGE('',*,*,#376,.F.);
#516 = ORIENTED_EDGE('',*,*,#368,.T.);
#517 = ORIENTED_EDGE('',*,*,#360,.T.);
#518 = ORIENTED_EDGE('',*,*,#519,.T.);
#519 = EDGE_CURVE('',#352,#520,#522,.T.);
#520 = VERTEX_POINT('',#521);
#521 = CARTESIAN_POINT('',(0.7,0.6,0.405));
#522 = LINE('',#523,#524);
#523 = CARTESIAN_POINT('',(-0.7,0.6,0.405));
#524 = VECTOR('',#525,1.);
#525 = DIRECTION('',(1.,0.,0.));
#526 = ORIENTED_EDGE('',*,*,#527,.T.);
#527 = EDGE_CURVE('',#520,#528,#530,.T.);
#528 = VERTEX_POINT('',#529);
#529 = CARTESIAN_POINT('',(0.955,0.6,0.405));
#530 = LINE('',#531,#532);
#531 = CARTESIAN_POINT('',(-0.955,0.6,0.405));
#532 = VECTOR('',#533,1.);
#533 = DIRECTION('',(1.,0.,0.));
#534 = ORIENTED_EDGE('',*,*,#535,.F.);
#535 = EDGE_CURVE('',#536,#528,#538,.T.);
#536 = VERTEX_POINT('',#537);
#537 = CARTESIAN_POINT('',(0.955,0.6,4.5E-02));
#538 = LINE('',#539,#540);
#539 = CARTESIAN_POINT('',(0.955,0.6,4.5E-02));
#540 = VECTOR('',#541,1.);
#541 = DIRECTION('',(0.,0.,1.));
#542 = ORIENTED_EDGE('',*,*,#543,.F.);
#543 = EDGE_CURVE('',#544,#536,#546,.T.);
#544 = VERTEX_POINT('',#545);
#545 = CARTESIAN_POINT('',(0.7,0.6,4.5E-02));
#546 = LINE('',#547,#548);
#547 = CARTESIAN_POINT('',(-0.955,0.6,4.5E-02));
#548 = VECTOR('',#549,1.);
#549 = DIRECTION('',(1.,0.,0.));
#550 = ORIENTED_EDGE('',*,*,#551,.F.);
#551 = EDGE_CURVE('',#377,#544,#552,.T.);
#552 = LINE('',#553,#554);
#553 = CARTESIAN_POINT('',(-0.955,0.6,4.5E-02));
#554 = VECTOR('',#555,1.);
#555 = DIRECTION('',(1.,0.,0.));
#556 = PLANE('',#557);
#557 = AXIS2_PLACEMENT_3D('',#558,#559,#560);
#558 = CARTESIAN_POINT('',(-0.955,0.6,4.5E-02));
#559 = DIRECTION('',(0.,1.,0.));
#560 = DIRECTION('',(0.,-0.,1.));
#561 = ADVANCED_FACE('',(#562),#573,.F.);
#562 = FACE_BOUND('',#563,.F.);
#563 = EDGE_LOOP('',(#564,#565,#566,#572));
#564 = ORIENTED_EDGE('',*,*,#419,.F.);
#565 = ORIENTED_EDGE('',*,*,#468,.T.);
#566 = ORIENTED_EDGE('',*,*,#567,.T.);
#567 = EDGE_CURVE('',#461,#544,#568,.T.);
#568 = LINE('',#569,#570);
#569 = CARTESIAN_POINT('',(0.7,-0.6,4.5E-02));
#570 = VECTOR('',#571,1.);
#571 = DIRECTION('',(0.,1.,0.));
#572 = ORIENTED_EDGE('',*,*,#551,.F.);
#573 = PLANE('',#574);
#574 = AXIS2_PLACEMENT_3D('',#575,#576,#577);
#575 = CARTESIAN_POINT('',(-0.955,-0.6,4.5E-02));
#576 = DIRECTION('',(0.,0.,1.));
#577 = DIRECTION('',(1.,0.,-0.));
#578 = ADVANCED_FACE('',(#579),#642,.F.);
#579 = FACE_BOUND('',#580,.F.);
#580 = EDGE_LOOP('',(#581,#591,#598,#599,#600,#601,#610,#618,#627,#635)
  );
#581 = ORIENTED_EDGE('',*,*,#582,.F.);
#582 = EDGE_CURVE('',#583,#585,#587,.T.);
#583 = VERTEX_POINT('',#584);
#584 = CARTESIAN_POINT('',(0.745,-0.6,-2.775557561563E-17));
#585 = VERTEX_POINT('',#586);
#586 = CARTESIAN_POINT('',(0.955,-0.6,-2.775557561563E-17));
#587 = LINE('',#588,#589);
#588 = CARTESIAN_POINT('',(0.7,-0.6,0.));
#589 = VECTOR('',#590,1.);
#590 = DIRECTION('',(1.,0.,0.));
#591 = ORIENTED_EDGE('',*,*,#592,.F.);
#592 = EDGE_CURVE('',#461,#583,#593,.T.);
#593 = CIRCLE('',#594,4.5E-02);
#594 = AXIS2_PLACEMENT_3D('',#595,#596,#597);
#595 = CARTESIAN_POINT('',(0.745,-0.6,4.5E-02));
#596 = DIRECTION('',(0.,-1.,0.));
#597 = DIRECTION('',(0.,0.,1.));
#598 = ORIENTED_EDGE('',*,*,#460,.T.);
#599 = ORIENTED_EDGE('',*,*,#452,.T.);
#600 = ORIENTED_EDGE('',*,*,#444,.F.);
#601 = ORIENTED_EDGE('',*,*,#602,.T.);
#602 = EDGE_CURVE('',#437,#603,#605,.T.);
#603 = VERTEX_POINT('',#604);
#604 = CARTESIAN_POINT('',(0.745,-0.6,0.45));
#605 = CIRCLE('',#606,4.5E-02);
#606 = AXIS2_PLACEMENT_3D('',#607,#608,#609);
#607 = CARTESIAN_POINT('',(0.745,-0.6,0.405));
#608 = DIRECTION('',(0.,1.,0.));
#609 = DIRECTION('',(0.,-0.,1.));
#610 = ORIENTED_EDGE('',*,*,#611,.T.);
#611 = EDGE_CURVE('',#603,#612,#614,.T.);
#612 = VERTEX_POINT('',#613);
#613 = CARTESIAN_POINT('',(0.955,-0.6,0.45));
#614 = LINE('',#615,#616);
#615 = CARTESIAN_POINT('',(0.7,-0.6,0.45));
#616 = VECTOR('',#617,1.);
#617 = DIRECTION('',(1.,0.,0.));
#618 = ORIENTED_EDGE('',*,*,#619,.F.);
#619 = EDGE_CURVE('',#620,#612,#622,.T.);
#620 = VERTEX_POINT('',#621);
#621 = CARTESIAN_POINT('',(1.,-0.6,0.405));
#622 = CIRCLE('',#623,4.5E-02);
#623 = AXIS2_PLACEMENT_3D('',#624,#625,#626);
#624 = CARTESIAN_POINT('',(0.955,-0.6,0.405));
#625 = DIRECTION('',(0.,-1.,0.));
#626 = DIRECTION('',(0.,0.,1.));
#627 = ORIENTED_EDGE('',*,*,#628,.F.);
#628 = EDGE_CURVE('',#629,#620,#631,.T.);
#629 = VERTEX_POINT('',#630);
#630 = CARTESIAN_POINT('',(1.,-0.6,4.5E-02));
#631 = LINE('',#632,#633);
#632 = CARTESIAN_POINT('',(1.,-0.6,0.));
#633 = VECTOR('',#634,1.);
#634 = DIRECTION('',(0.,0.,1.));
#635 = ORIENTED_EDGE('',*,*,#636,.T.);
#636 = EDGE_CURVE('',#629,#585,#637,.T.);
#637 = CIRCLE('',#638,4.5E-02);
#638 = AXIS2_PLACEMENT_3D('',#639,#640,#641);
#639 = CARTESIAN_POINT('',(0.955,-0.6,4.5E-02));
#640 = DIRECTION('',(0.,1.,0.));
#641 = DIRECTION('',(0.,-0.,1.));
#642 = PLANE('',#643);
#643 = AXIS2_PLACEMENT_3D('',#644,#645,#646);
#644 = CARTESIAN_POINT('',(0.7,-0.6,0.));
#645 = DIRECTION('',(0.,1.,0.));
#646 = DIRECTION('',(0.,-0.,1.));
#647 = ADVANCED_FACE('',(#648),#673,.F.);
#648 = FACE_BOUND('',#649,.F.);
#649 = EDGE_LOOP('',(#650,#651,#659,#667));
#650 = ORIENTED_EDGE('',*,*,#436,.F.);
#651 = ORIENTED_EDGE('',*,*,#652,.T.);
#652 = EDGE_CURVE('',#235,#653,#655,.T.);
#653 = VERTEX_POINT('',#654);
#654 = CARTESIAN_POINT('',(-0.7,-0.6,0.45));
#655 = LINE('',#656,#657);
#656 = CARTESIAN_POINT('',(-0.7,-0.6,0.405));
#657 = VECTOR('',#658,1.);
#658 = DIRECTION('',(0.,0.,1.));
#659 = ORIENTED_EDGE('',*,*,#660,.T.);
#660 = EDGE_CURVE('',#653,#661,#663,.T.);
#661 = VERTEX_POINT('',#662);
#662 = CARTESIAN_POINT('',(0.7,-0.6,0.45));
#663 = LINE('',#664,#665);
#664 = CARTESIAN_POINT('',(-0.7,-0.6,0.45));
#665 = VECTOR('',#666,1.);
#666 = DIRECTION('',(1.,0.,0.));
#667 = ORIENTED_EDGE('',*,*,#668,.F.);
#668 = EDGE_CURVE('',#437,#661,#669,.T.);
#669 = LINE('',#670,#671);
#670 = CARTESIAN_POINT('',(0.7,-0.6,0.405));
#671 = VECTOR('',#672,1.);
#672 = DIRECTION('',(0.,0.,1.));
#673 = PLANE('',#674);
#674 = AXIS2_PLACEMENT_3D('',#675,#676,#677);
#675 = CARTESIAN_POINT('',(-0.7,-0.6,0.405));
#676 = DIRECTION('',(0.,1.,0.));
#677 = DIRECTION('',(0.,-0.,1.));
#678 = ADVANCED_FACE('',(#679),#697,.F.);
#679 = FACE_BOUND('',#680,.F.);
#680 = EDGE_LOOP('',(#681,#682,#683,#691));
#681 = ORIENTED_EDGE('',*,*,#652,.F.);
#682 = ORIENTED_EDGE('',*,*,#499,.T.);
#683 = ORIENTED_EDGE('',*,*,#684,.T.);
#684 = EDGE_CURVE('',#352,#685,#687,.T.);
#685 = VERTEX_POINT('',#686);
#686 = CARTESIAN_POINT('',(-0.7,0.6,0.45));
#687 = LINE('',#688,#689);
#688 = CARTESIAN_POINT('',(-0.7,0.6,0.405));
#689 = VECTOR('',#690,1.);
#690 = DIRECTION('',(0.,0.,1.));
#691 = ORIENTED_EDGE('',*,*,#692,.F.);
#692 = EDGE_CURVE('',#653,#685,#693,.T.);
#693 = LINE('',#694,#695);
#694 = CARTESIAN_POINT('',(-0.7,-0.6,0.45));
#695 = VECTOR('',#696,1.);
#696 = DIRECTION('',(0.,1.,0.));
#697 = PLANE('',#698);
#698 = AXIS2_PLACEMENT_3D('',#699,#700,#701);
#699 = CARTESIAN_POINT('',(-0.7,-0.6,0.405));
#700 = DIRECTION('',(1.,0.,0.));
#701 = DIRECTION('',(0.,0.,1.));
#702 = ADVANCED_FACE('',(#703),#766,.T.);
#703 = FACE_BOUND('',#704,.T.);
#704 = EDGE_LOOP('',(#705,#715,#722,#723,#724,#725,#734,#742,#751,#759)
  );
#705 = ORIENTED_EDGE('',*,*,#706,.F.);
#706 = EDGE_CURVE('',#707,#709,#711,.T.);
#707 = VERTEX_POINT('',#708);
#708 = CARTESIAN_POINT('',(0.745,0.6,-2.775557561563E-17));
#709 = VERTEX_POINT('',#710);
#710 = CARTESIAN_POINT('',(0.955,0.6,-2.775557561563E-17));
#711 = LINE('',#712,#713);
#712 = CARTESIAN_POINT('',(0.7,0.6,0.));
#713 = VECTOR('',#714,1.);
#714 = DIRECTION('',(1.,0.,0.));
#715 = ORIENTED_EDGE('',*,*,#716,.F.);
#716 = EDGE_CURVE('',#544,#707,#717,.T.);
#717 = CIRCLE('',#718,4.5E-02);
#718 = AXIS2_PLACEMENT_3D('',#719,#720,#721);
#719 = CARTESIAN_POINT('',(0.745,0.6,4.5E-02));
#720 = DIRECTION('',(0.,-1.,0.));
#721 = DIRECTION('',(0.,0.,1.));
#722 = ORIENTED_EDGE('',*,*,#543,.T.);
#723 = ORIENTED_EDGE('',*,*,#535,.T.);
#724 = ORIENTED_EDGE('',*,*,#527,.F.);
#725 = ORIENTED_EDGE('',*,*,#726,.T.);
#726 = EDGE_CURVE('',#520,#727,#729,.T.);
#727 = VERTEX_POINT('',#728);
#728 = CARTESIAN_POINT('',(0.745,0.6,0.45));
#729 = CIRCLE('',#730,4.5E-02);
#730 = AXIS2_PLACEMENT_3D('',#731,#732,#733);
#731 = CARTESIAN_POINT('',(0.745,0.6,0.405));
#732 = DIRECTION('',(0.,1.,0.));
#733 = DIRECTION('',(0.,-0.,1.));
#734 = ORIENTED_EDGE('',*,*,#735,.T.);
#735 = EDGE_CURVE('',#727,#736,#738,.T.);
#736 = VERTEX_POINT('',#737);
#737 = CARTESIAN_POINT('',(0.955,0.6,0.45));
#738 = LINE('',#739,#740);
#739 = CARTESIAN_POINT('',(0.7,0.6,0.45));
#740 = VECTOR('',#741,1.);
#741 = DIRECTION('',(1.,0.,0.));
#742 = ORIENTED_EDGE('',*,*,#743,.F.);
#743 = EDGE_CURVE('',#744,#736,#746,.T.);
#744 = VERTEX_POINT('',#745);
#745 = CARTESIAN_POINT('',(1.,0.6,0.405));
#746 = CIRCLE('',#747,4.5E-02);
#747 = AXIS2_PLACEMENT_3D('',#748,#749,#750);
#748 = CARTESIAN_POINT('',(0.955,0.6,0.405));
#749 = DIRECTION('',(0.,-1.,0.));
#750 = DIRECTION('',(0.,0.,1.));
#751 = ORIENTED_EDGE('',*,*,#752,.F.);
#752 = EDGE_CURVE('',#753,#744,#755,.T.);
#753 = VERTEX_POINT('',#754);
#754 = CARTESIAN_POINT('',(1.,0.6,4.5E-02));
#755 = LINE('',#756,#757);
#756 = CARTESIAN_POINT('',(1.,0.6,0.));
#757 = VECTOR('',#758,1.);
#758 = DIRECTION('',(0.,0.,1.));
#759 = ORIENTED_EDGE('',*,*,#760,.T.);
#760 = EDGE_CURVE('',#753,#709,#761,.T.);
#761 = CIRCLE('',#762,4.5E-02);
#762 = AXIS2_PLACEMENT_3D('',#763,#764,#765);
#763 = CARTESIAN_POINT('',(0.955,0.6,4.5E-02));
#764 = DIRECTION('',(0.,1.,0.));
#765 = DIRECTION('',(0.,-0.,1.));
#766 = PLANE('',#767);
#767 = AXIS2_PLACEMENT_3D('',#768,#769,#770);
#768 = CARTESIAN_POINT('',(0.7,0.6,0.));
#769 = DIRECTION('',(0.,1.,0.));
#770 = DIRECTION('',(0.,-0.,1.));
#771 = ADVANCED_FACE('',(#772),#790,.T.);
#772 = FACE_BOUND('',#773,.T.);
#773 = EDGE_LOOP('',(#774,#775,#776,#784));
#774 = ORIENTED_EDGE('',*,*,#519,.F.);
#775 = ORIENTED_EDGE('',*,*,#684,.T.);
#776 = ORIENTED_EDGE('',*,*,#777,.T.);
#777 = EDGE_CURVE('',#685,#778,#780,.T.);
#778 = VERTEX_POINT('',#779);
#779 = CARTESIAN_POINT('',(0.7,0.6,0.45));
#780 = LINE('',#781,#782);
#781 = CARTESIAN_POINT('',(-0.7,0.6,0.45));
#782 = VECTOR('',#783,1.);
#783 = DIRECTION('',(1.,0.,0.));
#784 = ORIENTED_EDGE('',*,*,#785,.F.);
#785 = EDGE_CURVE('',#520,#778,#786,.T.);
#786 = LINE('',#787,#788);
#787 = CARTESIAN_POINT('',(0.7,0.6,0.405));
#788 = VECTOR('',#789,1.);
#789 = DIRECTION('',(0.,0.,1.));
#790 = PLANE('',#791);
#791 = AXIS2_PLACEMENT_3D('',#792,#793,#794);
#792 = CARTESIAN_POINT('',(-0.7,0.6,0.405));
#793 = DIRECTION('',(0.,1.,0.));
#794 = DIRECTION('',(0.,-0.,1.));
#795 = ADVANCED_FACE('',(#796),#807,.T.);
#796 = FACE_BOUND('',#797,.T.);
#797 = EDGE_LOOP('',(#798,#799,#800,#806));
#798 = ORIENTED_EDGE('',*,*,#567,.T.);
#799 = ORIENTED_EDGE('',*,*,#716,.T.);
#800 = ORIENTED_EDGE('',*,*,#801,.F.);
#801 = EDGE_CURVE('',#583,#707,#802,.T.);
#802 = LINE('',#803,#804);
#803 = CARTESIAN_POINT('',(0.745,-0.6,-2.775557561563E-17));
#804 = VECTOR('',#805,1.);
#805 = DIRECTION('',(0.,1.,0.));
#806 = ORIENTED_EDGE('',*,*,#592,.F.);
#807 = CYLINDRICAL_SURFACE('',#808,4.5E-02);
#808 = AXIS2_PLACEMENT_3D('',#809,#810,#811);
#809 = CARTESIAN_POINT('',(0.745,-0.6,4.5E-02));
#810 = DIRECTION('',(0.,1.,0.));
#811 = DIRECTION('',(-1.,0.,0.));
#812 = ADVANCED_FACE('',(#813),#824,.F.);
#813 = FACE_BOUND('',#814,.F.);
#814 = EDGE_LOOP('',(#815,#816,#817,#818));
#815 = ORIENTED_EDGE('',*,*,#706,.F.);
#816 = ORIENTED_EDGE('',*,*,#801,.F.);
#817 = ORIENTED_EDGE('',*,*,#582,.T.);
#818 = ORIENTED_EDGE('',*,*,#819,.T.);
#819 = EDGE_CURVE('',#585,#709,#820,.T.);
#820 = LINE('',#821,#822);
#821 = CARTESIAN_POINT('',(0.955,-0.6,-2.775557561563E-17));
#822 = VECTOR('',#823,1.);
#823 = DIRECTION('',(0.,1.,0.));
#824 = PLANE('',#825);
#825 = AXIS2_PLACEMENT_3D('',#826,#827,#828);
#826 = CARTESIAN_POINT('',(0.7,-0.6,0.));
#827 = DIRECTION('',(0.,0.,1.));
#828 = DIRECTION('',(1.,0.,-0.));
#829 = ADVANCED_FACE('',(#830),#841,.T.);
#830 = FACE_BOUND('',#831,.T.);
#831 = EDGE_LOOP('',(#832,#833,#834,#835));
#832 = ORIENTED_EDGE('',*,*,#636,.T.);
#833 = ORIENTED_EDGE('',*,*,#819,.T.);
#834 = ORIENTED_EDGE('',*,*,#760,.F.);
#835 = ORIENTED_EDGE('',*,*,#836,.F.);
#836 = EDGE_CURVE('',#629,#753,#837,.T.);
#837 = LINE('',#838,#839);
#838 = CARTESIAN_POINT('',(1.,-0.6,4.5E-02));
#839 = VECTOR('',#840,1.);
#840 = DIRECTION('',(0.,1.,0.));
#841 = CYLINDRICAL_SURFACE('',#842,4.5E-02);
#842 = AXIS2_PLACEMENT_3D('',#843,#844,#845);
#843 = CARTESIAN_POINT('',(0.955,-0.6,4.5E-02));
#844 = DIRECTION('',(0.,1.,0.));
#845 = DIRECTION('',(1.,0.,0.));
#846 = ADVANCED_FACE('',(#847),#858,.T.);
#847 = FACE_BOUND('',#848,.T.);
#848 = EDGE_LOOP('',(#849,#850,#851,#852));
#849 = ORIENTED_EDGE('',*,*,#628,.F.);
#850 = ORIENTED_EDGE('',*,*,#836,.T.);
#851 = ORIENTED_EDGE('',*,*,#752,.T.);
#852 = ORIENTED_EDGE('',*,*,#853,.F.);
#853 = EDGE_CURVE('',#620,#744,#854,.T.);
#854 = LINE('',#855,#856);
#855 = CARTESIAN_POINT('',(1.,-0.6,0.405));
#856 = VECTOR('',#857,1.);
#857 = DIRECTION('',(0.,1.,0.));
#858 = PLANE('',#859);
#859 = AXIS2_PLACEMENT_3D('',#860,#861,#862);
#860 = CARTESIAN_POINT('',(1.,-0.6,0.));
#861 = DIRECTION('',(1.,0.,0.));
#862 = DIRECTION('',(0.,0.,1.));
#863 = ADVANCED_FACE('',(#864),#875,.T.);
#864 = FACE_BOUND('',#865,.T.);
#865 = EDGE_LOOP('',(#866,#867,#868,#874));
#866 = ORIENTED_EDGE('',*,*,#853,.T.);
#867 = ORIENTED_EDGE('',*,*,#743,.T.);
#868 = ORIENTED_EDGE('',*,*,#869,.F.);
#869 = EDGE_CURVE('',#612,#736,#870,.T.);
#870 = LINE('',#871,#872);
#871 = CARTESIAN_POINT('',(0.955,-0.6,0.45));
#872 = VECTOR('',#873,1.);
#873 = DIRECTION('',(0.,1.,0.));
#874 = ORIENTED_EDGE('',*,*,#619,.F.);
#875 = CYLINDRICAL_SURFACE('',#876,4.5E-02);
#876 = AXIS2_PLACEMENT_3D('',#877,#878,#879);
#877 = CARTESIAN_POINT('',(0.955,-0.6,0.405));
#878 = DIRECTION('',(0.,1.,0.));
#879 = DIRECTION('',(1.,0.,0.));
#880 = ADVANCED_FACE('',(#881),#892,.T.);
#881 = FACE_BOUND('',#882,.T.);
#882 = EDGE_LOOP('',(#883,#884,#890,#891));
#883 = ORIENTED_EDGE('',*,*,#735,.F.);
#884 = ORIENTED_EDGE('',*,*,#885,.F.);
#885 = EDGE_CURVE('',#603,#727,#886,.T.);
#886 = LINE('',#887,#888);
#887 = CARTESIAN_POINT('',(0.745,-0.6,0.45));
#888 = VECTOR('',#889,1.);
#889 = DIRECTION('',(0.,1.,0.));
#890 = ORIENTED_EDGE('',*,*,#611,.T.);
#891 = ORIENTED_EDGE('',*,*,#869,.T.);
#892 = PLANE('',#893);
#893 = AXIS2_PLACEMENT_3D('',#894,#895,#896);
#894 = CARTESIAN_POINT('',(0.7,-0.6,0.45));
#895 = DIRECTION('',(0.,0.,1.));
#896 = DIRECTION('',(1.,0.,-0.));
#897 = ADVANCED_FACE('',(#898),#909,.T.);
#898 = FACE_BOUND('',#899,.T.);
#899 = EDGE_LOOP('',(#900,#901,#902,#903));
#900 = ORIENTED_EDGE('',*,*,#602,.T.);
#901 = ORIENTED_EDGE('',*,*,#885,.T.);
#902 = ORIENTED_EDGE('',*,*,#726,.F.);
#903 = ORIENTED_EDGE('',*,*,#904,.F.);
#904 = EDGE_CURVE('',#437,#520,#905,.T.);
#905 = LINE('',#906,#907);
#906 = CARTESIAN_POINT('',(0.7,-0.6,0.405));
#907 = VECTOR('',#908,1.);
#908 = DIRECTION('',(0.,1.,0.));
#909 = CYLINDRICAL_SURFACE('',#910,4.5E-02);
#910 = AXIS2_PLACEMENT_3D('',#911,#912,#913);
#911 = CARTESIAN_POINT('',(0.745,-0.6,0.405));
#912 = DIRECTION('',(0.,1.,0.));
#913 = DIRECTION('',(-1.,0.,0.));
#914 = ADVANCED_FACE('',(#915),#926,.T.);
#915 = FACE_BOUND('',#916,.T.);
#916 = EDGE_LOOP('',(#917,#918,#919,#920));
#917 = ORIENTED_EDGE('',*,*,#668,.F.);
#918 = ORIENTED_EDGE('',*,*,#904,.T.);
#919 = ORIENTED_EDGE('',*,*,#785,.T.);
#920 = ORIENTED_EDGE('',*,*,#921,.F.);
#921 = EDGE_CURVE('',#661,#778,#922,.T.);
#922 = LINE('',#923,#924);
#923 = CARTESIAN_POINT('',(0.7,-0.6,0.45));
#924 = VECTOR('',#925,1.);
#925 = DIRECTION('',(0.,1.,0.));
#926 = PLANE('',#927);
#927 = AXIS2_PLACEMENT_3D('',#928,#929,#930);
#928 = CARTESIAN_POINT('',(0.7,-0.6,0.405));
#929 = DIRECTION('',(1.,0.,0.));
#930 = DIRECTION('',(0.,0.,1.));
#931 = ADVANCED_FACE('',(#932),#938,.T.);
#932 = FACE_BOUND('',#933,.T.);
#933 = EDGE_LOOP('',(#934,#935,#936,#937));
#934 = ORIENTED_EDGE('',*,*,#692,.F.);
#935 = ORIENTED_EDGE('',*,*,#660,.T.);
#936 = ORIENTED_EDGE('',*,*,#921,.T.);
#937 = ORIENTED_EDGE('',*,*,#777,.F.);
#938 = PLANE('',#939);
#939 = AXIS2_PLACEMENT_3D('',#940,#941,#942);
#940 = CARTESIAN_POINT('',(-0.7,-0.6,0.45));
#941 = DIRECTION('',(0.,0.,1.));
#942 = DIRECTION('',(1.,0.,-0.));
#943 = ( GEOMETRIC_REPRESENTATION_CONTEXT(3) 
GLOBAL_UNCERTAINTY_ASSIGNED_CONTEXT((#947)) GLOBAL_UNIT_ASSIGNED_CONTEXT
((#944,#945,#946)) REPRESENTATION_CONTEXT('Context #1',
  '3D Context with UNIT and UNCERTAINTY') );
#944 = ( LENGTH_UNIT() NAMED_UNIT(*) SI_UNIT(.MILLI.,.METRE.) );
#945 = ( NAMED_UNIT(*) PLANE_ANGLE_UNIT() SI_UNIT($,.RADIAN.) );
#946 = ( NAMED_UNIT(*) SI_UNIT($,.STERADIAN.) SOLID_ANGLE_UNIT() );
#947 = UNCERTAINTY_MEASURE_WITH_UNIT(LENGTH_MEASURE(1.E-07),#944,
  'distance_accuracy_value','confusion accuracy');
#948 = CONTEXT_DEPENDENT_SHAPE_REPRESENTATION(#949,#951);
#949 = ( REPRESENTATION_RELATIONSHIP('','',#152,#10) 
REPRESENTATION_RELATIONSHIP_WITH_TRANSFORMATION(#950) 
SHAPE_REPRESENTATION_RELATIONSHIP() );
#950 = ITEM_DEFINED_TRANSFORMATION('','',#11,#15);
#951 = PRODUCT_DEFINITION_SHAPE('Placement','Placement of an item',#952
  );
#952 = NEXT_ASSEMBLY_USAGE_OCCURRENCE('1','RM4','',#5,#147,$);
#953 = PRODUCT_RELATED_PRODUCT_CATEGORY('part',$,(#149));
#954 = CONTEXT_DEPENDENT_SHAPE_REPRESENTATION(#955,#957);
#955 = ( REPRESENTATION_RELATIONSHIP('','',#152,#10) 
REPRESENTATION_RELATIONSHIP_WITH_TRANSFORMATION(#956) 
SHAPE_REPRESENTATION_RELATIONSHIP() );
#956 = ITEM_DEFINED_TRANSFORMATION('','',#11,#19);
#957 = PRODUCT_DEFINITION_SHAPE('Placement','Placement of an item',#958
  );
#958 = NEXT_ASSEMBLY_USAGE_OCCURRENCE('2','RM3','',#5,#147,$);
#959 = SHAPE_DEFINITION_REPRESENTATION(#960,#966);
#960 = PRODUCT_DEFINITION_SHAPE('','',#961);
#961 = PRODUCT_DEFINITION('design','',#962,#965);
#962 = PRODUCT_DEFINITION_FORMATION('','',#963);
#963 = PRODUCT('JST_XH_B3B-XH-A_1x03_P2.50mm_Vertical',
  'JST_XH_B3B-XH-A_1x03_P2.50mm_Vertical','',(#964));
#964 = PRODUCT_CONTEXT('',#2,'mechanical');
#965 = PRODUCT_DEFINITION_CONTEXT('part definition',#2,'design');
#966 = ADVANCED_BREP_SHAPE_REPRESENTATION('',(#11,#967),#4488);
#967 = MANIFOLD_SOLID_BREP('',#968);
#968 = CLOSED_SHELL('',(#969,#1041,#1080,#1104,#1169,#1193,#1313,#1337,
    #1402,#1427,#1476,#1493,#1517,#1534,#1704,#1728,#1962,#1986,#2019,
    #2043,#2074,#2091,#2124,#2148,#2179,#2196,#2229,#2253,#2284,#2296,
    #2329,#2346,#2363,#2375,#2489,#2506,#2523,#2540,#2557,#2574,#2591,
    #2608,#2625,#2642,#2659,#2676,#2693,#2710,#2727,#2739,#2756,#2773,
    #2790,#2836,#2882,#2928,#2959,#2983,#3007,#3024,#3055,#3079,#3103,
    #3120,#3151,#3175,#3199,#3216,#3279,#3303,#3359,#3376,#3407,#3431,
    #3455,#3472,#3535,#3559,#3615,#3632,#3663,#3687,#3711,#3728,#3759,
    #3783,#3807,#3824,#3855,#3879,#3903,#3920,#3967,#3998,#4010,#4027,
    #4053,#4086,#4117,#4141,#4165,#4182,#4229,#4260,#4272,#4289,#4315,
    #4348,#4360,#4372,#4384,#4401,#4418,#4430,#4442,#4459,#4476));
#969 = ADVANCED_FACE('',(#970),#1036,.T.);
#970 = FACE_BOUND('',#971,.T.);
#971 = EDGE_LOOP('',(#972,#982,#990,#998,#1006,#1014,#1022,#1030));
#972 = ORIENTED_EDGE('',*,*,#973,.T.);
#973 = EDGE_CURVE('',#974,#976,#978,.T.);
#974 = VERTEX_POINT('',#975);
#975 = CARTESIAN_POINT('',(-1.8,0.5,7.));
#976 = VERTEX_POINT('',#977);
#977 = CARTESIAN_POINT('',(-2.45,0.5,7.));
#978 = LINE('',#979,#980);
#979 = CARTESIAN_POINT('',(7.45,0.5,7.));
#980 = VECTOR('',#981,1.);
#981 = DIRECTION('',(-1.,1.224646799147E-16,0.));
#982 = ORIENTED_EDGE('',*,*,#983,.T.);
#983 = EDGE_CURVE('',#976,#984,#986,.T.);
#984 = VERTEX_POINT('',#985);
#985 = CARTESIAN_POINT('',(-2.45,-3.4,7.));
#986 = LINE('',#987,#988);
#987 = CARTESIAN_POINT('',(-2.45,2.35,7.));
#988 = VECTOR('',#989,1.);
#989 = DIRECTION('',(-1.224646799147E-16,-1.,0.));
#990 = ORIENTED_EDGE('',*,*,#991,.T.);
#991 = EDGE_CURVE('',#984,#992,#994,.T.);
#992 = VERTEX_POINT('',#993);
#993 = CARTESIAN_POINT('',(7.45,-3.4,7.));
#994 = LINE('',#995,#996);
#995 = CARTESIAN_POINT('',(-2.45,-3.4,7.));
#996 = VECTOR('',#997,1.);
#997 = DIRECTION('',(1.,-1.224646799147E-16,0.));
#998 = ORIENTED_EDGE('',*,*,#999,.T.);
#999 = EDGE_CURVE('',#992,#1000,#1002,.T.);
#1000 = VERTEX_POINT('',#1001);
#1001 = CARTESIAN_POINT('',(7.45,0.5,7.));
#1002 = LINE('',#1003,#1004);
#1003 = CARTESIAN_POINT('',(7.45,-3.4,7.));
#1004 = VECTOR('',#1005,1.);
#1005 = DIRECTION('',(1.224646799147E-16,1.,0.));
#1006 = ORIENTED_EDGE('',*,*,#1007,.T.);
#1007 = EDGE_CURVE('',#1000,#1008,#1010,.T.);
#1008 = VERTEX_POINT('',#1009);
#1009 = CARTESIAN_POINT('',(6.8,0.5,7.));
#1010 = LINE('',#1011,#1012);
#1011 = CARTESIAN_POINT('',(7.45,0.5,7.));
#1012 = VECTOR('',#1013,1.);
#1013 = DIRECTION('',(-1.,1.224646799147E-16,0.));
#1014 = ORIENTED_EDGE('',*,*,#1015,.F.);
#1015 = EDGE_CURVE('',#1016,#1008,#1018,.T.);
#1016 = VERTEX_POINT('',#1017);
#1017 = CARTESIAN_POINT('',(6.8,-2.85,7.));
#1018 = LINE('',#1019,#1020);
#1019 = CARTESIAN_POINT('',(6.8,-2.65,7.));
#1020 = VECTOR('',#1021,1.);
#1021 = DIRECTION('',(1.224646799147E-16,1.,0.));
#1022 = ORIENTED_EDGE('',*,*,#1023,.F.);
#1023 = EDGE_CURVE('',#1024,#1016,#1026,.T.);
#1024 = VERTEX_POINT('',#1025);
#1025 = CARTESIAN_POINT('',(-1.8,-2.85,7.));
#1026 = LINE('',#1027,#1028);
#1027 = CARTESIAN_POINT('',(-1.6,-2.85,7.));
#1028 = VECTOR('',#1029,1.);
#1029 = DIRECTION('',(1.,-1.224646799147E-16,0.));
#1030 = ORIENTED_EDGE('',*,*,#1031,.F.);
#1031 = EDGE_CURVE('',#974,#1024,#1032,.T.);
#1032 = LINE('',#1033,#1034);
#1033 = CARTESIAN_POINT('',(-1.8,0.5,7.));
#1034 = VECTOR('',#1035,1.);
#1035 = DIRECTION('',(-1.224646799147E-16,-1.,0.));
#1036 = PLANE('',#1037);
#1037 = AXIS2_PLACEMENT_3D('',#1038,#1039,#1040);
#1038 = CARTESIAN_POINT('',(2.5,-0.525,7.));
#1039 = DIRECTION('',(0.,0.,1.));
#1040 = DIRECTION('',(-1.,1.224646799147E-16,0.));
#1041 = ADVANCED_FACE('',(#1042),#1075,.T.);
#1042 = FACE_BOUND('',#1043,.T.);
#1043 = EDGE_LOOP('',(#1044,#1054,#1062,#1068,#1069));
#1044 = ORIENTED_EDGE('',*,*,#1045,.T.);
#1045 = EDGE_CURVE('',#1046,#1048,#1050,.T.);
#1046 = VERTEX_POINT('',#1047);
#1047 = CARTESIAN_POINT('',(-1.6,0.5,6.8));
#1048 = VERTEX_POINT('',#1049);
#1049 = CARTESIAN_POINT('',(-1.6,0.5,3.65));
#1050 = LINE('',#1051,#1052);
#1051 = CARTESIAN_POINT('',(-1.6,0.5,5.325));
#1052 = VECTOR('',#1053,1.);
#1053 = DIRECTION('',(-0.,0.,-1.));
#1054 = ORIENTED_EDGE('',*,*,#1055,.T.);
#1055 = EDGE_CURVE('',#1048,#1056,#1058,.T.);
#1056 = VERTEX_POINT('',#1057);
#1057 = CARTESIAN_POINT('',(-2.45,0.5,3.65));
#1058 = LINE('',#1059,#1060);
#1059 = CARTESIAN_POINT('',(7.45,0.5,3.65));
#1060 = VECTOR('',#1061,1.);
#1061 = DIRECTION('',(-1.,1.224646799147E-16,0.));
#1062 = ORIENTED_EDGE('',*,*,#1063,.T.);
#1063 = EDGE_CURVE('',#1056,#976,#1064,.T.);
#1064 = LINE('',#1065,#1066);
#1065 = CARTESIAN_POINT('',(-2.45,0.5,1.825));
#1066 = VECTOR('',#1067,1.);
#1067 = DIRECTION('',(0.,0.,1.));
#1068 = ORIENTED_EDGE('',*,*,#973,.F.);
#1069 = ORIENTED_EDGE('',*,*,#1070,.T.);
#1070 = EDGE_CURVE('',#974,#1046,#1071,.T.);
#1071 = LINE('',#1072,#1073);
#1072 = CARTESIAN_POINT('',(1.4,0.5,3.8));
#1073 = VECTOR('',#1074,1.);
#1074 = DIRECTION('',(0.707106781187,-8.659560562349E-17,-0.707106781187
    ));
#1075 = PLANE('',#1076);
#1076 = AXIS2_PLACEMENT_3D('',#1077,#1078,#1079);
#1077 = CARTESIAN_POINT('',(7.45,0.5,3.65));
#1078 = DIRECTION('',(1.224646799147E-16,1.,0.));
#1079 = DIRECTION('',(0.,-0.,1.));
#1080 = ADVANCED_FACE('',(#1081),#1099,.F.);
#1081 = FACE_BOUND('',#1082,.T.);
#1082 = EDGE_LOOP('',(#1083,#1084,#1085,#1093));
#1083 = ORIENTED_EDGE('',*,*,#1070,.F.);
#1084 = ORIENTED_EDGE('',*,*,#1031,.T.);
#1085 = ORIENTED_EDGE('',*,*,#1086,.T.);
#1086 = EDGE_CURVE('',#1024,#1087,#1089,.T.);
#1087 = VERTEX_POINT('',#1088);
#1088 = CARTESIAN_POINT('',(-1.6,-2.65,6.8));
#1089 = LINE('',#1090,#1091);
#1090 = CARTESIAN_POINT('',(-1.141666666667,-2.191666666667,
    6.341666666667));
#1091 = VECTOR('',#1092,1.);
#1092 = DIRECTION('',(0.57735026919,0.57735026919,-0.57735026919));
#1093 = ORIENTED_EDGE('',*,*,#1094,.F.);
#1094 = EDGE_CURVE('',#1046,#1087,#1095,.T.);
#1095 = LINE('',#1096,#1097);
#1096 = CARTESIAN_POINT('',(-1.6,0.5,6.8));
#1097 = VECTOR('',#1098,1.);
#1098 = DIRECTION('',(-1.224646799147E-16,-1.,0.));
#1099 = PLANE('',#1100);
#1100 = AXIS2_PLACEMENT_3D('',#1101,#1102,#1103);
#1101 = CARTESIAN_POINT('',(-1.7,0.5,6.9));
#1102 = DIRECTION('',(-0.707106781187,8.659560562349E-17,-0.707106781187
    ));
#1103 = DIRECTION('',(1.224646799147E-16,1.,-2.105272540809E-29));
#1104 = ADVANCED_FACE('',(#1105),#1164,.F.);
#1105 = FACE_BOUND('',#1106,.F.);
#1106 = EDGE_LOOP('',(#1107,#1117,#1125,#1133,#1141,#1150,#1156,#1157,
    #1158));
#1107 = ORIENTED_EDGE('',*,*,#1108,.F.);
#1108 = EDGE_CURVE('',#1109,#1111,#1113,.T.);
#1109 = VERTEX_POINT('',#1110);
#1110 = CARTESIAN_POINT('',(-2.45,2.35,0.));
#1111 = VERTEX_POINT('',#1112);
#1112 = CARTESIAN_POINT('',(-2.45,-3.4,0.));
#1113 = LINE('',#1114,#1115);
#1114 = CARTESIAN_POINT('',(-2.45,2.35,0.));
#1115 = VECTOR('',#1116,1.);
#1116 = DIRECTION('',(-1.224646799147E-16,-1.,0.));
#1117 = ORIENTED_EDGE('',*,*,#1118,.T.);
#1118 = EDGE_CURVE('',#1109,#1119,#1121,.T.);
#1119 = VERTEX_POINT('',#1120);
#1120 = CARTESIAN_POINT('',(-2.45,2.35,7.));
#1121 = LINE('',#1122,#1123);
#1122 = CARTESIAN_POINT('',(-2.45,2.35,0.));
#1123 = VECTOR('',#1124,1.);
#1124 = DIRECTION('',(0.,0.,1.));
#1125 = ORIENTED_EDGE('',*,*,#1126,.T.);
#1126 = EDGE_CURVE('',#1119,#1127,#1129,.T.);
#1127 = VERTEX_POINT('',#1128);
#1128 = CARTESIAN_POINT('',(-2.45,1.5,7.));
#1129 = LINE('',#1130,#1131);
#1130 = CARTESIAN_POINT('',(-2.45,2.35,7.));
#1131 = VECTOR('',#1132,1.);
#1132 = DIRECTION('',(-1.224646799147E-16,-1.,0.));
#1133 = ORIENTED_EDGE('',*,*,#1134,.T.);
#1134 = EDGE_CURVE('',#1127,#1135,#1137,.T.);
#1135 = VERTEX_POINT('',#1136);
#1136 = CARTESIAN_POINT('',(-2.45,1.5,4.15));
#1137 = LINE('',#1138,#1139);
#1138 = CARTESIAN_POINT('',(-2.45,1.5,3.5));
#1139 = VECTOR('',#1140,1.);
#1140 = DIRECTION('',(-0.,0.,-1.));
#1141 = ORIENTED_EDGE('',*,*,#1142,.F.);
#1142 = EDGE_CURVE('',#1143,#1135,#1145,.T.);
#1143 = VERTEX_POINT('',#1144);
#1144 = CARTESIAN_POINT('',(-2.45,1.,3.65));
#1145 = CIRCLE('',#1146,0.5);
#1146 = AXIS2_PLACEMENT_3D('',#1147,#1148,#1149);
#1147 = CARTESIAN_POINT('',(-2.45,1.,4.15));
#1148 = DIRECTION('',(1.,-1.224646799147E-16,0.));
#1149 = DIRECTION('',(1.224646799147E-16,1.,0.));
#1150 = ORIENTED_EDGE('',*,*,#1151,.T.);
#1151 = EDGE_CURVE('',#1143,#1056,#1152,.T.);
#1152 = LINE('',#1153,#1154);
#1153 = CARTESIAN_POINT('',(-2.45,1.675,3.65));
#1154 = VECTOR('',#1155,1.);
#1155 = DIRECTION('',(-1.224646799147E-16,-1.,0.));
#1156 = ORIENTED_EDGE('',*,*,#1063,.T.);
#1157 = ORIENTED_EDGE('',*,*,#983,.T.);
#1158 = ORIENTED_EDGE('',*,*,#1159,.F.);
#1159 = EDGE_CURVE('',#1111,#984,#1160,.T.);
#1160 = LINE('',#1161,#1162);
#1161 = CARTESIAN_POINT('',(-2.45,-3.4,0.));
#1162 = VECTOR('',#1163,1.);
#1163 = DIRECTION('',(0.,0.,1.));
#1164 = PLANE('',#1165);
#1165 = AXIS2_PLACEMENT_3D('',#1166,#1167,#1168);
#1166 = CARTESIAN_POINT('',(-2.45,2.35,0.));
#1167 = DIRECTION('',(1.,-1.224646799147E-16,0.));
#1168 = DIRECTION('',(-1.224646799147E-16,-1.,0.));
#1169 = ADVANCED_FACE('',(#1170),#1188,.F.);
#1170 = FACE_BOUND('',#1171,.T.);
#1171 = EDGE_LOOP('',(#1172,#1173,#1174,#1182));
#1172 = ORIENTED_EDGE('',*,*,#1086,.F.);
#1173 = ORIENTED_EDGE('',*,*,#1023,.T.);
#1174 = ORIENTED_EDGE('',*,*,#1175,.T.);
#1175 = EDGE_CURVE('',#1016,#1176,#1178,.T.);
#1176 = VERTEX_POINT('',#1177);
#1177 = CARTESIAN_POINT('',(6.6,-2.65,6.8));
#1178 = LINE('',#1179,#1180);
#1179 = CARTESIAN_POINT('',(5.3,-1.35,5.5));
#1180 = VECTOR('',#1181,1.);
#1181 = DIRECTION('',(-0.57735026919,0.57735026919,-0.57735026919));
#1182 = ORIENTED_EDGE('',*,*,#1183,.F.);
#1183 = EDGE_CURVE('',#1087,#1176,#1184,.T.);
#1184 = LINE('',#1185,#1186);
#1185 = CARTESIAN_POINT('',(-1.6,-2.65,6.8));
#1186 = VECTOR('',#1187,1.);
#1187 = DIRECTION('',(1.,-1.224646799147E-16,0.));
#1188 = PLANE('',#1189);
#1189 = AXIS2_PLACEMENT_3D('',#1190,#1191,#1192);
#1190 = CARTESIAN_POINT('',(-1.6,-2.75,6.9));
#1191 = DIRECTION('',(-8.659560562349E-17,-0.707106781187,
    -0.707106781187));
#1192 = DIRECTION('',(-1.,1.224646799147E-16,-2.105272540809E-29));
#1193 = ADVANCED_FACE('',(#1194),#1308,.F.);
#1194 = FACE_BOUND('',#1195,.F.);
#1195 = EDGE_LOOP('',(#1196,#1204,#1205,#1206,#1214,#1222,#1230,#1238,
    #1246,#1254,#1262,#1270,#1278,#1286,#1294,#1302));
#1196 = ORIENTED_EDGE('',*,*,#1197,.F.);
#1197 = EDGE_CURVE('',#1111,#1198,#1200,.T.);
#1198 = VERTEX_POINT('',#1199);
#1199 = CARTESIAN_POINT('',(-0.75,-3.4,0.));
#1200 = LINE('',#1201,#1202);
#1201 = CARTESIAN_POINT('',(-2.45,-3.4,0.));
#1202 = VECTOR('',#1203,1.);
#1203 = DIRECTION('',(1.,-1.224646799147E-16,0.));
#1204 = ORIENTED_EDGE('',*,*,#1159,.T.);
#1205 = ORIENTED_EDGE('',*,*,#991,.T.);
#1206 = ORIENTED_EDGE('',*,*,#1207,.F.);
#1207 = EDGE_CURVE('',#1208,#992,#1210,.T.);
#1208 = VERTEX_POINT('',#1209);
#1209 = CARTESIAN_POINT('',(7.45,-3.4,0.));
#1210 = LINE('',#1211,#1212);
#1211 = CARTESIAN_POINT('',(7.45,-3.4,0.));
#1212 = VECTOR('',#1213,1.);
#1213 = DIRECTION('',(0.,0.,1.));
#1214 = ORIENTED_EDGE('',*,*,#1215,.F.);
#1215 = EDGE_CURVE('',#1216,#1208,#1218,.T.);
#1216 = VERTEX_POINT('',#1217);
#1217 = CARTESIAN_POINT('',(5.75,-3.4,0.));
#1218 = LINE('',#1219,#1220);
#1219 = CARTESIAN_POINT('',(-2.45,-3.4,0.));
#1220 = VECTOR('',#1221,1.);
#1221 = DIRECTION('',(1.,-1.224646799147E-16,0.));
#1222 = ORIENTED_EDGE('',*,*,#1223,.F.);
#1223 = EDGE_CURVE('',#1224,#1216,#1226,.T.);
#1224 = VERTEX_POINT('',#1225);
#1225 = CARTESIAN_POINT('',(5.75,-3.4,1.));
#1226 = LINE('',#1227,#1228);
#1227 = CARTESIAN_POINT('',(5.75,-3.4,1.));
#1228 = VECTOR('',#1229,1.);
#1229 = DIRECTION('',(-0.,0.,-1.));
#1230 = ORIENTED_EDGE('',*,*,#1231,.T.);
#1231 = EDGE_CURVE('',#1224,#1232,#1234,.T.);
#1232 = VERTEX_POINT('',#1233);
#1233 = CARTESIAN_POINT('',(4.25,-3.4,1.));
#1234 = LINE('',#1235,#1236);
#1235 = CARTESIAN_POINT('',(5.75,-3.4,1.));
#1236 = VECTOR('',#1237,1.);
#1237 = DIRECTION('',(-1.,1.224646799147E-16,0.));
#1238 = ORIENTED_EDGE('',*,*,#1239,.T.);
#1239 = EDGE_CURVE('',#1232,#1240,#1242,.T.);
#1240 = VERTEX_POINT('',#1241);
#1241 = CARTESIAN_POINT('',(4.25,-3.4,0.));
#1242 = LINE('',#1243,#1244);
#1243 = CARTESIAN_POINT('',(4.25,-3.4,1.));
#1244 = VECTOR('',#1245,1.);
#1245 = DIRECTION('',(-0.,0.,-1.));
#1246 = ORIENTED_EDGE('',*,*,#1247,.F.);
#1247 = EDGE_CURVE('',#1248,#1240,#1250,.T.);
#1248 = VERTEX_POINT('',#1249);
#1249 = CARTESIAN_POINT('',(3.25,-3.4,0.));
#1250 = LINE('',#1251,#1252);
#1251 = CARTESIAN_POINT('',(-2.45,-3.4,0.));
#1252 = VECTOR('',#1253,1.);
#1253 = DIRECTION('',(1.,-1.224646799147E-16,0.));
#1254 = ORIENTED_EDGE('',*,*,#1255,.F.);
#1255 = EDGE_CURVE('',#1256,#1248,#1258,.T.);
#1256 = VERTEX_POINT('',#1257);
#1257 = CARTESIAN_POINT('',(3.25,-3.4,1.));
#1258 = LINE('',#1259,#1260);
#1259 = CARTESIAN_POINT('',(3.25,-3.4,1.));
#1260 = VECTOR('',#1261,1.);
#1261 = DIRECTION('',(-0.,0.,-1.));
#1262 = ORIENTED_EDGE('',*,*,#1263,.T.);
#1263 = EDGE_CURVE('',#1256,#1264,#1266,.T.);
#1264 = VERTEX_POINT('',#1265);
#1265 = CARTESIAN_POINT('',(1.75,-3.4,1.));
#1266 = LINE('',#1267,#1268);
#1267 = CARTESIAN_POINT('',(3.25,-3.4,1.));
#1268 = VECTOR('',#1269,1.);
#1269 = DIRECTION('',(-1.,1.224646799147E-16,0.));
#1270 = ORIENTED_EDGE('',*,*,#1271,.T.);
#1271 = EDGE_CURVE('',#1264,#1272,#1274,.T.);
#1272 = VERTEX_POINT('',#1273);
#1273 = CARTESIAN_POINT('',(1.75,-3.4,0.));
#1274 = LINE('',#1275,#1276);
#1275 = CARTESIAN_POINT('',(1.75,-3.4,1.));
#1276 = VECTOR('',#1277,1.);
#1277 = DIRECTION('',(-0.,0.,-1.));
#1278 = ORIENTED_EDGE('',*,*,#1279,.F.);
#1279 = EDGE_CURVE('',#1280,#1272,#1282,.T.);
#1280 = VERTEX_POINT('',#1281);
#1281 = CARTESIAN_POINT('',(0.75,-3.4,0.));
#1282 = LINE('',#1283,#1284);
#1283 = CARTESIAN_POINT('',(-2.45,-3.4,0.));
#1284 = VECTOR('',#1285,1.);
#1285 = DIRECTION('',(1.,-1.224646799147E-16,0.));
#1286 = ORIENTED_EDGE('',*,*,#1287,.F.);
#1287 = EDGE_CURVE('',#1288,#1280,#1290,.T.);
#1288 = VERTEX_POINT('',#1289);
#1289 = CARTESIAN_POINT('',(0.75,-3.4,1.));
#1290 = LINE('',#1291,#1292);
#1291 = CARTESIAN_POINT('',(0.75,-3.4,1.));
#1292 = VECTOR('',#1293,1.);
#1293 = DIRECTION('',(-0.,0.,-1.));
#1294 = ORIENTED_EDGE('',*,*,#1295,.T.);
#1295 = EDGE_CURVE('',#1288,#1296,#1298,.T.);
#1296 = VERTEX_POINT('',#1297);
#1297 = CARTESIAN_POINT('',(-0.75,-3.4,1.));
#1298 = LINE('',#1299,#1300);
#1299 = CARTESIAN_POINT('',(0.75,-3.4,1.));
#1300 = VECTOR('',#1301,1.);
#1301 = DIRECTION('',(-1.,1.224646799147E-16,0.));
#1302 = ORIENTED_EDGE('',*,*,#1303,.T.);
#1303 = EDGE_CURVE('',#1296,#1198,#1304,.T.);
#1304 = LINE('',#1305,#1306);
#1305 = CARTESIAN_POINT('',(-0.75,-3.4,1.));
#1306 = VECTOR('',#1307,1.);
#1307 = DIRECTION('',(-0.,0.,-1.));
#1308 = PLANE('',#1309);
#1309 = AXIS2_PLACEMENT_3D('',#1310,#1311,#1312);
#1310 = CARTESIAN_POINT('',(-2.45,-3.4,0.));
#1311 = DIRECTION('',(1.224646799147E-16,1.,0.));
#1312 = DIRECTION('',(1.,-1.224646799147E-16,0.));
#1313 = ADVANCED_FACE('',(#1314),#1332,.F.);
#1314 = FACE_BOUND('',#1315,.T.);
#1315 = EDGE_LOOP('',(#1316,#1317,#1318,#1326));
#1316 = ORIENTED_EDGE('',*,*,#1175,.F.);
#1317 = ORIENTED_EDGE('',*,*,#1015,.T.);
#1318 = ORIENTED_EDGE('',*,*,#1319,.T.);
#1319 = EDGE_CURVE('',#1008,#1320,#1322,.T.);
#1320 = VERTEX_POINT('',#1321);
#1321 = CARTESIAN_POINT('',(6.6,0.5,6.8));
#1322 = LINE('',#1323,#1324);
#1323 = CARTESIAN_POINT('',(6.075,0.5,6.275));
#1324 = VECTOR('',#1325,1.);
#1325 = DIRECTION('',(-0.707106781187,8.659560562349E-17,-0.707106781187
    ));
#1326 = ORIENTED_EDGE('',*,*,#1327,.F.);
#1327 = EDGE_CURVE('',#1176,#1320,#1328,.T.);
#1328 = LINE('',#1329,#1330);
#1329 = CARTESIAN_POINT('',(6.6,-2.65,6.8));
#1330 = VECTOR('',#1331,1.);
#1331 = DIRECTION('',(1.224646799147E-16,1.,0.));
#1332 = PLANE('',#1333);
#1333 = AXIS2_PLACEMENT_3D('',#1334,#1335,#1336);
#1334 = CARTESIAN_POINT('',(6.7,-2.65,6.9));
#1335 = DIRECTION('',(0.707106781187,-8.659560562349E-17,-0.707106781187
    ));
#1336 = DIRECTION('',(-1.224646799147E-16,-1.,-2.105272540809E-29));
#1337 = ADVANCED_FACE('',(#1338),#1397,.F.);
#1338 = FACE_BOUND('',#1339,.F.);
#1339 = EDGE_LOOP('',(#1340,#1348,#1349,#1350,#1358,#1366,#1375,#1383,
    #1391));
#1340 = ORIENTED_EDGE('',*,*,#1341,.F.);
#1341 = EDGE_CURVE('',#1208,#1342,#1344,.T.);
#1342 = VERTEX_POINT('',#1343);
#1343 = CARTESIAN_POINT('',(7.45,2.35,0.));
#1344 = LINE('',#1345,#1346);
#1345 = CARTESIAN_POINT('',(7.45,-3.4,0.));
#1346 = VECTOR('',#1347,1.);
#1347 = DIRECTION('',(1.224646799147E-16,1.,0.));
#1348 = ORIENTED_EDGE('',*,*,#1207,.T.);
#1349 = ORIENTED_EDGE('',*,*,#999,.T.);
#1350 = ORIENTED_EDGE('',*,*,#1351,.F.);
#1351 = EDGE_CURVE('',#1352,#1000,#1354,.T.);
#1352 = VERTEX_POINT('',#1353);
#1353 = CARTESIAN_POINT('',(7.45,0.5,3.65));
#1354 = LINE('',#1355,#1356);
#1355 = CARTESIAN_POINT('',(7.45,0.5,3.65));
#1356 = VECTOR('',#1357,1.);
#1357 = DIRECTION('',(0.,0.,1.));
#1358 = ORIENTED_EDGE('',*,*,#1359,.F.);
#1359 = EDGE_CURVE('',#1360,#1352,#1362,.T.);
#1360 = VERTEX_POINT('',#1361);
#1361 = CARTESIAN_POINT('',(7.45,1.,3.65));
#1362 = LINE('',#1363,#1364);
#1363 = CARTESIAN_POINT('',(7.45,1.,3.65));
#1364 = VECTOR('',#1365,1.);
#1365 = DIRECTION('',(-1.224646799147E-16,-1.,0.));
#1366 = ORIENTED_EDGE('',*,*,#1367,.F.);
#1367 = EDGE_CURVE('',#1368,#1360,#1370,.T.);
#1368 = VERTEX_POINT('',#1369);
#1369 = CARTESIAN_POINT('',(7.45,1.5,4.15));
#1370 = CIRCLE('',#1371,0.5);
#1371 = AXIS2_PLACEMENT_3D('',#1372,#1373,#1374);
#1372 = CARTESIAN_POINT('',(7.45,1.,4.15));
#1373 = DIRECTION('',(-1.,1.224646799147E-16,0.));
#1374 = DIRECTION('',(1.224646799147E-16,1.,0.));
#1375 = ORIENTED_EDGE('',*,*,#1376,.F.);
#1376 = EDGE_CURVE('',#1377,#1368,#1379,.T.);
#1377 = VERTEX_POINT('',#1378);
#1378 = CARTESIAN_POINT('',(7.45,1.5,7.));
#1379 = LINE('',#1380,#1381);
#1380 = CARTESIAN_POINT('',(7.45,1.5,7.));
#1381 = VECTOR('',#1382,1.);
#1382 = DIRECTION('',(-0.,0.,-1.));
#1383 = ORIENTED_EDGE('',*,*,#1384,.T.);
#1384 = EDGE_CURVE('',#1377,#1385,#1387,.T.);
#1385 = VERTEX_POINT('',#1386);
#1386 = CARTESIAN_POINT('',(7.45,2.35,7.));
#1387 = LINE('',#1388,#1389);
#1388 = CARTESIAN_POINT('',(7.45,-3.4,7.));
#1389 = VECTOR('',#1390,1.);
#1390 = DIRECTION('',(1.224646799147E-16,1.,0.));
#1391 = ORIENTED_EDGE('',*,*,#1392,.F.);
#1392 = EDGE_CURVE('',#1342,#1385,#1393,.T.);
#1393 = LINE('',#1394,#1395);
#1394 = CARTESIAN_POINT('',(7.45,2.35,0.));
#1395 = VECTOR('',#1396,1.);
#1396 = DIRECTION('',(0.,0.,1.));
#1397 = PLANE('',#1398);
#1398 = AXIS2_PLACEMENT_3D('',#1399,#1400,#1401);
#1399 = CARTESIAN_POINT('',(7.45,-3.4,0.));
#1400 = DIRECTION('',(-1.,1.224646799147E-16,0.));
#1401 = DIRECTION('',(1.224646799147E-16,1.,0.));
#1402 = ADVANCED_FACE('',(#1403),#1422,.T.);
#1403 = FACE_BOUND('',#1404,.T.);
#1404 = EDGE_LOOP('',(#1405,#1406,#1407,#1415,#1421));
#1405 = ORIENTED_EDGE('',*,*,#1007,.F.);
#1406 = ORIENTED_EDGE('',*,*,#1351,.F.);
#1407 = ORIENTED_EDGE('',*,*,#1408,.T.);
#1408 = EDGE_CURVE('',#1352,#1409,#1411,.T.);
#1409 = VERTEX_POINT('',#1410);
#1410 = CARTESIAN_POINT('',(6.6,0.5,3.65));
#1411 = LINE('',#1412,#1413);
#1412 = CARTESIAN_POINT('',(7.45,0.5,3.65));
#1413 = VECTOR('',#1414,1.);
#1414 = DIRECTION('',(-1.,1.224646799147E-16,0.));
#1415 = ORIENTED_EDGE('',*,*,#1416,.T.);
#1416 = EDGE_CURVE('',#1409,#1320,#1417,.T.);
#1417 = LINE('',#1418,#1419);
#1418 = CARTESIAN_POINT('',(6.6,0.5,5.325));
#1419 = VECTOR('',#1420,1.);
#1420 = DIRECTION('',(0.,0.,1.));
#1421 = ORIENTED_EDGE('',*,*,#1319,.F.);
#1422 = PLANE('',#1423);
#1423 = AXIS2_PLACEMENT_3D('',#1424,#1425,#1426);
#1424 = CARTESIAN_POINT('',(7.45,0.5,3.65));
#1425 = DIRECTION('',(1.224646799147E-16,1.,0.));
#1426 = DIRECTION('',(0.,-0.,1.));
#1427 = ADVANCED_FACE('',(#1428),#1471,.F.);
#1428 = FACE_BOUND('',#1429,.F.);
#1429 = EDGE_LOOP('',(#1430,#1431,#1439,#1448,#1456,#1464,#1470));
#1430 = ORIENTED_EDGE('',*,*,#1045,.T.);
#1431 = ORIENTED_EDGE('',*,*,#1432,.T.);
#1432 = EDGE_CURVE('',#1048,#1433,#1435,.T.);
#1433 = VERTEX_POINT('',#1434);
#1434 = CARTESIAN_POINT('',(-1.6,1.,3.65));
#1435 = LINE('',#1436,#1437);
#1436 = CARTESIAN_POINT('',(-1.6,1.25,3.65));
#1437 = VECTOR('',#1438,1.);
#1438 = DIRECTION('',(1.224646799147E-16,1.,0.));
#1439 = ORIENTED_EDGE('',*,*,#1440,.T.);
#1440 = EDGE_CURVE('',#1433,#1441,#1443,.T.);
#1441 = VERTEX_POINT('',#1442);
#1442 = CARTESIAN_POINT('',(-1.6,1.5,4.15));
#1443 = CIRCLE('',#1444,0.5);
#1444 = AXIS2_PLACEMENT_3D('',#1445,#1446,#1447);
#1445 = CARTESIAN_POINT('',(-1.6,1.,4.15));
#1446 = DIRECTION('',(1.,-1.224646799147E-16,0.));
#1447 = DIRECTION('',(1.224646799147E-16,1.,0.));
#1448 = ORIENTED_EDGE('',*,*,#1449,.T.);
#1449 = EDGE_CURVE('',#1441,#1450,#1452,.T.);
#1450 = VERTEX_POINT('',#1451);
#1451 = CARTESIAN_POINT('',(-1.6,1.5,1.85));
#1452 = LINE('',#1453,#1454);
#1453 = CARTESIAN_POINT('',(-1.6,1.5,7.));
#1454 = VECTOR('',#1455,1.);
#1455 = DIRECTION('',(0.,0.,-1.));
#1456 = ORIENTED_EDGE('',*,*,#1457,.T.);
#1457 = EDGE_CURVE('',#1450,#1458,#1460,.T.);
#1458 = VERTEX_POINT('',#1459);
#1459 = CARTESIAN_POINT('',(-1.6,-2.65,1.85));
#1460 = LINE('',#1461,#1462);
#1461 = CARTESIAN_POINT('',(-1.6,1.5,1.85));
#1462 = VECTOR('',#1463,1.);
#1463 = DIRECTION('',(-1.224646799147E-16,-1.,0.));
#1464 = ORIENTED_EDGE('',*,*,#1465,.F.);
#1465 = EDGE_CURVE('',#1087,#1458,#1466,.T.);
#1466 = LINE('',#1467,#1468);
#1467 = CARTESIAN_POINT('',(-1.6,-2.65,7.));
#1468 = VECTOR('',#1469,1.);
#1469 = DIRECTION('',(0.,0.,-1.));
#1470 = ORIENTED_EDGE('',*,*,#1094,.F.);
#1471 = PLANE('',#1472);
#1472 = AXIS2_PLACEMENT_3D('',#1473,#1474,#1475);
#1473 = CARTESIAN_POINT('',(-1.6,1.5,7.));
#1474 = DIRECTION('',(-1.,1.224646799147E-16,0.));
#1475 = DIRECTION('',(-1.224646799147E-16,-1.,0.));
#1476 = ADVANCED_FACE('',(#1477),#1488,.T.);
#1477 = FACE_BOUND('',#1478,.T.);
#1478 = EDGE_LOOP('',(#1479,#1480,#1486,#1487));
#1479 = ORIENTED_EDGE('',*,*,#1432,.T.);
#1480 = ORIENTED_EDGE('',*,*,#1481,.T.);
#1481 = EDGE_CURVE('',#1433,#1143,#1482,.T.);
#1482 = LINE('',#1483,#1484);
#1483 = CARTESIAN_POINT('',(7.45,1.,3.65));
#1484 = VECTOR('',#1485,1.);
#1485 = DIRECTION('',(-1.,1.224646799147E-16,0.));
#1486 = ORIENTED_EDGE('',*,*,#1151,.T.);
#1487 = ORIENTED_EDGE('',*,*,#1055,.F.);
#1488 = PLANE('',#1489);
#1489 = AXIS2_PLACEMENT_3D('',#1490,#1491,#1492);
#1490 = CARTESIAN_POINT('',(7.45,1.,3.65));
#1491 = DIRECTION('',(0.,0.,1.));
#1492 = DIRECTION('',(-1.224646799147E-16,-1.,0.));
#1493 = ADVANCED_FACE('',(#1494),#1512,.F.);
#1494 = FACE_BOUND('',#1495,.F.);
#1495 = EDGE_LOOP('',(#1496,#1497,#1498,#1506));
#1496 = ORIENTED_EDGE('',*,*,#1108,.T.);
#1497 = ORIENTED_EDGE('',*,*,#1197,.T.);
#1498 = ORIENTED_EDGE('',*,*,#1499,.T.);
#1499 = EDGE_CURVE('',#1198,#1500,#1502,.T.);
#1500 = VERTEX_POINT('',#1501);
#1501 = CARTESIAN_POINT('',(-0.75,2.35,0.));
#1502 = LINE('',#1503,#1504);
#1503 = CARTESIAN_POINT('',(-0.75,-3.4,0.));
#1504 = VECTOR('',#1505,1.);
#1505 = DIRECTION('',(1.224646799147E-16,1.,0.));
#1506 = ORIENTED_EDGE('',*,*,#1507,.T.);
#1507 = EDGE_CURVE('',#1500,#1109,#1508,.T.);
#1508 = LINE('',#1509,#1510);
#1509 = CARTESIAN_POINT('',(7.45,2.35,0.));
#1510 = VECTOR('',#1511,1.);
#1511 = DIRECTION('',(-1.,1.224646799147E-16,0.));
#1512 = PLANE('',#1513);
#1513 = AXIS2_PLACEMENT_3D('',#1514,#1515,#1516);
#1514 = CARTESIAN_POINT('',(2.5,-0.525,0.));
#1515 = DIRECTION('',(0.,0.,1.));
#1516 = DIRECTION('',(-1.,1.224646799147E-16,0.));
#1517 = ADVANCED_FACE('',(#1518),#1529,.F.);
#1518 = FACE_BOUND('',#1519,.F.);
#1519 = EDGE_LOOP('',(#1520,#1521,#1522,#1528));
#1520 = ORIENTED_EDGE('',*,*,#1481,.T.);
#1521 = ORIENTED_EDGE('',*,*,#1142,.T.);
#1522 = ORIENTED_EDGE('',*,*,#1523,.F.);
#1523 = EDGE_CURVE('',#1441,#1135,#1524,.T.);
#1524 = LINE('',#1525,#1526);
#1525 = CARTESIAN_POINT('',(7.45,1.5,4.15));
#1526 = VECTOR('',#1527,1.);
#1527 = DIRECTION('',(-1.,1.224646799147E-16,0.));
#1528 = ORIENTED_EDGE('',*,*,#1440,.F.);
#1529 = CYLINDRICAL_SURFACE('',#1530,0.5);
#1530 = AXIS2_PLACEMENT_3D('',#1531,#1532,#1533);
#1531 = CARTESIAN_POINT('',(7.45,1.,4.15));
#1532 = DIRECTION('',(1.,-1.224646799147E-16,-0.));
#1533 = DIRECTION('',(1.224646799147E-16,1.,0.));
#1534 = ADVANCED_FACE('',(#1535),#1699,.T.);
#1535 = FACE_BOUND('',#1536,.T.);
#1536 = EDGE_LOOP('',(#1537,#1538,#1546,#1554,#1562,#1570,#1578,#1587,
    #1595,#1603,#1611,#1619,#1627,#1636,#1644,#1652,#1660,#1668,#1674,
    #1675,#1676,#1677,#1685,#1693));
#1537 = ORIENTED_EDGE('',*,*,#1376,.F.);
#1538 = ORIENTED_EDGE('',*,*,#1539,.T.);
#1539 = EDGE_CURVE('',#1377,#1540,#1542,.T.);
#1540 = VERTEX_POINT('',#1541);
#1541 = CARTESIAN_POINT('',(5.5,1.5,7.));
#1542 = LINE('',#1543,#1544);
#1543 = CARTESIAN_POINT('',(7.45,1.5,7.));
#1544 = VECTOR('',#1545,1.);
#1545 = DIRECTION('',(-1.,1.224646799147E-16,0.));
#1546 = ORIENTED_EDGE('',*,*,#1547,.T.);
#1547 = EDGE_CURVE('',#1540,#1548,#1550,.T.);
#1548 = VERTEX_POINT('',#1549);
#1549 = CARTESIAN_POINT('',(5.5,1.5,6.1));
#1550 = LINE('',#1551,#1552);
#1551 = CARTESIAN_POINT('',(5.5,1.5,5.327450166113));
#1552 = VECTOR('',#1553,1.);
#1553 = DIRECTION('',(-4.93432455389E-16,8.449221308824E-17,-1.));
#1554 = ORIENTED_EDGE('',*,*,#1555,.T.);
#1555 = EDGE_CURVE('',#1548,#1556,#1558,.T.);
#1556 = VERTEX_POINT('',#1557);
#1557 = CARTESIAN_POINT('',(5.25,1.5,5.85));
#1558 = LINE('',#1559,#1560);
#1559 = CARTESIAN_POINT('',(4.238725083056,1.5,4.838725083056));
#1560 = VECTOR('',#1561,1.);
#1561 = DIRECTION('',(-0.707106781187,1.463406224556E-16,-0.707106781187
    ));
#1562 = ORIENTED_EDGE('',*,*,#1563,.T.);
#1563 = EDGE_CURVE('',#1556,#1564,#1566,.T.);
#1564 = VERTEX_POINT('',#1565);
#1565 = CARTESIAN_POINT('',(5.5,1.5,5.6));
#1566 = LINE('',#1567,#1568);
#1567 = CARTESIAN_POINT('',(5.011274916944,1.5,6.088725083056));
#1568 = VECTOR('',#1569,1.);
#1569 = DIRECTION('',(0.707106781187,-2.685058879138E-17,-0.707106781187
    ));
#1570 = ORIENTED_EDGE('',*,*,#1571,.T.);
#1571 = EDGE_CURVE('',#1564,#1572,#1574,.T.);
#1572 = VERTEX_POINT('',#1573);
#1573 = CARTESIAN_POINT('',(5.5,1.5,3.85));
#1574 = LINE('',#1575,#1576);
#1575 = CARTESIAN_POINT('',(5.5,1.5,3.827450166113));
#1576 = VECTOR('',#1577,1.);
#1577 = DIRECTION('',(1.034731183114E-32,8.449221308824E-17,-1.));
#1578 = ORIENTED_EDGE('',*,*,#1579,.F.);
#1579 = EDGE_CURVE('',#1580,#1572,#1582,.T.);
#1580 = VERTEX_POINT('',#1581);
#1581 = CARTESIAN_POINT('',(4.75,1.5,3.1));
#1582 = CIRCLE('',#1583,0.75);
#1583 = AXIS2_PLACEMENT_3D('',#1584,#1585,#1586);
#1584 = CARTESIAN_POINT('',(4.75,1.5,3.85));
#1585 = DIRECTION('',(-1.224646799147E-16,-1.,0.));
#1586 = DIRECTION('',(-0.,0.,-1.));
#1587 = ORIENTED_EDGE('',*,*,#1588,.T.);
#1588 = EDGE_CURVE('',#1580,#1589,#1591,.T.);
#1589 = VERTEX_POINT('',#1590);
#1590 = CARTESIAN_POINT('',(4.,1.5,3.1));
#1591 = LINE('',#1592,#1593);
#1592 = CARTESIAN_POINT('',(3.25,1.5,3.1));
#1593 = VECTOR('',#1594,1.);
#1594 = DIRECTION('',(-1.,1.224646799147E-16,0.));
#1595 = ORIENTED_EDGE('',*,*,#1596,.T.);
#1596 = EDGE_CURVE('',#1589,#1597,#1599,.T.);
#1597 = VERTEX_POINT('',#1598);
#1598 = CARTESIAN_POINT('',(4.,1.5,7.));
#1599 = LINE('',#1600,#1601);
#1600 = CARTESIAN_POINT('',(4.,1.5,5.777450166113));
#1601 = VECTOR('',#1602,1.);
#1602 = DIRECTION('',(-1.034731183114E-32,-8.449221308824E-17,1.));
#1603 = ORIENTED_EDGE('',*,*,#1604,.T.);
#1604 = EDGE_CURVE('',#1597,#1605,#1607,.T.);
#1605 = VERTEX_POINT('',#1606);
#1606 = CARTESIAN_POINT('',(1.,1.5,7.));
#1607 = LINE('',#1608,#1609);
#1608 = CARTESIAN_POINT('',(7.45,1.5,7.));
#1609 = VECTOR('',#1610,1.);
#1610 = DIRECTION('',(-1.,1.224646799147E-16,0.));
#1611 = ORIENTED_EDGE('',*,*,#1612,.F.);
#1612 = EDGE_CURVE('',#1613,#1605,#1615,.T.);
#1613 = VERTEX_POINT('',#1614);
#1614 = CARTESIAN_POINT('',(1.,1.5,3.1));
#1615 = LINE('',#1616,#1617);
#1616 = CARTESIAN_POINT('',(1.,1.5,5.777450166113));
#1617 = VECTOR('',#1618,1.);
#1618 = DIRECTION('',(-1.034731183114E-32,-8.449221308824E-17,1.));
#1619 = ORIENTED_EDGE('',*,*,#1620,.F.);
#1620 = EDGE_CURVE('',#1621,#1613,#1623,.T.);
#1621 = VERTEX_POINT('',#1622);
#1622 = CARTESIAN_POINT('',(0.25,1.5,3.1));
#1623 = LINE('',#1624,#1625);
#1624 = CARTESIAN_POINT('',(1.75,1.5,3.1));
#1625 = VECTOR('',#1626,1.);
#1626 = DIRECTION('',(1.,-1.224646799147E-16,-0.));
#1627 = ORIENTED_EDGE('',*,*,#1628,.F.);
#1628 = EDGE_CURVE('',#1629,#1621,#1631,.T.);
#1629 = VERTEX_POINT('',#1630);
#1630 = CARTESIAN_POINT('',(-0.5,1.5,3.85));
#1631 = CIRCLE('',#1632,0.75);
#1632 = AXIS2_PLACEMENT_3D('',#1633,#1634,#1635);
#1633 = CARTESIAN_POINT('',(0.25,1.5,3.85));
#1634 = DIRECTION('',(-1.224646799147E-16,-1.,0.));
#1635 = DIRECTION('',(-0.,0.,-1.));
#1636 = ORIENTED_EDGE('',*,*,#1637,.F.);
#1637 = EDGE_CURVE('',#1638,#1629,#1640,.T.);
#1638 = VERTEX_POINT('',#1639);
#1639 = CARTESIAN_POINT('',(-0.5,1.5,5.6));
#1640 = LINE('',#1641,#1642);
#1641 = CARTESIAN_POINT('',(-0.5,1.5,3.827450166113));
#1642 = VECTOR('',#1643,1.);
#1643 = DIRECTION('',(1.034731183114E-32,8.449221308824E-17,-1.));
#1644 = ORIENTED_EDGE('',*,*,#1645,.F.);
#1645 = EDGE_CURVE('',#1646,#1638,#1648,.T.);
#1646 = VERTEX_POINT('',#1647);
#1647 = CARTESIAN_POINT('',(-0.25,1.5,5.85));
#1648 = LINE('',#1649,#1650);
#1649 = CARTESIAN_POINT('',(-1.127491694352E-02,1.5,6.088725083056));
#1650 = VECTOR('',#1651,1.);
#1651 = DIRECTION('',(-0.707106781187,1.463406224556E-16,-0.707106781187
    ));
#1652 = ORIENTED_EDGE('',*,*,#1653,.F.);
#1653 = EDGE_CURVE('',#1654,#1646,#1656,.T.);
#1654 = VERTEX_POINT('',#1655);
#1655 = CARTESIAN_POINT('',(-0.5,1.5,6.1));
#1656 = LINE('',#1657,#1658);
#1657 = CARTESIAN_POINT('',(0.761274916944,1.5,4.838725083056));
#1658 = VECTOR('',#1659,1.);
#1659 = DIRECTION('',(0.707106781187,-2.685058879138E-17,-0.707106781187
    ));
#1660 = ORIENTED_EDGE('',*,*,#1661,.F.);
#1661 = EDGE_CURVE('',#1662,#1654,#1664,.T.);
#1662 = VERTEX_POINT('',#1663);
#1663 = CARTESIAN_POINT('',(-0.5,1.5,7.));
#1664 = LINE('',#1665,#1666);
#1665 = CARTESIAN_POINT('',(-0.5,1.5,5.327450166113));
#1666 = VECTOR('',#1667,1.);
#1667 = DIRECTION('',(1.034731183114E-32,8.449221308824E-17,-1.));
#1668 = ORIENTED_EDGE('',*,*,#1669,.T.);
#1669 = EDGE_CURVE('',#1662,#1127,#1670,.T.);
#1670 = LINE('',#1671,#1672);
#1671 = CARTESIAN_POINT('',(7.45,1.5,7.));
#1672 = VECTOR('',#1673,1.);
#1673 = DIRECTION('',(-1.,1.224646799147E-16,0.));
#1674 = ORIENTED_EDGE('',*,*,#1134,.T.);
#1675 = ORIENTED_EDGE('',*,*,#1523,.F.);
#1676 = ORIENTED_EDGE('',*,*,#1449,.T.);
#1677 = ORIENTED_EDGE('',*,*,#1678,.F.);
#1678 = EDGE_CURVE('',#1679,#1450,#1681,.T.);
#1679 = VERTEX_POINT('',#1680);
#1680 = CARTESIAN_POINT('',(6.6,1.5,1.85));
#1681 = LINE('',#1682,#1683);
#1682 = CARTESIAN_POINT('',(6.6,1.5,1.85));
#1683 = VECTOR('',#1684,1.);
#1684 = DIRECTION('',(-1.,1.224646799147E-16,0.));
#1685 = ORIENTED_EDGE('',*,*,#1686,.F.);
#1686 = EDGE_CURVE('',#1687,#1679,#1689,.T.);
#1687 = VERTEX_POINT('',#1688);
#1688 = CARTESIAN_POINT('',(6.6,1.5,4.15));
#1689 = LINE('',#1690,#1691);
#1690 = CARTESIAN_POINT('',(6.6,1.5,7.));
#1691 = VECTOR('',#1692,1.);
#1692 = DIRECTION('',(0.,0.,-1.));
#1693 = ORIENTED_EDGE('',*,*,#1694,.F.);
#1694 = EDGE_CURVE('',#1368,#1687,#1695,.T.);
#1695 = LINE('',#1696,#1697);
#1696 = CARTESIAN_POINT('',(7.45,1.5,4.15));
#1697 = VECTOR('',#1698,1.);
#1698 = DIRECTION('',(-1.,1.224646799147E-16,0.));
#1699 = PLANE('',#1700);
#1700 = AXIS2_PLACEMENT_3D('',#1701,#1702,#1703);
#1701 = CARTESIAN_POINT('',(2.5,1.5,4.554900332226));
#1702 = DIRECTION('',(-1.224646799147E-16,-1.,-8.449221308824E-17));
#1703 = DIRECTION('',(-1.034731183114E-32,-8.449221308824E-17,1.));
#1704 = ADVANCED_FACE('',(#1705),#1723,.T.);
#1705 = FACE_BOUND('',#1706,.T.);
#1706 = EDGE_LOOP('',(#1707,#1708,#1716,#1722));
#1707 = ORIENTED_EDGE('',*,*,#1669,.F.);
#1708 = ORIENTED_EDGE('',*,*,#1709,.F.);
#1709 = EDGE_CURVE('',#1710,#1662,#1712,.T.);
#1710 = VERTEX_POINT('',#1711);
#1711 = CARTESIAN_POINT('',(-0.5,2.35,7.));
#1712 = LINE('',#1713,#1714);
#1713 = CARTESIAN_POINT('',(-0.5,2.35,7.));
#1714 = VECTOR('',#1715,1.);
#1715 = DIRECTION('',(-1.224646799147E-16,-1.,0.));
#1716 = ORIENTED_EDGE('',*,*,#1717,.T.);
#1717 = EDGE_CURVE('',#1710,#1119,#1718,.T.);
#1718 = LINE('',#1719,#1720);
#1719 = CARTESIAN_POINT('',(7.45,2.35,7.));
#1720 = VECTOR('',#1721,1.);
#1721 = DIRECTION('',(-1.,1.224646799147E-16,0.));
#1722 = ORIENTED_EDGE('',*,*,#1126,.T.);
#1723 = PLANE('',#1724);
#1724 = AXIS2_PLACEMENT_3D('',#1725,#1726,#1727);
#1725 = CARTESIAN_POINT('',(2.5,-0.525,7.));
#1726 = DIRECTION('',(0.,0.,1.));
#1727 = DIRECTION('',(-1.,1.224646799147E-16,0.));
#1728 = ADVANCED_FACE('',(#1729),#1957,.F.);
#1729 = FACE_BOUND('',#1730,.F.);
#1730 = EDGE_LOOP('',(#1731,#1739,#1740,#1748,#1756,#1764,#1772,#1780,
    #1789,#1797,#1805,#1813,#1821,#1829,#1838,#1846,#1854,#1862,#1868,
    #1869,#1870,#1871,#1879,#1887,#1895,#1903,#1911,#1919,#1927,#1935,
    #1943,#1951));
#1731 = ORIENTED_EDGE('',*,*,#1732,.F.);
#1732 = EDGE_CURVE('',#1342,#1733,#1735,.T.);
#1733 = VERTEX_POINT('',#1734);
#1734 = CARTESIAN_POINT('',(5.75,2.35,0.));
#1735 = LINE('',#1736,#1737);
#1736 = CARTESIAN_POINT('',(7.45,2.35,0.));
#1737 = VECTOR('',#1738,1.);
#1738 = DIRECTION('',(-1.,1.224646799147E-16,0.));
#1739 = ORIENTED_EDGE('',*,*,#1392,.T.);
#1740 = ORIENTED_EDGE('',*,*,#1741,.T.);
#1741 = EDGE_CURVE('',#1385,#1742,#1744,.T.);
#1742 = VERTEX_POINT('',#1743);
#1743 = CARTESIAN_POINT('',(5.5,2.35,7.));
#1744 = LINE('',#1745,#1746);
#1745 = CARTESIAN_POINT('',(7.45,2.35,7.));
#1746 = VECTOR('',#1747,1.);
#1747 = DIRECTION('',(-1.,1.224646799147E-16,0.));
#1748 = ORIENTED_EDGE('',*,*,#1749,.F.);
#1749 = EDGE_CURVE('',#1750,#1742,#1752,.T.);
#1750 = VERTEX_POINT('',#1751);
#1751 = CARTESIAN_POINT('',(5.5,2.35,6.1));
#1752 = LINE('',#1753,#1754);
#1753 = CARTESIAN_POINT('',(5.5,2.35,6.1));
#1754 = VECTOR('',#1755,1.);
#1755 = DIRECTION('',(4.93432455389E-16,-6.042804770875E-32,1.));
#1756 = ORIENTED_EDGE('',*,*,#1757,.F.);
#1757 = EDGE_CURVE('',#1758,#1750,#1760,.T.);
#1758 = VERTEX_POINT('',#1759);
#1759 = CARTESIAN_POINT('',(5.25,2.35,5.85));
#1760 = LINE('',#1761,#1762);
#1761 = CARTESIAN_POINT('',(5.25,2.35,5.85));
#1762 = VECTOR('',#1763,1.);
#1763 = DIRECTION('',(0.707106781187,-8.659560562349E-17,0.707106781187)
  );
#1764 = ORIENTED_EDGE('',*,*,#1765,.F.);
#1765 = EDGE_CURVE('',#1766,#1758,#1768,.T.);
#1766 = VERTEX_POINT('',#1767);
#1767 = CARTESIAN_POINT('',(5.5,2.35,5.6));
#1768 = LINE('',#1769,#1770);
#1769 = CARTESIAN_POINT('',(5.5,2.35,5.6));
#1770 = VECTOR('',#1771,1.);
#1771 = DIRECTION('',(-0.707106781187,8.659560562349E-17,0.707106781187)
  );
#1772 = ORIENTED_EDGE('',*,*,#1773,.F.);
#1773 = EDGE_CURVE('',#1774,#1766,#1776,.T.);
#1774 = VERTEX_POINT('',#1775);
#1775 = CARTESIAN_POINT('',(5.5,2.35,3.85));
#1776 = LINE('',#1777,#1778);
#1777 = CARTESIAN_POINT('',(5.5,2.35,3.1));
#1778 = VECTOR('',#1779,1.);
#1779 = DIRECTION('',(0.,0.,1.));
#1780 = ORIENTED_EDGE('',*,*,#1781,.F.);
#1781 = EDGE_CURVE('',#1782,#1774,#1784,.T.);
#1782 = VERTEX_POINT('',#1783);
#1783 = CARTESIAN_POINT('',(4.75,2.35,3.1));
#1784 = CIRCLE('',#1785,0.75);
#1785 = AXIS2_PLACEMENT_3D('',#1786,#1787,#1788);
#1786 = CARTESIAN_POINT('',(4.75,2.35,3.85));
#1787 = DIRECTION('',(-1.224646799147E-16,-1.,0.));
#1788 = DIRECTION('',(0.,0.,1.));
#1789 = ORIENTED_EDGE('',*,*,#1790,.F.);
#1790 = EDGE_CURVE('',#1791,#1782,#1793,.T.);
#1791 = VERTEX_POINT('',#1792);
#1792 = CARTESIAN_POINT('',(4.,2.35,3.1));
#1793 = LINE('',#1794,#1795);
#1794 = CARTESIAN_POINT('',(4.,2.35,3.1));
#1795 = VECTOR('',#1796,1.);
#1796 = DIRECTION('',(1.,-1.224646799147E-16,0.));
#1797 = ORIENTED_EDGE('',*,*,#1798,.F.);
#1798 = EDGE_CURVE('',#1799,#1791,#1801,.T.);
#1799 = VERTEX_POINT('',#1800);
#1800 = CARTESIAN_POINT('',(4.,2.35,7.));
#1801 = LINE('',#1802,#1803);
#1802 = CARTESIAN_POINT('',(4.,2.35,7.));
#1803 = VECTOR('',#1804,1.);
#1804 = DIRECTION('',(-0.,0.,-1.));
#1805 = ORIENTED_EDGE('',*,*,#1806,.T.);
#1806 = EDGE_CURVE('',#1799,#1807,#1809,.T.);
#1807 = VERTEX_POINT('',#1808);
#1808 = CARTESIAN_POINT('',(1.,2.35,7.));
#1809 = LINE('',#1810,#1811);
#1810 = CARTESIAN_POINT('',(7.45,2.35,7.));
#1811 = VECTOR('',#1812,1.);
#1812 = DIRECTION('',(-1.,1.224646799147E-16,0.));
#1813 = ORIENTED_EDGE('',*,*,#1814,.T.);
#1814 = EDGE_CURVE('',#1807,#1815,#1817,.T.);
#1815 = VERTEX_POINT('',#1816);
#1816 = CARTESIAN_POINT('',(1.,2.35,3.1));
#1817 = LINE('',#1818,#1819);
#1818 = CARTESIAN_POINT('',(1.,2.35,7.));
#1819 = VECTOR('',#1820,1.);
#1820 = DIRECTION('',(-0.,0.,-1.));
#1821 = ORIENTED_EDGE('',*,*,#1822,.T.);
#1822 = EDGE_CURVE('',#1815,#1823,#1825,.T.);
#1823 = VERTEX_POINT('',#1824);
#1824 = CARTESIAN_POINT('',(0.25,2.35,3.1));
#1825 = LINE('',#1826,#1827);
#1826 = CARTESIAN_POINT('',(1.,2.35,3.1));
#1827 = VECTOR('',#1828,1.);
#1828 = DIRECTION('',(-1.,1.224646799147E-16,0.));
#1829 = ORIENTED_EDGE('',*,*,#1830,.T.);
#1830 = EDGE_CURVE('',#1823,#1831,#1833,.T.);
#1831 = VERTEX_POINT('',#1832);
#1832 = CARTESIAN_POINT('',(-0.5,2.35,3.85));
#1833 = CIRCLE('',#1834,0.75);
#1834 = AXIS2_PLACEMENT_3D('',#1835,#1836,#1837);
#1835 = CARTESIAN_POINT('',(0.25,2.35,3.85));
#1836 = DIRECTION('',(1.224646799147E-16,1.,-0.));
#1837 = DIRECTION('',(0.,0.,1.));
#1838 = ORIENTED_EDGE('',*,*,#1839,.T.);
#1839 = EDGE_CURVE('',#1831,#1840,#1842,.T.);
#1840 = VERTEX_POINT('',#1841);
#1841 = CARTESIAN_POINT('',(-0.5,2.35,5.6));
#1842 = LINE('',#1843,#1844);
#1843 = CARTESIAN_POINT('',(-0.5,2.35,3.1));
#1844 = VECTOR('',#1845,1.);
#1845 = DIRECTION('',(0.,0.,1.));
#1846 = ORIENTED_EDGE('',*,*,#1847,.T.);
#1847 = EDGE_CURVE('',#1840,#1848,#1850,.T.);
#1848 = VERTEX_POINT('',#1849);
#1849 = CARTESIAN_POINT('',(-0.25,2.35,5.85));
#1850 = LINE('',#1851,#1852);
#1851 = CARTESIAN_POINT('',(-0.5,2.35,5.6));
#1852 = VECTOR('',#1853,1.);
#1853 = DIRECTION('',(0.707106781187,-8.659560562349E-17,0.707106781187)
  );
#1854 = ORIENTED_EDGE('',*,*,#1855,.T.);
#1855 = EDGE_CURVE('',#1848,#1856,#1858,.T.);
#1856 = VERTEX_POINT('',#1857);
#1857 = CARTESIAN_POINT('',(-0.5,2.35,6.1));
#1858 = LINE('',#1859,#1860);
#1859 = CARTESIAN_POINT('',(-0.25,2.35,5.85));
#1860 = VECTOR('',#1861,1.);
#1861 = DIRECTION('',(-0.707106781187,8.659560562349E-17,0.707106781187)
  );
#1862 = ORIENTED_EDGE('',*,*,#1863,.T.);
#1863 = EDGE_CURVE('',#1856,#1710,#1864,.T.);
#1864 = LINE('',#1865,#1866);
#1865 = CARTESIAN_POINT('',(-0.5,2.35,6.1));
#1866 = VECTOR('',#1867,1.);
#1867 = DIRECTION('',(0.,0.,1.));
#1868 = ORIENTED_EDGE('',*,*,#1717,.T.);
#1869 = ORIENTED_EDGE('',*,*,#1118,.F.);
#1870 = ORIENTED_EDGE('',*,*,#1507,.F.);
#1871 = ORIENTED_EDGE('',*,*,#1872,.T.);
#1872 = EDGE_CURVE('',#1500,#1873,#1875,.T.);
#1873 = VERTEX_POINT('',#1874);
#1874 = CARTESIAN_POINT('',(-0.75,2.35,1.));
#1875 = LINE('',#1876,#1877);
#1876 = CARTESIAN_POINT('',(-0.75,2.35,0.));
#1877 = VECTOR('',#1878,1.);
#1878 = DIRECTION('',(0.,0.,1.));
#1879 = ORIENTED_EDGE('',*,*,#1880,.F.);
#1880 = EDGE_CURVE('',#1881,#1873,#1883,.T.);
#1881 = VERTEX_POINT('',#1882);
#1882 = CARTESIAN_POINT('',(0.75,2.35,1.));
#1883 = LINE('',#1884,#1885);
#1884 = CARTESIAN_POINT('',(0.75,2.35,1.));
#1885 = VECTOR('',#1886,1.);
#1886 = DIRECTION('',(-1.,1.224646799147E-16,0.));
#1887 = ORIENTED_EDGE('',*,*,#1888,.F.);
#1888 = EDGE_CURVE('',#1889,#1881,#1891,.T.);
#1889 = VERTEX_POINT('',#1890);
#1890 = CARTESIAN_POINT('',(0.75,2.35,0.));
#1891 = LINE('',#1892,#1893);
#1892 = CARTESIAN_POINT('',(0.75,2.35,0.));
#1893 = VECTOR('',#1894,1.);
#1894 = DIRECTION('',(0.,0.,1.));
#1895 = ORIENTED_EDGE('',*,*,#1896,.F.);
#1896 = EDGE_CURVE('',#1897,#1889,#1899,.T.);
#1897 = VERTEX_POINT('',#1898);
#1898 = CARTESIAN_POINT('',(1.75,2.35,0.));
#1899 = LINE('',#1900,#1901);
#1900 = CARTESIAN_POINT('',(7.45,2.35,0.));
#1901 = VECTOR('',#1902,1.);
#1902 = DIRECTION('',(-1.,1.224646799147E-16,0.));
#1903 = ORIENTED_EDGE('',*,*,#1904,.T.);
#1904 = EDGE_CURVE('',#1897,#1905,#1907,.T.);
#1905 = VERTEX_POINT('',#1906);
#1906 = CARTESIAN_POINT('',(1.75,2.35,1.));
#1907 = LINE('',#1908,#1909);
#1908 = CARTESIAN_POINT('',(1.75,2.35,0.));
#1909 = VECTOR('',#1910,1.);
#1910 = DIRECTION('',(0.,0.,1.));
#1911 = ORIENTED_EDGE('',*,*,#1912,.F.);
#1912 = EDGE_CURVE('',#1913,#1905,#1915,.T.);
#1913 = VERTEX_POINT('',#1914);
#1914 = CARTESIAN_POINT('',(3.25,2.35,1.));
#1915 = LINE('',#1916,#1917);
#1916 = CARTESIAN_POINT('',(3.25,2.35,1.));
#1917 = VECTOR('',#1918,1.);
#1918 = DIRECTION('',(-1.,1.224646799147E-16,0.));
#1919 = ORIENTED_EDGE('',*,*,#1920,.F.);
#1920 = EDGE_CURVE('',#1921,#1913,#1923,.T.);
#1921 = VERTEX_POINT('',#1922);
#1922 = CARTESIAN_POINT('',(3.25,2.35,0.));
#1923 = LINE('',#1924,#1925);
#1924 = CARTESIAN_POINT('',(3.25,2.35,0.));
#1925 = VECTOR('',#1926,1.);
#1926 = DIRECTION('',(0.,0.,1.));
#1927 = ORIENTED_EDGE('',*,*,#1928,.F.);
#1928 = EDGE_CURVE('',#1929,#1921,#1931,.T.);
#1929 = VERTEX_POINT('',#1930);
#1930 = CARTESIAN_POINT('',(4.25,2.35,0.));
#1931 = LINE('',#1932,#1933);
#1932 = CARTESIAN_POINT('',(7.45,2.35,0.));
#1933 = VECTOR('',#1934,1.);
#1934 = DIRECTION('',(-1.,1.224646799147E-16,0.));
#1935 = ORIENTED_EDGE('',*,*,#1936,.T.);
#1936 = EDGE_CURVE('',#1929,#1937,#1939,.T.);
#1937 = VERTEX_POINT('',#1938);
#1938 = CARTESIAN_POINT('',(4.25,2.35,1.));
#1939 = LINE('',#1940,#1941);
#1940 = CARTESIAN_POINT('',(4.25,2.35,0.));
#1941 = VECTOR('',#1942,1.);
#1942 = DIRECTION('',(0.,0.,1.));
#1943 = ORIENTED_EDGE('',*,*,#1944,.F.);
#1944 = EDGE_CURVE('',#1945,#1937,#1947,.T.);
#1945 = VERTEX_POINT('',#1946);
#1946 = CARTESIAN_POINT('',(5.75,2.35,1.));
#1947 = LINE('',#1948,#1949);
#1948 = CARTESIAN_POINT('',(5.75,2.35,1.));
#1949 = VECTOR('',#1950,1.);
#1950 = DIRECTION('',(-1.,1.224646799147E-16,0.));
#1951 = ORIENTED_EDGE('',*,*,#1952,.F.);
#1952 = EDGE_CURVE('',#1733,#1945,#1953,.T.);
#1953 = LINE('',#1954,#1955);
#1954 = CARTESIAN_POINT('',(5.75,2.35,0.));
#1955 = VECTOR('',#1956,1.);
#1956 = DIRECTION('',(0.,0.,1.));
#1957 = PLANE('',#1958);
#1958 = AXIS2_PLACEMENT_3D('',#1959,#1960,#1961);
#1959 = CARTESIAN_POINT('',(7.45,2.35,0.));
#1960 = DIRECTION('',(-1.224646799147E-16,-1.,0.));
#1961 = DIRECTION('',(-1.,1.224646799147E-16,0.));
#1962 = ADVANCED_FACE('',(#1963),#1981,.F.);
#1963 = FACE_BOUND('',#1964,.F.);
#1964 = EDGE_LOOP('',(#1965,#1966,#1974,#1980));
#1965 = ORIENTED_EDGE('',*,*,#1465,.T.);
#1966 = ORIENTED_EDGE('',*,*,#1967,.T.);
#1967 = EDGE_CURVE('',#1458,#1968,#1970,.T.);
#1968 = VERTEX_POINT('',#1969);
#1969 = CARTESIAN_POINT('',(6.6,-2.65,1.85));
#1970 = LINE('',#1971,#1972);
#1971 = CARTESIAN_POINT('',(-1.6,-2.65,1.85));
#1972 = VECTOR('',#1973,1.);
#1973 = DIRECTION('',(1.,-1.224646799147E-16,0.));
#1974 = ORIENTED_EDGE('',*,*,#1975,.F.);
#1975 = EDGE_CURVE('',#1176,#1968,#1976,.T.);
#1976 = LINE('',#1977,#1978);
#1977 = CARTESIAN_POINT('',(6.6,-2.65,7.));
#1978 = VECTOR('',#1979,1.);
#1979 = DIRECTION('',(0.,0.,-1.));
#1980 = ORIENTED_EDGE('',*,*,#1183,.F.);
#1981 = PLANE('',#1982);
#1982 = AXIS2_PLACEMENT_3D('',#1983,#1984,#1985);
#1983 = CARTESIAN_POINT('',(-1.6,-2.65,7.));
#1984 = DIRECTION('',(-1.224646799147E-16,-1.,0.));
#1985 = DIRECTION('',(1.,-1.224646799147E-16,0.));
#1986 = ADVANCED_FACE('',(#1987),#2014,.T.);
#1987 = FACE_BOUND('',#1988,.T.);
#1988 = EDGE_LOOP('',(#1989,#1990,#1998,#2006,#2012,#2013));
#1989 = ORIENTED_EDGE('',*,*,#1872,.T.);
#1990 = ORIENTED_EDGE('',*,*,#1991,.T.);
#1991 = EDGE_CURVE('',#1873,#1992,#1994,.T.);
#1992 = VERTEX_POINT('',#1993);
#1993 = CARTESIAN_POINT('',(-0.75,0.5,0.3));
#1994 = LINE('',#1995,#1996);
#1995 = CARTESIAN_POINT('',(-0.75,2.35,1.));
#1996 = VECTOR('',#1997,1.);
#1997 = DIRECTION('',(-1.14539532148E-16,-0.935286257456,-0.353892097416
    ));
#1998 = ORIENTED_EDGE('',*,*,#1999,.T.);
#1999 = EDGE_CURVE('',#1992,#2000,#2002,.T.);
#2000 = VERTEX_POINT('',#2001);
#2001 = CARTESIAN_POINT('',(-0.75,-0.5,0.3));
#2002 = LINE('',#2003,#2004);
#2003 = CARTESIAN_POINT('',(-0.75,0.5,0.3));
#2004 = VECTOR('',#2005,1.);
#2005 = DIRECTION('',(-1.224646799147E-16,-1.,0.));
#2006 = ORIENTED_EDGE('',*,*,#2007,.T.);
#2007 = EDGE_CURVE('',#2000,#1296,#2008,.T.);
#2008 = LINE('',#2009,#2010);
#2009 = CARTESIAN_POINT('',(-0.75,-0.5,0.3));
#2010 = VECTOR('',#2011,1.);
#2011 = DIRECTION('',(-1.190457365237E-16,-0.972082208573,0.234640533104
    ));
#2012 = ORIENTED_EDGE('',*,*,#1303,.T.);
#2013 = ORIENTED_EDGE('',*,*,#1499,.T.);
#2014 = PLANE('',#2015);
#2015 = AXIS2_PLACEMENT_3D('',#2016,#2017,#2018);
#2016 = CARTESIAN_POINT('',(-0.75,-0.515451356496,0.330008245993));
#2017 = DIRECTION('',(1.,-1.224646799147E-16,-1.256256073143E-32));
#2018 = DIRECTION('',(-1.256256073143E-32,1.538469978883E-48,-1.));
#2019 = ADVANCED_FACE('',(#2020),#2038,.F.);
#2020 = FACE_BOUND('',#2021,.F.);
#2021 = EDGE_LOOP('',(#2022,#2030,#2031,#2032));
#2022 = ORIENTED_EDGE('',*,*,#2023,.T.);
#2023 = EDGE_CURVE('',#2024,#2000,#2026,.T.);
#2024 = VERTEX_POINT('',#2025);
#2025 = CARTESIAN_POINT('',(0.75,-0.5,0.3));
#2026 = LINE('',#2027,#2028);
#2027 = CARTESIAN_POINT('',(0.75,-0.5,0.3));
#2028 = VECTOR('',#2029,1.);
#2029 = DIRECTION('',(-1.,1.224646799147E-16,0.));
#2030 = ORIENTED_EDGE('',*,*,#2007,.T.);
#2031 = ORIENTED_EDGE('',*,*,#1295,.F.);
#2032 = ORIENTED_EDGE('',*,*,#2033,.F.);
#2033 = EDGE_CURVE('',#2024,#1288,#2034,.T.);
#2034 = LINE('',#2035,#2036);
#2035 = CARTESIAN_POINT('',(0.75,-0.5,0.3));
#2036 = VECTOR('',#2037,1.);
#2037 = DIRECTION('',(-1.190457365237E-16,-0.972082208573,0.234640533104
    ));
#2038 = PLANE('',#2039);
#2039 = AXIS2_PLACEMENT_3D('',#2040,#2041,#2042);
#2040 = CARTESIAN_POINT('',(0.75,-0.5,0.3));
#2041 = DIRECTION('',(2.87351777816E-17,0.234640533104,0.972082208573));
#2042 = DIRECTION('',(-1.190457365237E-16,-0.972082208573,0.234640533104
    ));
#2043 = ADVANCED_FACE('',(#2044),#2069,.F.);
#2044 = FACE_BOUND('',#2045,.F.);
#2045 = EDGE_LOOP('',(#2046,#2047,#2055,#2061,#2062,#2063));
#2046 = ORIENTED_EDGE('',*,*,#1888,.T.);
#2047 = ORIENTED_EDGE('',*,*,#2048,.T.);
#2048 = EDGE_CURVE('',#1881,#2049,#2051,.T.);
#2049 = VERTEX_POINT('',#2050);
#2050 = CARTESIAN_POINT('',(0.75,0.5,0.3));
#2051 = LINE('',#2052,#2053);
#2052 = CARTESIAN_POINT('',(0.75,2.35,1.));
#2053 = VECTOR('',#2054,1.);
#2054 = DIRECTION('',(-1.14539532148E-16,-0.935286257456,-0.353892097416
    ));
#2055 = ORIENTED_EDGE('',*,*,#2056,.T.);
#2056 = EDGE_CURVE('',#2049,#2024,#2057,.T.);
#2057 = LINE('',#2058,#2059);
#2058 = CARTESIAN_POINT('',(0.75,0.5,0.3));
#2059 = VECTOR('',#2060,1.);
#2060 = DIRECTION('',(-1.224646799147E-16,-1.,0.));
#2061 = ORIENTED_EDGE('',*,*,#2033,.T.);
#2062 = ORIENTED_EDGE('',*,*,#1287,.T.);
#2063 = ORIENTED_EDGE('',*,*,#2064,.T.);
#2064 = EDGE_CURVE('',#1280,#1889,#2065,.T.);
#2065 = LINE('',#2066,#2067);
#2066 = CARTESIAN_POINT('',(0.75,-3.4,0.));
#2067 = VECTOR('',#2068,1.);
#2068 = DIRECTION('',(1.224646799147E-16,1.,0.));
#2069 = PLANE('',#2070);
#2070 = AXIS2_PLACEMENT_3D('',#2071,#2072,#2073);
#2071 = CARTESIAN_POINT('',(0.75,-0.515451356496,0.330008245993));
#2072 = DIRECTION('',(1.,-1.224646799147E-16,-1.256256073143E-32));
#2073 = DIRECTION('',(-1.256256073143E-32,1.538469978883E-48,-1.));
#2074 = ADVANCED_FACE('',(#2075),#2086,.F.);
#2075 = FACE_BOUND('',#2076,.F.);
#2076 = EDGE_LOOP('',(#2077,#2078,#2079,#2085));
#2077 = ORIENTED_EDGE('',*,*,#2064,.F.);
#2078 = ORIENTED_EDGE('',*,*,#1279,.T.);
#2079 = ORIENTED_EDGE('',*,*,#2080,.T.);
#2080 = EDGE_CURVE('',#1272,#1897,#2081,.T.);
#2081 = LINE('',#2082,#2083);
#2082 = CARTESIAN_POINT('',(1.75,-3.4,0.));
#2083 = VECTOR('',#2084,1.);
#2084 = DIRECTION('',(1.224646799147E-16,1.,0.));
#2085 = ORIENTED_EDGE('',*,*,#1896,.T.);
#2086 = PLANE('',#2087);
#2087 = AXIS2_PLACEMENT_3D('',#2088,#2089,#2090);
#2088 = CARTESIAN_POINT('',(2.5,-0.525,0.));
#2089 = DIRECTION('',(0.,0.,1.));
#2090 = DIRECTION('',(-1.,1.224646799147E-16,0.));
#2091 = ADVANCED_FACE('',(#2092),#2119,.T.);
#2092 = FACE_BOUND('',#2093,.T.);
#2093 = EDGE_LOOP('',(#2094,#2095,#2103,#2111,#2117,#2118));
#2094 = ORIENTED_EDGE('',*,*,#1904,.T.);
#2095 = ORIENTED_EDGE('',*,*,#2096,.T.);
#2096 = EDGE_CURVE('',#1905,#2097,#2099,.T.);
#2097 = VERTEX_POINT('',#2098);
#2098 = CARTESIAN_POINT('',(1.75,0.5,0.3));
#2099 = LINE('',#2100,#2101);
#2100 = CARTESIAN_POINT('',(1.75,2.35,1.));
#2101 = VECTOR('',#2102,1.);
#2102 = DIRECTION('',(-1.14539532148E-16,-0.935286257456,-0.353892097416
    ));
#2103 = ORIENTED_EDGE('',*,*,#2104,.T.);
#2104 = EDGE_CURVE('',#2097,#2105,#2107,.T.);
#2105 = VERTEX_POINT('',#2106);
#2106 = CARTESIAN_POINT('',(1.75,-0.5,0.3));
#2107 = LINE('',#2108,#2109);
#2108 = CARTESIAN_POINT('',(1.75,0.5,0.3));
#2109 = VECTOR('',#2110,1.);
#2110 = DIRECTION('',(-1.224646799147E-16,-1.,0.));
#2111 = ORIENTED_EDGE('',*,*,#2112,.T.);
#2112 = EDGE_CURVE('',#2105,#1264,#2113,.T.);
#2113 = LINE('',#2114,#2115);
#2114 = CARTESIAN_POINT('',(1.75,-0.5,0.3));
#2115 = VECTOR('',#2116,1.);
#2116 = DIRECTION('',(-1.190457365237E-16,-0.972082208573,0.234640533104
    ));
#2117 = ORIENTED_EDGE('',*,*,#1271,.T.);
#2118 = ORIENTED_EDGE('',*,*,#2080,.T.);
#2119 = PLANE('',#2120);
#2120 = AXIS2_PLACEMENT_3D('',#2121,#2122,#2123);
#2121 = CARTESIAN_POINT('',(1.75,-0.515451356496,0.330008245993));
#2122 = DIRECTION('',(1.,-1.224646799147E-16,-1.256256073143E-32));
#2123 = DIRECTION('',(-1.256256073143E-32,1.538469978883E-48,-1.));
#2124 = ADVANCED_FACE('',(#2125),#2143,.F.);
#2125 = FACE_BOUND('',#2126,.F.);
#2126 = EDGE_LOOP('',(#2127,#2135,#2136,#2137));
#2127 = ORIENTED_EDGE('',*,*,#2128,.T.);
#2128 = EDGE_CURVE('',#2129,#2105,#2131,.T.);
#2129 = VERTEX_POINT('',#2130);
#2130 = CARTESIAN_POINT('',(3.25,-0.5,0.3));
#2131 = LINE('',#2132,#2133);
#2132 = CARTESIAN_POINT('',(3.25,-0.5,0.3));
#2133 = VECTOR('',#2134,1.);
#2134 = DIRECTION('',(-1.,1.224646799147E-16,0.));
#2135 = ORIENTED_EDGE('',*,*,#2112,.T.);
#2136 = ORIENTED_EDGE('',*,*,#1263,.F.);
#2137 = ORIENTED_EDGE('',*,*,#2138,.F.);
#2138 = EDGE_CURVE('',#2129,#1256,#2139,.T.);
#2139 = LINE('',#2140,#2141);
#2140 = CARTESIAN_POINT('',(3.25,-0.5,0.3));
#2141 = VECTOR('',#2142,1.);
#2142 = DIRECTION('',(-1.190457365237E-16,-0.972082208573,0.234640533104
    ));
#2143 = PLANE('',#2144);
#2144 = AXIS2_PLACEMENT_3D('',#2145,#2146,#2147);
#2145 = CARTESIAN_POINT('',(3.25,-0.5,0.3));
#2146 = DIRECTION('',(2.87351777816E-17,0.234640533104,0.972082208573));
#2147 = DIRECTION('',(-1.190457365237E-16,-0.972082208573,0.234640533104
    ));
#2148 = ADVANCED_FACE('',(#2149),#2174,.F.);
#2149 = FACE_BOUND('',#2150,.F.);
#2150 = EDGE_LOOP('',(#2151,#2152,#2160,#2166,#2167,#2168));
#2151 = ORIENTED_EDGE('',*,*,#1920,.T.);
#2152 = ORIENTED_EDGE('',*,*,#2153,.T.);
#2153 = EDGE_CURVE('',#1913,#2154,#2156,.T.);
#2154 = VERTEX_POINT('',#2155);
#2155 = CARTESIAN_POINT('',(3.25,0.5,0.3));
#2156 = LINE('',#2157,#2158);
#2157 = CARTESIAN_POINT('',(3.25,2.35,1.));
#2158 = VECTOR('',#2159,1.);
#2159 = DIRECTION('',(-1.14539532148E-16,-0.935286257456,-0.353892097416
    ));
#2160 = ORIENTED_EDGE('',*,*,#2161,.T.);
#2161 = EDGE_CURVE('',#2154,#2129,#2162,.T.);
#2162 = LINE('',#2163,#2164);
#2163 = CARTESIAN_POINT('',(3.25,0.5,0.3));
#2164 = VECTOR('',#2165,1.);
#2165 = DIRECTION('',(-1.224646799147E-16,-1.,0.));
#2166 = ORIENTED_EDGE('',*,*,#2138,.T.);
#2167 = ORIENTED_EDGE('',*,*,#1255,.T.);
#2168 = ORIENTED_EDGE('',*,*,#2169,.T.);
#2169 = EDGE_CURVE('',#1248,#1921,#2170,.T.);
#2170 = LINE('',#2171,#2172);
#2171 = CARTESIAN_POINT('',(3.25,-3.4,0.));
#2172 = VECTOR('',#2173,1.);
#2173 = DIRECTION('',(1.224646799147E-16,1.,0.));
#2174 = PLANE('',#2175);
#2175 = AXIS2_PLACEMENT_3D('',#2176,#2177,#2178);
#2176 = CARTESIAN_POINT('',(3.25,-0.515451356496,0.330008245993));
#2177 = DIRECTION('',(1.,-1.224646799147E-16,-1.256256073143E-32));
#2178 = DIRECTION('',(-1.256256073143E-32,1.538469978883E-48,-1.));
#2179 = ADVANCED_FACE('',(#2180),#2191,.F.);
#2180 = FACE_BOUND('',#2181,.F.);
#2181 = EDGE_LOOP('',(#2182,#2183,#2189,#2190));
#2182 = ORIENTED_EDGE('',*,*,#1247,.T.);
#2183 = ORIENTED_EDGE('',*,*,#2184,.T.);
#2184 = EDGE_CURVE('',#1240,#1929,#2185,.T.);
#2185 = LINE('',#2186,#2187);
#2186 = CARTESIAN_POINT('',(4.25,-3.4,0.));
#2187 = VECTOR('',#2188,1.);
#2188 = DIRECTION('',(1.224646799147E-16,1.,0.));
#2189 = ORIENTED_EDGE('',*,*,#1928,.T.);
#2190 = ORIENTED_EDGE('',*,*,#2169,.F.);
#2191 = PLANE('',#2192);
#2192 = AXIS2_PLACEMENT_3D('',#2193,#2194,#2195);
#2193 = CARTESIAN_POINT('',(2.5,-0.525,0.));
#2194 = DIRECTION('',(0.,0.,1.));
#2195 = DIRECTION('',(-1.,1.224646799147E-16,0.));
#2196 = ADVANCED_FACE('',(#2197),#2224,.T.);
#2197 = FACE_BOUND('',#2198,.T.);
#2198 = EDGE_LOOP('',(#2199,#2200,#2208,#2216,#2222,#2223));
#2199 = ORIENTED_EDGE('',*,*,#1936,.T.);
#2200 = ORIENTED_EDGE('',*,*,#2201,.T.);
#2201 = EDGE_CURVE('',#1937,#2202,#2204,.T.);
#2202 = VERTEX_POINT('',#2203);
#2203 = CARTESIAN_POINT('',(4.25,0.5,0.3));
#2204 = LINE('',#2205,#2206);
#2205 = CARTESIAN_POINT('',(4.25,2.35,1.));
#2206 = VECTOR('',#2207,1.);
#2207 = DIRECTION('',(-1.14539532148E-16,-0.935286257456,-0.353892097416
    ));
#2208 = ORIENTED_EDGE('',*,*,#2209,.T.);
#2209 = EDGE_CURVE('',#2202,#2210,#2212,.T.);
#2210 = VERTEX_POINT('',#2211);
#2211 = CARTESIAN_POINT('',(4.25,-0.5,0.3));
#2212 = LINE('',#2213,#2214);
#2213 = CARTESIAN_POINT('',(4.25,0.5,0.3));
#2214 = VECTOR('',#2215,1.);
#2215 = DIRECTION('',(-1.224646799147E-16,-1.,0.));
#2216 = ORIENTED_EDGE('',*,*,#2217,.T.);
#2217 = EDGE_CURVE('',#2210,#1232,#2218,.T.);
#2218 = LINE('',#2219,#2220);
#2219 = CARTESIAN_POINT('',(4.25,-0.5,0.3));
#2220 = VECTOR('',#2221,1.);
#2221 = DIRECTION('',(-1.190457365237E-16,-0.972082208573,0.234640533104
    ));
#2222 = ORIENTED_EDGE('',*,*,#1239,.T.);
#2223 = ORIENTED_EDGE('',*,*,#2184,.T.);
#2224 = PLANE('',#2225);
#2225 = AXIS2_PLACEMENT_3D('',#2226,#2227,#2228);
#2226 = CARTESIAN_POINT('',(4.25,-0.515451356496,0.330008245993));
#2227 = DIRECTION('',(1.,-1.224646799147E-16,-1.256256073143E-32));
#2228 = DIRECTION('',(-1.256256073143E-32,1.538469978883E-48,-1.));
#2229 = ADVANCED_FACE('',(#2230),#2248,.F.);
#2230 = FACE_BOUND('',#2231,.F.);
#2231 = EDGE_LOOP('',(#2232,#2240,#2241,#2242));
#2232 = ORIENTED_EDGE('',*,*,#2233,.T.);
#2233 = EDGE_CURVE('',#2234,#2210,#2236,.T.);
#2234 = VERTEX_POINT('',#2235);
#2235 = CARTESIAN_POINT('',(5.75,-0.5,0.3));
#2236 = LINE('',#2237,#2238);
#2237 = CARTESIAN_POINT('',(5.75,-0.5,0.3));
#2238 = VECTOR('',#2239,1.);
#2239 = DIRECTION('',(-1.,1.224646799147E-16,0.));
#2240 = ORIENTED_EDGE('',*,*,#2217,.T.);
#2241 = ORIENTED_EDGE('',*,*,#1231,.F.);
#2242 = ORIENTED_EDGE('',*,*,#2243,.F.);
#2243 = EDGE_CURVE('',#2234,#1224,#2244,.T.);
#2244 = LINE('',#2245,#2246);
#2245 = CARTESIAN_POINT('',(5.75,-0.5,0.3));
#2246 = VECTOR('',#2247,1.);
#2247 = DIRECTION('',(-1.190457365237E-16,-0.972082208573,0.234640533104
    ));
#2248 = PLANE('',#2249);
#2249 = AXIS2_PLACEMENT_3D('',#2250,#2251,#2252);
#2250 = CARTESIAN_POINT('',(5.75,-0.5,0.3));
#2251 = DIRECTION('',(2.87351777816E-17,0.234640533104,0.972082208573));
#2252 = DIRECTION('',(-1.190457365237E-16,-0.972082208573,0.234640533104
    ));
#2253 = ADVANCED_FACE('',(#2254),#2279,.F.);
#2254 = FACE_BOUND('',#2255,.F.);
#2255 = EDGE_LOOP('',(#2256,#2257,#2265,#2271,#2272,#2273));
#2256 = ORIENTED_EDGE('',*,*,#1952,.T.);
#2257 = ORIENTED_EDGE('',*,*,#2258,.T.);
#2258 = EDGE_CURVE('',#1945,#2259,#2261,.T.);
#2259 = VERTEX_POINT('',#2260);
#2260 = CARTESIAN_POINT('',(5.75,0.5,0.3));
#2261 = LINE('',#2262,#2263);
#2262 = CARTESIAN_POINT('',(5.75,2.35,1.));
#2263 = VECTOR('',#2264,1.);
#2264 = DIRECTION('',(-1.14539532148E-16,-0.935286257456,-0.353892097416
    ));
#2265 = ORIENTED_EDGE('',*,*,#2266,.T.);
#2266 = EDGE_CURVE('',#2259,#2234,#2267,.T.);
#2267 = LINE('',#2268,#2269);
#2268 = CARTESIAN_POINT('',(5.75,0.5,0.3));
#2269 = VECTOR('',#2270,1.);
#2270 = DIRECTION('',(-1.224646799147E-16,-1.,0.));
#2271 = ORIENTED_EDGE('',*,*,#2243,.T.);
#2272 = ORIENTED_EDGE('',*,*,#1223,.T.);
#2273 = ORIENTED_EDGE('',*,*,#2274,.T.);
#2274 = EDGE_CURVE('',#1216,#1733,#2275,.T.);
#2275 = LINE('',#2276,#2277);
#2276 = CARTESIAN_POINT('',(5.75,-3.4,0.));
#2277 = VECTOR('',#2278,1.);
#2278 = DIRECTION('',(1.224646799147E-16,1.,0.));
#2279 = PLANE('',#2280);
#2280 = AXIS2_PLACEMENT_3D('',#2281,#2282,#2283);
#2281 = CARTESIAN_POINT('',(5.75,-0.515451356496,0.330008245993));
#2282 = DIRECTION('',(1.,-1.224646799147E-16,-1.256256073143E-32));
#2283 = DIRECTION('',(-1.256256073143E-32,1.538469978883E-48,-1.));
#2284 = ADVANCED_FACE('',(#2285),#2291,.F.);
#2285 = FACE_BOUND('',#2286,.F.);
#2286 = EDGE_LOOP('',(#2287,#2288,#2289,#2290));
#2287 = ORIENTED_EDGE('',*,*,#1341,.T.);
#2288 = ORIENTED_EDGE('',*,*,#1732,.T.);
#2289 = ORIENTED_EDGE('',*,*,#2274,.F.);
#2290 = ORIENTED_EDGE('',*,*,#1215,.T.);
#2291 = PLANE('',#2292);
#2292 = AXIS2_PLACEMENT_3D('',#2293,#2294,#2295);
#2293 = CARTESIAN_POINT('',(2.5,-0.525,0.));
#2294 = DIRECTION('',(0.,0.,1.));
#2295 = DIRECTION('',(-1.,1.224646799147E-16,0.));
#2296 = ADVANCED_FACE('',(#2297),#2324,.F.);
#2297 = FACE_BOUND('',#2298,.F.);
#2298 = EDGE_LOOP('',(#2299,#2300,#2301,#2302,#2308,#2309,#2318));
#2299 = ORIENTED_EDGE('',*,*,#1416,.T.);
#2300 = ORIENTED_EDGE('',*,*,#1327,.F.);
#2301 = ORIENTED_EDGE('',*,*,#1975,.T.);
#2302 = ORIENTED_EDGE('',*,*,#2303,.T.);
#2303 = EDGE_CURVE('',#1968,#1679,#2304,.T.);
#2304 = LINE('',#2305,#2306);
#2305 = CARTESIAN_POINT('',(6.6,-2.65,1.85));
#2306 = VECTOR('',#2307,1.);
#2307 = DIRECTION('',(1.224646799147E-16,1.,0.));
#2308 = ORIENTED_EDGE('',*,*,#1686,.F.);
#2309 = ORIENTED_EDGE('',*,*,#2310,.F.);
#2310 = EDGE_CURVE('',#2311,#1687,#2313,.T.);
#2311 = VERTEX_POINT('',#2312);
#2312 = CARTESIAN_POINT('',(6.6,1.,3.65));
#2313 = CIRCLE('',#2314,0.5);
#2314 = AXIS2_PLACEMENT_3D('',#2315,#2316,#2317);
#2315 = CARTESIAN_POINT('',(6.6,1.,4.15));
#2316 = DIRECTION('',(1.,-1.224646799147E-16,0.));
#2317 = DIRECTION('',(1.224646799147E-16,1.,0.));
#2318 = ORIENTED_EDGE('',*,*,#2319,.T.);
#2319 = EDGE_CURVE('',#2311,#1409,#2320,.T.);
#2320 = LINE('',#2321,#2322);
#2321 = CARTESIAN_POINT('',(6.6,-0.825,3.65));
#2322 = VECTOR('',#2323,1.);
#2323 = DIRECTION('',(-1.224646799147E-16,-1.,0.));
#2324 = PLANE('',#2325);
#2325 = AXIS2_PLACEMENT_3D('',#2326,#2327,#2328);
#2326 = CARTESIAN_POINT('',(6.6,-2.65,7.));
#2327 = DIRECTION('',(1.,-1.224646799147E-16,0.));
#2328 = DIRECTION('',(1.224646799147E-16,1.,0.));
#2329 = ADVANCED_FACE('',(#2330),#2341,.T.);
#2330 = FACE_BOUND('',#2331,.T.);
#2331 = EDGE_LOOP('',(#2332,#2333,#2334,#2335));
#2332 = ORIENTED_EDGE('',*,*,#1539,.F.);
#2333 = ORIENTED_EDGE('',*,*,#1384,.T.);
#2334 = ORIENTED_EDGE('',*,*,#1741,.T.);
#2335 = ORIENTED_EDGE('',*,*,#2336,.T.);
#2336 = EDGE_CURVE('',#1742,#1540,#2337,.T.);
#2337 = LINE('',#2338,#2339);
#2338 = CARTESIAN_POINT('',(5.5,2.35,7.));
#2339 = VECTOR('',#2340,1.);
#2340 = DIRECTION('',(-1.224646799147E-16,-1.,0.));
#2341 = PLANE('',#2342);
#2342 = AXIS2_PLACEMENT_3D('',#2343,#2344,#2345);
#2343 = CARTESIAN_POINT('',(2.5,-0.525,7.));
#2344 = DIRECTION('',(0.,0.,1.));
#2345 = DIRECTION('',(-1.,1.224646799147E-16,0.));
#2346 = ADVANCED_FACE('',(#2347),#2358,.F.);
#2347 = FACE_BOUND('',#2348,.F.);
#2348 = EDGE_LOOP('',(#2349,#2355,#2356,#2357));
#2349 = ORIENTED_EDGE('',*,*,#2350,.T.);
#2350 = EDGE_CURVE('',#1360,#2311,#2351,.T.);
#2351 = LINE('',#2352,#2353);
#2352 = CARTESIAN_POINT('',(7.45,1.,3.65));
#2353 = VECTOR('',#2354,1.);
#2354 = DIRECTION('',(-1.,1.224646799147E-16,0.));
#2355 = ORIENTED_EDGE('',*,*,#2310,.T.);
#2356 = ORIENTED_EDGE('',*,*,#1694,.F.);
#2357 = ORIENTED_EDGE('',*,*,#1367,.T.);
#2358 = CYLINDRICAL_SURFACE('',#2359,0.5);
#2359 = AXIS2_PLACEMENT_3D('',#2360,#2361,#2362);
#2360 = CARTESIAN_POINT('',(7.45,1.,4.15));
#2361 = DIRECTION('',(1.,-1.224646799147E-16,-0.));
#2362 = DIRECTION('',(1.224646799147E-16,1.,0.));
#2363 = ADVANCED_FACE('',(#2364),#2370,.T.);
#2364 = FACE_BOUND('',#2365,.T.);
#2365 = EDGE_LOOP('',(#2366,#2367,#2368,#2369));
#2366 = ORIENTED_EDGE('',*,*,#1359,.F.);
#2367 = ORIENTED_EDGE('',*,*,#2350,.T.);
#2368 = ORIENTED_EDGE('',*,*,#2319,.T.);
#2369 = ORIENTED_EDGE('',*,*,#1408,.F.);
#2370 = PLANE('',#2371);
#2371 = AXIS2_PLACEMENT_3D('',#2372,#2373,#2374);
#2372 = CARTESIAN_POINT('',(7.45,1.,3.65));
#2373 = DIRECTION('',(0.,0.,1.));
#2374 = DIRECTION('',(-1.224646799147E-16,-1.,0.));
#2375 = ADVANCED_FACE('',(#2376,#2382,#2416,#2450),#2484,.T.);
#2376 = FACE_BOUND('',#2377,.T.);
#2377 = EDGE_LOOP('',(#2378,#2379,#2380,#2381));
#2378 = ORIENTED_EDGE('',*,*,#1678,.T.);
#2379 = ORIENTED_EDGE('',*,*,#1457,.T.);
#2380 = ORIENTED_EDGE('',*,*,#1967,.T.);
#2381 = ORIENTED_EDGE('',*,*,#2303,.T.);
#2382 = FACE_BOUND('',#2383,.T.);
#2383 = EDGE_LOOP('',(#2384,#2394,#2402,#2410));
#2384 = ORIENTED_EDGE('',*,*,#2385,.F.);
#2385 = EDGE_CURVE('',#2386,#2388,#2390,.T.);
#2386 = VERTEX_POINT('',#2387);
#2387 = CARTESIAN_POINT('',(-0.32,0.32,1.85));
#2388 = VERTEX_POINT('',#2389);
#2389 = CARTESIAN_POINT('',(-0.32,-0.32,1.85));
#2390 = LINE('',#2391,#2392);
#2391 = CARTESIAN_POINT('',(-0.32,-0.26920299558,1.85));
#2392 = VECTOR('',#2393,1.);
#2393 = DIRECTION('',(-1.224646799147E-16,-1.,0.));
#2394 = ORIENTED_EDGE('',*,*,#2395,.T.);
#2395 = EDGE_CURVE('',#2386,#2396,#2398,.T.);
#2396 = VERTEX_POINT('',#2397);
#2397 = CARTESIAN_POINT('',(0.32,0.32,1.85));
#2398 = LINE('',#2399,#2400);
#2399 = CARTESIAN_POINT('',(1.41,0.32,1.85));
#2400 = VECTOR('',#2401,1.);
#2401 = DIRECTION('',(1.,-1.224646799147E-16,-7.789680114753E-33));
#2402 = ORIENTED_EDGE('',*,*,#2403,.T.);
#2403 = EDGE_CURVE('',#2396,#2404,#2406,.T.);
#2404 = VERTEX_POINT('',#2405);
#2405 = CARTESIAN_POINT('',(0.32,-0.32,1.85));
#2406 = LINE('',#2407,#2408);
#2407 = CARTESIAN_POINT('',(0.32,-0.26920299558,1.85));
#2408 = VECTOR('',#2409,1.);
#2409 = DIRECTION('',(-1.224646799147E-16,-1.,0.));
#2410 = ORIENTED_EDGE('',*,*,#2411,.T.);
#2411 = EDGE_CURVE('',#2404,#2388,#2412,.T.);
#2412 = LINE('',#2413,#2414);
#2413 = CARTESIAN_POINT('',(1.41,-0.32,1.85));
#2414 = VECTOR('',#2415,1.);
#2415 = DIRECTION('',(-1.,1.224646799147E-16,7.789680114753E-33));
#2416 = FACE_BOUND('',#2417,.T.);
#2417 = EDGE_LOOP('',(#2418,#2428,#2436,#2444));
#2418 = ORIENTED_EDGE('',*,*,#2419,.F.);
#2419 = EDGE_CURVE('',#2420,#2422,#2424,.T.);
#2420 = VERTEX_POINT('',#2421);
#2421 = CARTESIAN_POINT('',(4.68,0.32,1.85));
#2422 = VERTEX_POINT('',#2423);
#2423 = CARTESIAN_POINT('',(4.68,-0.32,1.85));
#2424 = LINE('',#2425,#2426);
#2425 = CARTESIAN_POINT('',(4.68,-0.26920299558,1.85));
#2426 = VECTOR('',#2427,1.);
#2427 = DIRECTION('',(-1.224646799147E-16,-1.,0.));
#2428 = ORIENTED_EDGE('',*,*,#2429,.T.);
#2429 = EDGE_CURVE('',#2420,#2430,#2432,.T.);
#2430 = VERTEX_POINT('',#2431);
#2431 = CARTESIAN_POINT('',(5.32,0.32,1.85));
#2432 = LINE('',#2433,#2434);
#2433 = CARTESIAN_POINT('',(3.91,0.32,1.85));
#2434 = VECTOR('',#2435,1.);
#2435 = DIRECTION('',(1.,-1.224646799147E-16,-7.789680114753E-33));
#2436 = ORIENTED_EDGE('',*,*,#2437,.T.);
#2437 = EDGE_CURVE('',#2430,#2438,#2440,.T.);
#2438 = VERTEX_POINT('',#2439);
#2439 = CARTESIAN_POINT('',(5.32,-0.32,1.85));
#2440 = LINE('',#2441,#2442);
#2441 = CARTESIAN_POINT('',(5.32,-0.26920299558,1.85));
#2442 = VECTOR('',#2443,1.);
#2443 = DIRECTION('',(-1.224646799147E-16,-1.,0.));
#2444 = ORIENTED_EDGE('',*,*,#2445,.T.);
#2445 = EDGE_CURVE('',#2438,#2422,#2446,.T.);
#2446 = LINE('',#2447,#2448);
#2447 = CARTESIAN_POINT('',(3.91,-0.32,1.85));
#2448 = VECTOR('',#2449,1.);
#2449 = DIRECTION('',(-1.,1.224646799147E-16,7.789680114753E-33));
#2450 = FACE_BOUND('',#2451,.T.);
#2451 = EDGE_LOOP('',(#2452,#2462,#2470,#2478));
#2452 = ORIENTED_EDGE('',*,*,#2453,.F.);
#2453 = EDGE_CURVE('',#2454,#2456,#2458,.T.);
#2454 = VERTEX_POINT('',#2455);
#2455 = CARTESIAN_POINT('',(2.18,0.32,1.85));
#2456 = VERTEX_POINT('',#2457);
#2457 = CARTESIAN_POINT('',(2.18,-0.32,1.85));
#2458 = LINE('',#2459,#2460);
#2459 = CARTESIAN_POINT('',(2.18,-0.2875,1.85));
#2460 = VECTOR('',#2461,1.);
#2461 = DIRECTION('',(-1.224646799147E-16,-1.,0.));
#2462 = ORIENTED_EDGE('',*,*,#2463,.T.);
#2463 = EDGE_CURVE('',#2454,#2464,#2466,.T.);
#2464 = VERTEX_POINT('',#2465);
#2465 = CARTESIAN_POINT('',(2.82,0.32,1.85));
#2466 = LINE('',#2467,#2468);
#2467 = CARTESIAN_POINT('',(2.66,0.32,1.85));
#2468 = VECTOR('',#2469,1.);
#2469 = DIRECTION('',(1.,-1.224646799147E-16,-7.789680114753E-33));
#2470 = ORIENTED_EDGE('',*,*,#2471,.T.);
#2471 = EDGE_CURVE('',#2464,#2472,#2474,.T.);
#2472 = VERTEX_POINT('',#2473);
#2473 = CARTESIAN_POINT('',(2.82,-0.32,1.85));
#2474 = LINE('',#2475,#2476);
#2475 = CARTESIAN_POINT('',(2.82,-0.2875,1.85));
#2476 = VECTOR('',#2477,1.);
#2477 = DIRECTION('',(-1.224646799147E-16,-1.,0.));
#2478 = ORIENTED_EDGE('',*,*,#2479,.T.);
#2479 = EDGE_CURVE('',#2472,#2456,#2480,.T.);
#2480 = LINE('',#2481,#2482);
#2481 = CARTESIAN_POINT('',(2.66,-0.32,1.85));
#2482 = VECTOR('',#2483,1.);
#2483 = DIRECTION('',(-1.,1.224646799147E-16,7.789680114753E-33));
#2484 = PLANE('',#2485);
#2485 = AXIS2_PLACEMENT_3D('',#2486,#2487,#2488);
#2486 = CARTESIAN_POINT('',(2.5,-0.575,1.85));
#2487 = DIRECTION('',(7.789680114753E-33,-9.539606818914E-49,1.));
#2488 = DIRECTION('',(-1.,1.224646799147E-16,7.789680114753E-33));
#2489 = ADVANCED_FACE('',(#2490),#2501,.F.);
#2490 = FACE_BOUND('',#2491,.F.);
#2491 = EDGE_LOOP('',(#2492,#2493,#2499,#2500));
#2492 = ORIENTED_EDGE('',*,*,#1863,.F.);
#2493 = ORIENTED_EDGE('',*,*,#2494,.T.);
#2494 = EDGE_CURVE('',#1856,#1654,#2495,.T.);
#2495 = LINE('',#2496,#2497);
#2496 = CARTESIAN_POINT('',(-0.5,2.35,6.1));
#2497 = VECTOR('',#2498,1.);
#2498 = DIRECTION('',(-1.224646799147E-16,-1.,0.));
#2499 = ORIENTED_EDGE('',*,*,#1661,.F.);
#2500 = ORIENTED_EDGE('',*,*,#1709,.F.);
#2501 = PLANE('',#2502);
#2502 = AXIS2_PLACEMENT_3D('',#2503,#2504,#2505);
#2503 = CARTESIAN_POINT('',(-0.5,2.35,6.1));
#2504 = DIRECTION('',(-1.,1.224646799147E-16,0.));
#2505 = DIRECTION('',(0.,0.,1.));
#2506 = ADVANCED_FACE('',(#2507),#2518,.F.);
#2507 = FACE_BOUND('',#2508,.F.);
#2508 = EDGE_LOOP('',(#2509,#2510,#2516,#2517));
#2509 = ORIENTED_EDGE('',*,*,#1855,.F.);
#2510 = ORIENTED_EDGE('',*,*,#2511,.T.);
#2511 = EDGE_CURVE('',#1848,#1646,#2512,.T.);
#2512 = LINE('',#2513,#2514);
#2513 = CARTESIAN_POINT('',(-0.25,2.35,5.85));
#2514 = VECTOR('',#2515,1.);
#2515 = DIRECTION('',(-1.224646799147E-16,-1.,0.));
#2516 = ORIENTED_EDGE('',*,*,#1653,.F.);
#2517 = ORIENTED_EDGE('',*,*,#2494,.F.);
#2518 = PLANE('',#2519);
#2519 = AXIS2_PLACEMENT_3D('',#2520,#2521,#2522);
#2520 = CARTESIAN_POINT('',(-0.25,2.35,5.85));
#2521 = DIRECTION('',(-0.707106781187,8.659560562349E-17,-0.707106781187
    ));
#2522 = DIRECTION('',(-0.707106781187,8.659560562349E-17,0.707106781187)
  );
#2523 = ADVANCED_FACE('',(#2524),#2535,.F.);
#2524 = FACE_BOUND('',#2525,.F.);
#2525 = EDGE_LOOP('',(#2526,#2527,#2533,#2534));
#2526 = ORIENTED_EDGE('',*,*,#1847,.F.);
#2527 = ORIENTED_EDGE('',*,*,#2528,.T.);
#2528 = EDGE_CURVE('',#1840,#1638,#2529,.T.);
#2529 = LINE('',#2530,#2531);
#2530 = CARTESIAN_POINT('',(-0.5,2.35,5.6));
#2531 = VECTOR('',#2532,1.);
#2532 = DIRECTION('',(-1.224646799147E-16,-1.,0.));
#2533 = ORIENTED_EDGE('',*,*,#1645,.F.);
#2534 = ORIENTED_EDGE('',*,*,#2511,.F.);
#2535 = PLANE('',#2536);
#2536 = AXIS2_PLACEMENT_3D('',#2537,#2538,#2539);
#2537 = CARTESIAN_POINT('',(-0.5,2.35,5.6));
#2538 = DIRECTION('',(-0.707106781187,8.659560562349E-17,0.707106781187)
  );
#2539 = DIRECTION('',(0.707106781187,-8.659560562349E-17,0.707106781187)
  );
#2540 = ADVANCED_FACE('',(#2541),#2552,.F.);
#2541 = FACE_BOUND('',#2542,.F.);
#2542 = EDGE_LOOP('',(#2543,#2544,#2550,#2551));
#2543 = ORIENTED_EDGE('',*,*,#1839,.F.);
#2544 = ORIENTED_EDGE('',*,*,#2545,.T.);
#2545 = EDGE_CURVE('',#1831,#1629,#2546,.T.);
#2546 = LINE('',#2547,#2548);
#2547 = CARTESIAN_POINT('',(-0.5,2.35,3.85));
#2548 = VECTOR('',#2549,1.);
#2549 = DIRECTION('',(-1.224646799147E-16,-1.,0.));
#2550 = ORIENTED_EDGE('',*,*,#1637,.F.);
#2551 = ORIENTED_EDGE('',*,*,#2528,.F.);
#2552 = PLANE('',#2553);
#2553 = AXIS2_PLACEMENT_3D('',#2554,#2555,#2556);
#2554 = CARTESIAN_POINT('',(-0.5,2.35,3.1));
#2555 = DIRECTION('',(-1.,1.224646799147E-16,0.));
#2556 = DIRECTION('',(0.,0.,1.));
#2557 = ADVANCED_FACE('',(#2558),#2569,.F.);
#2558 = FACE_BOUND('',#2559,.F.);
#2559 = EDGE_LOOP('',(#2560,#2561,#2562,#2563));
#2560 = ORIENTED_EDGE('',*,*,#1628,.F.);
#2561 = ORIENTED_EDGE('',*,*,#2545,.F.);
#2562 = ORIENTED_EDGE('',*,*,#1830,.F.);
#2563 = ORIENTED_EDGE('',*,*,#2564,.T.);
#2564 = EDGE_CURVE('',#1823,#1621,#2565,.T.);
#2565 = LINE('',#2566,#2567);
#2566 = CARTESIAN_POINT('',(0.25,2.35,3.1));
#2567 = VECTOR('',#2568,1.);
#2568 = DIRECTION('',(-1.224646799147E-16,-1.,0.));
#2569 = CYLINDRICAL_SURFACE('',#2570,0.75);
#2570 = AXIS2_PLACEMENT_3D('',#2571,#2572,#2573);
#2571 = CARTESIAN_POINT('',(0.25,2.35,3.85));
#2572 = DIRECTION('',(-1.224646799147E-16,-1.,0.));
#2573 = DIRECTION('',(-0.,0.,-1.));
#2574 = ADVANCED_FACE('',(#2575),#2586,.F.);
#2575 = FACE_BOUND('',#2576,.F.);
#2576 = EDGE_LOOP('',(#2577,#2578,#2579,#2585));
#2577 = ORIENTED_EDGE('',*,*,#2564,.F.);
#2578 = ORIENTED_EDGE('',*,*,#1822,.F.);
#2579 = ORIENTED_EDGE('',*,*,#2580,.T.);
#2580 = EDGE_CURVE('',#1815,#1613,#2581,.T.);
#2581 = LINE('',#2582,#2583);
#2582 = CARTESIAN_POINT('',(1.,2.35,3.1));
#2583 = VECTOR('',#2584,1.);
#2584 = DIRECTION('',(-1.224646799147E-16,-1.,0.));
#2585 = ORIENTED_EDGE('',*,*,#1620,.F.);
#2586 = PLANE('',#2587);
#2587 = AXIS2_PLACEMENT_3D('',#2588,#2589,#2590);
#2588 = CARTESIAN_POINT('',(1.,2.35,3.1));
#2589 = DIRECTION('',(-0.,0.,-1.));
#2590 = DIRECTION('',(-1.,1.224646799147E-16,0.));
#2591 = ADVANCED_FACE('',(#2592),#2603,.F.);
#2592 = FACE_BOUND('',#2593,.F.);
#2593 = EDGE_LOOP('',(#2594,#2595,#2601,#2602));
#2594 = ORIENTED_EDGE('',*,*,#1814,.F.);
#2595 = ORIENTED_EDGE('',*,*,#2596,.T.);
#2596 = EDGE_CURVE('',#1807,#1605,#2597,.T.);
#2597 = LINE('',#2598,#2599);
#2598 = CARTESIAN_POINT('',(1.,2.35,7.));
#2599 = VECTOR('',#2600,1.);
#2600 = DIRECTION('',(-1.224646799147E-16,-1.,0.));
#2601 = ORIENTED_EDGE('',*,*,#1612,.F.);
#2602 = ORIENTED_EDGE('',*,*,#2580,.F.);
#2603 = PLANE('',#2604);
#2604 = AXIS2_PLACEMENT_3D('',#2605,#2606,#2607);
#2605 = CARTESIAN_POINT('',(1.,2.35,7.));
#2606 = DIRECTION('',(1.,-1.224646799147E-16,0.));
#2607 = DIRECTION('',(0.,-0.,-1.));
#2608 = ADVANCED_FACE('',(#2609),#2620,.T.);
#2609 = FACE_BOUND('',#2610,.T.);
#2610 = EDGE_LOOP('',(#2611,#2612,#2618,#2619));
#2611 = ORIENTED_EDGE('',*,*,#1604,.F.);
#2612 = ORIENTED_EDGE('',*,*,#2613,.F.);
#2613 = EDGE_CURVE('',#1799,#1597,#2614,.T.);
#2614 = LINE('',#2615,#2616);
#2615 = CARTESIAN_POINT('',(4.,2.35,7.));
#2616 = VECTOR('',#2617,1.);
#2617 = DIRECTION('',(-1.224646799147E-16,-1.,0.));
#2618 = ORIENTED_EDGE('',*,*,#1806,.T.);
#2619 = ORIENTED_EDGE('',*,*,#2596,.T.);
#2620 = PLANE('',#2621);
#2621 = AXIS2_PLACEMENT_3D('',#2622,#2623,#2624);
#2622 = CARTESIAN_POINT('',(2.5,-0.525,7.));
#2623 = DIRECTION('',(0.,0.,1.));
#2624 = DIRECTION('',(-1.,1.224646799147E-16,0.));
#2625 = ADVANCED_FACE('',(#2626),#2637,.T.);
#2626 = FACE_BOUND('',#2627,.T.);
#2627 = EDGE_LOOP('',(#2628,#2629,#2630,#2631));
#2628 = ORIENTED_EDGE('',*,*,#1798,.F.);
#2629 = ORIENTED_EDGE('',*,*,#2613,.T.);
#2630 = ORIENTED_EDGE('',*,*,#1596,.F.);
#2631 = ORIENTED_EDGE('',*,*,#2632,.F.);
#2632 = EDGE_CURVE('',#1791,#1589,#2633,.T.);
#2633 = LINE('',#2634,#2635);
#2634 = CARTESIAN_POINT('',(4.,2.35,3.1));
#2635 = VECTOR('',#2636,1.);
#2636 = DIRECTION('',(-1.224646799147E-16,-1.,0.));
#2637 = PLANE('',#2638);
#2638 = AXIS2_PLACEMENT_3D('',#2639,#2640,#2641);
#2639 = CARTESIAN_POINT('',(4.,2.35,7.));
#2640 = DIRECTION('',(1.,-1.224646799147E-16,0.));
#2641 = DIRECTION('',(0.,-0.,-1.));
#2642 = ADVANCED_FACE('',(#2643),#2654,.T.);
#2643 = FACE_BOUND('',#2644,.T.);
#2644 = EDGE_LOOP('',(#2645,#2651,#2652,#2653));
#2645 = ORIENTED_EDGE('',*,*,#2646,.F.);
#2646 = EDGE_CURVE('',#1782,#1580,#2647,.T.);
#2647 = LINE('',#2648,#2649);
#2648 = CARTESIAN_POINT('',(4.75,2.35,3.1));
#2649 = VECTOR('',#2650,1.);
#2650 = DIRECTION('',(-1.224646799147E-16,-1.,0.));
#2651 = ORIENTED_EDGE('',*,*,#1790,.F.);
#2652 = ORIENTED_EDGE('',*,*,#2632,.T.);
#2653 = ORIENTED_EDGE('',*,*,#1588,.F.);
#2654 = PLANE('',#2655);
#2655 = AXIS2_PLACEMENT_3D('',#2656,#2657,#2658);
#2656 = CARTESIAN_POINT('',(4.,2.35,3.1));
#2657 = DIRECTION('',(0.,0.,1.));
#2658 = DIRECTION('',(1.,-1.224646799147E-16,0.));
#2659 = ADVANCED_FACE('',(#2660),#2671,.F.);
#2660 = FACE_BOUND('',#2661,.F.);
#2661 = EDGE_LOOP('',(#2662,#2663,#2664,#2670));
#2662 = ORIENTED_EDGE('',*,*,#2646,.F.);
#2663 = ORIENTED_EDGE('',*,*,#1781,.T.);
#2664 = ORIENTED_EDGE('',*,*,#2665,.T.);
#2665 = EDGE_CURVE('',#1774,#1572,#2666,.T.);
#2666 = LINE('',#2667,#2668);
#2667 = CARTESIAN_POINT('',(5.5,2.35,3.85));
#2668 = VECTOR('',#2669,1.);
#2669 = DIRECTION('',(-1.224646799147E-16,-1.,0.));
#2670 = ORIENTED_EDGE('',*,*,#1579,.F.);
#2671 = CYLINDRICAL_SURFACE('',#2672,0.75);
#2672 = AXIS2_PLACEMENT_3D('',#2673,#2674,#2675);
#2673 = CARTESIAN_POINT('',(4.75,2.35,3.85));
#2674 = DIRECTION('',(-1.224646799147E-16,-1.,0.));
#2675 = DIRECTION('',(0.,-0.,-1.));
#2676 = ADVANCED_FACE('',(#2677),#2688,.T.);
#2677 = FACE_BOUND('',#2678,.T.);
#2678 = EDGE_LOOP('',(#2679,#2680,#2681,#2682));
#2679 = ORIENTED_EDGE('',*,*,#1773,.F.);
#2680 = ORIENTED_EDGE('',*,*,#2665,.T.);
#2681 = ORIENTED_EDGE('',*,*,#1571,.F.);
#2682 = ORIENTED_EDGE('',*,*,#2683,.F.);
#2683 = EDGE_CURVE('',#1766,#1564,#2684,.T.);
#2684 = LINE('',#2685,#2686);
#2685 = CARTESIAN_POINT('',(5.5,2.35,5.6));
#2686 = VECTOR('',#2687,1.);
#2687 = DIRECTION('',(-1.224646799147E-16,-1.,0.));
#2688 = PLANE('',#2689);
#2689 = AXIS2_PLACEMENT_3D('',#2690,#2691,#2692);
#2690 = CARTESIAN_POINT('',(5.5,2.35,3.1));
#2691 = DIRECTION('',(-1.,1.224646799147E-16,0.));
#2692 = DIRECTION('',(0.,0.,1.));
#2693 = ADVANCED_FACE('',(#2694),#2705,.T.);
#2694 = FACE_BOUND('',#2695,.T.);
#2695 = EDGE_LOOP('',(#2696,#2697,#2698,#2699));
#2696 = ORIENTED_EDGE('',*,*,#1765,.F.);
#2697 = ORIENTED_EDGE('',*,*,#2683,.T.);
#2698 = ORIENTED_EDGE('',*,*,#1563,.F.);
#2699 = ORIENTED_EDGE('',*,*,#2700,.F.);
#2700 = EDGE_CURVE('',#1758,#1556,#2701,.T.);
#2701 = LINE('',#2702,#2703);
#2702 = CARTESIAN_POINT('',(5.25,2.35,5.85));
#2703 = VECTOR('',#2704,1.);
#2704 = DIRECTION('',(-1.224646799147E-16,-1.,0.));
#2705 = PLANE('',#2706);
#2706 = AXIS2_PLACEMENT_3D('',#2707,#2708,#2709);
#2707 = CARTESIAN_POINT('',(5.5,2.35,5.6));
#2708 = DIRECTION('',(-0.707106781187,8.659560562349E-17,-0.707106781187
    ));
#2709 = DIRECTION('',(-0.707106781187,8.659560562349E-17,0.707106781187)
  );
#2710 = ADVANCED_FACE('',(#2711),#2722,.T.);
#2711 = FACE_BOUND('',#2712,.T.);
#2712 = EDGE_LOOP('',(#2713,#2714,#2715,#2716));
#2713 = ORIENTED_EDGE('',*,*,#1757,.F.);
#2714 = ORIENTED_EDGE('',*,*,#2700,.T.);
#2715 = ORIENTED_EDGE('',*,*,#1555,.F.);
#2716 = ORIENTED_EDGE('',*,*,#2717,.F.);
#2717 = EDGE_CURVE('',#1750,#1548,#2718,.T.);
#2718 = LINE('',#2719,#2720);
#2719 = CARTESIAN_POINT('',(5.5,2.35,6.1));
#2720 = VECTOR('',#2721,1.);
#2721 = DIRECTION('',(-1.224646799147E-16,-1.,0.));
#2722 = PLANE('',#2723);
#2723 = AXIS2_PLACEMENT_3D('',#2724,#2725,#2726);
#2724 = CARTESIAN_POINT('',(5.25,2.35,5.85));
#2725 = DIRECTION('',(-0.707106781187,8.659560562349E-17,0.707106781187)
  );
#2726 = DIRECTION('',(0.707106781187,-8.659560562349E-17,0.707106781187)
  );
#2727 = ADVANCED_FACE('',(#2728),#2734,.T.);
#2728 = FACE_BOUND('',#2729,.T.);
#2729 = EDGE_LOOP('',(#2730,#2731,#2732,#2733));
#2730 = ORIENTED_EDGE('',*,*,#1749,.F.);
#2731 = ORIENTED_EDGE('',*,*,#2717,.T.);
#2732 = ORIENTED_EDGE('',*,*,#1547,.F.);
#2733 = ORIENTED_EDGE('',*,*,#2336,.F.);
#2734 = PLANE('',#2735);
#2735 = AXIS2_PLACEMENT_3D('',#2736,#2737,#2738);
#2736 = CARTESIAN_POINT('',(5.5,2.35,6.1));
#2737 = DIRECTION('',(-1.,1.224646799147E-16,4.93432455389E-16));
#2738 = DIRECTION('',(4.93432455389E-16,-6.042804770875E-32,1.));
#2739 = ADVANCED_FACE('',(#2740),#2751,.F.);
#2740 = FACE_BOUND('',#2741,.F.);
#2741 = EDGE_LOOP('',(#2742,#2743,#2744,#2750));
#2742 = ORIENTED_EDGE('',*,*,#1944,.T.);
#2743 = ORIENTED_EDGE('',*,*,#2201,.T.);
#2744 = ORIENTED_EDGE('',*,*,#2745,.F.);
#2745 = EDGE_CURVE('',#2259,#2202,#2746,.T.);
#2746 = LINE('',#2747,#2748);
#2747 = CARTESIAN_POINT('',(5.75,0.5,0.3));
#2748 = VECTOR('',#2749,1.);
#2749 = DIRECTION('',(-1.,1.224646799147E-16,0.));
#2750 = ORIENTED_EDGE('',*,*,#2258,.F.);
#2751 = PLANE('',#2752);
#2752 = AXIS2_PLACEMENT_3D('',#2753,#2754,#2755);
#2753 = CARTESIAN_POINT('',(5.75,2.35,1.));
#2754 = DIRECTION('',(-4.33392824344E-17,-0.353892097416,0.935286257456)
  );
#2755 = DIRECTION('',(-1.14539532148E-16,-0.935286257456,-0.353892097416
    ));
#2756 = ADVANCED_FACE('',(#2757),#2768,.F.);
#2757 = FACE_BOUND('',#2758,.F.);
#2758 = EDGE_LOOP('',(#2759,#2760,#2761,#2767));
#2759 = ORIENTED_EDGE('',*,*,#1912,.T.);
#2760 = ORIENTED_EDGE('',*,*,#2096,.T.);
#2761 = ORIENTED_EDGE('',*,*,#2762,.F.);
#2762 = EDGE_CURVE('',#2154,#2097,#2763,.T.);
#2763 = LINE('',#2764,#2765);
#2764 = CARTESIAN_POINT('',(3.25,0.5,0.3));
#2765 = VECTOR('',#2766,1.);
#2766 = DIRECTION('',(-1.,1.224646799147E-16,0.));
#2767 = ORIENTED_EDGE('',*,*,#2153,.F.);
#2768 = PLANE('',#2769);
#2769 = AXIS2_PLACEMENT_3D('',#2770,#2771,#2772);
#2770 = CARTESIAN_POINT('',(3.25,2.35,1.));
#2771 = DIRECTION('',(-4.33392824344E-17,-0.353892097416,0.935286257456)
  );
#2772 = DIRECTION('',(-1.14539532148E-16,-0.935286257456,-0.353892097416
    ));
#2773 = ADVANCED_FACE('',(#2774),#2785,.F.);
#2774 = FACE_BOUND('',#2775,.F.);
#2775 = EDGE_LOOP('',(#2776,#2777,#2778,#2784));
#2776 = ORIENTED_EDGE('',*,*,#1880,.T.);
#2777 = ORIENTED_EDGE('',*,*,#1991,.T.);
#2778 = ORIENTED_EDGE('',*,*,#2779,.F.);
#2779 = EDGE_CURVE('',#2049,#1992,#2780,.T.);
#2780 = LINE('',#2781,#2782);
#2781 = CARTESIAN_POINT('',(0.75,0.5,0.3));
#2782 = VECTOR('',#2783,1.);
#2783 = DIRECTION('',(-1.,1.224646799147E-16,0.));
#2784 = ORIENTED_EDGE('',*,*,#2048,.F.);
#2785 = PLANE('',#2786);
#2786 = AXIS2_PLACEMENT_3D('',#2787,#2788,#2789);
#2787 = CARTESIAN_POINT('',(0.75,2.35,1.));
#2788 = DIRECTION('',(-4.33392824344E-17,-0.353892097416,0.935286257456)
  );
#2789 = DIRECTION('',(-1.14539532148E-16,-0.935286257456,-0.353892097416
    ));
#2790 = ADVANCED_FACE('',(#2791,#2797),#2831,.F.);
#2791 = FACE_BOUND('',#2792,.F.);
#2792 = EDGE_LOOP('',(#2793,#2794,#2795,#2796));
#2793 = ORIENTED_EDGE('',*,*,#2779,.T.);
#2794 = ORIENTED_EDGE('',*,*,#1999,.T.);
#2795 = ORIENTED_EDGE('',*,*,#2023,.F.);
#2796 = ORIENTED_EDGE('',*,*,#2056,.F.);
#2797 = FACE_BOUND('',#2798,.F.);
#2798 = EDGE_LOOP('',(#2799,#2809,#2817,#2825));
#2799 = ORIENTED_EDGE('',*,*,#2800,.F.);
#2800 = EDGE_CURVE('',#2801,#2803,#2805,.T.);
#2801 = VERTEX_POINT('',#2802);
#2802 = CARTESIAN_POINT('',(-0.32,0.32,0.3));
#2803 = VERTEX_POINT('',#2804);
#2804 = CARTESIAN_POINT('',(-0.32,-0.32,0.3));
#2805 = LINE('',#2806,#2807);
#2806 = CARTESIAN_POINT('',(-0.32,0.26829700442,0.3));
#2807 = VECTOR('',#2808,1.);
#2808 = DIRECTION('',(-1.224646799147E-16,-1.,0.));
#2809 = ORIENTED_EDGE('',*,*,#2810,.T.);
#2810 = EDGE_CURVE('',#2801,#2811,#2813,.T.);
#2811 = VERTEX_POINT('',#2812);
#2812 = CARTESIAN_POINT('',(0.32,0.32,0.3));
#2813 = LINE('',#2814,#2815);
#2814 = CARTESIAN_POINT('',(0.535,0.32,0.3));
#2815 = VECTOR('',#2816,1.);
#2816 = DIRECTION('',(1.,-1.224646799147E-16,0.));
#2817 = ORIENTED_EDGE('',*,*,#2818,.T.);
#2818 = EDGE_CURVE('',#2811,#2819,#2821,.T.);
#2819 = VERTEX_POINT('',#2820);
#2820 = CARTESIAN_POINT('',(0.32,-0.32,0.3));
#2821 = LINE('',#2822,#2823);
#2822 = CARTESIAN_POINT('',(0.32,0.26829700442,0.3));
#2823 = VECTOR('',#2824,1.);
#2824 = DIRECTION('',(-1.224646799147E-16,-1.,0.));
#2825 = ORIENTED_EDGE('',*,*,#2826,.T.);
#2826 = EDGE_CURVE('',#2819,#2803,#2827,.T.);
#2827 = LINE('',#2828,#2829);
#2828 = CARTESIAN_POINT('',(0.535,-0.32,0.3));
#2829 = VECTOR('',#2830,1.);
#2830 = DIRECTION('',(-1.,1.224646799147E-16,0.));
#2831 = PLANE('',#2832);
#2832 = AXIS2_PLACEMENT_3D('',#2833,#2834,#2835);
#2833 = CARTESIAN_POINT('',(0.75,0.5,0.3));
#2834 = DIRECTION('',(0.,0.,1.));
#2835 = DIRECTION('',(-1.224646799147E-16,-1.,0.));
#2836 = ADVANCED_FACE('',(#2837,#2843),#2877,.F.);
#2837 = FACE_BOUND('',#2838,.F.);
#2838 = EDGE_LOOP('',(#2839,#2840,#2841,#2842));
#2839 = ORIENTED_EDGE('',*,*,#2762,.T.);
#2840 = ORIENTED_EDGE('',*,*,#2104,.T.);
#2841 = ORIENTED_EDGE('',*,*,#2128,.F.);
#2842 = ORIENTED_EDGE('',*,*,#2161,.F.);
#2843 = FACE_BOUND('',#2844,.F.);
#2844 = EDGE_LOOP('',(#2845,#2855,#2863,#2871));
#2845 = ORIENTED_EDGE('',*,*,#2846,.F.);
#2846 = EDGE_CURVE('',#2847,#2849,#2851,.T.);
#2847 = VERTEX_POINT('',#2848);
#2848 = CARTESIAN_POINT('',(2.18,0.32,0.3));
#2849 = VERTEX_POINT('',#2850);
#2850 = CARTESIAN_POINT('',(2.18,-0.32,0.3));
#2851 = LINE('',#2852,#2853);
#2852 = CARTESIAN_POINT('',(2.18,0.25,0.3));
#2853 = VECTOR('',#2854,1.);
#2854 = DIRECTION('',(-1.224646799147E-16,-1.,0.));
#2855 = ORIENTED_EDGE('',*,*,#2856,.T.);
#2856 = EDGE_CURVE('',#2847,#2857,#2859,.T.);
#2857 = VERTEX_POINT('',#2858);
#2858 = CARTESIAN_POINT('',(2.82,0.32,0.3));
#2859 = LINE('',#2860,#2861);
#2860 = CARTESIAN_POINT('',(3.035,0.32,0.3));
#2861 = VECTOR('',#2862,1.);
#2862 = DIRECTION('',(1.,-1.224646799147E-16,0.));
#2863 = ORIENTED_EDGE('',*,*,#2864,.T.);
#2864 = EDGE_CURVE('',#2857,#2865,#2867,.T.);
#2865 = VERTEX_POINT('',#2866);
#2866 = CARTESIAN_POINT('',(2.82,-0.32,0.3));
#2867 = LINE('',#2868,#2869);
#2868 = CARTESIAN_POINT('',(2.82,0.25,0.3));
#2869 = VECTOR('',#2870,1.);
#2870 = DIRECTION('',(-1.224646799147E-16,-1.,0.));
#2871 = ORIENTED_EDGE('',*,*,#2872,.T.);
#2872 = EDGE_CURVE('',#2865,#2849,#2873,.T.);
#2873 = LINE('',#2874,#2875);
#2874 = CARTESIAN_POINT('',(3.035,-0.32,0.3));
#2875 = VECTOR('',#2876,1.);
#2876 = DIRECTION('',(-1.,1.224646799147E-16,0.));
#2877 = PLANE('',#2878);
#2878 = AXIS2_PLACEMENT_3D('',#2879,#2880,#2881);
#2879 = CARTESIAN_POINT('',(3.25,0.5,0.3));
#2880 = DIRECTION('',(0.,0.,1.));
#2881 = DIRECTION('',(-1.224646799147E-16,-1.,0.));
#2882 = ADVANCED_FACE('',(#2883,#2889),#2923,.F.);
#2883 = FACE_BOUND('',#2884,.F.);
#2884 = EDGE_LOOP('',(#2885,#2886,#2887,#2888));
#2885 = ORIENTED_EDGE('',*,*,#2745,.T.);
#2886 = ORIENTED_EDGE('',*,*,#2209,.T.);
#2887 = ORIENTED_EDGE('',*,*,#2233,.F.);
#2888 = ORIENTED_EDGE('',*,*,#2266,.F.);
#2889 = FACE_BOUND('',#2890,.F.);
#2890 = EDGE_LOOP('',(#2891,#2901,#2909,#2917));
#2891 = ORIENTED_EDGE('',*,*,#2892,.F.);
#2892 = EDGE_CURVE('',#2893,#2895,#2897,.T.);
#2893 = VERTEX_POINT('',#2894);
#2894 = CARTESIAN_POINT('',(4.68,0.32,0.3));
#2895 = VERTEX_POINT('',#2896);
#2896 = CARTESIAN_POINT('',(4.68,-0.32,0.3));
#2897 = LINE('',#2898,#2899);
#2898 = CARTESIAN_POINT('',(4.68,0.26829700442,0.3));
#2899 = VECTOR('',#2900,1.);
#2900 = DIRECTION('',(-1.224646799147E-16,-1.,0.));
#2901 = ORIENTED_EDGE('',*,*,#2902,.T.);
#2902 = EDGE_CURVE('',#2893,#2903,#2905,.T.);
#2903 = VERTEX_POINT('',#2904);
#2904 = CARTESIAN_POINT('',(5.32,0.32,0.3));
#2905 = LINE('',#2906,#2907);
#2906 = CARTESIAN_POINT('',(5.535,0.32,0.3));
#2907 = VECTOR('',#2908,1.);
#2908 = DIRECTION('',(1.,-1.224646799147E-16,0.));
#2909 = ORIENTED_EDGE('',*,*,#2910,.T.);
#2910 = EDGE_CURVE('',#2903,#2911,#2913,.T.);
#2911 = VERTEX_POINT('',#2912);
#2912 = CARTESIAN_POINT('',(5.32,-0.32,0.3));
#2913 = LINE('',#2914,#2915);
#2914 = CARTESIAN_POINT('',(5.32,0.26829700442,0.3));
#2915 = VECTOR('',#2916,1.);
#2916 = DIRECTION('',(-1.224646799147E-16,-1.,0.));
#2917 = ORIENTED_EDGE('',*,*,#2918,.T.);
#2918 = EDGE_CURVE('',#2911,#2895,#2919,.T.);
#2919 = LINE('',#2920,#2921);
#2920 = CARTESIAN_POINT('',(5.535,-0.32,0.3));
#2921 = VECTOR('',#2922,1.);
#2922 = DIRECTION('',(-1.,1.224646799147E-16,0.));
#2923 = PLANE('',#2924);
#2924 = AXIS2_PLACEMENT_3D('',#2925,#2926,#2927);
#2925 = CARTESIAN_POINT('',(5.75,0.5,0.3));
#2926 = DIRECTION('',(0.,0.,1.));
#2927 = DIRECTION('',(-1.224646799147E-16,-1.,0.));
#2928 = ADVANCED_FACE('',(#2929),#2954,.T.);
#2929 = FACE_BOUND('',#2930,.T.);
#2930 = EDGE_LOOP('',(#2931,#2932,#2940,#2948));
#2931 = ORIENTED_EDGE('',*,*,#2385,.T.);
#2932 = ORIENTED_EDGE('',*,*,#2933,.T.);
#2933 = EDGE_CURVE('',#2388,#2934,#2936,.T.);
#2934 = VERTEX_POINT('',#2935);
#2935 = CARTESIAN_POINT('',(-0.32,-0.32,6.3));
#2936 = LINE('',#2937,#2938);
#2937 = CARTESIAN_POINT('',(-0.32,-0.32,-0.9));
#2938 = VECTOR('',#2939,1.);
#2939 = DIRECTION('',(0.,0.,1.));
#2940 = ORIENTED_EDGE('',*,*,#2941,.T.);
#2941 = EDGE_CURVE('',#2934,#2942,#2944,.T.);
#2942 = VERTEX_POINT('',#2943);
#2943 = CARTESIAN_POINT('',(-0.32,0.32,6.3));
#2944 = LINE('',#2945,#2946);
#2945 = CARTESIAN_POINT('',(-0.32,-0.32,6.3));
#2946 = VECTOR('',#2947,1.);
#2947 = DIRECTION('',(1.224646799147E-16,1.,0.));
#2948 = ORIENTED_EDGE('',*,*,#2949,.T.);
#2949 = EDGE_CURVE('',#2942,#2386,#2950,.T.);
#2950 = LINE('',#2951,#2952);
#2951 = CARTESIAN_POINT('',(-0.32,0.32,6.5));
#2952 = VECTOR('',#2953,1.);
#2953 = DIRECTION('',(-0.,0.,-1.));
#2954 = PLANE('',#2955);
#2955 = AXIS2_PLACEMENT_3D('',#2956,#2957,#2958);
#2956 = CARTESIAN_POINT('',(-0.32,3.65940088399E-02,1.522832428212));
#2957 = DIRECTION('',(-1.,1.224646799147E-16,0.));
#2958 = DIRECTION('',(0.,0.,1.));
#2959 = ADVANCED_FACE('',(#2960),#2978,.F.);
#2960 = FACE_BOUND('',#2961,.F.);
#2961 = EDGE_LOOP('',(#2962,#2970,#2971,#2972));
#2962 = ORIENTED_EDGE('',*,*,#2963,.F.);
#2963 = EDGE_CURVE('',#2404,#2964,#2966,.T.);
#2964 = VERTEX_POINT('',#2965);
#2965 = CARTESIAN_POINT('',(0.32,-0.32,6.3));
#2966 = LINE('',#2967,#2968);
#2967 = CARTESIAN_POINT('',(0.32,-0.32,-0.9));
#2968 = VECTOR('',#2969,1.);
#2969 = DIRECTION('',(0.,0.,1.));
#2970 = ORIENTED_EDGE('',*,*,#2411,.T.);
#2971 = ORIENTED_EDGE('',*,*,#2933,.T.);
#2972 = ORIENTED_EDGE('',*,*,#2973,.F.);
#2973 = EDGE_CURVE('',#2964,#2934,#2974,.T.);
#2974 = LINE('',#2975,#2976);
#2975 = CARTESIAN_POINT('',(0.32,-0.32,6.3));
#2976 = VECTOR('',#2977,1.);
#2977 = DIRECTION('',(-1.,1.224646799147E-16,0.));
#2978 = PLANE('',#2979);
#2979 = AXIS2_PLACEMENT_3D('',#2980,#2981,#2982);
#2980 = CARTESIAN_POINT('',(0.32,-0.32,-0.9));
#2981 = DIRECTION('',(1.224646799147E-16,1.,0.));
#2982 = DIRECTION('',(0.,-0.,1.));
#2983 = ADVANCED_FACE('',(#2984),#3002,.F.);
#2984 = FACE_BOUND('',#2985,.F.);
#2985 = EDGE_LOOP('',(#2986,#2987,#2988,#2996));
#2986 = ORIENTED_EDGE('',*,*,#2403,.T.);
#2987 = ORIENTED_EDGE('',*,*,#2963,.T.);
#2988 = ORIENTED_EDGE('',*,*,#2989,.T.);
#2989 = EDGE_CURVE('',#2964,#2990,#2992,.T.);
#2990 = VERTEX_POINT('',#2991);
#2991 = CARTESIAN_POINT('',(0.32,0.32,6.3));
#2992 = LINE('',#2993,#2994);
#2993 = CARTESIAN_POINT('',(0.32,-0.32,6.3));
#2994 = VECTOR('',#2995,1.);
#2995 = DIRECTION('',(1.224646799147E-16,1.,0.));
#2996 = ORIENTED_EDGE('',*,*,#2997,.T.);
#2997 = EDGE_CURVE('',#2990,#2396,#2998,.T.);
#2998 = LINE('',#2999,#3000);
#2999 = CARTESIAN_POINT('',(0.32,0.32,6.5));
#3000 = VECTOR('',#3001,1.);
#3001 = DIRECTION('',(-0.,0.,-1.));
#3002 = PLANE('',#3003);
#3003 = AXIS2_PLACEMENT_3D('',#3004,#3005,#3006);
#3004 = CARTESIAN_POINT('',(0.32,3.65940088399E-02,1.522832428212));
#3005 = DIRECTION('',(-1.,1.224646799147E-16,0.));
#3006 = DIRECTION('',(0.,0.,1.));
#3007 = ADVANCED_FACE('',(#3008),#3019,.F.);
#3008 = FACE_BOUND('',#3009,.F.);
#3009 = EDGE_LOOP('',(#3010,#3011,#3017,#3018));
#3010 = ORIENTED_EDGE('',*,*,#2997,.F.);
#3011 = ORIENTED_EDGE('',*,*,#3012,.T.);
#3012 = EDGE_CURVE('',#2990,#2942,#3013,.T.);
#3013 = LINE('',#3014,#3015);
#3014 = CARTESIAN_POINT('',(0.32,0.32,6.3));
#3015 = VECTOR('',#3016,1.);
#3016 = DIRECTION('',(-1.,1.224646799147E-16,0.));
#3017 = ORIENTED_EDGE('',*,*,#2949,.T.);
#3018 = ORIENTED_EDGE('',*,*,#2395,.T.);
#3019 = PLANE('',#3020);
#3020 = AXIS2_PLACEMENT_3D('',#3021,#3022,#3023);
#3021 = CARTESIAN_POINT('',(0.32,0.32,6.5));
#3022 = DIRECTION('',(-1.224646799147E-16,-1.,0.));
#3023 = DIRECTION('',(-0.,0.,-1.));
#3024 = ADVANCED_FACE('',(#3025),#3050,.T.);
#3025 = FACE_BOUND('',#3026,.T.);
#3026 = EDGE_LOOP('',(#3027,#3028,#3036,#3044));
#3027 = ORIENTED_EDGE('',*,*,#2419,.T.);
#3028 = ORIENTED_EDGE('',*,*,#3029,.T.);
#3029 = EDGE_CURVE('',#2422,#3030,#3032,.T.);
#3030 = VERTEX_POINT('',#3031);
#3031 = CARTESIAN_POINT('',(4.68,-0.32,6.3));
#3032 = LINE('',#3033,#3034);
#3033 = CARTESIAN_POINT('',(4.68,-0.32,-0.9));
#3034 = VECTOR('',#3035,1.);
#3035 = DIRECTION('',(0.,0.,1.));
#3036 = ORIENTED_EDGE('',*,*,#3037,.T.);
#3037 = EDGE_CURVE('',#3030,#3038,#3040,.T.);
#3038 = VERTEX_POINT('',#3039);
#3039 = CARTESIAN_POINT('',(4.68,0.32,6.3));
#3040 = LINE('',#3041,#3042);
#3041 = CARTESIAN_POINT('',(4.68,-0.32,6.3));
#3042 = VECTOR('',#3043,1.);
#3043 = DIRECTION('',(1.224646799147E-16,1.,0.));
#3044 = ORIENTED_EDGE('',*,*,#3045,.T.);
#3045 = EDGE_CURVE('',#3038,#2420,#3046,.T.);
#3046 = LINE('',#3047,#3048);
#3047 = CARTESIAN_POINT('',(4.68,0.32,6.5));
#3048 = VECTOR('',#3049,1.);
#3049 = DIRECTION('',(-0.,0.,-1.));
#3050 = PLANE('',#3051);
#3051 = AXIS2_PLACEMENT_3D('',#3052,#3053,#3054);
#3052 = CARTESIAN_POINT('',(4.68,3.65940088399E-02,1.522832428212));
#3053 = DIRECTION('',(-1.,1.224646799147E-16,0.));
#3054 = DIRECTION('',(0.,0.,1.));
#3055 = ADVANCED_FACE('',(#3056),#3074,.F.);
#3056 = FACE_BOUND('',#3057,.F.);
#3057 = EDGE_LOOP('',(#3058,#3066,#3067,#3068));
#3058 = ORIENTED_EDGE('',*,*,#3059,.F.);
#3059 = EDGE_CURVE('',#2438,#3060,#3062,.T.);
#3060 = VERTEX_POINT('',#3061);
#3061 = CARTESIAN_POINT('',(5.32,-0.32,6.3));
#3062 = LINE('',#3063,#3064);
#3063 = CARTESIAN_POINT('',(5.32,-0.32,-0.9));
#3064 = VECTOR('',#3065,1.);
#3065 = DIRECTION('',(0.,0.,1.));
#3066 = ORIENTED_EDGE('',*,*,#2445,.T.);
#3067 = ORIENTED_EDGE('',*,*,#3029,.T.);
#3068 = ORIENTED_EDGE('',*,*,#3069,.F.);
#3069 = EDGE_CURVE('',#3060,#3030,#3070,.T.);
#3070 = LINE('',#3071,#3072);
#3071 = CARTESIAN_POINT('',(5.32,-0.32,6.3));
#3072 = VECTOR('',#3073,1.);
#3073 = DIRECTION('',(-1.,1.224646799147E-16,0.));
#3074 = PLANE('',#3075);
#3075 = AXIS2_PLACEMENT_3D('',#3076,#3077,#3078);
#3076 = CARTESIAN_POINT('',(5.32,-0.32,-0.9));
#3077 = DIRECTION('',(1.224646799147E-16,1.,0.));
#3078 = DIRECTION('',(0.,-0.,1.));
#3079 = ADVANCED_FACE('',(#3080),#3098,.F.);
#3080 = FACE_BOUND('',#3081,.F.);
#3081 = EDGE_LOOP('',(#3082,#3083,#3084,#3092));
#3082 = ORIENTED_EDGE('',*,*,#2437,.T.);
#3083 = ORIENTED_EDGE('',*,*,#3059,.T.);
#3084 = ORIENTED_EDGE('',*,*,#3085,.T.);
#3085 = EDGE_CURVE('',#3060,#3086,#3088,.T.);
#3086 = VERTEX_POINT('',#3087);
#3087 = CARTESIAN_POINT('',(5.32,0.32,6.3));
#3088 = LINE('',#3089,#3090);
#3089 = CARTESIAN_POINT('',(5.32,-0.32,6.3));
#3090 = VECTOR('',#3091,1.);
#3091 = DIRECTION('',(1.224646799147E-16,1.,0.));
#3092 = ORIENTED_EDGE('',*,*,#3093,.T.);
#3093 = EDGE_CURVE('',#3086,#2430,#3094,.T.);
#3094 = LINE('',#3095,#3096);
#3095 = CARTESIAN_POINT('',(5.32,0.32,6.5));
#3096 = VECTOR('',#3097,1.);
#3097 = DIRECTION('',(-0.,0.,-1.));
#3098 = PLANE('',#3099);
#3099 = AXIS2_PLACEMENT_3D('',#3100,#3101,#3102);
#3100 = CARTESIAN_POINT('',(5.32,3.65940088399E-02,1.522832428212));
#3101 = DIRECTION('',(-1.,1.224646799147E-16,0.));
#3102 = DIRECTION('',(0.,0.,1.));
#3103 = ADVANCED_FACE('',(#3104),#3115,.F.);
#3104 = FACE_BOUND('',#3105,.F.);
#3105 = EDGE_LOOP('',(#3106,#3107,#3113,#3114));
#3106 = ORIENTED_EDGE('',*,*,#3093,.F.);
#3107 = ORIENTED_EDGE('',*,*,#3108,.T.);
#3108 = EDGE_CURVE('',#3086,#3038,#3109,.T.);
#3109 = LINE('',#3110,#3111);
#3110 = CARTESIAN_POINT('',(5.32,0.32,6.3));
#3111 = VECTOR('',#3112,1.);
#3112 = DIRECTION('',(-1.,1.224646799147E-16,0.));
#3113 = ORIENTED_EDGE('',*,*,#3045,.T.);
#3114 = ORIENTED_EDGE('',*,*,#2429,.T.);
#3115 = PLANE('',#3116);
#3116 = AXIS2_PLACEMENT_3D('',#3117,#3118,#3119);
#3117 = CARTESIAN_POINT('',(5.32,0.32,6.5));
#3118 = DIRECTION('',(-1.224646799147E-16,-1.,0.));
#3119 = DIRECTION('',(-0.,0.,-1.));
#3120 = ADVANCED_FACE('',(#3121),#3146,.T.);
#3121 = FACE_BOUND('',#3122,.T.);
#3122 = EDGE_LOOP('',(#3123,#3124,#3132,#3140));
#3123 = ORIENTED_EDGE('',*,*,#2453,.T.);
#3124 = ORIENTED_EDGE('',*,*,#3125,.T.);
#3125 = EDGE_CURVE('',#2456,#3126,#3128,.T.);
#3126 = VERTEX_POINT('',#3127);
#3127 = CARTESIAN_POINT('',(2.18,-0.32,6.3));
#3128 = LINE('',#3129,#3130);
#3129 = CARTESIAN_POINT('',(2.18,-0.32,-3.4));
#3130 = VECTOR('',#3131,1.);
#3131 = DIRECTION('',(0.,0.,1.));
#3132 = ORIENTED_EDGE('',*,*,#3133,.T.);
#3133 = EDGE_CURVE('',#3126,#3134,#3136,.T.);
#3134 = VERTEX_POINT('',#3135);
#3135 = CARTESIAN_POINT('',(2.18,0.32,6.3));
#3136 = LINE('',#3137,#3138);
#3137 = CARTESIAN_POINT('',(2.18,-0.32,6.3));
#3138 = VECTOR('',#3139,1.);
#3139 = DIRECTION('',(1.224646799147E-16,1.,0.));
#3140 = ORIENTED_EDGE('',*,*,#3141,.T.);
#3141 = EDGE_CURVE('',#3134,#2454,#3142,.T.);
#3142 = LINE('',#3143,#3144);
#3143 = CARTESIAN_POINT('',(2.18,0.32,6.5));
#3144 = VECTOR('',#3145,1.);
#3145 = DIRECTION('',(-0.,0.,-1.));
#3146 = PLANE('',#3147);
#3147 = AXIS2_PLACEMENT_3D('',#3148,#3149,#3150);
#3148 = CARTESIAN_POINT('',(2.18,3.918869757272E-17,1.55));
#3149 = DIRECTION('',(-1.,1.224646799147E-16,0.));
#3150 = DIRECTION('',(0.,0.,1.));
#3151 = ADVANCED_FACE('',(#3152),#3170,.F.);
#3152 = FACE_BOUND('',#3153,.F.);
#3153 = EDGE_LOOP('',(#3154,#3162,#3163,#3164));
#3154 = ORIENTED_EDGE('',*,*,#3155,.F.);
#3155 = EDGE_CURVE('',#2472,#3156,#3158,.T.);
#3156 = VERTEX_POINT('',#3157);
#3157 = CARTESIAN_POINT('',(2.82,-0.32,6.3));
#3158 = LINE('',#3159,#3160);
#3159 = CARTESIAN_POINT('',(2.82,-0.32,-3.4));
#3160 = VECTOR('',#3161,1.);
#3161 = DIRECTION('',(0.,0.,1.));
#3162 = ORIENTED_EDGE('',*,*,#2479,.T.);
#3163 = ORIENTED_EDGE('',*,*,#3125,.T.);
#3164 = ORIENTED_EDGE('',*,*,#3165,.F.);
#3165 = EDGE_CURVE('',#3156,#3126,#3166,.T.);
#3166 = LINE('',#3167,#3168);
#3167 = CARTESIAN_POINT('',(2.82,-0.32,6.3));
#3168 = VECTOR('',#3169,1.);
#3169 = DIRECTION('',(-1.,1.224646799147E-16,0.));
#3170 = PLANE('',#3171);
#3171 = AXIS2_PLACEMENT_3D('',#3172,#3173,#3174);
#3172 = CARTESIAN_POINT('',(2.82,-0.32,-3.4));
#3173 = DIRECTION('',(1.224646799147E-16,1.,0.));
#3174 = DIRECTION('',(0.,-0.,1.));
#3175 = ADVANCED_FACE('',(#3176),#3194,.F.);
#3176 = FACE_BOUND('',#3177,.F.);
#3177 = EDGE_LOOP('',(#3178,#3179,#3180,#3188));
#3178 = ORIENTED_EDGE('',*,*,#2471,.T.);
#3179 = ORIENTED_EDGE('',*,*,#3155,.T.);
#3180 = ORIENTED_EDGE('',*,*,#3181,.T.);
#3181 = EDGE_CURVE('',#3156,#3182,#3184,.T.);
#3182 = VERTEX_POINT('',#3183);
#3183 = CARTESIAN_POINT('',(2.82,0.32,6.3));
#3184 = LINE('',#3185,#3186);
#3185 = CARTESIAN_POINT('',(2.82,-0.32,6.3));
#3186 = VECTOR('',#3187,1.);
#3187 = DIRECTION('',(1.224646799147E-16,1.,0.));
#3188 = ORIENTED_EDGE('',*,*,#3189,.T.);
#3189 = EDGE_CURVE('',#3182,#2464,#3190,.T.);
#3190 = LINE('',#3191,#3192);
#3191 = CARTESIAN_POINT('',(2.82,0.32,6.5));
#3192 = VECTOR('',#3193,1.);
#3193 = DIRECTION('',(-0.,0.,-1.));
#3194 = PLANE('',#3195);
#3195 = AXIS2_PLACEMENT_3D('',#3196,#3197,#3198);
#3196 = CARTESIAN_POINT('',(2.82,-3.918869757272E-17,1.55));
#3197 = DIRECTION('',(-1.,1.224646799147E-16,0.));
#3198 = DIRECTION('',(0.,0.,1.));
#3199 = ADVANCED_FACE('',(#3200),#3211,.F.);
#3200 = FACE_BOUND('',#3201,.F.);
#3201 = EDGE_LOOP('',(#3202,#3203,#3209,#3210));
#3202 = ORIENTED_EDGE('',*,*,#3189,.F.);
#3203 = ORIENTED_EDGE('',*,*,#3204,.T.);
#3204 = EDGE_CURVE('',#3182,#3134,#3205,.T.);
#3205 = LINE('',#3206,#3207);
#3206 = CARTESIAN_POINT('',(2.82,0.32,6.3));
#3207 = VECTOR('',#3208,1.);
#3208 = DIRECTION('',(-1.,1.224646799147E-16,0.));
#3209 = ORIENTED_EDGE('',*,*,#3141,.T.);
#3210 = ORIENTED_EDGE('',*,*,#2463,.T.);
#3211 = PLANE('',#3212);
#3212 = AXIS2_PLACEMENT_3D('',#3213,#3214,#3215);
#3213 = CARTESIAN_POINT('',(2.82,0.32,6.5));
#3214 = DIRECTION('',(-1.224646799147E-16,-1.,0.));
#3215 = DIRECTION('',(-0.,0.,-1.));
#3216 = ADVANCED_FACE('',(#3217),#3274,.T.);
#3217 = FACE_BOUND('',#3218,.T.);
#3218 = EDGE_LOOP('',(#3219,#3229,#3237,#3245,#3251,#3252,#3260,#3268));
#3219 = ORIENTED_EDGE('',*,*,#3220,.T.);
#3220 = EDGE_CURVE('',#3221,#3223,#3225,.T.);
#3221 = VERTEX_POINT('',#3222);
#3222 = CARTESIAN_POINT('',(-0.32,0.351578947368,-3.2));
#3223 = VERTEX_POINT('',#3224);
#3224 = CARTESIAN_POINT('',(-0.32,-0.288421052632,-3.2));
#3225 = LINE('',#3226,#3227);
#3226 = CARTESIAN_POINT('',(-0.32,0.32,-3.2));
#3227 = VECTOR('',#3228,1.);
#3228 = DIRECTION('',(-1.224646799147E-16,-1.,0.));
#3229 = ORIENTED_EDGE('',*,*,#3230,.T.);
#3230 = EDGE_CURVE('',#3223,#3231,#3233,.T.);
#3231 = VERTEX_POINT('',#3232);
#3232 = CARTESIAN_POINT('',(-0.32,-2.E-02,-1.5));
#3233 = LINE('',#3234,#3235);
#3234 = CARTESIAN_POINT('',(-0.32,-0.32,-3.4));
#3235 = VECTOR('',#3236,1.);
#3236 = DIRECTION('',(1.909990663905E-17,0.155962573473,0.987762965329)
  );
#3237 = ORIENTED_EDGE('',*,*,#3238,.T.);
#3238 = EDGE_CURVE('',#3231,#3239,#3241,.T.);
#3239 = VERTEX_POINT('',#3240);
#3240 = CARTESIAN_POINT('',(-0.32,-0.32,-0.9));
#3241 = LINE('',#3242,#3243);
#3242 = CARTESIAN_POINT('',(-0.32,-2.E-02,-1.5));
#3243 = VECTOR('',#3244,1.);
#3244 = DIRECTION('',(-5.476786982641E-17,-0.4472135955,0.894427191));
#3245 = ORIENTED_EDGE('',*,*,#3246,.T.);
#3246 = EDGE_CURVE('',#3239,#2803,#3247,.T.);
#3247 = LINE('',#3248,#3249);
#3248 = CARTESIAN_POINT('',(-0.32,-0.32,-0.9));
#3249 = VECTOR('',#3250,1.);
#3250 = DIRECTION('',(0.,0.,1.));
#3251 = ORIENTED_EDGE('',*,*,#2800,.F.);
#3252 = ORIENTED_EDGE('',*,*,#3253,.T.);
#3253 = EDGE_CURVE('',#2801,#3254,#3256,.T.);
#3254 = VERTEX_POINT('',#3255);
#3255 = CARTESIAN_POINT('',(-0.32,0.32,-0.9));
#3256 = LINE('',#3257,#3258);
#3257 = CARTESIAN_POINT('',(-0.32,0.32,6.5));
#3258 = VECTOR('',#3259,1.);
#3259 = DIRECTION('',(-0.,0.,-1.));
#3260 = ORIENTED_EDGE('',*,*,#3261,.T.);
#3261 = EDGE_CURVE('',#3254,#3262,#3264,.T.);
#3262 = VERTEX_POINT('',#3263);
#3263 = CARTESIAN_POINT('',(-0.32,0.62,-1.5));
#3264 = LINE('',#3265,#3266);
#3265 = CARTESIAN_POINT('',(-0.32,0.32,-0.9));
#3266 = VECTOR('',#3267,1.);
#3267 = DIRECTION('',(5.476786982641E-17,0.4472135955,-0.894427191));
#3268 = ORIENTED_EDGE('',*,*,#3269,.T.);
#3269 = EDGE_CURVE('',#3262,#3221,#3270,.T.);
#3270 = LINE('',#3271,#3272);
#3271 = CARTESIAN_POINT('',(-0.32,0.62,-1.5));
#3272 = VECTOR('',#3273,1.);
#3273 = DIRECTION('',(-1.909990663905E-17,-0.155962573473,
    -0.987762965329));
#3274 = PLANE('',#3275);
#3275 = AXIS2_PLACEMENT_3D('',#3276,#3277,#3278);
#3276 = CARTESIAN_POINT('',(-0.32,3.65940088399E-02,1.522832428212));
#3277 = DIRECTION('',(-1.,1.224646799147E-16,0.));
#3278 = DIRECTION('',(0.,0.,1.));
#3279 = ADVANCED_FACE('',(#3280),#3298,.F.);
#3280 = FACE_BOUND('',#3281,.F.);
#3281 = EDGE_LOOP('',(#3282,#3290,#3296,#3297));
#3282 = ORIENTED_EDGE('',*,*,#3283,.F.);
#3283 = EDGE_CURVE('',#3284,#2819,#3286,.T.);
#3284 = VERTEX_POINT('',#3285);
#3285 = CARTESIAN_POINT('',(0.32,-0.32,-0.9));
#3286 = LINE('',#3287,#3288);
#3287 = CARTESIAN_POINT('',(0.32,-0.32,-0.9));
#3288 = VECTOR('',#3289,1.);
#3289 = DIRECTION('',(0.,0.,1.));
#3290 = ORIENTED_EDGE('',*,*,#3291,.T.);
#3291 = EDGE_CURVE('',#3284,#3239,#3292,.T.);
#3292 = LINE('',#3293,#3294);
#3293 = CARTESIAN_POINT('',(0.32,-0.32,-0.9));
#3294 = VECTOR('',#3295,1.);
#3295 = DIRECTION('',(-1.,1.224646799147E-16,0.));
#3296 = ORIENTED_EDGE('',*,*,#3246,.T.);
#3297 = ORIENTED_EDGE('',*,*,#2826,.F.);
#3298 = PLANE('',#3299);
#3299 = AXIS2_PLACEMENT_3D('',#3300,#3301,#3302);
#3300 = CARTESIAN_POINT('',(0.32,-0.32,-0.9));
#3301 = DIRECTION('',(1.224646799147E-16,1.,0.));
#3302 = DIRECTION('',(0.,-0.,1.));
#3303 = ADVANCED_FACE('',(#3304),#3354,.F.);
#3304 = FACE_BOUND('',#3305,.F.);
#3305 = EDGE_LOOP('',(#3306,#3316,#3324,#3330,#3331,#3332,#3340,#3348));
#3306 = ORIENTED_EDGE('',*,*,#3307,.T.);
#3307 = EDGE_CURVE('',#3308,#3310,#3312,.T.);
#3308 = VERTEX_POINT('',#3309);
#3309 = CARTESIAN_POINT('',(0.32,0.351578947368,-3.2));
#3310 = VERTEX_POINT('',#3311);
#3311 = CARTESIAN_POINT('',(0.32,-0.288421052632,-3.2));
#3312 = LINE('',#3313,#3314);
#3313 = CARTESIAN_POINT('',(0.32,0.32,-3.2));
#3314 = VECTOR('',#3315,1.);
#3315 = DIRECTION('',(-1.224646799147E-16,-1.,0.));
#3316 = ORIENTED_EDGE('',*,*,#3317,.T.);
#3317 = EDGE_CURVE('',#3310,#3318,#3320,.T.);
#3318 = VERTEX_POINT('',#3319);
#3319 = CARTESIAN_POINT('',(0.32,-2.E-02,-1.5));
#3320 = LINE('',#3321,#3322);
#3321 = CARTESIAN_POINT('',(0.32,-0.32,-3.4));
#3322 = VECTOR('',#3323,1.);
#3323 = DIRECTION('',(1.909990663905E-17,0.155962573473,0.987762965329)
  );
#3324 = ORIENTED_EDGE('',*,*,#3325,.T.);
#3325 = EDGE_CURVE('',#3318,#3284,#3326,.T.);
#3326 = LINE('',#3327,#3328);
#3327 = CARTESIAN_POINT('',(0.32,-2.E-02,-1.5));
#3328 = VECTOR('',#3329,1.);
#3329 = DIRECTION('',(-5.476786982641E-17,-0.4472135955,0.894427191));
#3330 = ORIENTED_EDGE('',*,*,#3283,.T.);
#3331 = ORIENTED_EDGE('',*,*,#2818,.F.);
#3332 = ORIENTED_EDGE('',*,*,#3333,.T.);
#3333 = EDGE_CURVE('',#2811,#3334,#3336,.T.);
#3334 = VERTEX_POINT('',#3335);
#3335 = CARTESIAN_POINT('',(0.32,0.32,-0.9));
#3336 = LINE('',#3337,#3338);
#3337 = CARTESIAN_POINT('',(0.32,0.32,6.5));
#3338 = VECTOR('',#3339,1.);
#3339 = DIRECTION('',(-0.,0.,-1.));
#3340 = ORIENTED_EDGE('',*,*,#3341,.T.);
#3341 = EDGE_CURVE('',#3334,#3342,#3344,.T.);
#3342 = VERTEX_POINT('',#3343);
#3343 = CARTESIAN_POINT('',(0.32,0.62,-1.5));
#3344 = LINE('',#3345,#3346);
#3345 = CARTESIAN_POINT('',(0.32,0.32,-0.9));
#3346 = VECTOR('',#3347,1.);
#3347 = DIRECTION('',(5.476786982641E-17,0.4472135955,-0.894427191));
#3348 = ORIENTED_EDGE('',*,*,#3349,.T.);
#3349 = EDGE_CURVE('',#3342,#3308,#3350,.T.);
#3350 = LINE('',#3351,#3352);
#3351 = CARTESIAN_POINT('',(0.32,0.62,-1.5));
#3352 = VECTOR('',#3353,1.);
#3353 = DIRECTION('',(-1.909990663905E-17,-0.155962573473,
    -0.987762965329));
#3354 = PLANE('',#3355);
#3355 = AXIS2_PLACEMENT_3D('',#3356,#3357,#3358);
#3356 = CARTESIAN_POINT('',(0.32,3.65940088399E-02,1.522832428212));
#3357 = DIRECTION('',(-1.,1.224646799147E-16,0.));
#3358 = DIRECTION('',(0.,0.,1.));
#3359 = ADVANCED_FACE('',(#3360),#3371,.F.);
#3360 = FACE_BOUND('',#3361,.F.);
#3361 = EDGE_LOOP('',(#3362,#3363,#3364,#3365));
#3362 = ORIENTED_EDGE('',*,*,#3333,.F.);
#3363 = ORIENTED_EDGE('',*,*,#2810,.F.);
#3364 = ORIENTED_EDGE('',*,*,#3253,.T.);
#3365 = ORIENTED_EDGE('',*,*,#3366,.F.);
#3366 = EDGE_CURVE('',#3334,#3254,#3367,.T.);
#3367 = LINE('',#3368,#3369);
#3368 = CARTESIAN_POINT('',(0.32,0.32,-0.9));
#3369 = VECTOR('',#3370,1.);
#3370 = DIRECTION('',(-1.,1.224646799147E-16,0.));
#3371 = PLANE('',#3372);
#3372 = AXIS2_PLACEMENT_3D('',#3373,#3374,#3375);
#3373 = CARTESIAN_POINT('',(0.32,0.32,6.5));
#3374 = DIRECTION('',(-1.224646799147E-16,-1.,0.));
#3375 = DIRECTION('',(-0.,0.,-1.));
#3376 = ADVANCED_FACE('',(#3377),#3402,.T.);
#3377 = FACE_BOUND('',#3378,.T.);
#3378 = EDGE_LOOP('',(#3379,#3389,#3395,#3396));
#3379 = ORIENTED_EDGE('',*,*,#3380,.T.);
#3380 = EDGE_CURVE('',#3381,#3383,#3385,.T.);
#3381 = VERTEX_POINT('',#3382);
#3382 = CARTESIAN_POINT('',(2.18,0.32,-3.2));
#3383 = VERTEX_POINT('',#3384);
#3384 = CARTESIAN_POINT('',(2.18,-0.32,-3.2));
#3385 = LINE('',#3386,#3387);
#3386 = CARTESIAN_POINT('',(2.18,0.32,-3.2));
#3387 = VECTOR('',#3388,1.);
#3388 = DIRECTION('',(-1.224646799147E-16,-1.,0.));
#3389 = ORIENTED_EDGE('',*,*,#3390,.T.);
#3390 = EDGE_CURVE('',#3383,#2849,#3391,.T.);
#3391 = LINE('',#3392,#3393);
#3392 = CARTESIAN_POINT('',(2.18,-0.32,-3.4));
#3393 = VECTOR('',#3394,1.);
#3394 = DIRECTION('',(0.,0.,1.));
#3395 = ORIENTED_EDGE('',*,*,#2846,.F.);
#3396 = ORIENTED_EDGE('',*,*,#3397,.T.);
#3397 = EDGE_CURVE('',#2847,#3381,#3398,.T.);
#3398 = LINE('',#3399,#3400);
#3399 = CARTESIAN_POINT('',(2.18,0.32,6.5));
#3400 = VECTOR('',#3401,1.);
#3401 = DIRECTION('',(-0.,0.,-1.));
#3402 = PLANE('',#3403);
#3403 = AXIS2_PLACEMENT_3D('',#3404,#3405,#3406);
#3404 = CARTESIAN_POINT('',(2.18,3.918869757272E-17,1.55));
#3405 = DIRECTION('',(-1.,1.224646799147E-16,0.));
#3406 = DIRECTION('',(0.,0.,1.));
#3407 = ADVANCED_FACE('',(#3408),#3426,.F.);
#3408 = FACE_BOUND('',#3409,.F.);
#3409 = EDGE_LOOP('',(#3410,#3418,#3424,#3425));
#3410 = ORIENTED_EDGE('',*,*,#3411,.F.);
#3411 = EDGE_CURVE('',#3412,#2865,#3414,.T.);
#3412 = VERTEX_POINT('',#3413);
#3413 = CARTESIAN_POINT('',(2.82,-0.32,-3.2));
#3414 = LINE('',#3415,#3416);
#3415 = CARTESIAN_POINT('',(2.82,-0.32,-3.4));
#3416 = VECTOR('',#3417,1.);
#3417 = DIRECTION('',(0.,0.,1.));
#3418 = ORIENTED_EDGE('',*,*,#3419,.T.);
#3419 = EDGE_CURVE('',#3412,#3383,#3420,.T.);
#3420 = LINE('',#3421,#3422);
#3421 = CARTESIAN_POINT('',(2.82,-0.32,-3.2));
#3422 = VECTOR('',#3423,1.);
#3423 = DIRECTION('',(-1.,1.224646799147E-16,0.));
#3424 = ORIENTED_EDGE('',*,*,#3390,.T.);
#3425 = ORIENTED_EDGE('',*,*,#2872,.F.);
#3426 = PLANE('',#3427);
#3427 = AXIS2_PLACEMENT_3D('',#3428,#3429,#3430);
#3428 = CARTESIAN_POINT('',(2.82,-0.32,-3.4));
#3429 = DIRECTION('',(1.224646799147E-16,1.,0.));
#3430 = DIRECTION('',(0.,-0.,1.));
#3431 = ADVANCED_FACE('',(#3432),#3450,.F.);
#3432 = FACE_BOUND('',#3433,.F.);
#3433 = EDGE_LOOP('',(#3434,#3442,#3443,#3444));
#3434 = ORIENTED_EDGE('',*,*,#3435,.T.);
#3435 = EDGE_CURVE('',#3436,#3412,#3438,.T.);
#3436 = VERTEX_POINT('',#3437);
#3437 = CARTESIAN_POINT('',(2.82,0.32,-3.2));
#3438 = LINE('',#3439,#3440);
#3439 = CARTESIAN_POINT('',(2.82,0.32,-3.2));
#3440 = VECTOR('',#3441,1.);
#3441 = DIRECTION('',(-1.224646799147E-16,-1.,0.));
#3442 = ORIENTED_EDGE('',*,*,#3411,.T.);
#3443 = ORIENTED_EDGE('',*,*,#2864,.F.);
#3444 = ORIENTED_EDGE('',*,*,#3445,.T.);
#3445 = EDGE_CURVE('',#2857,#3436,#3446,.T.);
#3446 = LINE('',#3447,#3448);
#3447 = CARTESIAN_POINT('',(2.82,0.32,6.5));
#3448 = VECTOR('',#3449,1.);
#3449 = DIRECTION('',(-0.,0.,-1.));
#3450 = PLANE('',#3451);
#3451 = AXIS2_PLACEMENT_3D('',#3452,#3453,#3454);
#3452 = CARTESIAN_POINT('',(2.82,-3.918869757272E-17,1.55));
#3453 = DIRECTION('',(-1.,1.224646799147E-16,0.));
#3454 = DIRECTION('',(0.,0.,1.));
#3455 = ADVANCED_FACE('',(#3456),#3467,.F.);
#3456 = FACE_BOUND('',#3457,.F.);
#3457 = EDGE_LOOP('',(#3458,#3459,#3460,#3461));
#3458 = ORIENTED_EDGE('',*,*,#3445,.F.);
#3459 = ORIENTED_EDGE('',*,*,#2856,.F.);
#3460 = ORIENTED_EDGE('',*,*,#3397,.T.);
#3461 = ORIENTED_EDGE('',*,*,#3462,.F.);
#3462 = EDGE_CURVE('',#3436,#3381,#3463,.T.);
#3463 = LINE('',#3464,#3465);
#3464 = CARTESIAN_POINT('',(2.82,0.32,-3.2));
#3465 = VECTOR('',#3466,1.);
#3466 = DIRECTION('',(-1.,1.224646799147E-16,0.));
#3467 = PLANE('',#3468);
#3468 = AXIS2_PLACEMENT_3D('',#3469,#3470,#3471);
#3469 = CARTESIAN_POINT('',(2.82,0.32,6.5));
#3470 = DIRECTION('',(-1.224646799147E-16,-1.,0.));
#3471 = DIRECTION('',(-0.,0.,-1.));
#3472 = ADVANCED_FACE('',(#3473),#3530,.T.);
#3473 = FACE_BOUND('',#3474,.T.);
#3474 = EDGE_LOOP('',(#3475,#3485,#3493,#3501,#3507,#3508,#3516,#3524));
#3475 = ORIENTED_EDGE('',*,*,#3476,.T.);
#3476 = EDGE_CURVE('',#3477,#3479,#3481,.T.);
#3477 = VERTEX_POINT('',#3478);
#3478 = CARTESIAN_POINT('',(4.68,0.351578947368,-3.2));
#3479 = VERTEX_POINT('',#3480);
#3480 = CARTESIAN_POINT('',(4.68,-0.288421052632,-3.2));
#3481 = LINE('',#3482,#3483);
#3482 = CARTESIAN_POINT('',(4.68,0.32,-3.2));
#3483 = VECTOR('',#3484,1.);
#3484 = DIRECTION('',(-1.224646799147E-16,-1.,0.));
#3485 = ORIENTED_EDGE('',*,*,#3486,.T.);
#3486 = EDGE_CURVE('',#3479,#3487,#3489,.T.);
#3487 = VERTEX_POINT('',#3488);
#3488 = CARTESIAN_POINT('',(4.68,-2.E-02,-1.5));
#3489 = LINE('',#3490,#3491);
#3490 = CARTESIAN_POINT('',(4.68,-0.32,-3.4));
#3491 = VECTOR('',#3492,1.);
#3492 = DIRECTION('',(1.909990663905E-17,0.155962573473,0.987762965329)
  );
#3493 = ORIENTED_EDGE('',*,*,#3494,.T.);
#3494 = EDGE_CURVE('',#3487,#3495,#3497,.T.);
#3495 = VERTEX_POINT('',#3496);
#3496 = CARTESIAN_POINT('',(4.68,-0.32,-0.9));
#3497 = LINE('',#3498,#3499);
#3498 = CARTESIAN_POINT('',(4.68,-2.E-02,-1.5));
#3499 = VECTOR('',#3500,1.);
#3500 = DIRECTION('',(-5.476786982641E-17,-0.4472135955,0.894427191));
#3501 = ORIENTED_EDGE('',*,*,#3502,.T.);
#3502 = EDGE_CURVE('',#3495,#2895,#3503,.T.);
#3503 = LINE('',#3504,#3505);
#3504 = CARTESIAN_POINT('',(4.68,-0.32,-0.9));
#3505 = VECTOR('',#3506,1.);
#3506 = DIRECTION('',(0.,0.,1.));
#3507 = ORIENTED_EDGE('',*,*,#2892,.F.);
#3508 = ORIENTED_EDGE('',*,*,#3509,.T.);
#3509 = EDGE_CURVE('',#2893,#3510,#3512,.T.);
#3510 = VERTEX_POINT('',#3511);
#3511 = CARTESIAN_POINT('',(4.68,0.32,-0.9));
#3512 = LINE('',#3513,#3514);
#3513 = CARTESIAN_POINT('',(4.68,0.32,6.5));
#3514 = VECTOR('',#3515,1.);
#3515 = DIRECTION('',(-0.,0.,-1.));
#3516 = ORIENTED_EDGE('',*,*,#3517,.T.);
#3517 = EDGE_CURVE('',#3510,#3518,#3520,.T.);
#3518 = VERTEX_POINT('',#3519);
#3519 = CARTESIAN_POINT('',(4.68,0.62,-1.5));
#3520 = LINE('',#3521,#3522);
#3521 = CARTESIAN_POINT('',(4.68,0.32,-0.9));
#3522 = VECTOR('',#3523,1.);
#3523 = DIRECTION('',(5.476786982641E-17,0.4472135955,-0.894427191));
#3524 = ORIENTED_EDGE('',*,*,#3525,.T.);
#3525 = EDGE_CURVE('',#3518,#3477,#3526,.T.);
#3526 = LINE('',#3527,#3528);
#3527 = CARTESIAN_POINT('',(4.68,0.62,-1.5));
#3528 = VECTOR('',#3529,1.);
#3529 = DIRECTION('',(-1.909990663905E-17,-0.155962573473,
    -0.987762965329));
#3530 = PLANE('',#3531);
#3531 = AXIS2_PLACEMENT_3D('',#3532,#3533,#3534);
#3532 = CARTESIAN_POINT('',(4.68,3.65940088399E-02,1.522832428212));
#3533 = DIRECTION('',(-1.,1.224646799147E-16,0.));
#3534 = DIRECTION('',(0.,0.,1.));
#3535 = ADVANCED_FACE('',(#3536),#3554,.F.);
#3536 = FACE_BOUND('',#3537,.F.);
#3537 = EDGE_LOOP('',(#3538,#3546,#3552,#3553));
#3538 = ORIENTED_EDGE('',*,*,#3539,.F.);
#3539 = EDGE_CURVE('',#3540,#2911,#3542,.T.);
#3540 = VERTEX_POINT('',#3541);
#3541 = CARTESIAN_POINT('',(5.32,-0.32,-0.9));
#3542 = LINE('',#3543,#3544);
#3543 = CARTESIAN_POINT('',(5.32,-0.32,-0.9));
#3544 = VECTOR('',#3545,1.);
#3545 = DIRECTION('',(0.,0.,1.));
#3546 = ORIENTED_EDGE('',*,*,#3547,.T.);
#3547 = EDGE_CURVE('',#3540,#3495,#3548,.T.);
#3548 = LINE('',#3549,#3550);
#3549 = CARTESIAN_POINT('',(5.32,-0.32,-0.9));
#3550 = VECTOR('',#3551,1.);
#3551 = DIRECTION('',(-1.,1.224646799147E-16,0.));
#3552 = ORIENTED_EDGE('',*,*,#3502,.T.);
#3553 = ORIENTED_EDGE('',*,*,#2918,.F.);
#3554 = PLANE('',#3555);
#3555 = AXIS2_PLACEMENT_3D('',#3556,#3557,#3558);
#3556 = CARTESIAN_POINT('',(5.32,-0.32,-0.9));
#3557 = DIRECTION('',(1.224646799147E-16,1.,0.));
#3558 = DIRECTION('',(0.,-0.,1.));
#3559 = ADVANCED_FACE('',(#3560),#3610,.F.);
#3560 = FACE_BOUND('',#3561,.F.);
#3561 = EDGE_LOOP('',(#3562,#3572,#3580,#3586,#3587,#3588,#3596,#3604));
#3562 = ORIENTED_EDGE('',*,*,#3563,.T.);
#3563 = EDGE_CURVE('',#3564,#3566,#3568,.T.);
#3564 = VERTEX_POINT('',#3565);
#3565 = CARTESIAN_POINT('',(5.32,0.351578947368,-3.2));
#3566 = VERTEX_POINT('',#3567);
#3567 = CARTESIAN_POINT('',(5.32,-0.288421052632,-3.2));
#3568 = LINE('',#3569,#3570);
#3569 = CARTESIAN_POINT('',(5.32,0.32,-3.2));
#3570 = VECTOR('',#3571,1.);
#3571 = DIRECTION('',(-1.224646799147E-16,-1.,0.));
#3572 = ORIENTED_EDGE('',*,*,#3573,.T.);
#3573 = EDGE_CURVE('',#3566,#3574,#3576,.T.);
#3574 = VERTEX_POINT('',#3575);
#3575 = CARTESIAN_POINT('',(5.32,-2.E-02,-1.5));
#3576 = LINE('',#3577,#3578);
#3577 = CARTESIAN_POINT('',(5.32,-0.32,-3.4));
#3578 = VECTOR('',#3579,1.);
#3579 = DIRECTION('',(1.909990663905E-17,0.155962573473,0.987762965329)
  );
#3580 = ORIENTED_EDGE('',*,*,#3581,.T.);
#3581 = EDGE_CURVE('',#3574,#3540,#3582,.T.);
#3582 = LINE('',#3583,#3584);
#3583 = CARTESIAN_POINT('',(5.32,-2.E-02,-1.5));
#3584 = VECTOR('',#3585,1.);
#3585 = DIRECTION('',(-5.476786982641E-17,-0.4472135955,0.894427191));
#3586 = ORIENTED_EDGE('',*,*,#3539,.T.);
#3587 = ORIENTED_EDGE('',*,*,#2910,.F.);
#3588 = ORIENTED_EDGE('',*,*,#3589,.T.);
#3589 = EDGE_CURVE('',#2903,#3590,#3592,.T.);
#3590 = VERTEX_POINT('',#3591);
#3591 = CARTESIAN_POINT('',(5.32,0.32,-0.9));
#3592 = LINE('',#3593,#3594);
#3593 = CARTESIAN_POINT('',(5.32,0.32,6.5));
#3594 = VECTOR('',#3595,1.);
#3595 = DIRECTION('',(-0.,0.,-1.));
#3596 = ORIENTED_EDGE('',*,*,#3597,.T.);
#3597 = EDGE_CURVE('',#3590,#3598,#3600,.T.);
#3598 = VERTEX_POINT('',#3599);
#3599 = CARTESIAN_POINT('',(5.32,0.62,-1.5));
#3600 = LINE('',#3601,#3602);
#3601 = CARTESIAN_POINT('',(5.32,0.32,-0.9));
#3602 = VECTOR('',#3603,1.);
#3603 = DIRECTION('',(5.476786982641E-17,0.4472135955,-0.894427191));
#3604 = ORIENTED_EDGE('',*,*,#3605,.T.);
#3605 = EDGE_CURVE('',#3598,#3564,#3606,.T.);
#3606 = LINE('',#3607,#3608);
#3607 = CARTESIAN_POINT('',(5.32,0.62,-1.5));
#3608 = VECTOR('',#3609,1.);
#3609 = DIRECTION('',(-1.909990663905E-17,-0.155962573473,
    -0.987762965329));
#3610 = PLANE('',#3611);
#3611 = AXIS2_PLACEMENT_3D('',#3612,#3613,#3614);
#3612 = CARTESIAN_POINT('',(5.32,3.65940088399E-02,1.522832428212));
#3613 = DIRECTION('',(-1.,1.224646799147E-16,0.));
#3614 = DIRECTION('',(0.,0.,1.));
#3615 = ADVANCED_FACE('',(#3616),#3627,.F.);
#3616 = FACE_BOUND('',#3617,.F.);
#3617 = EDGE_LOOP('',(#3618,#3619,#3620,#3621));
#3618 = ORIENTED_EDGE('',*,*,#3589,.F.);
#3619 = ORIENTED_EDGE('',*,*,#2902,.F.);
#3620 = ORIENTED_EDGE('',*,*,#3509,.T.);
#3621 = ORIENTED_EDGE('',*,*,#3622,.F.);
#3622 = EDGE_CURVE('',#3590,#3510,#3623,.T.);
#3623 = LINE('',#3624,#3625);
#3624 = CARTESIAN_POINT('',(5.32,0.32,-0.9));
#3625 = VECTOR('',#3626,1.);
#3626 = DIRECTION('',(-1.,1.224646799147E-16,0.));
#3627 = PLANE('',#3628);
#3628 = AXIS2_PLACEMENT_3D('',#3629,#3630,#3631);
#3629 = CARTESIAN_POINT('',(5.32,0.32,6.5));
#3630 = DIRECTION('',(-1.224646799147E-16,-1.,0.));
#3631 = DIRECTION('',(-0.,0.,-1.));
#3632 = ADVANCED_FACE('',(#3633),#3658,.F.);
#3633 = FACE_BOUND('',#3634,.T.);
#3634 = EDGE_LOOP('',(#3635,#3643,#3651,#3657));
#3635 = ORIENTED_EDGE('',*,*,#3636,.F.);
#3636 = EDGE_CURVE('',#3637,#2934,#3639,.T.);
#3637 = VERTEX_POINT('',#3638);
#3638 = CARTESIAN_POINT('',(-0.12,-0.12,6.5));
#3639 = LINE('',#3640,#3641);
#3640 = CARTESIAN_POINT('',(-0.146666666667,-0.146666666667,
    6.473333333333));
#3641 = VECTOR('',#3642,1.);
#3642 = DIRECTION('',(-0.57735026919,-0.57735026919,-0.57735026919));
#3643 = ORIENTED_EDGE('',*,*,#3644,.T.);
#3644 = EDGE_CURVE('',#3637,#3645,#3647,.T.);
#3645 = VERTEX_POINT('',#3646);
#3646 = CARTESIAN_POINT('',(-0.12,0.12,6.5));
#3647 = LINE('',#3648,#3649);
#3648 = CARTESIAN_POINT('',(-0.12,-0.32,6.5));
#3649 = VECTOR('',#3650,1.);
#3650 = DIRECTION('',(1.224646799147E-16,1.,0.));
#3651 = ORIENTED_EDGE('',*,*,#3652,.T.);
#3652 = EDGE_CURVE('',#3645,#2942,#3653,.T.);
#3653 = LINE('',#3654,#3655);
#3654 = CARTESIAN_POINT('',(-4.E-02,4.E-02,6.58));
#3655 = VECTOR('',#3656,1.);
#3656 = DIRECTION('',(-0.57735026919,0.57735026919,-0.57735026919));
#3657 = ORIENTED_EDGE('',*,*,#2941,.F.);
#3658 = PLANE('',#3659);
#3659 = AXIS2_PLACEMENT_3D('',#3660,#3661,#3662);
#3660 = CARTESIAN_POINT('',(-0.22,-0.32,6.4));
#3661 = DIRECTION('',(0.707106781187,-8.486018839685E-17,-0.707106781187
    ));
#3662 = DIRECTION('',(-1.212375546256E-16,-1.,-1.227125289196E-18));
#3663 = ADVANCED_FACE('',(#3664),#3682,.T.);
#3664 = FACE_BOUND('',#3665,.F.);
#3665 = EDGE_LOOP('',(#3666,#3674,#3675,#3676));
#3666 = ORIENTED_EDGE('',*,*,#3667,.T.);
#3667 = EDGE_CURVE('',#3668,#2964,#3670,.T.);
#3668 = VERTEX_POINT('',#3669);
#3669 = CARTESIAN_POINT('',(0.12,-0.12,6.5));
#3670 = LINE('',#3671,#3672);
#3671 = CARTESIAN_POINT('',(0.253333333333,-0.253333333333,
    6.366666666667));
#3672 = VECTOR('',#3673,1.);
#3673 = DIRECTION('',(0.57735026919,-0.57735026919,-0.57735026919));
#3674 = ORIENTED_EDGE('',*,*,#2973,.T.);
#3675 = ORIENTED_EDGE('',*,*,#3636,.F.);
#3676 = ORIENTED_EDGE('',*,*,#3677,.F.);
#3677 = EDGE_CURVE('',#3668,#3637,#3678,.T.);
#3678 = LINE('',#3679,#3680);
#3679 = CARTESIAN_POINT('',(0.32,-0.12,6.5));
#3680 = VECTOR('',#3681,1.);
#3681 = DIRECTION('',(-1.,1.224646799147E-16,0.));
#3682 = PLANE('',#3683);
#3683 = AXIS2_PLACEMENT_3D('',#3684,#3685,#3686);
#3684 = CARTESIAN_POINT('',(0.32,-0.22,6.4));
#3685 = DIRECTION('',(-8.833102285013E-17,-0.707106781187,0.707106781187
    ));
#3686 = DIRECTION('',(1.,-1.236918052038E-16,1.227125289097E-18));
#3687 = ADVANCED_FACE('',(#3688),#3706,.T.);
#3688 = FACE_BOUND('',#3689,.F.);
#3689 = EDGE_LOOP('',(#3690,#3691,#3699,#3705));
#3690 = ORIENTED_EDGE('',*,*,#3667,.F.);
#3691 = ORIENTED_EDGE('',*,*,#3692,.T.);
#3692 = EDGE_CURVE('',#3668,#3693,#3695,.T.);
#3693 = VERTEX_POINT('',#3694);
#3694 = CARTESIAN_POINT('',(0.12,0.12,6.5));
#3695 = LINE('',#3696,#3697);
#3696 = CARTESIAN_POINT('',(0.12,-0.32,6.5));
#3697 = VECTOR('',#3698,1.);
#3698 = DIRECTION('',(1.224646799147E-16,1.,0.));
#3699 = ORIENTED_EDGE('',*,*,#3700,.T.);
#3700 = EDGE_CURVE('',#3693,#2990,#3701,.T.);
#3701 = LINE('',#3702,#3703);
#3702 = CARTESIAN_POINT('',(0.146666666667,0.146666666667,6.473333333333
    ));
#3703 = VECTOR('',#3704,1.);
#3704 = DIRECTION('',(0.57735026919,0.57735026919,-0.57735026919));
#3705 = ORIENTED_EDGE('',*,*,#2989,.F.);
#3706 = PLANE('',#3707);
#3707 = AXIS2_PLACEMENT_3D('',#3708,#3709,#3710);
#3708 = CARTESIAN_POINT('',(0.22,-0.32,6.4));
#3709 = DIRECTION('',(0.707106781187,-8.833102285013E-17,0.707106781187)
  );
#3710 = DIRECTION('',(-1.236918052038E-16,-1.,-1.227125289097E-18));
#3711 = ADVANCED_FACE('',(#3712),#3723,.T.);
#3712 = FACE_BOUND('',#3713,.F.);
#3713 = EDGE_LOOP('',(#3714,#3715,#3721,#3722));
#3714 = ORIENTED_EDGE('',*,*,#3700,.F.);
#3715 = ORIENTED_EDGE('',*,*,#3716,.T.);
#3716 = EDGE_CURVE('',#3693,#3645,#3717,.T.);
#3717 = LINE('',#3718,#3719);
#3718 = CARTESIAN_POINT('',(0.32,0.12,6.5));
#3719 = VECTOR('',#3720,1.);
#3720 = DIRECTION('',(-1.,1.224646799147E-16,0.));
#3721 = ORIENTED_EDGE('',*,*,#3652,.T.);
#3722 = ORIENTED_EDGE('',*,*,#3012,.F.);
#3723 = PLANE('',#3724);
#3724 = AXIS2_PLACEMENT_3D('',#3725,#3726,#3727);
#3725 = CARTESIAN_POINT('',(0.32,0.22,6.4));
#3726 = DIRECTION('',(8.833102285013E-17,0.707106781187,0.707106781187)
  );
#3727 = DIRECTION('',(1.,-1.236918052038E-16,-1.227125289097E-18));
#3728 = ADVANCED_FACE('',(#3729),#3754,.F.);
#3729 = FACE_BOUND('',#3730,.T.);
#3730 = EDGE_LOOP('',(#3731,#3739,#3747,#3753));
#3731 = ORIENTED_EDGE('',*,*,#3732,.F.);
#3732 = EDGE_CURVE('',#3733,#3030,#3735,.T.);
#3733 = VERTEX_POINT('',#3734);
#3734 = CARTESIAN_POINT('',(4.88,-0.12,6.5));
#3735 = LINE('',#3736,#3737);
#3736 = CARTESIAN_POINT('',(4.853333333333,-0.146666666667,
    6.473333333333));
#3737 = VECTOR('',#3738,1.);
#3738 = DIRECTION('',(-0.57735026919,-0.57735026919,-0.57735026919));
#3739 = ORIENTED_EDGE('',*,*,#3740,.T.);
#3740 = EDGE_CURVE('',#3733,#3741,#3743,.T.);
#3741 = VERTEX_POINT('',#3742);
#3742 = CARTESIAN_POINT('',(4.88,0.12,6.5));
#3743 = LINE('',#3744,#3745);
#3744 = CARTESIAN_POINT('',(4.88,-0.32,6.5));
#3745 = VECTOR('',#3746,1.);
#3746 = DIRECTION('',(1.224646799147E-16,1.,0.));
#3747 = ORIENTED_EDGE('',*,*,#3748,.T.);
#3748 = EDGE_CURVE('',#3741,#3038,#3749,.T.);
#3749 = LINE('',#3750,#3751);
#3750 = CARTESIAN_POINT('',(4.96,4.E-02,6.58));
#3751 = VECTOR('',#3752,1.);
#3752 = DIRECTION('',(-0.57735026919,0.57735026919,-0.57735026919));
#3753 = ORIENTED_EDGE('',*,*,#3037,.F.);
#3754 = PLANE('',#3755);
#3755 = AXIS2_PLACEMENT_3D('',#3756,#3757,#3758);
#3756 = CARTESIAN_POINT('',(4.78,-0.32,6.4));
#3757 = DIRECTION('',(0.707106781187,-8.486018839685E-17,-0.707106781187
    ));
#3758 = DIRECTION('',(-1.212375546256E-16,-1.,-1.227125289196E-18));
#3759 = ADVANCED_FACE('',(#3760),#3778,.T.);
#3760 = FACE_BOUND('',#3761,.F.);
#3761 = EDGE_LOOP('',(#3762,#3770,#3771,#3772));
#3762 = ORIENTED_EDGE('',*,*,#3763,.T.);
#3763 = EDGE_CURVE('',#3764,#3060,#3766,.T.);
#3764 = VERTEX_POINT('',#3765);
#3765 = CARTESIAN_POINT('',(5.12,-0.12,6.5));
#3766 = LINE('',#3767,#3768);
#3767 = CARTESIAN_POINT('',(5.253333333333,-0.253333333333,
    6.366666666667));
#3768 = VECTOR('',#3769,1.);
#3769 = DIRECTION('',(0.57735026919,-0.57735026919,-0.57735026919));
#3770 = ORIENTED_EDGE('',*,*,#3069,.T.);
#3771 = ORIENTED_EDGE('',*,*,#3732,.F.);
#3772 = ORIENTED_EDGE('',*,*,#3773,.F.);
#3773 = EDGE_CURVE('',#3764,#3733,#3774,.T.);
#3774 = LINE('',#3775,#3776);
#3775 = CARTESIAN_POINT('',(5.32,-0.12,6.5));
#3776 = VECTOR('',#3777,1.);
#3777 = DIRECTION('',(-1.,1.224646799147E-16,0.));
#3778 = PLANE('',#3779);
#3779 = AXIS2_PLACEMENT_3D('',#3780,#3781,#3782);
#3780 = CARTESIAN_POINT('',(5.32,-0.22,6.4));
#3781 = DIRECTION('',(-8.833102285013E-17,-0.707106781187,0.707106781187
    ));
#3782 = DIRECTION('',(1.,-1.236918052038E-16,1.227125289097E-18));
#3783 = ADVANCED_FACE('',(#3784),#3802,.T.);
#3784 = FACE_BOUND('',#3785,.F.);
#3785 = EDGE_LOOP('',(#3786,#3787,#3795,#3801));
#3786 = ORIENTED_EDGE('',*,*,#3763,.F.);
#3787 = ORIENTED_EDGE('',*,*,#3788,.T.);
#3788 = EDGE_CURVE('',#3764,#3789,#3791,.T.);
#3789 = VERTEX_POINT('',#3790);
#3790 = CARTESIAN_POINT('',(5.12,0.12,6.5));
#3791 = LINE('',#3792,#3793);
#3792 = CARTESIAN_POINT('',(5.12,-0.32,6.5));
#3793 = VECTOR('',#3794,1.);
#3794 = DIRECTION('',(1.224646799147E-16,1.,0.));
#3795 = ORIENTED_EDGE('',*,*,#3796,.T.);
#3796 = EDGE_CURVE('',#3789,#3086,#3797,.T.);
#3797 = LINE('',#3798,#3799);
#3798 = CARTESIAN_POINT('',(5.146666666667,0.146666666667,6.473333333333
    ));
#3799 = VECTOR('',#3800,1.);
#3800 = DIRECTION('',(0.57735026919,0.57735026919,-0.57735026919));
#3801 = ORIENTED_EDGE('',*,*,#3085,.F.);
#3802 = PLANE('',#3803);
#3803 = AXIS2_PLACEMENT_3D('',#3804,#3805,#3806);
#3804 = CARTESIAN_POINT('',(5.22,-0.32,6.4));
#3805 = DIRECTION('',(0.707106781187,-8.833102285013E-17,0.707106781187)
  );
#3806 = DIRECTION('',(-1.236918052038E-16,-1.,-1.227125289097E-18));
#3807 = ADVANCED_FACE('',(#3808),#3819,.T.);
#3808 = FACE_BOUND('',#3809,.F.);
#3809 = EDGE_LOOP('',(#3810,#3811,#3817,#3818));
#3810 = ORIENTED_EDGE('',*,*,#3796,.F.);
#3811 = ORIENTED_EDGE('',*,*,#3812,.T.);
#3812 = EDGE_CURVE('',#3789,#3741,#3813,.T.);
#3813 = LINE('',#3814,#3815);
#3814 = CARTESIAN_POINT('',(5.32,0.12,6.5));
#3815 = VECTOR('',#3816,1.);
#3816 = DIRECTION('',(-1.,1.224646799147E-16,0.));
#3817 = ORIENTED_EDGE('',*,*,#3748,.T.);
#3818 = ORIENTED_EDGE('',*,*,#3108,.F.);
#3819 = PLANE('',#3820);
#3820 = AXIS2_PLACEMENT_3D('',#3821,#3822,#3823);
#3821 = CARTESIAN_POINT('',(5.32,0.22,6.4));
#3822 = DIRECTION('',(8.833102285013E-17,0.707106781187,0.707106781187)
  );
#3823 = DIRECTION('',(1.,-1.236918052038E-16,-1.227125289097E-18));
#3824 = ADVANCED_FACE('',(#3825),#3850,.F.);
#3825 = FACE_BOUND('',#3826,.T.);
#3826 = EDGE_LOOP('',(#3827,#3835,#3843,#3849));
#3827 = ORIENTED_EDGE('',*,*,#3828,.F.);
#3828 = EDGE_CURVE('',#3829,#3126,#3831,.T.);
#3829 = VERTEX_POINT('',#3830);
#3830 = CARTESIAN_POINT('',(2.38,-0.12,6.5));
#3831 = LINE('',#3832,#3833);
#3832 = CARTESIAN_POINT('',(2.353333333333,-0.146666666667,
    6.473333333333));
#3833 = VECTOR('',#3834,1.);
#3834 = DIRECTION('',(-0.57735026919,-0.57735026919,-0.57735026919));
#3835 = ORIENTED_EDGE('',*,*,#3836,.T.);
#3836 = EDGE_CURVE('',#3829,#3837,#3839,.T.);
#3837 = VERTEX_POINT('',#3838);
#3838 = CARTESIAN_POINT('',(2.38,0.12,6.5));
#3839 = LINE('',#3840,#3841);
#3840 = CARTESIAN_POINT('',(2.38,-0.32,6.5));
#3841 = VECTOR('',#3842,1.);
#3842 = DIRECTION('',(1.224646799147E-16,1.,0.));
#3843 = ORIENTED_EDGE('',*,*,#3844,.T.);
#3844 = EDGE_CURVE('',#3837,#3134,#3845,.T.);
#3845 = LINE('',#3846,#3847);
#3846 = CARTESIAN_POINT('',(2.46,4.E-02,6.58));
#3847 = VECTOR('',#3848,1.);
#3848 = DIRECTION('',(-0.57735026919,0.57735026919,-0.57735026919));
#3849 = ORIENTED_EDGE('',*,*,#3133,.F.);
#3850 = PLANE('',#3851);
#3851 = AXIS2_PLACEMENT_3D('',#3852,#3853,#3854);
#3852 = CARTESIAN_POINT('',(2.28,-0.32,6.4));
#3853 = DIRECTION('',(0.707106781187,-8.486018839685E-17,-0.707106781187
    ));
#3854 = DIRECTION('',(-1.212375546256E-16,-1.,-1.227125289196E-18));
#3855 = ADVANCED_FACE('',(#3856),#3874,.T.);
#3856 = FACE_BOUND('',#3857,.F.);
#3857 = EDGE_LOOP('',(#3858,#3866,#3867,#3868));
#3858 = ORIENTED_EDGE('',*,*,#3859,.F.);
#3859 = EDGE_CURVE('',#3156,#3860,#3862,.T.);
#3860 = VERTEX_POINT('',#3861);
#3861 = CARTESIAN_POINT('',(2.62,-0.12,6.5));
#3862 = LINE('',#3863,#3864);
#3863 = CARTESIAN_POINT('',(2.753333333333,-0.253333333333,
    6.366666666667));
#3864 = VECTOR('',#3865,1.);
#3865 = DIRECTION('',(-0.57735026919,0.57735026919,0.57735026919));
#3866 = ORIENTED_EDGE('',*,*,#3165,.T.);
#3867 = ORIENTED_EDGE('',*,*,#3828,.F.);
#3868 = ORIENTED_EDGE('',*,*,#3869,.F.);
#3869 = EDGE_CURVE('',#3860,#3829,#3870,.T.);
#3870 = LINE('',#3871,#3872);
#3871 = CARTESIAN_POINT('',(2.82,-0.12,6.5));
#3872 = VECTOR('',#3873,1.);
#3873 = DIRECTION('',(-1.,1.224646799147E-16,0.));
#3874 = PLANE('',#3875);
#3875 = AXIS2_PLACEMENT_3D('',#3876,#3877,#3878);
#3876 = CARTESIAN_POINT('',(2.82,-0.22,6.4));
#3877 = DIRECTION('',(-8.833102285013E-17,-0.707106781187,0.707106781187
    ));
#3878 = DIRECTION('',(1.,-1.236918052038E-16,1.227125289097E-18));
#3879 = ADVANCED_FACE('',(#3880),#3898,.T.);
#3880 = FACE_BOUND('',#3881,.F.);
#3881 = EDGE_LOOP('',(#3882,#3883,#3891,#3897));
#3882 = ORIENTED_EDGE('',*,*,#3859,.T.);
#3883 = ORIENTED_EDGE('',*,*,#3884,.T.);
#3884 = EDGE_CURVE('',#3860,#3885,#3887,.T.);
#3885 = VERTEX_POINT('',#3886);
#3886 = CARTESIAN_POINT('',(2.62,0.12,6.5));
#3887 = LINE('',#3888,#3889);
#3888 = CARTESIAN_POINT('',(2.62,-0.32,6.5));
#3889 = VECTOR('',#3890,1.);
#3890 = DIRECTION('',(1.224646799147E-16,1.,0.));
#3891 = ORIENTED_EDGE('',*,*,#3892,.T.);
#3892 = EDGE_CURVE('',#3885,#3182,#3893,.T.);
#3893 = LINE('',#3894,#3895);
#3894 = CARTESIAN_POINT('',(2.646666666667,0.146666666667,6.473333333333
    ));
#3895 = VECTOR('',#3896,1.);
#3896 = DIRECTION('',(0.57735026919,0.57735026919,-0.57735026919));
#3897 = ORIENTED_EDGE('',*,*,#3181,.F.);
#3898 = PLANE('',#3899);
#3899 = AXIS2_PLACEMENT_3D('',#3900,#3901,#3902);
#3900 = CARTESIAN_POINT('',(2.72,-0.32,6.4));
#3901 = DIRECTION('',(0.707106781187,-8.833102285013E-17,0.707106781187)
  );
#3902 = DIRECTION('',(-1.236918052038E-16,-1.,-1.227125289097E-18));
#3903 = ADVANCED_FACE('',(#3904),#3915,.T.);
#3904 = FACE_BOUND('',#3905,.F.);
#3905 = EDGE_LOOP('',(#3906,#3907,#3913,#3914));
#3906 = ORIENTED_EDGE('',*,*,#3892,.F.);
#3907 = ORIENTED_EDGE('',*,*,#3908,.T.);
#3908 = EDGE_CURVE('',#3885,#3837,#3909,.T.);
#3909 = LINE('',#3910,#3911);
#3910 = CARTESIAN_POINT('',(2.82,0.12,6.5));
#3911 = VECTOR('',#3912,1.);
#3912 = DIRECTION('',(-1.,1.224646799147E-16,0.));
#3913 = ORIENTED_EDGE('',*,*,#3844,.T.);
#3914 = ORIENTED_EDGE('',*,*,#3204,.F.);
#3915 = PLANE('',#3916);
#3916 = AXIS2_PLACEMENT_3D('',#3917,#3918,#3919);
#3917 = CARTESIAN_POINT('',(2.82,0.22,6.4));
#3918 = DIRECTION('',(8.833102285013E-17,0.707106781187,0.707106781187)
  );
#3919 = DIRECTION('',(1.,-1.236918052038E-16,-1.227125289097E-18));
#3920 = ADVANCED_FACE('',(#3921),#3962,.F.);
#3921 = FACE_BOUND('',#3922,.T.);
#3922 = EDGE_LOOP('',(#3923,#3933,#3941,#3949,#3955,#3956));
#3923 = ORIENTED_EDGE('',*,*,#3924,.F.);
#3924 = EDGE_CURVE('',#3925,#3927,#3929,.T.);
#3925 = VERTEX_POINT('',#3926);
#3926 = CARTESIAN_POINT('',(-0.12,0.12,-3.4));
#3927 = VERTEX_POINT('',#3928);
#3928 = CARTESIAN_POINT('',(-0.317552593066,0.351192514695,
    -3.202447406934));
#3929 = LINE('',#3930,#3931);
#3930 = CARTESIAN_POINT('',(-0.153849098111,0.159613036666,
    -3.366150901889));
#3931 = VECTOR('',#3932,1.);
#3932 = DIRECTION('',(-0.544770019249,0.63753529491,0.544770019249));
#3933 = ORIENTED_EDGE('',*,*,#3934,.T.);
#3934 = EDGE_CURVE('',#3925,#3935,#3937,.T.);
#3935 = VERTEX_POINT('',#3936);
#3936 = CARTESIAN_POINT('',(-0.12,-0.12,-3.4));
#3937 = LINE('',#3938,#3939);
#3938 = CARTESIAN_POINT('',(-0.12,0.32,-3.4));
#3939 = VECTOR('',#3940,1.);
#3940 = DIRECTION('',(-1.224646799147E-16,-1.,0.));
#3941 = ORIENTED_EDGE('',*,*,#3942,.T.);
#3942 = EDGE_CURVE('',#3935,#3943,#3945,.T.);
#3943 = VERTEX_POINT('',#3944);
#3944 = CARTESIAN_POINT('',(-0.317552593066,-0.288807485305,
    -3.202447406934));
#3945 = LINE('',#3946,#3947);
#3946 = CARTESIAN_POINT('',(-3.848855660758E-02,-5.034896900541E-02,
    -3.481511443392));
#3947 = VECTOR('',#3948,1.);
#3948 = DIRECTION('',(-0.605209817607,-0.517148096144,0.605209817607));
#3949 = ORIENTED_EDGE('',*,*,#3950,.T.);
#3950 = EDGE_CURVE('',#3943,#3223,#3951,.T.);
#3951 = LINE('',#3952,#3953);
#3952 = CARTESIAN_POINT('',(-8.569083447332E-02,-0.325417236662,
    -3.434309165527));
#3953 = VECTOR('',#3954,1.);
#3954 = DIRECTION('',(-0.702740385383,0.110959008218,0.702740385383));
#3955 = ORIENTED_EDGE('',*,*,#3220,.F.);
#3956 = ORIENTED_EDGE('',*,*,#3957,.F.);
#3957 = EDGE_CURVE('',#3927,#3221,#3958,.T.);
#3958 = LINE('',#3959,#3960);
#3959 = CARTESIAN_POINT('',(-0.541586867305,0.386566347469,
    -2.978413132695));
#3960 = VECTOR('',#3961,1.);
#3961 = DIRECTION('',(-0.702740385383,0.110959008218,0.702740385383));
#3962 = PLANE('',#3963);
#3963 = AXIS2_PLACEMENT_3D('',#3964,#3965,#3966);
#3964 = CARTESIAN_POINT('',(-0.22,0.32,-3.3));
#3965 = DIRECTION('',(0.707106781187,-8.833102285013E-17,0.707106781187)
  );
#3966 = DIRECTION('',(1.236918052038E-16,1.,1.227125289097E-18));
#3967 = ADVANCED_FACE('',(#3968),#3993,.F.);
#3968 = FACE_BOUND('',#3969,.F.);
#3969 = EDGE_LOOP('',(#3970,#3971,#3977,#3978,#3979,#3987));
#3970 = ORIENTED_EDGE('',*,*,#3349,.F.);
#3971 = ORIENTED_EDGE('',*,*,#3972,.T.);
#3972 = EDGE_CURVE('',#3342,#3262,#3973,.T.);
#3973 = LINE('',#3974,#3975);
#3974 = CARTESIAN_POINT('',(0.32,0.62,-1.5));
#3975 = VECTOR('',#3976,1.);
#3976 = DIRECTION('',(-1.,1.224646799147E-16,0.));
#3977 = ORIENTED_EDGE('',*,*,#3269,.T.);
#3978 = ORIENTED_EDGE('',*,*,#3957,.F.);
#3979 = ORIENTED_EDGE('',*,*,#3980,.F.);
#3980 = EDGE_CURVE('',#3981,#3927,#3983,.T.);
#3981 = VERTEX_POINT('',#3982);
#3982 = CARTESIAN_POINT('',(0.317552593066,0.351192514695,
    -3.202447406934));
#3983 = LINE('',#3984,#3985);
#3984 = CARTESIAN_POINT('',(0.32,0.351192514695,-3.202447406934));
#3985 = VECTOR('',#3986,1.);
#3986 = DIRECTION('',(-1.,1.224646799147E-16,0.));
#3987 = ORIENTED_EDGE('',*,*,#3988,.T.);
#3988 = EDGE_CURVE('',#3981,#3308,#3989,.T.);
#3989 = LINE('',#3990,#3991);
#3990 = CARTESIAN_POINT('',(0.699616963064,0.411518467852,
    -2.820383036936));
#3991 = VECTOR('',#3992,1.);
#3992 = DIRECTION('',(0.702740385383,0.110959008218,0.702740385383));
#3993 = PLANE('',#3994);
#3994 = AXIS2_PLACEMENT_3D('',#3995,#3996,#3997);
#3995 = CARTESIAN_POINT('',(0.32,0.62,-1.5));
#3996 = DIRECTION('',(-1.209660753807E-16,-0.987762965329,0.155962573473
    ));
#3997 = DIRECTION('',(-1.909990663905E-17,-0.155962573473,
    -0.987762965329));
#3998 = ADVANCED_FACE('',(#3999),#4005,.F.);
#3999 = FACE_BOUND('',#4000,.F.);
#4000 = EDGE_LOOP('',(#4001,#4002,#4003,#4004));
#4001 = ORIENTED_EDGE('',*,*,#3366,.T.);
#4002 = ORIENTED_EDGE('',*,*,#3261,.T.);
#4003 = ORIENTED_EDGE('',*,*,#3972,.F.);
#4004 = ORIENTED_EDGE('',*,*,#3341,.F.);
#4005 = PLANE('',#4006);
#4006 = AXIS2_PLACEMENT_3D('',#4007,#4008,#4009);
#4007 = CARTESIAN_POINT('',(0.32,0.32,-0.9));
#4008 = DIRECTION('',(-1.095357396528E-16,-0.894427191,-0.4472135955));
#4009 = DIRECTION('',(5.476786982641E-17,0.4472135955,-0.894427191));
#4010 = ADVANCED_FACE('',(#4011),#4022,.F.);
#4011 = FACE_BOUND('',#4012,.F.);
#4012 = EDGE_LOOP('',(#4013,#4019,#4020,#4021));
#4013 = ORIENTED_EDGE('',*,*,#4014,.T.);
#4014 = EDGE_CURVE('',#3318,#3231,#4015,.T.);
#4015 = LINE('',#4016,#4017);
#4016 = CARTESIAN_POINT('',(0.32,-2.E-02,-1.5));
#4017 = VECTOR('',#4018,1.);
#4018 = DIRECTION('',(-1.,1.224646799147E-16,0.));
#4019 = ORIENTED_EDGE('',*,*,#3238,.T.);
#4020 = ORIENTED_EDGE('',*,*,#3291,.F.);
#4021 = ORIENTED_EDGE('',*,*,#3325,.F.);
#4022 = PLANE('',#4023);
#4023 = AXIS2_PLACEMENT_3D('',#4024,#4025,#4026);
#4024 = CARTESIAN_POINT('',(0.32,-2.E-02,-1.5));
#4025 = DIRECTION('',(1.095357396528E-16,0.894427191,0.4472135955));
#4026 = DIRECTION('',(-5.476786982641E-17,-0.4472135955,0.894427191));
#4027 = ADVANCED_FACE('',(#4028),#4048,.F.);
#4028 = FACE_BOUND('',#4029,.F.);
#4029 = EDGE_LOOP('',(#4030,#4031,#4039,#4045,#4046,#4047));
#4030 = ORIENTED_EDGE('',*,*,#3317,.F.);
#4031 = ORIENTED_EDGE('',*,*,#4032,.F.);
#4032 = EDGE_CURVE('',#4033,#3310,#4035,.T.);
#4033 = VERTEX_POINT('',#4034);
#4034 = CARTESIAN_POINT('',(0.317552593066,-0.288807485305,
    -3.202447406934));
#4035 = LINE('',#4036,#4037);
#4036 = CARTESIAN_POINT('',(0.243720930233,-0.300465116279,
    -3.276279069767));
#4037 = VECTOR('',#4038,1.);
#4038 = DIRECTION('',(0.702740385383,0.110959008218,0.702740385383));
#4039 = ORIENTED_EDGE('',*,*,#4040,.T.);
#4040 = EDGE_CURVE('',#4033,#3943,#4041,.T.);
#4041 = LINE('',#4042,#4043);
#4042 = CARTESIAN_POINT('',(0.32,-0.288807485305,-3.202447406934));
#4043 = VECTOR('',#4044,1.);
#4044 = DIRECTION('',(-1.,1.224646799147E-16,0.));
#4045 = ORIENTED_EDGE('',*,*,#3950,.T.);
#4046 = ORIENTED_EDGE('',*,*,#3230,.T.);
#4047 = ORIENTED_EDGE('',*,*,#4014,.F.);
#4048 = PLANE('',#4049);
#4049 = AXIS2_PLACEMENT_3D('',#4050,#4051,#4052);
#4050 = CARTESIAN_POINT('',(0.32,-0.32,-3.4));
#4051 = DIRECTION('',(1.209660753807E-16,0.987762965329,-0.155962573473)
  );
#4052 = DIRECTION('',(1.909990663905E-17,0.155962573473,0.987762965329)
  );
#4053 = ADVANCED_FACE('',(#4054),#4081,.T.);
#4054 = FACE_BOUND('',#4055,.F.);
#4055 = EDGE_LOOP('',(#4056,#4064,#4072,#4078,#4079,#4080));
#4056 = ORIENTED_EDGE('',*,*,#4057,.F.);
#4057 = EDGE_CURVE('',#4058,#3981,#4060,.T.);
#4058 = VERTEX_POINT('',#4059);
#4059 = CARTESIAN_POINT('',(0.12,0.12,-3.4));
#4060 = LINE('',#4061,#4062);
#4061 = CARTESIAN_POINT('',(0.24881689775,0.270752273427,-3.27118310225)
  );
#4062 = VECTOR('',#4063,1.);
#4063 = DIRECTION('',(0.544770019249,0.63753529491,0.544770019249));
#4064 = ORIENTED_EDGE('',*,*,#4065,.T.);
#4065 = EDGE_CURVE('',#4058,#4066,#4068,.T.);
#4066 = VERTEX_POINT('',#4067);
#4067 = CARTESIAN_POINT('',(0.12,-0.12,-3.4));
#4068 = LINE('',#4069,#4070);
#4069 = CARTESIAN_POINT('',(0.12,0.32,-3.4));
#4070 = VECTOR('',#4071,1.);
#4071 = DIRECTION('',(-1.224646799147E-16,-1.,0.));
#4072 = ORIENTED_EDGE('',*,*,#4073,.T.);
#4073 = EDGE_CURVE('',#4066,#4033,#4074,.T.);
#4074 = LINE('',#4075,#4076);
#4075 = CARTESIAN_POINT('',(0.155697812072,-0.150503562587,
    -3.364302187928));
#4076 = VECTOR('',#4077,1.);
#4077 = DIRECTION('',(0.605209817607,-0.517148096144,0.605209817607));
#4078 = ORIENTED_EDGE('',*,*,#4032,.T.);
#4079 = ORIENTED_EDGE('',*,*,#3307,.F.);
#4080 = ORIENTED_EDGE('',*,*,#3988,.F.);
#4081 = PLANE('',#4082);
#4082 = AXIS2_PLACEMENT_3D('',#4083,#4084,#4085);
#4083 = CARTESIAN_POINT('',(0.22,0.32,-3.3));
#4084 = DIRECTION('',(0.707106781187,-8.486018839685E-17,-0.707106781187
    ));
#4085 = DIRECTION('',(1.212375546256E-16,1.,1.227125289196E-18));
#4086 = ADVANCED_FACE('',(#4087),#4112,.F.);
#4087 = FACE_BOUND('',#4088,.T.);
#4088 = EDGE_LOOP('',(#4089,#4097,#4105,#4111));
#4089 = ORIENTED_EDGE('',*,*,#4090,.F.);
#4090 = EDGE_CURVE('',#4091,#3381,#4093,.T.);
#4091 = VERTEX_POINT('',#4092);
#4092 = CARTESIAN_POINT('',(2.38,0.12,-3.4));
#4093 = LINE('',#4094,#4095);
#4094 = CARTESIAN_POINT('',(2.353333333333,0.146666666667,
    -3.373333333333));
#4095 = VECTOR('',#4096,1.);
#4096 = DIRECTION('',(-0.57735026919,0.57735026919,0.57735026919));
#4097 = ORIENTED_EDGE('',*,*,#4098,.T.);
#4098 = EDGE_CURVE('',#4091,#4099,#4101,.T.);
#4099 = VERTEX_POINT('',#4100);
#4100 = CARTESIAN_POINT('',(2.38,-0.12,-3.4));
#4101 = LINE('',#4102,#4103);
#4102 = CARTESIAN_POINT('',(2.38,0.32,-3.4));
#4103 = VECTOR('',#4104,1.);
#4104 = DIRECTION('',(-1.224646799147E-16,-1.,0.));
#4105 = ORIENTED_EDGE('',*,*,#4106,.T.);
#4106 = EDGE_CURVE('',#4099,#3383,#4107,.T.);
#4107 = LINE('',#4108,#4109);
#4108 = CARTESIAN_POINT('',(2.46,-4.E-02,-3.48));
#4109 = VECTOR('',#4110,1.);
#4110 = DIRECTION('',(-0.57735026919,-0.57735026919,0.57735026919));
#4111 = ORIENTED_EDGE('',*,*,#3380,.F.);
#4112 = PLANE('',#4113);
#4113 = AXIS2_PLACEMENT_3D('',#4114,#4115,#4116);
#4114 = CARTESIAN_POINT('',(2.28,0.32,-3.3));
#4115 = DIRECTION('',(0.707106781187,-8.833102285013E-17,0.707106781187)
  );
#4116 = DIRECTION('',(1.236918052038E-16,1.,1.227125289097E-18));
#4117 = ADVANCED_FACE('',(#4118),#4136,.T.);
#4118 = FACE_BOUND('',#4119,.F.);
#4119 = EDGE_LOOP('',(#4120,#4128,#4134,#4135));
#4120 = ORIENTED_EDGE('',*,*,#4121,.F.);
#4121 = EDGE_CURVE('',#4122,#3412,#4124,.T.);
#4122 = VERTEX_POINT('',#4123);
#4123 = CARTESIAN_POINT('',(2.62,-0.12,-3.4));
#4124 = LINE('',#4125,#4126);
#4125 = CARTESIAN_POINT('',(2.646666666667,-0.146666666667,
    -3.373333333333));
#4126 = VECTOR('',#4127,1.);
#4127 = DIRECTION('',(0.57735026919,-0.57735026919,0.57735026919));
#4128 = ORIENTED_EDGE('',*,*,#4129,.T.);
#4129 = EDGE_CURVE('',#4122,#4099,#4130,.T.);
#4130 = LINE('',#4131,#4132);
#4131 = CARTESIAN_POINT('',(2.82,-0.12,-3.4));
#4132 = VECTOR('',#4133,1.);
#4133 = DIRECTION('',(-1.,1.224646799147E-16,0.));
#4134 = ORIENTED_EDGE('',*,*,#4106,.T.);
#4135 = ORIENTED_EDGE('',*,*,#3419,.F.);
#4136 = PLANE('',#4137);
#4137 = AXIS2_PLACEMENT_3D('',#4138,#4139,#4140);
#4138 = CARTESIAN_POINT('',(2.82,-0.22,-3.3));
#4139 = DIRECTION('',(-8.486018839685E-17,-0.707106781187,
    -0.707106781187));
#4140 = DIRECTION('',(1.,-1.212375546256E-16,1.227125289196E-18));
#4141 = ADVANCED_FACE('',(#4142),#4160,.T.);
#4142 = FACE_BOUND('',#4143,.F.);
#4143 = EDGE_LOOP('',(#4144,#4152,#4158,#4159));
#4144 = ORIENTED_EDGE('',*,*,#4145,.F.);
#4145 = EDGE_CURVE('',#4146,#3436,#4148,.T.);
#4146 = VERTEX_POINT('',#4147);
#4147 = CARTESIAN_POINT('',(2.62,0.12,-3.4));
#4148 = LINE('',#4149,#4150);
#4149 = CARTESIAN_POINT('',(2.753333333333,0.253333333333,
    -3.266666666667));
#4150 = VECTOR('',#4151,1.);
#4151 = DIRECTION('',(0.57735026919,0.57735026919,0.57735026919));
#4152 = ORIENTED_EDGE('',*,*,#4153,.T.);
#4153 = EDGE_CURVE('',#4146,#4122,#4154,.T.);
#4154 = LINE('',#4155,#4156);
#4155 = CARTESIAN_POINT('',(2.62,0.32,-3.4));
#4156 = VECTOR('',#4157,1.);
#4157 = DIRECTION('',(-1.224646799147E-16,-1.,0.));
#4158 = ORIENTED_EDGE('',*,*,#4121,.T.);
#4159 = ORIENTED_EDGE('',*,*,#3435,.F.);
#4160 = PLANE('',#4161);
#4161 = AXIS2_PLACEMENT_3D('',#4162,#4163,#4164);
#4162 = CARTESIAN_POINT('',(2.72,0.32,-3.3));
#4163 = DIRECTION('',(0.707106781187,-8.486018839685E-17,-0.707106781187
    ));
#4164 = DIRECTION('',(1.212375546256E-16,1.,1.227125289196E-18));
#4165 = ADVANCED_FACE('',(#4166),#4177,.T.);
#4166 = FACE_BOUND('',#4167,.T.);
#4167 = EDGE_LOOP('',(#4168,#4169,#4175,#4176));
#4168 = ORIENTED_EDGE('',*,*,#4145,.F.);
#4169 = ORIENTED_EDGE('',*,*,#4170,.T.);
#4170 = EDGE_CURVE('',#4146,#4091,#4171,.T.);
#4171 = LINE('',#4172,#4173);
#4172 = CARTESIAN_POINT('',(2.82,0.12,-3.4));
#4173 = VECTOR('',#4174,1.);
#4174 = DIRECTION('',(-1.,1.224646799147E-16,0.));
#4175 = ORIENTED_EDGE('',*,*,#4090,.T.);
#4176 = ORIENTED_EDGE('',*,*,#3462,.F.);
#4177 = PLANE('',#4178);
#4178 = AXIS2_PLACEMENT_3D('',#4179,#4180,#4181);
#4179 = CARTESIAN_POINT('',(2.82,0.22,-3.3));
#4180 = DIRECTION('',(8.486018839685E-17,0.707106781187,-0.707106781187)
  );
#4181 = DIRECTION('',(-1.,1.212375546256E-16,1.227125289196E-18));
#4182 = ADVANCED_FACE('',(#4183),#4224,.F.);
#4183 = FACE_BOUND('',#4184,.T.);
#4184 = EDGE_LOOP('',(#4185,#4195,#4203,#4211,#4217,#4218));
#4185 = ORIENTED_EDGE('',*,*,#4186,.F.);
#4186 = EDGE_CURVE('',#4187,#4189,#4191,.T.);
#4187 = VERTEX_POINT('',#4188);
#4188 = CARTESIAN_POINT('',(4.88,0.12,-3.4));
#4189 = VERTEX_POINT('',#4190);
#4190 = CARTESIAN_POINT('',(4.682447406934,0.351192514695,
    -3.202447406934));
#4191 = LINE('',#4192,#4193);
#4192 = CARTESIAN_POINT('',(4.846150901889,0.159613036666,
    -3.366150901889));
#4193 = VECTOR('',#4194,1.);
#4194 = DIRECTION('',(-0.544770019249,0.63753529491,0.544770019249));
#4195 = ORIENTED_EDGE('',*,*,#4196,.T.);
#4196 = EDGE_CURVE('',#4187,#4197,#4199,.T.);
#4197 = VERTEX_POINT('',#4198);
#4198 = CARTESIAN_POINT('',(4.88,-0.12,-3.4));
#4199 = LINE('',#4200,#4201);
#4200 = CARTESIAN_POINT('',(4.88,0.32,-3.4));
#4201 = VECTOR('',#4202,1.);
#4202 = DIRECTION('',(-1.224646799147E-16,-1.,0.));
#4203 = ORIENTED_EDGE('',*,*,#4204,.T.);
#4204 = EDGE_CURVE('',#4197,#4205,#4207,.T.);
#4205 = VERTEX_POINT('',#4206);
#4206 = CARTESIAN_POINT('',(4.682447406934,-0.288807485305,
    -3.202447406934));
#4207 = LINE('',#4208,#4209);
#4208 = CARTESIAN_POINT('',(4.961511443392,-5.034896900541E-02,
    -3.481511443392));
#4209 = VECTOR('',#4210,1.);
#4210 = DIRECTION('',(-0.605209817607,-0.517148096144,0.605209817607));
#4211 = ORIENTED_EDGE('',*,*,#4212,.T.);
#4212 = EDGE_CURVE('',#4205,#3479,#4213,.T.);
#4213 = LINE('',#4214,#4215);
#4214 = CARTESIAN_POINT('',(4.914309165527,-0.325417236662,
    -3.434309165527));
#4215 = VECTOR('',#4216,1.);
#4216 = DIRECTION('',(-0.702740385383,0.110959008218,0.702740385383));
#4217 = ORIENTED_EDGE('',*,*,#3476,.F.);
#4218 = ORIENTED_EDGE('',*,*,#4219,.F.);
#4219 = EDGE_CURVE('',#4189,#3477,#4220,.T.);
#4220 = LINE('',#4221,#4222);
#4221 = CARTESIAN_POINT('',(4.458413132695,0.386566347469,
    -2.978413132695));
#4222 = VECTOR('',#4223,1.);
#4223 = DIRECTION('',(-0.702740385383,0.110959008218,0.702740385383));
#4224 = PLANE('',#4225);
#4225 = AXIS2_PLACEMENT_3D('',#4226,#4227,#4228);
#4226 = CARTESIAN_POINT('',(4.78,0.32,-3.3));
#4227 = DIRECTION('',(0.707106781187,-8.833102285013E-17,0.707106781187)
  );
#4228 = DIRECTION('',(1.236918052038E-16,1.,1.227125289097E-18));
#4229 = ADVANCED_FACE('',(#4230),#4255,.F.);
#4230 = FACE_BOUND('',#4231,.F.);
#4231 = EDGE_LOOP('',(#4232,#4233,#4239,#4240,#4241,#4249));
#4232 = ORIENTED_EDGE('',*,*,#3605,.F.);
#4233 = ORIENTED_EDGE('',*,*,#4234,.T.);
#4234 = EDGE_CURVE('',#3598,#3518,#4235,.T.);
#4235 = LINE('',#4236,#4237);
#4236 = CARTESIAN_POINT('',(5.32,0.62,-1.5));
#4237 = VECTOR('',#4238,1.);
#4238 = DIRECTION('',(-1.,1.224646799147E-16,0.));
#4239 = ORIENTED_EDGE('',*,*,#3525,.T.);
#4240 = ORIENTED_EDGE('',*,*,#4219,.F.);
#4241 = ORIENTED_EDGE('',*,*,#4242,.F.);
#4242 = EDGE_CURVE('',#4243,#4189,#4245,.T.);
#4243 = VERTEX_POINT('',#4244);
#4244 = CARTESIAN_POINT('',(5.317552593066,0.351192514695,
    -3.202447406934));
#4245 = LINE('',#4246,#4247);
#4246 = CARTESIAN_POINT('',(5.32,0.351192514695,-3.202447406934));
#4247 = VECTOR('',#4248,1.);
#4248 = DIRECTION('',(-1.,1.224646799147E-16,0.));
#4249 = ORIENTED_EDGE('',*,*,#4250,.T.);
#4250 = EDGE_CURVE('',#4243,#3564,#4251,.T.);
#4251 = LINE('',#4252,#4253);
#4252 = CARTESIAN_POINT('',(5.699616963064,0.411518467852,
    -2.820383036936));
#4253 = VECTOR('',#4254,1.);
#4254 = DIRECTION('',(0.702740385383,0.110959008218,0.702740385383));
#4255 = PLANE('',#4256);
#4256 = AXIS2_PLACEMENT_3D('',#4257,#4258,#4259);
#4257 = CARTESIAN_POINT('',(5.32,0.62,-1.5));
#4258 = DIRECTION('',(-1.209660753807E-16,-0.987762965329,0.155962573473
    ));
#4259 = DIRECTION('',(-1.909990663905E-17,-0.155962573473,
    -0.987762965329));
#4260 = ADVANCED_FACE('',(#4261),#4267,.F.);
#4261 = FACE_BOUND('',#4262,.F.);
#4262 = EDGE_LOOP('',(#4263,#4264,#4265,#4266));
#4263 = ORIENTED_EDGE('',*,*,#3622,.T.);
#4264 = ORIENTED_EDGE('',*,*,#3517,.T.);
#4265 = ORIENTED_EDGE('',*,*,#4234,.F.);
#4266 = ORIENTED_EDGE('',*,*,#3597,.F.);
#4267 = PLANE('',#4268);
#4268 = AXIS2_PLACEMENT_3D('',#4269,#4270,#4271);
#4269 = CARTESIAN_POINT('',(5.32,0.32,-0.9));
#4270 = DIRECTION('',(-1.095357396528E-16,-0.894427191,-0.4472135955));
#4271 = DIRECTION('',(5.476786982641E-17,0.4472135955,-0.894427191));
#4272 = ADVANCED_FACE('',(#4273),#4284,.F.);
#4273 = FACE_BOUND('',#4274,.F.);
#4274 = EDGE_LOOP('',(#4275,#4281,#4282,#4283));
#4275 = ORIENTED_EDGE('',*,*,#4276,.T.);
#4276 = EDGE_CURVE('',#3574,#3487,#4277,.T.);
#4277 = LINE('',#4278,#4279);
#4278 = CARTESIAN_POINT('',(5.32,-2.E-02,-1.5));
#4279 = VECTOR('',#4280,1.);
#4280 = DIRECTION('',(-1.,1.224646799147E-16,0.));
#4281 = ORIENTED_EDGE('',*,*,#3494,.T.);
#4282 = ORIENTED_EDGE('',*,*,#3547,.F.);
#4283 = ORIENTED_EDGE('',*,*,#3581,.F.);
#4284 = PLANE('',#4285);
#4285 = AXIS2_PLACEMENT_3D('',#4286,#4287,#4288);
#4286 = CARTESIAN_POINT('',(5.32,-2.E-02,-1.5));
#4287 = DIRECTION('',(1.095357396528E-16,0.894427191,0.4472135955));
#4288 = DIRECTION('',(-5.476786982641E-17,-0.4472135955,0.894427191));
#4289 = ADVANCED_FACE('',(#4290),#4310,.F.);
#4290 = FACE_BOUND('',#4291,.F.);
#4291 = EDGE_LOOP('',(#4292,#4293,#4301,#4307,#4308,#4309));
#4292 = ORIENTED_EDGE('',*,*,#3573,.F.);
#4293 = ORIENTED_EDGE('',*,*,#4294,.F.);
#4294 = EDGE_CURVE('',#4295,#3566,#4297,.T.);
#4295 = VERTEX_POINT('',#4296);
#4296 = CARTESIAN_POINT('',(5.317552593066,-0.288807485305,
    -3.202447406934));
#4297 = LINE('',#4298,#4299);
#4298 = CARTESIAN_POINT('',(5.243720930233,-0.300465116279,
    -3.276279069767));
#4299 = VECTOR('',#4300,1.);
#4300 = DIRECTION('',(0.702740385383,0.110959008218,0.702740385383));
#4301 = ORIENTED_EDGE('',*,*,#4302,.T.);
#4302 = EDGE_CURVE('',#4295,#4205,#4303,.T.);
#4303 = LINE('',#4304,#4305);
#4304 = CARTESIAN_POINT('',(5.32,-0.288807485305,-3.202447406934));
#4305 = VECTOR('',#4306,1.);
#4306 = DIRECTION('',(-1.,1.224646799147E-16,0.));
#4307 = ORIENTED_EDGE('',*,*,#4212,.T.);
#4308 = ORIENTED_EDGE('',*,*,#3486,.T.);
#4309 = ORIENTED_EDGE('',*,*,#4276,.F.);
#4310 = PLANE('',#4311);
#4311 = AXIS2_PLACEMENT_3D('',#4312,#4313,#4314);
#4312 = CARTESIAN_POINT('',(5.32,-0.32,-3.4));
#4313 = DIRECTION('',(1.209660753807E-16,0.987762965329,-0.155962573473)
  );
#4314 = DIRECTION('',(1.909990663905E-17,0.155962573473,0.987762965329)
  );
#4315 = ADVANCED_FACE('',(#4316),#4343,.T.);
#4316 = FACE_BOUND('',#4317,.F.);
#4317 = EDGE_LOOP('',(#4318,#4326,#4334,#4340,#4341,#4342));
#4318 = ORIENTED_EDGE('',*,*,#4319,.F.);
#4319 = EDGE_CURVE('',#4320,#4243,#4322,.T.);
#4320 = VERTEX_POINT('',#4321);
#4321 = CARTESIAN_POINT('',(5.12,0.12,-3.4));
#4322 = LINE('',#4323,#4324);
#4323 = CARTESIAN_POINT('',(5.24881689775,0.270752273427,-3.27118310225)
  );
#4324 = VECTOR('',#4325,1.);
#4325 = DIRECTION('',(0.544770019249,0.63753529491,0.544770019249));
#4326 = ORIENTED_EDGE('',*,*,#4327,.T.);
#4327 = EDGE_CURVE('',#4320,#4328,#4330,.T.);
#4328 = VERTEX_POINT('',#4329);
#4329 = CARTESIAN_POINT('',(5.12,-0.12,-3.4));
#4330 = LINE('',#4331,#4332);
#4331 = CARTESIAN_POINT('',(5.12,0.32,-3.4));
#4332 = VECTOR('',#4333,1.);
#4333 = DIRECTION('',(-1.224646799147E-16,-1.,0.));
#4334 = ORIENTED_EDGE('',*,*,#4335,.T.);
#4335 = EDGE_CURVE('',#4328,#4295,#4336,.T.);
#4336 = LINE('',#4337,#4338);
#4337 = CARTESIAN_POINT('',(5.155697812072,-0.150503562587,
    -3.364302187928));
#4338 = VECTOR('',#4339,1.);
#4339 = DIRECTION('',(0.605209817607,-0.517148096144,0.605209817607));
#4340 = ORIENTED_EDGE('',*,*,#4294,.T.);
#4341 = ORIENTED_EDGE('',*,*,#3563,.F.);
#4342 = ORIENTED_EDGE('',*,*,#4250,.F.);
#4343 = PLANE('',#4344);
#4344 = AXIS2_PLACEMENT_3D('',#4345,#4346,#4347);
#4345 = CARTESIAN_POINT('',(5.22,0.32,-3.3));
#4346 = DIRECTION('',(0.707106781187,-8.486018839685E-17,-0.707106781187
    ));
#4347 = DIRECTION('',(1.212375546256E-16,1.,1.227125289196E-18));
#4348 = ADVANCED_FACE('',(#4349),#4355,.F.);
#4349 = FACE_BOUND('',#4350,.F.);
#4350 = EDGE_LOOP('',(#4351,#4352,#4353,#4354));
#4351 = ORIENTED_EDGE('',*,*,#3644,.T.);
#4352 = ORIENTED_EDGE('',*,*,#3716,.F.);
#4353 = ORIENTED_EDGE('',*,*,#3692,.F.);
#4354 = ORIENTED_EDGE('',*,*,#3677,.T.);
#4355 = PLANE('',#4356);
#4356 = AXIS2_PLACEMENT_3D('',#4357,#4358,#4359);
#4357 = CARTESIAN_POINT('',(0.32,-0.32,6.5));
#4358 = DIRECTION('',(-0.,0.,-1.));
#4359 = DIRECTION('',(1.224646799147E-16,1.,0.));
#4360 = ADVANCED_FACE('',(#4361),#4367,.F.);
#4361 = FACE_BOUND('',#4362,.F.);
#4362 = EDGE_LOOP('',(#4363,#4364,#4365,#4366));
#4363 = ORIENTED_EDGE('',*,*,#3740,.T.);
#4364 = ORIENTED_EDGE('',*,*,#3812,.F.);
#4365 = ORIENTED_EDGE('',*,*,#3788,.F.);
#4366 = ORIENTED_EDGE('',*,*,#3773,.T.);
#4367 = PLANE('',#4368);
#4368 = AXIS2_PLACEMENT_3D('',#4369,#4370,#4371);
#4369 = CARTESIAN_POINT('',(5.32,-0.32,6.5));
#4370 = DIRECTION('',(-0.,0.,-1.));
#4371 = DIRECTION('',(1.224646799147E-16,1.,0.));
#4372 = ADVANCED_FACE('',(#4373),#4379,.F.);
#4373 = FACE_BOUND('',#4374,.F.);
#4374 = EDGE_LOOP('',(#4375,#4376,#4377,#4378));
#4375 = ORIENTED_EDGE('',*,*,#3908,.F.);
#4376 = ORIENTED_EDGE('',*,*,#3884,.F.);
#4377 = ORIENTED_EDGE('',*,*,#3869,.T.);
#4378 = ORIENTED_EDGE('',*,*,#3836,.T.);
#4379 = PLANE('',#4380);
#4380 = AXIS2_PLACEMENT_3D('',#4381,#4382,#4383);
#4381 = CARTESIAN_POINT('',(2.82,-0.32,6.5));
#4382 = DIRECTION('',(-0.,0.,-1.));
#4383 = DIRECTION('',(1.224646799147E-16,1.,0.));
#4384 = ADVANCED_FACE('',(#4385),#4396,.T.);
#4385 = FACE_BOUND('',#4386,.T.);
#4386 = EDGE_LOOP('',(#4387,#4388,#4394,#4395));
#4387 = ORIENTED_EDGE('',*,*,#4057,.F.);
#4388 = ORIENTED_EDGE('',*,*,#4389,.T.);
#4389 = EDGE_CURVE('',#4058,#3925,#4390,.T.);
#4390 = LINE('',#4391,#4392);
#4391 = CARTESIAN_POINT('',(0.32,0.12,-3.4));
#4392 = VECTOR('',#4393,1.);
#4393 = DIRECTION('',(-1.,1.224646799147E-16,0.));
#4394 = ORIENTED_EDGE('',*,*,#3924,.T.);
#4395 = ORIENTED_EDGE('',*,*,#3980,.F.);
#4396 = PLANE('',#4397);
#4397 = AXIS2_PLACEMENT_3D('',#4398,#4399,#4400);
#4398 = CARTESIAN_POINT('',(0.32,0.235596257347,-3.301223703467));
#4399 = DIRECTION('',(8.302774088379E-17,0.64962967394,-0.760250805153)
  );
#4400 = DIRECTION('',(-1.,1.247195775152E-16,-2.638869166629E-18));
#4401 = ADVANCED_FACE('',(#4402),#4413,.F.);
#4402 = FACE_BOUND('',#4403,.F.);
#4403 = EDGE_LOOP('',(#4404,#4405,#4406,#4412));
#4404 = ORIENTED_EDGE('',*,*,#4389,.T.);
#4405 = ORIENTED_EDGE('',*,*,#3934,.T.);
#4406 = ORIENTED_EDGE('',*,*,#4407,.F.);
#4407 = EDGE_CURVE('',#4066,#3935,#4408,.T.);
#4408 = LINE('',#4409,#4410);
#4409 = CARTESIAN_POINT('',(0.32,-0.12,-3.4));
#4410 = VECTOR('',#4411,1.);
#4411 = DIRECTION('',(-1.,1.224646799147E-16,0.));
#4412 = ORIENTED_EDGE('',*,*,#4065,.F.);
#4413 = PLANE('',#4414);
#4414 = AXIS2_PLACEMENT_3D('',#4415,#4416,#4417);
#4415 = CARTESIAN_POINT('',(0.32,0.32,-3.4));
#4416 = DIRECTION('',(0.,0.,1.));
#4417 = DIRECTION('',(-1.224646799147E-16,-1.,0.));
#4418 = ADVANCED_FACE('',(#4419),#4425,.T.);
#4419 = FACE_BOUND('',#4420,.F.);
#4420 = EDGE_LOOP('',(#4421,#4422,#4423,#4424));
#4421 = ORIENTED_EDGE('',*,*,#4073,.F.);
#4422 = ORIENTED_EDGE('',*,*,#4407,.T.);
#4423 = ORIENTED_EDGE('',*,*,#3942,.T.);
#4424 = ORIENTED_EDGE('',*,*,#4040,.F.);
#4425 = PLANE('',#4426);
#4426 = AXIS2_PLACEMENT_3D('',#4427,#4428,#4429);
#4427 = CARTESIAN_POINT('',(0.32,-0.204403742653,-3.301223703467));
#4428 = DIRECTION('',(-9.310387150808E-17,-0.760250805153,-0.64962967394
    ));
#4429 = DIRECTION('',(1.,-1.224646799148E-16,-5.515863360725E-29));
#4430 = ADVANCED_FACE('',(#4431),#4437,.F.);
#4431 = FACE_BOUND('',#4432,.F.);
#4432 = EDGE_LOOP('',(#4433,#4434,#4435,#4436));
#4433 = ORIENTED_EDGE('',*,*,#4153,.F.);
#4434 = ORIENTED_EDGE('',*,*,#4170,.T.);
#4435 = ORIENTED_EDGE('',*,*,#4098,.T.);
#4436 = ORIENTED_EDGE('',*,*,#4129,.F.);
#4437 = PLANE('',#4438);
#4438 = AXIS2_PLACEMENT_3D('',#4439,#4440,#4441);
#4439 = CARTESIAN_POINT('',(2.82,0.32,-3.4));
#4440 = DIRECTION('',(0.,0.,1.));
#4441 = DIRECTION('',(-1.224646799147E-16,-1.,0.));
#4442 = ADVANCED_FACE('',(#4443),#4454,.T.);
#4443 = FACE_BOUND('',#4444,.T.);
#4444 = EDGE_LOOP('',(#4445,#4446,#4452,#4453));
#4445 = ORIENTED_EDGE('',*,*,#4319,.F.);
#4446 = ORIENTED_EDGE('',*,*,#4447,.T.);
#4447 = EDGE_CURVE('',#4320,#4187,#4448,.T.);
#4448 = LINE('',#4449,#4450);
#4449 = CARTESIAN_POINT('',(5.32,0.12,-3.4));
#4450 = VECTOR('',#4451,1.);
#4451 = DIRECTION('',(-1.,1.224646799147E-16,0.));
#4452 = ORIENTED_EDGE('',*,*,#4186,.T.);
#4453 = ORIENTED_EDGE('',*,*,#4242,.F.);
#4454 = PLANE('',#4455);
#4455 = AXIS2_PLACEMENT_3D('',#4456,#4457,#4458);
#4456 = CARTESIAN_POINT('',(5.32,0.235596257347,-3.301223703467));
#4457 = DIRECTION('',(8.302774088379E-17,0.64962967394,-0.760250805153)
  );
#4458 = DIRECTION('',(-1.,1.247195775152E-16,-2.638869166629E-18));
#4459 = ADVANCED_FACE('',(#4460),#4471,.F.);
#4460 = FACE_BOUND('',#4461,.F.);
#4461 = EDGE_LOOP('',(#4462,#4463,#4464,#4470));
#4462 = ORIENTED_EDGE('',*,*,#4447,.T.);
#4463 = ORIENTED_EDGE('',*,*,#4196,.T.);
#4464 = ORIENTED_EDGE('',*,*,#4465,.F.);
#4465 = EDGE_CURVE('',#4328,#4197,#4466,.T.);
#4466 = LINE('',#4467,#4468);
#4467 = CARTESIAN_POINT('',(5.32,-0.12,-3.4));
#4468 = VECTOR('',#4469,1.);
#4469 = DIRECTION('',(-1.,1.224646799147E-16,0.));
#4470 = ORIENTED_EDGE('',*,*,#4327,.F.);
#4471 = PLANE('',#4472);
#4472 = AXIS2_PLACEMENT_3D('',#4473,#4474,#4475);
#4473 = CARTESIAN_POINT('',(5.32,0.32,-3.4));
#4474 = DIRECTION('',(0.,0.,1.));
#4475 = DIRECTION('',(-1.224646799147E-16,-1.,0.));
#4476 = ADVANCED_FACE('',(#4477),#4483,.T.);
#4477 = FACE_BOUND('',#4478,.F.);
#4478 = EDGE_LOOP('',(#4479,#4480,#4481,#4482));
#4479 = ORIENTED_EDGE('',*,*,#4335,.F.);
#4480 = ORIENTED_EDGE('',*,*,#4465,.T.);
#4481 = ORIENTED_EDGE('',*,*,#4204,.T.);
#4482 = ORIENTED_EDGE('',*,*,#4302,.F.);
#4483 = PLANE('',#4484);
#4484 = AXIS2_PLACEMENT_3D('',#4485,#4486,#4487);
#4485 = CARTESIAN_POINT('',(5.32,-0.204403742653,-3.301223703467));
#4486 = DIRECTION('',(-9.310387150808E-17,-0.760250805153,-0.64962967394
    ));
#4487 = DIRECTION('',(1.,-1.224646799148E-16,-5.515863360725E-29));
#4488 = ( GEOMETRIC_REPRESENTATION_CONTEXT(3) 
GLOBAL_UNCERTAINTY_ASSIGNED_CONTEXT((#4492)) 
GLOBAL_UNIT_ASSIGNED_CONTEXT((#4489,#4490,#4491)) REPRESENTATION_CONTEXT
('Context #1','3D Context with UNIT and UNCERTAINTY') );
#4489 = ( LENGTH_UNIT() NAMED_UNIT(*) SI_UNIT(.MILLI.,.METRE.) );
#4490 = ( NAMED_UNIT(*) PLANE_ANGLE_UNIT() SI_UNIT($,.RADIAN.) );
#4491 = ( NAMED_UNIT(*) SI_UNIT($,.STERADIAN.) SOLID_ANGLE_UNIT() );
#4492 = UNCERTAINTY_MEASURE_WITH_UNIT(LENGTH_MEASURE(1.E-07),#4489,
  'distance_accuracy_value','confusion accuracy');
#4493 = CONTEXT_DEPENDENT_SHAPE_REPRESENTATION(#4494,#4496);
#4494 = ( REPRESENTATION_RELATIONSHIP('','',#966,#10) 
REPRESENTATION_RELATIONSHIP_WITH_TRANSFORMATION(#4495) 
SHAPE_REPRESENTATION_RELATIONSHIP() );
#4495 = ITEM_DEFINED_TRANSFORMATION('','',#11,#23);
#4496 = PRODUCT_DEFINITION_SHAPE('Placement','Placement of an item',
  #4497);
#4497 = NEXT_ASSEMBLY_USAGE_OCCURRENCE('3','J9','',#5,#961,$);
#4498 = PRODUCT_RELATED_PRODUCT_CATEGORY('part',$,(#963));
#4499 = SHAPE_DEFINITION_REPRESENTATION(#4500,#4506);
#4500 = PRODUCT_DEFINITION_SHAPE('','',#4501);
#4501 = PRODUCT_DEFINITION('design','',#4502,#4505);
#4502 = PRODUCT_DEFINITION_FORMATION('','',#4503);
#4503 = PRODUCT('D_SMB','D_SMB','',(#4504));
#4504 = PRODUCT_CONTEXT('',#2,'mechanical');
#4505 = PRODUCT_DEFINITION_CONTEXT('part definition',#2,'design');
#4506 = ADVANCED_BREP_SHAPE_REPRESENTATION('',(#11,#4507),#5715);
#4507 = MANIFOLD_SOLID_BREP('',#4508);
#4508 = CLOSED_SHELL('',(#4509,#4549,#4632,#4657,#4732,#4749,#4766,#4783
    ,#4800,#4817,#4833,#4880,#4915,#4954,#4983,#5022,#5051,#5105,#5148,
    #5171,#5194,#5217,#5268,#5291,#5308,#5382,#5406,#5473,#5485,#5497,
    #5514,#5543,#5566,#5589,#5606,#5628,#5640,#5657,#5674,#5691,#5703));
#4509 = ADVANCED_FACE('',(#4510),#4544,.T.);
#4510 = FACE_BOUND('',#4511,.T.);
#4511 = EDGE_LOOP('',(#4512,#4522,#4530,#4538));
#4512 = ORIENTED_EDGE('',*,*,#4513,.T.);
#4513 = EDGE_CURVE('',#4514,#4516,#4518,.T.);
#4514 = VERTEX_POINT('',#4515);
#4515 = CARTESIAN_POINT('',(1.4,1.,0.));
#4516 = VERTEX_POINT('',#4517);
#4517 = CARTESIAN_POINT('',(2.503333333333,1.,-2.775557561563E-17));
#4518 = LINE('',#4519,#4520);
#4519 = CARTESIAN_POINT('',(2.43,1.,0.));
#4520 = VECTOR('',#4521,1.);
#4521 = DIRECTION('',(1.,-3.445092848398E-16,0.));
#4522 = ORIENTED_EDGE('',*,*,#4523,.T.);
#4523 = EDGE_CURVE('',#4516,#4524,#4526,.T.);
#4524 = VERTEX_POINT('',#4525);
#4525 = CARTESIAN_POINT('',(2.503333333333,-1.,-2.775557561563E-17));
#4526 = LINE('',#4527,#4528);
#4527 = CARTESIAN_POINT('',(2.503333333333,1.,-2.775557561563E-17));
#4528 = VECTOR('',#4529,1.);
#4529 = DIRECTION('',(-3.445092848398E-16,-1.,0.));
#4530 = ORIENTED_EDGE('',*,*,#4531,.T.);
#4531 = EDGE_CURVE('',#4524,#4532,#4534,.T.);
#4532 = VERTEX_POINT('',#4533);
#4533 = CARTESIAN_POINT('',(1.4,-1.,0.));
#4534 = LINE('',#4535,#4536);
#4535 = CARTESIAN_POINT('',(2.43,-1.,0.));
#4536 = VECTOR('',#4537,1.);
#4537 = DIRECTION('',(-1.,3.445092848398E-16,0.));
#4538 = ORIENTED_EDGE('',*,*,#4539,.T.);
#4539 = EDGE_CURVE('',#4532,#4514,#4540,.T.);
#4540 = LINE('',#4541,#4542);
#4541 = CARTESIAN_POINT('',(1.4,-1.,0.));
#4542 = VECTOR('',#4543,1.);
#4543 = DIRECTION('',(3.445092848398E-16,1.,0.));
#4544 = PLANE('',#4545);
#4545 = AXIS2_PLACEMENT_3D('',#4546,#4547,#4548);
#4546 = CARTESIAN_POINT('',(1.951666666667,-6.30120533068E-16,
    -8.943794505573E-18));
#4547 = DIRECTION('',(-1.696061518107E-17,5.165776572619E-33,-1.));
#4548 = DIRECTION('',(1.,-2.22044604925E-16,-1.696061518107E-17));
#4549 = ADVANCED_FACE('',(#4550),#4627,.T.);
#4550 = FACE_BOUND('',#4551,.T.);
#4551 = EDGE_LOOP('',(#4552,#4562,#4569,#4570,#4578,#4586,#4596,#4604,
    #4612,#4620));
#4552 = ORIENTED_EDGE('',*,*,#4553,.F.);
#4553 = EDGE_CURVE('',#4554,#4556,#4558,.T.);
#4554 = VERTEX_POINT('',#4555);
#4555 = CARTESIAN_POINT('',(2.65,1.,0.146666666667));
#4556 = VERTEX_POINT('',#4557);
#4557 = CARTESIAN_POINT('',(2.65,1.,0.811158333333));
#4558 = LINE('',#4559,#4560);
#4559 = CARTESIAN_POINT('',(2.65,1.,0.));
#4560 = VECTOR('',#4561,1.);
#4561 = DIRECTION('',(0.,0.,1.));
#4562 = ORIENTED_EDGE('',*,*,#4563,.T.);
#4563 = EDGE_CURVE('',#4554,#4516,#4564,.T.);
#4564 = CIRCLE('',#4565,0.146666666667);
#4565 = AXIS2_PLACEMENT_3D('',#4566,#4567,#4568);
#4566 = CARTESIAN_POINT('',(2.503333333333,1.,0.146666666667));
#4567 = DIRECTION('',(3.445092848398E-16,1.,-0.));
#4568 = DIRECTION('',(0.,0.,1.));
#4569 = ORIENTED_EDGE('',*,*,#4513,.F.);
#4570 = ORIENTED_EDGE('',*,*,#4571,.T.);
#4571 = EDGE_CURVE('',#4514,#4572,#4574,.T.);
#4572 = VERTEX_POINT('',#4573);
#4573 = CARTESIAN_POINT('',(1.4,1.,0.22));
#4574 = LINE('',#4575,#4576);
#4575 = CARTESIAN_POINT('',(1.4,1.,0.));
#4576 = VECTOR('',#4577,1.);
#4577 = DIRECTION('',(0.,0.,1.));
#4578 = ORIENTED_EDGE('',*,*,#4579,.F.);
#4579 = EDGE_CURVE('',#4580,#4572,#4582,.T.);
#4580 = VERTEX_POINT('',#4581);
#4581 = CARTESIAN_POINT('',(2.37747286303,1.,0.22));
#4582 = LINE('',#4583,#4584);
#4583 = CARTESIAN_POINT('',(2.279656881469,1.,0.22));
#4584 = VECTOR('',#4585,1.);
#4585 = DIRECTION('',(-1.,3.208039609213E-16,0.));
#4586 = ORIENTED_EDGE('',*,*,#4587,.T.);
#4587 = EDGE_CURVE('',#4580,#4588,#4590,.T.);
#4588 = VERTEX_POINT('',#4589);
#4589 = CARTESIAN_POINT('',(2.377627457948,1.,0.2222));
#4590 = B_SPLINE_CURVE_WITH_KNOTS('',4,(#4591,#4592,#4593,#4594,#4595),
  .UNSPECIFIED.,.F.,.F.,(5,5),(0.,1.),.PIECEWISE_BEZIER_KNOTS.);
#4591 = CARTESIAN_POINT('',(2.37747286303,1.,0.22));
#4592 = CARTESIAN_POINT('',(2.390434471179,1.,0.40445326836));
#4593 = CARTESIAN_POINT('',(2.403396226036,1.,0.588908624477));
#4594 = CARTESIAN_POINT('',(2.416358116612,1.,0.773365911976));
#4595 = CARTESIAN_POINT('',(2.429320133712,1.,0.957825));
#4596 = ORIENTED_EDGE('',*,*,#4597,.T.);
#4597 = EDGE_CURVE('',#4588,#4598,#4600,.T.);
#4598 = VERTEX_POINT('',#4599);
#4599 = CARTESIAN_POINT('',(2.43,1.,0.2222));
#4600 = LINE('',#4601,#4602);
#4601 = CARTESIAN_POINT('',(1.4,1.,0.2222));
#4602 = VECTOR('',#4603,1.);
#4603 = DIRECTION('',(1.,-3.445092848398E-16,0.));
#4604 = ORIENTED_EDGE('',*,*,#4605,.T.);
#4605 = EDGE_CURVE('',#4598,#4606,#4608,.T.);
#4606 = VERTEX_POINT('',#4607);
#4607 = CARTESIAN_POINT('',(2.43,1.,0.957825));
#4608 = LINE('',#4609,#4610);
#4609 = CARTESIAN_POINT('',(2.43,1.,0.));
#4610 = VECTOR('',#4611,1.);
#4611 = DIRECTION('',(0.,0.,1.));
#4612 = ORIENTED_EDGE('',*,*,#4613,.T.);
#4613 = EDGE_CURVE('',#4606,#4614,#4616,.T.);
#4614 = VERTEX_POINT('',#4615);
#4615 = CARTESIAN_POINT('',(2.503333333333,1.,0.957825));
#4616 = LINE('',#4617,#4618);
#4617 = CARTESIAN_POINT('',(2.43,1.,0.957825));
#4618 = VECTOR('',#4619,1.);
#4619 = DIRECTION('',(1.,-3.445092848398E-16,0.));
#4620 = ORIENTED_EDGE('',*,*,#4621,.F.);
#4621 = EDGE_CURVE('',#4556,#4614,#4622,.T.);
#4622 = CIRCLE('',#4623,0.146666666667);
#4623 = AXIS2_PLACEMENT_3D('',#4624,#4625,#4626);
#4624 = CARTESIAN_POINT('',(2.503333333333,1.,0.811158333333));
#4625 = DIRECTION('',(-3.445092848398E-16,-1.,0.));
#4626 = DIRECTION('',(0.,0.,1.));
#4627 = PLANE('',#4628);
#4628 = AXIS2_PLACEMENT_3D('',#4629,#4630,#4631);
#4629 = CARTESIAN_POINT('',(2.181840899909,1.,0.302067385793));
#4630 = DIRECTION('',(3.208039609213E-16,1.,-3.455687485119E-18));
#4631 = DIRECTION('',(-1.,3.208039609213E-16,0.));
#4632 = ADVANCED_FACE('',(#4633),#4652,.T.);
#4633 = FACE_BOUND('',#4634,.T.);
#4634 = EDGE_LOOP('',(#4635,#4643,#4650,#4651));
#4635 = ORIENTED_EDGE('',*,*,#4636,.T.);
#4636 = EDGE_CURVE('',#4554,#4637,#4639,.T.);
#4637 = VERTEX_POINT('',#4638);
#4638 = CARTESIAN_POINT('',(2.65,-1.,0.146666666667));
#4639 = LINE('',#4640,#4641);
#4640 = CARTESIAN_POINT('',(2.65,1.,0.146666666667));
#4641 = VECTOR('',#4642,1.);
#4642 = DIRECTION('',(-3.445092848398E-16,-1.,0.));
#4643 = ORIENTED_EDGE('',*,*,#4644,.T.);
#4644 = EDGE_CURVE('',#4637,#4524,#4645,.T.);
#4645 = CIRCLE('',#4646,0.146666666667);
#4646 = AXIS2_PLACEMENT_3D('',#4647,#4648,#4649);
#4647 = CARTESIAN_POINT('',(2.503333333333,-1.,0.146666666667));
#4648 = DIRECTION('',(3.445092848398E-16,1.,-0.));
#4649 = DIRECTION('',(0.,0.,1.));
#4650 = ORIENTED_EDGE('',*,*,#4523,.F.);
#4651 = ORIENTED_EDGE('',*,*,#4563,.F.);
#4652 = CYLINDRICAL_SURFACE('',#4653,0.146666666667);
#4653 = AXIS2_PLACEMENT_3D('',#4654,#4655,#4656);
#4654 = CARTESIAN_POINT('',(2.503333333333,1.,0.146666666667));
#4655 = DIRECTION('',(-3.445092848398E-16,-1.,0.));
#4656 = DIRECTION('',(1.,-3.445092848398E-16,0.));
#4657 = ADVANCED_FACE('',(#4658),#4727,.T.);
#4658 = FACE_BOUND('',#4659,.T.);
#4659 = EDGE_LOOP('',(#4660,#4661,#4669,#4678,#4686,#4694,#4702,#4712,
    #4720,#4726));
#4660 = ORIENTED_EDGE('',*,*,#4644,.F.);
#4661 = ORIENTED_EDGE('',*,*,#4662,.T.);
#4662 = EDGE_CURVE('',#4637,#4663,#4665,.T.);
#4663 = VERTEX_POINT('',#4664);
#4664 = CARTESIAN_POINT('',(2.65,-1.,0.811158333333));
#4665 = LINE('',#4666,#4667);
#4666 = CARTESIAN_POINT('',(2.65,-1.,0.));
#4667 = VECTOR('',#4668,1.);
#4668 = DIRECTION('',(0.,0.,1.));
#4669 = ORIENTED_EDGE('',*,*,#4670,.T.);
#4670 = EDGE_CURVE('',#4663,#4671,#4673,.T.);
#4671 = VERTEX_POINT('',#4672);
#4672 = CARTESIAN_POINT('',(2.503333333333,-1.,0.957825));
#4673 = CIRCLE('',#4674,0.146666666667);
#4674 = AXIS2_PLACEMENT_3D('',#4675,#4676,#4677);
#4675 = CARTESIAN_POINT('',(2.503333333333,-1.,0.811158333333));
#4676 = DIRECTION('',(-3.445092848398E-16,-1.,0.));
#4677 = DIRECTION('',(0.,0.,1.));
#4678 = ORIENTED_EDGE('',*,*,#4679,.T.);
#4679 = EDGE_CURVE('',#4671,#4680,#4682,.T.);
#4680 = VERTEX_POINT('',#4681);
#4681 = CARTESIAN_POINT('',(2.43,-1.,0.957825));
#4682 = LINE('',#4683,#4684);
#4683 = CARTESIAN_POINT('',(2.65,-1.,0.957825));
#4684 = VECTOR('',#4685,1.);
#4685 = DIRECTION('',(-1.,3.445092848398E-16,0.));
#4686 = ORIENTED_EDGE('',*,*,#4687,.F.);
#4687 = EDGE_CURVE('',#4688,#4680,#4690,.T.);
#4688 = VERTEX_POINT('',#4689);
#4689 = CARTESIAN_POINT('',(2.43,-1.,0.2222));
#4690 = LINE('',#4691,#4692);
#4691 = CARTESIAN_POINT('',(2.43,-1.,0.));
#4692 = VECTOR('',#4693,1.);
#4693 = DIRECTION('',(0.,0.,1.));
#4694 = ORIENTED_EDGE('',*,*,#4695,.T.);
#4695 = EDGE_CURVE('',#4688,#4696,#4698,.T.);
#4696 = VERTEX_POINT('',#4697);
#4697 = CARTESIAN_POINT('',(2.377627457948,-1.,0.2222));
#4698 = LINE('',#4699,#4700);
#4699 = CARTESIAN_POINT('',(2.43,-1.,0.2222));
#4700 = VECTOR('',#4701,1.);
#4701 = DIRECTION('',(-1.,3.445092848398E-16,0.));
#4702 = ORIENTED_EDGE('',*,*,#4703,.F.);
#4703 = EDGE_CURVE('',#4704,#4696,#4706,.T.);
#4704 = VERTEX_POINT('',#4705);
#4705 = CARTESIAN_POINT('',(2.37747286303,-1.,0.22));
#4706 = B_SPLINE_CURVE_WITH_KNOTS('',4,(#4707,#4708,#4709,#4710,#4711),
  .UNSPECIFIED.,.F.,.F.,(5,5),(0.,1.),.PIECEWISE_BEZIER_KNOTS.);
#4707 = CARTESIAN_POINT('',(2.37747286303,-1.,0.22));
#4708 = CARTESIAN_POINT('',(2.390434471179,-1.,0.40445326836));
#4709 = CARTESIAN_POINT('',(2.403396226036,-1.,0.588908624477));
#4710 = CARTESIAN_POINT('',(2.416358116612,-1.,0.773365911976));
#4711 = CARTESIAN_POINT('',(2.429320133712,-1.,0.957825));
#4712 = ORIENTED_EDGE('',*,*,#4713,.F.);
#4713 = EDGE_CURVE('',#4714,#4704,#4716,.T.);
#4714 = VERTEX_POINT('',#4715);
#4715 = CARTESIAN_POINT('',(1.4,-1.,0.22));
#4716 = LINE('',#4717,#4718);
#4717 = CARTESIAN_POINT('',(2.279656881469,-1.,0.22));
#4718 = VECTOR('',#4719,1.);
#4719 = DIRECTION('',(1.,-5.837911398703E-16,-0.));
#4720 = ORIENTED_EDGE('',*,*,#4721,.F.);
#4721 = EDGE_CURVE('',#4532,#4714,#4722,.T.);
#4722 = LINE('',#4723,#4724);
#4723 = CARTESIAN_POINT('',(1.4,-1.,0.));
#4724 = VECTOR('',#4725,1.);
#4725 = DIRECTION('',(0.,0.,1.));
#4726 = ORIENTED_EDGE('',*,*,#4531,.F.);
#4727 = PLANE('',#4728);
#4728 = AXIS2_PLACEMENT_3D('',#4729,#4730,#4731);
#4729 = CARTESIAN_POINT('',(2.181840899909,-1.,0.302067385793));
#4730 = DIRECTION('',(-5.837911398703E-16,-1.,3.048681254865E-17));
#4731 = DIRECTION('',(1.,-5.837911398703E-16,0.));
#4732 = ADVANCED_FACE('',(#4733),#4744,.T.);
#4733 = FACE_BOUND('',#4734,.T.);
#4734 = EDGE_LOOP('',(#4735,#4736,#4737,#4743));
#4735 = ORIENTED_EDGE('',*,*,#4539,.F.);
#4736 = ORIENTED_EDGE('',*,*,#4721,.T.);
#4737 = ORIENTED_EDGE('',*,*,#4738,.F.);
#4738 = EDGE_CURVE('',#4572,#4714,#4739,.T.);
#4739 = LINE('',#4740,#4741);
#4740 = CARTESIAN_POINT('',(1.4,-1.361236431515,0.22));
#4741 = VECTOR('',#4742,1.);
#4742 = DIRECTION('',(-3.445092848398E-16,-1.,0.));
#4743 = ORIENTED_EDGE('',*,*,#4571,.F.);
#4744 = PLANE('',#4745);
#4745 = AXIS2_PLACEMENT_3D('',#4746,#4747,#4748);
#4746 = CARTESIAN_POINT('',(1.4,-1.,0.));
#4747 = DIRECTION('',(-1.,3.445092848398E-16,0.));
#4748 = DIRECTION('',(3.445092848398E-16,1.,0.));
#4749 = ADVANCED_FACE('',(#4750),#4761,.T.);
#4750 = FACE_BOUND('',#4751,.T.);
#4751 = EDGE_LOOP('',(#4752,#4753,#4759,#4760));
#4752 = ORIENTED_EDGE('',*,*,#4553,.T.);
#4753 = ORIENTED_EDGE('',*,*,#4754,.T.);
#4754 = EDGE_CURVE('',#4556,#4663,#4755,.T.);
#4755 = LINE('',#4756,#4757);
#4756 = CARTESIAN_POINT('',(2.65,1.,0.811158333333));
#4757 = VECTOR('',#4758,1.);
#4758 = DIRECTION('',(-3.445092848398E-16,-1.,0.));
#4759 = ORIENTED_EDGE('',*,*,#4662,.F.);
#4760 = ORIENTED_EDGE('',*,*,#4636,.F.);
#4761 = PLANE('',#4762);
#4762 = AXIS2_PLACEMENT_3D('',#4763,#4764,#4765);
#4763 = CARTESIAN_POINT('',(2.65,1.,0.));
#4764 = DIRECTION('',(1.,-3.445092848398E-16,0.));
#4765 = DIRECTION('',(-3.445092848398E-16,-1.,0.));
#4766 = ADVANCED_FACE('',(#4767),#4778,.T.);
#4767 = FACE_BOUND('',#4768,.T.);
#4768 = EDGE_LOOP('',(#4769,#4770,#4776,#4777));
#4769 = ORIENTED_EDGE('',*,*,#4621,.T.);
#4770 = ORIENTED_EDGE('',*,*,#4771,.T.);
#4771 = EDGE_CURVE('',#4614,#4671,#4772,.T.);
#4772 = LINE('',#4773,#4774);
#4773 = CARTESIAN_POINT('',(2.503333333333,1.,0.957825));
#4774 = VECTOR('',#4775,1.);
#4775 = DIRECTION('',(-3.445092848398E-16,-1.,0.));
#4776 = ORIENTED_EDGE('',*,*,#4670,.F.);
#4777 = ORIENTED_EDGE('',*,*,#4754,.F.);
#4778 = CYLINDRICAL_SURFACE('',#4779,0.146666666667);
#4779 = AXIS2_PLACEMENT_3D('',#4780,#4781,#4782);
#4780 = CARTESIAN_POINT('',(2.503333333333,1.,0.811158333333));
#4781 = DIRECTION('',(-3.445092848398E-16,-1.,0.));
#4782 = DIRECTION('',(1.,-3.445092848398E-16,0.));
#4783 = ADVANCED_FACE('',(#4784),#4795,.F.);
#4784 = FACE_BOUND('',#4785,.F.);
#4785 = EDGE_LOOP('',(#4786,#4787,#4788,#4789));
#4786 = ORIENTED_EDGE('',*,*,#4613,.T.);
#4787 = ORIENTED_EDGE('',*,*,#4771,.T.);
#4788 = ORIENTED_EDGE('',*,*,#4679,.T.);
#4789 = ORIENTED_EDGE('',*,*,#4790,.T.);
#4790 = EDGE_CURVE('',#4680,#4606,#4791,.T.);
#4791 = LINE('',#4792,#4793);
#4792 = CARTESIAN_POINT('',(2.43,-1.,0.957825));
#4793 = VECTOR('',#4794,1.);
#4794 = DIRECTION('',(3.445092848398E-16,1.,0.));
#4795 = PLANE('',#4796);
#4796 = AXIS2_PLACEMENT_3D('',#4797,#4798,#4799);
#4797 = CARTESIAN_POINT('',(2.54,-8.881784197001E-16,0.957825));
#4798 = DIRECTION('',(0.,0.,-1.));
#4799 = DIRECTION('',(3.445092848398E-16,1.,0.));
#4800 = ADVANCED_FACE('',(#4801),#4812,.T.);
#4801 = FACE_BOUND('',#4802,.T.);
#4802 = EDGE_LOOP('',(#4803,#4809,#4810,#4811));
#4803 = ORIENTED_EDGE('',*,*,#4804,.T.);
#4804 = EDGE_CURVE('',#4598,#4688,#4805,.T.);
#4805 = LINE('',#4806,#4807);
#4806 = CARTESIAN_POINT('',(2.43,1.,0.2222));
#4807 = VECTOR('',#4808,1.);
#4808 = DIRECTION('',(-3.445092848398E-16,-1.,0.));
#4809 = ORIENTED_EDGE('',*,*,#4687,.T.);
#4810 = ORIENTED_EDGE('',*,*,#4790,.T.);
#4811 = ORIENTED_EDGE('',*,*,#4605,.F.);
#4812 = PLANE('',#4813);
#4813 = AXIS2_PLACEMENT_3D('',#4814,#4815,#4816);
#4814 = CARTESIAN_POINT('',(2.43,-1.,0.));
#4815 = DIRECTION('',(-1.,3.445092848398E-16,0.));
#4816 = DIRECTION('',(3.445092848398E-16,1.,0.));
#4817 = ADVANCED_FACE('',(#4818),#4828,.F.);
#4818 = FACE_BOUND('',#4819,.F.);
#4819 = EDGE_LOOP('',(#4820,#4825,#4826,#4827));
#4820 = ORIENTED_EDGE('',*,*,#4821,.F.);
#4821 = EDGE_CURVE('',#4588,#4696,#4822,.T.);
#4822 = B_SPLINE_CURVE_WITH_KNOTS('',1,(#4823,#4824),.UNSPECIFIED.,.F.,
  .F.,(2,2),(0.,1.),.PIECEWISE_BEZIER_KNOTS.);
#4823 = CARTESIAN_POINT('',(2.377627457948,1.,0.2222));
#4824 = CARTESIAN_POINT('',(2.377627457948,-1.,0.2222));
#4825 = ORIENTED_EDGE('',*,*,#4597,.T.);
#4826 = ORIENTED_EDGE('',*,*,#4804,.T.);
#4827 = ORIENTED_EDGE('',*,*,#4695,.T.);
#4828 = PLANE('',#4829);
#4829 = AXIS2_PLACEMENT_3D('',#4830,#4831,#4832);
#4830 = CARTESIAN_POINT('',(1.915,-6.661338147751E-16,0.2222));
#4831 = DIRECTION('',(0.,0.,-1.));
#4832 = DIRECTION('',(3.445092848398E-16,1.,0.));
#4833 = ADVANCED_FACE('',(#4834),#4875,.T.);
#4834 = FACE_BOUND('',#4835,.T.);
#4835 = EDGE_LOOP('',(#4836,#4845,#4851,#4852,#4853,#4854,#4862,#4869));
#4836 = ORIENTED_EDGE('',*,*,#4837,.F.);
#4837 = EDGE_CURVE('',#4838,#4840,#4842,.T.);
#4838 = VERTEX_POINT('',#4839);
#4839 = CARTESIAN_POINT('',(2.37747286303,-1.72247286303,0.22));
#4840 = VERTEX_POINT('',#4841);
#4841 = CARTESIAN_POINT('',(2.43,-1.775,0.9675));
#4842 = B_SPLINE_CURVE_WITH_KNOTS('',1,(#4843,#4844),.UNSPECIFIED.,.F.,
  .F.,(2,2),(0.,1.),.PIECEWISE_BEZIER_KNOTS.);
#4843 = CARTESIAN_POINT('',(2.37747286303,-1.72247286303,0.22));
#4844 = CARTESIAN_POINT('',(2.43,-1.775,0.9675));
#4845 = ORIENTED_EDGE('',*,*,#4846,.T.);
#4846 = EDGE_CURVE('',#4838,#4704,#4847,.T.);
#4847 = LINE('',#4848,#4849);
#4848 = CARTESIAN_POINT('',(2.37747286303,-1.72247286303,0.22));
#4849 = VECTOR('',#4850,1.);
#4850 = DIRECTION('',(2.22044604925E-16,1.,0.));
#4851 = ORIENTED_EDGE('',*,*,#4703,.T.);
#4852 = ORIENTED_EDGE('',*,*,#4821,.F.);
#4853 = ORIENTED_EDGE('',*,*,#4587,.F.);
#4854 = ORIENTED_EDGE('',*,*,#4855,.T.);
#4855 = EDGE_CURVE('',#4580,#4856,#4858,.T.);
#4856 = VERTEX_POINT('',#4857);
#4857 = CARTESIAN_POINT('',(2.37747286303,1.72247286303,0.22));
#4858 = LINE('',#4859,#4860);
#4859 = CARTESIAN_POINT('',(2.37747286303,-1.72247286303,0.22));
#4860 = VECTOR('',#4861,1.);
#4861 = DIRECTION('',(2.22044604925E-16,1.,0.));
#4862 = ORIENTED_EDGE('',*,*,#4863,.T.);
#4863 = EDGE_CURVE('',#4856,#4864,#4866,.T.);
#4864 = VERTEX_POINT('',#4865);
#4865 = CARTESIAN_POINT('',(2.43,1.775,0.9675));
#4866 = B_SPLINE_CURVE_WITH_KNOTS('',1,(#4867,#4868),.UNSPECIFIED.,.F.,
  .F.,(2,2),(0.,1.),.PIECEWISE_BEZIER_KNOTS.);
#4867 = CARTESIAN_POINT('',(2.37747286303,1.72247286303,0.22));
#4868 = CARTESIAN_POINT('',(2.43,1.775,0.9675));
#4869 = ORIENTED_EDGE('',*,*,#4870,.F.);
#4870 = EDGE_CURVE('',#4840,#4864,#4871,.T.);
#4871 = LINE('',#4872,#4873);
#4872 = CARTESIAN_POINT('',(2.43,-1.775,0.9675));
#4873 = VECTOR('',#4874,1.);
#4874 = DIRECTION('',(2.22044604925E-16,1.,0.));
#4875 = B_SPLINE_SURFACE_WITH_KNOTS('',1,1,(
    (#4876,#4877)
    ,(#4878,#4879
    )),.UNSPECIFIED.,.F.,.F.,.F.,(2,2),(2,2),(0.,3.55),(0.,1.),
  .PIECEWISE_BEZIER_KNOTS.);
#4876 = CARTESIAN_POINT('',(2.37747286303,-1.72247286303,0.22));
#4877 = CARTESIAN_POINT('',(2.43,-1.775,0.9675));
#4878 = CARTESIAN_POINT('',(2.37747286303,1.72247286303,0.22));
#4879 = CARTESIAN_POINT('',(2.43,1.775,0.9675));
#4880 = ADVANCED_FACE('',(#4881),#4910,.T.);
#4881 = FACE_BOUND('',#4882,.T.);
#4882 = EDGE_LOOP('',(#4883,#4884,#4892,#4900,#4906,#4907,#4908,#4909));
#4883 = ORIENTED_EDGE('',*,*,#4846,.F.);
#4884 = ORIENTED_EDGE('',*,*,#4885,.F.);
#4885 = EDGE_CURVE('',#4886,#4838,#4888,.T.);
#4886 = VERTEX_POINT('',#4887);
#4887 = CARTESIAN_POINT('',(1.3,-1.72247286303,0.22));
#4888 = LINE('',#4889,#4890);
#4889 = CARTESIAN_POINT('',(-2.37747286303,-1.72247286303,0.22));
#4890 = VECTOR('',#4891,1.);
#4891 = DIRECTION('',(1.,-2.22044604925E-16,0.));
#4892 = ORIENTED_EDGE('',*,*,#4893,.T.);
#4893 = EDGE_CURVE('',#4886,#4894,#4896,.T.);
#4894 = VERTEX_POINT('',#4895);
#4895 = CARTESIAN_POINT('',(1.3,1.72247286303,0.22));
#4896 = LINE('',#4897,#4898);
#4897 = CARTESIAN_POINT('',(1.3,-1.72247286303,0.22));
#4898 = VECTOR('',#4899,1.);
#4899 = DIRECTION('',(2.22044604925E-16,1.,0.));
#4900 = ORIENTED_EDGE('',*,*,#4901,.F.);
#4901 = EDGE_CURVE('',#4856,#4894,#4902,.T.);
#4902 = LINE('',#4903,#4904);
#4903 = CARTESIAN_POINT('',(2.37747286303,1.72247286303,0.22));
#4904 = VECTOR('',#4905,1.);
#4905 = DIRECTION('',(-1.,2.22044604925E-16,0.));
#4906 = ORIENTED_EDGE('',*,*,#4855,.F.);
#4907 = ORIENTED_EDGE('',*,*,#4579,.T.);
#4908 = ORIENTED_EDGE('',*,*,#4738,.T.);
#4909 = ORIENTED_EDGE('',*,*,#4713,.T.);
#4910 = PLANE('',#4911);
#4911 = AXIS2_PLACEMENT_3D('',#4912,#4913,#4914);
#4912 = CARTESIAN_POINT('',(2.37747286303,-1.72247286303,0.22));
#4913 = DIRECTION('',(0.,0.,-1.));
#4914 = DIRECTION('',(-0.809803822742,0.586700748825,0.));
#4915 = ADVANCED_FACE('',(#4916),#4949,.T.);
#4916 = FACE_BOUND('',#4917,.T.);
#4917 = EDGE_LOOP('',(#4918,#4928,#4934,#4935,#4936,#4944));
#4918 = ORIENTED_EDGE('',*,*,#4919,.T.);
#4919 = EDGE_CURVE('',#4920,#4922,#4924,.T.);
#4920 = VERTEX_POINT('',#4921);
#4921 = CARTESIAN_POINT('',(-2.37747286303,-1.72247286303,0.22));
#4922 = VERTEX_POINT('',#4923);
#4923 = CARTESIAN_POINT('',(-1.3,-1.72247286303,0.22));
#4924 = LINE('',#4925,#4926);
#4925 = CARTESIAN_POINT('',(-2.37747286303,-1.72247286303,0.22));
#4926 = VECTOR('',#4927,1.);
#4927 = DIRECTION('',(1.,-2.22044604925E-16,0.));
#4928 = ORIENTED_EDGE('',*,*,#4929,.T.);
#4929 = EDGE_CURVE('',#4922,#4886,#4930,.T.);
#4930 = LINE('',#4931,#4932);
#4931 = CARTESIAN_POINT('',(-1.3,-1.72247286303,0.22));
#4932 = VECTOR('',#4933,1.);
#4933 = DIRECTION('',(1.,-2.22044604925E-16,0.));
#4934 = ORIENTED_EDGE('',*,*,#4885,.T.);
#4935 = ORIENTED_EDGE('',*,*,#4837,.T.);
#4936 = ORIENTED_EDGE('',*,*,#4937,.F.);
#4937 = EDGE_CURVE('',#4938,#4840,#4940,.T.);
#4938 = VERTEX_POINT('',#4939);
#4939 = CARTESIAN_POINT('',(-2.43,-1.775,0.9675));
#4940 = LINE('',#4941,#4942);
#4941 = CARTESIAN_POINT('',(-2.43,-1.775,0.9675));
#4942 = VECTOR('',#4943,1.);
#4943 = DIRECTION('',(1.,-2.22044604925E-16,0.));
#4944 = ORIENTED_EDGE('',*,*,#4945,.F.);
#4945 = EDGE_CURVE('',#4920,#4938,#4946,.T.);
#4946 = B_SPLINE_CURVE_WITH_KNOTS('',1,(#4947,#4948),.UNSPECIFIED.,.F.,
  .F.,(2,2),(0.,1.),.PIECEWISE_BEZIER_KNOTS.);
#4947 = CARTESIAN_POINT('',(-2.37747286303,-1.72247286303,0.22));
#4948 = CARTESIAN_POINT('',(-2.43,-1.775,0.9675));
#4949 = B_SPLINE_SURFACE_WITH_KNOTS('',1,1,(
    (#4950,#4951)
    ,(#4952,#4953
    )),.UNSPECIFIED.,.F.,.F.,.F.,(2,2),(2,2),(0.,4.86),(0.,1.),
  .PIECEWISE_BEZIER_KNOTS.);
#4950 = CARTESIAN_POINT('',(-2.37747286303,-1.72247286303,0.22));
#4951 = CARTESIAN_POINT('',(-2.43,-1.775,0.9675));
#4952 = CARTESIAN_POINT('',(2.37747286303,-1.72247286303,0.22));
#4953 = CARTESIAN_POINT('',(2.43,-1.775,0.9675));
#4954 = ADVANCED_FACE('',(#4955),#4978,.T.);
#4955 = FACE_BOUND('',#4956,.T.);
#4956 = EDGE_LOOP('',(#4957,#4958,#4965,#4973));
#4957 = ORIENTED_EDGE('',*,*,#4870,.T.);
#4958 = ORIENTED_EDGE('',*,*,#4959,.T.);
#4959 = EDGE_CURVE('',#4864,#4960,#4962,.T.);
#4960 = VERTEX_POINT('',#4961);
#4961 = CARTESIAN_POINT('',(2.346905231482,1.691905231482,2.15));
#4962 = B_SPLINE_CURVE_WITH_KNOTS('',1,(#4963,#4964),.UNSPECIFIED.,.F.,
  .F.,(2,2),(0.,1.),.PIECEWISE_BEZIER_KNOTS.);
#4963 = CARTESIAN_POINT('',(2.43,1.775,0.9675));
#4964 = CARTESIAN_POINT('',(2.346905231482,1.691905231482,2.15));
#4965 = ORIENTED_EDGE('',*,*,#4966,.F.);
#4966 = EDGE_CURVE('',#4967,#4960,#4969,.T.);
#4967 = VERTEX_POINT('',#4968);
#4968 = CARTESIAN_POINT('',(2.346905231482,-1.691905231482,2.15));
#4969 = LINE('',#4970,#4971);
#4970 = CARTESIAN_POINT('',(2.346905231482,-1.691905231482,2.15));
#4971 = VECTOR('',#4972,1.);
#4972 = DIRECTION('',(2.22044604925E-16,1.,0.));
#4973 = ORIENTED_EDGE('',*,*,#4974,.F.);
#4974 = EDGE_CURVE('',#4840,#4967,#4975,.T.);
#4975 = B_SPLINE_CURVE_WITH_KNOTS('',1,(#4976,#4977),.UNSPECIFIED.,.F.,
  .F.,(2,2),(0.,1.),.PIECEWISE_BEZIER_KNOTS.);
#4976 = CARTESIAN_POINT('',(2.43,-1.775,0.9675));
#4977 = CARTESIAN_POINT('',(2.346905231482,-1.691905231482,2.15));
#4978 = B_SPLINE_SURFACE_WITH_KNOTS('',1,1,(
    (#4979,#4980)
    ,(#4981,#4982
    )),.UNSPECIFIED.,.F.,.F.,.F.,(2,2),(2,2),(0.,3.55),(0.,1.),
  .PIECEWISE_BEZIER_KNOTS.);
#4979 = CARTESIAN_POINT('',(2.43,-1.775,0.9675));
#4980 = CARTESIAN_POINT('',(2.346905231482,-1.691905231482,2.15));
#4981 = CARTESIAN_POINT('',(2.43,1.775,0.9675));
#4982 = CARTESIAN_POINT('',(2.346905231482,1.691905231482,2.15));
#4983 = ADVANCED_FACE('',(#4984),#5017,.T.);
#4984 = FACE_BOUND('',#4985,.T.);
#4985 = EDGE_LOOP('',(#4986,#4987,#4995,#5003,#5010,#5016));
#4986 = ORIENTED_EDGE('',*,*,#4901,.T.);
#4987 = ORIENTED_EDGE('',*,*,#4988,.T.);
#4988 = EDGE_CURVE('',#4894,#4989,#4991,.T.);
#4989 = VERTEX_POINT('',#4990);
#4990 = CARTESIAN_POINT('',(-1.3,1.72247286303,0.22));
#4991 = LINE('',#4992,#4993);
#4992 = CARTESIAN_POINT('',(1.3,1.72247286303,0.22));
#4993 = VECTOR('',#4994,1.);
#4994 = DIRECTION('',(-1.,2.22044604925E-16,0.));
#4995 = ORIENTED_EDGE('',*,*,#4996,.T.);
#4996 = EDGE_CURVE('',#4989,#4997,#4999,.T.);
#4997 = VERTEX_POINT('',#4998);
#4998 = CARTESIAN_POINT('',(-2.37747286303,1.72247286303,0.22));
#4999 = LINE('',#5000,#5001);
#5000 = CARTESIAN_POINT('',(2.37747286303,1.72247286303,0.22));
#5001 = VECTOR('',#5002,1.);
#5002 = DIRECTION('',(-1.,2.22044604925E-16,0.));
#5003 = ORIENTED_EDGE('',*,*,#5004,.T.);
#5004 = EDGE_CURVE('',#4997,#5005,#5007,.T.);
#5005 = VERTEX_POINT('',#5006);
#5006 = CARTESIAN_POINT('',(-2.43,1.775,0.9675));
#5007 = B_SPLINE_CURVE_WITH_KNOTS('',1,(#5008,#5009),.UNSPECIFIED.,.F.,
  .F.,(2,2),(0.,1.),.PIECEWISE_BEZIER_KNOTS.);
#5008 = CARTESIAN_POINT('',(-2.37747286303,1.72247286303,0.22));
#5009 = CARTESIAN_POINT('',(-2.43,1.775,0.9675));
#5010 = ORIENTED_EDGE('',*,*,#5011,.F.);
#5011 = EDGE_CURVE('',#4864,#5005,#5012,.T.);
#5012 = LINE('',#5013,#5014);
#5013 = CARTESIAN_POINT('',(2.43,1.775,0.9675));
#5014 = VECTOR('',#5015,1.);
#5015 = DIRECTION('',(-1.,2.22044604925E-16,0.));
#5016 = ORIENTED_EDGE('',*,*,#4863,.F.);
#5017 = B_SPLINE_SURFACE_WITH_KNOTS('',1,1,(
    (#5018,#5019)
    ,(#5020,#5021
    )),.UNSPECIFIED.,.F.,.F.,.F.,(2,2),(2,2),(0.,4.86),(0.,1.),
  .PIECEWISE_BEZIER_KNOTS.);
#5018 = CARTESIAN_POINT('',(2.37747286303,1.72247286303,0.22));
#5019 = CARTESIAN_POINT('',(2.43,1.775,0.9675));
#5020 = CARTESIAN_POINT('',(-2.37747286303,1.72247286303,0.22));
#5021 = CARTESIAN_POINT('',(-2.43,1.775,0.9675));
#5022 = ADVANCED_FACE('',(#5023),#5046,.T.);
#5023 = FACE_BOUND('',#5024,.T.);
#5024 = EDGE_LOOP('',(#5025,#5035,#5040,#5041));
#5025 = ORIENTED_EDGE('',*,*,#5026,.T.);
#5026 = EDGE_CURVE('',#5027,#5029,#5031,.T.);
#5027 = VERTEX_POINT('',#5028);
#5028 = CARTESIAN_POINT('',(1.3,-1.707013371213,0.));
#5029 = VERTEX_POINT('',#5030);
#5030 = CARTESIAN_POINT('',(1.3,1.707013371213,0.));
#5031 = LINE('',#5032,#5033);
#5032 = CARTESIAN_POINT('',(1.3,-1.707013371213,0.));
#5033 = VECTOR('',#5034,1.);
#5034 = DIRECTION('',(2.22044604925E-16,1.,0.));
#5035 = ORIENTED_EDGE('',*,*,#5036,.T.);
#5036 = EDGE_CURVE('',#5029,#4894,#5037,.T.);
#5037 = B_SPLINE_CURVE_WITH_KNOTS('',1,(#5038,#5039),.UNSPECIFIED.,.F.,
  .F.,(2,2),(0.,1.),.PIECEWISE_BEZIER_KNOTS.);
#5038 = CARTESIAN_POINT('',(1.3,1.707013371213,0.));
#5039 = CARTESIAN_POINT('',(1.3,1.72247286303,0.22));
#5040 = ORIENTED_EDGE('',*,*,#4893,.F.);
#5041 = ORIENTED_EDGE('',*,*,#5042,.F.);
#5042 = EDGE_CURVE('',#5027,#4886,#5043,.T.);
#5043 = B_SPLINE_CURVE_WITH_KNOTS('',1,(#5044,#5045),.UNSPECIFIED.,.F.,
  .F.,(2,2),(0.,1.),.PIECEWISE_BEZIER_KNOTS.);
#5044 = CARTESIAN_POINT('',(1.3,-1.707013371213,0.));
#5045 = CARTESIAN_POINT('',(1.3,-1.72247286303,0.22));
#5046 = B_SPLINE_SURFACE_WITH_KNOTS('',1,1,(
    (#5047,#5048)
    ,(#5049,#5050
    )),.UNSPECIFIED.,.F.,.F.,.F.,(2,2),(2,2),(0.,3.44494572606),(0.,1.),
  .PIECEWISE_BEZIER_KNOTS.);
#5047 = CARTESIAN_POINT('',(1.3,-1.707013371213,0.));
#5048 = CARTESIAN_POINT('',(1.3,-1.72247286303,0.22));
#5049 = CARTESIAN_POINT('',(1.3,1.707013371213,0.));
#5050 = CARTESIAN_POINT('',(1.3,1.72247286303,0.22));
#5051 = ADVANCED_FACE('',(#5052),#5100,.T.);
#5052 = FACE_BOUND('',#5053,.T.);
#5053 = EDGE_LOOP('',(#5054,#5055,#5061,#5062,#5070,#5078,#5086,#5094));
#5054 = ORIENTED_EDGE('',*,*,#4996,.F.);
#5055 = ORIENTED_EDGE('',*,*,#5056,.T.);
#5056 = EDGE_CURVE('',#4989,#4922,#5057,.T.);
#5057 = LINE('',#5058,#5059);
#5058 = CARTESIAN_POINT('',(-1.3,1.72247286303,0.22));
#5059 = VECTOR('',#5060,1.);
#5060 = DIRECTION('',(-2.22044604925E-16,-1.,0.));
#5061 = ORIENTED_EDGE('',*,*,#4919,.F.);
#5062 = ORIENTED_EDGE('',*,*,#5063,.F.);
#5063 = EDGE_CURVE('',#5064,#4920,#5066,.T.);
#5064 = VERTEX_POINT('',#5065);
#5065 = CARTESIAN_POINT('',(-2.37747286303,-1.,0.22));
#5066 = LINE('',#5067,#5068);
#5067 = CARTESIAN_POINT('',(-2.37747286303,1.72247286303,0.22));
#5068 = VECTOR('',#5069,1.);
#5069 = DIRECTION('',(-2.22044604925E-16,-1.,0.));
#5070 = ORIENTED_EDGE('',*,*,#5071,.T.);
#5071 = EDGE_CURVE('',#5064,#5072,#5074,.T.);
#5072 = VERTEX_POINT('',#5073);
#5073 = CARTESIAN_POINT('',(-1.4,-1.,0.22));
#5074 = LINE('',#5075,#5076);
#5075 = CARTESIAN_POINT('',(9.781598156056E-02,-1.,0.22));
#5076 = VECTOR('',#5077,1.);
#5077 = DIRECTION('',(1.,-2.22044604925E-16,0.));
#5078 = ORIENTED_EDGE('',*,*,#5079,.T.);
#5079 = EDGE_CURVE('',#5072,#5080,#5082,.T.);
#5080 = VERTEX_POINT('',#5081);
#5081 = CARTESIAN_POINT('',(-1.4,1.,0.22));
#5082 = LINE('',#5083,#5084);
#5083 = CARTESIAN_POINT('',(-1.4,-0.361236431515,0.22));
#5084 = VECTOR('',#5085,1.);
#5085 = DIRECTION('',(2.22044604925E-16,1.,0.));
#5086 = ORIENTED_EDGE('',*,*,#5087,.T.);
#5087 = EDGE_CURVE('',#5080,#5088,#5090,.T.);
#5088 = VERTEX_POINT('',#5089);
#5089 = CARTESIAN_POINT('',(-2.37747286303,1.,0.22));
#5090 = LINE('',#5091,#5092);
#5091 = CARTESIAN_POINT('',(9.781598156056E-02,1.,0.22));
#5092 = VECTOR('',#5093,1.);
#5093 = DIRECTION('',(-1.,2.22044604925E-16,0.));
#5094 = ORIENTED_EDGE('',*,*,#5095,.F.);
#5095 = EDGE_CURVE('',#4997,#5088,#5096,.T.);
#5096 = LINE('',#5097,#5098);
#5097 = CARTESIAN_POINT('',(-2.37747286303,1.72247286303,0.22));
#5098 = VECTOR('',#5099,1.);
#5099 = DIRECTION('',(-2.22044604925E-16,-1.,0.));
#5100 = PLANE('',#5101);
#5101 = AXIS2_PLACEMENT_3D('',#5102,#5103,#5104);
#5102 = CARTESIAN_POINT('',(2.37747286303,-1.72247286303,0.22));
#5103 = DIRECTION('',(0.,0.,-1.));
#5104 = DIRECTION('',(-0.809803822742,0.586700748825,0.));
#5105 = ADVANCED_FACE('',(#5106),#5143,.T.);
#5106 = FACE_BOUND('',#5107,.T.);
#5107 = EDGE_LOOP('',(#5108,#5109,#5110,#5120,#5127,#5135,#5136,#5137));
#5108 = ORIENTED_EDGE('',*,*,#5004,.F.);
#5109 = ORIENTED_EDGE('',*,*,#5095,.T.);
#5110 = ORIENTED_EDGE('',*,*,#5111,.T.);
#5111 = EDGE_CURVE('',#5088,#5112,#5114,.T.);
#5112 = VERTEX_POINT('',#5113);
#5113 = CARTESIAN_POINT('',(-2.377627457948,1.,0.2222));
#5114 = B_SPLINE_CURVE_WITH_KNOTS('',4,(#5115,#5116,#5117,#5118,#5119),
  .UNSPECIFIED.,.F.,.F.,(5,5),(0.,1.),.PIECEWISE_BEZIER_KNOTS.);
#5115 = CARTESIAN_POINT('',(-2.37747286303,1.,0.22));
#5116 = CARTESIAN_POINT('',(-2.390434471179,1.,0.40445326836));
#5117 = CARTESIAN_POINT('',(-2.403396226036,1.,0.588908624477));
#5118 = CARTESIAN_POINT('',(-2.416358116612,1.,0.773365911976));
#5119 = CARTESIAN_POINT('',(-2.429320133712,1.,0.957825));
#5120 = ORIENTED_EDGE('',*,*,#5121,.F.);
#5121 = EDGE_CURVE('',#5122,#5112,#5124,.T.);
#5122 = VERTEX_POINT('',#5123);
#5123 = CARTESIAN_POINT('',(-2.377627457948,-1.,0.2222));
#5124 = B_SPLINE_CURVE_WITH_KNOTS('',1,(#5125,#5126),.UNSPECIFIED.,.F.,
  .F.,(2,2),(0.,1.),.PIECEWISE_BEZIER_KNOTS.);
#5125 = CARTESIAN_POINT('',(-2.377627457948,-1.,0.2222));
#5126 = CARTESIAN_POINT('',(-2.377627457948,1.,0.2222));
#5127 = ORIENTED_EDGE('',*,*,#5128,.F.);
#5128 = EDGE_CURVE('',#5064,#5122,#5129,.T.);
#5129 = B_SPLINE_CURVE_WITH_KNOTS('',4,(#5130,#5131,#5132,#5133,#5134),
  .UNSPECIFIED.,.F.,.F.,(5,5),(0.,1.),.PIECEWISE_BEZIER_KNOTS.);
#5130 = CARTESIAN_POINT('',(-2.37747286303,-1.,0.22));
#5131 = CARTESIAN_POINT('',(-2.390434471179,-1.,0.40445326836));
#5132 = CARTESIAN_POINT('',(-2.403396226036,-1.,0.588908624477));
#5133 = CARTESIAN_POINT('',(-2.416358116612,-1.,0.773365911976));
#5134 = CARTESIAN_POINT('',(-2.429320133712,-1.,0.957825));
#5135 = ORIENTED_EDGE('',*,*,#5063,.T.);
#5136 = ORIENTED_EDGE('',*,*,#4945,.T.);
#5137 = ORIENTED_EDGE('',*,*,#5138,.F.);
#5138 = EDGE_CURVE('',#5005,#4938,#5139,.T.);
#5139 = LINE('',#5140,#5141);
#5140 = CARTESIAN_POINT('',(-2.43,1.775,0.9675));
#5141 = VECTOR('',#5142,1.);
#5142 = DIRECTION('',(-2.22044604925E-16,-1.,0.));
#5143 = B_SPLINE_SURFACE_WITH_KNOTS('',1,1,(
    (#5144,#5145)
    ,(#5146,#5147
    )),.UNSPECIFIED.,.F.,.F.,.F.,(2,2),(2,2),(0.,3.55),(0.,1.),
  .PIECEWISE_BEZIER_KNOTS.);
#5144 = CARTESIAN_POINT('',(-2.37747286303,1.72247286303,0.22));
#5145 = CARTESIAN_POINT('',(-2.43,1.775,0.9675));
#5146 = CARTESIAN_POINT('',(-2.37747286303,-1.72247286303,0.22));
#5147 = CARTESIAN_POINT('',(-2.43,-1.775,0.9675));
#5148 = ADVANCED_FACE('',(#5149),#5166,.T.);
#5149 = FACE_BOUND('',#5150,.T.);
#5150 = EDGE_LOOP('',(#5151,#5159,#5160,#5161));
#5151 = ORIENTED_EDGE('',*,*,#5152,.T.);
#5152 = EDGE_CURVE('',#5153,#5027,#5155,.T.);
#5153 = VERTEX_POINT('',#5154);
#5154 = CARTESIAN_POINT('',(-1.3,-1.707013371213,0.));
#5155 = LINE('',#5156,#5157);
#5156 = CARTESIAN_POINT('',(-1.3,-1.707013371213,0.));
#5157 = VECTOR('',#5158,1.);
#5158 = DIRECTION('',(1.,-2.22044604925E-16,0.));
#5159 = ORIENTED_EDGE('',*,*,#5042,.T.);
#5160 = ORIENTED_EDGE('',*,*,#4929,.F.);
#5161 = ORIENTED_EDGE('',*,*,#5162,.F.);
#5162 = EDGE_CURVE('',#5153,#4922,#5163,.T.);
#5163 = B_SPLINE_CURVE_WITH_KNOTS('',1,(#5164,#5165),.UNSPECIFIED.,.F.,
  .F.,(2,2),(0.,1.),.PIECEWISE_BEZIER_KNOTS.);
#5164 = CARTESIAN_POINT('',(-1.3,-1.707013371213,0.));
#5165 = CARTESIAN_POINT('',(-1.3,-1.72247286303,0.22));
#5166 = PLANE('',#5167);
#5167 = AXIS2_PLACEMENT_3D('',#5168,#5169,#5170);
#5168 = CARTESIAN_POINT('',(-1.3,-1.72247286303,0.22));
#5169 = DIRECTION('',(-2.214984063823E-16,-0.997540140447,
    -7.009756199374E-02));
#5170 = DIRECTION('',(1.,-2.22044604925E-16,-1.177128382009E-30));
#5171 = ADVANCED_FACE('',(#5172),#5189,.T.);
#5172 = FACE_BOUND('',#5173,.T.);
#5173 = EDGE_LOOP('',(#5174,#5175,#5176,#5184));
#5174 = ORIENTED_EDGE('',*,*,#4937,.T.);
#5175 = ORIENTED_EDGE('',*,*,#4974,.T.);
#5176 = ORIENTED_EDGE('',*,*,#5177,.F.);
#5177 = EDGE_CURVE('',#5178,#4967,#5180,.T.);
#5178 = VERTEX_POINT('',#5179);
#5179 = CARTESIAN_POINT('',(-2.346905231482,-1.691905231482,2.15));
#5180 = LINE('',#5181,#5182);
#5181 = CARTESIAN_POINT('',(-2.346905231482,-1.691905231482,2.15));
#5182 = VECTOR('',#5183,1.);
#5183 = DIRECTION('',(1.,-2.22044604925E-16,0.));
#5184 = ORIENTED_EDGE('',*,*,#5185,.F.);
#5185 = EDGE_CURVE('',#4938,#5178,#5186,.T.);
#5186 = B_SPLINE_CURVE_WITH_KNOTS('',1,(#5187,#5188),.UNSPECIFIED.,.F.,
  .F.,(2,2),(0.,1.),.PIECEWISE_BEZIER_KNOTS.);
#5187 = CARTESIAN_POINT('',(-2.43,-1.775,0.9675));
#5188 = CARTESIAN_POINT('',(-2.346905231482,-1.691905231482,2.15));
#5189 = B_SPLINE_SURFACE_WITH_KNOTS('',1,1,(
    (#5190,#5191)
    ,(#5192,#5193
    )),.UNSPECIFIED.,.F.,.F.,.F.,(2,2),(2,2),(0.,4.86),(0.,1.),
  .PIECEWISE_BEZIER_KNOTS.);
#5190 = CARTESIAN_POINT('',(-2.43,-1.775,0.9675));
#5191 = CARTESIAN_POINT('',(-2.346905231482,-1.691905231482,2.15));
#5192 = CARTESIAN_POINT('',(2.43,-1.775,0.9675));
#5193 = CARTESIAN_POINT('',(2.346905231482,-1.691905231482,2.15));
#5194 = ADVANCED_FACE('',(#5195),#5212,.T.);
#5195 = FACE_BOUND('',#5196,.T.);
#5196 = EDGE_LOOP('',(#5197,#5198,#5205,#5211));
#5197 = ORIENTED_EDGE('',*,*,#5011,.T.);
#5198 = ORIENTED_EDGE('',*,*,#5199,.T.);
#5199 = EDGE_CURVE('',#5005,#5200,#5202,.T.);
#5200 = VERTEX_POINT('',#5201);
#5201 = CARTESIAN_POINT('',(-2.346905231482,1.691905231482,2.15));
#5202 = B_SPLINE_CURVE_WITH_KNOTS('',1,(#5203,#5204),.UNSPECIFIED.,.F.,
  .F.,(2,2),(0.,1.),.PIECEWISE_BEZIER_KNOTS.);
#5203 = CARTESIAN_POINT('',(-2.43,1.775,0.9675));
#5204 = CARTESIAN_POINT('',(-2.346905231482,1.691905231482,2.15));
#5205 = ORIENTED_EDGE('',*,*,#5206,.F.);
#5206 = EDGE_CURVE('',#4960,#5200,#5207,.T.);
#5207 = LINE('',#5208,#5209);
#5208 = CARTESIAN_POINT('',(2.346905231482,1.691905231482,2.15));
#5209 = VECTOR('',#5210,1.);
#5210 = DIRECTION('',(-1.,2.22044604925E-16,0.));
#5211 = ORIENTED_EDGE('',*,*,#4959,.F.);
#5212 = B_SPLINE_SURFACE_WITH_KNOTS('',1,1,(
    (#5213,#5214)
    ,(#5215,#5216
    )),.UNSPECIFIED.,.F.,.F.,.F.,(2,2),(2,2),(0.,4.86),(0.,1.),
  .PIECEWISE_BEZIER_KNOTS.);
#5213 = CARTESIAN_POINT('',(2.43,1.775,0.9675));
#5214 = CARTESIAN_POINT('',(2.346905231482,1.691905231482,2.15));
#5215 = CARTESIAN_POINT('',(-2.43,1.775,0.9675));
#5216 = CARTESIAN_POINT('',(-2.346905231482,1.691905231482,2.15));
#5217 = ADVANCED_FACE('',(#5218,#5229),#5263,.F.);
#5218 = FACE_BOUND('',#5219,.F.);
#5219 = EDGE_LOOP('',(#5220,#5221,#5222,#5228));
#5220 = ORIENTED_EDGE('',*,*,#4966,.F.);
#5221 = ORIENTED_EDGE('',*,*,#5177,.F.);
#5222 = ORIENTED_EDGE('',*,*,#5223,.F.);
#5223 = EDGE_CURVE('',#5200,#5178,#5224,.T.);
#5224 = LINE('',#5225,#5226);
#5225 = CARTESIAN_POINT('',(-2.346905231482,1.691905231482,2.15));
#5226 = VECTOR('',#5227,1.);
#5227 = DIRECTION('',(-2.22044604925E-16,-1.,0.));
#5228 = ORIENTED_EDGE('',*,*,#5206,.F.);
#5229 = FACE_BOUND('',#5230,.F.);
#5230 = EDGE_LOOP('',(#5231,#5241,#5249,#5257));
#5231 = ORIENTED_EDGE('',*,*,#5232,.T.);
#5232 = EDGE_CURVE('',#5233,#5235,#5237,.T.);
#5233 = VERTEX_POINT('',#5234);
#5234 = CARTESIAN_POINT('',(-1.663810462964,1.608810462964,2.15));
#5235 = VERTEX_POINT('',#5236);
#5236 = CARTESIAN_POINT('',(-2.263810462964,1.608810462964,2.15));
#5237 = LINE('',#5238,#5239);
#5238 = CARTESIAN_POINT('',(-1.663810462964,1.608810462964,2.15));
#5239 = VECTOR('',#5240,1.);
#5240 = DIRECTION('',(-1.,2.22044604925E-16,0.));
#5241 = ORIENTED_EDGE('',*,*,#5242,.T.);
#5242 = EDGE_CURVE('',#5235,#5243,#5245,.T.);
#5243 = VERTEX_POINT('',#5244);
#5244 = CARTESIAN_POINT('',(-2.263810462964,-1.608810462964,2.15));
#5245 = LINE('',#5246,#5247);
#5246 = CARTESIAN_POINT('',(-2.263810462964,1.608810462964,2.15));
#5247 = VECTOR('',#5248,1.);
#5248 = DIRECTION('',(-2.22044604925E-16,-1.,0.));
#5249 = ORIENTED_EDGE('',*,*,#5250,.T.);
#5250 = EDGE_CURVE('',#5243,#5251,#5253,.T.);
#5251 = VERTEX_POINT('',#5252);
#5252 = CARTESIAN_POINT('',(-1.663810462964,-1.608810462964,2.15));
#5253 = LINE('',#5254,#5255);
#5254 = CARTESIAN_POINT('',(-2.263810462964,-1.608810462964,2.15));
#5255 = VECTOR('',#5256,1.);
#5256 = DIRECTION('',(1.,-2.22044604925E-16,0.));
#5257 = ORIENTED_EDGE('',*,*,#5258,.T.);
#5258 = EDGE_CURVE('',#5251,#5233,#5259,.T.);
#5259 = LINE('',#5260,#5261);
#5260 = CARTESIAN_POINT('',(-1.663810462964,-1.608810462964,2.15));
#5261 = VECTOR('',#5262,1.);
#5262 = DIRECTION('',(2.22044604925E-16,1.,0.));
#5263 = PLANE('',#5264);
#5264 = AXIS2_PLACEMENT_3D('',#5265,#5266,#5267);
#5265 = CARTESIAN_POINT('',(2.346905231482,-1.691905231482,2.15));
#5266 = DIRECTION('',(0.,0.,-1.));
#5267 = DIRECTION('',(-0.811184528135,0.584790271221,0.));
#5268 = ADVANCED_FACE('',(#5269),#5286,.T.);
#5269 = FACE_BOUND('',#5270,.T.);
#5270 = EDGE_LOOP('',(#5271,#5279,#5284,#5285));
#5271 = ORIENTED_EDGE('',*,*,#5272,.T.);
#5272 = EDGE_CURVE('',#5029,#5273,#5275,.T.);
#5273 = VERTEX_POINT('',#5274);
#5274 = CARTESIAN_POINT('',(-1.3,1.707013371213,0.));
#5275 = LINE('',#5276,#5277);
#5276 = CARTESIAN_POINT('',(1.3,1.707013371213,0.));
#5277 = VECTOR('',#5278,1.);
#5278 = DIRECTION('',(-1.,2.22044604925E-16,0.));
#5279 = ORIENTED_EDGE('',*,*,#5280,.T.);
#5280 = EDGE_CURVE('',#5273,#4989,#5281,.T.);
#5281 = B_SPLINE_CURVE_WITH_KNOTS('',1,(#5282,#5283),.UNSPECIFIED.,.F.,
  .F.,(2,2),(0.,1.),.PIECEWISE_BEZIER_KNOTS.);
#5282 = CARTESIAN_POINT('',(-1.3,1.707013371213,0.));
#5283 = CARTESIAN_POINT('',(-1.3,1.72247286303,0.22));
#5284 = ORIENTED_EDGE('',*,*,#4988,.F.);
#5285 = ORIENTED_EDGE('',*,*,#5036,.F.);
#5286 = PLANE('',#5287);
#5287 = AXIS2_PLACEMENT_3D('',#5288,#5289,#5290);
#5288 = CARTESIAN_POINT('',(1.3,1.72247286303,0.22));
#5289 = DIRECTION('',(2.214984063823E-16,0.997540140447,
    -7.009756199374E-02));
#5290 = DIRECTION('',(-1.,2.22044604925E-16,-1.177128382009E-30));
#5291 = ADVANCED_FACE('',(#5292),#5303,.T.);
#5292 = FACE_BOUND('',#5293,.F.);
#5293 = EDGE_LOOP('',(#5294,#5295,#5296,#5302));
#5294 = ORIENTED_EDGE('',*,*,#5026,.T.);
#5295 = ORIENTED_EDGE('',*,*,#5272,.T.);
#5296 = ORIENTED_EDGE('',*,*,#5297,.T.);
#5297 = EDGE_CURVE('',#5273,#5153,#5298,.T.);
#5298 = LINE('',#5299,#5300);
#5299 = CARTESIAN_POINT('',(-1.3,1.707013371213,0.));
#5300 = VECTOR('',#5301,1.);
#5301 = DIRECTION('',(-2.22044604925E-16,-1.,0.));
#5302 = ORIENTED_EDGE('',*,*,#5152,.T.);
#5303 = PLANE('',#5304);
#5304 = AXIS2_PLACEMENT_3D('',#5305,#5306,#5307);
#5305 = CARTESIAN_POINT('',(1.3,-1.707013371213,0.));
#5306 = DIRECTION('',(0.,0.,-1.));
#5307 = DIRECTION('',(-0.605871695069,0.795562372863,0.));
#5308 = ADVANCED_FACE('',(#5309),#5377,.T.);
#5309 = FACE_BOUND('',#5310,.T.);
#5310 = EDGE_LOOP('',(#5311,#5322,#5330,#5339,#5347,#5355,#5361,#5362,
    #5363,#5371));
#5311 = ORIENTED_EDGE('',*,*,#5312,.F.);
#5312 = EDGE_CURVE('',#5313,#5315,#5317,.T.);
#5313 = VERTEX_POINT('',#5314);
#5314 = CARTESIAN_POINT('',(-2.65,1.,0.146666666667));
#5315 = VERTEX_POINT('',#5316);
#5316 = CARTESIAN_POINT('',(-2.503333333333,1.,-2.775557561563E-17));
#5317 = CIRCLE('',#5318,0.146666666667);
#5318 = AXIS2_PLACEMENT_3D('',#5319,#5320,#5321);
#5319 = CARTESIAN_POINT('',(-2.503333333333,1.,0.146666666667));
#5320 = DIRECTION('',(-2.22044604925E-16,-1.,0.));
#5321 = DIRECTION('',(0.,0.,1.));
#5322 = ORIENTED_EDGE('',*,*,#5323,.T.);
#5323 = EDGE_CURVE('',#5313,#5324,#5326,.T.);
#5324 = VERTEX_POINT('',#5325);
#5325 = CARTESIAN_POINT('',(-2.65,1.,0.811158333333));
#5326 = LINE('',#5327,#5328);
#5327 = CARTESIAN_POINT('',(-2.65,1.,0.));
#5328 = VECTOR('',#5329,1.);
#5329 = DIRECTION('',(0.,0.,1.));
#5330 = ORIENTED_EDGE('',*,*,#5331,.T.);
#5331 = EDGE_CURVE('',#5324,#5332,#5334,.T.);
#5332 = VERTEX_POINT('',#5333);
#5333 = CARTESIAN_POINT('',(-2.503333333333,1.,0.957825));
#5334 = CIRCLE('',#5335,0.146666666667);
#5335 = AXIS2_PLACEMENT_3D('',#5336,#5337,#5338);
#5336 = CARTESIAN_POINT('',(-2.503333333333,1.,0.811158333333));
#5337 = DIRECTION('',(2.22044604925E-16,1.,-0.));
#5338 = DIRECTION('',(0.,0.,1.));
#5339 = ORIENTED_EDGE('',*,*,#5340,.T.);
#5340 = EDGE_CURVE('',#5332,#5341,#5343,.T.);
#5341 = VERTEX_POINT('',#5342);
#5342 = CARTESIAN_POINT('',(-2.43,1.,0.957825));
#5343 = LINE('',#5344,#5345);
#5344 = CARTESIAN_POINT('',(-2.65,1.,0.957825));
#5345 = VECTOR('',#5346,1.);
#5346 = DIRECTION('',(1.,-2.22044604925E-16,0.));
#5347 = ORIENTED_EDGE('',*,*,#5348,.F.);
#5348 = EDGE_CURVE('',#5349,#5341,#5351,.T.);
#5349 = VERTEX_POINT('',#5350);
#5350 = CARTESIAN_POINT('',(-2.43,1.,0.2222));
#5351 = LINE('',#5352,#5353);
#5352 = CARTESIAN_POINT('',(-2.43,1.,0.));
#5353 = VECTOR('',#5354,1.);
#5354 = DIRECTION('',(0.,0.,1.));
#5355 = ORIENTED_EDGE('',*,*,#5356,.T.);
#5356 = EDGE_CURVE('',#5349,#5112,#5357,.T.);
#5357 = LINE('',#5358,#5359);
#5358 = CARTESIAN_POINT('',(-2.43,1.,0.2222));
#5359 = VECTOR('',#5360,1.);
#5360 = DIRECTION('',(1.,-2.22044604925E-16,0.));
#5361 = ORIENTED_EDGE('',*,*,#5111,.F.);
#5362 = ORIENTED_EDGE('',*,*,#5087,.F.);
#5363 = ORIENTED_EDGE('',*,*,#5364,.F.);
#5364 = EDGE_CURVE('',#5365,#5080,#5367,.T.);
#5365 = VERTEX_POINT('',#5366);
#5366 = CARTESIAN_POINT('',(-1.4,1.,0.));
#5367 = LINE('',#5368,#5369);
#5368 = CARTESIAN_POINT('',(-1.4,1.,0.));
#5369 = VECTOR('',#5370,1.);
#5370 = DIRECTION('',(0.,0.,1.));
#5371 = ORIENTED_EDGE('',*,*,#5372,.F.);
#5372 = EDGE_CURVE('',#5315,#5365,#5373,.T.);
#5373 = LINE('',#5374,#5375);
#5374 = CARTESIAN_POINT('',(-2.43,1.,0.));
#5375 = VECTOR('',#5376,1.);
#5376 = DIRECTION('',(1.,-2.22044604925E-16,0.));
#5377 = PLANE('',#5378);
#5378 = AXIS2_PLACEMENT_3D('',#5379,#5380,#5381);
#5379 = CARTESIAN_POINT('',(-2.181840899909,1.,0.302067385793));
#5380 = DIRECTION('',(2.22044604925E-16,1.,0.));
#5381 = DIRECTION('',(0.,-0.,1.));
#5382 = ADVANCED_FACE('',(#5383),#5401,.T.);
#5383 = FACE_BOUND('',#5384,.T.);
#5384 = EDGE_LOOP('',(#5385,#5393,#5394,#5395));
#5385 = ORIENTED_EDGE('',*,*,#5386,.F.);
#5386 = EDGE_CURVE('',#5365,#5387,#5389,.T.);
#5387 = VERTEX_POINT('',#5388);
#5388 = CARTESIAN_POINT('',(-1.4,-1.,0.));
#5389 = LINE('',#5390,#5391);
#5390 = CARTESIAN_POINT('',(-1.4,1.,0.));
#5391 = VECTOR('',#5392,1.);
#5392 = DIRECTION('',(-2.22044604925E-16,-1.,0.));
#5393 = ORIENTED_EDGE('',*,*,#5364,.T.);
#5394 = ORIENTED_EDGE('',*,*,#5079,.F.);
#5395 = ORIENTED_EDGE('',*,*,#5396,.F.);
#5396 = EDGE_CURVE('',#5387,#5072,#5397,.T.);
#5397 = LINE('',#5398,#5399);
#5398 = CARTESIAN_POINT('',(-1.4,-1.,0.));
#5399 = VECTOR('',#5400,1.);
#5400 = DIRECTION('',(0.,0.,1.));
#5401 = PLANE('',#5402);
#5402 = AXIS2_PLACEMENT_3D('',#5403,#5404,#5405);
#5403 = CARTESIAN_POINT('',(-1.4,1.,0.));
#5404 = DIRECTION('',(1.,-2.22044604925E-16,0.));
#5405 = DIRECTION('',(-2.22044604925E-16,-1.,0.));
#5406 = ADVANCED_FACE('',(#5407),#5468,.T.);
#5407 = FACE_BOUND('',#5408,.T.);
#5408 = EDGE_LOOP('',(#5409,#5419,#5428,#5434,#5435,#5436,#5437,#5445,
    #5453,#5461));
#5409 = ORIENTED_EDGE('',*,*,#5410,.F.);
#5410 = EDGE_CURVE('',#5411,#5413,#5415,.T.);
#5411 = VERTEX_POINT('',#5412);
#5412 = CARTESIAN_POINT('',(-2.65,-1.,0.146666666667));
#5413 = VERTEX_POINT('',#5414);
#5414 = CARTESIAN_POINT('',(-2.65,-1.,0.811158333333));
#5415 = LINE('',#5416,#5417);
#5416 = CARTESIAN_POINT('',(-2.65,-1.,0.));
#5417 = VECTOR('',#5418,1.);
#5418 = DIRECTION('',(0.,0.,1.));
#5419 = ORIENTED_EDGE('',*,*,#5420,.T.);
#5420 = EDGE_CURVE('',#5411,#5421,#5423,.T.);
#5421 = VERTEX_POINT('',#5422);
#5422 = CARTESIAN_POINT('',(-2.503333333333,-1.,-2.775557561563E-17));
#5423 = CIRCLE('',#5424,0.146666666667);
#5424 = AXIS2_PLACEMENT_3D('',#5425,#5426,#5427);
#5425 = CARTESIAN_POINT('',(-2.503333333333,-1.,0.146666666667));
#5426 = DIRECTION('',(-2.22044604925E-16,-1.,0.));
#5427 = DIRECTION('',(0.,0.,1.));
#5428 = ORIENTED_EDGE('',*,*,#5429,.F.);
#5429 = EDGE_CURVE('',#5387,#5421,#5430,.T.);
#5430 = LINE('',#5431,#5432);
#5431 = CARTESIAN_POINT('',(-2.43,-1.,0.));
#5432 = VECTOR('',#5433,1.);
#5433 = DIRECTION('',(-1.,2.22044604925E-16,0.));
#5434 = ORIENTED_EDGE('',*,*,#5396,.T.);
#5435 = ORIENTED_EDGE('',*,*,#5071,.F.);
#5436 = ORIENTED_EDGE('',*,*,#5128,.T.);
#5437 = ORIENTED_EDGE('',*,*,#5438,.T.);
#5438 = EDGE_CURVE('',#5122,#5439,#5441,.T.);
#5439 = VERTEX_POINT('',#5440);
#5440 = CARTESIAN_POINT('',(-2.43,-1.,0.2222));
#5441 = LINE('',#5442,#5443);
#5442 = CARTESIAN_POINT('',(-1.4,-1.,0.2222));
#5443 = VECTOR('',#5444,1.);
#5444 = DIRECTION('',(-1.,2.22044604925E-16,0.));
#5445 = ORIENTED_EDGE('',*,*,#5446,.T.);
#5446 = EDGE_CURVE('',#5439,#5447,#5449,.T.);
#5447 = VERTEX_POINT('',#5448);
#5448 = CARTESIAN_POINT('',(-2.43,-1.,0.957825));
#5449 = LINE('',#5450,#5451);
#5450 = CARTESIAN_POINT('',(-2.43,-1.,0.));
#5451 = VECTOR('',#5452,1.);
#5452 = DIRECTION('',(0.,0.,1.));
#5453 = ORIENTED_EDGE('',*,*,#5454,.T.);
#5454 = EDGE_CURVE('',#5447,#5455,#5457,.T.);
#5455 = VERTEX_POINT('',#5456);
#5456 = CARTESIAN_POINT('',(-2.503333333333,-1.,0.957825));
#5457 = LINE('',#5458,#5459);
#5458 = CARTESIAN_POINT('',(-2.43,-1.,0.957825));
#5459 = VECTOR('',#5460,1.);
#5460 = DIRECTION('',(-1.,2.22044604925E-16,0.));
#5461 = ORIENTED_EDGE('',*,*,#5462,.F.);
#5462 = EDGE_CURVE('',#5413,#5455,#5463,.T.);
#5463 = CIRCLE('',#5464,0.146666666667);
#5464 = AXIS2_PLACEMENT_3D('',#5465,#5466,#5467);
#5465 = CARTESIAN_POINT('',(-2.503333333333,-1.,0.811158333333));
#5466 = DIRECTION('',(2.22044604925E-16,1.,-0.));
#5467 = DIRECTION('',(0.,0.,1.));
#5468 = PLANE('',#5469);
#5469 = AXIS2_PLACEMENT_3D('',#5470,#5471,#5472);
#5470 = CARTESIAN_POINT('',(-2.181840899909,-1.,0.302067385793));
#5471 = DIRECTION('',(-2.22044604925E-16,-1.,-0.));
#5472 = DIRECTION('',(0.,0.,-1.));
#5473 = ADVANCED_FACE('',(#5474),#5480,.T.);
#5474 = FACE_BOUND('',#5475,.T.);
#5475 = EDGE_LOOP('',(#5476,#5477,#5478,#5479));
#5476 = ORIENTED_EDGE('',*,*,#5297,.T.);
#5477 = ORIENTED_EDGE('',*,*,#5162,.T.);
#5478 = ORIENTED_EDGE('',*,*,#5056,.F.);
#5479 = ORIENTED_EDGE('',*,*,#5280,.F.);
#5480 = B_SPLINE_SURFACE_WITH_KNOTS('',1,1,(
    (#5481,#5482)
    ,(#5483,#5484
    )),.UNSPECIFIED.,.F.,.F.,.F.,(2,2),(2,2),(0.,3.44494572606),(0.,1.),
  .PIECEWISE_BEZIER_KNOTS.);
#5481 = CARTESIAN_POINT('',(-1.3,1.707013371213,0.));
#5482 = CARTESIAN_POINT('',(-1.3,1.72247286303,0.22));
#5483 = CARTESIAN_POINT('',(-1.3,-1.707013371213,0.));
#5484 = CARTESIAN_POINT('',(-1.3,-1.72247286303,0.22));
#5485 = ADVANCED_FACE('',(#5486),#5492,.T.);
#5486 = FACE_BOUND('',#5487,.T.);
#5487 = EDGE_LOOP('',(#5488,#5489,#5490,#5491));
#5488 = ORIENTED_EDGE('',*,*,#5138,.T.);
#5489 = ORIENTED_EDGE('',*,*,#5185,.T.);
#5490 = ORIENTED_EDGE('',*,*,#5223,.F.);
#5491 = ORIENTED_EDGE('',*,*,#5199,.F.);
#5492 = B_SPLINE_SURFACE_WITH_KNOTS('',1,1,(
    (#5493,#5494)
    ,(#5495,#5496
    )),.UNSPECIFIED.,.F.,.F.,.F.,(2,2),(2,2),(0.,3.55),(0.,1.),
  .PIECEWISE_BEZIER_KNOTS.);
#5493 = CARTESIAN_POINT('',(-2.43,1.775,0.9675));
#5494 = CARTESIAN_POINT('',(-2.346905231482,1.691905231482,2.15));
#5495 = CARTESIAN_POINT('',(-2.43,-1.775,0.9675));
#5496 = CARTESIAN_POINT('',(-2.346905231482,-1.691905231482,2.15));
#5497 = ADVANCED_FACE('',(#5498),#5509,.F.);
#5498 = FACE_BOUND('',#5499,.F.);
#5499 = EDGE_LOOP('',(#5500,#5501,#5502,#5508));
#5500 = ORIENTED_EDGE('',*,*,#5121,.F.);
#5501 = ORIENTED_EDGE('',*,*,#5438,.T.);
#5502 = ORIENTED_EDGE('',*,*,#5503,.T.);
#5503 = EDGE_CURVE('',#5439,#5349,#5504,.T.);
#5504 = LINE('',#5505,#5506);
#5505 = CARTESIAN_POINT('',(-2.43,-1.,0.2222));
#5506 = VECTOR('',#5507,1.);
#5507 = DIRECTION('',(2.22044604925E-16,1.,0.));
#5508 = ORIENTED_EDGE('',*,*,#5356,.T.);
#5509 = PLANE('',#5510);
#5510 = AXIS2_PLACEMENT_3D('',#5511,#5512,#5513);
#5511 = CARTESIAN_POINT('',(-1.915,4.440892098501E-16,0.2222));
#5512 = DIRECTION('',(0.,-0.,-1.));
#5513 = DIRECTION('',(-2.22044604925E-16,-1.,0.));
#5514 = ADVANCED_FACE('',(#5515),#5538,.F.);
#5515 = FACE_BOUND('',#5516,.F.);
#5516 = EDGE_LOOP('',(#5517,#5527,#5532,#5533));
#5517 = ORIENTED_EDGE('',*,*,#5518,.T.);
#5518 = EDGE_CURVE('',#5519,#5521,#5523,.T.);
#5519 = VERTEX_POINT('',#5520);
#5520 = CARTESIAN_POINT('',(-1.663810462964,1.608810462964,2.1478));
#5521 = VERTEX_POINT('',#5522);
#5522 = CARTESIAN_POINT('',(-2.263810462964,1.608810462964,2.1478));
#5523 = LINE('',#5524,#5525);
#5524 = CARTESIAN_POINT('',(-1.663810462964,1.608810462964,2.1478));
#5525 = VECTOR('',#5526,1.);
#5526 = DIRECTION('',(-1.,2.22044604925E-16,0.));
#5527 = ORIENTED_EDGE('',*,*,#5528,.T.);
#5528 = EDGE_CURVE('',#5521,#5235,#5529,.T.);
#5529 = B_SPLINE_CURVE_WITH_KNOTS('',1,(#5530,#5531),.UNSPECIFIED.,.F.,
  .F.,(2,2),(0.,1.),.PIECEWISE_BEZIER_KNOTS.);
#5530 = CARTESIAN_POINT('',(-2.263810462964,1.608810462964,2.1478));
#5531 = CARTESIAN_POINT('',(-2.263810462964,1.608810462964,2.15));
#5532 = ORIENTED_EDGE('',*,*,#5232,.F.);
#5533 = ORIENTED_EDGE('',*,*,#5534,.F.);
#5534 = EDGE_CURVE('',#5519,#5233,#5535,.T.);
#5535 = B_SPLINE_CURVE_WITH_KNOTS('',1,(#5536,#5537),.UNSPECIFIED.,.F.,
  .F.,(2,2),(0.,1.),.PIECEWISE_BEZIER_KNOTS.);
#5536 = CARTESIAN_POINT('',(-1.663810462964,1.608810462964,2.1478));
#5537 = CARTESIAN_POINT('',(-1.663810462964,1.608810462964,2.15));
#5538 = PLANE('',#5539);
#5539 = AXIS2_PLACEMENT_3D('',#5540,#5541,#5542);
#5540 = CARTESIAN_POINT('',(-1.663810462964,1.608810462964,2.15));
#5541 = DIRECTION('',(2.22044604925E-16,1.,0.));
#5542 = DIRECTION('',(-1.,2.22044604925E-16,0.));
#5543 = ADVANCED_FACE('',(#5544),#5561,.F.);
#5544 = FACE_BOUND('',#5545,.F.);
#5545 = EDGE_LOOP('',(#5546,#5554,#5555,#5556));
#5546 = ORIENTED_EDGE('',*,*,#5547,.T.);
#5547 = EDGE_CURVE('',#5548,#5519,#5550,.T.);
#5548 = VERTEX_POINT('',#5549);
#5549 = CARTESIAN_POINT('',(-1.663810462964,-1.608810462964,2.1478));
#5550 = LINE('',#5551,#5552);
#5551 = CARTESIAN_POINT('',(-1.663810462964,-1.608810462964,2.1478));
#5552 = VECTOR('',#5553,1.);
#5553 = DIRECTION('',(2.22044604925E-16,1.,0.));
#5554 = ORIENTED_EDGE('',*,*,#5534,.T.);
#5555 = ORIENTED_EDGE('',*,*,#5258,.F.);
#5556 = ORIENTED_EDGE('',*,*,#5557,.F.);
#5557 = EDGE_CURVE('',#5548,#5251,#5558,.T.);
#5558 = B_SPLINE_CURVE_WITH_KNOTS('',1,(#5559,#5560),.UNSPECIFIED.,.F.,
  .F.,(2,2),(0.,1.),.PIECEWISE_BEZIER_KNOTS.);
#5559 = CARTESIAN_POINT('',(-1.663810462964,-1.608810462964,2.1478));
#5560 = CARTESIAN_POINT('',(-1.663810462964,-1.608810462964,2.15));
#5561 = PLANE('',#5562);
#5562 = AXIS2_PLACEMENT_3D('',#5563,#5564,#5565);
#5563 = CARTESIAN_POINT('',(-1.663810462964,-1.608810462964,2.15));
#5564 = DIRECTION('',(1.,-2.22044604925E-16,0.));
#5565 = DIRECTION('',(2.22044604925E-16,1.,0.));
#5566 = ADVANCED_FACE('',(#5567),#5584,.F.);
#5567 = FACE_BOUND('',#5568,.F.);
#5568 = EDGE_LOOP('',(#5569,#5577,#5578,#5579));
#5569 = ORIENTED_EDGE('',*,*,#5570,.T.);
#5570 = EDGE_CURVE('',#5571,#5548,#5573,.T.);
#5571 = VERTEX_POINT('',#5572);
#5572 = CARTESIAN_POINT('',(-2.263810462964,-1.608810462964,2.1478));
#5573 = LINE('',#5574,#5575);
#5574 = CARTESIAN_POINT('',(-2.263810462964,-1.608810462964,2.1478));
#5575 = VECTOR('',#5576,1.);
#5576 = DIRECTION('',(1.,-2.22044604925E-16,0.));
#5577 = ORIENTED_EDGE('',*,*,#5557,.T.);
#5578 = ORIENTED_EDGE('',*,*,#5250,.F.);
#5579 = ORIENTED_EDGE('',*,*,#5580,.F.);
#5580 = EDGE_CURVE('',#5571,#5243,#5581,.T.);
#5581 = B_SPLINE_CURVE_WITH_KNOTS('',1,(#5582,#5583),.UNSPECIFIED.,.F.,
  .F.,(2,2),(0.,1.),.PIECEWISE_BEZIER_KNOTS.);
#5582 = CARTESIAN_POINT('',(-2.263810462964,-1.608810462964,2.1478));
#5583 = CARTESIAN_POINT('',(-2.263810462964,-1.608810462964,2.15));
#5584 = PLANE('',#5585);
#5585 = AXIS2_PLACEMENT_3D('',#5586,#5587,#5588);
#5586 = CARTESIAN_POINT('',(-2.263810462964,-1.608810462964,2.15));
#5587 = DIRECTION('',(-2.22044604925E-16,-1.,0.));
#5588 = DIRECTION('',(1.,-2.22044604925E-16,0.));
#5589 = ADVANCED_FACE('',(#5590),#5601,.F.);
#5590 = FACE_BOUND('',#5591,.F.);
#5591 = EDGE_LOOP('',(#5592,#5598,#5599,#5600));
#5592 = ORIENTED_EDGE('',*,*,#5593,.T.);
#5593 = EDGE_CURVE('',#5521,#5571,#5594,.T.);
#5594 = LINE('',#5595,#5596);
#5595 = CARTESIAN_POINT('',(-2.263810462964,1.608810462964,2.1478));
#5596 = VECTOR('',#5597,1.);
#5597 = DIRECTION('',(-2.22044604925E-16,-1.,0.));
#5598 = ORIENTED_EDGE('',*,*,#5580,.T.);
#5599 = ORIENTED_EDGE('',*,*,#5242,.F.);
#5600 = ORIENTED_EDGE('',*,*,#5528,.F.);
#5601 = PLANE('',#5602);
#5602 = AXIS2_PLACEMENT_3D('',#5603,#5604,#5605);
#5603 = CARTESIAN_POINT('',(-2.263810462964,1.608810462964,2.15));
#5604 = DIRECTION('',(-1.,2.22044604925E-16,0.));
#5605 = DIRECTION('',(-2.22044604925E-16,-1.,0.));
#5606 = ADVANCED_FACE('',(#5607),#5623,.T.);
#5607 = FACE_BOUND('',#5608,.T.);
#5608 = EDGE_LOOP('',(#5609,#5615,#5616,#5622));
#5609 = ORIENTED_EDGE('',*,*,#5610,.T.);
#5610 = EDGE_CURVE('',#5411,#5313,#5611,.T.);
#5611 = LINE('',#5612,#5613);
#5612 = CARTESIAN_POINT('',(-2.65,-1.,0.146666666667));
#5613 = VECTOR('',#5614,1.);
#5614 = DIRECTION('',(2.22044604925E-16,1.,0.));
#5615 = ORIENTED_EDGE('',*,*,#5312,.T.);
#5616 = ORIENTED_EDGE('',*,*,#5617,.F.);
#5617 = EDGE_CURVE('',#5421,#5315,#5618,.T.);
#5618 = LINE('',#5619,#5620);
#5619 = CARTESIAN_POINT('',(-2.503333333333,-1.,-2.775557561563E-17));
#5620 = VECTOR('',#5621,1.);
#5621 = DIRECTION('',(2.22044604925E-16,1.,0.));
#5622 = ORIENTED_EDGE('',*,*,#5420,.F.);
#5623 = CYLINDRICAL_SURFACE('',#5624,0.146666666667);
#5624 = AXIS2_PLACEMENT_3D('',#5625,#5626,#5627);
#5625 = CARTESIAN_POINT('',(-2.503333333333,-1.,0.146666666667));
#5626 = DIRECTION('',(2.22044604925E-16,1.,0.));
#5627 = DIRECTION('',(-1.,2.22044604925E-16,0.));
#5628 = ADVANCED_FACE('',(#5629),#5635,.T.);
#5629 = FACE_BOUND('',#5630,.T.);
#5630 = EDGE_LOOP('',(#5631,#5632,#5633,#5634));
#5631 = ORIENTED_EDGE('',*,*,#5429,.T.);
#5632 = ORIENTED_EDGE('',*,*,#5617,.T.);
#5633 = ORIENTED_EDGE('',*,*,#5372,.T.);
#5634 = ORIENTED_EDGE('',*,*,#5386,.T.);
#5635 = PLANE('',#5636);
#5636 = AXIS2_PLACEMENT_3D('',#5637,#5638,#5639);
#5637 = CARTESIAN_POINT('',(-1.951666666667,4.691322319676E-16,
    -8.943794505573E-18));
#5638 = DIRECTION('',(1.696061518107E-17,-4.165945518725E-33,-1.));
#5639 = DIRECTION('',(1.,-2.22044604925E-16,1.696061518107E-17));
#5640 = ADVANCED_FACE('',(#5641),#5652,.T.);
#5641 = FACE_BOUND('',#5642,.T.);
#5642 = EDGE_LOOP('',(#5643,#5644,#5645,#5651));
#5643 = ORIENTED_EDGE('',*,*,#5503,.T.);
#5644 = ORIENTED_EDGE('',*,*,#5348,.T.);
#5645 = ORIENTED_EDGE('',*,*,#5646,.T.);
#5646 = EDGE_CURVE('',#5341,#5447,#5647,.T.);
#5647 = LINE('',#5648,#5649);
#5648 = CARTESIAN_POINT('',(-2.43,1.,0.957825));
#5649 = VECTOR('',#5650,1.);
#5650 = DIRECTION('',(-2.22044604925E-16,-1.,0.));
#5651 = ORIENTED_EDGE('',*,*,#5446,.F.);
#5652 = PLANE('',#5653);
#5653 = AXIS2_PLACEMENT_3D('',#5654,#5655,#5656);
#5654 = CARTESIAN_POINT('',(-2.43,1.,0.));
#5655 = DIRECTION('',(1.,-2.22044604925E-16,0.));
#5656 = DIRECTION('',(-2.22044604925E-16,-1.,0.));
#5657 = ADVANCED_FACE('',(#5658),#5669,.F.);
#5658 = FACE_BOUND('',#5659,.F.);
#5659 = EDGE_LOOP('',(#5660,#5661,#5667,#5668));
#5660 = ORIENTED_EDGE('',*,*,#5454,.T.);
#5661 = ORIENTED_EDGE('',*,*,#5662,.T.);
#5662 = EDGE_CURVE('',#5455,#5332,#5663,.T.);
#5663 = LINE('',#5664,#5665);
#5664 = CARTESIAN_POINT('',(-2.503333333333,-1.,0.957825));
#5665 = VECTOR('',#5666,1.);
#5666 = DIRECTION('',(2.22044604925E-16,1.,0.));
#5667 = ORIENTED_EDGE('',*,*,#5340,.T.);
#5668 = ORIENTED_EDGE('',*,*,#5646,.T.);
#5669 = PLANE('',#5670);
#5670 = AXIS2_PLACEMENT_3D('',#5671,#5672,#5673);
#5671 = CARTESIAN_POINT('',(-2.54,6.661338147751E-16,0.957825));
#5672 = DIRECTION('',(0.,-0.,-1.));
#5673 = DIRECTION('',(-2.22044604925E-16,-1.,0.));
#5674 = ADVANCED_FACE('',(#5675),#5686,.T.);
#5675 = FACE_BOUND('',#5676,.T.);
#5676 = EDGE_LOOP('',(#5677,#5678,#5679,#5680));
#5677 = ORIENTED_EDGE('',*,*,#5462,.T.);
#5678 = ORIENTED_EDGE('',*,*,#5662,.T.);
#5679 = ORIENTED_EDGE('',*,*,#5331,.F.);
#5680 = ORIENTED_EDGE('',*,*,#5681,.F.);
#5681 = EDGE_CURVE('',#5413,#5324,#5682,.T.);
#5682 = LINE('',#5683,#5684);
#5683 = CARTESIAN_POINT('',(-2.65,-1.,0.811158333333));
#5684 = VECTOR('',#5685,1.);
#5685 = DIRECTION('',(2.22044604925E-16,1.,0.));
#5686 = CYLINDRICAL_SURFACE('',#5687,0.146666666667);
#5687 = AXIS2_PLACEMENT_3D('',#5688,#5689,#5690);
#5688 = CARTESIAN_POINT('',(-2.503333333333,-1.,0.811158333333));
#5689 = DIRECTION('',(2.22044604925E-16,1.,0.));
#5690 = DIRECTION('',(-1.,2.22044604925E-16,0.));
#5691 = ADVANCED_FACE('',(#5692),#5698,.T.);
#5692 = FACE_BOUND('',#5693,.T.);
#5693 = EDGE_LOOP('',(#5694,#5695,#5696,#5697));
#5694 = ORIENTED_EDGE('',*,*,#5410,.T.);
#5695 = ORIENTED_EDGE('',*,*,#5681,.T.);
#5696 = ORIENTED_EDGE('',*,*,#5323,.F.);
#5697 = ORIENTED_EDGE('',*,*,#5610,.F.);
#5698 = PLANE('',#5699);
#5699 = AXIS2_PLACEMENT_3D('',#5700,#5701,#5702);
#5700 = CARTESIAN_POINT('',(-2.65,-1.,0.));
#5701 = DIRECTION('',(-1.,2.22044604925E-16,0.));
#5702 = DIRECTION('',(2.22044604925E-16,1.,0.));
#5703 = ADVANCED_FACE('',(#5704),#5710,.F.);
#5704 = FACE_BOUND('',#5705,.T.);
#5705 = EDGE_LOOP('',(#5706,#5707,#5708,#5709));
#5706 = ORIENTED_EDGE('',*,*,#5547,.T.);
#5707 = ORIENTED_EDGE('',*,*,#5518,.T.);
#5708 = ORIENTED_EDGE('',*,*,#5593,.T.);
#5709 = ORIENTED_EDGE('',*,*,#5570,.T.);
#5710 = PLANE('',#5711);
#5711 = AXIS2_PLACEMENT_3D('',#5712,#5713,#5714);
#5712 = CARTESIAN_POINT('',(-1.663810462964,-1.608810462964,2.1478));
#5713 = DIRECTION('',(0.,0.,-1.));
#5714 = DIRECTION('',(-0.183313304678,0.983054541889,0.));
#5715 = ( GEOMETRIC_REPRESENTATION_CONTEXT(3) 
GLOBAL_UNCERTAINTY_ASSIGNED_CONTEXT((#5719)) 
GLOBAL_UNIT_ASSIGNED_CONTEXT((#5716,#5717,#5718)) REPRESENTATION_CONTEXT
('Context #1','3D Context with UNIT and UNCERTAINTY') );
#5716 = ( LENGTH_UNIT() NAMED_UNIT(*) SI_UNIT(.MILLI.,.METRE.) );
#5717 = ( NAMED_UNIT(*) PLANE_ANGLE_UNIT() SI_UNIT($,.RADIAN.) );
#5718 = ( NAMED_UNIT(*) SI_UNIT($,.STERADIAN.) SOLID_ANGLE_UNIT() );
#5719 = UNCERTAINTY_MEASURE_WITH_UNIT(LENGTH_MEASURE(1.E-07),#5716,
  'distance_accuracy_value','confusion accuracy');
#5720 = CONTEXT_DEPENDENT_SHAPE_REPRESENTATION(#5721,#5723);
#5721 = ( REPRESENTATION_RELATIONSHIP('','',#4506,#10) 
REPRESENTATION_RELATIONSHIP_WITH_TRANSFORMATION(#5722) 
SHAPE_REPRESENTATION_RELATIONSHIP() );
#5722 = ITEM_DEFINED_TRANSFORMATION('','',#11,#27);
#5723 = PRODUCT_DEFINITION_SHAPE('Placement','Placement of an item',
  #5724);
#5724 = NEXT_ASSEMBLY_USAGE_OCCURRENCE('4','D2','',#5,#4501,$);
#5725 = PRODUCT_RELATED_PRODUCT_CATEGORY('part',$,(#4503));
#5726 = CONTEXT_DEPENDENT_SHAPE_REPRESENTATION(#5727,#5729);
#5727 = ( REPRESENTATION_RELATIONSHIP('','',#152,#10) 
REPRESENTATION_RELATIONSHIP_WITH_TRANSFORMATION(#5728) 
SHAPE_REPRESENTATION_RELATIONSHIP() );
#5728 = ITEM_DEFINED_TRANSFORMATION('','',#11,#31);
#5729 = PRODUCT_DEFINITION_SHAPE('Placement','Placement of an item',
  #5730);
#5730 = NEXT_ASSEMBLY_USAGE_OCCURRENCE('5','RM1','',#5,#147,$);
#5731 = SHAPE_DEFINITION_REPRESENTATION(#5732,#5738);
#5732 = PRODUCT_DEFINITION_SHAPE('','',#5733);
#5733 = PRODUCT_DEFINITION('design','',#5734,#5737);
#5734 = PRODUCT_DEFINITION_FORMATION('','',#5735);
#5735 = PRODUCT('R_0603_1608Metric','R_0603_1608Metric','',(#5736));
#5736 = PRODUCT_CONTEXT('',#2,'mechanical');
#5737 = PRODUCT_DEFINITION_CONTEXT('part definition',#2,'design');
#5738 = ADVANCED_BREP_SHAPE_REPRESENTATION('',(#11,#5739),#6529);
#5739 = MANIFOLD_SOLID_BREP('',#5740);
#5740 = CLOSED_SHELL('',(#5741,#5781,#5864,#5889,#5914,#5981,#5998,#6015
    ,#6064,#6081,#6098,#6147,#6164,#6233,#6264,#6288,#6357,#6381,#6398,
    #6415,#6432,#6449,#6466,#6483,#6500,#6517));
#5741 = ADVANCED_FACE('',(#5742),#5776,.F.);
#5742 = FACE_BOUND('',#5743,.F.);
#5743 = EDGE_LOOP('',(#5744,#5754,#5762,#5770));
#5744 = ORIENTED_EDGE('',*,*,#5745,.F.);
#5745 = EDGE_CURVE('',#5746,#5748,#5750,.T.);
#5746 = VERTEX_POINT('',#5747);
#5747 = CARTESIAN_POINT('',(-0.8,-0.4,4.5E-02));
#5748 = VERTEX_POINT('',#5749);
#5749 = CARTESIAN_POINT('',(-0.8,-0.4,0.405));
#5750 = LINE('',#5751,#5752);
#5751 = CARTESIAN_POINT('',(-0.8,-0.4,0.));
#5752 = VECTOR('',#5753,1.);
#5753 = DIRECTION('',(0.,0.,1.));
#5754 = ORIENTED_EDGE('',*,*,#5755,.T.);
#5755 = EDGE_CURVE('',#5746,#5756,#5758,.T.);
#5756 = VERTEX_POINT('',#5757);
#5757 = CARTESIAN_POINT('',(-0.8,0.4,4.5E-02));
#5758 = LINE('',#5759,#5760);
#5759 = CARTESIAN_POINT('',(-0.8,-0.4,4.5E-02));
#5760 = VECTOR('',#5761,1.);
#5761 = DIRECTION('',(0.,1.,0.));
#5762 = ORIENTED_EDGE('',*,*,#5763,.T.);
#5763 = EDGE_CURVE('',#5756,#5764,#5766,.T.);
#5764 = VERTEX_POINT('',#5765);
#5765 = CARTESIAN_POINT('',(-0.8,0.4,0.405));
#5766 = LINE('',#5767,#5768);
#5767 = CARTESIAN_POINT('',(-0.8,0.4,0.));
#5768 = VECTOR('',#5769,1.);
#5769 = DIRECTION('',(0.,0.,1.));
#5770 = ORIENTED_EDGE('',*,*,#5771,.F.);
#5771 = EDGE_CURVE('',#5748,#5764,#5772,.T.);
#5772 = LINE('',#5773,#5774);
#5773 = CARTESIAN_POINT('',(-0.8,-0.4,0.405));
#5774 = VECTOR('',#5775,1.);
#5775 = DIRECTION('',(0.,1.,0.));
#5776 = PLANE('',#5777);
#5777 = AXIS2_PLACEMENT_3D('',#5778,#5779,#5780);
#5778 = CARTESIAN_POINT('',(-0.8,-0.4,0.));
#5779 = DIRECTION('',(1.,0.,0.));
#5780 = DIRECTION('',(0.,0.,1.));
#5781 = ADVANCED_FACE('',(#5782),#5859,.F.);
#5782 = FACE_BOUND('',#5783,.F.);
#5783 = EDGE_LOOP('',(#5784,#5794,#5801,#5802,#5811,#5819,#5828,#5836,
    #5844,#5852));
#5784 = ORIENTED_EDGE('',*,*,#5785,.F.);
#5785 = EDGE_CURVE('',#5786,#5788,#5790,.T.);
#5786 = VERTEX_POINT('',#5787);
#5787 = CARTESIAN_POINT('',(-0.755,-0.4,-2.775557561563E-17));
#5788 = VERTEX_POINT('',#5789);
#5789 = CARTESIAN_POINT('',(-0.545,-0.4,-2.775557561563E-17));
#5790 = LINE('',#5791,#5792);
#5791 = CARTESIAN_POINT('',(-0.8,-0.4,0.));
#5792 = VECTOR('',#5793,1.);
#5793 = DIRECTION('',(1.,0.,0.));
#5794 = ORIENTED_EDGE('',*,*,#5795,.F.);
#5795 = EDGE_CURVE('',#5746,#5786,#5796,.T.);
#5796 = CIRCLE('',#5797,4.5E-02);
#5797 = AXIS2_PLACEMENT_3D('',#5798,#5799,#5800);
#5798 = CARTESIAN_POINT('',(-0.755,-0.4,4.5E-02));
#5799 = DIRECTION('',(0.,-1.,0.));
#5800 = DIRECTION('',(0.,0.,1.));
#5801 = ORIENTED_EDGE('',*,*,#5745,.T.);
#5802 = ORIENTED_EDGE('',*,*,#5803,.T.);
#5803 = EDGE_CURVE('',#5748,#5804,#5806,.T.);
#5804 = VERTEX_POINT('',#5805);
#5805 = CARTESIAN_POINT('',(-0.755,-0.4,0.45));
#5806 = CIRCLE('',#5807,4.5E-02);
#5807 = AXIS2_PLACEMENT_3D('',#5808,#5809,#5810);
#5808 = CARTESIAN_POINT('',(-0.755,-0.4,0.405));
#5809 = DIRECTION('',(0.,1.,0.));
#5810 = DIRECTION('',(0.,-0.,1.));
#5811 = ORIENTED_EDGE('',*,*,#5812,.T.);
#5812 = EDGE_CURVE('',#5804,#5813,#5815,.T.);
#5813 = VERTEX_POINT('',#5814);
#5814 = CARTESIAN_POINT('',(-0.545,-0.4,0.45));
#5815 = LINE('',#5816,#5817);
#5816 = CARTESIAN_POINT('',(-0.8,-0.4,0.45));
#5817 = VECTOR('',#5818,1.);
#5818 = DIRECTION('',(1.,0.,0.));
#5819 = ORIENTED_EDGE('',*,*,#5820,.F.);
#5820 = EDGE_CURVE('',#5821,#5813,#5823,.T.);
#5821 = VERTEX_POINT('',#5822);
#5822 = CARTESIAN_POINT('',(-0.5,-0.4,0.405));
#5823 = CIRCLE('',#5824,4.5E-02);
#5824 = AXIS2_PLACEMENT_3D('',#5825,#5826,#5827);
#5825 = CARTESIAN_POINT('',(-0.545,-0.4,0.405));
#5826 = DIRECTION('',(0.,-1.,0.));
#5827 = DIRECTION('',(0.,0.,1.));
#5828 = ORIENTED_EDGE('',*,*,#5829,.F.);
#5829 = EDGE_CURVE('',#5830,#5821,#5832,.T.);
#5830 = VERTEX_POINT('',#5831);
#5831 = CARTESIAN_POINT('',(-0.755,-0.4,0.405));
#5832 = LINE('',#5833,#5834);
#5833 = CARTESIAN_POINT('',(-0.755,-0.4,0.405));
#5834 = VECTOR('',#5835,1.);
#5835 = DIRECTION('',(1.,0.,0.));
#5836 = ORIENTED_EDGE('',*,*,#5837,.F.);
#5837 = EDGE_CURVE('',#5838,#5830,#5840,.T.);
#5838 = VERTEX_POINT('',#5839);
#5839 = CARTESIAN_POINT('',(-0.755,-0.4,4.5E-02));
#5840 = LINE('',#5841,#5842);
#5841 = CARTESIAN_POINT('',(-0.755,-0.4,4.5E-02));
#5842 = VECTOR('',#5843,1.);
#5843 = DIRECTION('',(0.,0.,1.));
#5844 = ORIENTED_EDGE('',*,*,#5845,.T.);
#5845 = EDGE_CURVE('',#5838,#5846,#5848,.T.);
#5846 = VERTEX_POINT('',#5847);
#5847 = CARTESIAN_POINT('',(-0.5,-0.4,4.5E-02));
#5848 = LINE('',#5849,#5850);
#5849 = CARTESIAN_POINT('',(-0.755,-0.4,4.5E-02));
#5850 = VECTOR('',#5851,1.);
#5851 = DIRECTION('',(1.,0.,0.));
#5852 = ORIENTED_EDGE('',*,*,#5853,.T.);
#5853 = EDGE_CURVE('',#5846,#5788,#5854,.T.);
#5854 = CIRCLE('',#5855,4.5E-02);
#5855 = AXIS2_PLACEMENT_3D('',#5856,#5857,#5858);
#5856 = CARTESIAN_POINT('',(-0.545,-0.4,4.5E-02));
#5857 = DIRECTION('',(0.,1.,0.));
#5858 = DIRECTION('',(0.,-0.,1.));
#5859 = PLANE('',#5860);
#5860 = AXIS2_PLACEMENT_3D('',#5861,#5862,#5863);
#5861 = CARTESIAN_POINT('',(-0.8,-0.4,0.));
#5862 = DIRECTION('',(0.,1.,0.));
#5863 = DIRECTION('',(0.,-0.,1.));
#5864 = ADVANCED_FACE('',(#5865),#5884,.T.);
#5865 = FACE_BOUND('',#5866,.T.);
#5866 = EDGE_LOOP('',(#5867,#5868,#5877,#5883));
#5867 = ORIENTED_EDGE('',*,*,#5755,.T.);
#5868 = ORIENTED_EDGE('',*,*,#5869,.T.);
#5869 = EDGE_CURVE('',#5756,#5870,#5872,.T.);
#5870 = VERTEX_POINT('',#5871);
#5871 = CARTESIAN_POINT('',(-0.755,0.4,-2.775557561563E-17));
#5872 = CIRCLE('',#5873,4.5E-02);
#5873 = AXIS2_PLACEMENT_3D('',#5874,#5875,#5876);
#5874 = CARTESIAN_POINT('',(-0.755,0.4,4.5E-02));
#5875 = DIRECTION('',(0.,-1.,0.));
#5876 = DIRECTION('',(0.,0.,1.));
#5877 = ORIENTED_EDGE('',*,*,#5878,.F.);
#5878 = EDGE_CURVE('',#5786,#5870,#5879,.T.);
#5879 = LINE('',#5880,#5881);
#5880 = CARTESIAN_POINT('',(-0.755,-0.4,-2.775557561563E-17));
#5881 = VECTOR('',#5882,1.);
#5882 = DIRECTION('',(0.,1.,0.));
#5883 = ORIENTED_EDGE('',*,*,#5795,.F.);
#5884 = CYLINDRICAL_SURFACE('',#5885,4.5E-02);
#5885 = AXIS2_PLACEMENT_3D('',#5886,#5887,#5888);
#5886 = CARTESIAN_POINT('',(-0.755,-0.4,4.5E-02));
#5887 = DIRECTION('',(0.,1.,0.));
#5888 = DIRECTION('',(-1.,0.,0.));
#5889 = ADVANCED_FACE('',(#5890),#5909,.T.);
#5890 = FACE_BOUND('',#5891,.T.);
#5891 = EDGE_LOOP('',(#5892,#5893,#5901,#5908));
#5892 = ORIENTED_EDGE('',*,*,#5803,.T.);
#5893 = ORIENTED_EDGE('',*,*,#5894,.T.);
#5894 = EDGE_CURVE('',#5804,#5895,#5897,.T.);
#5895 = VERTEX_POINT('',#5896);
#5896 = CARTESIAN_POINT('',(-0.755,0.4,0.45));
#5897 = LINE('',#5898,#5899);
#5898 = CARTESIAN_POINT('',(-0.755,-0.4,0.45));
#5899 = VECTOR('',#5900,1.);
#5900 = DIRECTION('',(0.,1.,0.));
#5901 = ORIENTED_EDGE('',*,*,#5902,.F.);
#5902 = EDGE_CURVE('',#5764,#5895,#5903,.T.);
#5903 = CIRCLE('',#5904,4.5E-02);
#5904 = AXIS2_PLACEMENT_3D('',#5905,#5906,#5907);
#5905 = CARTESIAN_POINT('',(-0.755,0.4,0.405));
#5906 = DIRECTION('',(0.,1.,0.));
#5907 = DIRECTION('',(0.,-0.,1.));
#5908 = ORIENTED_EDGE('',*,*,#5771,.F.);
#5909 = CYLINDRICAL_SURFACE('',#5910,4.5E-02);
#5910 = AXIS2_PLACEMENT_3D('',#5911,#5912,#5913);
#5911 = CARTESIAN_POINT('',(-0.755,-0.4,0.405));
#5912 = DIRECTION('',(0.,1.,0.));
#5913 = DIRECTION('',(-1.,0.,0.));
#5914 = ADVANCED_FACE('',(#5915),#5976,.T.);
#5915 = FACE_BOUND('',#5916,.T.);
#5916 = EDGE_LOOP('',(#5917,#5925,#5926,#5927,#5928,#5936,#5945,#5953,
    #5961,#5969));
#5917 = ORIENTED_EDGE('',*,*,#5918,.F.);
#5918 = EDGE_CURVE('',#5870,#5919,#5921,.T.);
#5919 = VERTEX_POINT('',#5920);
#5920 = CARTESIAN_POINT('',(-0.545,0.4,-2.775557561563E-17));
#5921 = LINE('',#5922,#5923);
#5922 = CARTESIAN_POINT('',(-0.8,0.4,0.));
#5923 = VECTOR('',#5924,1.);
#5924 = DIRECTION('',(1.,0.,0.));
#5925 = ORIENTED_EDGE('',*,*,#5869,.F.);
#5926 = ORIENTED_EDGE('',*,*,#5763,.T.);
#5927 = ORIENTED_EDGE('',*,*,#5902,.T.);
#5928 = ORIENTED_EDGE('',*,*,#5929,.T.);
#5929 = EDGE_CURVE('',#5895,#5930,#5932,.T.);
#5930 = VERTEX_POINT('',#5931);
#5931 = CARTESIAN_POINT('',(-0.545,0.4,0.45));
#5932 = LINE('',#5933,#5934);
#5933 = CARTESIAN_POINT('',(-0.8,0.4,0.45));
#5934 = VECTOR('',#5935,1.);
#5935 = DIRECTION('',(1.,0.,0.));
#5936 = ORIENTED_EDGE('',*,*,#5937,.F.);
#5937 = EDGE_CURVE('',#5938,#5930,#5940,.T.);
#5938 = VERTEX_POINT('',#5939);
#5939 = CARTESIAN_POINT('',(-0.5,0.4,0.405));
#5940 = CIRCLE('',#5941,4.5E-02);
#5941 = AXIS2_PLACEMENT_3D('',#5942,#5943,#5944);
#5942 = CARTESIAN_POINT('',(-0.545,0.4,0.405));
#5943 = DIRECTION('',(0.,-1.,0.));
#5944 = DIRECTION('',(0.,0.,1.));
#5945 = ORIENTED_EDGE('',*,*,#5946,.F.);
#5946 = EDGE_CURVE('',#5947,#5938,#5949,.T.);
#5947 = VERTEX_POINT('',#5948);
#5948 = CARTESIAN_POINT('',(-0.755,0.4,0.405));
#5949 = LINE('',#5950,#5951);
#5950 = CARTESIAN_POINT('',(-0.755,0.4,0.405));
#5951 = VECTOR('',#5952,1.);
#5952 = DIRECTION('',(1.,0.,0.));
#5953 = ORIENTED_EDGE('',*,*,#5954,.F.);
#5954 = EDGE_CURVE('',#5955,#5947,#5957,.T.);
#5955 = VERTEX_POINT('',#5956);
#5956 = CARTESIAN_POINT('',(-0.755,0.4,4.5E-02));
#5957 = LINE('',#5958,#5959);
#5958 = CARTESIAN_POINT('',(-0.755,0.4,4.5E-02));
#5959 = VECTOR('',#5960,1.);
#5960 = DIRECTION('',(0.,0.,1.));
#5961 = ORIENTED_EDGE('',*,*,#5962,.T.);
#5962 = EDGE_CURVE('',#5955,#5963,#5965,.T.);
#5963 = VERTEX_POINT('',#5964);
#5964 = CARTESIAN_POINT('',(-0.5,0.4,4.5E-02));
#5965 = LINE('',#5966,#5967);
#5966 = CARTESIAN_POINT('',(-0.755,0.4,4.5E-02));
#5967 = VECTOR('',#5968,1.);
#5968 = DIRECTION('',(1.,0.,0.));
#5969 = ORIENTED_EDGE('',*,*,#5970,.T.);
#5970 = EDGE_CURVE('',#5963,#5919,#5971,.T.);
#5971 = CIRCLE('',#5972,4.5E-02);
#5972 = AXIS2_PLACEMENT_3D('',#5973,#5974,#5975);
#5973 = CARTESIAN_POINT('',(-0.545,0.4,4.5E-02));
#5974 = DIRECTION('',(0.,1.,0.));
#5975 = DIRECTION('',(0.,-0.,1.));
#5976 = PLANE('',#5977);
#5977 = AXIS2_PLACEMENT_3D('',#5978,#5979,#5980);
#5978 = CARTESIAN_POINT('',(-0.8,0.4,0.));
#5979 = DIRECTION('',(0.,1.,0.));
#5980 = DIRECTION('',(0.,-0.,1.));
#5981 = ADVANCED_FACE('',(#5982),#5993,.F.);
#5982 = FACE_BOUND('',#5983,.F.);
#5983 = EDGE_LOOP('',(#5984,#5985,#5986,#5987));
#5984 = ORIENTED_EDGE('',*,*,#5918,.F.);
#5985 = ORIENTED_EDGE('',*,*,#5878,.F.);
#5986 = ORIENTED_EDGE('',*,*,#5785,.T.);
#5987 = ORIENTED_EDGE('',*,*,#5988,.T.);
#5988 = EDGE_CURVE('',#5788,#5919,#5989,.T.);
#5989 = LINE('',#5990,#5991);
#5990 = CARTESIAN_POINT('',(-0.545,-0.4,-2.775557561563E-17));
#5991 = VECTOR('',#5992,1.);
#5992 = DIRECTION('',(0.,1.,0.));
#5993 = PLANE('',#5994);
#5994 = AXIS2_PLACEMENT_3D('',#5995,#5996,#5997);
#5995 = CARTESIAN_POINT('',(-0.8,-0.4,0.));
#5996 = DIRECTION('',(0.,0.,1.));
#5997 = DIRECTION('',(1.,0.,-0.));
#5998 = ADVANCED_FACE('',(#5999),#6010,.T.);
#5999 = FACE_BOUND('',#6000,.T.);
#6000 = EDGE_LOOP('',(#6001,#6002,#6003,#6004));
#6001 = ORIENTED_EDGE('',*,*,#5853,.T.);
#6002 = ORIENTED_EDGE('',*,*,#5988,.T.);
#6003 = ORIENTED_EDGE('',*,*,#5970,.F.);
#6004 = ORIENTED_EDGE('',*,*,#6005,.F.);
#6005 = EDGE_CURVE('',#5846,#5963,#6006,.T.);
#6006 = LINE('',#6007,#6008);
#6007 = CARTESIAN_POINT('',(-0.5,-0.4,4.5E-02));
#6008 = VECTOR('',#6009,1.);
#6009 = DIRECTION('',(0.,1.,0.));
#6010 = CYLINDRICAL_SURFACE('',#6011,4.5E-02);
#6011 = AXIS2_PLACEMENT_3D('',#6012,#6013,#6014);
#6012 = CARTESIAN_POINT('',(-0.545,-0.4,4.5E-02));
#6013 = DIRECTION('',(0.,1.,0.));
#6014 = DIRECTION('',(1.,0.,0.));
#6015 = ADVANCED_FACE('',(#6016),#6059,.F.);
#6016 = FACE_BOUND('',#6017,.F.);
#6017 = EDGE_LOOP('',(#6018,#6019,#6020,#6021,#6029,#6037,#6045,#6053));
#6018 = ORIENTED_EDGE('',*,*,#5845,.F.);
#6019 = ORIENTED_EDGE('',*,*,#5837,.T.);
#6020 = ORIENTED_EDGE('',*,*,#5829,.T.);
#6021 = ORIENTED_EDGE('',*,*,#6022,.T.);
#6022 = EDGE_CURVE('',#5821,#6023,#6025,.T.);
#6023 = VERTEX_POINT('',#6024);
#6024 = CARTESIAN_POINT('',(0.5,-0.4,0.405));
#6025 = LINE('',#6026,#6027);
#6026 = CARTESIAN_POINT('',(-0.5,-0.4,0.405));
#6027 = VECTOR('',#6028,1.);
#6028 = DIRECTION('',(1.,0.,0.));
#6029 = ORIENTED_EDGE('',*,*,#6030,.T.);
#6030 = EDGE_CURVE('',#6023,#6031,#6033,.T.);
#6031 = VERTEX_POINT('',#6032);
#6032 = CARTESIAN_POINT('',(0.755,-0.4,0.405));
#6033 = LINE('',#6034,#6035);
#6034 = CARTESIAN_POINT('',(-0.755,-0.4,0.405));
#6035 = VECTOR('',#6036,1.);
#6036 = DIRECTION('',(1.,0.,0.));
#6037 = ORIENTED_EDGE('',*,*,#6038,.F.);
#6038 = EDGE_CURVE('',#6039,#6031,#6041,.T.);
#6039 = VERTEX_POINT('',#6040);
#6040 = CARTESIAN_POINT('',(0.755,-0.4,4.5E-02));
#6041 = LINE('',#6042,#6043);
#6042 = CARTESIAN_POINT('',(0.755,-0.4,4.5E-02));
#6043 = VECTOR('',#6044,1.);
#6044 = DIRECTION('',(0.,0.,1.));
#6045 = ORIENTED_EDGE('',*,*,#6046,.F.);
#6046 = EDGE_CURVE('',#6047,#6039,#6049,.T.);
#6047 = VERTEX_POINT('',#6048);
#6048 = CARTESIAN_POINT('',(0.5,-0.4,4.5E-02));
#6049 = LINE('',#6050,#6051);
#6050 = CARTESIAN_POINT('',(-0.755,-0.4,4.5E-02));
#6051 = VECTOR('',#6052,1.);
#6052 = DIRECTION('',(1.,0.,0.));
#6053 = ORIENTED_EDGE('',*,*,#6054,.F.);
#6054 = EDGE_CURVE('',#5846,#6047,#6055,.T.);
#6055 = LINE('',#6056,#6057);
#6056 = CARTESIAN_POINT('',(-0.755,-0.4,4.5E-02));
#6057 = VECTOR('',#6058,1.);
#6058 = DIRECTION('',(1.,0.,0.));
#6059 = PLANE('',#6060);
#6060 = AXIS2_PLACEMENT_3D('',#6061,#6062,#6063);
#6061 = CARTESIAN_POINT('',(-0.755,-0.4,4.5E-02));
#6062 = DIRECTION('',(0.,1.,0.));
#6063 = DIRECTION('',(0.,-0.,1.));
#6064 = ADVANCED_FACE('',(#6065),#6076,.T.);
#6065 = FACE_BOUND('',#6066,.T.);
#6066 = EDGE_LOOP('',(#6067,#6068,#6069,#6070));
#6067 = ORIENTED_EDGE('',*,*,#5929,.F.);
#6068 = ORIENTED_EDGE('',*,*,#5894,.F.);
#6069 = ORIENTED_EDGE('',*,*,#5812,.T.);
#6070 = ORIENTED_EDGE('',*,*,#6071,.T.);
#6071 = EDGE_CURVE('',#5813,#5930,#6072,.T.);
#6072 = LINE('',#6073,#6074);
#6073 = CARTESIAN_POINT('',(-0.545,-0.4,0.45));
#6074 = VECTOR('',#6075,1.);
#6075 = DIRECTION('',(0.,1.,0.));
#6076 = PLANE('',#6077);
#6077 = AXIS2_PLACEMENT_3D('',#6078,#6079,#6080);
#6078 = CARTESIAN_POINT('',(-0.8,-0.4,0.45));
#6079 = DIRECTION('',(0.,0.,1.));
#6080 = DIRECTION('',(1.,0.,-0.));
#6081 = ADVANCED_FACE('',(#6082),#6093,.T.);
#6082 = FACE_BOUND('',#6083,.T.);
#6083 = EDGE_LOOP('',(#6084,#6090,#6091,#6092));
#6084 = ORIENTED_EDGE('',*,*,#6085,.T.);
#6085 = EDGE_CURVE('',#5821,#5938,#6086,.T.);
#6086 = LINE('',#6087,#6088);
#6087 = CARTESIAN_POINT('',(-0.5,-0.4,0.405));
#6088 = VECTOR('',#6089,1.);
#6089 = DIRECTION('',(0.,1.,0.));
#6090 = ORIENTED_EDGE('',*,*,#5937,.T.);
#6091 = ORIENTED_EDGE('',*,*,#6071,.F.);
#6092 = ORIENTED_EDGE('',*,*,#5820,.F.);
#6093 = CYLINDRICAL_SURFACE('',#6094,4.5E-02);
#6094 = AXIS2_PLACEMENT_3D('',#6095,#6096,#6097);
#6095 = CARTESIAN_POINT('',(-0.545,-0.4,0.405));
#6096 = DIRECTION('',(0.,1.,0.));
#6097 = DIRECTION('',(1.,0.,0.));
#6098 = ADVANCED_FACE('',(#6099),#6142,.T.);
#6099 = FACE_BOUND('',#6100,.T.);
#6100 = EDGE_LOOP('',(#6101,#6102,#6103,#6104,#6112,#6120,#6128,#6136));
#6101 = ORIENTED_EDGE('',*,*,#5962,.F.);
#6102 = ORIENTED_EDGE('',*,*,#5954,.T.);
#6103 = ORIENTED_EDGE('',*,*,#5946,.T.);
#6104 = ORIENTED_EDGE('',*,*,#6105,.T.);
#6105 = EDGE_CURVE('',#5938,#6106,#6108,.T.);
#6106 = VERTEX_POINT('',#6107);
#6107 = CARTESIAN_POINT('',(0.5,0.4,0.405));
#6108 = LINE('',#6109,#6110);
#6109 = CARTESIAN_POINT('',(-0.5,0.4,0.405));
#6110 = VECTOR('',#6111,1.);
#6111 = DIRECTION('',(1.,0.,0.));
#6112 = ORIENTED_EDGE('',*,*,#6113,.T.);
#6113 = EDGE_CURVE('',#6106,#6114,#6116,.T.);
#6114 = VERTEX_POINT('',#6115);
#6115 = CARTESIAN_POINT('',(0.755,0.4,0.405));
#6116 = LINE('',#6117,#6118);
#6117 = CARTESIAN_POINT('',(-0.755,0.4,0.405));
#6118 = VECTOR('',#6119,1.);
#6119 = DIRECTION('',(1.,0.,0.));
#6120 = ORIENTED_EDGE('',*,*,#6121,.F.);
#6121 = EDGE_CURVE('',#6122,#6114,#6124,.T.);
#6122 = VERTEX_POINT('',#6123);
#6123 = CARTESIAN_POINT('',(0.755,0.4,4.5E-02));
#6124 = LINE('',#6125,#6126);
#6125 = CARTESIAN_POINT('',(0.755,0.4,4.5E-02));
#6126 = VECTOR('',#6127,1.);
#6127 = DIRECTION('',(0.,0.,1.));
#6128 = ORIENTED_EDGE('',*,*,#6129,.F.);
#6129 = EDGE_CURVE('',#6130,#6122,#6132,.T.);
#6130 = VERTEX_POINT('',#6131);
#6131 = CARTESIAN_POINT('',(0.5,0.4,4.5E-02));
#6132 = LINE('',#6133,#6134);
#6133 = CARTESIAN_POINT('',(-0.755,0.4,4.5E-02));
#6134 = VECTOR('',#6135,1.);
#6135 = DIRECTION('',(1.,0.,0.));
#6136 = ORIENTED_EDGE('',*,*,#6137,.F.);
#6137 = EDGE_CURVE('',#5963,#6130,#6138,.T.);
#6138 = LINE('',#6139,#6140);
#6139 = CARTESIAN_POINT('',(-0.755,0.4,4.5E-02));
#6140 = VECTOR('',#6141,1.);
#6141 = DIRECTION('',(1.,0.,0.));
#6142 = PLANE('',#6143);
#6143 = AXIS2_PLACEMENT_3D('',#6144,#6145,#6146);
#6144 = CARTESIAN_POINT('',(-0.755,0.4,4.5E-02));
#6145 = DIRECTION('',(0.,1.,0.));
#6146 = DIRECTION('',(0.,-0.,1.));
#6147 = ADVANCED_FACE('',(#6148),#6159,.F.);
#6148 = FACE_BOUND('',#6149,.F.);
#6149 = EDGE_LOOP('',(#6150,#6151,#6152,#6158));
#6150 = ORIENTED_EDGE('',*,*,#6005,.F.);
#6151 = ORIENTED_EDGE('',*,*,#6054,.T.);
#6152 = ORIENTED_EDGE('',*,*,#6153,.T.);
#6153 = EDGE_CURVE('',#6047,#6130,#6154,.T.);
#6154 = LINE('',#6155,#6156);
#6155 = CARTESIAN_POINT('',(0.5,-0.4,4.5E-02));
#6156 = VECTOR('',#6157,1.);
#6157 = DIRECTION('',(0.,1.,0.));
#6158 = ORIENTED_EDGE('',*,*,#6137,.F.);
#6159 = PLANE('',#6160);
#6160 = AXIS2_PLACEMENT_3D('',#6161,#6162,#6163);
#6161 = CARTESIAN_POINT('',(-0.755,-0.4,4.5E-02));
#6162 = DIRECTION('',(0.,0.,1.));
#6163 = DIRECTION('',(1.,0.,-0.));
#6164 = ADVANCED_FACE('',(#6165),#6228,.F.);
#6165 = FACE_BOUND('',#6166,.F.);
#6166 = EDGE_LOOP('',(#6167,#6177,#6184,#6185,#6186,#6187,#6196,#6204,
    #6213,#6221));
#6167 = ORIENTED_EDGE('',*,*,#6168,.F.);
#6168 = EDGE_CURVE('',#6169,#6171,#6173,.T.);
#6169 = VERTEX_POINT('',#6170);
#6170 = CARTESIAN_POINT('',(0.545,-0.4,-2.775557561563E-17));
#6171 = VERTEX_POINT('',#6172);
#6172 = CARTESIAN_POINT('',(0.755,-0.4,-2.775557561563E-17));
#6173 = LINE('',#6174,#6175);
#6174 = CARTESIAN_POINT('',(0.5,-0.4,0.));
#6175 = VECTOR('',#6176,1.);
#6176 = DIRECTION('',(1.,0.,0.));
#6177 = ORIENTED_EDGE('',*,*,#6178,.F.);
#6178 = EDGE_CURVE('',#6047,#6169,#6179,.T.);
#6179 = CIRCLE('',#6180,4.5E-02);
#6180 = AXIS2_PLACEMENT_3D('',#6181,#6182,#6183);
#6181 = CARTESIAN_POINT('',(0.545,-0.4,4.5E-02));
#6182 = DIRECTION('',(0.,-1.,0.));
#6183 = DIRECTION('',(0.,0.,1.));
#6184 = ORIENTED_EDGE('',*,*,#6046,.T.);
#6185 = ORIENTED_EDGE('',*,*,#6038,.T.);
#6186 = ORIENTED_EDGE('',*,*,#6030,.F.);
#6187 = ORIENTED_EDGE('',*,*,#6188,.T.);
#6188 = EDGE_CURVE('',#6023,#6189,#6191,.T.);
#6189 = VERTEX_POINT('',#6190);
#6190 = CARTESIAN_POINT('',(0.545,-0.4,0.45));
#6191 = CIRCLE('',#6192,4.5E-02);
#6192 = AXIS2_PLACEMENT_3D('',#6193,#6194,#6195);
#6193 = CARTESIAN_POINT('',(0.545,-0.4,0.405));
#6194 = DIRECTION('',(0.,1.,0.));
#6195 = DIRECTION('',(0.,-0.,1.));
#6196 = ORIENTED_EDGE('',*,*,#6197,.T.);
#6197 = EDGE_CURVE('',#6189,#6198,#6200,.T.);
#6198 = VERTEX_POINT('',#6199);
#6199 = CARTESIAN_POINT('',(0.755,-0.4,0.45));
#6200 = LINE('',#6201,#6202);
#6201 = CARTESIAN_POINT('',(0.5,-0.4,0.45));
#6202 = VECTOR('',#6203,1.);
#6203 = DIRECTION('',(1.,0.,0.));
#6204 = ORIENTED_EDGE('',*,*,#6205,.F.);
#6205 = EDGE_CURVE('',#6206,#6198,#6208,.T.);
#6206 = VERTEX_POINT('',#6207);
#6207 = CARTESIAN_POINT('',(0.8,-0.4,0.405));
#6208 = CIRCLE('',#6209,4.5E-02);
#6209 = AXIS2_PLACEMENT_3D('',#6210,#6211,#6212);
#6210 = CARTESIAN_POINT('',(0.755,-0.4,0.405));
#6211 = DIRECTION('',(0.,-1.,0.));
#6212 = DIRECTION('',(0.,0.,1.));
#6213 = ORIENTED_EDGE('',*,*,#6214,.F.);
#6214 = EDGE_CURVE('',#6215,#6206,#6217,.T.);
#6215 = VERTEX_POINT('',#6216);
#6216 = CARTESIAN_POINT('',(0.8,-0.4,4.5E-02));
#6217 = LINE('',#6218,#6219);
#6218 = CARTESIAN_POINT('',(0.8,-0.4,0.));
#6219 = VECTOR('',#6220,1.);
#6220 = DIRECTION('',(0.,0.,1.));
#6221 = ORIENTED_EDGE('',*,*,#6222,.T.);
#6222 = EDGE_CURVE('',#6215,#6171,#6223,.T.);
#6223 = CIRCLE('',#6224,4.5E-02);
#6224 = AXIS2_PLACEMENT_3D('',#6225,#6226,#6227);
#6225 = CARTESIAN_POINT('',(0.755,-0.4,4.5E-02));
#6226 = DIRECTION('',(0.,1.,0.));
#6227 = DIRECTION('',(0.,-0.,1.));
#6228 = PLANE('',#6229);
#6229 = AXIS2_PLACEMENT_3D('',#6230,#6231,#6232);
#6230 = CARTESIAN_POINT('',(0.5,-0.4,0.));
#6231 = DIRECTION('',(0.,1.,0.));
#6232 = DIRECTION('',(0.,-0.,1.));
#6233 = ADVANCED_FACE('',(#6234),#6259,.F.);
#6234 = FACE_BOUND('',#6235,.F.);
#6235 = EDGE_LOOP('',(#6236,#6237,#6245,#6253));
#6236 = ORIENTED_EDGE('',*,*,#6022,.F.);
#6237 = ORIENTED_EDGE('',*,*,#6238,.T.);
#6238 = EDGE_CURVE('',#5821,#6239,#6241,.T.);
#6239 = VERTEX_POINT('',#6240);
#6240 = CARTESIAN_POINT('',(-0.5,-0.4,0.45));
#6241 = LINE('',#6242,#6243);
#6242 = CARTESIAN_POINT('',(-0.5,-0.4,0.405));
#6243 = VECTOR('',#6244,1.);
#6244 = DIRECTION('',(0.,0.,1.));
#6245 = ORIENTED_EDGE('',*,*,#6246,.T.);
#6246 = EDGE_CURVE('',#6239,#6247,#6249,.T.);
#6247 = VERTEX_POINT('',#6248);
#6248 = CARTESIAN_POINT('',(0.5,-0.4,0.45));
#6249 = LINE('',#6250,#6251);
#6250 = CARTESIAN_POINT('',(-0.5,-0.4,0.45));
#6251 = VECTOR('',#6252,1.);
#6252 = DIRECTION('',(1.,0.,0.));
#6253 = ORIENTED_EDGE('',*,*,#6254,.F.);
#6254 = EDGE_CURVE('',#6023,#6247,#6255,.T.);
#6255 = LINE('',#6256,#6257);
#6256 = CARTESIAN_POINT('',(0.5,-0.4,0.405));
#6257 = VECTOR('',#6258,1.);
#6258 = DIRECTION('',(0.,0.,1.));
#6259 = PLANE('',#6260);
#6260 = AXIS2_PLACEMENT_3D('',#6261,#6262,#6263);
#6261 = CARTESIAN_POINT('',(-0.5,-0.4,0.405));
#6262 = DIRECTION('',(0.,1.,0.));
#6263 = DIRECTION('',(0.,-0.,1.));
#6264 = ADVANCED_FACE('',(#6265),#6283,.F.);
#6265 = FACE_BOUND('',#6266,.F.);
#6266 = EDGE_LOOP('',(#6267,#6268,#6269,#6277));
#6267 = ORIENTED_EDGE('',*,*,#6238,.F.);
#6268 = ORIENTED_EDGE('',*,*,#6085,.T.);
#6269 = ORIENTED_EDGE('',*,*,#6270,.T.);
#6270 = EDGE_CURVE('',#5938,#6271,#6273,.T.);
#6271 = VERTEX_POINT('',#6272);
#6272 = CARTESIAN_POINT('',(-0.5,0.4,0.45));
#6273 = LINE('',#6274,#6275);
#6274 = CARTESIAN_POINT('',(-0.5,0.4,0.405));
#6275 = VECTOR('',#6276,1.);
#6276 = DIRECTION('',(0.,0.,1.));
#6277 = ORIENTED_EDGE('',*,*,#6278,.F.);
#6278 = EDGE_CURVE('',#6239,#6271,#6279,.T.);
#6279 = LINE('',#6280,#6281);
#6280 = CARTESIAN_POINT('',(-0.5,-0.4,0.45));
#6281 = VECTOR('',#6282,1.);
#6282 = DIRECTION('',(0.,1.,0.));
#6283 = PLANE('',#6284);
#6284 = AXIS2_PLACEMENT_3D('',#6285,#6286,#6287);
#6285 = CARTESIAN_POINT('',(-0.5,-0.4,0.405));
#6286 = DIRECTION('',(1.,0.,0.));
#6287 = DIRECTION('',(0.,0.,1.));
#6288 = ADVANCED_FACE('',(#6289),#6352,.T.);
#6289 = FACE_BOUND('',#6290,.T.);
#6290 = EDGE_LOOP('',(#6291,#6301,#6308,#6309,#6310,#6311,#6320,#6328,
    #6337,#6345));
#6291 = ORIENTED_EDGE('',*,*,#6292,.F.);
#6292 = EDGE_CURVE('',#6293,#6295,#6297,.T.);
#6293 = VERTEX_POINT('',#6294);
#6294 = CARTESIAN_POINT('',(0.545,0.4,-2.775557561563E-17));
#6295 = VERTEX_POINT('',#6296);
#6296 = CARTESIAN_POINT('',(0.755,0.4,-2.775557561563E-17));
#6297 = LINE('',#6298,#6299);
#6298 = CARTESIAN_POINT('',(0.5,0.4,0.));
#6299 = VECTOR('',#6300,1.);
#6300 = DIRECTION('',(1.,0.,0.));
#6301 = ORIENTED_EDGE('',*,*,#6302,.F.);
#6302 = EDGE_CURVE('',#6130,#6293,#6303,.T.);
#6303 = CIRCLE('',#6304,4.5E-02);
#6304 = AXIS2_PLACEMENT_3D('',#6305,#6306,#6307);
#6305 = CARTESIAN_POINT('',(0.545,0.4,4.5E-02));
#6306 = DIRECTION('',(0.,-1.,0.));
#6307 = DIRECTION('',(0.,0.,1.));
#6308 = ORIENTED_EDGE('',*,*,#6129,.T.);
#6309 = ORIENTED_EDGE('',*,*,#6121,.T.);
#6310 = ORIENTED_EDGE('',*,*,#6113,.F.);
#6311 = ORIENTED_EDGE('',*,*,#6312,.T.);
#6312 = EDGE_CURVE('',#6106,#6313,#6315,.T.);
#6313 = VERTEX_POINT('',#6314);
#6314 = CARTESIAN_POINT('',(0.545,0.4,0.45));
#6315 = CIRCLE('',#6316,4.5E-02);
#6316 = AXIS2_PLACEMENT_3D('',#6317,#6318,#6319);
#6317 = CARTESIAN_POINT('',(0.545,0.4,0.405));
#6318 = DIRECTION('',(0.,1.,0.));
#6319 = DIRECTION('',(0.,-0.,1.));
#6320 = ORIENTED_EDGE('',*,*,#6321,.T.);
#6321 = EDGE_CURVE('',#6313,#6322,#6324,.T.);
#6322 = VERTEX_POINT('',#6323);
#6323 = CARTESIAN_POINT('',(0.755,0.4,0.45));
#6324 = LINE('',#6325,#6326);
#6325 = CARTESIAN_POINT('',(0.5,0.4,0.45));
#6326 = VECTOR('',#6327,1.);
#6327 = DIRECTION('',(1.,0.,0.));
#6328 = ORIENTED_EDGE('',*,*,#6329,.F.);
#6329 = EDGE_CURVE('',#6330,#6322,#6332,.T.);
#6330 = VERTEX_POINT('',#6331);
#6331 = CARTESIAN_POINT('',(0.8,0.4,0.405));
#6332 = CIRCLE('',#6333,4.5E-02);
#6333 = AXIS2_PLACEMENT_3D('',#6334,#6335,#6336);
#6334 = CARTESIAN_POINT('',(0.755,0.4,0.405));
#6335 = DIRECTION('',(0.,-1.,0.));
#6336 = DIRECTION('',(0.,0.,1.));
#6337 = ORIENTED_EDGE('',*,*,#6338,.F.);
#6338 = EDGE_CURVE('',#6339,#6330,#6341,.T.);
#6339 = VERTEX_POINT('',#6340);
#6340 = CARTESIAN_POINT('',(0.8,0.4,4.5E-02));
#6341 = LINE('',#6342,#6343);
#6342 = CARTESIAN_POINT('',(0.8,0.4,0.));
#6343 = VECTOR('',#6344,1.);
#6344 = DIRECTION('',(0.,0.,1.));
#6345 = ORIENTED_EDGE('',*,*,#6346,.T.);
#6346 = EDGE_CURVE('',#6339,#6295,#6347,.T.);
#6347 = CIRCLE('',#6348,4.5E-02);
#6348 = AXIS2_PLACEMENT_3D('',#6349,#6350,#6351);
#6349 = CARTESIAN_POINT('',(0.755,0.4,4.5E-02));
#6350 = DIRECTION('',(0.,1.,0.));
#6351 = DIRECTION('',(0.,-0.,1.));
#6352 = PLANE('',#6353);
#6353 = AXIS2_PLACEMENT_3D('',#6354,#6355,#6356);
#6354 = CARTESIAN_POINT('',(0.5,0.4,0.));
#6355 = DIRECTION('',(0.,1.,0.));
#6356 = DIRECTION('',(0.,-0.,1.));
#6357 = ADVANCED_FACE('',(#6358),#6376,.T.);
#6358 = FACE_BOUND('',#6359,.T.);
#6359 = EDGE_LOOP('',(#6360,#6361,#6362,#6370));
#6360 = ORIENTED_EDGE('',*,*,#6105,.F.);
#6361 = ORIENTED_EDGE('',*,*,#6270,.T.);
#6362 = ORIENTED_EDGE('',*,*,#6363,.T.);
#6363 = EDGE_CURVE('',#6271,#6364,#6366,.T.);
#6364 = VERTEX_POINT('',#6365);
#6365 = CARTESIAN_POINT('',(0.5,0.4,0.45));
#6366 = LINE('',#6367,#6368);
#6367 = CARTESIAN_POINT('',(-0.5,0.4,0.45));
#6368 = VECTOR('',#6369,1.);
#6369 = DIRECTION('',(1.,0.,0.));
#6370 = ORIENTED_EDGE('',*,*,#6371,.F.);
#6371 = EDGE_CURVE('',#6106,#6364,#6372,.T.);
#6372 = LINE('',#6373,#6374);
#6373 = CARTESIAN_POINT('',(0.5,0.4,0.405));
#6374 = VECTOR('',#6375,1.);
#6375 = DIRECTION('',(0.,0.,1.));
#6376 = PLANE('',#6377);
#6377 = AXIS2_PLACEMENT_3D('',#6378,#6379,#6380);
#6378 = CARTESIAN_POINT('',(-0.5,0.4,0.405));
#6379 = DIRECTION('',(0.,1.,0.));
#6380 = DIRECTION('',(0.,-0.,1.));
#6381 = ADVANCED_FACE('',(#6382),#6393,.T.);
#6382 = FACE_BOUND('',#6383,.T.);
#6383 = EDGE_LOOP('',(#6384,#6385,#6386,#6392));
#6384 = ORIENTED_EDGE('',*,*,#6153,.T.);
#6385 = ORIENTED_EDGE('',*,*,#6302,.T.);
#6386 = ORIENTED_EDGE('',*,*,#6387,.F.);
#6387 = EDGE_CURVE('',#6169,#6293,#6388,.T.);
#6388 = LINE('',#6389,#6390);
#6389 = CARTESIAN_POINT('',(0.545,-0.4,-2.775557561563E-17));
#6390 = VECTOR('',#6391,1.);
#6391 = DIRECTION('',(0.,1.,0.));
#6392 = ORIENTED_EDGE('',*,*,#6178,.F.);
#6393 = CYLINDRICAL_SURFACE('',#6394,4.5E-02);
#6394 = AXIS2_PLACEMENT_3D('',#6395,#6396,#6397);
#6395 = CARTESIAN_POINT('',(0.545,-0.4,4.5E-02));
#6396 = DIRECTION('',(0.,1.,0.));
#6397 = DIRECTION('',(-1.,0.,0.));
#6398 = ADVANCED_FACE('',(#6399),#6410,.F.);
#6399 = FACE_BOUND('',#6400,.F.);
#6400 = EDGE_LOOP('',(#6401,#6402,#6403,#6404));
#6401 = ORIENTED_EDGE('',*,*,#6292,.F.);
#6402 = ORIENTED_EDGE('',*,*,#6387,.F.);
#6403 = ORIENTED_EDGE('',*,*,#6168,.T.);
#6404 = ORIENTED_EDGE('',*,*,#6405,.T.);
#6405 = EDGE_CURVE('',#6171,#6295,#6406,.T.);
#6406 = LINE('',#6407,#6408);
#6407 = CARTESIAN_POINT('',(0.755,-0.4,-2.775557561563E-17));
#6408 = VECTOR('',#6409,1.);
#6409 = DIRECTION('',(0.,1.,0.));
#6410 = PLANE('',#6411);
#6411 = AXIS2_PLACEMENT_3D('',#6412,#6413,#6414);
#6412 = CARTESIAN_POINT('',(0.5,-0.4,0.));
#6413 = DIRECTION('',(0.,0.,1.));
#6414 = DIRECTION('',(1.,0.,-0.));
#6415 = ADVANCED_FACE('',(#6416),#6427,.T.);
#6416 = FACE_BOUND('',#6417,.T.);
#6417 = EDGE_LOOP('',(#6418,#6419,#6420,#6421));
#6418 = ORIENTED_EDGE('',*,*,#6222,.T.);
#6419 = ORIENTED_EDGE('',*,*,#6405,.T.);
#6420 = ORIENTED_EDGE('',*,*,#6346,.F.);
#6421 = ORIENTED_EDGE('',*,*,#6422,.F.);
#6422 = EDGE_CURVE('',#6215,#6339,#6423,.T.);
#6423 = LINE('',#6424,#6425);
#6424 = CARTESIAN_POINT('',(0.8,-0.4,4.5E-02));
#6425 = VECTOR('',#6426,1.);
#6426 = DIRECTION('',(0.,1.,0.));
#6427 = CYLINDRICAL_SURFACE('',#6428,4.5E-02);
#6428 = AXIS2_PLACEMENT_3D('',#6429,#6430,#6431);
#6429 = CARTESIAN_POINT('',(0.755,-0.4,4.5E-02));
#6430 = DIRECTION('',(0.,1.,0.));
#6431 = DIRECTION('',(1.,0.,0.));
#6432 = ADVANCED_FACE('',(#6433),#6444,.T.);
#6433 = FACE_BOUND('',#6434,.T.);
#6434 = EDGE_LOOP('',(#6435,#6436,#6437,#6438));
#6435 = ORIENTED_EDGE('',*,*,#6214,.F.);
#6436 = ORIENTED_EDGE('',*,*,#6422,.T.);
#6437 = ORIENTED_EDGE('',*,*,#6338,.T.);
#6438 = ORIENTED_EDGE('',*,*,#6439,.F.);
#6439 = EDGE_CURVE('',#6206,#6330,#6440,.T.);
#6440 = LINE('',#6441,#6442);
#6441 = CARTESIAN_POINT('',(0.8,-0.4,0.405));
#6442 = VECTOR('',#6443,1.);
#6443 = DIRECTION('',(0.,1.,0.));
#6444 = PLANE('',#6445);
#6445 = AXIS2_PLACEMENT_3D('',#6446,#6447,#6448);
#6446 = CARTESIAN_POINT('',(0.8,-0.4,0.));
#6447 = DIRECTION('',(1.,0.,0.));
#6448 = DIRECTION('',(0.,0.,1.));
#6449 = ADVANCED_FACE('',(#6450),#6461,.T.);
#6450 = FACE_BOUND('',#6451,.T.);
#6451 = EDGE_LOOP('',(#6452,#6453,#6454,#6460));
#6452 = ORIENTED_EDGE('',*,*,#6439,.T.);
#6453 = ORIENTED_EDGE('',*,*,#6329,.T.);
#6454 = ORIENTED_EDGE('',*,*,#6455,.F.);
#6455 = EDGE_CURVE('',#6198,#6322,#6456,.T.);
#6456 = LINE('',#6457,#6458);
#6457 = CARTESIAN_POINT('',(0.755,-0.4,0.45));
#6458 = VECTOR('',#6459,1.);
#6459 = DIRECTION('',(0.,1.,0.));
#6460 = ORIENTED_EDGE('',*,*,#6205,.F.);
#6461 = CYLINDRICAL_SURFACE('',#6462,4.5E-02);
#6462 = AXIS2_PLACEMENT_3D('',#6463,#6464,#6465);
#6463 = CARTESIAN_POINT('',(0.755,-0.4,0.405));
#6464 = DIRECTION('',(0.,1.,0.));
#6465 = DIRECTION('',(1.,0.,0.));
#6466 = ADVANCED_FACE('',(#6467),#6478,.T.);
#6467 = FACE_BOUND('',#6468,.T.);
#6468 = EDGE_LOOP('',(#6469,#6470,#6476,#6477));
#6469 = ORIENTED_EDGE('',*,*,#6321,.F.);
#6470 = ORIENTED_EDGE('',*,*,#6471,.F.);
#6471 = EDGE_CURVE('',#6189,#6313,#6472,.T.);
#6472 = LINE('',#6473,#6474);
#6473 = CARTESIAN_POINT('',(0.545,-0.4,0.45));
#6474 = VECTOR('',#6475,1.);
#6475 = DIRECTION('',(0.,1.,0.));
#6476 = ORIENTED_EDGE('',*,*,#6197,.T.);
#6477 = ORIENTED_EDGE('',*,*,#6455,.T.);
#6478 = PLANE('',#6479);
#6479 = AXIS2_PLACEMENT_3D('',#6480,#6481,#6482);
#6480 = CARTESIAN_POINT('',(0.5,-0.4,0.45));
#6481 = DIRECTION('',(0.,0.,1.));
#6482 = DIRECTION('',(1.,0.,-0.));
#6483 = ADVANCED_FACE('',(#6484),#6495,.T.);
#6484 = FACE_BOUND('',#6485,.T.);
#6485 = EDGE_LOOP('',(#6486,#6487,#6488,#6489));
#6486 = ORIENTED_EDGE('',*,*,#6188,.T.);
#6487 = ORIENTED_EDGE('',*,*,#6471,.T.);
#6488 = ORIENTED_EDGE('',*,*,#6312,.F.);
#6489 = ORIENTED_EDGE('',*,*,#6490,.F.);
#6490 = EDGE_CURVE('',#6023,#6106,#6491,.T.);
#6491 = LINE('',#6492,#6493);
#6492 = CARTESIAN_POINT('',(0.5,-0.4,0.405));
#6493 = VECTOR('',#6494,1.);
#6494 = DIRECTION('',(0.,1.,0.));
#6495 = CYLINDRICAL_SURFACE('',#6496,4.5E-02);
#6496 = AXIS2_PLACEMENT_3D('',#6497,#6498,#6499);
#6497 = CARTESIAN_POINT('',(0.545,-0.4,0.405));
#6498 = DIRECTION('',(0.,1.,0.));
#6499 = DIRECTION('',(-1.,0.,0.));
#6500 = ADVANCED_FACE('',(#6501),#6512,.T.);
#6501 = FACE_BOUND('',#6502,.T.);
#6502 = EDGE_LOOP('',(#6503,#6504,#6505,#6506));
#6503 = ORIENTED_EDGE('',*,*,#6254,.F.);
#6504 = ORIENTED_EDGE('',*,*,#6490,.T.);
#6505 = ORIENTED_EDGE('',*,*,#6371,.T.);
#6506 = ORIENTED_EDGE('',*,*,#6507,.F.);
#6507 = EDGE_CURVE('',#6247,#6364,#6508,.T.);
#6508 = LINE('',#6509,#6510);
#6509 = CARTESIAN_POINT('',(0.5,-0.4,0.45));
#6510 = VECTOR('',#6511,1.);
#6511 = DIRECTION('',(0.,1.,0.));
#6512 = PLANE('',#6513);
#6513 = AXIS2_PLACEMENT_3D('',#6514,#6515,#6516);
#6514 = CARTESIAN_POINT('',(0.5,-0.4,0.405));
#6515 = DIRECTION('',(1.,0.,0.));
#6516 = DIRECTION('',(0.,0.,1.));
#6517 = ADVANCED_FACE('',(#6518),#6524,.T.);
#6518 = FACE_BOUND('',#6519,.T.);
#6519 = EDGE_LOOP('',(#6520,#6521,#6522,#6523));
#6520 = ORIENTED_EDGE('',*,*,#6278,.F.);
#6521 = ORIENTED_EDGE('',*,*,#6246,.T.);
#6522 = ORIENTED_EDGE('',*,*,#6507,.T.);
#6523 = ORIENTED_EDGE('',*,*,#6363,.F.);
#6524 = PLANE('',#6525);
#6525 = AXIS2_PLACEMENT_3D('',#6526,#6527,#6528);
#6526 = CARTESIAN_POINT('',(-0.5,-0.4,0.45));
#6527 = DIRECTION('',(0.,0.,1.));
#6528 = DIRECTION('',(1.,0.,-0.));
#6529 = ( GEOMETRIC_REPRESENTATION_CONTEXT(3) 
GLOBAL_UNCERTAINTY_ASSIGNED_CONTEXT((#6533)) 
GLOBAL_UNIT_ASSIGNED_CONTEXT((#6530,#6531,#6532)) REPRESENTATION_CONTEXT
('Context #1','3D Context with UNIT and UNCERTAINTY') );
#6530 = ( LENGTH_UNIT() NAMED_UNIT(*) SI_UNIT(.MILLI.,.METRE.) );
#6531 = ( NAMED_UNIT(*) PLANE_ANGLE_UNIT() SI_UNIT($,.RADIAN.) );
#6532 = ( NAMED_UNIT(*) SI_UNIT($,.STERADIAN.) SOLID_ANGLE_UNIT() );
#6533 = UNCERTAINTY_MEASURE_WITH_UNIT(LENGTH_MEASURE(1.E-07),#6530,
  'distance_accuracy_value','confusion accuracy');
#6534 = CONTEXT_DEPENDENT_SHAPE_REPRESENTATION(#6535,#6537);
#6535 = ( REPRESENTATION_RELATIONSHIP('','',#5738,#10) 
REPRESENTATION_RELATIONSHIP_WITH_TRANSFORMATION(#6536) 
SHAPE_REPRESENTATION_RELATIONSHIP() );
#6536 = ITEM_DEFINED_TRANSFORMATION('','',#11,#35);
#6537 = PRODUCT_DEFINITION_SHAPE('Placement','Placement of an item',
  #6538);
#6538 = NEXT_ASSEMBLY_USAGE_OCCURRENCE('6','RB2','',#5,#5733,$);
#6539 = PRODUCT_RELATED_PRODUCT_CATEGORY('part',$,(#5735));
#6540 = SHAPE_DEFINITION_REPRESENTATION(#6541,#6547);
#6541 = PRODUCT_DEFINITION_SHAPE('','',#6542);
#6542 = PRODUCT_DEFINITION('design','',#6543,#6546);
#6543 = PRODUCT_DEFINITION_FORMATION('','',#6544);
#6544 = PRODUCT('C_0603_1608Metric','C_0603_1608Metric','',(#6545));
#6545 = PRODUCT_CONTEXT('',#2,'mechanical');
#6546 = PRODUCT_DEFINITION_CONTEXT('part definition',#2,'design');
#6547 = ADVANCED_BREP_SHAPE_REPRESENTATION('',(#11,#6548),#7402);
#6548 = MANIFOLD_SOLID_BREP('',#6549);
#6549 = CLOSED_SHELL('',(#6550,#6626,#6657,#6682,#6707,#6731,#6755,#6780
    ,#6805,#6822,#6908,#6940,#6964,#6989,#7013,#7038,#7062,#7087,#7104,
    #7190,#7221,#7246,#7271,#7295,#7319,#7344,#7369,#7386));
#6550 = ADVANCED_FACE('',(#6551),#6621,.F.);
#6551 = FACE_BOUND('',#6552,.F.);
#6552 = EDGE_LOOP('',(#6553,#6563,#6572,#6580,#6589,#6597,#6606,#6614));
#6553 = ORIENTED_EDGE('',*,*,#6554,.F.);
#6554 = EDGE_CURVE('',#6555,#6557,#6559,.T.);
#6555 = VERTEX_POINT('',#6556);
#6556 = CARTESIAN_POINT('',(-0.8,-0.4,3.E-02));
#6557 = VERTEX_POINT('',#6558);
#6558 = CARTESIAN_POINT('',(-0.8,-0.4,0.77));
#6559 = LINE('',#6560,#6561);
#6560 = CARTESIAN_POINT('',(-0.8,-0.4,0.));
#6561 = VECTOR('',#6562,1.);
#6562 = DIRECTION('',(0.,0.,1.));
#6563 = ORIENTED_EDGE('',*,*,#6564,.T.);
#6564 = EDGE_CURVE('',#6555,#6565,#6567,.T.);
#6565 = VERTEX_POINT('',#6566);
#6566 = CARTESIAN_POINT('',(-0.8,-0.37,0.));
#6567 = CIRCLE('',#6568,3.E-02);
#6568 = AXIS2_PLACEMENT_3D('',#6569,#6570,#6571);
#6569 = CARTESIAN_POINT('',(-0.8,-0.37,3.E-02));
#6570 = DIRECTION('',(1.,0.,-0.));
#6571 = DIRECTION('',(0.,0.,1.));
#6572 = ORIENTED_EDGE('',*,*,#6573,.T.);
#6573 = EDGE_CURVE('',#6565,#6574,#6576,.T.);
#6574 = VERTEX_POINT('',#6575);
#6575 = CARTESIAN_POINT('',(-0.8,0.37,0.));
#6576 = LINE('',#6577,#6578);
#6577 = CARTESIAN_POINT('',(-0.8,-0.4,0.));
#6578 = VECTOR('',#6579,1.);
#6579 = DIRECTION('',(0.,1.,0.));
#6580 = ORIENTED_EDGE('',*,*,#6581,.F.);
#6581 = EDGE_CURVE('',#6582,#6574,#6584,.T.);
#6582 = VERTEX_POINT('',#6583);
#6583 = CARTESIAN_POINT('',(-0.8,0.4,3.E-02));
#6584 = CIRCLE('',#6585,3.E-02);
#6585 = AXIS2_PLACEMENT_3D('',#6586,#6587,#6588);
#6586 = CARTESIAN_POINT('',(-0.8,0.37,3.E-02));
#6587 = DIRECTION('',(-1.,0.,0.));
#6588 = DIRECTION('',(0.,0.,1.));
#6589 = ORIENTED_EDGE('',*,*,#6590,.T.);
#6590 = EDGE_CURVE('',#6582,#6591,#6593,.T.);
#6591 = VERTEX_POINT('',#6592);
#6592 = CARTESIAN_POINT('',(-0.8,0.4,0.77));
#6593 = LINE('',#6594,#6595);
#6594 = CARTESIAN_POINT('',(-0.8,0.4,0.));
#6595 = VECTOR('',#6596,1.);
#6596 = DIRECTION('',(0.,0.,1.));
#6597 = ORIENTED_EDGE('',*,*,#6598,.T.);
#6598 = EDGE_CURVE('',#6591,#6599,#6601,.T.);
#6599 = VERTEX_POINT('',#6600);
#6600 = CARTESIAN_POINT('',(-0.8,0.37,0.8));
#6601 = CIRCLE('',#6602,3.E-02);
#6602 = AXIS2_PLACEMENT_3D('',#6603,#6604,#6605);
#6603 = CARTESIAN_POINT('',(-0.8,0.37,0.77));
#6604 = DIRECTION('',(1.,0.,-0.));
#6605 = DIRECTION('',(0.,0.,1.));
#6606 = ORIENTED_EDGE('',*,*,#6607,.F.);
#6607 = EDGE_CURVE('',#6608,#6599,#6610,.T.);
#6608 = VERTEX_POINT('',#6609);
#6609 = CARTESIAN_POINT('',(-0.8,-0.37,0.8));
#6610 = LINE('',#6611,#6612);
#6611 = CARTESIAN_POINT('',(-0.8,-0.4,0.8));
#6612 = VECTOR('',#6613,1.);
#6613 = DIRECTION('',(0.,1.,0.));
#6614 = ORIENTED_EDGE('',*,*,#6615,.F.);
#6615 = EDGE_CURVE('',#6557,#6608,#6616,.T.);
#6616 = CIRCLE('',#6617,3.E-02);
#6617 = AXIS2_PLACEMENT_3D('',#6618,#6619,#6620);
#6618 = CARTESIAN_POINT('',(-0.8,-0.37,0.77));
#6619 = DIRECTION('',(-1.,0.,0.));
#6620 = DIRECTION('',(0.,0.,1.));
#6621 = PLANE('',#6622);
#6622 = AXIS2_PLACEMENT_3D('',#6623,#6624,#6625);
#6623 = CARTESIAN_POINT('',(-0.8,-0.4,0.));
#6624 = DIRECTION('',(1.,0.,0.));
#6625 = DIRECTION('',(0.,0.,1.));
#6626 = ADVANCED_FACE('',(#6627),#6652,.F.);
#6627 = FACE_BOUND('',#6628,.F.);
#6628 = EDGE_LOOP('',(#6629,#6639,#6645,#6646));
#6629 = ORIENTED_EDGE('',*,*,#6630,.F.);
#6630 = EDGE_CURVE('',#6631,#6633,#6635,.T.);
#6631 = VERTEX_POINT('',#6632);
#6632 = CARTESIAN_POINT('',(-0.5,-0.4,3.E-02));
#6633 = VERTEX_POINT('',#6634);
#6634 = CARTESIAN_POINT('',(-0.5,-0.4,0.77));
#6635 = LINE('',#6636,#6637);
#6636 = CARTESIAN_POINT('',(-0.5,-0.4,0.));
#6637 = VECTOR('',#6638,1.);
#6638 = DIRECTION('',(0.,0.,1.));
#6639 = ORIENTED_EDGE('',*,*,#6640,.F.);
#6640 = EDGE_CURVE('',#6555,#6631,#6641,.T.);
#6641 = LINE('',#6642,#6643);
#6642 = CARTESIAN_POINT('',(-0.8,-0.4,3.E-02));
#6643 = VECTOR('',#6644,1.);
#6644 = DIRECTION('',(1.,0.,0.));
#6645 = ORIENTED_EDGE('',*,*,#6554,.T.);
#6646 = ORIENTED_EDGE('',*,*,#6647,.T.);
#6647 = EDGE_CURVE('',#6557,#6633,#6648,.T.);
#6648 = LINE('',#6649,#6650);
#6649 = CARTESIAN_POINT('',(-0.8,-0.4,0.77));
#6650 = VECTOR('',#6651,1.);
#6651 = DIRECTION('',(1.,0.,0.));
#6652 = PLANE('',#6653);
#6653 = AXIS2_PLACEMENT_3D('',#6654,#6655,#6656);
#6654 = CARTESIAN_POINT('',(-0.8,-0.4,0.));
#6655 = DIRECTION('',(0.,1.,0.));
#6656 = DIRECTION('',(0.,-0.,1.));
#6657 = ADVANCED_FACE('',(#6658),#6677,.T.);
#6658 = FACE_BOUND('',#6659,.T.);
#6659 = EDGE_LOOP('',(#6660,#6661,#6669,#6676));
#6660 = ORIENTED_EDGE('',*,*,#6564,.T.);
#6661 = ORIENTED_EDGE('',*,*,#6662,.T.);
#6662 = EDGE_CURVE('',#6565,#6663,#6665,.T.);
#6663 = VERTEX_POINT('',#6664);
#6664 = CARTESIAN_POINT('',(-0.5,-0.37,0.));
#6665 = LINE('',#6666,#6667);
#6666 = CARTESIAN_POINT('',(-0.8,-0.37,0.));
#6667 = VECTOR('',#6668,1.);
#6668 = DIRECTION('',(1.,0.,0.));
#6669 = ORIENTED_EDGE('',*,*,#6670,.F.);
#6670 = EDGE_CURVE('',#6631,#6663,#6671,.T.);
#6671 = CIRCLE('',#6672,3.E-02);
#6672 = AXIS2_PLACEMENT_3D('',#6673,#6674,#6675);
#6673 = CARTESIAN_POINT('',(-0.5,-0.37,3.E-02));
#6674 = DIRECTION('',(1.,0.,-0.));
#6675 = DIRECTION('',(0.,0.,1.));
#6676 = ORIENTED_EDGE('',*,*,#6640,.F.);
#6677 = CYLINDRICAL_SURFACE('',#6678,3.E-02);
#6678 = AXIS2_PLACEMENT_3D('',#6679,#6680,#6681);
#6679 = CARTESIAN_POINT('',(-0.8,-0.37,3.E-02));
#6680 = DIRECTION('',(1.,0.,0.));
#6681 = DIRECTION('',(0.,-1.,0.));
#6682 = ADVANCED_FACE('',(#6683),#6702,.T.);
#6683 = FACE_BOUND('',#6684,.T.);
#6684 = EDGE_LOOP('',(#6685,#6686,#6695,#6701));
#6685 = ORIENTED_EDGE('',*,*,#6647,.T.);
#6686 = ORIENTED_EDGE('',*,*,#6687,.T.);
#6687 = EDGE_CURVE('',#6633,#6688,#6690,.T.);
#6688 = VERTEX_POINT('',#6689);
#6689 = CARTESIAN_POINT('',(-0.5,-0.37,0.8));
#6690 = CIRCLE('',#6691,3.E-02);
#6691 = AXIS2_PLACEMENT_3D('',#6692,#6693,#6694);
#6692 = CARTESIAN_POINT('',(-0.5,-0.37,0.77));
#6693 = DIRECTION('',(-1.,0.,0.));
#6694 = DIRECTION('',(0.,0.,1.));
#6695 = ORIENTED_EDGE('',*,*,#6696,.F.);
#6696 = EDGE_CURVE('',#6608,#6688,#6697,.T.);
#6697 = LINE('',#6698,#6699);
#6698 = CARTESIAN_POINT('',(-0.8,-0.37,0.8));
#6699 = VECTOR('',#6700,1.);
#6700 = DIRECTION('',(1.,0.,0.));
#6701 = ORIENTED_EDGE('',*,*,#6615,.F.);
#6702 = CYLINDRICAL_SURFACE('',#6703,3.E-02);
#6703 = AXIS2_PLACEMENT_3D('',#6704,#6705,#6706);
#6704 = CARTESIAN_POINT('',(-0.8,-0.37,0.77));
#6705 = DIRECTION('',(1.,0.,0.));
#6706 = DIRECTION('',(0.,-1.,0.));
#6707 = ADVANCED_FACE('',(#6708),#6726,.F.);
#6708 = FACE_BOUND('',#6709,.F.);
#6709 = EDGE_LOOP('',(#6710,#6711,#6712,#6720));
#6710 = ORIENTED_EDGE('',*,*,#6573,.F.);
#6711 = ORIENTED_EDGE('',*,*,#6662,.T.);
#6712 = ORIENTED_EDGE('',*,*,#6713,.T.);
#6713 = EDGE_CURVE('',#6663,#6714,#6716,.T.);
#6714 = VERTEX_POINT('',#6715);
#6715 = CARTESIAN_POINT('',(-0.5,0.37,0.));
#6716 = LINE('',#6717,#6718);
#6717 = CARTESIAN_POINT('',(-0.5,-0.4,0.));
#6718 = VECTOR('',#6719,1.);
#6719 = DIRECTION('',(0.,1.,0.));
#6720 = ORIENTED_EDGE('',*,*,#6721,.F.);
#6721 = EDGE_CURVE('',#6574,#6714,#6722,.T.);
#6722 = LINE('',#6723,#6724);
#6723 = CARTESIAN_POINT('',(-0.8,0.37,0.));
#6724 = VECTOR('',#6725,1.);
#6725 = DIRECTION('',(1.,0.,0.));
#6726 = PLANE('',#6727);
#6727 = AXIS2_PLACEMENT_3D('',#6728,#6729,#6730);
#6728 = CARTESIAN_POINT('',(-0.8,-0.4,0.));
#6729 = DIRECTION('',(0.,0.,1.));
#6730 = DIRECTION('',(1.,0.,-0.));
#6731 = ADVANCED_FACE('',(#6732),#6750,.T.);
#6732 = FACE_BOUND('',#6733,.T.);
#6733 = EDGE_LOOP('',(#6734,#6735,#6736,#6744));
#6734 = ORIENTED_EDGE('',*,*,#6607,.F.);
#6735 = ORIENTED_EDGE('',*,*,#6696,.T.);
#6736 = ORIENTED_EDGE('',*,*,#6737,.T.);
#6737 = EDGE_CURVE('',#6688,#6738,#6740,.T.);
#6738 = VERTEX_POINT('',#6739);
#6739 = CARTESIAN_POINT('',(-0.5,0.37,0.8));
#6740 = LINE('',#6741,#6742);
#6741 = CARTESIAN_POINT('',(-0.5,-0.4,0.8));
#6742 = VECTOR('',#6743,1.);
#6743 = DIRECTION('',(0.,1.,0.));
#6744 = ORIENTED_EDGE('',*,*,#6745,.F.);
#6745 = EDGE_CURVE('',#6599,#6738,#6746,.T.);
#6746 = LINE('',#6747,#6748);
#6747 = CARTESIAN_POINT('',(-0.8,0.37,0.8));
#6748 = VECTOR('',#6749,1.);
#6749 = DIRECTION('',(1.,0.,0.));
#6750 = PLANE('',#6751);
#6751 = AXIS2_PLACEMENT_3D('',#6752,#6753,#6754);
#6752 = CARTESIAN_POINT('',(-0.8,-0.4,0.8));
#6753 = DIRECTION('',(0.,0.,1.));
#6754 = DIRECTION('',(1.,0.,-0.));
#6755 = ADVANCED_FACE('',(#6756),#6775,.T.);
#6756 = FACE_BOUND('',#6757,.T.);
#6757 = EDGE_LOOP('',(#6758,#6766,#6773,#6774));
#6758 = ORIENTED_EDGE('',*,*,#6759,.T.);
#6759 = EDGE_CURVE('',#6582,#6760,#6762,.T.);
#6760 = VERTEX_POINT('',#6761);
#6761 = CARTESIAN_POINT('',(-0.5,0.4,3.E-02));
#6762 = LINE('',#6763,#6764);
#6763 = CARTESIAN_POINT('',(-0.8,0.4,3.E-02));
#6764 = VECTOR('',#6765,1.);
#6765 = DIRECTION('',(1.,0.,0.));
#6766 = ORIENTED_EDGE('',*,*,#6767,.T.);
#6767 = EDGE_CURVE('',#6760,#6714,#6768,.T.);
#6768 = CIRCLE('',#6769,3.E-02);
#6769 = AXIS2_PLACEMENT_3D('',#6770,#6771,#6772);
#6770 = CARTESIAN_POINT('',(-0.5,0.37,3.E-02));
#6771 = DIRECTION('',(-1.,0.,0.));
#6772 = DIRECTION('',(0.,0.,1.));
#6773 = ORIENTED_EDGE('',*,*,#6721,.F.);
#6774 = ORIENTED_EDGE('',*,*,#6581,.F.);
#6775 = CYLINDRICAL_SURFACE('',#6776,3.E-02);
#6776 = AXIS2_PLACEMENT_3D('',#6777,#6778,#6779);
#6777 = CARTESIAN_POINT('',(-0.8,0.37,3.E-02));
#6778 = DIRECTION('',(1.,0.,0.));
#6779 = DIRECTION('',(-0.,1.,0.));
#6780 = ADVANCED_FACE('',(#6781),#6800,.T.);
#6781 = FACE_BOUND('',#6782,.T.);
#6782 = EDGE_LOOP('',(#6783,#6784,#6785,#6794));
#6783 = ORIENTED_EDGE('',*,*,#6598,.T.);
#6784 = ORIENTED_EDGE('',*,*,#6745,.T.);
#6785 = ORIENTED_EDGE('',*,*,#6786,.F.);
#6786 = EDGE_CURVE('',#6787,#6738,#6789,.T.);
#6787 = VERTEX_POINT('',#6788);
#6788 = CARTESIAN_POINT('',(-0.5,0.4,0.77));
#6789 = CIRCLE('',#6790,3.E-02);
#6790 = AXIS2_PLACEMENT_3D('',#6791,#6792,#6793);
#6791 = CARTESIAN_POINT('',(-0.5,0.37,0.77));
#6792 = DIRECTION('',(1.,0.,-0.));
#6793 = DIRECTION('',(0.,0.,1.));
#6794 = ORIENTED_EDGE('',*,*,#6795,.F.);
#6795 = EDGE_CURVE('',#6591,#6787,#6796,.T.);
#6796 = LINE('',#6797,#6798);
#6797 = CARTESIAN_POINT('',(-0.8,0.4,0.77));
#6798 = VECTOR('',#6799,1.);
#6799 = DIRECTION('',(1.,0.,0.));
#6800 = CYLINDRICAL_SURFACE('',#6801,3.E-02);
#6801 = AXIS2_PLACEMENT_3D('',#6802,#6803,#6804);
#6802 = CARTESIAN_POINT('',(-0.8,0.37,0.77));
#6803 = DIRECTION('',(1.,0.,0.));
#6804 = DIRECTION('',(-0.,1.,0.));
#6805 = ADVANCED_FACE('',(#6806),#6817,.T.);
#6806 = FACE_BOUND('',#6807,.T.);
#6807 = EDGE_LOOP('',(#6808,#6814,#6815,#6816));
#6808 = ORIENTED_EDGE('',*,*,#6809,.F.);
#6809 = EDGE_CURVE('',#6760,#6787,#6810,.T.);
#6810 = LINE('',#6811,#6812);
#6811 = CARTESIAN_POINT('',(-0.5,0.4,0.));
#6812 = VECTOR('',#6813,1.);
#6813 = DIRECTION('',(0.,0.,1.));
#6814 = ORIENTED_EDGE('',*,*,#6759,.F.);
#6815 = ORIENTED_EDGE('',*,*,#6590,.T.);
#6816 = ORIENTED_EDGE('',*,*,#6795,.T.);
#6817 = PLANE('',#6818);
#6818 = AXIS2_PLACEMENT_3D('',#6819,#6820,#6821);
#6819 = CARTESIAN_POINT('',(-0.8,0.4,0.));
#6820 = DIRECTION('',(0.,1.,0.));
#6821 = DIRECTION('',(0.,-0.,1.));
#6822 = ADVANCED_FACE('',(#6823,#6833),#6903,.T.);
#6823 = FACE_BOUND('',#6824,.T.);
#6824 = EDGE_LOOP('',(#6825,#6826,#6827,#6828,#6829,#6830,#6831,#6832));
#6825 = ORIENTED_EDGE('',*,*,#6630,.F.);
#6826 = ORIENTED_EDGE('',*,*,#6670,.T.);
#6827 = ORIENTED_EDGE('',*,*,#6713,.T.);
#6828 = ORIENTED_EDGE('',*,*,#6767,.F.);
#6829 = ORIENTED_EDGE('',*,*,#6809,.T.);
#6830 = ORIENTED_EDGE('',*,*,#6786,.T.);
#6831 = ORIENTED_EDGE('',*,*,#6737,.F.);
#6832 = ORIENTED_EDGE('',*,*,#6687,.F.);
#6833 = FACE_BOUND('',#6834,.T.);
#6834 = EDGE_LOOP('',(#6835,#6846,#6854,#6863,#6871,#6880,#6888,#6897));
#6835 = ORIENTED_EDGE('',*,*,#6836,.F.);
#6836 = EDGE_CURVE('',#6837,#6839,#6841,.T.);
#6837 = VERTEX_POINT('',#6838);
#6838 = CARTESIAN_POINT('',(-0.5,-0.37,6.E-02));
#6839 = VERTEX_POINT('',#6840);
#6840 = CARTESIAN_POINT('',(-0.5,-0.34,3.E-02));
#6841 = CIRCLE('',#6842,3.E-02);
#6842 = AXIS2_PLACEMENT_3D('',#6843,#6844,#6845);
#6843 = CARTESIAN_POINT('',(-0.5,-0.34,6.E-02));
#6844 = DIRECTION('',(1.,0.,-0.));
#6845 = DIRECTION('',(0.,0.,1.));
#6846 = ORIENTED_EDGE('',*,*,#6847,.T.);
#6847 = EDGE_CURVE('',#6837,#6848,#6850,.T.);
#6848 = VERTEX_POINT('',#6849);
#6849 = CARTESIAN_POINT('',(-0.5,-0.37,0.74));
#6850 = LINE('',#6851,#6852);
#6851 = CARTESIAN_POINT('',(-0.5,-0.37,3.E-02));
#6852 = VECTOR('',#6853,1.);
#6853 = DIRECTION('',(0.,0.,1.));
#6854 = ORIENTED_EDGE('',*,*,#6855,.T.);
#6855 = EDGE_CURVE('',#6848,#6856,#6858,.T.);
#6856 = VERTEX_POINT('',#6857);
#6857 = CARTESIAN_POINT('',(-0.5,-0.34,0.77));
#6858 = CIRCLE('',#6859,3.E-02);
#6859 = AXIS2_PLACEMENT_3D('',#6860,#6861,#6862);
#6860 = CARTESIAN_POINT('',(-0.5,-0.34,0.74));
#6861 = DIRECTION('',(-1.,0.,0.));
#6862 = DIRECTION('',(0.,0.,1.));
#6863 = ORIENTED_EDGE('',*,*,#6864,.T.);
#6864 = EDGE_CURVE('',#6856,#6865,#6867,.T.);
#6865 = VERTEX_POINT('',#6866);
#6866 = CARTESIAN_POINT('',(-0.5,0.34,0.77));
#6867 = LINE('',#6868,#6869);
#6868 = CARTESIAN_POINT('',(-0.5,-0.37,0.77));
#6869 = VECTOR('',#6870,1.);
#6870 = DIRECTION('',(0.,1.,0.));
#6871 = ORIENTED_EDGE('',*,*,#6872,.F.);
#6872 = EDGE_CURVE('',#6873,#6865,#6875,.T.);
#6873 = VERTEX_POINT('',#6874);
#6874 = CARTESIAN_POINT('',(-0.5,0.37,0.74));
#6875 = CIRCLE('',#6876,3.E-02);
#6876 = AXIS2_PLACEMENT_3D('',#6877,#6878,#6879);
#6877 = CARTESIAN_POINT('',(-0.5,0.34,0.74));
#6878 = DIRECTION('',(1.,0.,-0.));
#6879 = DIRECTION('',(0.,0.,1.));
#6880 = ORIENTED_EDGE('',*,*,#6881,.F.);
#6881 = EDGE_CURVE('',#6882,#6873,#6884,.T.);
#6882 = VERTEX_POINT('',#6883);
#6883 = CARTESIAN_POINT('',(-0.5,0.37,6.E-02));
#6884 = LINE('',#6885,#6886);
#6885 = CARTESIAN_POINT('',(-0.5,0.37,3.E-02));
#6886 = VECTOR('',#6887,1.);
#6887 = DIRECTION('',(0.,0.,1.));
#6888 = ORIENTED_EDGE('',*,*,#6889,.T.);
#6889 = EDGE_CURVE('',#6882,#6890,#6892,.T.);
#6890 = VERTEX_POINT('',#6891);
#6891 = CARTESIAN_POINT('',(-0.5,0.34,3.E-02));
#6892 = CIRCLE('',#6893,3.E-02);
#6893 = AXIS2_PLACEMENT_3D('',#6894,#6895,#6896);
#6894 = CARTESIAN_POINT('',(-0.5,0.34,6.E-02));
#6895 = DIRECTION('',(-1.,0.,0.));
#6896 = DIRECTION('',(0.,0.,1.));
#6897 = ORIENTED_EDGE('',*,*,#6898,.F.);
#6898 = EDGE_CURVE('',#6839,#6890,#6899,.T.);
#6899 = LINE('',#6900,#6901);
#6900 = CARTESIAN_POINT('',(-0.5,-0.37,3.E-02));
#6901 = VECTOR('',#6902,1.);
#6902 = DIRECTION('',(0.,1.,0.));
#6903 = PLANE('',#6904);
#6904 = AXIS2_PLACEMENT_3D('',#6905,#6906,#6907);
#6905 = CARTESIAN_POINT('',(-0.5,-0.4,0.));
#6906 = DIRECTION('',(1.,0.,0.));
#6907 = DIRECTION('',(0.,0.,1.));
#6908 = ADVANCED_FACE('',(#6909),#6935,.T.);
#6909 = FACE_BOUND('',#6910,.T.);
#6910 = EDGE_LOOP('',(#6911,#6912,#6920,#6929));
#6911 = ORIENTED_EDGE('',*,*,#6836,.T.);
#6912 = ORIENTED_EDGE('',*,*,#6913,.T.);
#6913 = EDGE_CURVE('',#6839,#6914,#6916,.T.);
#6914 = VERTEX_POINT('',#6915);
#6915 = CARTESIAN_POINT('',(0.5,-0.34,3.E-02));
#6916 = LINE('',#6917,#6918);
#6917 = CARTESIAN_POINT('',(-0.5,-0.34,3.E-02));
#6918 = VECTOR('',#6919,1.);
#6919 = DIRECTION('',(1.,0.,0.));
#6920 = ORIENTED_EDGE('',*,*,#6921,.F.);
#6921 = EDGE_CURVE('',#6922,#6914,#6924,.T.);
#6922 = VERTEX_POINT('',#6923);
#6923 = CARTESIAN_POINT('',(0.5,-0.37,6.E-02));
#6924 = CIRCLE('',#6925,3.E-02);
#6925 = AXIS2_PLACEMENT_3D('',#6926,#6927,#6928);
#6926 = CARTESIAN_POINT('',(0.5,-0.34,6.E-02));
#6927 = DIRECTION('',(1.,0.,-0.));
#6928 = DIRECTION('',(0.,0.,1.));
#6929 = ORIENTED_EDGE('',*,*,#6930,.F.);
#6930 = EDGE_CURVE('',#6837,#6922,#6931,.T.);
#6931 = LINE('',#6932,#6933);
#6932 = CARTESIAN_POINT('',(-0.5,-0.37,6.E-02));
#6933 = VECTOR('',#6934,1.);
#6934 = DIRECTION('',(1.,0.,0.));
#6935 = CYLINDRICAL_SURFACE('',#6936,3.E-02);
#6936 = AXIS2_PLACEMENT_3D('',#6937,#6938,#6939);
#6937 = CARTESIAN_POINT('',(-0.5,-0.34,6.E-02));
#6938 = DIRECTION('',(1.,0.,0.));
#6939 = DIRECTION('',(0.,-1.,0.));
#6940 = ADVANCED_FACE('',(#6941),#6959,.F.);
#6941 = FACE_BOUND('',#6942,.F.);
#6942 = EDGE_LOOP('',(#6943,#6944,#6945,#6953));
#6943 = ORIENTED_EDGE('',*,*,#6898,.F.);
#6944 = ORIENTED_EDGE('',*,*,#6913,.T.);
#6945 = ORIENTED_EDGE('',*,*,#6946,.T.);
#6946 = EDGE_CURVE('',#6914,#6947,#6949,.T.);
#6947 = VERTEX_POINT('',#6948);
#6948 = CARTESIAN_POINT('',(0.5,0.34,3.E-02));
#6949 = LINE('',#6950,#6951);
#6950 = CARTESIAN_POINT('',(0.5,-0.37,3.E-02));
#6951 = VECTOR('',#6952,1.);
#6952 = DIRECTION('',(0.,1.,0.));
#6953 = ORIENTED_EDGE('',*,*,#6954,.F.);
#6954 = EDGE_CURVE('',#6890,#6947,#6955,.T.);
#6955 = LINE('',#6956,#6957);
#6956 = CARTESIAN_POINT('',(-0.5,0.34,3.E-02));
#6957 = VECTOR('',#6958,1.);
#6958 = DIRECTION('',(1.,0.,0.));
#6959 = PLANE('',#6960);
#6960 = AXIS2_PLACEMENT_3D('',#6961,#6962,#6963);
#6961 = CARTESIAN_POINT('',(-0.5,-0.37,3.E-02));
#6962 = DIRECTION('',(0.,0.,1.));
#6963 = DIRECTION('',(1.,0.,-0.));
#6964 = ADVANCED_FACE('',(#6965),#6984,.T.);
#6965 = FACE_BOUND('',#6966,.T.);
#6966 = EDGE_LOOP('',(#6967,#6975,#6982,#6983));
#6967 = ORIENTED_EDGE('',*,*,#6968,.T.);
#6968 = EDGE_CURVE('',#6882,#6969,#6971,.T.);
#6969 = VERTEX_POINT('',#6970);
#6970 = CARTESIAN_POINT('',(0.5,0.37,6.E-02));
#6971 = LINE('',#6972,#6973);
#6972 = CARTESIAN_POINT('',(-0.5,0.37,6.E-02));
#6973 = VECTOR('',#6974,1.);
#6974 = DIRECTION('',(1.,0.,0.));
#6975 = ORIENTED_EDGE('',*,*,#6976,.T.);
#6976 = EDGE_CURVE('',#6969,#6947,#6977,.T.);
#6977 = CIRCLE('',#6978,3.E-02);
#6978 = AXIS2_PLACEMENT_3D('',#6979,#6980,#6981);
#6979 = CARTESIAN_POINT('',(0.5,0.34,6.E-02));
#6980 = DIRECTION('',(-1.,0.,0.));
#6981 = DIRECTION('',(0.,0.,1.));
#6982 = ORIENTED_EDGE('',*,*,#6954,.F.);
#6983 = ORIENTED_EDGE('',*,*,#6889,.F.);
#6984 = CYLINDRICAL_SURFACE('',#6985,3.E-02);
#6985 = AXIS2_PLACEMENT_3D('',#6986,#6987,#6988);
#6986 = CARTESIAN_POINT('',(-0.5,0.34,6.E-02));
#6987 = DIRECTION('',(1.,0.,0.));
#6988 = DIRECTION('',(-0.,1.,0.));
#6989 = ADVANCED_FACE('',(#6990),#7008,.T.);
#6990 = FACE_BOUND('',#6991,.T.);
#6991 = EDGE_LOOP('',(#6992,#7000,#7001,#7002));
#6992 = ORIENTED_EDGE('',*,*,#6993,.F.);
#6993 = EDGE_CURVE('',#6969,#6994,#6996,.T.);
#6994 = VERTEX_POINT('',#6995);
#6995 = CARTESIAN_POINT('',(0.5,0.37,0.74));
#6996 = LINE('',#6997,#6998);
#6997 = CARTESIAN_POINT('',(0.5,0.37,3.E-02));
#6998 = VECTOR('',#6999,1.);
#6999 = DIRECTION('',(0.,0.,1.));
#7000 = ORIENTED_EDGE('',*,*,#6968,.F.);
#7001 = ORIENTED_EDGE('',*,*,#6881,.T.);
#7002 = ORIENTED_EDGE('',*,*,#7003,.T.);
#7003 = EDGE_CURVE('',#6873,#6994,#7004,.T.);
#7004 = LINE('',#7005,#7006);
#7005 = CARTESIAN_POINT('',(-0.5,0.37,0.74));
#7006 = VECTOR('',#7007,1.);
#7007 = DIRECTION('',(1.,0.,0.));
#7008 = PLANE('',#7009);
#7009 = AXIS2_PLACEMENT_3D('',#7010,#7011,#7012);
#7010 = CARTESIAN_POINT('',(-0.5,0.37,3.E-02));
#7011 = DIRECTION('',(0.,1.,0.));
#7012 = DIRECTION('',(0.,-0.,1.));
#7013 = ADVANCED_FACE('',(#7014),#7033,.T.);
#7014 = FACE_BOUND('',#7015,.T.);
#7015 = EDGE_LOOP('',(#7016,#7017,#7025,#7032));
#7016 = ORIENTED_EDGE('',*,*,#6872,.T.);
#7017 = ORIENTED_EDGE('',*,*,#7018,.T.);
#7018 = EDGE_CURVE('',#6865,#7019,#7021,.T.);
#7019 = VERTEX_POINT('',#7020);
#7020 = CARTESIAN_POINT('',(0.5,0.34,0.77));
#7021 = LINE('',#7022,#7023);
#7022 = CARTESIAN_POINT('',(-0.5,0.34,0.77));
#7023 = VECTOR('',#7024,1.);
#7024 = DIRECTION('',(1.,0.,0.));
#7025 = ORIENTED_EDGE('',*,*,#7026,.F.);
#7026 = EDGE_CURVE('',#6994,#7019,#7027,.T.);
#7027 = CIRCLE('',#7028,3.E-02);
#7028 = AXIS2_PLACEMENT_3D('',#7029,#7030,#7031);
#7029 = CARTESIAN_POINT('',(0.5,0.34,0.74));
#7030 = DIRECTION('',(1.,0.,-0.));
#7031 = DIRECTION('',(0.,0.,1.));
#7032 = ORIENTED_EDGE('',*,*,#7003,.F.);
#7033 = CYLINDRICAL_SURFACE('',#7034,3.E-02);
#7034 = AXIS2_PLACEMENT_3D('',#7035,#7036,#7037);
#7035 = CARTESIAN_POINT('',(-0.5,0.34,0.74));
#7036 = DIRECTION('',(1.,0.,0.));
#7037 = DIRECTION('',(-0.,1.,0.));
#7038 = ADVANCED_FACE('',(#7039),#7057,.T.);
#7039 = FACE_BOUND('',#7040,.T.);
#7040 = EDGE_LOOP('',(#7041,#7042,#7050,#7056));
#7041 = ORIENTED_EDGE('',*,*,#6864,.F.);
#7042 = ORIENTED_EDGE('',*,*,#7043,.T.);
#7043 = EDGE_CURVE('',#6856,#7044,#7046,.T.);
#7044 = VERTEX_POINT('',#7045);
#7045 = CARTESIAN_POINT('',(0.5,-0.34,0.77));
#7046 = LINE('',#7047,#7048);
#7047 = CARTESIAN_POINT('',(-0.5,-0.34,0.77));
#7048 = VECTOR('',#7049,1.);
#7049 = DIRECTION('',(1.,0.,0.));
#7050 = ORIENTED_EDGE('',*,*,#7051,.T.);
#7051 = EDGE_CURVE('',#7044,#7019,#7052,.T.);
#7052 = LINE('',#7053,#7054);
#7053 = CARTESIAN_POINT('',(0.5,-0.37,0.77));
#7054 = VECTOR('',#7055,1.);
#7055 = DIRECTION('',(0.,1.,0.));
#7056 = ORIENTED_EDGE('',*,*,#7018,.F.);
#7057 = PLANE('',#7058);
#7058 = AXIS2_PLACEMENT_3D('',#7059,#7060,#7061);
#7059 = CARTESIAN_POINT('',(-0.5,-0.37,0.77));
#7060 = DIRECTION('',(0.,0.,1.));
#7061 = DIRECTION('',(1.,0.,-0.));
#7062 = ADVANCED_FACE('',(#7063),#7082,.T.);
#7063 = FACE_BOUND('',#7064,.T.);
#7064 = EDGE_LOOP('',(#7065,#7073,#7080,#7081));
#7065 = ORIENTED_EDGE('',*,*,#7066,.T.);
#7066 = EDGE_CURVE('',#6848,#7067,#7069,.T.);
#7067 = VERTEX_POINT('',#7068);
#7068 = CARTESIAN_POINT('',(0.5,-0.37,0.74));
#7069 = LINE('',#7070,#7071);
#7070 = CARTESIAN_POINT('',(-0.5,-0.37,0.74));
#7071 = VECTOR('',#7072,1.);
#7072 = DIRECTION('',(1.,0.,0.));
#7073 = ORIENTED_EDGE('',*,*,#7074,.T.);
#7074 = EDGE_CURVE('',#7067,#7044,#7075,.T.);
#7075 = CIRCLE('',#7076,3.E-02);
#7076 = AXIS2_PLACEMENT_3D('',#7077,#7078,#7079);
#7077 = CARTESIAN_POINT('',(0.5,-0.34,0.74));
#7078 = DIRECTION('',(-1.,0.,0.));
#7079 = DIRECTION('',(0.,0.,1.));
#7080 = ORIENTED_EDGE('',*,*,#7043,.F.);
#7081 = ORIENTED_EDGE('',*,*,#6855,.F.);
#7082 = CYLINDRICAL_SURFACE('',#7083,3.E-02);
#7083 = AXIS2_PLACEMENT_3D('',#7084,#7085,#7086);
#7084 = CARTESIAN_POINT('',(-0.5,-0.34,0.74));
#7085 = DIRECTION('',(1.,0.,0.));
#7086 = DIRECTION('',(0.,-1.,0.));
#7087 = ADVANCED_FACE('',(#7088),#7099,.F.);
#7088 = FACE_BOUND('',#7089,.F.);
#7089 = EDGE_LOOP('',(#7090,#7096,#7097,#7098));
#7090 = ORIENTED_EDGE('',*,*,#7091,.F.);
#7091 = EDGE_CURVE('',#6922,#7067,#7092,.T.);
#7092 = LINE('',#7093,#7094);
#7093 = CARTESIAN_POINT('',(0.5,-0.37,3.E-02));
#7094 = VECTOR('',#7095,1.);
#7095 = DIRECTION('',(0.,0.,1.));
#7096 = ORIENTED_EDGE('',*,*,#6930,.F.);
#7097 = ORIENTED_EDGE('',*,*,#6847,.T.);
#7098 = ORIENTED_EDGE('',*,*,#7066,.T.);
#7099 = PLANE('',#7100);
#7100 = AXIS2_PLACEMENT_3D('',#7101,#7102,#7103);
#7101 = CARTESIAN_POINT('',(-0.5,-0.37,3.E-02));
#7102 = DIRECTION('',(0.,1.,0.));
#7103 = DIRECTION('',(0.,-0.,1.));
#7104 = ADVANCED_FACE('',(#7105,#7175),#7185,.F.);
#7105 = FACE_BOUND('',#7106,.F.);
#7106 = EDGE_LOOP('',(#7107,#7117,#7126,#7134,#7143,#7151,#7160,#7168));
#7107 = ORIENTED_EDGE('',*,*,#7108,.F.);
#7108 = EDGE_CURVE('',#7109,#7111,#7113,.T.);
#7109 = VERTEX_POINT('',#7110);
#7110 = CARTESIAN_POINT('',(0.5,-0.4,3.E-02));
#7111 = VERTEX_POINT('',#7112);
#7112 = CARTESIAN_POINT('',(0.5,-0.4,0.77));
#7113 = LINE('',#7114,#7115);
#7114 = CARTESIAN_POINT('',(0.5,-0.4,0.));
#7115 = VECTOR('',#7116,1.);
#7116 = DIRECTION('',(0.,0.,1.));
#7117 = ORIENTED_EDGE('',*,*,#7118,.T.);
#7118 = EDGE_CURVE('',#7109,#7119,#7121,.T.);
#7119 = VERTEX_POINT('',#7120);
#7120 = CARTESIAN_POINT('',(0.5,-0.37,0.));
#7121 = CIRCLE('',#7122,3.E-02);
#7122 = AXIS2_PLACEMENT_3D('',#7123,#7124,#7125);
#7123 = CARTESIAN_POINT('',(0.5,-0.37,3.E-02));
#7124 = DIRECTION('',(1.,0.,-0.));
#7125 = DIRECTION('',(0.,0.,1.));
#7126 = ORIENTED_EDGE('',*,*,#7127,.T.);
#7127 = EDGE_CURVE('',#7119,#7128,#7130,.T.);
#7128 = VERTEX_POINT('',#7129);
#7129 = CARTESIAN_POINT('',(0.5,0.37,0.));
#7130 = LINE('',#7131,#7132);
#7131 = CARTESIAN_POINT('',(0.5,-0.4,0.));
#7132 = VECTOR('',#7133,1.);
#7133 = DIRECTION('',(0.,1.,0.));
#7134 = ORIENTED_EDGE('',*,*,#7135,.F.);
#7135 = EDGE_CURVE('',#7136,#7128,#7138,.T.);
#7136 = VERTEX_POINT('',#7137);
#7137 = CARTESIAN_POINT('',(0.5,0.4,3.E-02));
#7138 = CIRCLE('',#7139,3.E-02);
#7139 = AXIS2_PLACEMENT_3D('',#7140,#7141,#7142);
#7140 = CARTESIAN_POINT('',(0.5,0.37,3.E-02));
#7141 = DIRECTION('',(-1.,0.,0.));
#7142 = DIRECTION('',(0.,0.,1.));
#7143 = ORIENTED_EDGE('',*,*,#7144,.T.);
#7144 = EDGE_CURVE('',#7136,#7145,#7147,.T.);
#7145 = VERTEX_POINT('',#7146);
#7146 = CARTESIAN_POINT('',(0.5,0.4,0.77));
#7147 = LINE('',#7148,#7149);
#7148 = CARTESIAN_POINT('',(0.5,0.4,0.));
#7149 = VECTOR('',#7150,1.);
#7150 = DIRECTION('',(0.,0.,1.));
#7151 = ORIENTED_EDGE('',*,*,#7152,.T.);
#7152 = EDGE_CURVE('',#7145,#7153,#7155,.T.);
#7153 = VERTEX_POINT('',#7154);
#7154 = CARTESIAN_POINT('',(0.5,0.37,0.8));
#7155 = CIRCLE('',#7156,3.E-02);
#7156 = AXIS2_PLACEMENT_3D('',#7157,#7158,#7159);
#7157 = CARTESIAN_POINT('',(0.5,0.37,0.77));
#7158 = DIRECTION('',(1.,0.,-0.));
#7159 = DIRECTION('',(0.,0.,1.));
#7160 = ORIENTED_EDGE('',*,*,#7161,.F.);
#7161 = EDGE_CURVE('',#7162,#7153,#7164,.T.);
#7162 = VERTEX_POINT('',#7163);
#7163 = CARTESIAN_POINT('',(0.5,-0.37,0.8));
#7164 = LINE('',#7165,#7166);
#7165 = CARTESIAN_POINT('',(0.5,-0.4,0.8));
#7166 = VECTOR('',#7167,1.);
#7167 = DIRECTION('',(0.,1.,0.));
#7168 = ORIENTED_EDGE('',*,*,#7169,.F.);
#7169 = EDGE_CURVE('',#7111,#7162,#7170,.T.);
#7170 = CIRCLE('',#7171,3.E-02);
#7171 = AXIS2_PLACEMENT_3D('',#7172,#7173,#7174);
#7172 = CARTESIAN_POINT('',(0.5,-0.37,0.77));
#7173 = DIRECTION('',(-1.,0.,0.));
#7174 = DIRECTION('',(0.,0.,1.));
#7175 = FACE_BOUND('',#7176,.F.);
#7176 = EDGE_LOOP('',(#7177,#7178,#7179,#7180,#7181,#7182,#7183,#7184));
#7177 = ORIENTED_EDGE('',*,*,#6921,.F.);
#7178 = ORIENTED_EDGE('',*,*,#7091,.T.);
#7179 = ORIENTED_EDGE('',*,*,#7074,.T.);
#7180 = ORIENTED_EDGE('',*,*,#7051,.T.);
#7181 = ORIENTED_EDGE('',*,*,#7026,.F.);
#7182 = ORIENTED_EDGE('',*,*,#6993,.F.);
#7183 = ORIENTED_EDGE('',*,*,#6976,.T.);
#7184 = ORIENTED_EDGE('',*,*,#6946,.F.);
#7185 = PLANE('',#7186);
#7186 = AXIS2_PLACEMENT_3D('',#7187,#7188,#7189);
#7187 = CARTESIAN_POINT('',(0.5,-0.4,0.));
#7188 = DIRECTION('',(1.,0.,0.));
#7189 = DIRECTION('',(0.,0.,1.));
#7190 = ADVANCED_FACE('',(#7191),#7216,.F.);
#7191 = FACE_BOUND('',#7192,.F.);
#7192 = EDGE_LOOP('',(#7193,#7203,#7209,#7210));
#7193 = ORIENTED_EDGE('',*,*,#7194,.F.);
#7194 = EDGE_CURVE('',#7195,#7197,#7199,.T.);
#7195 = VERTEX_POINT('',#7196);
#7196 = CARTESIAN_POINT('',(0.8,-0.4,3.E-02));
#7197 = VERTEX_POINT('',#7198);
#7198 = CARTESIAN_POINT('',(0.8,-0.4,0.77));
#7199 = LINE('',#7200,#7201);
#7200 = CARTESIAN_POINT('',(0.8,-0.4,0.));
#7201 = VECTOR('',#7202,1.);
#7202 = DIRECTION('',(0.,0.,1.));
#7203 = ORIENTED_EDGE('',*,*,#7204,.F.);
#7204 = EDGE_CURVE('',#7109,#7195,#7205,.T.);
#7205 = LINE('',#7206,#7207);
#7206 = CARTESIAN_POINT('',(0.5,-0.4,3.E-02));
#7207 = VECTOR('',#7208,1.);
#7208 = DIRECTION('',(1.,0.,0.));
#7209 = ORIENTED_EDGE('',*,*,#7108,.T.);
#7210 = ORIENTED_EDGE('',*,*,#7211,.T.);
#7211 = EDGE_CURVE('',#7111,#7197,#7212,.T.);
#7212 = LINE('',#7213,#7214);
#7213 = CARTESIAN_POINT('',(0.5,-0.4,0.77));
#7214 = VECTOR('',#7215,1.);
#7215 = DIRECTION('',(1.,0.,0.));
#7216 = PLANE('',#7217);
#7217 = AXIS2_PLACEMENT_3D('',#7218,#7219,#7220);
#7218 = CARTESIAN_POINT('',(0.5,-0.4,0.));
#7219 = DIRECTION('',(0.,1.,0.));
#7220 = DIRECTION('',(0.,-0.,1.));
#7221 = ADVANCED_FACE('',(#7222),#7241,.T.);
#7222 = FACE_BOUND('',#7223,.T.);
#7223 = EDGE_LOOP('',(#7224,#7225,#7233,#7240));
#7224 = ORIENTED_EDGE('',*,*,#7118,.T.);
#7225 = ORIENTED_EDGE('',*,*,#7226,.T.);
#7226 = EDGE_CURVE('',#7119,#7227,#7229,.T.);
#7227 = VERTEX_POINT('',#7228);
#7228 = CARTESIAN_POINT('',(0.8,-0.37,0.));
#7229 = LINE('',#7230,#7231);
#7230 = CARTESIAN_POINT('',(0.5,-0.37,0.));
#7231 = VECTOR('',#7232,1.);
#7232 = DIRECTION('',(1.,0.,0.));
#7233 = ORIENTED_EDGE('',*,*,#7234,.F.);
#7234 = EDGE_CURVE('',#7195,#7227,#7235,.T.);
#7235 = CIRCLE('',#7236,3.E-02);
#7236 = AXIS2_PLACEMENT_3D('',#7237,#7238,#7239);
#7237 = CARTESIAN_POINT('',(0.8,-0.37,3.E-02));
#7238 = DIRECTION('',(1.,0.,-0.));
#7239 = DIRECTION('',(0.,0.,1.));
#7240 = ORIENTED_EDGE('',*,*,#7204,.F.);
#7241 = CYLINDRICAL_SURFACE('',#7242,3.E-02);
#7242 = AXIS2_PLACEMENT_3D('',#7243,#7244,#7245);
#7243 = CARTESIAN_POINT('',(0.5,-0.37,3.E-02));
#7244 = DIRECTION('',(1.,0.,0.));
#7245 = DIRECTION('',(0.,-1.,0.));
#7246 = ADVANCED_FACE('',(#7247),#7266,.T.);
#7247 = FACE_BOUND('',#7248,.T.);
#7248 = EDGE_LOOP('',(#7249,#7250,#7259,#7265));
#7249 = ORIENTED_EDGE('',*,*,#7211,.T.);
#7250 = ORIENTED_EDGE('',*,*,#7251,.T.);
#7251 = EDGE_CURVE('',#7197,#7252,#7254,.T.);
#7252 = VERTEX_POINT('',#7253);
#7253 = CARTESIAN_POINT('',(0.8,-0.37,0.8));
#7254 = CIRCLE('',#7255,3.E-02);
#7255 = AXIS2_PLACEMENT_3D('',#7256,#7257,#7258);
#7256 = CARTESIAN_POINT('',(0.8,-0.37,0.77));
#7257 = DIRECTION('',(-1.,0.,0.));
#7258 = DIRECTION('',(0.,0.,1.));
#7259 = ORIENTED_EDGE('',*,*,#7260,.F.);
#7260 = EDGE_CURVE('',#7162,#7252,#7261,.T.);
#7261 = LINE('',#7262,#7263);
#7262 = CARTESIAN_POINT('',(0.5,-0.37,0.8));
#7263 = VECTOR('',#7264,1.);
#7264 = DIRECTION('',(1.,0.,0.));
#7265 = ORIENTED_EDGE('',*,*,#7169,.F.);
#7266 = CYLINDRICAL_SURFACE('',#7267,3.E-02);
#7267 = AXIS2_PLACEMENT_3D('',#7268,#7269,#7270);
#7268 = CARTESIAN_POINT('',(0.5,-0.37,0.77));
#7269 = DIRECTION('',(1.,0.,0.));
#7270 = DIRECTION('',(0.,-1.,0.));
#7271 = ADVANCED_FACE('',(#7272),#7290,.F.);
#7272 = FACE_BOUND('',#7273,.F.);
#7273 = EDGE_LOOP('',(#7274,#7275,#7276,#7284));
#7274 = ORIENTED_EDGE('',*,*,#7127,.F.);
#7275 = ORIENTED_EDGE('',*,*,#7226,.T.);
#7276 = ORIENTED_EDGE('',*,*,#7277,.T.);
#7277 = EDGE_CURVE('',#7227,#7278,#7280,.T.);
#7278 = VERTEX_POINT('',#7279);
#7279 = CARTESIAN_POINT('',(0.8,0.37,0.));
#7280 = LINE('',#7281,#7282);
#7281 = CARTESIAN_POINT('',(0.8,-0.4,0.));
#7282 = VECTOR('',#7283,1.);
#7283 = DIRECTION('',(0.,1.,0.));
#7284 = ORIENTED_EDGE('',*,*,#7285,.F.);
#7285 = EDGE_CURVE('',#7128,#7278,#7286,.T.);
#7286 = LINE('',#7287,#7288);
#7287 = CARTESIAN_POINT('',(0.5,0.37,0.));
#7288 = VECTOR('',#7289,1.);
#7289 = DIRECTION('',(1.,0.,0.));
#7290 = PLANE('',#7291);
#7291 = AXIS2_PLACEMENT_3D('',#7292,#7293,#7294);
#7292 = CARTESIAN_POINT('',(0.5,-0.4,0.));
#7293 = DIRECTION('',(0.,0.,1.));
#7294 = DIRECTION('',(1.,0.,-0.));
#7295 = ADVANCED_FACE('',(#7296),#7314,.T.);
#7296 = FACE_BOUND('',#7297,.T.);
#7297 = EDGE_LOOP('',(#7298,#7299,#7300,#7308));
#7298 = ORIENTED_EDGE('',*,*,#7161,.F.);
#7299 = ORIENTED_EDGE('',*,*,#7260,.T.);
#7300 = ORIENTED_EDGE('',*,*,#7301,.T.);
#7301 = EDGE_CURVE('',#7252,#7302,#7304,.T.);
#7302 = VERTEX_POINT('',#7303);
#7303 = CARTESIAN_POINT('',(0.8,0.37,0.8));
#7304 = LINE('',#7305,#7306);
#7305 = CARTESIAN_POINT('',(0.8,-0.4,0.8));
#7306 = VECTOR('',#7307,1.);
#7307 = DIRECTION('',(0.,1.,0.));
#7308 = ORIENTED_EDGE('',*,*,#7309,.F.);
#7309 = EDGE_CURVE('',#7153,#7302,#7310,.T.);
#7310 = LINE('',#7311,#7312);
#7311 = CARTESIAN_POINT('',(0.5,0.37,0.8));
#7312 = VECTOR('',#7313,1.);
#7313 = DIRECTION('',(1.,0.,0.));
#7314 = PLANE('',#7315);
#7315 = AXIS2_PLACEMENT_3D('',#7316,#7317,#7318);
#7316 = CARTESIAN_POINT('',(0.5,-0.4,0.8));
#7317 = DIRECTION('',(0.,0.,1.));
#7318 = DIRECTION('',(1.,0.,-0.));
#7319 = ADVANCED_FACE('',(#7320),#7339,.T.);
#7320 = FACE_BOUND('',#7321,.T.);
#7321 = EDGE_LOOP('',(#7322,#7330,#7337,#7338));
#7322 = ORIENTED_EDGE('',*,*,#7323,.T.);
#7323 = EDGE_CURVE('',#7136,#7324,#7326,.T.);
#7324 = VERTEX_POINT('',#7325);
#7325 = CARTESIAN_POINT('',(0.8,0.4,3.E-02));
#7326 = LINE('',#7327,#7328);
#7327 = CARTESIAN_POINT('',(0.5,0.4,3.E-02));
#7328 = VECTOR('',#7329,1.);
#7329 = DIRECTION('',(1.,0.,0.));
#7330 = ORIENTED_EDGE('',*,*,#7331,.T.);
#7331 = EDGE_CURVE('',#7324,#7278,#7332,.T.);
#7332 = CIRCLE('',#7333,3.E-02);
#7333 = AXIS2_PLACEMENT_3D('',#7334,#7335,#7336);
#7334 = CARTESIAN_POINT('',(0.8,0.37,3.E-02));
#7335 = DIRECTION('',(-1.,0.,0.));
#7336 = DIRECTION('',(0.,0.,1.));
#7337 = ORIENTED_EDGE('',*,*,#7285,.F.);
#7338 = ORIENTED_EDGE('',*,*,#7135,.F.);
#7339 = CYLINDRICAL_SURFACE('',#7340,3.E-02);
#7340 = AXIS2_PLACEMENT_3D('',#7341,#7342,#7343);
#7341 = CARTESIAN_POINT('',(0.5,0.37,3.E-02));
#7342 = DIRECTION('',(1.,0.,0.));
#7343 = DIRECTION('',(-0.,1.,0.));
#7344 = ADVANCED_FACE('',(#7345),#7364,.T.);
#7345 = FACE_BOUND('',#7346,.T.);
#7346 = EDGE_LOOP('',(#7347,#7348,#7349,#7358));
#7347 = ORIENTED_EDGE('',*,*,#7152,.T.);
#7348 = ORIENTED_EDGE('',*,*,#7309,.T.);
#7349 = ORIENTED_EDGE('',*,*,#7350,.F.);
#7350 = EDGE_CURVE('',#7351,#7302,#7353,.T.);
#7351 = VERTEX_POINT('',#7352);
#7352 = CARTESIAN_POINT('',(0.8,0.4,0.77));
#7353 = CIRCLE('',#7354,3.E-02);
#7354 = AXIS2_PLACEMENT_3D('',#7355,#7356,#7357);
#7355 = CARTESIAN_POINT('',(0.8,0.37,0.77));
#7356 = DIRECTION('',(1.,0.,-0.));
#7357 = DIRECTION('',(0.,0.,1.));
#7358 = ORIENTED_EDGE('',*,*,#7359,.F.);
#7359 = EDGE_CURVE('',#7145,#7351,#7360,.T.);
#7360 = LINE('',#7361,#7362);
#7361 = CARTESIAN_POINT('',(0.5,0.4,0.77));
#7362 = VECTOR('',#7363,1.);
#7363 = DIRECTION('',(1.,0.,0.));
#7364 = CYLINDRICAL_SURFACE('',#7365,3.E-02);
#7365 = AXIS2_PLACEMENT_3D('',#7366,#7367,#7368);
#7366 = CARTESIAN_POINT('',(0.5,0.37,0.77));
#7367 = DIRECTION('',(1.,0.,0.));
#7368 = DIRECTION('',(-0.,1.,0.));
#7369 = ADVANCED_FACE('',(#7370),#7381,.T.);
#7370 = FACE_BOUND('',#7371,.T.);
#7371 = EDGE_LOOP('',(#7372,#7378,#7379,#7380));
#7372 = ORIENTED_EDGE('',*,*,#7373,.F.);
#7373 = EDGE_CURVE('',#7324,#7351,#7374,.T.);
#7374 = LINE('',#7375,#7376);
#7375 = CARTESIAN_POINT('',(0.8,0.4,0.));
#7376 = VECTOR('',#7377,1.);
#7377 = DIRECTION('',(0.,0.,1.));
#7378 = ORIENTED_EDGE('',*,*,#7323,.F.);
#7379 = ORIENTED_EDGE('',*,*,#7144,.T.);
#7380 = ORIENTED_EDGE('',*,*,#7359,.T.);
#7381 = PLANE('',#7382);
#7382 = AXIS2_PLACEMENT_3D('',#7383,#7384,#7385);
#7383 = CARTESIAN_POINT('',(0.5,0.4,0.));
#7384 = DIRECTION('',(0.,1.,0.));
#7385 = DIRECTION('',(0.,-0.,1.));
#7386 = ADVANCED_FACE('',(#7387),#7397,.T.);
#7387 = FACE_BOUND('',#7388,.T.);
#7388 = EDGE_LOOP('',(#7389,#7390,#7391,#7392,#7393,#7394,#7395,#7396));
#7389 = ORIENTED_EDGE('',*,*,#7194,.F.);
#7390 = ORIENTED_EDGE('',*,*,#7234,.T.);
#7391 = ORIENTED_EDGE('',*,*,#7277,.T.);
#7392 = ORIENTED_EDGE('',*,*,#7331,.F.);
#7393 = ORIENTED_EDGE('',*,*,#7373,.T.);
#7394 = ORIENTED_EDGE('',*,*,#7350,.T.);
#7395 = ORIENTED_EDGE('',*,*,#7301,.F.);
#7396 = ORIENTED_EDGE('',*,*,#7251,.F.);
#7397 = PLANE('',#7398);
#7398 = AXIS2_PLACEMENT_3D('',#7399,#7400,#7401);
#7399 = CARTESIAN_POINT('',(0.8,-0.4,0.));
#7400 = DIRECTION('',(1.,0.,0.));
#7401 = DIRECTION('',(0.,0.,1.));
#7402 = ( GEOMETRIC_REPRESENTATION_CONTEXT(3) 
GLOBAL_UNCERTAINTY_ASSIGNED_CONTEXT((#7406)) 
GLOBAL_UNIT_ASSIGNED_CONTEXT((#7403,#7404,#7405)) REPRESENTATION_CONTEXT
('Context #1','3D Context with UNIT and UNCERTAINTY') );
#7403 = ( LENGTH_UNIT() NAMED_UNIT(*) SI_UNIT(.MILLI.,.METRE.) );
#7404 = ( NAMED_UNIT(*) PLANE_ANGLE_UNIT() SI_UNIT($,.RADIAN.) );
#7405 = ( NAMED_UNIT(*) SI_UNIT($,.STERADIAN.) SOLID_ANGLE_UNIT() );
#7406 = UNCERTAINTY_MEASURE_WITH_UNIT(LENGTH_MEASURE(1.E-07),#7403,
  'distance_accuracy_value','confusion accuracy');
#7407 = CONTEXT_DEPENDENT_SHAPE_REPRESENTATION(#7408,#7410);
#7408 = ( REPRESENTATION_RELATIONSHIP('','',#6547,#10) 
REPRESENTATION_RELATIONSHIP_WITH_TRANSFORMATION(#7409) 
SHAPE_REPRESENTATION_RELATIONSHIP() );
#7409 = ITEM_DEFINED_TRANSFORMATION('','',#11,#39);
#7410 = PRODUCT_DEFINITION_SHAPE('Placement','Placement of an item',
  #7411);
#7411 = NEXT_ASSEMBLY_USAGE_OCCURRENCE('7','C1','',#5,#6542,$);
#7412 = PRODUCT_RELATED_PRODUCT_CATEGORY('part',$,(#6544));
#7413 = CONTEXT_DEPENDENT_SHAPE_REPRESENTATION(#7414,#7416);
#7414 = ( REPRESENTATION_RELATIONSHIP('','',#5738,#10) 
REPRESENTATION_RELATIONSHIP_WITH_TRANSFORMATION(#7415) 
SHAPE_REPRESENTATION_RELATIONSHIP() );
#7415 = ITEM_DEFINED_TRANSFORMATION('','',#11,#43);
#7416 = PRODUCT_DEFINITION_SHAPE('Placement','Placement of an item',
  #7417);
#7417 = NEXT_ASSEMBLY_USAGE_OCCURRENCE('8','RS4','',#5,#5733,$);
#7418 = CONTEXT_DEPENDENT_SHAPE_REPRESENTATION(#7419,#7421);
#7419 = ( REPRESENTATION_RELATIONSHIP('','',#5738,#10) 
REPRESENTATION_RELATIONSHIP_WITH_TRANSFORMATION(#7420) 
SHAPE_REPRESENTATION_RELATIONSHIP() );
#7420 = ITEM_DEFINED_TRANSFORMATION('','',#11,#47);
#7421 = PRODUCT_DEFINITION_SHAPE('Placement','Placement of an item',
  #7422);
#7422 = NEXT_ASSEMBLY_USAGE_OCCURRENCE('9','RB4','',#5,#5733,$);
#7423 = CONTEXT_DEPENDENT_SHAPE_REPRESENTATION(#7424,#7426);
#7424 = ( REPRESENTATION_RELATIONSHIP('','',#5738,#10) 
REPRESENTATION_RELATIONSHIP_WITH_TRANSFORMATION(#7425) 
SHAPE_REPRESENTATION_RELATIONSHIP() );
#7425 = ITEM_DEFINED_TRANSFORMATION('','',#11,#51);
#7426 = PRODUCT_DEFINITION_SHAPE('Placement','Placement of an item',
  #7427);
#7427 = NEXT_ASSEMBLY_USAGE_OCCURRENCE('10','RT1','',#5,#5733,$);
#7428 = CONTEXT_DEPENDENT_SHAPE_REPRESENTATION(#7429,#7431);
#7429 = ( REPRESENTATION_RELATIONSHIP('','',#6547,#10) 
REPRESENTATION_RELATIONSHIP_WITH_TRANSFORMATION(#7430) 
SHAPE_REPRESENTATION_RELATIONSHIP() );
#7430 = ITEM_DEFINED_TRANSFORMATION('','',#11,#55);
#7431 = PRODUCT_DEFINITION_SHAPE('Placement','Placement of an item',
  #7432);
#7432 = NEXT_ASSEMBLY_USAGE_OCCURRENCE('11','CF2','',#5,#6542,$);
#7433 = CONTEXT_DEPENDENT_SHAPE_REPRESENTATION(#7434,#7436);
#7434 = ( REPRESENTATION_RELATIONSHIP('','',#6547,#10) 
REPRESENTATION_RELATIONSHIP_WITH_TRANSFORMATION(#7435) 
SHAPE_REPRESENTATION_RELATIONSHIP() );
#7435 = ITEM_DEFINED_TRANSFORMATION('','',#11,#59);
#7436 = PRODUCT_DEFINITION_SHAPE('Placement','Placement of an item',
  #7437);
#7437 = NEXT_ASSEMBLY_USAGE_OCCURRENCE('12','CF3','',#5,#6542,$);
#7438 = CONTEXT_DEPENDENT_SHAPE_REPRESENTATION(#7439,#7441);
#7439 = ( REPRESENTATION_RELATIONSHIP('','',#5738,#10) 
REPRESENTATION_RELATIONSHIP_WITH_TRANSFORMATION(#7440) 
SHAPE_REPRESENTATION_RELATIONSHIP() );
#7440 = ITEM_DEFINED_TRANSFORMATION('','',#11,#63);
#7441 = PRODUCT_DEFINITION_SHAPE('Placement','Placement of an item',
  #7442);
#7442 = NEXT_ASSEMBLY_USAGE_OCCURRENCE('13','RS2','',#5,#5733,$);
#7443 = CONTEXT_DEPENDENT_SHAPE_REPRESENTATION(#7444,#7446);
#7444 = ( REPRESENTATION_RELATIONSHIP('','',#5738,#10) 
REPRESENTATION_RELATIONSHIP_WITH_TRANSFORMATION(#7445) 
SHAPE_REPRESENTATION_RELATIONSHIP() );
#7445 = ITEM_DEFINED_TRANSFORMATION('','',#11,#67);
#7446 = PRODUCT_DEFINITION_SHAPE('Placement','Placement of an item',
  #7447);
#7447 = NEXT_ASSEMBLY_USAGE_OCCURRENCE('14','RT3','',#5,#5733,$);
#7448 = CONTEXT_DEPENDENT_SHAPE_REPRESENTATION(#7449,#7451);
#7449 = ( REPRESENTATION_RELATIONSHIP('','',#152,#10) 
REPRESENTATION_RELATIONSHIP_WITH_TRANSFORMATION(#7450) 
SHAPE_REPRESENTATION_RELATIONSHIP() );
#7450 = ITEM_DEFINED_TRANSFORMATION('','',#11,#71);
#7451 = PRODUCT_DEFINITION_SHAPE('Placement','Placement of an item',
  #7452);
#7452 = NEXT_ASSEMBLY_USAGE_OCCURRENCE('15','RM2','',#5,#147,$);
#7453 = CONTEXT_DEPENDENT_SHAPE_REPRESENTATION(#7454,#7456);
#7454 = ( REPRESENTATION_RELATIONSHIP('','',#966,#10) 
REPRESENTATION_RELATIONSHIP_WITH_TRANSFORMATION(#7455) 
SHAPE_REPRESENTATION_RELATIONSHIP() );
#7455 = ITEM_DEFINED_TRANSFORMATION('','',#11,#75);
#7456 = PRODUCT_DEFINITION_SHAPE('Placement','Placement of an item',
  #7457);
#7457 = NEXT_ASSEMBLY_USAGE_OCCURRENCE('16','J3','',#5,#961,$);
#7458 = CONTEXT_DEPENDENT_SHAPE_REPRESENTATION(#7459,#7461);
#7459 = ( REPRESENTATION_RELATIONSHIP('','',#6547,#10) 
REPRESENTATION_RELATIONSHIP_WITH_TRANSFORMATION(#7460) 
SHAPE_REPRESENTATION_RELATIONSHIP() );
#7460 = ITEM_DEFINED_TRANSFORMATION('','',#11,#79);
#7461 = PRODUCT_DEFINITION_SHAPE('Placement','Placement of an item',
  #7462);
#7462 = NEXT_ASSEMBLY_USAGE_OCCURRENCE('17','CF4','',#5,#6542,$);
#7463 = CONTEXT_DEPENDENT_SHAPE_REPRESENTATION(#7464,#7466);
#7464 = ( REPRESENTATION_RELATIONSHIP('','',#5738,#10) 
REPRESENTATION_RELATIONSHIP_WITH_TRANSFORMATION(#7465) 
SHAPE_REPRESENTATION_RELATIONSHIP() );
#7465 = ITEM_DEFINED_TRANSFORMATION('','',#11,#83);
#7466 = PRODUCT_DEFINITION_SHAPE('Placement','Placement of an item',
  #7467);
#7467 = NEXT_ASSEMBLY_USAGE_OCCURRENCE('18','RS1','',#5,#5733,$);
#7468 = CONTEXT_DEPENDENT_SHAPE_REPRESENTATION(#7469,#7471);
#7469 = ( REPRESENTATION_RELATIONSHIP('','',#5738,#10) 
REPRESENTATION_RELATIONSHIP_WITH_TRANSFORMATION(#7470) 
SHAPE_REPRESENTATION_RELATIONSHIP() );
#7470 = ITEM_DEFINED_TRANSFORMATION('','',#11,#87);
#7471 = PRODUCT_DEFINITION_SHAPE('Placement','Placement of an item',
  #7472);
#7472 = NEXT_ASSEMBLY_USAGE_OCCURRENCE('19','RB3','',#5,#5733,$);
#7473 = CONTEXT_DEPENDENT_SHAPE_REPRESENTATION(#7474,#7476);
#7474 = ( REPRESENTATION_RELATIONSHIP('','',#6547,#10) 
REPRESENTATION_RELATIONSHIP_WITH_TRANSFORMATION(#7475) 
SHAPE_REPRESENTATION_RELATIONSHIP() );
#7475 = ITEM_DEFINED_TRANSFORMATION('','',#11,#91);
#7476 = PRODUCT_DEFINITION_SHAPE('Placement','Placement of an item',
  #7477);
#7477 = NEXT_ASSEMBLY_USAGE_OCCURRENCE('20','CF1','',#5,#6542,$);
#7478 = CONTEXT_DEPENDENT_SHAPE_REPRESENTATION(#7479,#7481);
#7479 = ( REPRESENTATION_RELATIONSHIP('','',#5738,#10) 
REPRESENTATION_RELATIONSHIP_WITH_TRANSFORMATION(#7480) 
SHAPE_REPRESENTATION_RELATIONSHIP() );
#7480 = ITEM_DEFINED_TRANSFORMATION('','',#11,#95);
#7481 = PRODUCT_DEFINITION_SHAPE('Placement','Placement of an item',
  #7482);
#7482 = NEXT_ASSEMBLY_USAGE_OCCURRENCE('21','RS3','',#5,#5733,$);
#7483 = SHAPE_DEFINITION_REPRESENTATION(#7484,#7490);
#7484 = PRODUCT_DEFINITION_SHAPE('','',#7485);
#7485 = PRODUCT_DEFINITION('design','',#7486,#7489);
#7486 = PRODUCT_DEFINITION_FORMATION('','',#7487);
#7487 = PRODUCT('D_SMA','D_SMA','',(#7488));
#7488 = PRODUCT_CONTEXT('',#2,'mechanical');
#7489 = PRODUCT_DEFINITION_CONTEXT('part definition',#2,'design');
#7490 = ADVANCED_BREP_SHAPE_REPRESENTATION('',(#11,#7491),#8699);
#7491 = MANIFOLD_SOLID_BREP('',#7492);
#7492 = CLOSED_SHELL('',(#7493,#7533,#7616,#7641,#7716,#7733,#7750,#7767
    ,#7784,#7801,#7817,#7864,#7899,#7938,#7967,#8006,#8035,#8089,#8132,
    #8155,#8178,#8201,#8252,#8275,#8292,#8366,#8390,#8457,#8469,#8481,
    #8498,#8527,#8550,#8573,#8590,#8612,#8624,#8641,#8658,#8675,#8687));
#7493 = ADVANCED_FACE('',(#7494),#7528,.T.);
#7494 = FACE_BOUND('',#7495,.T.);
#7495 = EDGE_LOOP('',(#7496,#7506,#7514,#7522));
#7496 = ORIENTED_EDGE('',*,*,#7497,.T.);
#7497 = EDGE_CURVE('',#7498,#7500,#7502,.T.);
#7498 = VERTEX_POINT('',#7499);
#7499 = CARTESIAN_POINT('',(1.14,0.75,0.));
#7500 = VERTEX_POINT('',#7501);
#7501 = CARTESIAN_POINT('',(2.353333333333,0.75,-2.775557561563E-17));
#7502 = LINE('',#7503,#7504);
#7503 = CARTESIAN_POINT('',(2.28,0.75,0.));
#7504 = VECTOR('',#7505,1.);
#7505 = DIRECTION('',(1.,-3.445092848398E-16,0.));
#7506 = ORIENTED_EDGE('',*,*,#7507,.T.);
#7507 = EDGE_CURVE('',#7500,#7508,#7510,.T.);
#7508 = VERTEX_POINT('',#7509);
#7509 = CARTESIAN_POINT('',(2.353333333333,-0.75,-2.775557561563E-17));
#7510 = LINE('',#7511,#7512);
#7511 = CARTESIAN_POINT('',(2.353333333333,0.75,-2.775557561563E-17));
#7512 = VECTOR('',#7513,1.);
#7513 = DIRECTION('',(-3.445092848398E-16,-1.,0.));
#7514 = ORIENTED_EDGE('',*,*,#7515,.T.);
#7515 = EDGE_CURVE('',#7508,#7516,#7518,.T.);
#7516 = VERTEX_POINT('',#7517);
#7517 = CARTESIAN_POINT('',(1.14,-0.75,0.));
#7518 = LINE('',#7519,#7520);
#7519 = CARTESIAN_POINT('',(2.28,-0.75,0.));
#7520 = VECTOR('',#7521,1.);
#7521 = DIRECTION('',(-1.,3.445092848398E-16,0.));
#7522 = ORIENTED_EDGE('',*,*,#7523,.T.);
#7523 = EDGE_CURVE('',#7516,#7498,#7524,.T.);
#7524 = LINE('',#7525,#7526);
#7525 = CARTESIAN_POINT('',(1.14,-0.75,0.));
#7526 = VECTOR('',#7527,1.);
#7527 = DIRECTION('',(3.445092848398E-16,1.,0.));
#7528 = PLANE('',#7529);
#7529 = AXIS2_PLACEMENT_3D('',#7530,#7531,#7532);
#7530 = CARTESIAN_POINT('',(1.746666666667,-5.821951347626E-16,
    -7.671995716851E-18));
#7531 = DIRECTION('',(-1.332277103521E-17,5.237186372803E-33,-1.));
#7532 = DIRECTION('',(1.,-2.22044604925E-16,-1.332277103521E-17));
#7533 = ADVANCED_FACE('',(#7534),#7611,.T.);
#7534 = FACE_BOUND('',#7535,.T.);
#7535 = EDGE_LOOP('',(#7536,#7546,#7553,#7554,#7562,#7570,#7580,#7588,
    #7596,#7604));
#7536 = ORIENTED_EDGE('',*,*,#7537,.F.);
#7537 = EDGE_CURVE('',#7538,#7540,#7542,.T.);
#7538 = VERTEX_POINT('',#7539);
#7539 = CARTESIAN_POINT('',(2.5,0.75,0.146666666667));
#7540 = VERTEX_POINT('',#7541);
#7541 = CARTESIAN_POINT('',(2.5,0.75,0.842343333333));
#7542 = LINE('',#7543,#7544);
#7543 = CARTESIAN_POINT('',(2.5,0.75,0.));
#7544 = VECTOR('',#7545,1.);
#7545 = DIRECTION('',(0.,0.,1.));
#7546 = ORIENTED_EDGE('',*,*,#7547,.T.);
#7547 = EDGE_CURVE('',#7538,#7500,#7548,.T.);
#7548 = CIRCLE('',#7549,0.146666666667);
#7549 = AXIS2_PLACEMENT_3D('',#7550,#7551,#7552);
#7550 = CARTESIAN_POINT('',(2.353333333333,0.75,0.146666666667));
#7551 = DIRECTION('',(3.445092848398E-16,1.,-0.));
#7552 = DIRECTION('',(0.,0.,1.));
#7553 = ORIENTED_EDGE('',*,*,#7497,.F.);
#7554 = ORIENTED_EDGE('',*,*,#7555,.T.);
#7555 = EDGE_CURVE('',#7498,#7556,#7558,.T.);
#7556 = VERTEX_POINT('',#7557);
#7557 = CARTESIAN_POINT('',(1.14,0.75,0.22));
#7558 = LINE('',#7559,#7560);
#7559 = CARTESIAN_POINT('',(1.14,0.75,0.));
#7560 = VECTOR('',#7561,1.);
#7561 = DIRECTION('',(0.,0.,1.));
#7562 = ORIENTED_EDGE('',*,*,#7563,.F.);
#7563 = EDGE_CURVE('',#7564,#7556,#7566,.T.);
#7564 = VERTEX_POINT('',#7565);
#7565 = CARTESIAN_POINT('',(2.225259344883,0.75,0.22));
#7566 = LINE('',#7567,#7568);
#7567 = CARTESIAN_POINT('',(2.108163247245,0.75,0.22));
#7568 = VECTOR('',#7569,1.);
#7569 = DIRECTION('',(-1.,4.514825988711E-16,0.));
#7570 = ORIENTED_EDGE('',*,*,#7571,.T.);
#7571 = EDGE_CURVE('',#7564,#7572,#7574,.T.);
#7572 = VERTEX_POINT('',#7573);
#7573 = CARTESIAN_POINT('',(2.225413939802,0.75,0.2222));
#7574 = B_SPLINE_CURVE_WITH_KNOTS('',4,(#7575,#7576,#7577,#7578,#7579),
  .UNSPECIFIED.,.F.,.F.,(5,5),(0.,1.),.PIECEWISE_BEZIER_KNOTS.);
#7575 = CARTESIAN_POINT('',(2.225259344883,0.75,0.22));
#7576 = CARTESIAN_POINT('',(2.238768685756,0.75,0.412247910026));
#7577 = CARTESIAN_POINT('',(2.25227825666,0.75,0.604499093572));
#7578 = CARTESIAN_POINT('',(2.265788033788,0.75,0.796753211837));
#7579 = CARTESIAN_POINT('',(2.279297998531,0.75,0.98901));
#7580 = ORIENTED_EDGE('',*,*,#7581,.T.);
#7581 = EDGE_CURVE('',#7572,#7582,#7584,.T.);
#7582 = VERTEX_POINT('',#7583);
#7583 = CARTESIAN_POINT('',(2.28,0.75,0.2222));
#7584 = LINE('',#7585,#7586);
#7585 = CARTESIAN_POINT('',(1.14,0.75,0.2222));
#7586 = VECTOR('',#7587,1.);
#7587 = DIRECTION('',(1.,-3.445092848398E-16,0.));
#7588 = ORIENTED_EDGE('',*,*,#7589,.T.);
#7589 = EDGE_CURVE('',#7582,#7590,#7592,.T.);
#7590 = VERTEX_POINT('',#7591);
#7591 = CARTESIAN_POINT('',(2.28,0.75,0.98901));
#7592 = LINE('',#7593,#7594);
#7593 = CARTESIAN_POINT('',(2.28,0.75,0.));
#7594 = VECTOR('',#7595,1.);
#7595 = DIRECTION('',(0.,0.,1.));
#7596 = ORIENTED_EDGE('',*,*,#7597,.T.);
#7597 = EDGE_CURVE('',#7590,#7598,#7600,.T.);
#7598 = VERTEX_POINT('',#7599);
#7599 = CARTESIAN_POINT('',(2.353333333333,0.75,0.98901));
#7600 = LINE('',#7601,#7602);
#7601 = CARTESIAN_POINT('',(2.28,0.75,0.98901));
#7602 = VECTOR('',#7603,1.);
#7603 = DIRECTION('',(1.,-3.445092848398E-16,0.));
#7604 = ORIENTED_EDGE('',*,*,#7605,.F.);
#7605 = EDGE_CURVE('',#7540,#7598,#7606,.T.);
#7606 = CIRCLE('',#7607,0.146666666667);
#7607 = AXIS2_PLACEMENT_3D('',#7608,#7609,#7610);
#7608 = CARTESIAN_POINT('',(2.353333333333,0.75,0.842343333333));
#7609 = DIRECTION('',(-3.445092848398E-16,-1.,0.));
#7610 = DIRECTION('',(0.,0.,1.));
#7611 = PLANE('',#7612);
#7612 = AXIS2_PLACEMENT_3D('',#7613,#7614,#7615);
#7613 = CARTESIAN_POINT('',(1.991067149606,0.75,0.303091083877));
#7614 = DIRECTION('',(4.514825988711E-16,1.,5.822139933717E-17));
#7615 = DIRECTION('',(-1.,4.514825988711E-16,0.));
#7616 = ADVANCED_FACE('',(#7617),#7636,.T.);
#7617 = FACE_BOUND('',#7618,.T.);
#7618 = EDGE_LOOP('',(#7619,#7627,#7634,#7635));
#7619 = ORIENTED_EDGE('',*,*,#7620,.T.);
#7620 = EDGE_CURVE('',#7538,#7621,#7623,.T.);
#7621 = VERTEX_POINT('',#7622);
#7622 = CARTESIAN_POINT('',(2.5,-0.75,0.146666666667));
#7623 = LINE('',#7624,#7625);
#7624 = CARTESIAN_POINT('',(2.5,0.75,0.146666666667));
#7625 = VECTOR('',#7626,1.);
#7626 = DIRECTION('',(-3.445092848398E-16,-1.,0.));
#7627 = ORIENTED_EDGE('',*,*,#7628,.T.);
#7628 = EDGE_CURVE('',#7621,#7508,#7629,.T.);
#7629 = CIRCLE('',#7630,0.146666666667);
#7630 = AXIS2_PLACEMENT_3D('',#7631,#7632,#7633);
#7631 = CARTESIAN_POINT('',(2.353333333333,-0.75,0.146666666667));
#7632 = DIRECTION('',(3.445092848398E-16,1.,-0.));
#7633 = DIRECTION('',(0.,0.,1.));
#7634 = ORIENTED_EDGE('',*,*,#7507,.F.);
#7635 = ORIENTED_EDGE('',*,*,#7547,.F.);
#7636 = CYLINDRICAL_SURFACE('',#7637,0.146666666667);
#7637 = AXIS2_PLACEMENT_3D('',#7638,#7639,#7640);
#7638 = CARTESIAN_POINT('',(2.353333333333,0.75,0.146666666667));
#7639 = DIRECTION('',(-3.445092848398E-16,-1.,0.));
#7640 = DIRECTION('',(1.,-3.445092848398E-16,0.));
#7641 = ADVANCED_FACE('',(#7642),#7711,.T.);
#7642 = FACE_BOUND('',#7643,.T.);
#7643 = EDGE_LOOP('',(#7644,#7645,#7653,#7662,#7670,#7678,#7686,#7696,
    #7704,#7710));
#7644 = ORIENTED_EDGE('',*,*,#7628,.F.);
#7645 = ORIENTED_EDGE('',*,*,#7646,.T.);
#7646 = EDGE_CURVE('',#7621,#7647,#7649,.T.);
#7647 = VERTEX_POINT('',#7648);
#7648 = CARTESIAN_POINT('',(2.5,-0.75,0.842343333333));
#7649 = LINE('',#7650,#7651);
#7650 = CARTESIAN_POINT('',(2.5,-0.75,0.));
#7651 = VECTOR('',#7652,1.);
#7652 = DIRECTION('',(0.,0.,1.));
#7653 = ORIENTED_EDGE('',*,*,#7654,.T.);
#7654 = EDGE_CURVE('',#7647,#7655,#7657,.T.);
#7655 = VERTEX_POINT('',#7656);
#7656 = CARTESIAN_POINT('',(2.353333333333,-0.75,0.98901));
#7657 = CIRCLE('',#7658,0.146666666667);
#7658 = AXIS2_PLACEMENT_3D('',#7659,#7660,#7661);
#7659 = CARTESIAN_POINT('',(2.353333333333,-0.75,0.842343333333));
#7660 = DIRECTION('',(-3.445092848398E-16,-1.,0.));
#7661 = DIRECTION('',(0.,0.,1.));
#7662 = ORIENTED_EDGE('',*,*,#7663,.T.);
#7663 = EDGE_CURVE('',#7655,#7664,#7666,.T.);
#7664 = VERTEX_POINT('',#7665);
#7665 = CARTESIAN_POINT('',(2.28,-0.75,0.98901));
#7666 = LINE('',#7667,#7668);
#7667 = CARTESIAN_POINT('',(2.5,-0.75,0.98901));
#7668 = VECTOR('',#7669,1.);
#7669 = DIRECTION('',(-1.,3.445092848398E-16,0.));
#7670 = ORIENTED_EDGE('',*,*,#7671,.F.);
#7671 = EDGE_CURVE('',#7672,#7664,#7674,.T.);
#7672 = VERTEX_POINT('',#7673);
#7673 = CARTESIAN_POINT('',(2.28,-0.75,0.2222));
#7674 = LINE('',#7675,#7676);
#7675 = CARTESIAN_POINT('',(2.28,-0.75,0.));
#7676 = VECTOR('',#7677,1.);
#7677 = DIRECTION('',(0.,0.,1.));
#7678 = ORIENTED_EDGE('',*,*,#7679,.T.);
#7679 = EDGE_CURVE('',#7672,#7680,#7682,.T.);
#7680 = VERTEX_POINT('',#7681);
#7681 = CARTESIAN_POINT('',(2.225413939802,-0.75,0.2222));
#7682 = LINE('',#7683,#7684);
#7683 = CARTESIAN_POINT('',(2.28,-0.75,0.2222));
#7684 = VECTOR('',#7685,1.);
#7685 = DIRECTION('',(-1.,3.445092848398E-16,0.));
#7686 = ORIENTED_EDGE('',*,*,#7687,.F.);
#7687 = EDGE_CURVE('',#7688,#7680,#7690,.T.);
#7688 = VERTEX_POINT('',#7689);
#7689 = CARTESIAN_POINT('',(2.225259344883,-0.75,0.22));
#7690 = B_SPLINE_CURVE_WITH_KNOTS('',4,(#7691,#7692,#7693,#7694,#7695),
  .UNSPECIFIED.,.F.,.F.,(5,5),(0.,1.),.PIECEWISE_BEZIER_KNOTS.);
#7691 = CARTESIAN_POINT('',(2.225259344883,-0.75,0.22));
#7692 = CARTESIAN_POINT('',(2.238768685756,-0.75,0.412247910026));
#7693 = CARTESIAN_POINT('',(2.25227825666,-0.75,0.604499093572));
#7694 = CARTESIAN_POINT('',(2.265788033788,-0.75,0.796753211837));
#7695 = CARTESIAN_POINT('',(2.279297998531,-0.75,0.98901));
#7696 = ORIENTED_EDGE('',*,*,#7697,.F.);
#7697 = EDGE_CURVE('',#7698,#7688,#7700,.T.);
#7698 = VERTEX_POINT('',#7699);
#7699 = CARTESIAN_POINT('',(1.14,-0.75,0.22));
#7700 = LINE('',#7701,#7702);
#7701 = CARTESIAN_POINT('',(2.108163247245,-0.75,0.22));
#7702 = VECTOR('',#7703,1.);
#7703 = DIRECTION('',(1.,-2.844998265321E-16,-0.));
#7704 = ORIENTED_EDGE('',*,*,#7705,.F.);
#7705 = EDGE_CURVE('',#7516,#7698,#7706,.T.);
#7706 = LINE('',#7707,#7708);
#7707 = CARTESIAN_POINT('',(1.14,-0.75,0.));
#7708 = VECTOR('',#7709,1.);
#7709 = DIRECTION('',(0.,0.,1.));
#7710 = ORIENTED_EDGE('',*,*,#7515,.F.);
#7711 = PLANE('',#7712);
#7712 = AXIS2_PLACEMENT_3D('',#7713,#7714,#7715);
#7713 = CARTESIAN_POINT('',(1.991067149606,-0.75,0.303091083877));
#7714 = DIRECTION('',(-2.844998265321E-16,-1.,-7.396066644327E-17));
#7715 = DIRECTION('',(1.642256696039E-32,7.396066644327E-17,-1.));
#7716 = ADVANCED_FACE('',(#7717),#7728,.T.);
#7717 = FACE_BOUND('',#7718,.T.);
#7718 = EDGE_LOOP('',(#7719,#7720,#7721,#7727));
#7719 = ORIENTED_EDGE('',*,*,#7523,.F.);
#7720 = ORIENTED_EDGE('',*,*,#7705,.T.);
#7721 = ORIENTED_EDGE('',*,*,#7722,.F.);
#7722 = EDGE_CURVE('',#7556,#7698,#7723,.T.);
#7723 = LINE('',#7724,#7725);
#7724 = CARTESIAN_POINT('',(1.14,-1.022629672442,0.22));
#7725 = VECTOR('',#7726,1.);
#7726 = DIRECTION('',(-3.445092848398E-16,-1.,0.));
#7727 = ORIENTED_EDGE('',*,*,#7555,.F.);
#7728 = PLANE('',#7729);
#7729 = AXIS2_PLACEMENT_3D('',#7730,#7731,#7732);
#7730 = CARTESIAN_POINT('',(1.14,-0.75,0.));
#7731 = DIRECTION('',(-1.,3.445092848398E-16,0.));
#7732 = DIRECTION('',(3.445092848398E-16,1.,0.));
#7733 = ADVANCED_FACE('',(#7734),#7745,.T.);
#7734 = FACE_BOUND('',#7735,.T.);
#7735 = EDGE_LOOP('',(#7736,#7737,#7743,#7744));
#7736 = ORIENTED_EDGE('',*,*,#7537,.T.);
#7737 = ORIENTED_EDGE('',*,*,#7738,.T.);
#7738 = EDGE_CURVE('',#7540,#7647,#7739,.T.);
#7739 = LINE('',#7740,#7741);
#7740 = CARTESIAN_POINT('',(2.5,0.75,0.842343333333));
#7741 = VECTOR('',#7742,1.);
#7742 = DIRECTION('',(-3.445092848398E-16,-1.,0.));
#7743 = ORIENTED_EDGE('',*,*,#7646,.F.);
#7744 = ORIENTED_EDGE('',*,*,#7620,.F.);
#7745 = PLANE('',#7746);
#7746 = AXIS2_PLACEMENT_3D('',#7747,#7748,#7749);
#7747 = CARTESIAN_POINT('',(2.5,0.75,0.));
#7748 = DIRECTION('',(1.,-3.445092848398E-16,0.));
#7749 = DIRECTION('',(-3.445092848398E-16,-1.,0.));
#7750 = ADVANCED_FACE('',(#7751),#7762,.T.);
#7751 = FACE_BOUND('',#7752,.T.);
#7752 = EDGE_LOOP('',(#7753,#7754,#7760,#7761));
#7753 = ORIENTED_EDGE('',*,*,#7605,.T.);
#7754 = ORIENTED_EDGE('',*,*,#7755,.T.);
#7755 = EDGE_CURVE('',#7598,#7655,#7756,.T.);
#7756 = LINE('',#7757,#7758);
#7757 = CARTESIAN_POINT('',(2.353333333333,0.75,0.98901));
#7758 = VECTOR('',#7759,1.);
#7759 = DIRECTION('',(-3.445092848398E-16,-1.,0.));
#7760 = ORIENTED_EDGE('',*,*,#7654,.F.);
#7761 = ORIENTED_EDGE('',*,*,#7738,.F.);
#7762 = CYLINDRICAL_SURFACE('',#7763,0.146666666667);
#7763 = AXIS2_PLACEMENT_3D('',#7764,#7765,#7766);
#7764 = CARTESIAN_POINT('',(2.353333333333,0.75,0.842343333333));
#7765 = DIRECTION('',(-3.445092848398E-16,-1.,0.));
#7766 = DIRECTION('',(1.,-3.445092848398E-16,0.));
#7767 = ADVANCED_FACE('',(#7768),#7779,.F.);
#7768 = FACE_BOUND('',#7769,.F.);
#7769 = EDGE_LOOP('',(#7770,#7771,#7772,#7773));
#7770 = ORIENTED_EDGE('',*,*,#7597,.T.);
#7771 = ORIENTED_EDGE('',*,*,#7755,.T.);
#7772 = ORIENTED_EDGE('',*,*,#7663,.T.);
#7773 = ORIENTED_EDGE('',*,*,#7774,.T.);
#7774 = EDGE_CURVE('',#7664,#7590,#7775,.T.);
#7775 = LINE('',#7776,#7777);
#7776 = CARTESIAN_POINT('',(2.28,-0.75,0.98901));
#7777 = VECTOR('',#7778,1.);
#7778 = DIRECTION('',(3.445092848398E-16,1.,0.));
#7779 = PLANE('',#7780);
#7780 = AXIS2_PLACEMENT_3D('',#7781,#7782,#7783);
#7781 = CARTESIAN_POINT('',(2.39,-6.661338147751E-16,0.98901));
#7782 = DIRECTION('',(0.,0.,-1.));
#7783 = DIRECTION('',(3.445092848398E-16,1.,0.));
#7784 = ADVANCED_FACE('',(#7785),#7796,.T.);
#7785 = FACE_BOUND('',#7786,.T.);
#7786 = EDGE_LOOP('',(#7787,#7793,#7794,#7795));
#7787 = ORIENTED_EDGE('',*,*,#7788,.T.);
#7788 = EDGE_CURVE('',#7582,#7672,#7789,.T.);
#7789 = LINE('',#7790,#7791);
#7790 = CARTESIAN_POINT('',(2.28,0.75,0.2222));
#7791 = VECTOR('',#7792,1.);
#7792 = DIRECTION('',(-3.445092848398E-16,-1.,0.));
#7793 = ORIENTED_EDGE('',*,*,#7671,.T.);
#7794 = ORIENTED_EDGE('',*,*,#7774,.T.);
#7795 = ORIENTED_EDGE('',*,*,#7589,.F.);
#7796 = PLANE('',#7797);
#7797 = AXIS2_PLACEMENT_3D('',#7798,#7799,#7800);
#7798 = CARTESIAN_POINT('',(2.28,-0.75,0.));
#7799 = DIRECTION('',(-1.,3.445092848398E-16,0.));
#7800 = DIRECTION('',(3.445092848398E-16,1.,0.));
#7801 = ADVANCED_FACE('',(#7802),#7812,.F.);
#7802 = FACE_BOUND('',#7803,.F.);
#7803 = EDGE_LOOP('',(#7804,#7809,#7810,#7811));
#7804 = ORIENTED_EDGE('',*,*,#7805,.F.);
#7805 = EDGE_CURVE('',#7572,#7680,#7806,.T.);
#7806 = B_SPLINE_CURVE_WITH_KNOTS('',1,(#7807,#7808),.UNSPECIFIED.,.F.,
  .F.,(2,2),(0.,1.),.PIECEWISE_BEZIER_KNOTS.);
#7807 = CARTESIAN_POINT('',(2.225413939802,0.75,0.2222));
#7808 = CARTESIAN_POINT('',(2.225413939802,-0.75,0.2222));
#7809 = ORIENTED_EDGE('',*,*,#7581,.T.);
#7810 = ORIENTED_EDGE('',*,*,#7788,.T.);
#7811 = ORIENTED_EDGE('',*,*,#7679,.T.);
#7812 = PLANE('',#7813);
#7813 = AXIS2_PLACEMENT_3D('',#7814,#7815,#7816);
#7814 = CARTESIAN_POINT('',(1.71,-5.551115123126E-16,0.2222));
#7815 = DIRECTION('',(0.,0.,-1.));
#7816 = DIRECTION('',(3.445092848398E-16,1.,0.));
#7817 = ADVANCED_FACE('',(#7818),#7859,.T.);
#7818 = FACE_BOUND('',#7819,.T.);
#7819 = EDGE_LOOP('',(#7820,#7829,#7835,#7836,#7837,#7838,#7846,#7853));
#7820 = ORIENTED_EDGE('',*,*,#7821,.F.);
#7821 = EDGE_CURVE('',#7822,#7824,#7826,.T.);
#7822 = VERTEX_POINT('',#7823);
#7823 = CARTESIAN_POINT('',(2.225259344883,-1.295259344883,0.22));
#7824 = VERTEX_POINT('',#7825);
#7825 = CARTESIAN_POINT('',(2.28,-1.35,0.999));
#7826 = B_SPLINE_CURVE_WITH_KNOTS('',1,(#7827,#7828),.UNSPECIFIED.,.F.,
  .F.,(2,2),(0.,1.),.PIECEWISE_BEZIER_KNOTS.);
#7827 = CARTESIAN_POINT('',(2.225259344883,-1.295259344883,0.22));
#7828 = CARTESIAN_POINT('',(2.28,-1.35,0.999));
#7829 = ORIENTED_EDGE('',*,*,#7830,.T.);
#7830 = EDGE_CURVE('',#7822,#7688,#7831,.T.);
#7831 = LINE('',#7832,#7833);
#7832 = CARTESIAN_POINT('',(2.225259344883,-1.295259344883,0.22));
#7833 = VECTOR('',#7834,1.);
#7834 = DIRECTION('',(2.22044604925E-16,1.,0.));
#7835 = ORIENTED_EDGE('',*,*,#7687,.T.);
#7836 = ORIENTED_EDGE('',*,*,#7805,.F.);
#7837 = ORIENTED_EDGE('',*,*,#7571,.F.);
#7838 = ORIENTED_EDGE('',*,*,#7839,.T.);
#7839 = EDGE_CURVE('',#7564,#7840,#7842,.T.);
#7840 = VERTEX_POINT('',#7841);
#7841 = CARTESIAN_POINT('',(2.225259344883,1.295259344883,0.22));
#7842 = LINE('',#7843,#7844);
#7843 = CARTESIAN_POINT('',(2.225259344883,-1.295259344883,0.22));
#7844 = VECTOR('',#7845,1.);
#7845 = DIRECTION('',(2.22044604925E-16,1.,0.));
#7846 = ORIENTED_EDGE('',*,*,#7847,.T.);
#7847 = EDGE_CURVE('',#7840,#7848,#7850,.T.);
#7848 = VERTEX_POINT('',#7849);
#7849 = CARTESIAN_POINT('',(2.28,1.35,0.999));
#7850 = B_SPLINE_CURVE_WITH_KNOTS('',1,(#7851,#7852),.UNSPECIFIED.,.F.,
  .F.,(2,2),(0.,1.),.PIECEWISE_BEZIER_KNOTS.);
#7851 = CARTESIAN_POINT('',(2.225259344883,1.295259344883,0.22));
#7852 = CARTESIAN_POINT('',(2.28,1.35,0.999));
#7853 = ORIENTED_EDGE('',*,*,#7854,.F.);
#7854 = EDGE_CURVE('',#7824,#7848,#7855,.T.);
#7855 = LINE('',#7856,#7857);
#7856 = CARTESIAN_POINT('',(2.28,-1.35,0.999));
#7857 = VECTOR('',#7858,1.);
#7858 = DIRECTION('',(2.22044604925E-16,1.,0.));
#7859 = B_SPLINE_SURFACE_WITH_KNOTS('',1,1,(
    (#7860,#7861)
    ,(#7862,#7863
    )),.UNSPECIFIED.,.F.,.F.,.F.,(2,2),(2,2),(0.,2.7),(0.,1.),
  .PIECEWISE_BEZIER_KNOTS.);
#7860 = CARTESIAN_POINT('',(2.225259344883,-1.295259344883,0.22));
#7861 = CARTESIAN_POINT('',(2.28,-1.35,0.999));
#7862 = CARTESIAN_POINT('',(2.225259344883,1.295259344883,0.22));
#7863 = CARTESIAN_POINT('',(2.28,1.35,0.999));
#7864 = ADVANCED_FACE('',(#7865),#7894,.T.);
#7865 = FACE_BOUND('',#7866,.T.);
#7866 = EDGE_LOOP('',(#7867,#7868,#7876,#7884,#7890,#7891,#7892,#7893));
#7867 = ORIENTED_EDGE('',*,*,#7830,.F.);
#7868 = ORIENTED_EDGE('',*,*,#7869,.F.);
#7869 = EDGE_CURVE('',#7870,#7822,#7872,.T.);
#7870 = VERTEX_POINT('',#7871);
#7871 = CARTESIAN_POINT('',(1.1,-1.295259344883,0.22));
#7872 = LINE('',#7873,#7874);
#7873 = CARTESIAN_POINT('',(-2.225259344883,-1.295259344883,0.22));
#7874 = VECTOR('',#7875,1.);
#7875 = DIRECTION('',(1.,-2.22044604925E-16,0.));
#7876 = ORIENTED_EDGE('',*,*,#7877,.T.);
#7877 = EDGE_CURVE('',#7870,#7878,#7880,.T.);
#7878 = VERTEX_POINT('',#7879);
#7879 = CARTESIAN_POINT('',(1.1,1.295259344883,0.22));
#7880 = LINE('',#7881,#7882);
#7881 = CARTESIAN_POINT('',(1.1,-1.295259344883,0.22));
#7882 = VECTOR('',#7883,1.);
#7883 = DIRECTION('',(2.22044604925E-16,1.,0.));
#7884 = ORIENTED_EDGE('',*,*,#7885,.F.);
#7885 = EDGE_CURVE('',#7840,#7878,#7886,.T.);
#7886 = LINE('',#7887,#7888);
#7887 = CARTESIAN_POINT('',(2.225259344883,1.295259344883,0.22));
#7888 = VECTOR('',#7889,1.);
#7889 = DIRECTION('',(-1.,2.22044604925E-16,0.));
#7890 = ORIENTED_EDGE('',*,*,#7839,.F.);
#7891 = ORIENTED_EDGE('',*,*,#7563,.T.);
#7892 = ORIENTED_EDGE('',*,*,#7722,.T.);
#7893 = ORIENTED_EDGE('',*,*,#7697,.T.);
#7894 = PLANE('',#7895);
#7895 = AXIS2_PLACEMENT_3D('',#7896,#7897,#7898);
#7896 = CARTESIAN_POINT('',(2.225259344883,-1.295259344883,0.22));
#7897 = DIRECTION('',(0.,0.,-1.));
#7898 = DIRECTION('',(-0.864253276514,0.503056929218,0.));
#7899 = ADVANCED_FACE('',(#7900),#7933,.T.);
#7900 = FACE_BOUND('',#7901,.T.);
#7901 = EDGE_LOOP('',(#7902,#7912,#7918,#7919,#7920,#7928));
#7902 = ORIENTED_EDGE('',*,*,#7903,.T.);
#7903 = EDGE_CURVE('',#7904,#7906,#7908,.T.);
#7904 = VERTEX_POINT('',#7905);
#7905 = CARTESIAN_POINT('',(-2.225259344883,-1.295259344883,0.22));
#7906 = VERTEX_POINT('',#7907);
#7907 = CARTESIAN_POINT('',(-1.1,-1.295259344883,0.22));
#7908 = LINE('',#7909,#7910);
#7909 = CARTESIAN_POINT('',(-2.225259344883,-1.295259344883,0.22));
#7910 = VECTOR('',#7911,1.);
#7911 = DIRECTION('',(1.,-2.22044604925E-16,0.));
#7912 = ORIENTED_EDGE('',*,*,#7913,.T.);
#7913 = EDGE_CURVE('',#7906,#7870,#7914,.T.);
#7914 = LINE('',#7915,#7916);
#7915 = CARTESIAN_POINT('',(-1.1,-1.295259344883,0.22));
#7916 = VECTOR('',#7917,1.);
#7917 = DIRECTION('',(1.,-2.22044604925E-16,0.));
#7918 = ORIENTED_EDGE('',*,*,#7869,.T.);
#7919 = ORIENTED_EDGE('',*,*,#7821,.T.);
#7920 = ORIENTED_EDGE('',*,*,#7921,.F.);
#7921 = EDGE_CURVE('',#7922,#7824,#7924,.T.);
#7922 = VERTEX_POINT('',#7923);
#7923 = CARTESIAN_POINT('',(-2.28,-1.35,0.999));
#7924 = LINE('',#7925,#7926);
#7925 = CARTESIAN_POINT('',(-2.28,-1.35,0.999));
#7926 = VECTOR('',#7927,1.);
#7927 = DIRECTION('',(1.,-2.22044604925E-16,0.));
#7928 = ORIENTED_EDGE('',*,*,#7929,.F.);
#7929 = EDGE_CURVE('',#7904,#7922,#7930,.T.);
#7930 = B_SPLINE_CURVE_WITH_KNOTS('',1,(#7931,#7932),.UNSPECIFIED.,.F.,
  .F.,(2,2),(0.,1.),.PIECEWISE_BEZIER_KNOTS.);
#7931 = CARTESIAN_POINT('',(-2.225259344883,-1.295259344883,0.22));
#7932 = CARTESIAN_POINT('',(-2.28,-1.35,0.999));
#7933 = B_SPLINE_SURFACE_WITH_KNOTS('',1,1,(
    (#7934,#7935)
    ,(#7936,#7937
    )),.UNSPECIFIED.,.F.,.F.,.F.,(2,2),(2,2),(0.,4.56),(0.,1.),
  .PIECEWISE_BEZIER_KNOTS.);
#7934 = CARTESIAN_POINT('',(-2.225259344883,-1.295259344883,0.22));
#7935 = CARTESIAN_POINT('',(-2.28,-1.35,0.999));
#7936 = CARTESIAN_POINT('',(2.225259344883,-1.295259344883,0.22));
#7937 = CARTESIAN_POINT('',(2.28,-1.35,0.999));
#7938 = ADVANCED_FACE('',(#7939),#7962,.T.);
#7939 = FACE_BOUND('',#7940,.T.);
#7940 = EDGE_LOOP('',(#7941,#7942,#7949,#7957));
#7941 = ORIENTED_EDGE('',*,*,#7854,.T.);
#7942 = ORIENTED_EDGE('',*,*,#7943,.T.);
#7943 = EDGE_CURVE('',#7848,#7944,#7946,.T.);
#7944 = VERTEX_POINT('',#7945);
#7945 = CARTESIAN_POINT('',(2.194199820414,1.264199820414,2.22));
#7946 = B_SPLINE_CURVE_WITH_KNOTS('',1,(#7947,#7948),.UNSPECIFIED.,.F.,
  .F.,(2,2),(0.,1.),.PIECEWISE_BEZIER_KNOTS.);
#7947 = CARTESIAN_POINT('',(2.28,1.35,0.999));
#7948 = CARTESIAN_POINT('',(2.194199820414,1.264199820414,2.22));
#7949 = ORIENTED_EDGE('',*,*,#7950,.F.);
#7950 = EDGE_CURVE('',#7951,#7944,#7953,.T.);
#7951 = VERTEX_POINT('',#7952);
#7952 = CARTESIAN_POINT('',(2.194199820414,-1.264199820414,2.22));
#7953 = LINE('',#7954,#7955);
#7954 = CARTESIAN_POINT('',(2.194199820414,-1.264199820414,2.22));
#7955 = VECTOR('',#7956,1.);
#7956 = DIRECTION('',(2.22044604925E-16,1.,0.));
#7957 = ORIENTED_EDGE('',*,*,#7958,.F.);
#7958 = EDGE_CURVE('',#7824,#7951,#7959,.T.);
#7959 = B_SPLINE_CURVE_WITH_KNOTS('',1,(#7960,#7961),.UNSPECIFIED.,.F.,
  .F.,(2,2),(0.,1.),.PIECEWISE_BEZIER_KNOTS.);
#7960 = CARTESIAN_POINT('',(2.28,-1.35,0.999));
#7961 = CARTESIAN_POINT('',(2.194199820414,-1.264199820414,2.22));
#7962 = B_SPLINE_SURFACE_WITH_KNOTS('',1,1,(
    (#7963,#7964)
    ,(#7965,#7966
    )),.UNSPECIFIED.,.F.,.F.,.F.,(2,2),(2,2),(0.,2.7),(0.,1.),
  .PIECEWISE_BEZIER_KNOTS.);
#7963 = CARTESIAN_POINT('',(2.28,-1.35,0.999));
#7964 = CARTESIAN_POINT('',(2.194199820414,-1.264199820414,2.22));
#7965 = CARTESIAN_POINT('',(2.28,1.35,0.999));
#7966 = CARTESIAN_POINT('',(2.194199820414,1.264199820414,2.22));
#7967 = ADVANCED_FACE('',(#7968),#8001,.T.);
#7968 = FACE_BOUND('',#7969,.T.);
#7969 = EDGE_LOOP('',(#7970,#7971,#7979,#7987,#7994,#8000));
#7970 = ORIENTED_EDGE('',*,*,#7885,.T.);
#7971 = ORIENTED_EDGE('',*,*,#7972,.T.);
#7972 = EDGE_CURVE('',#7878,#7973,#7975,.T.);
#7973 = VERTEX_POINT('',#7974);
#7974 = CARTESIAN_POINT('',(-1.1,1.295259344883,0.22));
#7975 = LINE('',#7976,#7977);
#7976 = CARTESIAN_POINT('',(1.1,1.295259344883,0.22));
#7977 = VECTOR('',#7978,1.);
#7978 = DIRECTION('',(-1.,2.22044604925E-16,0.));
#7979 = ORIENTED_EDGE('',*,*,#7980,.T.);
#7980 = EDGE_CURVE('',#7973,#7981,#7983,.T.);
#7981 = VERTEX_POINT('',#7982);
#7982 = CARTESIAN_POINT('',(-2.225259344883,1.295259344883,0.22));
#7983 = LINE('',#7984,#7985);
#7984 = CARTESIAN_POINT('',(2.225259344883,1.295259344883,0.22));
#7985 = VECTOR('',#7986,1.);
#7986 = DIRECTION('',(-1.,2.22044604925E-16,0.));
#7987 = ORIENTED_EDGE('',*,*,#7988,.T.);
#7988 = EDGE_CURVE('',#7981,#7989,#7991,.T.);
#7989 = VERTEX_POINT('',#7990);
#7990 = CARTESIAN_POINT('',(-2.28,1.35,0.999));
#7991 = B_SPLINE_CURVE_WITH_KNOTS('',1,(#7992,#7993),.UNSPECIFIED.,.F.,
  .F.,(2,2),(0.,1.),.PIECEWISE_BEZIER_KNOTS.);
#7992 = CARTESIAN_POINT('',(-2.225259344883,1.295259344883,0.22));
#7993 = CARTESIAN_POINT('',(-2.28,1.35,0.999));
#7994 = ORIENTED_EDGE('',*,*,#7995,.F.);
#7995 = EDGE_CURVE('',#7848,#7989,#7996,.T.);
#7996 = LINE('',#7997,#7998);
#7997 = CARTESIAN_POINT('',(2.28,1.35,0.999));
#7998 = VECTOR('',#7999,1.);
#7999 = DIRECTION('',(-1.,2.22044604925E-16,0.));
#8000 = ORIENTED_EDGE('',*,*,#7847,.F.);
#8001 = B_SPLINE_SURFACE_WITH_KNOTS('',1,1,(
    (#8002,#8003)
    ,(#8004,#8005
    )),.UNSPECIFIED.,.F.,.F.,.F.,(2,2),(2,2),(0.,4.56),(0.,1.),
  .PIECEWISE_BEZIER_KNOTS.);
#8002 = CARTESIAN_POINT('',(2.225259344883,1.295259344883,0.22));
#8003 = CARTESIAN_POINT('',(2.28,1.35,0.999));
#8004 = CARTESIAN_POINT('',(-2.225259344883,1.295259344883,0.22));
#8005 = CARTESIAN_POINT('',(-2.28,1.35,0.999));
#8006 = ADVANCED_FACE('',(#8007),#8030,.T.);
#8007 = FACE_BOUND('',#8008,.T.);
#8008 = EDGE_LOOP('',(#8009,#8019,#8024,#8025));
#8009 = ORIENTED_EDGE('',*,*,#8010,.T.);
#8010 = EDGE_CURVE('',#8011,#8013,#8015,.T.);
#8011 = VERTEX_POINT('',#8012);
#8012 = CARTESIAN_POINT('',(1.1,-1.279799853066,0.));
#8013 = VERTEX_POINT('',#8014);
#8014 = CARTESIAN_POINT('',(1.1,1.279799853066,0.));
#8015 = LINE('',#8016,#8017);
#8016 = CARTESIAN_POINT('',(1.1,-1.279799853066,0.));
#8017 = VECTOR('',#8018,1.);
#8018 = DIRECTION('',(2.22044604925E-16,1.,0.));
#8019 = ORIENTED_EDGE('',*,*,#8020,.T.);
#8020 = EDGE_CURVE('',#8013,#7878,#8021,.T.);
#8021 = B_SPLINE_CURVE_WITH_KNOTS('',1,(#8022,#8023),.UNSPECIFIED.,.F.,
  .F.,(2,2),(0.,1.),.PIECEWISE_BEZIER_KNOTS.);
#8022 = CARTESIAN_POINT('',(1.1,1.279799853066,0.));
#8023 = CARTESIAN_POINT('',(1.1,1.295259344883,0.22));
#8024 = ORIENTED_EDGE('',*,*,#7877,.F.);
#8025 = ORIENTED_EDGE('',*,*,#8026,.F.);
#8026 = EDGE_CURVE('',#8011,#7870,#8027,.T.);
#8027 = B_SPLINE_CURVE_WITH_KNOTS('',1,(#8028,#8029),.UNSPECIFIED.,.F.,
  .F.,(2,2),(0.,1.),.PIECEWISE_BEZIER_KNOTS.);
#8028 = CARTESIAN_POINT('',(1.1,-1.279799853066,0.));
#8029 = CARTESIAN_POINT('',(1.1,-1.295259344883,0.22));
#8030 = B_SPLINE_SURFACE_WITH_KNOTS('',1,1,(
    (#8031,#8032)
    ,(#8033,#8034
    )),.UNSPECIFIED.,.F.,.F.,.F.,(2,2),(2,2),(0.,2.590518689767),(0.,1.)
  ,.PIECEWISE_BEZIER_KNOTS.);
#8031 = CARTESIAN_POINT('',(1.1,-1.279799853066,0.));
#8032 = CARTESIAN_POINT('',(1.1,-1.295259344883,0.22));
#8033 = CARTESIAN_POINT('',(1.1,1.279799853066,0.));
#8034 = CARTESIAN_POINT('',(1.1,1.295259344883,0.22));
#8035 = ADVANCED_FACE('',(#8036),#8084,.T.);
#8036 = FACE_BOUND('',#8037,.T.);
#8037 = EDGE_LOOP('',(#8038,#8039,#8045,#8046,#8054,#8062,#8070,#8078));
#8038 = ORIENTED_EDGE('',*,*,#7980,.F.);
#8039 = ORIENTED_EDGE('',*,*,#8040,.T.);
#8040 = EDGE_CURVE('',#7973,#7906,#8041,.T.);
#8041 = LINE('',#8042,#8043);
#8042 = CARTESIAN_POINT('',(-1.1,1.295259344883,0.22));
#8043 = VECTOR('',#8044,1.);
#8044 = DIRECTION('',(-2.22044604925E-16,-1.,0.));
#8045 = ORIENTED_EDGE('',*,*,#7903,.F.);
#8046 = ORIENTED_EDGE('',*,*,#8047,.F.);
#8047 = EDGE_CURVE('',#8048,#7904,#8050,.T.);
#8048 = VERTEX_POINT('',#8049);
#8049 = CARTESIAN_POINT('',(-2.225259344883,-0.75,0.22));
#8050 = LINE('',#8051,#8052);
#8051 = CARTESIAN_POINT('',(-2.225259344883,1.295259344883,0.22));
#8052 = VECTOR('',#8053,1.);
#8053 = DIRECTION('',(-2.22044604925E-16,-1.,0.));
#8054 = ORIENTED_EDGE('',*,*,#8055,.T.);
#8055 = EDGE_CURVE('',#8048,#8056,#8058,.T.);
#8056 = VERTEX_POINT('',#8057);
#8057 = CARTESIAN_POINT('',(-1.14,-0.75,0.22));
#8058 = LINE('',#8059,#8060);
#8059 = CARTESIAN_POINT('',(0.117096097639,-0.75,0.22));
#8060 = VECTOR('',#8061,1.);
#8061 = DIRECTION('',(1.,-2.22044604925E-16,0.));
#8062 = ORIENTED_EDGE('',*,*,#8063,.T.);
#8063 = EDGE_CURVE('',#8056,#8064,#8066,.T.);
#8064 = VERTEX_POINT('',#8065);
#8065 = CARTESIAN_POINT('',(-1.14,0.75,0.22));
#8066 = LINE('',#8067,#8068);
#8067 = CARTESIAN_POINT('',(-1.14,-0.272629672442,0.22));
#8068 = VECTOR('',#8069,1.);
#8069 = DIRECTION('',(2.22044604925E-16,1.,0.));
#8070 = ORIENTED_EDGE('',*,*,#8071,.T.);
#8071 = EDGE_CURVE('',#8064,#8072,#8074,.T.);
#8072 = VERTEX_POINT('',#8073);
#8073 = CARTESIAN_POINT('',(-2.225259344883,0.75,0.22));
#8074 = LINE('',#8075,#8076);
#8075 = CARTESIAN_POINT('',(0.117096097639,0.75,0.22));
#8076 = VECTOR('',#8077,1.);
#8077 = DIRECTION('',(-1.,2.22044604925E-16,0.));
#8078 = ORIENTED_EDGE('',*,*,#8079,.F.);
#8079 = EDGE_CURVE('',#7981,#8072,#8080,.T.);
#8080 = LINE('',#8081,#8082);
#8081 = CARTESIAN_POINT('',(-2.225259344883,1.295259344883,0.22));
#8082 = VECTOR('',#8083,1.);
#8083 = DIRECTION('',(-2.22044604925E-16,-1.,0.));
#8084 = PLANE('',#8085);
#8085 = AXIS2_PLACEMENT_3D('',#8086,#8087,#8088);
#8086 = CARTESIAN_POINT('',(2.225259344883,-1.295259344883,0.22));
#8087 = DIRECTION('',(0.,0.,-1.));
#8088 = DIRECTION('',(-0.864253276514,0.503056929218,0.));
#8089 = ADVANCED_FACE('',(#8090),#8127,.T.);
#8090 = FACE_BOUND('',#8091,.T.);
#8091 = EDGE_LOOP('',(#8092,#8093,#8094,#8104,#8111,#8119,#8120,#8121));
#8092 = ORIENTED_EDGE('',*,*,#7988,.F.);
#8093 = ORIENTED_EDGE('',*,*,#8079,.T.);
#8094 = ORIENTED_EDGE('',*,*,#8095,.T.);
#8095 = EDGE_CURVE('',#8072,#8096,#8098,.T.);
#8096 = VERTEX_POINT('',#8097);
#8097 = CARTESIAN_POINT('',(-2.225413939802,0.75,0.2222));
#8098 = B_SPLINE_CURVE_WITH_KNOTS('',4,(#8099,#8100,#8101,#8102,#8103),
  .UNSPECIFIED.,.F.,.F.,(5,5),(0.,1.),.PIECEWISE_BEZIER_KNOTS.);
#8099 = CARTESIAN_POINT('',(-2.225259344883,0.75,0.22));
#8100 = CARTESIAN_POINT('',(-2.238768685756,0.75,0.412247910026));
#8101 = CARTESIAN_POINT('',(-2.25227825666,0.75,0.604499093572));
#8102 = CARTESIAN_POINT('',(-2.265788033788,0.75,0.796753211837));
#8103 = CARTESIAN_POINT('',(-2.279297998531,0.75,0.98901));
#8104 = ORIENTED_EDGE('',*,*,#8105,.F.);
#8105 = EDGE_CURVE('',#8106,#8096,#8108,.T.);
#8106 = VERTEX_POINT('',#8107);
#8107 = CARTESIAN_POINT('',(-2.225413939802,-0.75,0.2222));
#8108 = B_SPLINE_CURVE_WITH_KNOTS('',1,(#8109,#8110),.UNSPECIFIED.,.F.,
  .F.,(2,2),(0.,1.),.PIECEWISE_BEZIER_KNOTS.);
#8109 = CARTESIAN_POINT('',(-2.225413939802,-0.75,0.2222));
#8110 = CARTESIAN_POINT('',(-2.225413939802,0.75,0.2222));
#8111 = ORIENTED_EDGE('',*,*,#8112,.F.);
#8112 = EDGE_CURVE('',#8048,#8106,#8113,.T.);
#8113 = B_SPLINE_CURVE_WITH_KNOTS('',4,(#8114,#8115,#8116,#8117,#8118),
  .UNSPECIFIED.,.F.,.F.,(5,5),(0.,1.),.PIECEWISE_BEZIER_KNOTS.);
#8114 = CARTESIAN_POINT('',(-2.225259344883,-0.75,0.22));
#8115 = CARTESIAN_POINT('',(-2.238768685756,-0.75,0.412247910026));
#8116 = CARTESIAN_POINT('',(-2.25227825666,-0.75,0.604499093572));
#8117 = CARTESIAN_POINT('',(-2.265788033788,-0.75,0.796753211837));
#8118 = CARTESIAN_POINT('',(-2.279297998531,-0.75,0.98901));
#8119 = ORIENTED_EDGE('',*,*,#8047,.T.);
#8120 = ORIENTED_EDGE('',*,*,#7929,.T.);
#8121 = ORIENTED_EDGE('',*,*,#8122,.F.);
#8122 = EDGE_CURVE('',#7989,#7922,#8123,.T.);
#8123 = LINE('',#8124,#8125);
#8124 = CARTESIAN_POINT('',(-2.28,1.35,0.999));
#8125 = VECTOR('',#8126,1.);
#8126 = DIRECTION('',(-2.22044604925E-16,-1.,0.));
#8127 = B_SPLINE_SURFACE_WITH_KNOTS('',1,1,(
    (#8128,#8129)
    ,(#8130,#8131
    )),.UNSPECIFIED.,.F.,.F.,.F.,(2,2),(2,2),(0.,2.7),(0.,1.),
  .PIECEWISE_BEZIER_KNOTS.);
#8128 = CARTESIAN_POINT('',(-2.225259344883,1.295259344883,0.22));
#8129 = CARTESIAN_POINT('',(-2.28,1.35,0.999));
#8130 = CARTESIAN_POINT('',(-2.225259344883,-1.295259344883,0.22));
#8131 = CARTESIAN_POINT('',(-2.28,-1.35,0.999));
#8132 = ADVANCED_FACE('',(#8133),#8150,.T.);
#8133 = FACE_BOUND('',#8134,.T.);
#8134 = EDGE_LOOP('',(#8135,#8143,#8144,#8145));
#8135 = ORIENTED_EDGE('',*,*,#8136,.T.);
#8136 = EDGE_CURVE('',#8137,#8011,#8139,.T.);
#8137 = VERTEX_POINT('',#8138);
#8138 = CARTESIAN_POINT('',(-1.1,-1.279799853066,0.));
#8139 = LINE('',#8140,#8141);
#8140 = CARTESIAN_POINT('',(-1.1,-1.279799853066,0.));
#8141 = VECTOR('',#8142,1.);
#8142 = DIRECTION('',(1.,-2.22044604925E-16,0.));
#8143 = ORIENTED_EDGE('',*,*,#8026,.T.);
#8144 = ORIENTED_EDGE('',*,*,#7913,.F.);
#8145 = ORIENTED_EDGE('',*,*,#8146,.F.);
#8146 = EDGE_CURVE('',#8137,#7906,#8147,.T.);
#8147 = B_SPLINE_CURVE_WITH_KNOTS('',1,(#8148,#8149),.UNSPECIFIED.,.F.,
  .F.,(2,2),(0.,1.),.PIECEWISE_BEZIER_KNOTS.);
#8148 = CARTESIAN_POINT('',(-1.1,-1.279799853066,0.));
#8149 = CARTESIAN_POINT('',(-1.1,-1.295259344883,0.22));
#8150 = PLANE('',#8151);
#8151 = AXIS2_PLACEMENT_3D('',#8152,#8153,#8154);
#8152 = CARTESIAN_POINT('',(-1.1,-1.295259344883,0.22));
#8153 = DIRECTION('',(-2.214984063823E-16,-0.997540140447,
    -7.009756199374E-02));
#8154 = DIRECTION('',(1.,-2.22044604925E-16,-1.177128382009E-30));
#8155 = ADVANCED_FACE('',(#8156),#8173,.T.);
#8156 = FACE_BOUND('',#8157,.T.);
#8157 = EDGE_LOOP('',(#8158,#8159,#8160,#8168));
#8158 = ORIENTED_EDGE('',*,*,#7921,.T.);
#8159 = ORIENTED_EDGE('',*,*,#7958,.T.);
#8160 = ORIENTED_EDGE('',*,*,#8161,.F.);
#8161 = EDGE_CURVE('',#8162,#7951,#8164,.T.);
#8162 = VERTEX_POINT('',#8163);
#8163 = CARTESIAN_POINT('',(-2.194199820414,-1.264199820414,2.22));
#8164 = LINE('',#8165,#8166);
#8165 = CARTESIAN_POINT('',(-2.194199820414,-1.264199820414,2.22));
#8166 = VECTOR('',#8167,1.);
#8167 = DIRECTION('',(1.,-2.22044604925E-16,0.));
#8168 = ORIENTED_EDGE('',*,*,#8169,.F.);
#8169 = EDGE_CURVE('',#7922,#8162,#8170,.T.);
#8170 = B_SPLINE_CURVE_WITH_KNOTS('',1,(#8171,#8172),.UNSPECIFIED.,.F.,
  .F.,(2,2),(0.,1.),.PIECEWISE_BEZIER_KNOTS.);
#8171 = CARTESIAN_POINT('',(-2.28,-1.35,0.999));
#8172 = CARTESIAN_POINT('',(-2.194199820414,-1.264199820414,2.22));
#8173 = B_SPLINE_SURFACE_WITH_KNOTS('',1,1,(
    (#8174,#8175)
    ,(#8176,#8177
    )),.UNSPECIFIED.,.F.,.F.,.F.,(2,2),(2,2),(0.,4.56),(0.,1.),
  .PIECEWISE_BEZIER_KNOTS.);
#8174 = CARTESIAN_POINT('',(-2.28,-1.35,0.999));
#8175 = CARTESIAN_POINT('',(-2.194199820414,-1.264199820414,2.22));
#8176 = CARTESIAN_POINT('',(2.28,-1.35,0.999));
#8177 = CARTESIAN_POINT('',(2.194199820414,-1.264199820414,2.22));
#8178 = ADVANCED_FACE('',(#8179),#8196,.T.);
#8179 = FACE_BOUND('',#8180,.T.);
#8180 = EDGE_LOOP('',(#8181,#8182,#8189,#8195));
#8181 = ORIENTED_EDGE('',*,*,#7995,.T.);
#8182 = ORIENTED_EDGE('',*,*,#8183,.T.);
#8183 = EDGE_CURVE('',#7989,#8184,#8186,.T.);
#8184 = VERTEX_POINT('',#8185);
#8185 = CARTESIAN_POINT('',(-2.194199820414,1.264199820414,2.22));
#8186 = B_SPLINE_CURVE_WITH_KNOTS('',1,(#8187,#8188),.UNSPECIFIED.,.F.,
  .F.,(2,2),(0.,1.),.PIECEWISE_BEZIER_KNOTS.);
#8187 = CARTESIAN_POINT('',(-2.28,1.35,0.999));
#8188 = CARTESIAN_POINT('',(-2.194199820414,1.264199820414,2.22));
#8189 = ORIENTED_EDGE('',*,*,#8190,.F.);
#8190 = EDGE_CURVE('',#7944,#8184,#8191,.T.);
#8191 = LINE('',#8192,#8193);
#8192 = CARTESIAN_POINT('',(2.194199820414,1.264199820414,2.22));
#8193 = VECTOR('',#8194,1.);
#8194 = DIRECTION('',(-1.,2.22044604925E-16,0.));
#8195 = ORIENTED_EDGE('',*,*,#7943,.F.);
#8196 = B_SPLINE_SURFACE_WITH_KNOTS('',1,1,(
    (#8197,#8198)
    ,(#8199,#8200
    )),.UNSPECIFIED.,.F.,.F.,.F.,(2,2),(2,2),(0.,4.56),(0.,1.),
  .PIECEWISE_BEZIER_KNOTS.);
#8197 = CARTESIAN_POINT('',(2.28,1.35,0.999));
#8198 = CARTESIAN_POINT('',(2.194199820414,1.264199820414,2.22));
#8199 = CARTESIAN_POINT('',(-2.28,1.35,0.999));
#8200 = CARTESIAN_POINT('',(-2.194199820414,1.264199820414,2.22));
#8201 = ADVANCED_FACE('',(#8202,#8213),#8247,.F.);
#8202 = FACE_BOUND('',#8203,.F.);
#8203 = EDGE_LOOP('',(#8204,#8205,#8206,#8212));
#8204 = ORIENTED_EDGE('',*,*,#7950,.F.);
#8205 = ORIENTED_EDGE('',*,*,#8161,.F.);
#8206 = ORIENTED_EDGE('',*,*,#8207,.F.);
#8207 = EDGE_CURVE('',#8184,#8162,#8208,.T.);
#8208 = LINE('',#8209,#8210);
#8209 = CARTESIAN_POINT('',(-2.194199820414,1.264199820414,2.22));
#8210 = VECTOR('',#8211,1.);
#8211 = DIRECTION('',(-2.22044604925E-16,-1.,0.));
#8212 = ORIENTED_EDGE('',*,*,#8190,.F.);
#8213 = FACE_BOUND('',#8214,.F.);
#8214 = EDGE_LOOP('',(#8215,#8225,#8233,#8241));
#8215 = ORIENTED_EDGE('',*,*,#8216,.T.);
#8216 = EDGE_CURVE('',#8217,#8219,#8221,.T.);
#8217 = VERTEX_POINT('',#8218);
#8218 = CARTESIAN_POINT('',(-1.508399640828,1.178399640828,2.22));
#8219 = VERTEX_POINT('',#8220);
#8220 = CARTESIAN_POINT('',(-2.108399640828,1.178399640828,2.22));
#8221 = LINE('',#8222,#8223);
#8222 = CARTESIAN_POINT('',(-1.508399640828,1.178399640828,2.22));
#8223 = VECTOR('',#8224,1.);
#8224 = DIRECTION('',(-1.,2.22044604925E-16,0.));
#8225 = ORIENTED_EDGE('',*,*,#8226,.T.);
#8226 = EDGE_CURVE('',#8219,#8227,#8229,.T.);
#8227 = VERTEX_POINT('',#8228);
#8228 = CARTESIAN_POINT('',(-2.108399640828,-1.178399640828,2.22));
#8229 = LINE('',#8230,#8231);
#8230 = CARTESIAN_POINT('',(-2.108399640828,1.178399640828,2.22));
#8231 = VECTOR('',#8232,1.);
#8232 = DIRECTION('',(-2.22044604925E-16,-1.,0.));
#8233 = ORIENTED_EDGE('',*,*,#8234,.T.);
#8234 = EDGE_CURVE('',#8227,#8235,#8237,.T.);
#8235 = VERTEX_POINT('',#8236);
#8236 = CARTESIAN_POINT('',(-1.508399640828,-1.178399640828,2.22));
#8237 = LINE('',#8238,#8239);
#8238 = CARTESIAN_POINT('',(-2.108399640828,-1.178399640828,2.22));
#8239 = VECTOR('',#8240,1.);
#8240 = DIRECTION('',(1.,-2.22044604925E-16,0.));
#8241 = ORIENTED_EDGE('',*,*,#8242,.T.);
#8242 = EDGE_CURVE('',#8235,#8217,#8243,.T.);
#8243 = LINE('',#8244,#8245);
#8244 = CARTESIAN_POINT('',(-1.508399640828,-1.178399640828,2.22));
#8245 = VECTOR('',#8246,1.);
#8246 = DIRECTION('',(2.22044604925E-16,1.,0.));
#8247 = PLANE('',#8248);
#8248 = AXIS2_PLACEMENT_3D('',#8249,#8250,#8251);
#8249 = CARTESIAN_POINT('',(2.194199820414,-1.264199820414,2.22));
#8250 = DIRECTION('',(0.,0.,-1.));
#8251 = DIRECTION('',(-0.866473406918,0.499223231735,0.));
#8252 = ADVANCED_FACE('',(#8253),#8270,.T.);
#8253 = FACE_BOUND('',#8254,.T.);
#8254 = EDGE_LOOP('',(#8255,#8263,#8268,#8269));
#8255 = ORIENTED_EDGE('',*,*,#8256,.T.);
#8256 = EDGE_CURVE('',#8013,#8257,#8259,.T.);
#8257 = VERTEX_POINT('',#8258);
#8258 = CARTESIAN_POINT('',(-1.1,1.279799853066,0.));
#8259 = LINE('',#8260,#8261);
#8260 = CARTESIAN_POINT('',(1.1,1.279799853066,0.));
#8261 = VECTOR('',#8262,1.);
#8262 = DIRECTION('',(-1.,2.22044604925E-16,0.));
#8263 = ORIENTED_EDGE('',*,*,#8264,.T.);
#8264 = EDGE_CURVE('',#8257,#7973,#8265,.T.);
#8265 = B_SPLINE_CURVE_WITH_KNOTS('',1,(#8266,#8267),.UNSPECIFIED.,.F.,
  .F.,(2,2),(0.,1.),.PIECEWISE_BEZIER_KNOTS.);
#8266 = CARTESIAN_POINT('',(-1.1,1.279799853066,0.));
#8267 = CARTESIAN_POINT('',(-1.1,1.295259344883,0.22));
#8268 = ORIENTED_EDGE('',*,*,#7972,.F.);
#8269 = ORIENTED_EDGE('',*,*,#8020,.F.);
#8270 = PLANE('',#8271);
#8271 = AXIS2_PLACEMENT_3D('',#8272,#8273,#8274);
#8272 = CARTESIAN_POINT('',(1.1,1.295259344883,0.22));
#8273 = DIRECTION('',(2.214984063823E-16,0.997540140447,
    -7.009756199374E-02));
#8274 = DIRECTION('',(-1.,2.22044604925E-16,-1.177128382009E-30));
#8275 = ADVANCED_FACE('',(#8276),#8287,.T.);
#8276 = FACE_BOUND('',#8277,.F.);
#8277 = EDGE_LOOP('',(#8278,#8279,#8280,#8286));
#8278 = ORIENTED_EDGE('',*,*,#8010,.T.);
#8279 = ORIENTED_EDGE('',*,*,#8256,.T.);
#8280 = ORIENTED_EDGE('',*,*,#8281,.T.);
#8281 = EDGE_CURVE('',#8257,#8137,#8282,.T.);
#8282 = LINE('',#8283,#8284);
#8283 = CARTESIAN_POINT('',(-1.1,1.279799853066,0.));
#8284 = VECTOR('',#8285,1.);
#8285 = DIRECTION('',(-2.22044604925E-16,-1.,0.));
#8286 = ORIENTED_EDGE('',*,*,#8136,.T.);
#8287 = PLANE('',#8288);
#8288 = AXIS2_PLACEMENT_3D('',#8289,#8290,#8291);
#8289 = CARTESIAN_POINT('',(1.1,-1.279799853066,0.));
#8290 = DIRECTION('',(0.,0.,-1.));
#8291 = DIRECTION('',(-0.651825367196,0.758369099238,0.));
#8292 = ADVANCED_FACE('',(#8293),#8361,.T.);
#8293 = FACE_BOUND('',#8294,.T.);
#8294 = EDGE_LOOP('',(#8295,#8306,#8314,#8323,#8331,#8339,#8345,#8346,
    #8347,#8355));
#8295 = ORIENTED_EDGE('',*,*,#8296,.F.);
#8296 = EDGE_CURVE('',#8297,#8299,#8301,.T.);
#8297 = VERTEX_POINT('',#8298);
#8298 = CARTESIAN_POINT('',(-2.5,0.75,0.146666666667));
#8299 = VERTEX_POINT('',#8300);
#8300 = CARTESIAN_POINT('',(-2.353333333333,0.75,-2.775557561563E-17));
#8301 = CIRCLE('',#8302,0.146666666667);
#8302 = AXIS2_PLACEMENT_3D('',#8303,#8304,#8305);
#8303 = CARTESIAN_POINT('',(-2.353333333333,0.75,0.146666666667));
#8304 = DIRECTION('',(-2.22044604925E-16,-1.,0.));
#8305 = DIRECTION('',(0.,0.,1.));
#8306 = ORIENTED_EDGE('',*,*,#8307,.T.);
#8307 = EDGE_CURVE('',#8297,#8308,#8310,.T.);
#8308 = VERTEX_POINT('',#8309);
#8309 = CARTESIAN_POINT('',(-2.5,0.75,0.842343333333));
#8310 = LINE('',#8311,#8312);
#8311 = CARTESIAN_POINT('',(-2.5,0.75,0.));
#8312 = VECTOR('',#8313,1.);
#8313 = DIRECTION('',(0.,0.,1.));
#8314 = ORIENTED_EDGE('',*,*,#8315,.T.);
#8315 = EDGE_CURVE('',#8308,#8316,#8318,.T.);
#8316 = VERTEX_POINT('',#8317);
#8317 = CARTESIAN_POINT('',(-2.353333333333,0.75,0.98901));
#8318 = CIRCLE('',#8319,0.146666666667);
#8319 = AXIS2_PLACEMENT_3D('',#8320,#8321,#8322);
#8320 = CARTESIAN_POINT('',(-2.353333333333,0.75,0.842343333333));
#8321 = DIRECTION('',(2.22044604925E-16,1.,-0.));
#8322 = DIRECTION('',(0.,0.,1.));
#8323 = ORIENTED_EDGE('',*,*,#8324,.T.);
#8324 = EDGE_CURVE('',#8316,#8325,#8327,.T.);
#8325 = VERTEX_POINT('',#8326);
#8326 = CARTESIAN_POINT('',(-2.28,0.75,0.98901));
#8327 = LINE('',#8328,#8329);
#8328 = CARTESIAN_POINT('',(-2.5,0.75,0.98901));
#8329 = VECTOR('',#8330,1.);
#8330 = DIRECTION('',(1.,-2.22044604925E-16,0.));
#8331 = ORIENTED_EDGE('',*,*,#8332,.F.);
#8332 = EDGE_CURVE('',#8333,#8325,#8335,.T.);
#8333 = VERTEX_POINT('',#8334);
#8334 = CARTESIAN_POINT('',(-2.28,0.75,0.2222));
#8335 = LINE('',#8336,#8337);
#8336 = CARTESIAN_POINT('',(-2.28,0.75,0.));
#8337 = VECTOR('',#8338,1.);
#8338 = DIRECTION('',(0.,0.,1.));
#8339 = ORIENTED_EDGE('',*,*,#8340,.T.);
#8340 = EDGE_CURVE('',#8333,#8096,#8341,.T.);
#8341 = LINE('',#8342,#8343);
#8342 = CARTESIAN_POINT('',(-2.28,0.75,0.2222));
#8343 = VECTOR('',#8344,1.);
#8344 = DIRECTION('',(1.,-2.22044604925E-16,0.));
#8345 = ORIENTED_EDGE('',*,*,#8095,.F.);
#8346 = ORIENTED_EDGE('',*,*,#8071,.F.);
#8347 = ORIENTED_EDGE('',*,*,#8348,.F.);
#8348 = EDGE_CURVE('',#8349,#8064,#8351,.T.);
#8349 = VERTEX_POINT('',#8350);
#8350 = CARTESIAN_POINT('',(-1.14,0.75,0.));
#8351 = LINE('',#8352,#8353);
#8352 = CARTESIAN_POINT('',(-1.14,0.75,0.));
#8353 = VECTOR('',#8354,1.);
#8354 = DIRECTION('',(0.,0.,1.));
#8355 = ORIENTED_EDGE('',*,*,#8356,.F.);
#8356 = EDGE_CURVE('',#8299,#8349,#8357,.T.);
#8357 = LINE('',#8358,#8359);
#8358 = CARTESIAN_POINT('',(-2.28,0.75,0.));
#8359 = VECTOR('',#8360,1.);
#8360 = DIRECTION('',(1.,-2.22044604925E-16,0.));
#8361 = PLANE('',#8362);
#8362 = AXIS2_PLACEMENT_3D('',#8363,#8364,#8365);
#8363 = CARTESIAN_POINT('',(-1.991067149606,0.75,0.303091083877));
#8364 = DIRECTION('',(2.22044604925E-16,1.,-7.960022943413E-32));
#8365 = DIRECTION('',(-1.,2.22044604925E-16,0.));
#8366 = ADVANCED_FACE('',(#8367),#8385,.T.);
#8367 = FACE_BOUND('',#8368,.T.);
#8368 = EDGE_LOOP('',(#8369,#8377,#8378,#8379));
#8369 = ORIENTED_EDGE('',*,*,#8370,.F.);
#8370 = EDGE_CURVE('',#8349,#8371,#8373,.T.);
#8371 = VERTEX_POINT('',#8372);
#8372 = CARTESIAN_POINT('',(-1.14,-0.75,0.));
#8373 = LINE('',#8374,#8375);
#8374 = CARTESIAN_POINT('',(-1.14,0.75,0.));
#8375 = VECTOR('',#8376,1.);
#8376 = DIRECTION('',(-2.22044604925E-16,-1.,0.));
#8377 = ORIENTED_EDGE('',*,*,#8348,.T.);
#8378 = ORIENTED_EDGE('',*,*,#8063,.F.);
#8379 = ORIENTED_EDGE('',*,*,#8380,.F.);
#8380 = EDGE_CURVE('',#8371,#8056,#8381,.T.);
#8381 = LINE('',#8382,#8383);
#8382 = CARTESIAN_POINT('',(-1.14,-0.75,0.));
#8383 = VECTOR('',#8384,1.);
#8384 = DIRECTION('',(0.,0.,1.));
#8385 = PLANE('',#8386);
#8386 = AXIS2_PLACEMENT_3D('',#8387,#8388,#8389);
#8387 = CARTESIAN_POINT('',(-1.14,0.75,0.));
#8388 = DIRECTION('',(1.,-2.22044604925E-16,0.));
#8389 = DIRECTION('',(-2.22044604925E-16,-1.,0.));
#8390 = ADVANCED_FACE('',(#8391),#8452,.T.);
#8391 = FACE_BOUND('',#8392,.T.);
#8392 = EDGE_LOOP('',(#8393,#8403,#8412,#8418,#8419,#8420,#8421,#8429,
    #8437,#8445));
#8393 = ORIENTED_EDGE('',*,*,#8394,.F.);
#8394 = EDGE_CURVE('',#8395,#8397,#8399,.T.);
#8395 = VERTEX_POINT('',#8396);
#8396 = CARTESIAN_POINT('',(-2.5,-0.75,0.146666666667));
#8397 = VERTEX_POINT('',#8398);
#8398 = CARTESIAN_POINT('',(-2.5,-0.75,0.842343333333));
#8399 = LINE('',#8400,#8401);
#8400 = CARTESIAN_POINT('',(-2.5,-0.75,0.));
#8401 = VECTOR('',#8402,1.);
#8402 = DIRECTION('',(0.,0.,1.));
#8403 = ORIENTED_EDGE('',*,*,#8404,.T.);
#8404 = EDGE_CURVE('',#8395,#8405,#8407,.T.);
#8405 = VERTEX_POINT('',#8406);
#8406 = CARTESIAN_POINT('',(-2.353333333333,-0.75,-2.775557561563E-17));
#8407 = CIRCLE('',#8408,0.146666666667);
#8408 = AXIS2_PLACEMENT_3D('',#8409,#8410,#8411);
#8409 = CARTESIAN_POINT('',(-2.353333333333,-0.75,0.146666666667));
#8410 = DIRECTION('',(-2.22044604925E-16,-1.,0.));
#8411 = DIRECTION('',(0.,0.,1.));
#8412 = ORIENTED_EDGE('',*,*,#8413,.F.);
#8413 = EDGE_CURVE('',#8371,#8405,#8414,.T.);
#8414 = LINE('',#8415,#8416);
#8415 = CARTESIAN_POINT('',(-2.28,-0.75,0.));
#8416 = VECTOR('',#8417,1.);
#8417 = DIRECTION('',(-1.,2.22044604925E-16,0.));
#8418 = ORIENTED_EDGE('',*,*,#8380,.T.);
#8419 = ORIENTED_EDGE('',*,*,#8055,.F.);
#8420 = ORIENTED_EDGE('',*,*,#8112,.T.);
#8421 = ORIENTED_EDGE('',*,*,#8422,.T.);
#8422 = EDGE_CURVE('',#8106,#8423,#8425,.T.);
#8423 = VERTEX_POINT('',#8424);
#8424 = CARTESIAN_POINT('',(-2.28,-0.75,0.2222));
#8425 = LINE('',#8426,#8427);
#8426 = CARTESIAN_POINT('',(-1.14,-0.75,0.2222));
#8427 = VECTOR('',#8428,1.);
#8428 = DIRECTION('',(-1.,2.22044604925E-16,0.));
#8429 = ORIENTED_EDGE('',*,*,#8430,.T.);
#8430 = EDGE_CURVE('',#8423,#8431,#8433,.T.);
#8431 = VERTEX_POINT('',#8432);
#8432 = CARTESIAN_POINT('',(-2.28,-0.75,0.98901));
#8433 = LINE('',#8434,#8435);
#8434 = CARTESIAN_POINT('',(-2.28,-0.75,0.));
#8435 = VECTOR('',#8436,1.);
#8436 = DIRECTION('',(0.,0.,1.));
#8437 = ORIENTED_EDGE('',*,*,#8438,.T.);
#8438 = EDGE_CURVE('',#8431,#8439,#8441,.T.);
#8439 = VERTEX_POINT('',#8440);
#8440 = CARTESIAN_POINT('',(-2.353333333333,-0.75,0.98901));
#8441 = LINE('',#8442,#8443);
#8442 = CARTESIAN_POINT('',(-2.28,-0.75,0.98901));
#8443 = VECTOR('',#8444,1.);
#8444 = DIRECTION('',(-1.,2.22044604925E-16,0.));
#8445 = ORIENTED_EDGE('',*,*,#8446,.F.);
#8446 = EDGE_CURVE('',#8397,#8439,#8447,.T.);
#8447 = CIRCLE('',#8448,0.146666666667);
#8448 = AXIS2_PLACEMENT_3D('',#8449,#8450,#8451);
#8449 = CARTESIAN_POINT('',(-2.353333333333,-0.75,0.842343333333));
#8450 = DIRECTION('',(2.22044604925E-16,1.,-0.));
#8451 = DIRECTION('',(0.,0.,1.));
#8452 = PLANE('',#8453);
#8453 = AXIS2_PLACEMENT_3D('',#8454,#8455,#8456);
#8454 = CARTESIAN_POINT('',(-1.991067149606,-0.75,0.303091083877));
#8455 = DIRECTION('',(-2.22044604925E-16,-1.,-0.));
#8456 = DIRECTION('',(0.,0.,-1.));
#8457 = ADVANCED_FACE('',(#8458),#8464,.T.);
#8458 = FACE_BOUND('',#8459,.T.);
#8459 = EDGE_LOOP('',(#8460,#8461,#8462,#8463));
#8460 = ORIENTED_EDGE('',*,*,#8281,.T.);
#8461 = ORIENTED_EDGE('',*,*,#8146,.T.);
#8462 = ORIENTED_EDGE('',*,*,#8040,.F.);
#8463 = ORIENTED_EDGE('',*,*,#8264,.F.);
#8464 = B_SPLINE_SURFACE_WITH_KNOTS('',1,1,(
    (#8465,#8466)
    ,(#8467,#8468
    )),.UNSPECIFIED.,.F.,.F.,.F.,(2,2),(2,2),(0.,2.590518689767),(0.,1.)
  ,.PIECEWISE_BEZIER_KNOTS.);
#8465 = CARTESIAN_POINT('',(-1.1,1.279799853066,0.));
#8466 = CARTESIAN_POINT('',(-1.1,1.295259344883,0.22));
#8467 = CARTESIAN_POINT('',(-1.1,-1.279799853066,0.));
#8468 = CARTESIAN_POINT('',(-1.1,-1.295259344883,0.22));
#8469 = ADVANCED_FACE('',(#8470),#8476,.T.);
#8470 = FACE_BOUND('',#8471,.T.);
#8471 = EDGE_LOOP('',(#8472,#8473,#8474,#8475));
#8472 = ORIENTED_EDGE('',*,*,#8122,.T.);
#8473 = ORIENTED_EDGE('',*,*,#8169,.T.);
#8474 = ORIENTED_EDGE('',*,*,#8207,.F.);
#8475 = ORIENTED_EDGE('',*,*,#8183,.F.);
#8476 = B_SPLINE_SURFACE_WITH_KNOTS('',1,1,(
    (#8477,#8478)
    ,(#8479,#8480
    )),.UNSPECIFIED.,.F.,.F.,.F.,(2,2),(2,2),(0.,2.7),(0.,1.),
  .PIECEWISE_BEZIER_KNOTS.);
#8477 = CARTESIAN_POINT('',(-2.28,1.35,0.999));
#8478 = CARTESIAN_POINT('',(-2.194199820414,1.264199820414,2.22));
#8479 = CARTESIAN_POINT('',(-2.28,-1.35,0.999));
#8480 = CARTESIAN_POINT('',(-2.194199820414,-1.264199820414,2.22));
#8481 = ADVANCED_FACE('',(#8482),#8493,.F.);
#8482 = FACE_BOUND('',#8483,.F.);
#8483 = EDGE_LOOP('',(#8484,#8485,#8486,#8492));
#8484 = ORIENTED_EDGE('',*,*,#8105,.F.);
#8485 = ORIENTED_EDGE('',*,*,#8422,.T.);
#8486 = ORIENTED_EDGE('',*,*,#8487,.T.);
#8487 = EDGE_CURVE('',#8423,#8333,#8488,.T.);
#8488 = LINE('',#8489,#8490);
#8489 = CARTESIAN_POINT('',(-2.28,-0.75,0.2222));
#8490 = VECTOR('',#8491,1.);
#8491 = DIRECTION('',(2.22044604925E-16,1.,0.));
#8492 = ORIENTED_EDGE('',*,*,#8340,.T.);
#8493 = PLANE('',#8494);
#8494 = AXIS2_PLACEMENT_3D('',#8495,#8496,#8497);
#8495 = CARTESIAN_POINT('',(-1.71,4.440892098501E-16,0.2222));
#8496 = DIRECTION('',(0.,-0.,-1.));
#8497 = DIRECTION('',(-2.22044604925E-16,-1.,0.));
#8498 = ADVANCED_FACE('',(#8499),#8522,.F.);
#8499 = FACE_BOUND('',#8500,.F.);
#8500 = EDGE_LOOP('',(#8501,#8511,#8516,#8517));
#8501 = ORIENTED_EDGE('',*,*,#8502,.T.);
#8502 = EDGE_CURVE('',#8503,#8505,#8507,.T.);
#8503 = VERTEX_POINT('',#8504);
#8504 = CARTESIAN_POINT('',(-1.508399640828,1.178399640828,2.2178));
#8505 = VERTEX_POINT('',#8506);
#8506 = CARTESIAN_POINT('',(-2.108399640828,1.178399640828,2.2178));
#8507 = LINE('',#8508,#8509);
#8508 = CARTESIAN_POINT('',(-1.508399640828,1.178399640828,2.2178));
#8509 = VECTOR('',#8510,1.);
#8510 = DIRECTION('',(-1.,2.22044604925E-16,0.));
#8511 = ORIENTED_EDGE('',*,*,#8512,.T.);
#8512 = EDGE_CURVE('',#8505,#8219,#8513,.T.);
#8513 = B_SPLINE_CURVE_WITH_KNOTS('',1,(#8514,#8515),.UNSPECIFIED.,.F.,
  .F.,(2,2),(0.,1.),.PIECEWISE_BEZIER_KNOTS.);
#8514 = CARTESIAN_POINT('',(-2.108399640828,1.178399640828,2.2178));
#8515 = CARTESIAN_POINT('',(-2.108399640828,1.178399640828,2.22));
#8516 = ORIENTED_EDGE('',*,*,#8216,.F.);
#8517 = ORIENTED_EDGE('',*,*,#8518,.F.);
#8518 = EDGE_CURVE('',#8503,#8217,#8519,.T.);
#8519 = B_SPLINE_CURVE_WITH_KNOTS('',1,(#8520,#8521),.UNSPECIFIED.,.F.,
  .F.,(2,2),(0.,1.),.PIECEWISE_BEZIER_KNOTS.);
#8520 = CARTESIAN_POINT('',(-1.508399640828,1.178399640828,2.2178));
#8521 = CARTESIAN_POINT('',(-1.508399640828,1.178399640828,2.22));
#8522 = PLANE('',#8523);
#8523 = AXIS2_PLACEMENT_3D('',#8524,#8525,#8526);
#8524 = CARTESIAN_POINT('',(-1.508399640828,1.178399640828,2.22));
#8525 = DIRECTION('',(2.22044604925E-16,1.,0.));
#8526 = DIRECTION('',(-1.,2.22044604925E-16,0.));
#8527 = ADVANCED_FACE('',(#8528),#8545,.F.);
#8528 = FACE_BOUND('',#8529,.F.);
#8529 = EDGE_LOOP('',(#8530,#8538,#8539,#8540));
#8530 = ORIENTED_EDGE('',*,*,#8531,.T.);
#8531 = EDGE_CURVE('',#8532,#8503,#8534,.T.);
#8532 = VERTEX_POINT('',#8533);
#8533 = CARTESIAN_POINT('',(-1.508399640828,-1.178399640828,2.2178));
#8534 = LINE('',#8535,#8536);
#8535 = CARTESIAN_POINT('',(-1.508399640828,-1.178399640828,2.2178));
#8536 = VECTOR('',#8537,1.);
#8537 = DIRECTION('',(2.22044604925E-16,1.,0.));
#8538 = ORIENTED_EDGE('',*,*,#8518,.T.);
#8539 = ORIENTED_EDGE('',*,*,#8242,.F.);
#8540 = ORIENTED_EDGE('',*,*,#8541,.F.);
#8541 = EDGE_CURVE('',#8532,#8235,#8542,.T.);
#8542 = B_SPLINE_CURVE_WITH_KNOTS('',1,(#8543,#8544),.UNSPECIFIED.,.F.,
  .F.,(2,2),(0.,1.),.PIECEWISE_BEZIER_KNOTS.);
#8543 = CARTESIAN_POINT('',(-1.508399640828,-1.178399640828,2.2178));
#8544 = CARTESIAN_POINT('',(-1.508399640828,-1.178399640828,2.22));
#8545 = PLANE('',#8546);
#8546 = AXIS2_PLACEMENT_3D('',#8547,#8548,#8549);
#8547 = CARTESIAN_POINT('',(-1.508399640828,-1.178399640828,2.22));
#8548 = DIRECTION('',(1.,-2.22044604925E-16,0.));
#8549 = DIRECTION('',(2.22044604925E-16,1.,0.));
#8550 = ADVANCED_FACE('',(#8551),#8568,.F.);
#8551 = FACE_BOUND('',#8552,.F.);
#8552 = EDGE_LOOP('',(#8553,#8561,#8562,#8563));
#8553 = ORIENTED_EDGE('',*,*,#8554,.T.);
#8554 = EDGE_CURVE('',#8555,#8532,#8557,.T.);
#8555 = VERTEX_POINT('',#8556);
#8556 = CARTESIAN_POINT('',(-2.108399640828,-1.178399640828,2.2178));
#8557 = LINE('',#8558,#8559);
#8558 = CARTESIAN_POINT('',(-2.108399640828,-1.178399640828,2.2178));
#8559 = VECTOR('',#8560,1.);
#8560 = DIRECTION('',(1.,-2.22044604925E-16,0.));
#8561 = ORIENTED_EDGE('',*,*,#8541,.T.);
#8562 = ORIENTED_EDGE('',*,*,#8234,.F.);
#8563 = ORIENTED_EDGE('',*,*,#8564,.F.);
#8564 = EDGE_CURVE('',#8555,#8227,#8565,.T.);
#8565 = B_SPLINE_CURVE_WITH_KNOTS('',1,(#8566,#8567),.UNSPECIFIED.,.F.,
  .F.,(2,2),(0.,1.),.PIECEWISE_BEZIER_KNOTS.);
#8566 = CARTESIAN_POINT('',(-2.108399640828,-1.178399640828,2.2178));
#8567 = CARTESIAN_POINT('',(-2.108399640828,-1.178399640828,2.22));
#8568 = PLANE('',#8569);
#8569 = AXIS2_PLACEMENT_3D('',#8570,#8571,#8572);
#8570 = CARTESIAN_POINT('',(-2.108399640828,-1.178399640828,2.22));
#8571 = DIRECTION('',(-2.22044604925E-16,-1.,0.));
#8572 = DIRECTION('',(1.,-2.22044604925E-16,0.));
#8573 = ADVANCED_FACE('',(#8574),#8585,.F.);
#8574 = FACE_BOUND('',#8575,.F.);
#8575 = EDGE_LOOP('',(#8576,#8582,#8583,#8584));
#8576 = ORIENTED_EDGE('',*,*,#8577,.T.);
#8577 = EDGE_CURVE('',#8505,#8555,#8578,.T.);
#8578 = LINE('',#8579,#8580);
#8579 = CARTESIAN_POINT('',(-2.108399640828,1.178399640828,2.2178));
#8580 = VECTOR('',#8581,1.);
#8581 = DIRECTION('',(-2.22044604925E-16,-1.,0.));
#8582 = ORIENTED_EDGE('',*,*,#8564,.T.);
#8583 = ORIENTED_EDGE('',*,*,#8226,.F.);
#8584 = ORIENTED_EDGE('',*,*,#8512,.F.);
#8585 = PLANE('',#8586);
#8586 = AXIS2_PLACEMENT_3D('',#8587,#8588,#8589);
#8587 = CARTESIAN_POINT('',(-2.108399640828,1.178399640828,2.22));
#8588 = DIRECTION('',(-1.,2.22044604925E-16,0.));
#8589 = DIRECTION('',(-2.22044604925E-16,-1.,0.));
#8590 = ADVANCED_FACE('',(#8591),#8607,.T.);
#8591 = FACE_BOUND('',#8592,.T.);
#8592 = EDGE_LOOP('',(#8593,#8599,#8600,#8606));
#8593 = ORIENTED_EDGE('',*,*,#8594,.T.);
#8594 = EDGE_CURVE('',#8395,#8297,#8595,.T.);
#8595 = LINE('',#8596,#8597);
#8596 = CARTESIAN_POINT('',(-2.5,-0.75,0.146666666667));
#8597 = VECTOR('',#8598,1.);
#8598 = DIRECTION('',(2.22044604925E-16,1.,0.));
#8599 = ORIENTED_EDGE('',*,*,#8296,.T.);
#8600 = ORIENTED_EDGE('',*,*,#8601,.F.);
#8601 = EDGE_CURVE('',#8405,#8299,#8602,.T.);
#8602 = LINE('',#8603,#8604);
#8603 = CARTESIAN_POINT('',(-2.353333333333,-0.75,-2.775557561563E-17));
#8604 = VECTOR('',#8605,1.);
#8605 = DIRECTION('',(2.22044604925E-16,1.,0.));
#8606 = ORIENTED_EDGE('',*,*,#8404,.F.);
#8607 = CYLINDRICAL_SURFACE('',#8608,0.146666666667);
#8608 = AXIS2_PLACEMENT_3D('',#8609,#8610,#8611);
#8609 = CARTESIAN_POINT('',(-2.353333333333,-0.75,0.146666666667));
#8610 = DIRECTION('',(2.22044604925E-16,1.,0.));
#8611 = DIRECTION('',(-1.,2.22044604925E-16,0.));
#8612 = ADVANCED_FACE('',(#8613),#8619,.T.);
#8613 = FACE_BOUND('',#8614,.T.);
#8614 = EDGE_LOOP('',(#8615,#8616,#8617,#8618));
#8615 = ORIENTED_EDGE('',*,*,#8413,.T.);
#8616 = ORIENTED_EDGE('',*,*,#8601,.T.);
#8617 = ORIENTED_EDGE('',*,*,#8356,.T.);
#8618 = ORIENTED_EDGE('',*,*,#8370,.T.);
#8619 = PLANE('',#8620);
#8620 = AXIS2_PLACEMENT_3D('',#8621,#8622,#8623);
#8621 = CARTESIAN_POINT('',(-1.746666666667,3.878379099357E-16,
    -7.671995716851E-18));
#8622 = DIRECTION('',(1.332277103521E-17,-2.579688262589E-33,-1.));
#8623 = DIRECTION('',(1.,-2.22044604925E-16,1.332277103521E-17));
#8624 = ADVANCED_FACE('',(#8625),#8636,.T.);
#8625 = FACE_BOUND('',#8626,.T.);
#8626 = EDGE_LOOP('',(#8627,#8628,#8629,#8635));
#8627 = ORIENTED_EDGE('',*,*,#8487,.T.);
#8628 = ORIENTED_EDGE('',*,*,#8332,.T.);
#8629 = ORIENTED_EDGE('',*,*,#8630,.T.);
#8630 = EDGE_CURVE('',#8325,#8431,#8631,.T.);
#8631 = LINE('',#8632,#8633);
#8632 = CARTESIAN_POINT('',(-2.28,0.75,0.98901));
#8633 = VECTOR('',#8634,1.);
#8634 = DIRECTION('',(-2.22044604925E-16,-1.,0.));
#8635 = ORIENTED_EDGE('',*,*,#8430,.F.);
#8636 = PLANE('',#8637);
#8637 = AXIS2_PLACEMENT_3D('',#8638,#8639,#8640);
#8638 = CARTESIAN_POINT('',(-2.28,0.75,0.));
#8639 = DIRECTION('',(1.,-2.22044604925E-16,0.));
#8640 = DIRECTION('',(-2.22044604925E-16,-1.,0.));
#8641 = ADVANCED_FACE('',(#8642),#8653,.F.);
#8642 = FACE_BOUND('',#8643,.F.);
#8643 = EDGE_LOOP('',(#8644,#8645,#8651,#8652));
#8644 = ORIENTED_EDGE('',*,*,#8438,.T.);
#8645 = ORIENTED_EDGE('',*,*,#8646,.T.);
#8646 = EDGE_CURVE('',#8439,#8316,#8647,.T.);
#8647 = LINE('',#8648,#8649);
#8648 = CARTESIAN_POINT('',(-2.353333333333,-0.75,0.98901));
#8649 = VECTOR('',#8650,1.);
#8650 = DIRECTION('',(2.22044604925E-16,1.,0.));
#8651 = ORIENTED_EDGE('',*,*,#8324,.T.);
#8652 = ORIENTED_EDGE('',*,*,#8630,.T.);
#8653 = PLANE('',#8654);
#8654 = AXIS2_PLACEMENT_3D('',#8655,#8656,#8657);
#8655 = CARTESIAN_POINT('',(-2.39,4.440892098501E-16,0.98901));
#8656 = DIRECTION('',(0.,-0.,-1.));
#8657 = DIRECTION('',(-2.22044604925E-16,-1.,0.));
#8658 = ADVANCED_FACE('',(#8659),#8670,.T.);
#8659 = FACE_BOUND('',#8660,.T.);
#8660 = EDGE_LOOP('',(#8661,#8662,#8663,#8664));
#8661 = ORIENTED_EDGE('',*,*,#8446,.T.);
#8662 = ORIENTED_EDGE('',*,*,#8646,.T.);
#8663 = ORIENTED_EDGE('',*,*,#8315,.F.);
#8664 = ORIENTED_EDGE('',*,*,#8665,.F.);
#8665 = EDGE_CURVE('',#8397,#8308,#8666,.T.);
#8666 = LINE('',#8667,#8668);
#8667 = CARTESIAN_POINT('',(-2.5,-0.75,0.842343333333));
#8668 = VECTOR('',#8669,1.);
#8669 = DIRECTION('',(2.22044604925E-16,1.,0.));
#8670 = CYLINDRICAL_SURFACE('',#8671,0.146666666667);
#8671 = AXIS2_PLACEMENT_3D('',#8672,#8673,#8674);
#8672 = CARTESIAN_POINT('',(-2.353333333333,-0.75,0.842343333333));
#8673 = DIRECTION('',(2.22044604925E-16,1.,0.));
#8674 = DIRECTION('',(-1.,2.22044604925E-16,0.));
#8675 = ADVANCED_FACE('',(#8676),#8682,.T.);
#8676 = FACE_BOUND('',#8677,.T.);
#8677 = EDGE_LOOP('',(#8678,#8679,#8680,#8681));
#8678 = ORIENTED_EDGE('',*,*,#8394,.T.);
#8679 = ORIENTED_EDGE('',*,*,#8665,.T.);
#8680 = ORIENTED_EDGE('',*,*,#8307,.F.);
#8681 = ORIENTED_EDGE('',*,*,#8594,.F.);
#8682 = PLANE('',#8683);
#8683 = AXIS2_PLACEMENT_3D('',#8684,#8685,#8686);
#8684 = CARTESIAN_POINT('',(-2.5,-0.75,0.));
#8685 = DIRECTION('',(-1.,2.22044604925E-16,0.));
#8686 = DIRECTION('',(2.22044604925E-16,1.,0.));
#8687 = ADVANCED_FACE('',(#8688),#8694,.F.);
#8688 = FACE_BOUND('',#8689,.T.);
#8689 = EDGE_LOOP('',(#8690,#8691,#8692,#8693));
#8690 = ORIENTED_EDGE('',*,*,#8531,.T.);
#8691 = ORIENTED_EDGE('',*,*,#8502,.T.);
#8692 = ORIENTED_EDGE('',*,*,#8577,.T.);
#8693 = ORIENTED_EDGE('',*,*,#8554,.T.);
#8694 = PLANE('',#8695);
#8695 = AXIS2_PLACEMENT_3D('',#8696,#8697,#8698);
#8696 = CARTESIAN_POINT('',(-1.508399640828,-1.178399640828,2.2178));
#8697 = DIRECTION('',(0.,0.,-1.));
#8698 = DIRECTION('',(-0.246713052972,0.969088576701,0.));
#8699 = ( GEOMETRIC_REPRESENTATION_CONTEXT(3) 
GLOBAL_UNCERTAINTY_ASSIGNED_CONTEXT((#8703)) 
GLOBAL_UNIT_ASSIGNED_CONTEXT((#8700,#8701,#8702)) REPRESENTATION_CONTEXT
('Context #1','3D Context with UNIT and UNCERTAINTY') );
#8700 = ( LENGTH_UNIT() NAMED_UNIT(*) SI_UNIT(.MILLI.,.METRE.) );
#8701 = ( NAMED_UNIT(*) PLANE_ANGLE_UNIT() SI_UNIT($,.RADIAN.) );
#8702 = ( NAMED_UNIT(*) SI_UNIT($,.STERADIAN.) SOLID_ANGLE_UNIT() );
#8703 = UNCERTAINTY_MEASURE_WITH_UNIT(LENGTH_MEASURE(1.E-07),#8700,
  'distance_accuracy_value','confusion accuracy');
#8704 = CONTEXT_DEPENDENT_SHAPE_REPRESENTATION(#8705,#8707);
#8705 = ( REPRESENTATION_RELATIONSHIP('','',#7490,#10) 
REPRESENTATION_RELATIONSHIP_WITH_TRANSFORMATION(#8706) 
SHAPE_REPRESENTATION_RELATIONSHIP() );
#8706 = ITEM_DEFINED_TRANSFORMATION('','',#11,#99);
#8707 = PRODUCT_DEFINITION_SHAPE('Placement','Placement of an item',
  #8708);
#8708 = NEXT_ASSEMBLY_USAGE_OCCURRENCE('22','D1','',#5,#7485,$);
#8709 = PRODUCT_RELATED_PRODUCT_CATEGORY('part',$,(#7487));
#8710 = SHAPE_DEFINITION_REPRESENTATION(#8711,#8717);
#8711 = PRODUCT_DEFINITION_SHAPE('','',#8712);
#8712 = PRODUCT_DEFINITION('design','',#8713,#8716);
#8713 = PRODUCT_DEFINITION_FORMATION('','',#8714);
#8714 = PRODUCT('Fuse_1206_3216Metric','Fuse_1206_3216Metric','',(#8715)
  );
#8715 = PRODUCT_CONTEXT('',#2,'mechanical');
#8716 = PRODUCT_DEFINITION_CONTEXT('part definition',#2,'design');
#8717 = ADVANCED_BREP_SHAPE_REPRESENTATION('',(#11,#8718),#9508);
#8718 = MANIFOLD_SOLID_BREP('',#8719);
#8719 = CLOSED_SHELL('',(#8720,#8760,#8843,#8868,#8893,#8960,#8977,#8994
    ,#9043,#9065,#9077,#9126,#9143,#9212,#9243,#9267,#9336,#9360,#9377,
    #9394,#9411,#9428,#9445,#9462,#9479,#9496));
#8720 = ADVANCED_FACE('',(#8721),#8755,.F.);
#8721 = FACE_BOUND('',#8722,.F.);
#8722 = EDGE_LOOP('',(#8723,#8733,#8741,#8749));
#8723 = ORIENTED_EDGE('',*,*,#8724,.F.);
#8724 = EDGE_CURVE('',#8725,#8727,#8729,.T.);
#8725 = VERTEX_POINT('',#8726);
#8726 = CARTESIAN_POINT('',(-1.6,-0.8,5.5E-02));
#8727 = VERTEX_POINT('',#8728);
#8728 = CARTESIAN_POINT('',(-1.6,-0.8,0.495));
#8729 = LINE('',#8730,#8731);
#8730 = CARTESIAN_POINT('',(-1.6,-0.8,0.));
#8731 = VECTOR('',#8732,1.);
#8732 = DIRECTION('',(0.,0.,1.));
#8733 = ORIENTED_EDGE('',*,*,#8734,.T.);
#8734 = EDGE_CURVE('',#8725,#8735,#8737,.T.);
#8735 = VERTEX_POINT('',#8736);
#8736 = CARTESIAN_POINT('',(-1.6,0.8,5.5E-02));
#8737 = LINE('',#8738,#8739);
#8738 = CARTESIAN_POINT('',(-1.6,-0.8,5.5E-02));
#8739 = VECTOR('',#8740,1.);
#8740 = DIRECTION('',(0.,1.,0.));
#8741 = ORIENTED_EDGE('',*,*,#8742,.T.);
#8742 = EDGE_CURVE('',#8735,#8743,#8745,.T.);
#8743 = VERTEX_POINT('',#8744);
#8744 = CARTESIAN_POINT('',(-1.6,0.8,0.495));
#8745 = LINE('',#8746,#8747);
#8746 = CARTESIAN_POINT('',(-1.6,0.8,0.));
#8747 = VECTOR('',#8748,1.);
#8748 = DIRECTION('',(0.,0.,1.));
#8749 = ORIENTED_EDGE('',*,*,#8750,.F.);
#8750 = EDGE_CURVE('',#8727,#8743,#8751,.T.);
#8751 = LINE('',#8752,#8753);
#8752 = CARTESIAN_POINT('',(-1.6,-0.8,0.495));
#8753 = VECTOR('',#8754,1.);
#8754 = DIRECTION('',(0.,1.,0.));
#8755 = PLANE('',#8756);
#8756 = AXIS2_PLACEMENT_3D('',#8757,#8758,#8759);
#8757 = CARTESIAN_POINT('',(-1.6,-0.8,0.));
#8758 = DIRECTION('',(1.,0.,0.));
#8759 = DIRECTION('',(0.,0.,1.));
#8760 = ADVANCED_FACE('',(#8761),#8838,.F.);
#8761 = FACE_BOUND('',#8762,.F.);
#8762 = EDGE_LOOP('',(#8763,#8773,#8780,#8781,#8790,#8798,#8807,#8815,
    #8823,#8831));
#8763 = ORIENTED_EDGE('',*,*,#8764,.F.);
#8764 = EDGE_CURVE('',#8765,#8767,#8769,.T.);
#8765 = VERTEX_POINT('',#8766);
#8766 = CARTESIAN_POINT('',(-1.545,-0.8,0.));
#8767 = VERTEX_POINT('',#8768);
#8768 = CARTESIAN_POINT('',(-1.155,-0.8,0.));
#8769 = LINE('',#8770,#8771);
#8770 = CARTESIAN_POINT('',(-1.6,-0.8,0.));
#8771 = VECTOR('',#8772,1.);
#8772 = DIRECTION('',(1.,0.,0.));
#8773 = ORIENTED_EDGE('',*,*,#8774,.F.);
#8774 = EDGE_CURVE('',#8725,#8765,#8775,.T.);
#8775 = CIRCLE('',#8776,5.5E-02);
#8776 = AXIS2_PLACEMENT_3D('',#8777,#8778,#8779);
#8777 = CARTESIAN_POINT('',(-1.545,-0.8,5.5E-02));
#8778 = DIRECTION('',(0.,-1.,0.));
#8779 = DIRECTION('',(0.,0.,1.));
#8780 = ORIENTED_EDGE('',*,*,#8724,.T.);
#8781 = ORIENTED_EDGE('',*,*,#8782,.T.);
#8782 = EDGE_CURVE('',#8727,#8783,#8785,.T.);
#8783 = VERTEX_POINT('',#8784);
#8784 = CARTESIAN_POINT('',(-1.545,-0.8,0.55));
#8785 = CIRCLE('',#8786,5.5E-02);
#8786 = AXIS2_PLACEMENT_3D('',#8787,#8788,#8789);
#8787 = CARTESIAN_POINT('',(-1.545,-0.8,0.495));
#8788 = DIRECTION('',(0.,1.,0.));
#8789 = DIRECTION('',(0.,-0.,1.));
#8790 = ORIENTED_EDGE('',*,*,#8791,.T.);
#8791 = EDGE_CURVE('',#8783,#8792,#8794,.T.);
#8792 = VERTEX_POINT('',#8793);
#8793 = CARTESIAN_POINT('',(-1.155,-0.8,0.55));
#8794 = LINE('',#8795,#8796);
#8795 = CARTESIAN_POINT('',(-1.6,-0.8,0.55));
#8796 = VECTOR('',#8797,1.);
#8797 = DIRECTION('',(1.,0.,0.));
#8798 = ORIENTED_EDGE('',*,*,#8799,.F.);
#8799 = EDGE_CURVE('',#8800,#8792,#8802,.T.);
#8800 = VERTEX_POINT('',#8801);
#8801 = CARTESIAN_POINT('',(-1.1,-0.8,0.495));
#8802 = CIRCLE('',#8803,5.5E-02);
#8803 = AXIS2_PLACEMENT_3D('',#8804,#8805,#8806);
#8804 = CARTESIAN_POINT('',(-1.155,-0.8,0.495));
#8805 = DIRECTION('',(0.,-1.,0.));
#8806 = DIRECTION('',(0.,0.,1.));
#8807 = ORIENTED_EDGE('',*,*,#8808,.F.);
#8808 = EDGE_CURVE('',#8809,#8800,#8811,.T.);
#8809 = VERTEX_POINT('',#8810);
#8810 = CARTESIAN_POINT('',(-1.545,-0.8,0.495));
#8811 = LINE('',#8812,#8813);
#8812 = CARTESIAN_POINT('',(-1.545,-0.8,0.495));
#8813 = VECTOR('',#8814,1.);
#8814 = DIRECTION('',(1.,0.,0.));
#8815 = ORIENTED_EDGE('',*,*,#8816,.F.);
#8816 = EDGE_CURVE('',#8817,#8809,#8819,.T.);
#8817 = VERTEX_POINT('',#8818);
#8818 = CARTESIAN_POINT('',(-1.545,-0.8,5.5E-02));
#8819 = LINE('',#8820,#8821);
#8820 = CARTESIAN_POINT('',(-1.545,-0.8,5.5E-02));
#8821 = VECTOR('',#8822,1.);
#8822 = DIRECTION('',(0.,0.,1.));
#8823 = ORIENTED_EDGE('',*,*,#8824,.T.);
#8824 = EDGE_CURVE('',#8817,#8825,#8827,.T.);
#8825 = VERTEX_POINT('',#8826);
#8826 = CARTESIAN_POINT('',(-1.1,-0.8,5.5E-02));
#8827 = LINE('',#8828,#8829);
#8828 = CARTESIAN_POINT('',(-1.545,-0.8,5.5E-02));
#8829 = VECTOR('',#8830,1.);
#8830 = DIRECTION('',(1.,0.,0.));
#8831 = ORIENTED_EDGE('',*,*,#8832,.T.);
#8832 = EDGE_CURVE('',#8825,#8767,#8833,.T.);
#8833 = CIRCLE('',#8834,5.5E-02);
#8834 = AXIS2_PLACEMENT_3D('',#8835,#8836,#8837);
#8835 = CARTESIAN_POINT('',(-1.155,-0.8,5.5E-02));
#8836 = DIRECTION('',(0.,1.,0.));
#8837 = DIRECTION('',(0.,-0.,1.));
#8838 = PLANE('',#8839);
#8839 = AXIS2_PLACEMENT_3D('',#8840,#8841,#8842);
#8840 = CARTESIAN_POINT('',(-1.6,-0.8,0.));
#8841 = DIRECTION('',(0.,1.,0.));
#8842 = DIRECTION('',(0.,-0.,1.));
#8843 = ADVANCED_FACE('',(#8844),#8863,.T.);
#8844 = FACE_BOUND('',#8845,.T.);
#8845 = EDGE_LOOP('',(#8846,#8847,#8856,#8862));
#8846 = ORIENTED_EDGE('',*,*,#8734,.T.);
#8847 = ORIENTED_EDGE('',*,*,#8848,.T.);
#8848 = EDGE_CURVE('',#8735,#8849,#8851,.T.);
#8849 = VERTEX_POINT('',#8850);
#8850 = CARTESIAN_POINT('',(-1.545,0.8,0.));
#8851 = CIRCLE('',#8852,5.5E-02);
#8852 = AXIS2_PLACEMENT_3D('',#8853,#8854,#8855);
#8853 = CARTESIAN_POINT('',(-1.545,0.8,5.5E-02));
#8854 = DIRECTION('',(0.,-1.,0.));
#8855 = DIRECTION('',(0.,0.,1.));
#8856 = ORIENTED_EDGE('',*,*,#8857,.F.);
#8857 = EDGE_CURVE('',#8765,#8849,#8858,.T.);
#8858 = LINE('',#8859,#8860);
#8859 = CARTESIAN_POINT('',(-1.545,-0.8,0.));
#8860 = VECTOR('',#8861,1.);
#8861 = DIRECTION('',(0.,1.,0.));
#8862 = ORIENTED_EDGE('',*,*,#8774,.F.);
#8863 = CYLINDRICAL_SURFACE('',#8864,5.5E-02);
#8864 = AXIS2_PLACEMENT_3D('',#8865,#8866,#8867);
#8865 = CARTESIAN_POINT('',(-1.545,-0.8,5.5E-02));
#8866 = DIRECTION('',(0.,1.,0.));
#8867 = DIRECTION('',(-1.,0.,0.));
#8868 = ADVANCED_FACE('',(#8869),#8888,.T.);
#8869 = FACE_BOUND('',#8870,.T.);
#8870 = EDGE_LOOP('',(#8871,#8872,#8880,#8887));
#8871 = ORIENTED_EDGE('',*,*,#8782,.T.);
#8872 = ORIENTED_EDGE('',*,*,#8873,.T.);
#8873 = EDGE_CURVE('',#8783,#8874,#8876,.T.);
#8874 = VERTEX_POINT('',#8875);
#8875 = CARTESIAN_POINT('',(-1.545,0.8,0.55));
#8876 = LINE('',#8877,#8878);
#8877 = CARTESIAN_POINT('',(-1.545,-0.8,0.55));
#8878 = VECTOR('',#8879,1.);
#8879 = DIRECTION('',(0.,1.,0.));
#8880 = ORIENTED_EDGE('',*,*,#8881,.F.);
#8881 = EDGE_CURVE('',#8743,#8874,#8882,.T.);
#8882 = CIRCLE('',#8883,5.5E-02);
#8883 = AXIS2_PLACEMENT_3D('',#8884,#8885,#8886);
#8884 = CARTESIAN_POINT('',(-1.545,0.8,0.495));
#8885 = DIRECTION('',(0.,1.,0.));
#8886 = DIRECTION('',(0.,-0.,1.));
#8887 = ORIENTED_EDGE('',*,*,#8750,.F.);
#8888 = CYLINDRICAL_SURFACE('',#8889,5.5E-02);
#8889 = AXIS2_PLACEMENT_3D('',#8890,#8891,#8892);
#8890 = CARTESIAN_POINT('',(-1.545,-0.8,0.495));
#8891 = DIRECTION('',(0.,1.,0.));
#8892 = DIRECTION('',(-1.,0.,0.));
#8893 = ADVANCED_FACE('',(#8894),#8955,.T.);
#8894 = FACE_BOUND('',#8895,.T.);
#8895 = EDGE_LOOP('',(#8896,#8904,#8905,#8906,#8907,#8915,#8924,#8932,
    #8940,#8948));
#8896 = ORIENTED_EDGE('',*,*,#8897,.F.);
#8897 = EDGE_CURVE('',#8849,#8898,#8900,.T.);
#8898 = VERTEX_POINT('',#8899);
#8899 = CARTESIAN_POINT('',(-1.155,0.8,0.));
#8900 = LINE('',#8901,#8902);
#8901 = CARTESIAN_POINT('',(-1.6,0.8,0.));
#8902 = VECTOR('',#8903,1.);
#8903 = DIRECTION('',(1.,0.,0.));
#8904 = ORIENTED_EDGE('',*,*,#8848,.F.);
#8905 = ORIENTED_EDGE('',*,*,#8742,.T.);
#8906 = ORIENTED_EDGE('',*,*,#8881,.T.);
#8907 = ORIENTED_EDGE('',*,*,#8908,.T.);
#8908 = EDGE_CURVE('',#8874,#8909,#8911,.T.);
#8909 = VERTEX_POINT('',#8910);
#8910 = CARTESIAN_POINT('',(-1.155,0.8,0.55));
#8911 = LINE('',#8912,#8913);
#8912 = CARTESIAN_POINT('',(-1.6,0.8,0.55));
#8913 = VECTOR('',#8914,1.);
#8914 = DIRECTION('',(1.,0.,0.));
#8915 = ORIENTED_EDGE('',*,*,#8916,.F.);
#8916 = EDGE_CURVE('',#8917,#8909,#8919,.T.);
#8917 = VERTEX_POINT('',#8918);
#8918 = CARTESIAN_POINT('',(-1.1,0.8,0.495));
#8919 = CIRCLE('',#8920,5.5E-02);
#8920 = AXIS2_PLACEMENT_3D('',#8921,#8922,#8923);
#8921 = CARTESIAN_POINT('',(-1.155,0.8,0.495));
#8922 = DIRECTION('',(0.,-1.,0.));
#8923 = DIRECTION('',(0.,0.,1.));
#8924 = ORIENTED_EDGE('',*,*,#8925,.F.);
#8925 = EDGE_CURVE('',#8926,#8917,#8928,.T.);
#8926 = VERTEX_POINT('',#8927);
#8927 = CARTESIAN_POINT('',(-1.545,0.8,0.495));
#8928 = LINE('',#8929,#8930);
#8929 = CARTESIAN_POINT('',(-1.545,0.8,0.495));
#8930 = VECTOR('',#8931,1.);
#8931 = DIRECTION('',(1.,0.,0.));
#8932 = ORIENTED_EDGE('',*,*,#8933,.F.);
#8933 = EDGE_CURVE('',#8934,#8926,#8936,.T.);
#8934 = VERTEX_POINT('',#8935);
#8935 = CARTESIAN_POINT('',(-1.545,0.8,5.5E-02));
#8936 = LINE('',#8937,#8938);
#8937 = CARTESIAN_POINT('',(-1.545,0.8,5.5E-02));
#8938 = VECTOR('',#8939,1.);
#8939 = DIRECTION('',(0.,0.,1.));
#8940 = ORIENTED_EDGE('',*,*,#8941,.T.);
#8941 = EDGE_CURVE('',#8934,#8942,#8944,.T.);
#8942 = VERTEX_POINT('',#8943);
#8943 = CARTESIAN_POINT('',(-1.1,0.8,5.5E-02));
#8944 = LINE('',#8945,#8946);
#8945 = CARTESIAN_POINT('',(-1.545,0.8,5.5E-02));
#8946 = VECTOR('',#8947,1.);
#8947 = DIRECTION('',(1.,0.,0.));
#8948 = ORIENTED_EDGE('',*,*,#8949,.T.);
#8949 = EDGE_CURVE('',#8942,#8898,#8950,.T.);
#8950 = CIRCLE('',#8951,5.5E-02);
#8951 = AXIS2_PLACEMENT_3D('',#8952,#8953,#8954);
#8952 = CARTESIAN_POINT('',(-1.155,0.8,5.5E-02));
#8953 = DIRECTION('',(0.,1.,0.));
#8954 = DIRECTION('',(0.,-0.,1.));
#8955 = PLANE('',#8956);
#8956 = AXIS2_PLACEMENT_3D('',#8957,#8958,#8959);
#8957 = CARTESIAN_POINT('',(-1.6,0.8,0.));
#8958 = DIRECTION('',(0.,1.,0.));
#8959 = DIRECTION('',(0.,-0.,1.));
#8960 = ADVANCED_FACE('',(#8961),#8972,.F.);
#8961 = FACE_BOUND('',#8962,.F.);
#8962 = EDGE_LOOP('',(#8963,#8964,#8965,#8966));
#8963 = ORIENTED_EDGE('',*,*,#8897,.F.);
#8964 = ORIENTED_EDGE('',*,*,#8857,.F.);
#8965 = ORIENTED_EDGE('',*,*,#8764,.T.);
#8966 = ORIENTED_EDGE('',*,*,#8967,.T.);
#8967 = EDGE_CURVE('',#8767,#8898,#8968,.T.);
#8968 = LINE('',#8969,#8970);
#8969 = CARTESIAN_POINT('',(-1.155,-0.8,0.));
#8970 = VECTOR('',#8971,1.);
#8971 = DIRECTION('',(0.,1.,0.));
#8972 = PLANE('',#8973);
#8973 = AXIS2_PLACEMENT_3D('',#8974,#8975,#8976);
#8974 = CARTESIAN_POINT('',(-1.6,-0.8,0.));
#8975 = DIRECTION('',(0.,0.,1.));
#8976 = DIRECTION('',(1.,0.,-0.));
#8977 = ADVANCED_FACE('',(#8978),#8989,.T.);
#8978 = FACE_BOUND('',#8979,.T.);
#8979 = EDGE_LOOP('',(#8980,#8981,#8982,#8983));
#8980 = ORIENTED_EDGE('',*,*,#8832,.T.);
#8981 = ORIENTED_EDGE('',*,*,#8967,.T.);
#8982 = ORIENTED_EDGE('',*,*,#8949,.F.);
#8983 = ORIENTED_EDGE('',*,*,#8984,.F.);
#8984 = EDGE_CURVE('',#8825,#8942,#8985,.T.);
#8985 = LINE('',#8986,#8987);
#8986 = CARTESIAN_POINT('',(-1.1,-0.8,5.5E-02));
#8987 = VECTOR('',#8988,1.);
#8988 = DIRECTION('',(0.,1.,0.));
#8989 = CYLINDRICAL_SURFACE('',#8990,5.5E-02);
#8990 = AXIS2_PLACEMENT_3D('',#8991,#8992,#8993);
#8991 = CARTESIAN_POINT('',(-1.155,-0.8,5.5E-02));
#8992 = DIRECTION('',(0.,1.,0.));
#8993 = DIRECTION('',(1.,0.,0.));
#8994 = ADVANCED_FACE('',(#8995),#9038,.F.);
#8995 = FACE_BOUND('',#8996,.F.);
#8996 = EDGE_LOOP('',(#8997,#8998,#8999,#9000,#9008,#9016,#9024,#9032));
#8997 = ORIENTED_EDGE('',*,*,#8824,.F.);
#8998 = ORIENTED_EDGE('',*,*,#8816,.T.);
#8999 = ORIENTED_EDGE('',*,*,#8808,.T.);
#9000 = ORIENTED_EDGE('',*,*,#9001,.T.);
#9001 = EDGE_CURVE('',#8800,#9002,#9004,.T.);
#9002 = VERTEX_POINT('',#9003);
#9003 = CARTESIAN_POINT('',(1.1,-0.8,0.495));
#9004 = LINE('',#9005,#9006);
#9005 = CARTESIAN_POINT('',(-1.1,-0.8,0.495));
#9006 = VECTOR('',#9007,1.);
#9007 = DIRECTION('',(1.,0.,0.));
#9008 = ORIENTED_EDGE('',*,*,#9009,.T.);
#9009 = EDGE_CURVE('',#9002,#9010,#9012,.T.);
#9010 = VERTEX_POINT('',#9011);
#9011 = CARTESIAN_POINT('',(1.545,-0.8,0.495));
#9012 = LINE('',#9013,#9014);
#9013 = CARTESIAN_POINT('',(-1.545,-0.8,0.495));
#9014 = VECTOR('',#9015,1.);
#9015 = DIRECTION('',(1.,0.,0.));
#9016 = ORIENTED_EDGE('',*,*,#9017,.F.);
#9017 = EDGE_CURVE('',#9018,#9010,#9020,.T.);
#9018 = VERTEX_POINT('',#9019);
#9019 = CARTESIAN_POINT('',(1.545,-0.8,5.5E-02));
#9020 = LINE('',#9021,#9022);
#9021 = CARTESIAN_POINT('',(1.545,-0.8,5.5E-02));
#9022 = VECTOR('',#9023,1.);
#9023 = DIRECTION('',(0.,0.,1.));
#9024 = ORIENTED_EDGE('',*,*,#9025,.F.);
#9025 = EDGE_CURVE('',#9026,#9018,#9028,.T.);
#9026 = VERTEX_POINT('',#9027);
#9027 = CARTESIAN_POINT('',(1.1,-0.8,5.5E-02));
#9028 = LINE('',#9029,#9030);
#9029 = CARTESIAN_POINT('',(-1.545,-0.8,5.5E-02));
#9030 = VECTOR('',#9031,1.);
#9031 = DIRECTION('',(1.,0.,0.));
#9032 = ORIENTED_EDGE('',*,*,#9033,.F.);
#9033 = EDGE_CURVE('',#8825,#9026,#9034,.T.);
#9034 = LINE('',#9035,#9036);
#9035 = CARTESIAN_POINT('',(-1.545,-0.8,5.5E-02));
#9036 = VECTOR('',#9037,1.);
#9037 = DIRECTION('',(1.,0.,0.));
#9038 = PLANE('',#9039);
#9039 = AXIS2_PLACEMENT_3D('',#9040,#9041,#9042);
#9040 = CARTESIAN_POINT('',(-1.545,-0.8,5.5E-02));
#9041 = DIRECTION('',(0.,1.,0.));
#9042 = DIRECTION('',(0.,-0.,1.));
#9043 = ADVANCED_FACE('',(#9044),#9060,.T.);
#9044 = FACE_BOUND('',#9045,.T.);
#9045 = EDGE_LOOP('',(#9046,#9052,#9053,#9059));
#9046 = ORIENTED_EDGE('',*,*,#9047,.T.);
#9047 = EDGE_CURVE('',#8800,#8917,#9048,.T.);
#9048 = LINE('',#9049,#9050);
#9049 = CARTESIAN_POINT('',(-1.1,-0.8,0.495));
#9050 = VECTOR('',#9051,1.);
#9051 = DIRECTION('',(0.,1.,0.));
#9052 = ORIENTED_EDGE('',*,*,#8916,.T.);
#9053 = ORIENTED_EDGE('',*,*,#9054,.F.);
#9054 = EDGE_CURVE('',#8792,#8909,#9055,.T.);
#9055 = LINE('',#9056,#9057);
#9056 = CARTESIAN_POINT('',(-1.155,-0.8,0.55));
#9057 = VECTOR('',#9058,1.);
#9058 = DIRECTION('',(0.,1.,0.));
#9059 = ORIENTED_EDGE('',*,*,#8799,.F.);
#9060 = CYLINDRICAL_SURFACE('',#9061,5.5E-02);
#9061 = AXIS2_PLACEMENT_3D('',#9062,#9063,#9064);
#9062 = CARTESIAN_POINT('',(-1.155,-0.8,0.495));
#9063 = DIRECTION('',(0.,1.,0.));
#9064 = DIRECTION('',(1.,0.,0.));
#9065 = ADVANCED_FACE('',(#9066),#9072,.T.);
#9066 = FACE_BOUND('',#9067,.T.);
#9067 = EDGE_LOOP('',(#9068,#9069,#9070,#9071));
#9068 = ORIENTED_EDGE('',*,*,#8908,.F.);
#9069 = ORIENTED_EDGE('',*,*,#8873,.F.);
#9070 = ORIENTED_EDGE('',*,*,#8791,.T.);
#9071 = ORIENTED_EDGE('',*,*,#9054,.T.);
#9072 = PLANE('',#9073);
#9073 = AXIS2_PLACEMENT_3D('',#9074,#9075,#9076);
#9074 = CARTESIAN_POINT('',(-1.6,-0.8,0.55));
#9075 = DIRECTION('',(0.,0.,1.));
#9076 = DIRECTION('',(1.,0.,-0.));
#9077 = ADVANCED_FACE('',(#9078),#9121,.T.);
#9078 = FACE_BOUND('',#9079,.T.);
#9079 = EDGE_LOOP('',(#9080,#9081,#9082,#9083,#9091,#9099,#9107,#9115));
#9080 = ORIENTED_EDGE('',*,*,#8941,.F.);
#9081 = ORIENTED_EDGE('',*,*,#8933,.T.);
#9082 = ORIENTED_EDGE('',*,*,#8925,.T.);
#9083 = ORIENTED_EDGE('',*,*,#9084,.T.);
#9084 = EDGE_CURVE('',#8917,#9085,#9087,.T.);
#9085 = VERTEX_POINT('',#9086);
#9086 = CARTESIAN_POINT('',(1.1,0.8,0.495));
#9087 = LINE('',#9088,#9089);
#9088 = CARTESIAN_POINT('',(-1.1,0.8,0.495));
#9089 = VECTOR('',#9090,1.);
#9090 = DIRECTION('',(1.,0.,0.));
#9091 = ORIENTED_EDGE('',*,*,#9092,.T.);
#9092 = EDGE_CURVE('',#9085,#9093,#9095,.T.);
#9093 = VERTEX_POINT('',#9094);
#9094 = CARTESIAN_POINT('',(1.545,0.8,0.495));
#9095 = LINE('',#9096,#9097);
#9096 = CARTESIAN_POINT('',(-1.545,0.8,0.495));
#9097 = VECTOR('',#9098,1.);
#9098 = DIRECTION('',(1.,0.,0.));
#9099 = ORIENTED_EDGE('',*,*,#9100,.F.);
#9100 = EDGE_CURVE('',#9101,#9093,#9103,.T.);
#9101 = VERTEX_POINT('',#9102);
#9102 = CARTESIAN_POINT('',(1.545,0.8,5.5E-02));
#9103 = LINE('',#9104,#9105);
#9104 = CARTESIAN_POINT('',(1.545,0.8,5.5E-02));
#9105 = VECTOR('',#9106,1.);
#9106 = DIRECTION('',(0.,0.,1.));
#9107 = ORIENTED_EDGE('',*,*,#9108,.F.);
#9108 = EDGE_CURVE('',#9109,#9101,#9111,.T.);
#9109 = VERTEX_POINT('',#9110);
#9110 = CARTESIAN_POINT('',(1.1,0.8,5.5E-02));
#9111 = LINE('',#9112,#9113);
#9112 = CARTESIAN_POINT('',(-1.545,0.8,5.5E-02));
#9113 = VECTOR('',#9114,1.);
#9114 = DIRECTION('',(1.,0.,0.));
#9115 = ORIENTED_EDGE('',*,*,#9116,.F.);
#9116 = EDGE_CURVE('',#8942,#9109,#9117,.T.);
#9117 = LINE('',#9118,#9119);
#9118 = CARTESIAN_POINT('',(-1.545,0.8,5.5E-02));
#9119 = VECTOR('',#9120,1.);
#9120 = DIRECTION('',(1.,0.,0.));
#9121 = PLANE('',#9122);
#9122 = AXIS2_PLACEMENT_3D('',#9123,#9124,#9125);
#9123 = CARTESIAN_POINT('',(-1.545,0.8,5.5E-02));
#9124 = DIRECTION('',(0.,1.,0.));
#9125 = DIRECTION('',(0.,-0.,1.));
#9126 = ADVANCED_FACE('',(#9127),#9138,.F.);
#9127 = FACE_BOUND('',#9128,.F.);
#9128 = EDGE_LOOP('',(#9129,#9130,#9131,#9137));
#9129 = ORIENTED_EDGE('',*,*,#8984,.F.);
#9130 = ORIENTED_EDGE('',*,*,#9033,.T.);
#9131 = ORIENTED_EDGE('',*,*,#9132,.T.);
#9132 = EDGE_CURVE('',#9026,#9109,#9133,.T.);
#9133 = LINE('',#9134,#9135);
#9134 = CARTESIAN_POINT('',(1.1,-0.8,5.5E-02));
#9135 = VECTOR('',#9136,1.);
#9136 = DIRECTION('',(0.,1.,0.));
#9137 = ORIENTED_EDGE('',*,*,#9116,.F.);
#9138 = PLANE('',#9139);
#9139 = AXIS2_PLACEMENT_3D('',#9140,#9141,#9142);
#9140 = CARTESIAN_POINT('',(-1.545,-0.8,5.5E-02));
#9141 = DIRECTION('',(0.,0.,1.));
#9142 = DIRECTION('',(1.,0.,-0.));
#9143 = ADVANCED_FACE('',(#9144),#9207,.F.);
#9144 = FACE_BOUND('',#9145,.F.);
#9145 = EDGE_LOOP('',(#9146,#9156,#9163,#9164,#9165,#9166,#9175,#9183,
    #9192,#9200));
#9146 = ORIENTED_EDGE('',*,*,#9147,.F.);
#9147 = EDGE_CURVE('',#9148,#9150,#9152,.T.);
#9148 = VERTEX_POINT('',#9149);
#9149 = CARTESIAN_POINT('',(1.155,-0.8,0.));
#9150 = VERTEX_POINT('',#9151);
#9151 = CARTESIAN_POINT('',(1.545,-0.8,0.));
#9152 = LINE('',#9153,#9154);
#9153 = CARTESIAN_POINT('',(1.1,-0.8,0.));
#9154 = VECTOR('',#9155,1.);
#9155 = DIRECTION('',(1.,0.,0.));
#9156 = ORIENTED_EDGE('',*,*,#9157,.F.);
#9157 = EDGE_CURVE('',#9026,#9148,#9158,.T.);
#9158 = CIRCLE('',#9159,5.5E-02);
#9159 = AXIS2_PLACEMENT_3D('',#9160,#9161,#9162);
#9160 = CARTESIAN_POINT('',(1.155,-0.8,5.5E-02));
#9161 = DIRECTION('',(0.,-1.,0.));
#9162 = DIRECTION('',(0.,0.,1.));
#9163 = ORIENTED_EDGE('',*,*,#9025,.T.);
#9164 = ORIENTED_EDGE('',*,*,#9017,.T.);
#9165 = ORIENTED_EDGE('',*,*,#9009,.F.);
#9166 = ORIENTED_EDGE('',*,*,#9167,.T.);
#9167 = EDGE_CURVE('',#9002,#9168,#9170,.T.);
#9168 = VERTEX_POINT('',#9169);
#9169 = CARTESIAN_POINT('',(1.155,-0.8,0.55));
#9170 = CIRCLE('',#9171,5.5E-02);
#9171 = AXIS2_PLACEMENT_3D('',#9172,#9173,#9174);
#9172 = CARTESIAN_POINT('',(1.155,-0.8,0.495));
#9173 = DIRECTION('',(0.,1.,0.));
#9174 = DIRECTION('',(0.,-0.,1.));
#9175 = ORIENTED_EDGE('',*,*,#9176,.T.);
#9176 = EDGE_CURVE('',#9168,#9177,#9179,.T.);
#9177 = VERTEX_POINT('',#9178);
#9178 = CARTESIAN_POINT('',(1.545,-0.8,0.55));
#9179 = LINE('',#9180,#9181);
#9180 = CARTESIAN_POINT('',(1.1,-0.8,0.55));
#9181 = VECTOR('',#9182,1.);
#9182 = DIRECTION('',(1.,0.,0.));
#9183 = ORIENTED_EDGE('',*,*,#9184,.F.);
#9184 = EDGE_CURVE('',#9185,#9177,#9187,.T.);
#9185 = VERTEX_POINT('',#9186);
#9186 = CARTESIAN_POINT('',(1.6,-0.8,0.495));
#9187 = CIRCLE('',#9188,5.5E-02);
#9188 = AXIS2_PLACEMENT_3D('',#9189,#9190,#9191);
#9189 = CARTESIAN_POINT('',(1.545,-0.8,0.495));
#9190 = DIRECTION('',(0.,-1.,0.));
#9191 = DIRECTION('',(0.,0.,1.));
#9192 = ORIENTED_EDGE('',*,*,#9193,.F.);
#9193 = EDGE_CURVE('',#9194,#9185,#9196,.T.);
#9194 = VERTEX_POINT('',#9195);
#9195 = CARTESIAN_POINT('',(1.6,-0.8,5.5E-02));
#9196 = LINE('',#9197,#9198);
#9197 = CARTESIAN_POINT('',(1.6,-0.8,0.));
#9198 = VECTOR('',#9199,1.);
#9199 = DIRECTION('',(0.,0.,1.));
#9200 = ORIENTED_EDGE('',*,*,#9201,.T.);
#9201 = EDGE_CURVE('',#9194,#9150,#9202,.T.);
#9202 = CIRCLE('',#9203,5.5E-02);
#9203 = AXIS2_PLACEMENT_3D('',#9204,#9205,#9206);
#9204 = CARTESIAN_POINT('',(1.545,-0.8,5.5E-02));
#9205 = DIRECTION('',(0.,1.,0.));
#9206 = DIRECTION('',(0.,-0.,1.));
#9207 = PLANE('',#9208);
#9208 = AXIS2_PLACEMENT_3D('',#9209,#9210,#9211);
#9209 = CARTESIAN_POINT('',(1.1,-0.8,0.));
#9210 = DIRECTION('',(0.,1.,0.));
#9211 = DIRECTION('',(0.,-0.,1.));
#9212 = ADVANCED_FACE('',(#9213),#9238,.F.);
#9213 = FACE_BOUND('',#9214,.F.);
#9214 = EDGE_LOOP('',(#9215,#9216,#9224,#9232));
#9215 = ORIENTED_EDGE('',*,*,#9001,.F.);
#9216 = ORIENTED_EDGE('',*,*,#9217,.T.);
#9217 = EDGE_CURVE('',#8800,#9218,#9220,.T.);
#9218 = VERTEX_POINT('',#9219);
#9219 = CARTESIAN_POINT('',(-1.1,-0.8,0.55));
#9220 = LINE('',#9221,#9222);
#9221 = CARTESIAN_POINT('',(-1.1,-0.8,0.495));
#9222 = VECTOR('',#9223,1.);
#9223 = DIRECTION('',(0.,0.,1.));
#9224 = ORIENTED_EDGE('',*,*,#9225,.T.);
#9225 = EDGE_CURVE('',#9218,#9226,#9228,.T.);
#9226 = VERTEX_POINT('',#9227);
#9227 = CARTESIAN_POINT('',(1.1,-0.8,0.55));
#9228 = LINE('',#9229,#9230);
#9229 = CARTESIAN_POINT('',(-1.1,-0.8,0.55));
#9230 = VECTOR('',#9231,1.);
#9231 = DIRECTION('',(1.,0.,0.));
#9232 = ORIENTED_EDGE('',*,*,#9233,.F.);
#9233 = EDGE_CURVE('',#9002,#9226,#9234,.T.);
#9234 = LINE('',#9235,#9236);
#9235 = CARTESIAN_POINT('',(1.1,-0.8,0.495));
#9236 = VECTOR('',#9237,1.);
#9237 = DIRECTION('',(0.,0.,1.));
#9238 = PLANE('',#9239);
#9239 = AXIS2_PLACEMENT_3D('',#9240,#9241,#9242);
#9240 = CARTESIAN_POINT('',(-1.1,-0.8,0.495));
#9241 = DIRECTION('',(0.,1.,0.));
#9242 = DIRECTION('',(0.,-0.,1.));
#9243 = ADVANCED_FACE('',(#9244),#9262,.F.);
#9244 = FACE_BOUND('',#9245,.F.);
#9245 = EDGE_LOOP('',(#9246,#9247,#9248,#9256));
#9246 = ORIENTED_EDGE('',*,*,#9217,.F.);
#9247 = ORIENTED_EDGE('',*,*,#9047,.T.);
#9248 = ORIENTED_EDGE('',*,*,#9249,.T.);
#9249 = EDGE_CURVE('',#8917,#9250,#9252,.T.);
#9250 = VERTEX_POINT('',#9251);
#9251 = CARTESIAN_POINT('',(-1.1,0.8,0.55));
#9252 = LINE('',#9253,#9254);
#9253 = CARTESIAN_POINT('',(-1.1,0.8,0.495));
#9254 = VECTOR('',#9255,1.);
#9255 = DIRECTION('',(0.,0.,1.));
#9256 = ORIENTED_EDGE('',*,*,#9257,.F.);
#9257 = EDGE_CURVE('',#9218,#9250,#9258,.T.);
#9258 = LINE('',#9259,#9260);
#9259 = CARTESIAN_POINT('',(-1.1,-0.8,0.55));
#9260 = VECTOR('',#9261,1.);
#9261 = DIRECTION('',(0.,1.,0.));
#9262 = PLANE('',#9263);
#9263 = AXIS2_PLACEMENT_3D('',#9264,#9265,#9266);
#9264 = CARTESIAN_POINT('',(-1.1,-0.8,0.495));
#9265 = DIRECTION('',(1.,0.,0.));
#9266 = DIRECTION('',(0.,0.,1.));
#9267 = ADVANCED_FACE('',(#9268),#9331,.T.);
#9268 = FACE_BOUND('',#9269,.T.);
#9269 = EDGE_LOOP('',(#9270,#9280,#9287,#9288,#9289,#9290,#9299,#9307,
    #9316,#9324));
#9270 = ORIENTED_EDGE('',*,*,#9271,.F.);
#9271 = EDGE_CURVE('',#9272,#9274,#9276,.T.);
#9272 = VERTEX_POINT('',#9273);
#9273 = CARTESIAN_POINT('',(1.155,0.8,0.));
#9274 = VERTEX_POINT('',#9275);
#9275 = CARTESIAN_POINT('',(1.545,0.8,0.));
#9276 = LINE('',#9277,#9278);
#9277 = CARTESIAN_POINT('',(1.1,0.8,0.));
#9278 = VECTOR('',#9279,1.);
#9279 = DIRECTION('',(1.,0.,0.));
#9280 = ORIENTED_EDGE('',*,*,#9281,.F.);
#9281 = EDGE_CURVE('',#9109,#9272,#9282,.T.);
#9282 = CIRCLE('',#9283,5.5E-02);
#9283 = AXIS2_PLACEMENT_3D('',#9284,#9285,#9286);
#9284 = CARTESIAN_POINT('',(1.155,0.8,5.5E-02));
#9285 = DIRECTION('',(0.,-1.,0.));
#9286 = DIRECTION('',(0.,0.,1.));
#9287 = ORIENTED_EDGE('',*,*,#9108,.T.);
#9288 = ORIENTED_EDGE('',*,*,#9100,.T.);
#9289 = ORIENTED_EDGE('',*,*,#9092,.F.);
#9290 = ORIENTED_EDGE('',*,*,#9291,.T.);
#9291 = EDGE_CURVE('',#9085,#9292,#9294,.T.);
#9292 = VERTEX_POINT('',#9293);
#9293 = CARTESIAN_POINT('',(1.155,0.8,0.55));
#9294 = CIRCLE('',#9295,5.5E-02);
#9295 = AXIS2_PLACEMENT_3D('',#9296,#9297,#9298);
#9296 = CARTESIAN_POINT('',(1.155,0.8,0.495));
#9297 = DIRECTION('',(0.,1.,0.));
#9298 = DIRECTION('',(0.,-0.,1.));
#9299 = ORIENTED_EDGE('',*,*,#9300,.T.);
#9300 = EDGE_CURVE('',#9292,#9301,#9303,.T.);
#9301 = VERTEX_POINT('',#9302);
#9302 = CARTESIAN_POINT('',(1.545,0.8,0.55));
#9303 = LINE('',#9304,#9305);
#9304 = CARTESIAN_POINT('',(1.1,0.8,0.55));
#9305 = VECTOR('',#9306,1.);
#9306 = DIRECTION('',(1.,0.,0.));
#9307 = ORIENTED_EDGE('',*,*,#9308,.F.);
#9308 = EDGE_CURVE('',#9309,#9301,#9311,.T.);
#9309 = VERTEX_POINT('',#9310);
#9310 = CARTESIAN_POINT('',(1.6,0.8,0.495));
#9311 = CIRCLE('',#9312,5.5E-02);
#9312 = AXIS2_PLACEMENT_3D('',#9313,#9314,#9315);
#9313 = CARTESIAN_POINT('',(1.545,0.8,0.495));
#9314 = DIRECTION('',(0.,-1.,0.));
#9315 = DIRECTION('',(0.,0.,1.));
#9316 = ORIENTED_EDGE('',*,*,#9317,.F.);
#9317 = EDGE_CURVE('',#9318,#9309,#9320,.T.);
#9318 = VERTEX_POINT('',#9319);
#9319 = CARTESIAN_POINT('',(1.6,0.8,5.5E-02));
#9320 = LINE('',#9321,#9322);
#9321 = CARTESIAN_POINT('',(1.6,0.8,0.));
#9322 = VECTOR('',#9323,1.);
#9323 = DIRECTION('',(0.,0.,1.));
#9324 = ORIENTED_EDGE('',*,*,#9325,.T.);
#9325 = EDGE_CURVE('',#9318,#9274,#9326,.T.);
#9326 = CIRCLE('',#9327,5.5E-02);
#9327 = AXIS2_PLACEMENT_3D('',#9328,#9329,#9330);
#9328 = CARTESIAN_POINT('',(1.545,0.8,5.5E-02));
#9329 = DIRECTION('',(0.,1.,0.));
#9330 = DIRECTION('',(0.,-0.,1.));
#9331 = PLANE('',#9332);
#9332 = AXIS2_PLACEMENT_3D('',#9333,#9334,#9335);
#9333 = CARTESIAN_POINT('',(1.1,0.8,0.));
#9334 = DIRECTION('',(0.,1.,0.));
#9335 = DIRECTION('',(0.,-0.,1.));
#9336 = ADVANCED_FACE('',(#9337),#9355,.T.);
#9337 = FACE_BOUND('',#9338,.T.);
#9338 = EDGE_LOOP('',(#9339,#9340,#9341,#9349));
#9339 = ORIENTED_EDGE('',*,*,#9084,.F.);
#9340 = ORIENTED_EDGE('',*,*,#9249,.T.);
#9341 = ORIENTED_EDGE('',*,*,#9342,.T.);
#9342 = EDGE_CURVE('',#9250,#9343,#9345,.T.);
#9343 = VERTEX_POINT('',#9344);
#9344 = CARTESIAN_POINT('',(1.1,0.8,0.55));
#9345 = LINE('',#9346,#9347);
#9346 = CARTESIAN_POINT('',(-1.1,0.8,0.55));
#9347 = VECTOR('',#9348,1.);
#9348 = DIRECTION('',(1.,0.,0.));
#9349 = ORIENTED_EDGE('',*,*,#9350,.F.);
#9350 = EDGE_CURVE('',#9085,#9343,#9351,.T.);
#9351 = LINE('',#9352,#9353);
#9352 = CARTESIAN_POINT('',(1.1,0.8,0.495));
#9353 = VECTOR('',#9354,1.);
#9354 = DIRECTION('',(0.,0.,1.));
#9355 = PLANE('',#9356);
#9356 = AXIS2_PLACEMENT_3D('',#9357,#9358,#9359);
#9357 = CARTESIAN_POINT('',(-1.1,0.8,0.495));
#9358 = DIRECTION('',(0.,1.,0.));
#9359 = DIRECTION('',(0.,-0.,1.));
#9360 = ADVANCED_FACE('',(#9361),#9372,.T.);
#9361 = FACE_BOUND('',#9362,.T.);
#9362 = EDGE_LOOP('',(#9363,#9364,#9365,#9371));
#9363 = ORIENTED_EDGE('',*,*,#9132,.T.);
#9364 = ORIENTED_EDGE('',*,*,#9281,.T.);
#9365 = ORIENTED_EDGE('',*,*,#9366,.F.);
#9366 = EDGE_CURVE('',#9148,#9272,#9367,.T.);
#9367 = LINE('',#9368,#9369);
#9368 = CARTESIAN_POINT('',(1.155,-0.8,0.));
#9369 = VECTOR('',#9370,1.);
#9370 = DIRECTION('',(0.,1.,0.));
#9371 = ORIENTED_EDGE('',*,*,#9157,.F.);
#9372 = CYLINDRICAL_SURFACE('',#9373,5.5E-02);
#9373 = AXIS2_PLACEMENT_3D('',#9374,#9375,#9376);
#9374 = CARTESIAN_POINT('',(1.155,-0.8,5.5E-02));
#9375 = DIRECTION('',(0.,1.,0.));
#9376 = DIRECTION('',(-1.,0.,0.));
#9377 = ADVANCED_FACE('',(#9378),#9389,.F.);
#9378 = FACE_BOUND('',#9379,.F.);
#9379 = EDGE_LOOP('',(#9380,#9381,#9382,#9383));
#9380 = ORIENTED_EDGE('',*,*,#9271,.F.);
#9381 = ORIENTED_EDGE('',*,*,#9366,.F.);
#9382 = ORIENTED_EDGE('',*,*,#9147,.T.);
#9383 = ORIENTED_EDGE('',*,*,#9384,.T.);
#9384 = EDGE_CURVE('',#9150,#9274,#9385,.T.);
#9385 = LINE('',#9386,#9387);
#9386 = CARTESIAN_POINT('',(1.545,-0.8,0.));
#9387 = VECTOR('',#9388,1.);
#9388 = DIRECTION('',(0.,1.,0.));
#9389 = PLANE('',#9390);
#9390 = AXIS2_PLACEMENT_3D('',#9391,#9392,#9393);
#9391 = CARTESIAN_POINT('',(1.1,-0.8,0.));
#9392 = DIRECTION('',(0.,0.,1.));
#9393 = DIRECTION('',(1.,0.,-0.));
#9394 = ADVANCED_FACE('',(#9395),#9406,.T.);
#9395 = FACE_BOUND('',#9396,.T.);
#9396 = EDGE_LOOP('',(#9397,#9398,#9399,#9400));
#9397 = ORIENTED_EDGE('',*,*,#9201,.T.);
#9398 = ORIENTED_EDGE('',*,*,#9384,.T.);
#9399 = ORIENTED_EDGE('',*,*,#9325,.F.);
#9400 = ORIENTED_EDGE('',*,*,#9401,.F.);
#9401 = EDGE_CURVE('',#9194,#9318,#9402,.T.);
#9402 = LINE('',#9403,#9404);
#9403 = CARTESIAN_POINT('',(1.6,-0.8,5.5E-02));
#9404 = VECTOR('',#9405,1.);
#9405 = DIRECTION('',(0.,1.,0.));
#9406 = CYLINDRICAL_SURFACE('',#9407,5.5E-02);
#9407 = AXIS2_PLACEMENT_3D('',#9408,#9409,#9410);
#9408 = CARTESIAN_POINT('',(1.545,-0.8,5.5E-02));
#9409 = DIRECTION('',(0.,1.,0.));
#9410 = DIRECTION('',(1.,0.,0.));
#9411 = ADVANCED_FACE('',(#9412),#9423,.T.);
#9412 = FACE_BOUND('',#9413,.T.);
#9413 = EDGE_LOOP('',(#9414,#9415,#9416,#9417));
#9414 = ORIENTED_EDGE('',*,*,#9193,.F.);
#9415 = ORIENTED_EDGE('',*,*,#9401,.T.);
#9416 = ORIENTED_EDGE('',*,*,#9317,.T.);
#9417 = ORIENTED_EDGE('',*,*,#9418,.F.);
#9418 = EDGE_CURVE('',#9185,#9309,#9419,.T.);
#9419 = LINE('',#9420,#9421);
#9420 = CARTESIAN_POINT('',(1.6,-0.8,0.495));
#9421 = VECTOR('',#9422,1.);
#9422 = DIRECTION('',(0.,1.,0.));
#9423 = PLANE('',#9424);
#9424 = AXIS2_PLACEMENT_3D('',#9425,#9426,#9427);
#9425 = CARTESIAN_POINT('',(1.6,-0.8,0.));
#9426 = DIRECTION('',(1.,0.,0.));
#9427 = DIRECTION('',(0.,0.,1.));
#9428 = ADVANCED_FACE('',(#9429),#9440,.T.);
#9429 = FACE_BOUND('',#9430,.T.);
#9430 = EDGE_LOOP('',(#9431,#9432,#9433,#9439));
#9431 = ORIENTED_EDGE('',*,*,#9418,.T.);
#9432 = ORIENTED_EDGE('',*,*,#9308,.T.);
#9433 = ORIENTED_EDGE('',*,*,#9434,.F.);
#9434 = EDGE_CURVE('',#9177,#9301,#9435,.T.);
#9435 = LINE('',#9436,#9437);
#9436 = CARTESIAN_POINT('',(1.545,-0.8,0.55));
#9437 = VECTOR('',#9438,1.);
#9438 = DIRECTION('',(0.,1.,0.));
#9439 = ORIENTED_EDGE('',*,*,#9184,.F.);
#9440 = CYLINDRICAL_SURFACE('',#9441,5.5E-02);
#9441 = AXIS2_PLACEMENT_3D('',#9442,#9443,#9444);
#9442 = CARTESIAN_POINT('',(1.545,-0.8,0.495));
#9443 = DIRECTION('',(0.,1.,0.));
#9444 = DIRECTION('',(1.,0.,0.));
#9445 = ADVANCED_FACE('',(#9446),#9457,.T.);
#9446 = FACE_BOUND('',#9447,.T.);
#9447 = EDGE_LOOP('',(#9448,#9449,#9455,#9456));
#9448 = ORIENTED_EDGE('',*,*,#9300,.F.);
#9449 = ORIENTED_EDGE('',*,*,#9450,.F.);
#9450 = EDGE_CURVE('',#9168,#9292,#9451,.T.);
#9451 = LINE('',#9452,#9453);
#9452 = CARTESIAN_POINT('',(1.155,-0.8,0.55));
#9453 = VECTOR('',#9454,1.);
#9454 = DIRECTION('',(0.,1.,0.));
#9455 = ORIENTED_EDGE('',*,*,#9176,.T.);
#9456 = ORIENTED_EDGE('',*,*,#9434,.T.);
#9457 = PLANE('',#9458);
#9458 = AXIS2_PLACEMENT_3D('',#9459,#9460,#9461);
#9459 = CARTESIAN_POINT('',(1.1,-0.8,0.55));
#9460 = DIRECTION('',(0.,0.,1.));
#9461 = DIRECTION('',(1.,0.,-0.));
#9462 = ADVANCED_FACE('',(#9463),#9474,.T.);
#9463 = FACE_BOUND('',#9464,.T.);
#9464 = EDGE_LOOP('',(#9465,#9466,#9467,#9468));
#9465 = ORIENTED_EDGE('',*,*,#9167,.T.);
#9466 = ORIENTED_EDGE('',*,*,#9450,.T.);
#9467 = ORIENTED_EDGE('',*,*,#9291,.F.);
#9468 = ORIENTED_EDGE('',*,*,#9469,.F.);
#9469 = EDGE_CURVE('',#9002,#9085,#9470,.T.);
#9470 = LINE('',#9471,#9472);
#9471 = CARTESIAN_POINT('',(1.1,-0.8,0.495));
#9472 = VECTOR('',#9473,1.);
#9473 = DIRECTION('',(0.,1.,0.));
#9474 = CYLINDRICAL_SURFACE('',#9475,5.5E-02);
#9475 = AXIS2_PLACEMENT_3D('',#9476,#9477,#9478);
#9476 = CARTESIAN_POINT('',(1.155,-0.8,0.495));
#9477 = DIRECTION('',(0.,1.,0.));
#9478 = DIRECTION('',(-1.,0.,0.));
#9479 = ADVANCED_FACE('',(#9480),#9491,.T.);
#9480 = FACE_BOUND('',#9481,.T.);
#9481 = EDGE_LOOP('',(#9482,#9483,#9484,#9485));
#9482 = ORIENTED_EDGE('',*,*,#9233,.F.);
#9483 = ORIENTED_EDGE('',*,*,#9469,.T.);
#9484 = ORIENTED_EDGE('',*,*,#9350,.T.);
#9485 = ORIENTED_EDGE('',*,*,#9486,.F.);
#9486 = EDGE_CURVE('',#9226,#9343,#9487,.T.);
#9487 = LINE('',#9488,#9489);
#9488 = CARTESIAN_POINT('',(1.1,-0.8,0.55));
#9489 = VECTOR('',#9490,1.);
#9490 = DIRECTION('',(0.,1.,0.));
#9491 = PLANE('',#9492);
#9492 = AXIS2_PLACEMENT_3D('',#9493,#9494,#9495);
#9493 = CARTESIAN_POINT('',(1.1,-0.8,0.495));
#9494 = DIRECTION('',(1.,0.,0.));
#9495 = DIRECTION('',(0.,0.,1.));
#9496 = ADVANCED_FACE('',(#9497),#9503,.T.);
#9497 = FACE_BOUND('',#9498,.T.);
#9498 = EDGE_LOOP('',(#9499,#9500,#9501,#9502));
#9499 = ORIENTED_EDGE('',*,*,#9257,.F.);
#9500 = ORIENTED_EDGE('',*,*,#9225,.T.);
#9501 = ORIENTED_EDGE('',*,*,#9486,.T.);
#9502 = ORIENTED_EDGE('',*,*,#9342,.F.);
#9503 = PLANE('',#9504);
#9504 = AXIS2_PLACEMENT_3D('',#9505,#9506,#9507);
#9505 = CARTESIAN_POINT('',(-1.1,-0.8,0.55));
#9506 = DIRECTION('',(0.,0.,1.));
#9507 = DIRECTION('',(1.,0.,-0.));
#9508 = ( GEOMETRIC_REPRESENTATION_CONTEXT(3) 
GLOBAL_UNCERTAINTY_ASSIGNED_CONTEXT((#9512)) 
GLOBAL_UNIT_ASSIGNED_CONTEXT((#9509,#9510,#9511)) REPRESENTATION_CONTEXT
('Context #1','3D Context with UNIT and UNCERTAINTY') );
#9509 = ( LENGTH_UNIT() NAMED_UNIT(*) SI_UNIT(.MILLI.,.METRE.) );
#9510 = ( NAMED_UNIT(*) PLANE_ANGLE_UNIT() SI_UNIT($,.RADIAN.) );
#9511 = ( NAMED_UNIT(*) SI_UNIT($,.STERADIAN.) SOLID_ANGLE_UNIT() );
#9512 = UNCERTAINTY_MEASURE_WITH_UNIT(LENGTH_MEASURE(1.E-07),#9509,
  'distance_accuracy_value','confusion accuracy');
#9513 = CONTEXT_DEPENDENT_SHAPE_REPRESENTATION(#9514,#9516);
#9514 = ( REPRESENTATION_RELATIONSHIP('','',#8717,#10) 
REPRESENTATION_RELATIONSHIP_WITH_TRANSFORMATION(#9515) 
SHAPE_REPRESENTATION_RELATIONSHIP() );
#9515 = ITEM_DEFINED_TRANSFORMATION('','',#11,#103);
#9516 = PRODUCT_DEFINITION_SHAPE('Placement','Placement of an item',
  #9517);
#9517 = NEXT_ASSEMBLY_USAGE_OCCURRENCE('23','F1','',#5,#8712,$);
#9518 = PRODUCT_RELATED_PRODUCT_CATEGORY('part',$,(#8714));
#9519 = SHAPE_DEFINITION_REPRESENTATION(#9520,#9526);
#9520 = PRODUCT_DEFINITION_SHAPE('','',#9521);
#9521 = PRODUCT_DEFINITION('design','',#9522,#9525);
#9522 = PRODUCT_DEFINITION_FORMATION('','',#9523);
#9523 = PRODUCT('TSSOP-10_3x3mm_P0.5mm','TSSOP-10_3x3mm_P0.5mm','',(
    #9524));
#9524 = PRODUCT_CONTEXT('',#2,'mechanical');
#9525 = PRODUCT_DEFINITION_CONTEXT('part definition',#2,'design');
#9526 = ADVANCED_BREP_SHAPE_REPRESENTATION('',(#11,#9527),#15068);
#9527 = MANIFOLD_SOLID_BREP('',#9528);
#9528 = CLOSED_SHELL('',(#9529,#9571,#9602,#9633,#9717,#9801,#9910,#9927
    ,#9950,#9988,#10005,#10022,#10039,#10056,#10073,#10085,#10109,#10172
    ,#10195,#10218,#10248,#10279,#10310,#10341,#10372,#10403,#10434,
    #10465,#10488,#10511,#10613,#10630,#10722,#10745,#10768,#10791,
    #10894,#10911,#10934,#11026,#11047,#11139,#11156,#11248,#11270,
    #11295,#11379,#11471,#11488,#11510,#11602,#11694,#11716,#11733,
    #11756,#11779,#11802,#11869,#11892,#11911,#11930,#11949,#11968,
    #11985,#12002,#12019,#12036,#12053,#12070,#12087,#12099,#12122,
    #12145,#12169,#12199,#12230,#12261,#12292,#12323,#12354,#12385,
    #12416,#12447,#12478,#12495,#12511,#12528,#12545,#12562,#12579,
    #12596,#12613,#12630,#12642,#12659,#12676,#12693,#12710,#12727,
    #12744,#12761,#12773,#12790,#12807,#12824,#12841,#12858,#12875,
    #12892,#12904,#12927,#12943,#12966,#13069,#13092,#13109,#13134,
    #13150,#13166,#13183,#13275,#13367,#13388,#13413,#13497,#13589,
    #13606,#13628,#13720,#13812,#13834,#13859,#13943,#14035,#14052,
    #14074,#14166,#14258,#14280,#14297,#14309,#14328,#14347,#14366,
    #14385,#14404,#14413,#14430,#14447,#14464,#14481,#14498,#14515,
    #14532,#14544,#14561,#14578,#14595,#14612,#14629,#14646,#14663,
    #14675,#14692,#14709,#14726,#14743,#14760,#14777,#14794,#14806,
    #14823,#14840,#14857,#14874,#14891,#14908,#14925,#14937,#14954,
    #14971,#14988,#15005,#15022,#15039,#15056));
#9529 = ADVANCED_FACE('',(#9530),#9566,.F.);
#9530 = FACE_BOUND('',#9531,.F.);
#9531 = EDGE_LOOP('',(#9532,#9542,#9551,#9559));
#9532 = ORIENTED_EDGE('',*,*,#9533,.T.);
#9533 = EDGE_CURVE('',#9534,#9536,#9538,.T.);
#9534 = VERTEX_POINT('',#9535);
#9535 = CARTESIAN_POINT('',(1.7,1.115,0.475));
#9536 = VERTEX_POINT('',#9537);
#9537 = CARTESIAN_POINT('',(1.7,0.885,0.475));
#9538 = LINE('',#9539,#9540);
#9539 = CARTESIAN_POINT('',(1.7,1.115,0.475));
#9540 = VECTOR('',#9541,1.);
#9541 = DIRECTION('',(2.22044604925E-16,-1.,0.));
#9542 = ORIENTED_EDGE('',*,*,#9543,.T.);
#9543 = EDGE_CURVE('',#9536,#9544,#9546,.T.);
#9544 = VERTEX_POINT('',#9545);
#9545 = CARTESIAN_POINT('',(1.8,0.885,0.375));
#9546 = CIRCLE('',#9547,0.1);
#9547 = AXIS2_PLACEMENT_3D('',#9548,#9549,#9550);
#9548 = CARTESIAN_POINT('',(1.7,0.885,0.375));
#9549 = DIRECTION('',(-2.22044604925E-16,1.,0.));
#9550 = DIRECTION('',(-2.22044604925E-15,-4.93038065763E-31,1.));
#9551 = ORIENTED_EDGE('',*,*,#9552,.F.);
#9552 = EDGE_CURVE('',#9553,#9544,#9555,.T.);
#9553 = VERTEX_POINT('',#9554);
#9554 = CARTESIAN_POINT('',(1.8,1.115,0.375));
#9555 = LINE('',#9556,#9557);
#9556 = CARTESIAN_POINT('',(1.8,1.115,0.375));
#9557 = VECTOR('',#9558,1.);
#9558 = DIRECTION('',(2.22044604925E-16,-1.,0.));
#9559 = ORIENTED_EDGE('',*,*,#9560,.F.);
#9560 = EDGE_CURVE('',#9534,#9553,#9561,.T.);
#9561 = CIRCLE('',#9562,0.1);
#9562 = AXIS2_PLACEMENT_3D('',#9563,#9564,#9565);
#9563 = CARTESIAN_POINT('',(1.7,1.115,0.375));
#9564 = DIRECTION('',(-2.22044604925E-16,1.,0.));
#9565 = DIRECTION('',(-2.22044604925E-15,-4.93038065763E-31,1.));
#9566 = CYLINDRICAL_SURFACE('',#9567,0.1);
#9567 = AXIS2_PLACEMENT_3D('',#9568,#9569,#9570);
#9568 = CARTESIAN_POINT('',(1.7,1.115,0.375));
#9569 = DIRECTION('',(-2.22044604925E-16,1.,0.));
#9570 = DIRECTION('',(-2.22044604925E-15,-4.93038065763E-31,1.));
#9571 = ADVANCED_FACE('',(#9572),#9597,.F.);
#9572 = FACE_BOUND('',#9573,.F.);
#9573 = EDGE_LOOP('',(#9574,#9582,#9590,#9596));
#9574 = ORIENTED_EDGE('',*,*,#9575,.F.);
#9575 = EDGE_CURVE('',#9576,#9534,#9578,.T.);
#9576 = VERTEX_POINT('',#9577);
#9577 = CARTESIAN_POINT('',(1.5,1.115,0.475));
#9578 = LINE('',#9579,#9580);
#9579 = CARTESIAN_POINT('',(1.4,1.115,0.475));
#9580 = VECTOR('',#9581,1.);
#9581 = DIRECTION('',(1.,2.22044604925E-16,0.));
#9582 = ORIENTED_EDGE('',*,*,#9583,.T.);
#9583 = EDGE_CURVE('',#9576,#9584,#9586,.T.);
#9584 = VERTEX_POINT('',#9585);
#9585 = CARTESIAN_POINT('',(1.5,0.885,0.475));
#9586 = LINE('',#9587,#9588);
#9587 = CARTESIAN_POINT('',(1.5,1.3,0.475));
#9588 = VECTOR('',#9589,1.);
#9589 = DIRECTION('',(2.22044604925E-16,-1.,0.));
#9590 = ORIENTED_EDGE('',*,*,#9591,.T.);
#9591 = EDGE_CURVE('',#9584,#9536,#9592,.T.);
#9592 = LINE('',#9593,#9594);
#9593 = CARTESIAN_POINT('',(1.4,0.885,0.475));
#9594 = VECTOR('',#9595,1.);
#9595 = DIRECTION('',(1.,2.22044604925E-16,0.));
#9596 = ORIENTED_EDGE('',*,*,#9533,.F.);
#9597 = PLANE('',#9598);
#9598 = AXIS2_PLACEMENT_3D('',#9599,#9600,#9601);
#9599 = CARTESIAN_POINT('',(1.4,1.115,0.475));
#9600 = DIRECTION('',(0.,0.,1.));
#9601 = DIRECTION('',(1.,2.22044604925E-16,-0.));
#9602 = ADVANCED_FACE('',(#9603),#9628,.F.);
#9603 = FACE_BOUND('',#9604,.F.);
#9604 = EDGE_LOOP('',(#9605,#9606,#9614,#9622));
#9605 = ORIENTED_EDGE('',*,*,#9552,.T.);
#9606 = ORIENTED_EDGE('',*,*,#9607,.T.);
#9607 = EDGE_CURVE('',#9544,#9608,#9610,.T.);
#9608 = VERTEX_POINT('',#9609);
#9609 = CARTESIAN_POINT('',(1.8,0.885,0.25));
#9610 = LINE('',#9611,#9612);
#9611 = CARTESIAN_POINT('',(1.8,0.885,0.375));
#9612 = VECTOR('',#9613,1.);
#9613 = DIRECTION('',(0.,0.,-1.));
#9614 = ORIENTED_EDGE('',*,*,#9615,.F.);
#9615 = EDGE_CURVE('',#9616,#9608,#9618,.T.);
#9616 = VERTEX_POINT('',#9617);
#9617 = CARTESIAN_POINT('',(1.8,1.115,0.25));
#9618 = LINE('',#9619,#9620);
#9619 = CARTESIAN_POINT('',(1.8,1.115,0.25));
#9620 = VECTOR('',#9621,1.);
#9621 = DIRECTION('',(2.22044604925E-16,-1.,0.));
#9622 = ORIENTED_EDGE('',*,*,#9623,.F.);
#9623 = EDGE_CURVE('',#9553,#9616,#9624,.T.);
#9624 = LINE('',#9625,#9626);
#9625 = CARTESIAN_POINT('',(1.8,1.115,0.375));
#9626 = VECTOR('',#9627,1.);
#9627 = DIRECTION('',(0.,0.,-1.));
#9628 = PLANE('',#9629);
#9629 = AXIS2_PLACEMENT_3D('',#9630,#9631,#9632);
#9630 = CARTESIAN_POINT('',(1.8,1.115,0.375));
#9631 = DIRECTION('',(1.,2.22044604925E-16,0.));
#9632 = DIRECTION('',(0.,0.,-1.));
#9633 = ADVANCED_FACE('',(#9634),#9712,.F.);
#9634 = FACE_BOUND('',#9635,.F.);
#9635 = EDGE_LOOP('',(#9636,#9644,#9645,#9646,#9647,#9656,#9664,#9672,
    #9680,#9689,#9697,#9706));
#9636 = ORIENTED_EDGE('',*,*,#9637,.F.);
#9637 = EDGE_CURVE('',#9576,#9638,#9640,.T.);
#9638 = VERTEX_POINT('',#9639);
#9639 = CARTESIAN_POINT('',(1.5,1.115,0.625));
#9640 = LINE('',#9641,#9642);
#9641 = CARTESIAN_POINT('',(1.5,1.115,0.460929885651));
#9642 = VECTOR('',#9643,1.);
#9643 = DIRECTION('',(0.,0.,1.));
#9644 = ORIENTED_EDGE('',*,*,#9575,.T.);
#9645 = ORIENTED_EDGE('',*,*,#9560,.T.);
#9646 = ORIENTED_EDGE('',*,*,#9623,.T.);
#9647 = ORIENTED_EDGE('',*,*,#9648,.T.);
#9648 = EDGE_CURVE('',#9616,#9649,#9651,.T.);
#9649 = VERTEX_POINT('',#9650);
#9650 = CARTESIAN_POINT('',(2.05,1.115,5.551115123126E-17));
#9651 = CIRCLE('',#9652,0.25);
#9652 = AXIS2_PLACEMENT_3D('',#9653,#9654,#9655);
#9653 = CARTESIAN_POINT('',(2.05,1.115,0.25));
#9654 = DIRECTION('',(2.22044604925E-16,-1.,0.));
#9655 = DIRECTION('',(-1.,-2.22044604925E-16,-1.33226762955E-15));
#9656 = ORIENTED_EDGE('',*,*,#9657,.T.);
#9657 = EDGE_CURVE('',#9649,#9658,#9660,.T.);
#9658 = VERTEX_POINT('',#9659);
#9659 = CARTESIAN_POINT('',(2.45,1.115,5.551115123126E-17));
#9660 = LINE('',#9661,#9662);
#9661 = CARTESIAN_POINT('',(2.05,1.115,5.551115123126E-17));
#9662 = VECTOR('',#9663,1.);
#9663 = DIRECTION('',(1.,2.22044604925E-16,0.));
#9664 = ORIENTED_EDGE('',*,*,#9665,.T.);
#9665 = EDGE_CURVE('',#9658,#9666,#9668,.T.);
#9666 = VERTEX_POINT('',#9667);
#9667 = CARTESIAN_POINT('',(2.45,1.115,0.15));
#9668 = LINE('',#9669,#9670);
#9669 = CARTESIAN_POINT('',(2.45,1.115,5.551115123126E-17));
#9670 = VECTOR('',#9671,1.);
#9671 = DIRECTION('',(0.,0.,1.));
#9672 = ORIENTED_EDGE('',*,*,#9673,.T.);
#9673 = EDGE_CURVE('',#9666,#9674,#9676,.T.);
#9674 = VERTEX_POINT('',#9675);
#9675 = CARTESIAN_POINT('',(2.05,1.115,0.15));
#9676 = LINE('',#9677,#9678);
#9677 = CARTESIAN_POINT('',(2.45,1.115,0.15));
#9678 = VECTOR('',#9679,1.);
#9679 = DIRECTION('',(-1.,-2.22044604925E-16,0.));
#9680 = ORIENTED_EDGE('',*,*,#9681,.T.);
#9681 = EDGE_CURVE('',#9674,#9682,#9684,.T.);
#9682 = VERTEX_POINT('',#9683);
#9683 = CARTESIAN_POINT('',(1.95,1.115,0.25));
#9684 = CIRCLE('',#9685,0.1);
#9685 = AXIS2_PLACEMENT_3D('',#9686,#9687,#9688);
#9686 = CARTESIAN_POINT('',(2.05,1.115,0.25));
#9687 = DIRECTION('',(-2.22044604925E-16,1.,0.));
#9688 = DIRECTION('',(0.,0.,-1.));
#9689 = ORIENTED_EDGE('',*,*,#9690,.T.);
#9690 = EDGE_CURVE('',#9682,#9691,#9693,.T.);
#9691 = VERTEX_POINT('',#9692);
#9692 = CARTESIAN_POINT('',(1.95,1.115,0.375));
#9693 = LINE('',#9694,#9695);
#9694 = CARTESIAN_POINT('',(1.95,1.115,0.25));
#9695 = VECTOR('',#9696,1.);
#9696 = DIRECTION('',(0.,0.,1.));
#9697 = ORIENTED_EDGE('',*,*,#9698,.T.);
#9698 = EDGE_CURVE('',#9691,#9699,#9701,.T.);
#9699 = VERTEX_POINT('',#9700);
#9700 = CARTESIAN_POINT('',(1.7,1.115,0.625));
#9701 = CIRCLE('',#9702,0.25);
#9702 = AXIS2_PLACEMENT_3D('',#9703,#9704,#9705);
#9703 = CARTESIAN_POINT('',(1.7,1.115,0.375));
#9704 = DIRECTION('',(2.22044604925E-16,-1.,0.));
#9705 = DIRECTION('',(1.,2.22044604925E-16,8.881784197001E-16));
#9706 = ORIENTED_EDGE('',*,*,#9707,.T.);
#9707 = EDGE_CURVE('',#9699,#9638,#9708,.T.);
#9708 = LINE('',#9709,#9710);
#9709 = CARTESIAN_POINT('',(1.7,1.115,0.625));
#9710 = VECTOR('',#9711,1.);
#9711 = DIRECTION('',(-1.,-2.22044604925E-16,0.));
#9712 = PLANE('',#9713);
#9713 = AXIS2_PLACEMENT_3D('',#9714,#9715,#9716);
#9714 = CARTESIAN_POINT('',(1.914512156711,1.115,0.296859771302));
#9715 = DIRECTION('',(2.22044604925E-16,-1.,0.));
#9716 = DIRECTION('',(0.,0.,1.));
#9717 = ADVANCED_FACE('',(#9718),#9796,.T.);
#9718 = FACE_BOUND('',#9719,.T.);
#9719 = EDGE_LOOP('',(#9720,#9728,#9729,#9730,#9731,#9740,#9748,#9756,
    #9764,#9773,#9781,#9790));
#9720 = ORIENTED_EDGE('',*,*,#9721,.F.);
#9721 = EDGE_CURVE('',#9584,#9722,#9724,.T.);
#9722 = VERTEX_POINT('',#9723);
#9723 = CARTESIAN_POINT('',(1.5,0.885,0.625));
#9724 = LINE('',#9725,#9726);
#9725 = CARTESIAN_POINT('',(1.5,0.885,0.460929885651));
#9726 = VECTOR('',#9727,1.);
#9727 = DIRECTION('',(0.,0.,1.));
#9728 = ORIENTED_EDGE('',*,*,#9591,.T.);
#9729 = ORIENTED_EDGE('',*,*,#9543,.T.);
#9730 = ORIENTED_EDGE('',*,*,#9607,.T.);
#9731 = ORIENTED_EDGE('',*,*,#9732,.T.);
#9732 = EDGE_CURVE('',#9608,#9733,#9735,.T.);
#9733 = VERTEX_POINT('',#9734);
#9734 = CARTESIAN_POINT('',(2.05,0.885,5.551115123126E-17));
#9735 = CIRCLE('',#9736,0.25);
#9736 = AXIS2_PLACEMENT_3D('',#9737,#9738,#9739);
#9737 = CARTESIAN_POINT('',(2.05,0.885,0.25));
#9738 = DIRECTION('',(2.22044604925E-16,-1.,0.));
#9739 = DIRECTION('',(-1.,-2.22044604925E-16,-1.33226762955E-15));
#9740 = ORIENTED_EDGE('',*,*,#9741,.T.);
#9741 = EDGE_CURVE('',#9733,#9742,#9744,.T.);
#9742 = VERTEX_POINT('',#9743);
#9743 = CARTESIAN_POINT('',(2.45,0.885,5.551115123126E-17));
#9744 = LINE('',#9745,#9746);
#9745 = CARTESIAN_POINT('',(2.05,0.885,5.551115123126E-17));
#9746 = VECTOR('',#9747,1.);
#9747 = DIRECTION('',(1.,2.22044604925E-16,0.));
#9748 = ORIENTED_EDGE('',*,*,#9749,.T.);
#9749 = EDGE_CURVE('',#9742,#9750,#9752,.T.);
#9750 = VERTEX_POINT('',#9751);
#9751 = CARTESIAN_POINT('',(2.45,0.885,0.15));
#9752 = LINE('',#9753,#9754);
#9753 = CARTESIAN_POINT('',(2.45,0.885,5.551115123126E-17));
#9754 = VECTOR('',#9755,1.);
#9755 = DIRECTION('',(0.,0.,1.));
#9756 = ORIENTED_EDGE('',*,*,#9757,.T.);
#9757 = EDGE_CURVE('',#9750,#9758,#9760,.T.);
#9758 = VERTEX_POINT('',#9759);
#9759 = CARTESIAN_POINT('',(2.05,0.885,0.15));
#9760 = LINE('',#9761,#9762);
#9761 = CARTESIAN_POINT('',(2.45,0.885,0.15));
#9762 = VECTOR('',#9763,1.);
#9763 = DIRECTION('',(-1.,-2.22044604925E-16,0.));
#9764 = ORIENTED_EDGE('',*,*,#9765,.T.);
#9765 = EDGE_CURVE('',#9758,#9766,#9768,.T.);
#9766 = VERTEX_POINT('',#9767);
#9767 = CARTESIAN_POINT('',(1.95,0.885,0.25));
#9768 = CIRCLE('',#9769,0.1);
#9769 = AXIS2_PLACEMENT_3D('',#9770,#9771,#9772);
#9770 = CARTESIAN_POINT('',(2.05,0.885,0.25));
#9771 = DIRECTION('',(-2.22044604925E-16,1.,0.));
#9772 = DIRECTION('',(0.,0.,-1.));
#9773 = ORIENTED_EDGE('',*,*,#9774,.T.);
#9774 = EDGE_CURVE('',#9766,#9775,#9777,.T.);
#9775 = VERTEX_POINT('',#9776);
#9776 = CARTESIAN_POINT('',(1.95,0.885,0.375));
#9777 = LINE('',#9778,#9779);
#9778 = CARTESIAN_POINT('',(1.95,0.885,0.25));
#9779 = VECTOR('',#9780,1.);
#9780 = DIRECTION('',(0.,0.,1.));
#9781 = ORIENTED_EDGE('',*,*,#9782,.T.);
#9782 = EDGE_CURVE('',#9775,#9783,#9785,.T.);
#9783 = VERTEX_POINT('',#9784);
#9784 = CARTESIAN_POINT('',(1.7,0.885,0.625));
#9785 = CIRCLE('',#9786,0.25);
#9786 = AXIS2_PLACEMENT_3D('',#9787,#9788,#9789);
#9787 = CARTESIAN_POINT('',(1.7,0.885,0.375));
#9788 = DIRECTION('',(2.22044604925E-16,-1.,0.));
#9789 = DIRECTION('',(1.,2.22044604925E-16,8.881784197001E-16));
#9790 = ORIENTED_EDGE('',*,*,#9791,.T.);
#9791 = EDGE_CURVE('',#9783,#9722,#9792,.T.);
#9792 = LINE('',#9793,#9794);
#9793 = CARTESIAN_POINT('',(1.7,0.885,0.625));
#9794 = VECTOR('',#9795,1.);
#9795 = DIRECTION('',(-1.,-2.22044604925E-16,0.));
#9796 = PLANE('',#9797);
#9797 = AXIS2_PLACEMENT_3D('',#9798,#9799,#9800);
#9798 = CARTESIAN_POINT('',(1.914512156711,0.885,0.296859771302));
#9799 = DIRECTION('',(2.22044604925E-16,-1.,0.));
#9800 = DIRECTION('',(0.,0.,1.));
#9801 = ADVANCED_FACE('',(#9802),#9905,.F.);
#9802 = FACE_BOUND('',#9803,.F.);
#9803 = EDGE_LOOP('',(#9804,#9814,#9821,#9829,#9837,#9845,#9853,#9861,
    #9869,#9877,#9885,#9891,#9892,#9900));
#9804 = ORIENTED_EDGE('',*,*,#9805,.T.);
#9805 = EDGE_CURVE('',#9806,#9808,#9810,.T.);
#9806 = VERTEX_POINT('',#9807);
#9807 = CARTESIAN_POINT('',(1.420291289374,1.260145644687,0.1));
#9808 = VERTEX_POINT('',#9809);
#9809 = CARTESIAN_POINT('',(1.420291289374,-1.260145644687,0.1));
#9810 = LINE('',#9811,#9812);
#9811 = CARTESIAN_POINT('',(1.420291289374,1.260145644687,0.1));
#9812 = VECTOR('',#9813,1.);
#9813 = DIRECTION('',(2.22044604925E-16,-1.,0.));
#9814 = ORIENTED_EDGE('',*,*,#9815,.T.);
#9815 = EDGE_CURVE('',#9808,#9816,#9818,.T.);
#9816 = VERTEX_POINT('',#9817);
#9817 = CARTESIAN_POINT('',(1.5,-1.3,0.475));
#9818 = B_SPLINE_CURVE_WITH_KNOTS('',1,(#9819,#9820),.UNSPECIFIED.,.F.,
  .F.,(2,2),(0.,1.),.PIECEWISE_BEZIER_KNOTS.);
#9819 = CARTESIAN_POINT('',(1.420291289374,-1.260145644687,0.1));
#9820 = CARTESIAN_POINT('',(1.5,-1.3,0.475));
#9821 = ORIENTED_EDGE('',*,*,#9822,.F.);
#9822 = EDGE_CURVE('',#9823,#9816,#9825,.T.);
#9823 = VERTEX_POINT('',#9824);
#9824 = CARTESIAN_POINT('',(1.5,-1.115,0.475));
#9825 = LINE('',#9826,#9827);
#9826 = CARTESIAN_POINT('',(1.5,1.3,0.475));
#9827 = VECTOR('',#9828,1.);
#9828 = DIRECTION('',(2.22044604925E-16,-1.,0.));
#9829 = ORIENTED_EDGE('',*,*,#9830,.F.);
#9830 = EDGE_CURVE('',#9831,#9823,#9833,.T.);
#9831 = VERTEX_POINT('',#9832);
#9832 = CARTESIAN_POINT('',(1.5,-0.885,0.475));
#9833 = LINE('',#9834,#9835);
#9834 = CARTESIAN_POINT('',(1.5,1.3,0.475));
#9835 = VECTOR('',#9836,1.);
#9836 = DIRECTION('',(2.22044604925E-16,-1.,0.));
#9837 = ORIENTED_EDGE('',*,*,#9838,.F.);
#9838 = EDGE_CURVE('',#9839,#9831,#9841,.T.);
#9839 = VERTEX_POINT('',#9840);
#9840 = CARTESIAN_POINT('',(1.5,-0.615,0.475));
#9841 = LINE('',#9842,#9843);
#9842 = CARTESIAN_POINT('',(1.5,1.3,0.475));
#9843 = VECTOR('',#9844,1.);
#9844 = DIRECTION('',(2.22044604925E-16,-1.,0.));
#9845 = ORIENTED_EDGE('',*,*,#9846,.F.);
#9846 = EDGE_CURVE('',#9847,#9839,#9849,.T.);
#9847 = VERTEX_POINT('',#9848);
#9848 = CARTESIAN_POINT('',(1.5,-0.385,0.475));
#9849 = LINE('',#9850,#9851);
#9850 = CARTESIAN_POINT('',(1.5,1.3,0.475));
#9851 = VECTOR('',#9852,1.);
#9852 = DIRECTION('',(2.22044604925E-16,-1.,0.));
#9853 = ORIENTED_EDGE('',*,*,#9854,.F.);
#9854 = EDGE_CURVE('',#9855,#9847,#9857,.T.);
#9855 = VERTEX_POINT('',#9856);
#9856 = CARTESIAN_POINT('',(1.5,-0.115,0.475));
#9857 = LINE('',#9858,#9859);
#9858 = CARTESIAN_POINT('',(1.5,1.3,0.475));
#9859 = VECTOR('',#9860,1.);
#9860 = DIRECTION('',(2.22044604925E-16,-1.,0.));
#9861 = ORIENTED_EDGE('',*,*,#9862,.F.);
#9862 = EDGE_CURVE('',#9863,#9855,#9865,.T.);
#9863 = VERTEX_POINT('',#9864);
#9864 = CARTESIAN_POINT('',(1.5,0.115,0.475));
#9865 = LINE('',#9866,#9867);
#9866 = CARTESIAN_POINT('',(1.5,1.3,0.475));
#9867 = VECTOR('',#9868,1.);
#9868 = DIRECTION('',(2.22044604925E-16,-1.,0.));
#9869 = ORIENTED_EDGE('',*,*,#9870,.F.);
#9870 = EDGE_CURVE('',#9871,#9863,#9873,.T.);
#9871 = VERTEX_POINT('',#9872);
#9872 = CARTESIAN_POINT('',(1.5,0.385,0.475));
#9873 = LINE('',#9874,#9875);
#9874 = CARTESIAN_POINT('',(1.5,1.3,0.475));
#9875 = VECTOR('',#9876,1.);
#9876 = DIRECTION('',(2.22044604925E-16,-1.,0.));
#9877 = ORIENTED_EDGE('',*,*,#9878,.F.);
#9878 = EDGE_CURVE('',#9879,#9871,#9881,.T.);
#9879 = VERTEX_POINT('',#9880);
#9880 = CARTESIAN_POINT('',(1.5,0.615,0.475));
#9881 = LINE('',#9882,#9883);
#9882 = CARTESIAN_POINT('',(1.5,1.3,0.475));
#9883 = VECTOR('',#9884,1.);
#9884 = DIRECTION('',(2.22044604925E-16,-1.,0.));
#9885 = ORIENTED_EDGE('',*,*,#9886,.F.);
#9886 = EDGE_CURVE('',#9584,#9879,#9887,.T.);
#9887 = LINE('',#9888,#9889);
#9888 = CARTESIAN_POINT('',(1.5,1.3,0.475));
#9889 = VECTOR('',#9890,1.);
#9890 = DIRECTION('',(2.22044604925E-16,-1.,0.));
#9891 = ORIENTED_EDGE('',*,*,#9583,.F.);
#9892 = ORIENTED_EDGE('',*,*,#9893,.F.);
#9893 = EDGE_CURVE('',#9894,#9576,#9896,.T.);
#9894 = VERTEX_POINT('',#9895);
#9895 = CARTESIAN_POINT('',(1.5,1.3,0.475));
#9896 = LINE('',#9897,#9898);
#9897 = CARTESIAN_POINT('',(1.5,1.3,0.475));
#9898 = VECTOR('',#9899,1.);
#9899 = DIRECTION('',(2.22044604925E-16,-1.,0.));
#9900 = ORIENTED_EDGE('',*,*,#9901,.F.);
#9901 = EDGE_CURVE('',#9806,#9894,#9902,.T.);
#9902 = B_SPLINE_CURVE_WITH_KNOTS('',1,(#9903,#9904),.UNSPECIFIED.,.F.,
  .F.,(2,2),(0.,1.),.PIECEWISE_BEZIER_KNOTS.);
#9903 = CARTESIAN_POINT('',(1.420291289374,1.260145644687,0.1));
#9904 = CARTESIAN_POINT('',(1.5,1.3,0.475));
#9905 = B_SPLINE_SURFACE_WITH_KNOTS('',1,1,(
    (#9906,#9907)
    ,(#9908,#9909
    )),.UNSPECIFIED.,.F.,.F.,.F.,(2,2),(2,2),(0.,2.6),(0.,1.),
  .PIECEWISE_BEZIER_KNOTS.);
#9906 = CARTESIAN_POINT('',(1.420291289374,1.260145644687,0.1));
#9907 = CARTESIAN_POINT('',(1.5,1.3,0.475));
#9908 = CARTESIAN_POINT('',(1.420291289374,-1.260145644687,0.1));
#9909 = CARTESIAN_POINT('',(1.5,-1.3,0.475));
#9910 = ADVANCED_FACE('',(#9911),#9922,.T.);
#9911 = FACE_BOUND('',#9912,.T.);
#9912 = EDGE_LOOP('',(#9913,#9914,#9920,#9921));
#9913 = ORIENTED_EDGE('',*,*,#9648,.T.);
#9914 = ORIENTED_EDGE('',*,*,#9915,.T.);
#9915 = EDGE_CURVE('',#9649,#9733,#9916,.T.);
#9916 = LINE('',#9917,#9918);
#9917 = CARTESIAN_POINT('',(2.05,1.115,5.551115123126E-17));
#9918 = VECTOR('',#9919,1.);
#9919 = DIRECTION('',(2.22044604925E-16,-1.,0.));
#9920 = ORIENTED_EDGE('',*,*,#9732,.F.);
#9921 = ORIENTED_EDGE('',*,*,#9615,.F.);
#9922 = CYLINDRICAL_SURFACE('',#9923,0.25);
#9923 = AXIS2_PLACEMENT_3D('',#9924,#9925,#9926);
#9924 = CARTESIAN_POINT('',(2.05,1.115,0.25));
#9925 = DIRECTION('',(-2.22044604925E-16,1.,-0.));
#9926 = DIRECTION('',(-1.,-2.22044604925E-16,-1.33226762955E-15));
#9927 = ADVANCED_FACE('',(#9928),#9945,.F.);
#9928 = FACE_BOUND('',#9929,.F.);
#9929 = EDGE_LOOP('',(#9930,#9937,#9938,#9939));
#9930 = ORIENTED_EDGE('',*,*,#9931,.F.);
#9931 = EDGE_CURVE('',#9894,#9932,#9934,.T.);
#9932 = VERTEX_POINT('',#9933);
#9933 = CARTESIAN_POINT('',(1.5,1.3,0.625));
#9934 = B_SPLINE_CURVE_WITH_KNOTS('',1,(#9935,#9936),.UNSPECIFIED.,.F.,
  .F.,(2,2),(0.,1.),.PIECEWISE_BEZIER_KNOTS.);
#9935 = CARTESIAN_POINT('',(1.5,1.3,0.475));
#9936 = CARTESIAN_POINT('',(1.5,1.3,0.625));
#9937 = ORIENTED_EDGE('',*,*,#9893,.T.);
#9938 = ORIENTED_EDGE('',*,*,#9637,.T.);
#9939 = ORIENTED_EDGE('',*,*,#9940,.F.);
#9940 = EDGE_CURVE('',#9932,#9638,#9941,.T.);
#9941 = LINE('',#9942,#9943);
#9942 = CARTESIAN_POINT('',(1.5,1.3,0.625));
#9943 = VECTOR('',#9944,1.);
#9944 = DIRECTION('',(2.22044604925E-16,-1.,0.));
#9945 = PLANE('',#9946);
#9946 = AXIS2_PLACEMENT_3D('',#9947,#9948,#9949);
#9947 = CARTESIAN_POINT('',(1.5,1.3,0.625));
#9948 = DIRECTION('',(-1.,-2.22044604925E-16,0.));
#9949 = DIRECTION('',(2.22044604925E-16,-1.,0.));
#9950 = ADVANCED_FACE('',(#9951),#9983,.F.);
#9951 = FACE_BOUND('',#9952,.F.);
#9952 = EDGE_LOOP('',(#9953,#9954,#9960,#9961,#9969,#9977));
#9953 = ORIENTED_EDGE('',*,*,#9707,.F.);
#9954 = ORIENTED_EDGE('',*,*,#9955,.T.);
#9955 = EDGE_CURVE('',#9699,#9783,#9956,.T.);
#9956 = LINE('',#9957,#9958);
#9957 = CARTESIAN_POINT('',(1.7,1.115,0.625));
#9958 = VECTOR('',#9959,1.);
#9959 = DIRECTION('',(2.22044604925E-16,-1.,0.));
#9960 = ORIENTED_EDGE('',*,*,#9791,.T.);
#9961 = ORIENTED_EDGE('',*,*,#9962,.T.);
#9962 = EDGE_CURVE('',#9722,#9963,#9965,.T.);
#9963 = VERTEX_POINT('',#9964);
#9964 = CARTESIAN_POINT('',(1.45,0.885,0.625));
#9965 = LINE('',#9966,#9967);
#9966 = CARTESIAN_POINT('',(1.7,0.885,0.625));
#9967 = VECTOR('',#9968,1.);
#9968 = DIRECTION('',(-1.,-2.22044604925E-16,0.));
#9969 = ORIENTED_EDGE('',*,*,#9970,.F.);
#9970 = EDGE_CURVE('',#9971,#9963,#9973,.T.);
#9971 = VERTEX_POINT('',#9972);
#9972 = CARTESIAN_POINT('',(1.45,1.115,0.625));
#9973 = LINE('',#9974,#9975);
#9974 = CARTESIAN_POINT('',(1.45,1.275,0.625));
#9975 = VECTOR('',#9976,1.);
#9976 = DIRECTION('',(2.22044604925E-16,-1.,0.));
#9977 = ORIENTED_EDGE('',*,*,#9978,.F.);
#9978 = EDGE_CURVE('',#9638,#9971,#9979,.T.);
#9979 = LINE('',#9980,#9981);
#9980 = CARTESIAN_POINT('',(1.7,1.115,0.625));
#9981 = VECTOR('',#9982,1.);
#9982 = DIRECTION('',(-1.,-2.22044604925E-16,0.));
#9983 = PLANE('',#9984);
#9984 = AXIS2_PLACEMENT_3D('',#9985,#9986,#9987);
#9985 = CARTESIAN_POINT('',(1.7,1.115,0.625));
#9986 = DIRECTION('',(0.,0.,-1.));
#9987 = DIRECTION('',(-1.,-2.22044604925E-16,-0.));
#9988 = ADVANCED_FACE('',(#9989),#10000,.T.);
#9989 = FACE_BOUND('',#9990,.T.);
#9990 = EDGE_LOOP('',(#9991,#9992,#9993,#9994));
#9991 = ORIENTED_EDGE('',*,*,#9698,.T.);
#9992 = ORIENTED_EDGE('',*,*,#9955,.T.);
#9993 = ORIENTED_EDGE('',*,*,#9782,.F.);
#9994 = ORIENTED_EDGE('',*,*,#9995,.F.);
#9995 = EDGE_CURVE('',#9691,#9775,#9996,.T.);
#9996 = LINE('',#9997,#9998);
#9997 = CARTESIAN_POINT('',(1.95,1.115,0.375));
#9998 = VECTOR('',#9999,1.);
#9999 = DIRECTION('',(2.22044604925E-16,-1.,0.));
#10000 = CYLINDRICAL_SURFACE('',#10001,0.25);
#10001 = AXIS2_PLACEMENT_3D('',#10002,#10003,#10004);
#10002 = CARTESIAN_POINT('',(1.7,1.115,0.375));
#10003 = DIRECTION('',(-2.22044604925E-16,1.,-0.));
#10004 = DIRECTION('',(1.,2.22044604925E-16,8.881784197001E-16));
#10005 = ADVANCED_FACE('',(#10006),#10017,.F.);
#10006 = FACE_BOUND('',#10007,.F.);
#10007 = EDGE_LOOP('',(#10008,#10014,#10015,#10016));
#10008 = ORIENTED_EDGE('',*,*,#10009,.T.);
#10009 = EDGE_CURVE('',#9682,#9766,#10010,.T.);
#10010 = LINE('',#10011,#10012);
#10011 = CARTESIAN_POINT('',(1.95,1.115,0.25));
#10012 = VECTOR('',#10013,1.);
#10013 = DIRECTION('',(2.22044604925E-16,-1.,0.));
#10014 = ORIENTED_EDGE('',*,*,#9774,.T.);
#10015 = ORIENTED_EDGE('',*,*,#9995,.F.);
#10016 = ORIENTED_EDGE('',*,*,#9690,.F.);
#10017 = PLANE('',#10018);
#10018 = AXIS2_PLACEMENT_3D('',#10019,#10020,#10021);
#10019 = CARTESIAN_POINT('',(1.95,1.115,0.25));
#10020 = DIRECTION('',(-1.,-2.22044604925E-16,0.));
#10021 = DIRECTION('',(0.,0.,1.));
#10022 = ADVANCED_FACE('',(#10023),#10034,.F.);
#10023 = FACE_BOUND('',#10024,.F.);
#10024 = EDGE_LOOP('',(#10025,#10031,#10032,#10033));
#10025 = ORIENTED_EDGE('',*,*,#10026,.T.);
#10026 = EDGE_CURVE('',#9674,#9758,#10027,.T.);
#10027 = LINE('',#10028,#10029);
#10028 = CARTESIAN_POINT('',(2.05,1.115,0.15));
#10029 = VECTOR('',#10030,1.);
#10030 = DIRECTION('',(2.22044604925E-16,-1.,0.));
#10031 = ORIENTED_EDGE('',*,*,#9765,.T.);
#10032 = ORIENTED_EDGE('',*,*,#10009,.F.);
#10033 = ORIENTED_EDGE('',*,*,#9681,.F.);
#10034 = CYLINDRICAL_SURFACE('',#10035,0.1);
#10035 = AXIS2_PLACEMENT_3D('',#10036,#10037,#10038);
#10036 = CARTESIAN_POINT('',(2.05,1.115,0.25));
#10037 = DIRECTION('',(-2.22044604925E-16,1.,0.));
#10038 = DIRECTION('',(0.,0.,-1.));
#10039 = ADVANCED_FACE('',(#10040),#10051,.F.);
#10040 = FACE_BOUND('',#10041,.F.);
#10041 = EDGE_LOOP('',(#10042,#10048,#10049,#10050));
#10042 = ORIENTED_EDGE('',*,*,#10043,.T.);
#10043 = EDGE_CURVE('',#9666,#9750,#10044,.T.);
#10044 = LINE('',#10045,#10046);
#10045 = CARTESIAN_POINT('',(2.45,1.115,0.15));
#10046 = VECTOR('',#10047,1.);
#10047 = DIRECTION('',(2.22044604925E-16,-1.,0.));
#10048 = ORIENTED_EDGE('',*,*,#9757,.T.);
#10049 = ORIENTED_EDGE('',*,*,#10026,.F.);
#10050 = ORIENTED_EDGE('',*,*,#9673,.F.);
#10051 = PLANE('',#10052);
#10052 = AXIS2_PLACEMENT_3D('',#10053,#10054,#10055);
#10053 = CARTESIAN_POINT('',(2.45,1.115,0.15));
#10054 = DIRECTION('',(0.,0.,-1.));
#10055 = DIRECTION('',(-1.,-2.22044604925E-16,-0.));
#10056 = ADVANCED_FACE('',(#10057),#10068,.F.);
#10057 = FACE_BOUND('',#10058,.F.);
#10058 = EDGE_LOOP('',(#10059,#10065,#10066,#10067));
#10059 = ORIENTED_EDGE('',*,*,#10060,.T.);
#10060 = EDGE_CURVE('',#9658,#9742,#10061,.T.);
#10061 = LINE('',#10062,#10063);
#10062 = CARTESIAN_POINT('',(2.45,1.115,5.551115123126E-17));
#10063 = VECTOR('',#10064,1.);
#10064 = DIRECTION('',(2.22044604925E-16,-1.,0.));
#10065 = ORIENTED_EDGE('',*,*,#9749,.T.);
#10066 = ORIENTED_EDGE('',*,*,#10043,.F.);
#10067 = ORIENTED_EDGE('',*,*,#9665,.F.);
#10068 = PLANE('',#10069);
#10069 = AXIS2_PLACEMENT_3D('',#10070,#10071,#10072);
#10070 = CARTESIAN_POINT('',(2.45,1.115,5.551115123126E-17));
#10071 = DIRECTION('',(-1.,-2.22044604925E-16,0.));
#10072 = DIRECTION('',(0.,0.,1.));
#10073 = ADVANCED_FACE('',(#10074),#10080,.F.);
#10074 = FACE_BOUND('',#10075,.F.);
#10075 = EDGE_LOOP('',(#10076,#10077,#10078,#10079));
#10076 = ORIENTED_EDGE('',*,*,#9915,.T.);
#10077 = ORIENTED_EDGE('',*,*,#9741,.T.);
#10078 = ORIENTED_EDGE('',*,*,#10060,.F.);
#10079 = ORIENTED_EDGE('',*,*,#9657,.F.);
#10080 = PLANE('',#10081);
#10081 = AXIS2_PLACEMENT_3D('',#10082,#10083,#10084);
#10082 = CARTESIAN_POINT('',(2.05,1.115,5.551115123126E-17));
#10083 = DIRECTION('',(0.,0.,1.));
#10084 = DIRECTION('',(1.,2.22044604925E-16,-0.));
#10085 = ADVANCED_FACE('',(#10086),#10104,.F.);
#10086 = FACE_BOUND('',#10087,.F.);
#10087 = EDGE_LOOP('',(#10088,#10089,#10090,#10098));
#10088 = ORIENTED_EDGE('',*,*,#9721,.F.);
#10089 = ORIENTED_EDGE('',*,*,#9886,.T.);
#10090 = ORIENTED_EDGE('',*,*,#10091,.T.);
#10091 = EDGE_CURVE('',#9879,#10092,#10094,.T.);
#10092 = VERTEX_POINT('',#10093);
#10093 = CARTESIAN_POINT('',(1.5,0.615,0.625));
#10094 = LINE('',#10095,#10096);
#10095 = CARTESIAN_POINT('',(1.5,0.615,0.460929885651));
#10096 = VECTOR('',#10097,1.);
#10097 = DIRECTION('',(0.,0.,1.));
#10098 = ORIENTED_EDGE('',*,*,#10099,.F.);
#10099 = EDGE_CURVE('',#9722,#10092,#10100,.T.);
#10100 = LINE('',#10101,#10102);
#10101 = CARTESIAN_POINT('',(1.5,1.3,0.625));
#10102 = VECTOR('',#10103,1.);
#10103 = DIRECTION('',(2.22044604925E-16,-1.,0.));
#10104 = PLANE('',#10105);
#10105 = AXIS2_PLACEMENT_3D('',#10106,#10107,#10108);
#10106 = CARTESIAN_POINT('',(1.5,1.3,0.625));
#10107 = DIRECTION('',(-1.,-2.22044604925E-16,0.));
#10108 = DIRECTION('',(2.22044604925E-16,-1.,0.));
#10109 = ADVANCED_FACE('',(#10110),#10167,.F.);
#10110 = FACE_BOUND('',#10111,.T.);
#10111 = EDGE_LOOP('',(#10112,#10122,#10128,#10129,#10137,#10145,#10153,
    #10161));
#10112 = ORIENTED_EDGE('',*,*,#10113,.T.);
#10113 = EDGE_CURVE('',#10114,#10116,#10118,.T.);
#10114 = VERTEX_POINT('',#10115);
#10115 = CARTESIAN_POINT('',(-1.260145644687,1.420291289374,0.1));
#10116 = VERTEX_POINT('',#10117);
#10117 = CARTESIAN_POINT('',(1.260145644687,1.420291289374,0.1));
#10118 = LINE('',#10119,#10120);
#10119 = CARTESIAN_POINT('',(-1.260145644687,1.420291289374,0.1));
#10120 = VECTOR('',#10121,1.);
#10121 = DIRECTION('',(1.,2.22044604925E-16,0.));
#10122 = ORIENTED_EDGE('',*,*,#10123,.T.);
#10123 = EDGE_CURVE('',#10116,#9806,#10124,.T.);
#10124 = LINE('',#10125,#10126);
#10125 = CARTESIAN_POINT('',(1.260145644687,1.420291289374,0.1));
#10126 = VECTOR('',#10127,1.);
#10127 = DIRECTION('',(0.707106781187,-0.707106781187,0.));
#10128 = ORIENTED_EDGE('',*,*,#9805,.T.);
#10129 = ORIENTED_EDGE('',*,*,#10130,.T.);
#10130 = EDGE_CURVE('',#9808,#10131,#10133,.T.);
#10131 = VERTEX_POINT('',#10132);
#10132 = CARTESIAN_POINT('',(1.260145644687,-1.420291289374,0.1));
#10133 = LINE('',#10134,#10135);
#10134 = CARTESIAN_POINT('',(1.420291289374,-1.260145644687,0.1));
#10135 = VECTOR('',#10136,1.);
#10136 = DIRECTION('',(-0.707106781187,-0.707106781187,0.));
#10137 = ORIENTED_EDGE('',*,*,#10138,.T.);
#10138 = EDGE_CURVE('',#10131,#10139,#10141,.T.);
#10139 = VERTEX_POINT('',#10140);
#10140 = CARTESIAN_POINT('',(-1.260145644687,-1.420291289374,0.1));
#10141 = LINE('',#10142,#10143);
#10142 = CARTESIAN_POINT('',(1.260145644687,-1.420291289374,0.1));
#10143 = VECTOR('',#10144,1.);
#10144 = DIRECTION('',(-1.,-2.22044604925E-16,0.));
#10145 = ORIENTED_EDGE('',*,*,#10146,.T.);
#10146 = EDGE_CURVE('',#10139,#10147,#10149,.T.);
#10147 = VERTEX_POINT('',#10148);
#10148 = CARTESIAN_POINT('',(-1.420291289374,-1.260145644687,0.1));
#10149 = LINE('',#10150,#10151);
#10150 = CARTESIAN_POINT('',(-1.260145644687,-1.420291289374,0.1));
#10151 = VECTOR('',#10152,1.);
#10152 = DIRECTION('',(-0.707106781187,0.707106781187,0.));
#10153 = ORIENTED_EDGE('',*,*,#10154,.T.);
#10154 = EDGE_CURVE('',#10147,#10155,#10157,.T.);
#10155 = VERTEX_POINT('',#10156);
#10156 = CARTESIAN_POINT('',(-1.420291289374,1.260145644687,0.1));
#10157 = LINE('',#10158,#10159);
#10158 = CARTESIAN_POINT('',(-1.420291289374,-1.260145644687,0.1));
#10159 = VECTOR('',#10160,1.);
#10160 = DIRECTION('',(-2.22044604925E-16,1.,0.));
#10161 = ORIENTED_EDGE('',*,*,#10162,.T.);
#10162 = EDGE_CURVE('',#10155,#10114,#10163,.T.);
#10163 = LINE('',#10164,#10165);
#10164 = CARTESIAN_POINT('',(-1.420291289374,1.260145644687,0.1));
#10165 = VECTOR('',#10166,1.);
#10166 = DIRECTION('',(0.707106781187,0.707106781187,0.));
#10167 = PLANE('',#10168);
#10168 = AXIS2_PLACEMENT_3D('',#10169,#10170,#10171);
#10169 = CARTESIAN_POINT('',(-1.260145644687,1.420291289374,0.1));
#10170 = DIRECTION('',(0.,0.,1.));
#10171 = DIRECTION('',(0.663676437729,-0.748019776479,0.));
#10172 = ADVANCED_FACE('',(#10173),#10190,.F.);
#10173 = FACE_BOUND('',#10174,.F.);
#10174 = EDGE_LOOP('',(#10175,#10176,#10177,#10185));
#10175 = ORIENTED_EDGE('',*,*,#10123,.T.);
#10176 = ORIENTED_EDGE('',*,*,#9901,.T.);
#10177 = ORIENTED_EDGE('',*,*,#10178,.F.);
#10178 = EDGE_CURVE('',#10179,#9894,#10181,.T.);
#10179 = VERTEX_POINT('',#10180);
#10180 = CARTESIAN_POINT('',(1.3,1.5,0.475));
#10181 = LINE('',#10182,#10183);
#10182 = CARTESIAN_POINT('',(1.3,1.5,0.475));
#10183 = VECTOR('',#10184,1.);
#10184 = DIRECTION('',(0.707106781187,-0.707106781187,0.));
#10185 = ORIENTED_EDGE('',*,*,#10186,.F.);
#10186 = EDGE_CURVE('',#10116,#10179,#10187,.T.);
#10187 = B_SPLINE_CURVE_WITH_KNOTS('',1,(#10188,#10189),.UNSPECIFIED.,
  .F.,.F.,(2,2),(0.,1.),.PIECEWISE_BEZIER_KNOTS.);
#10188 = CARTESIAN_POINT('',(1.260145644687,1.420291289374,0.1));
#10189 = CARTESIAN_POINT('',(1.3,1.5,0.475));
#10190 = B_SPLINE_SURFACE_WITH_KNOTS('',1,1,(
    (#10191,#10192)
    ,(#10193,#10194
    )),.UNSPECIFIED.,.F.,.F.,.F.,(2,2),(2,2),(0.,0.282842712475),(0.,1.)
  ,.PIECEWISE_BEZIER_KNOTS.);
#10191 = CARTESIAN_POINT('',(1.260145644687,1.420291289374,0.1));
#10192 = CARTESIAN_POINT('',(1.3,1.5,0.475));
#10193 = CARTESIAN_POINT('',(1.420291289374,1.260145644687,0.1));
#10194 = CARTESIAN_POINT('',(1.5,1.3,0.475));
#10195 = ADVANCED_FACE('',(#10196),#10213,.F.);
#10196 = FACE_BOUND('',#10197,.F.);
#10197 = EDGE_LOOP('',(#10198,#10199,#10206,#10212));
#10198 = ORIENTED_EDGE('',*,*,#10130,.T.);
#10199 = ORIENTED_EDGE('',*,*,#10200,.T.);
#10200 = EDGE_CURVE('',#10131,#10201,#10203,.T.);
#10201 = VERTEX_POINT('',#10202);
#10202 = CARTESIAN_POINT('',(1.3,-1.5,0.475));
#10203 = B_SPLINE_CURVE_WITH_KNOTS('',1,(#10204,#10205),.UNSPECIFIED.,
  .F.,.F.,(2,2),(0.,1.),.PIECEWISE_BEZIER_KNOTS.);
#10204 = CARTESIAN_POINT('',(1.260145644687,-1.420291289374,0.1));
#10205 = CARTESIAN_POINT('',(1.3,-1.5,0.475));
#10206 = ORIENTED_EDGE('',*,*,#10207,.F.);
#10207 = EDGE_CURVE('',#9816,#10201,#10208,.T.);
#10208 = LINE('',#10209,#10210);
#10209 = CARTESIAN_POINT('',(1.5,-1.3,0.475));
#10210 = VECTOR('',#10211,1.);
#10211 = DIRECTION('',(-0.707106781187,-0.707106781187,0.));
#10212 = ORIENTED_EDGE('',*,*,#9815,.F.);
#10213 = B_SPLINE_SURFACE_WITH_KNOTS('',1,1,(
    (#10214,#10215)
    ,(#10216,#10217
    )),.UNSPECIFIED.,.F.,.F.,.F.,(2,2),(2,2),(0.,0.282842712475),(0.,1.)
  ,.PIECEWISE_BEZIER_KNOTS.);
#10214 = CARTESIAN_POINT('',(1.420291289374,-1.260145644687,0.1));
#10215 = CARTESIAN_POINT('',(1.5,-1.3,0.475));
#10216 = CARTESIAN_POINT('',(1.260145644687,-1.420291289374,0.1));
#10217 = CARTESIAN_POINT('',(1.3,-1.5,0.475));
#10218 = ADVANCED_FACE('',(#10219),#10243,.F.);
#10219 = FACE_BOUND('',#10220,.F.);
#10220 = EDGE_LOOP('',(#10221,#10229,#10230,#10237));
#10221 = ORIENTED_EDGE('',*,*,#10222,.F.);
#10222 = EDGE_CURVE('',#9823,#10223,#10225,.T.);
#10223 = VERTEX_POINT('',#10224);
#10224 = CARTESIAN_POINT('',(1.5,-1.115,0.625));
#10225 = LINE('',#10226,#10227);
#10226 = CARTESIAN_POINT('',(1.5,-1.115,0.460929885651));
#10227 = VECTOR('',#10228,1.);
#10228 = DIRECTION('',(0.,0.,1.));
#10229 = ORIENTED_EDGE('',*,*,#9822,.T.);
#10230 = ORIENTED_EDGE('',*,*,#10231,.T.);
#10231 = EDGE_CURVE('',#9816,#10232,#10234,.T.);
#10232 = VERTEX_POINT('',#10233);
#10233 = CARTESIAN_POINT('',(1.5,-1.3,0.625));
#10234 = B_SPLINE_CURVE_WITH_KNOTS('',1,(#10235,#10236),.UNSPECIFIED.,
  .F.,.F.,(2,2),(0.,1.),.PIECEWISE_BEZIER_KNOTS.);
#10235 = CARTESIAN_POINT('',(1.5,-1.3,0.475));
#10236 = CARTESIAN_POINT('',(1.5,-1.3,0.625));
#10237 = ORIENTED_EDGE('',*,*,#10238,.F.);
#10238 = EDGE_CURVE('',#10223,#10232,#10239,.T.);
#10239 = LINE('',#10240,#10241);
#10240 = CARTESIAN_POINT('',(1.5,1.3,0.625));
#10241 = VECTOR('',#10242,1.);
#10242 = DIRECTION('',(2.22044604925E-16,-1.,0.));
#10243 = PLANE('',#10244);
#10244 = AXIS2_PLACEMENT_3D('',#10245,#10246,#10247);
#10245 = CARTESIAN_POINT('',(1.5,1.3,0.625));
#10246 = DIRECTION('',(-1.,-2.22044604925E-16,0.));
#10247 = DIRECTION('',(2.22044604925E-16,-1.,0.));
#10248 = ADVANCED_FACE('',(#10249),#10274,.F.);
#10249 = FACE_BOUND('',#10250,.F.);
#10250 = EDGE_LOOP('',(#10251,#10259,#10260,#10268));
#10251 = ORIENTED_EDGE('',*,*,#10252,.F.);
#10252 = EDGE_CURVE('',#9831,#10253,#10255,.T.);
#10253 = VERTEX_POINT('',#10254);
#10254 = CARTESIAN_POINT('',(1.7,-0.885,0.475));
#10255 = LINE('',#10256,#10257);
#10256 = CARTESIAN_POINT('',(1.4,-0.885,0.475));
#10257 = VECTOR('',#10258,1.);
#10258 = DIRECTION('',(1.,2.22044604925E-16,0.));
#10259 = ORIENTED_EDGE('',*,*,#9830,.T.);
#10260 = ORIENTED_EDGE('',*,*,#10261,.T.);
#10261 = EDGE_CURVE('',#9823,#10262,#10264,.T.);
#10262 = VERTEX_POINT('',#10263);
#10263 = CARTESIAN_POINT('',(1.7,-1.115,0.475));
#10264 = LINE('',#10265,#10266);
#10265 = CARTESIAN_POINT('',(1.4,-1.115,0.475));
#10266 = VECTOR('',#10267,1.);
#10267 = DIRECTION('',(1.,2.22044604925E-16,0.));
#10268 = ORIENTED_EDGE('',*,*,#10269,.F.);
#10269 = EDGE_CURVE('',#10253,#10262,#10270,.T.);
#10270 = LINE('',#10271,#10272);
#10271 = CARTESIAN_POINT('',(1.7,-0.885,0.475));
#10272 = VECTOR('',#10273,1.);
#10273 = DIRECTION('',(2.22044604925E-16,-1.,0.));
#10274 = PLANE('',#10275);
#10275 = AXIS2_PLACEMENT_3D('',#10276,#10277,#10278);
#10276 = CARTESIAN_POINT('',(1.4,-0.885,0.475));
#10277 = DIRECTION('',(0.,0.,1.));
#10278 = DIRECTION('',(1.,2.22044604925E-16,-0.));
#10279 = ADVANCED_FACE('',(#10280),#10305,.F.);
#10280 = FACE_BOUND('',#10281,.F.);
#10281 = EDGE_LOOP('',(#10282,#10290,#10291,#10299));
#10282 = ORIENTED_EDGE('',*,*,#10283,.F.);
#10283 = EDGE_CURVE('',#9839,#10284,#10286,.T.);
#10284 = VERTEX_POINT('',#10285);
#10285 = CARTESIAN_POINT('',(1.5,-0.615,0.625));
#10286 = LINE('',#10287,#10288);
#10287 = CARTESIAN_POINT('',(1.5,-0.615,0.460929885651));
#10288 = VECTOR('',#10289,1.);
#10289 = DIRECTION('',(0.,0.,1.));
#10290 = ORIENTED_EDGE('',*,*,#9838,.T.);
#10291 = ORIENTED_EDGE('',*,*,#10292,.T.);
#10292 = EDGE_CURVE('',#9831,#10293,#10295,.T.);
#10293 = VERTEX_POINT('',#10294);
#10294 = CARTESIAN_POINT('',(1.5,-0.885,0.625));
#10295 = LINE('',#10296,#10297);
#10296 = CARTESIAN_POINT('',(1.5,-0.885,0.460929885651));
#10297 = VECTOR('',#10298,1.);
#10298 = DIRECTION('',(0.,0.,1.));
#10299 = ORIENTED_EDGE('',*,*,#10300,.F.);
#10300 = EDGE_CURVE('',#10284,#10293,#10301,.T.);
#10301 = LINE('',#10302,#10303);
#10302 = CARTESIAN_POINT('',(1.5,1.3,0.625));
#10303 = VECTOR('',#10304,1.);
#10304 = DIRECTION('',(2.22044604925E-16,-1.,0.));
#10305 = PLANE('',#10306);
#10306 = AXIS2_PLACEMENT_3D('',#10307,#10308,#10309);
#10307 = CARTESIAN_POINT('',(1.5,1.3,0.625));
#10308 = DIRECTION('',(-1.,-2.22044604925E-16,0.));
#10309 = DIRECTION('',(2.22044604925E-16,-1.,0.));
#10310 = ADVANCED_FACE('',(#10311),#10336,.F.);
#10311 = FACE_BOUND('',#10312,.F.);
#10312 = EDGE_LOOP('',(#10313,#10321,#10322,#10330));
#10313 = ORIENTED_EDGE('',*,*,#10314,.F.);
#10314 = EDGE_CURVE('',#9879,#10315,#10317,.T.);
#10315 = VERTEX_POINT('',#10316);
#10316 = CARTESIAN_POINT('',(1.7,0.615,0.475));
#10317 = LINE('',#10318,#10319);
#10318 = CARTESIAN_POINT('',(1.4,0.615,0.475));
#10319 = VECTOR('',#10320,1.);
#10320 = DIRECTION('',(1.,2.22044604925E-16,0.));
#10321 = ORIENTED_EDGE('',*,*,#9878,.T.);
#10322 = ORIENTED_EDGE('',*,*,#10323,.T.);
#10323 = EDGE_CURVE('',#9871,#10324,#10326,.T.);
#10324 = VERTEX_POINT('',#10325);
#10325 = CARTESIAN_POINT('',(1.7,0.385,0.475));
#10326 = LINE('',#10327,#10328);
#10327 = CARTESIAN_POINT('',(1.4,0.385,0.475));
#10328 = VECTOR('',#10329,1.);
#10329 = DIRECTION('',(1.,2.22044604925E-16,0.));
#10330 = ORIENTED_EDGE('',*,*,#10331,.F.);
#10331 = EDGE_CURVE('',#10315,#10324,#10332,.T.);
#10332 = LINE('',#10333,#10334);
#10333 = CARTESIAN_POINT('',(1.7,0.615,0.475));
#10334 = VECTOR('',#10335,1.);
#10335 = DIRECTION('',(2.22044604925E-16,-1.,0.));
#10336 = PLANE('',#10337);
#10337 = AXIS2_PLACEMENT_3D('',#10338,#10339,#10340);
#10338 = CARTESIAN_POINT('',(1.4,0.615,0.475));
#10339 = DIRECTION('',(0.,0.,1.));
#10340 = DIRECTION('',(1.,2.22044604925E-16,-0.));
#10341 = ADVANCED_FACE('',(#10342),#10367,.F.);
#10342 = FACE_BOUND('',#10343,.F.);
#10343 = EDGE_LOOP('',(#10344,#10352,#10353,#10361));
#10344 = ORIENTED_EDGE('',*,*,#10345,.F.);
#10345 = EDGE_CURVE('',#9847,#10346,#10348,.T.);
#10346 = VERTEX_POINT('',#10347);
#10347 = CARTESIAN_POINT('',(1.7,-0.385,0.475));
#10348 = LINE('',#10349,#10350);
#10349 = CARTESIAN_POINT('',(1.4,-0.385,0.475));
#10350 = VECTOR('',#10351,1.);
#10351 = DIRECTION('',(1.,2.22044604925E-16,0.));
#10352 = ORIENTED_EDGE('',*,*,#9846,.T.);
#10353 = ORIENTED_EDGE('',*,*,#10354,.T.);
#10354 = EDGE_CURVE('',#9839,#10355,#10357,.T.);
#10355 = VERTEX_POINT('',#10356);
#10356 = CARTESIAN_POINT('',(1.7,-0.615,0.475));
#10357 = LINE('',#10358,#10359);
#10358 = CARTESIAN_POINT('',(1.4,-0.615,0.475));
#10359 = VECTOR('',#10360,1.);
#10360 = DIRECTION('',(1.,2.22044604925E-16,0.));
#10361 = ORIENTED_EDGE('',*,*,#10362,.F.);
#10362 = EDGE_CURVE('',#10346,#10355,#10363,.T.);
#10363 = LINE('',#10364,#10365);
#10364 = CARTESIAN_POINT('',(1.7,-0.385,0.475));
#10365 = VECTOR('',#10366,1.);
#10366 = DIRECTION('',(2.22044604925E-16,-1.,0.));
#10367 = PLANE('',#10368);
#10368 = AXIS2_PLACEMENT_3D('',#10369,#10370,#10371);
#10369 = CARTESIAN_POINT('',(1.4,-0.385,0.475));
#10370 = DIRECTION('',(0.,0.,1.));
#10371 = DIRECTION('',(1.,2.22044604925E-16,-0.));
#10372 = ADVANCED_FACE('',(#10373),#10398,.F.);
#10373 = FACE_BOUND('',#10374,.F.);
#10374 = EDGE_LOOP('',(#10375,#10383,#10384,#10392));
#10375 = ORIENTED_EDGE('',*,*,#10376,.F.);
#10376 = EDGE_CURVE('',#9871,#10377,#10379,.T.);
#10377 = VERTEX_POINT('',#10378);
#10378 = CARTESIAN_POINT('',(1.5,0.385,0.625));
#10379 = LINE('',#10380,#10381);
#10380 = CARTESIAN_POINT('',(1.5,0.385,0.460929885651));
#10381 = VECTOR('',#10382,1.);
#10382 = DIRECTION('',(0.,0.,1.));
#10383 = ORIENTED_EDGE('',*,*,#9870,.T.);
#10384 = ORIENTED_EDGE('',*,*,#10385,.T.);
#10385 = EDGE_CURVE('',#9863,#10386,#10388,.T.);
#10386 = VERTEX_POINT('',#10387);
#10387 = CARTESIAN_POINT('',(1.5,0.115,0.625));
#10388 = LINE('',#10389,#10390);
#10389 = CARTESIAN_POINT('',(1.5,0.115,0.460929885651));
#10390 = VECTOR('',#10391,1.);
#10391 = DIRECTION('',(0.,0.,1.));
#10392 = ORIENTED_EDGE('',*,*,#10393,.F.);
#10393 = EDGE_CURVE('',#10377,#10386,#10394,.T.);
#10394 = LINE('',#10395,#10396);
#10395 = CARTESIAN_POINT('',(1.5,1.3,0.625));
#10396 = VECTOR('',#10397,1.);
#10397 = DIRECTION('',(2.22044604925E-16,-1.,0.));
#10398 = PLANE('',#10399);
#10399 = AXIS2_PLACEMENT_3D('',#10400,#10401,#10402);
#10400 = CARTESIAN_POINT('',(1.5,1.3,0.625));
#10401 = DIRECTION('',(-1.,-2.22044604925E-16,0.));
#10402 = DIRECTION('',(2.22044604925E-16,-1.,0.));
#10403 = ADVANCED_FACE('',(#10404),#10429,.F.);
#10404 = FACE_BOUND('',#10405,.F.);
#10405 = EDGE_LOOP('',(#10406,#10414,#10415,#10423));
#10406 = ORIENTED_EDGE('',*,*,#10407,.F.);
#10407 = EDGE_CURVE('',#9855,#10408,#10410,.T.);
#10408 = VERTEX_POINT('',#10409);
#10409 = CARTESIAN_POINT('',(1.5,-0.115,0.625));
#10410 = LINE('',#10411,#10412);
#10411 = CARTESIAN_POINT('',(1.5,-0.115,0.460929885651));
#10412 = VECTOR('',#10413,1.);
#10413 = DIRECTION('',(0.,0.,1.));
#10414 = ORIENTED_EDGE('',*,*,#9854,.T.);
#10415 = ORIENTED_EDGE('',*,*,#10416,.T.);
#10416 = EDGE_CURVE('',#9847,#10417,#10419,.T.);
#10417 = VERTEX_POINT('',#10418);
#10418 = CARTESIAN_POINT('',(1.5,-0.385,0.625));
#10419 = LINE('',#10420,#10421);
#10420 = CARTESIAN_POINT('',(1.5,-0.385,0.460929885651));
#10421 = VECTOR('',#10422,1.);
#10422 = DIRECTION('',(0.,0.,1.));
#10423 = ORIENTED_EDGE('',*,*,#10424,.F.);
#10424 = EDGE_CURVE('',#10408,#10417,#10425,.T.);
#10425 = LINE('',#10426,#10427);
#10426 = CARTESIAN_POINT('',(1.5,1.3,0.625));
#10427 = VECTOR('',#10428,1.);
#10428 = DIRECTION('',(2.22044604925E-16,-1.,0.));
#10429 = PLANE('',#10430);
#10430 = AXIS2_PLACEMENT_3D('',#10431,#10432,#10433);
#10431 = CARTESIAN_POINT('',(1.5,1.3,0.625));
#10432 = DIRECTION('',(-1.,-2.22044604925E-16,0.));
#10433 = DIRECTION('',(2.22044604925E-16,-1.,0.));
#10434 = ADVANCED_FACE('',(#10435),#10460,.F.);
#10435 = FACE_BOUND('',#10436,.F.);
#10436 = EDGE_LOOP('',(#10437,#10445,#10446,#10454));
#10437 = ORIENTED_EDGE('',*,*,#10438,.F.);
#10438 = EDGE_CURVE('',#9863,#10439,#10441,.T.);
#10439 = VERTEX_POINT('',#10440);
#10440 = CARTESIAN_POINT('',(1.7,0.115,0.475));
#10441 = LINE('',#10442,#10443);
#10442 = CARTESIAN_POINT('',(1.4,0.115,0.475));
#10443 = VECTOR('',#10444,1.);
#10444 = DIRECTION('',(1.,2.22044604925E-16,0.));
#10445 = ORIENTED_EDGE('',*,*,#9862,.T.);
#10446 = ORIENTED_EDGE('',*,*,#10447,.T.);
#10447 = EDGE_CURVE('',#9855,#10448,#10450,.T.);
#10448 = VERTEX_POINT('',#10449);
#10449 = CARTESIAN_POINT('',(1.7,-0.115,0.475));
#10450 = LINE('',#10451,#10452);
#10451 = CARTESIAN_POINT('',(1.4,-0.115,0.475));
#10452 = VECTOR('',#10453,1.);
#10453 = DIRECTION('',(1.,2.22044604925E-16,0.));
#10454 = ORIENTED_EDGE('',*,*,#10455,.F.);
#10455 = EDGE_CURVE('',#10439,#10448,#10456,.T.);
#10456 = LINE('',#10457,#10458);
#10457 = CARTESIAN_POINT('',(1.7,0.115,0.475));
#10458 = VECTOR('',#10459,1.);
#10459 = DIRECTION('',(2.22044604925E-16,-1.,0.));
#10460 = PLANE('',#10461);
#10461 = AXIS2_PLACEMENT_3D('',#10462,#10463,#10464);
#10462 = CARTESIAN_POINT('',(1.4,0.115,0.475));
#10463 = DIRECTION('',(0.,0.,1.));
#10464 = DIRECTION('',(1.,2.22044604925E-16,-0.));
#10465 = ADVANCED_FACE('',(#10466),#10483,.F.);
#10466 = FACE_BOUND('',#10467,.F.);
#10467 = EDGE_LOOP('',(#10468,#10469,#10470,#10478));
#10468 = ORIENTED_EDGE('',*,*,#10178,.T.);
#10469 = ORIENTED_EDGE('',*,*,#9931,.T.);
#10470 = ORIENTED_EDGE('',*,*,#10471,.F.);
#10471 = EDGE_CURVE('',#10472,#9932,#10474,.T.);
#10472 = VERTEX_POINT('',#10473);
#10473 = CARTESIAN_POINT('',(1.3,1.5,0.625));
#10474 = LINE('',#10475,#10476);
#10475 = CARTESIAN_POINT('',(1.3,1.5,0.625));
#10476 = VECTOR('',#10477,1.);
#10477 = DIRECTION('',(0.707106781187,-0.707106781187,0.));
#10478 = ORIENTED_EDGE('',*,*,#10479,.F.);
#10479 = EDGE_CURVE('',#10179,#10472,#10480,.T.);
#10480 = B_SPLINE_CURVE_WITH_KNOTS('',1,(#10481,#10482),.UNSPECIFIED.,
  .F.,.F.,(2,2),(0.,1.),.PIECEWISE_BEZIER_KNOTS.);
#10481 = CARTESIAN_POINT('',(1.3,1.5,0.475));
#10482 = CARTESIAN_POINT('',(1.3,1.5,0.625));
#10483 = PLANE('',#10484);
#10484 = AXIS2_PLACEMENT_3D('',#10485,#10486,#10487);
#10485 = CARTESIAN_POINT('',(1.3,1.5,0.625));
#10486 = DIRECTION('',(-0.707106781187,-0.707106781187,0.));
#10487 = DIRECTION('',(0.707106781187,-0.707106781187,0.));
#10488 = ADVANCED_FACE('',(#10489),#10506,.F.);
#10489 = FACE_BOUND('',#10490,.F.);
#10490 = EDGE_LOOP('',(#10491,#10498,#10499,#10500));
#10491 = ORIENTED_EDGE('',*,*,#10492,.F.);
#10492 = EDGE_CURVE('',#9932,#10493,#10495,.T.);
#10493 = VERTEX_POINT('',#10494);
#10494 = CARTESIAN_POINT('',(1.45,1.275,0.625));
#10495 = B_SPLINE_CURVE_WITH_KNOTS('',1,(#10496,#10497),.UNSPECIFIED.,
  .F.,.F.,(2,2),(0.,1.),.PIECEWISE_BEZIER_KNOTS.);
#10496 = CARTESIAN_POINT('',(1.5,1.3,0.625));
#10497 = CARTESIAN_POINT('',(1.45,1.275,0.625));
#10498 = ORIENTED_EDGE('',*,*,#9940,.T.);
#10499 = ORIENTED_EDGE('',*,*,#9978,.T.);
#10500 = ORIENTED_EDGE('',*,*,#10501,.F.);
#10501 = EDGE_CURVE('',#10493,#9971,#10502,.T.);
#10502 = LINE('',#10503,#10504);
#10503 = CARTESIAN_POINT('',(1.45,1.275,0.625));
#10504 = VECTOR('',#10505,1.);
#10505 = DIRECTION('',(2.22044604925E-16,-1.,0.));
#10506 = B_SPLINE_SURFACE_WITH_KNOTS('',1,1,(
    (#10507,#10508)
    ,(#10509,#10510
    )),.UNSPECIFIED.,.F.,.F.,.F.,(2,2),(2,2),(0.,2.6),(0.,1.),
  .PIECEWISE_BEZIER_KNOTS.);
#10507 = CARTESIAN_POINT('',(1.5,1.3,0.625));
#10508 = CARTESIAN_POINT('',(1.45,1.275,0.625));
#10509 = CARTESIAN_POINT('',(1.5,-1.3,0.625));
#10510 = CARTESIAN_POINT('',(1.45,-1.275,0.625));
#10511 = ADVANCED_FACE('',(#10512),#10608,.F.);
#10512 = FACE_BOUND('',#10513,.F.);
#10513 = EDGE_LOOP('',(#10514,#10515,#10516,#10524,#10532,#10540,#10548,
    #10556,#10564,#10572,#10580,#10588,#10595,#10603));
#10514 = ORIENTED_EDGE('',*,*,#10501,.T.);
#10515 = ORIENTED_EDGE('',*,*,#9970,.T.);
#10516 = ORIENTED_EDGE('',*,*,#10517,.T.);
#10517 = EDGE_CURVE('',#9963,#10518,#10520,.T.);
#10518 = VERTEX_POINT('',#10519);
#10519 = CARTESIAN_POINT('',(1.45,0.615,0.625));
#10520 = LINE('',#10521,#10522);
#10521 = CARTESIAN_POINT('',(1.45,1.275,0.625));
#10522 = VECTOR('',#10523,1.);
#10523 = DIRECTION('',(2.22044604925E-16,-1.,0.));
#10524 = ORIENTED_EDGE('',*,*,#10525,.T.);
#10525 = EDGE_CURVE('',#10518,#10526,#10528,.T.);
#10526 = VERTEX_POINT('',#10527);
#10527 = CARTESIAN_POINT('',(1.45,0.385,0.625));
#10528 = LINE('',#10529,#10530);
#10529 = CARTESIAN_POINT('',(1.45,1.275,0.625));
#10530 = VECTOR('',#10531,1.);
#10531 = DIRECTION('',(2.22044604925E-16,-1.,0.));
#10532 = ORIENTED_EDGE('',*,*,#10533,.T.);
#10533 = EDGE_CURVE('',#10526,#10534,#10536,.T.);
#10534 = VERTEX_POINT('',#10535);
#10535 = CARTESIAN_POINT('',(1.45,0.115,0.625));
#10536 = LINE('',#10537,#10538);
#10537 = CARTESIAN_POINT('',(1.45,1.275,0.625));
#10538 = VECTOR('',#10539,1.);
#10539 = DIRECTION('',(2.22044604925E-16,-1.,0.));
#10540 = ORIENTED_EDGE('',*,*,#10541,.T.);
#10541 = EDGE_CURVE('',#10534,#10542,#10544,.T.);
#10542 = VERTEX_POINT('',#10543);
#10543 = CARTESIAN_POINT('',(1.45,-0.115,0.625));
#10544 = LINE('',#10545,#10546);
#10545 = CARTESIAN_POINT('',(1.45,1.275,0.625));
#10546 = VECTOR('',#10547,1.);
#10547 = DIRECTION('',(2.22044604925E-16,-1.,0.));
#10548 = ORIENTED_EDGE('',*,*,#10549,.T.);
#10549 = EDGE_CURVE('',#10542,#10550,#10552,.T.);
#10550 = VERTEX_POINT('',#10551);
#10551 = CARTESIAN_POINT('',(1.45,-0.385,0.625));
#10552 = LINE('',#10553,#10554);
#10553 = CARTESIAN_POINT('',(1.45,1.275,0.625));
#10554 = VECTOR('',#10555,1.);
#10555 = DIRECTION('',(2.22044604925E-16,-1.,0.));
#10556 = ORIENTED_EDGE('',*,*,#10557,.T.);
#10557 = EDGE_CURVE('',#10550,#10558,#10560,.T.);
#10558 = VERTEX_POINT('',#10559);
#10559 = CARTESIAN_POINT('',(1.45,-0.615,0.625));
#10560 = LINE('',#10561,#10562);
#10561 = CARTESIAN_POINT('',(1.45,1.275,0.625));
#10562 = VECTOR('',#10563,1.);
#10563 = DIRECTION('',(2.22044604925E-16,-1.,0.));
#10564 = ORIENTED_EDGE('',*,*,#10565,.T.);
#10565 = EDGE_CURVE('',#10558,#10566,#10568,.T.);
#10566 = VERTEX_POINT('',#10567);
#10567 = CARTESIAN_POINT('',(1.45,-0.885,0.625));
#10568 = LINE('',#10569,#10570);
#10569 = CARTESIAN_POINT('',(1.45,1.275,0.625));
#10570 = VECTOR('',#10571,1.);
#10571 = DIRECTION('',(2.22044604925E-16,-1.,0.));
#10572 = ORIENTED_EDGE('',*,*,#10573,.T.);
#10573 = EDGE_CURVE('',#10566,#10574,#10576,.T.);
#10574 = VERTEX_POINT('',#10575);
#10575 = CARTESIAN_POINT('',(1.45,-1.115,0.625));
#10576 = LINE('',#10577,#10578);
#10577 = CARTESIAN_POINT('',(1.45,1.275,0.625));
#10578 = VECTOR('',#10579,1.);
#10579 = DIRECTION('',(2.22044604925E-16,-1.,0.));
#10580 = ORIENTED_EDGE('',*,*,#10581,.T.);
#10581 = EDGE_CURVE('',#10574,#10582,#10584,.T.);
#10582 = VERTEX_POINT('',#10583);
#10583 = CARTESIAN_POINT('',(1.45,-1.275,0.625));
#10584 = LINE('',#10585,#10586);
#10585 = CARTESIAN_POINT('',(1.45,1.275,0.625));
#10586 = VECTOR('',#10587,1.);
#10587 = DIRECTION('',(2.22044604925E-16,-1.,0.));
#10588 = ORIENTED_EDGE('',*,*,#10589,.T.);
#10589 = EDGE_CURVE('',#10582,#10590,#10592,.T.);
#10590 = VERTEX_POINT('',#10591);
#10591 = CARTESIAN_POINT('',(1.370291289374,-1.235145644687,1.));
#10592 = B_SPLINE_CURVE_WITH_KNOTS('',1,(#10593,#10594),.UNSPECIFIED.,
  .F.,.F.,(2,2),(0.,1.),.PIECEWISE_BEZIER_KNOTS.);
#10593 = CARTESIAN_POINT('',(1.45,-1.275,0.625));
#10594 = CARTESIAN_POINT('',(1.370291289374,-1.235145644687,1.));
#10595 = ORIENTED_EDGE('',*,*,#10596,.F.);
#10596 = EDGE_CURVE('',#10597,#10590,#10599,.T.);
#10597 = VERTEX_POINT('',#10598);
#10598 = CARTESIAN_POINT('',(1.370291289374,1.235145644687,1.));
#10599 = LINE('',#10600,#10601);
#10600 = CARTESIAN_POINT('',(1.370291289374,1.235145644687,1.));
#10601 = VECTOR('',#10602,1.);
#10602 = DIRECTION('',(2.22044604925E-16,-1.,0.));
#10603 = ORIENTED_EDGE('',*,*,#10604,.F.);
#10604 = EDGE_CURVE('',#10493,#10597,#10605,.T.);
#10605 = B_SPLINE_CURVE_WITH_KNOTS('',1,(#10606,#10607),.UNSPECIFIED.,
  .F.,.F.,(2,2),(0.,1.),.PIECEWISE_BEZIER_KNOTS.);
#10606 = CARTESIAN_POINT('',(1.45,1.275,0.625));
#10607 = CARTESIAN_POINT('',(1.370291289374,1.235145644687,1.));
#10608 = B_SPLINE_SURFACE_WITH_KNOTS('',1,1,(
    (#10609,#10610)
    ,(#10611,#10612
    )),.UNSPECIFIED.,.F.,.F.,.F.,(2,2),(2,2),(0.,2.55),(0.,1.),
  .PIECEWISE_BEZIER_KNOTS.);
#10609 = CARTESIAN_POINT('',(1.45,1.275,0.625));
#10610 = CARTESIAN_POINT('',(1.370291289374,1.235145644687,1.));
#10611 = CARTESIAN_POINT('',(1.45,-1.275,0.625));
#10612 = CARTESIAN_POINT('',(1.370291289374,-1.235145644687,1.));
#10613 = ADVANCED_FACE('',(#10614),#10625,.F.);
#10614 = FACE_BOUND('',#10615,.F.);
#10615 = EDGE_LOOP('',(#10616,#10617,#10618,#10624));
#10616 = ORIENTED_EDGE('',*,*,#9962,.F.);
#10617 = ORIENTED_EDGE('',*,*,#10099,.T.);
#10618 = ORIENTED_EDGE('',*,*,#10619,.T.);
#10619 = EDGE_CURVE('',#10092,#10518,#10620,.T.);
#10620 = LINE('',#10621,#10622);
#10621 = CARTESIAN_POINT('',(1.7,0.615,0.625));
#10622 = VECTOR('',#10623,1.);
#10623 = DIRECTION('',(-1.,-2.22044604925E-16,0.));
#10624 = ORIENTED_EDGE('',*,*,#10517,.F.);
#10625 = B_SPLINE_SURFACE_WITH_KNOTS('',1,1,(
    (#10626,#10627)
    ,(#10628,#10629
    )),.UNSPECIFIED.,.F.,.F.,.F.,(2,2),(2,2),(0.,2.6),(0.,1.),
  .PIECEWISE_BEZIER_KNOTS.);
#10626 = CARTESIAN_POINT('',(1.5,1.3,0.625));
#10627 = CARTESIAN_POINT('',(1.45,1.275,0.625));
#10628 = CARTESIAN_POINT('',(1.5,-1.3,0.625));
#10629 = CARTESIAN_POINT('',(1.45,-1.275,0.625));
#10630 = ADVANCED_FACE('',(#10631),#10717,.F.);
#10631 = FACE_BOUND('',#10632,.F.);
#10632 = EDGE_LOOP('',(#10633,#10634,#10635,#10644,#10652,#10661,#10669,
    #10677,#10685,#10694,#10702,#10711));
#10633 = ORIENTED_EDGE('',*,*,#10091,.F.);
#10634 = ORIENTED_EDGE('',*,*,#10314,.T.);
#10635 = ORIENTED_EDGE('',*,*,#10636,.T.);
#10636 = EDGE_CURVE('',#10315,#10637,#10639,.T.);
#10637 = VERTEX_POINT('',#10638);
#10638 = CARTESIAN_POINT('',(1.8,0.615,0.375));
#10639 = CIRCLE('',#10640,0.1);
#10640 = AXIS2_PLACEMENT_3D('',#10641,#10642,#10643);
#10641 = CARTESIAN_POINT('',(1.7,0.615,0.375));
#10642 = DIRECTION('',(-2.22044604925E-16,1.,0.));
#10643 = DIRECTION('',(-2.22044604925E-15,-4.93038065763E-31,1.));
#10644 = ORIENTED_EDGE('',*,*,#10645,.T.);
#10645 = EDGE_CURVE('',#10637,#10646,#10648,.T.);
#10646 = VERTEX_POINT('',#10647);
#10647 = CARTESIAN_POINT('',(1.8,0.615,0.25));
#10648 = LINE('',#10649,#10650);
#10649 = CARTESIAN_POINT('',(1.8,0.615,0.375));
#10650 = VECTOR('',#10651,1.);
#10651 = DIRECTION('',(0.,0.,-1.));
#10652 = ORIENTED_EDGE('',*,*,#10653,.T.);
#10653 = EDGE_CURVE('',#10646,#10654,#10656,.T.);
#10654 = VERTEX_POINT('',#10655);
#10655 = CARTESIAN_POINT('',(2.05,0.615,5.551115123126E-17));
#10656 = CIRCLE('',#10657,0.25);
#10657 = AXIS2_PLACEMENT_3D('',#10658,#10659,#10660);
#10658 = CARTESIAN_POINT('',(2.05,0.615,0.25));
#10659 = DIRECTION('',(2.22044604925E-16,-1.,0.));
#10660 = DIRECTION('',(-1.,-2.22044604925E-16,-1.33226762955E-15));
#10661 = ORIENTED_EDGE('',*,*,#10662,.T.);
#10662 = EDGE_CURVE('',#10654,#10663,#10665,.T.);
#10663 = VERTEX_POINT('',#10664);
#10664 = CARTESIAN_POINT('',(2.45,0.615,5.551115123126E-17));
#10665 = LINE('',#10666,#10667);
#10666 = CARTESIAN_POINT('',(2.05,0.615,5.551115123126E-17));
#10667 = VECTOR('',#10668,1.);
#10668 = DIRECTION('',(1.,2.22044604925E-16,0.));
#10669 = ORIENTED_EDGE('',*,*,#10670,.T.);
#10670 = EDGE_CURVE('',#10663,#10671,#10673,.T.);
#10671 = VERTEX_POINT('',#10672);
#10672 = CARTESIAN_POINT('',(2.45,0.615,0.15));
#10673 = LINE('',#10674,#10675);
#10674 = CARTESIAN_POINT('',(2.45,0.615,5.551115123126E-17));
#10675 = VECTOR('',#10676,1.);
#10676 = DIRECTION('',(0.,0.,1.));
#10677 = ORIENTED_EDGE('',*,*,#10678,.T.);
#10678 = EDGE_CURVE('',#10671,#10679,#10681,.T.);
#10679 = VERTEX_POINT('',#10680);
#10680 = CARTESIAN_POINT('',(2.05,0.615,0.15));
#10681 = LINE('',#10682,#10683);
#10682 = CARTESIAN_POINT('',(2.45,0.615,0.15));
#10683 = VECTOR('',#10684,1.);
#10684 = DIRECTION('',(-1.,-2.22044604925E-16,0.));
#10685 = ORIENTED_EDGE('',*,*,#10686,.T.);
#10686 = EDGE_CURVE('',#10679,#10687,#10689,.T.);
#10687 = VERTEX_POINT('',#10688);
#10688 = CARTESIAN_POINT('',(1.95,0.615,0.25));
#10689 = CIRCLE('',#10690,0.1);
#10690 = AXIS2_PLACEMENT_3D('',#10691,#10692,#10693);
#10691 = CARTESIAN_POINT('',(2.05,0.615,0.25));
#10692 = DIRECTION('',(-2.22044604925E-16,1.,0.));
#10693 = DIRECTION('',(0.,0.,-1.));
#10694 = ORIENTED_EDGE('',*,*,#10695,.T.);
#10695 = EDGE_CURVE('',#10687,#10696,#10698,.T.);
#10696 = VERTEX_POINT('',#10697);
#10697 = CARTESIAN_POINT('',(1.95,0.615,0.375));
#10698 = LINE('',#10699,#10700);
#10699 = CARTESIAN_POINT('',(1.95,0.615,0.25));
#10700 = VECTOR('',#10701,1.);
#10701 = DIRECTION('',(0.,0.,1.));
#10702 = ORIENTED_EDGE('',*,*,#10703,.T.);
#10703 = EDGE_CURVE('',#10696,#10704,#10706,.T.);
#10704 = VERTEX_POINT('',#10705);
#10705 = CARTESIAN_POINT('',(1.7,0.615,0.625));
#10706 = CIRCLE('',#10707,0.25);
#10707 = AXIS2_PLACEMENT_3D('',#10708,#10709,#10710);
#10708 = CARTESIAN_POINT('',(1.7,0.615,0.375));
#10709 = DIRECTION('',(2.22044604925E-16,-1.,0.));
#10710 = DIRECTION('',(1.,2.22044604925E-16,8.881784197001E-16));
#10711 = ORIENTED_EDGE('',*,*,#10712,.T.);
#10712 = EDGE_CURVE('',#10704,#10092,#10713,.T.);
#10713 = LINE('',#10714,#10715);
#10714 = CARTESIAN_POINT('',(1.7,0.615,0.625));
#10715 = VECTOR('',#10716,1.);
#10716 = DIRECTION('',(-1.,-2.22044604925E-16,0.));
#10717 = PLANE('',#10718);
#10718 = AXIS2_PLACEMENT_3D('',#10719,#10720,#10721);
#10719 = CARTESIAN_POINT('',(1.914512156711,0.615,0.296859771302));
#10720 = DIRECTION('',(2.22044604925E-16,-1.,0.));
#10721 = DIRECTION('',(0.,0.,1.));
#10722 = ADVANCED_FACE('',(#10723),#10740,.F.);
#10723 = FACE_BOUND('',#10724,.F.);
#10724 = EDGE_LOOP('',(#10725,#10726,#10727,#10735));
#10725 = ORIENTED_EDGE('',*,*,#10113,.T.);
#10726 = ORIENTED_EDGE('',*,*,#10186,.T.);
#10727 = ORIENTED_EDGE('',*,*,#10728,.F.);
#10728 = EDGE_CURVE('',#10729,#10179,#10731,.T.);
#10729 = VERTEX_POINT('',#10730);
#10730 = CARTESIAN_POINT('',(-1.3,1.5,0.475));
#10731 = LINE('',#10732,#10733);
#10732 = CARTESIAN_POINT('',(-1.3,1.5,0.475));
#10733 = VECTOR('',#10734,1.);
#10734 = DIRECTION('',(1.,2.22044604925E-16,0.));
#10735 = ORIENTED_EDGE('',*,*,#10736,.F.);
#10736 = EDGE_CURVE('',#10114,#10729,#10737,.T.);
#10737 = B_SPLINE_CURVE_WITH_KNOTS('',1,(#10738,#10739),.UNSPECIFIED.,
  .F.,.F.,(2,2),(0.,1.),.PIECEWISE_BEZIER_KNOTS.);
#10738 = CARTESIAN_POINT('',(-1.260145644687,1.420291289374,0.1));
#10739 = CARTESIAN_POINT('',(-1.3,1.5,0.475));
#10740 = B_SPLINE_SURFACE_WITH_KNOTS('',1,1,(
    (#10741,#10742)
    ,(#10743,#10744
    )),.UNSPECIFIED.,.F.,.F.,.F.,(2,2),(2,2),(0.,2.6),(0.,1.),
  .PIECEWISE_BEZIER_KNOTS.);
#10741 = CARTESIAN_POINT('',(-1.260145644687,1.420291289374,0.1));
#10742 = CARTESIAN_POINT('',(-1.3,1.5,0.475));
#10743 = CARTESIAN_POINT('',(1.260145644687,1.420291289374,0.1));
#10744 = CARTESIAN_POINT('',(1.3,1.5,0.475));
#10745 = ADVANCED_FACE('',(#10746),#10763,.F.);
#10746 = FACE_BOUND('',#10747,.F.);
#10747 = EDGE_LOOP('',(#10748,#10749,#10756,#10762));
#10748 = ORIENTED_EDGE('',*,*,#10138,.T.);
#10749 = ORIENTED_EDGE('',*,*,#10750,.T.);
#10750 = EDGE_CURVE('',#10139,#10751,#10753,.T.);
#10751 = VERTEX_POINT('',#10752);
#10752 = CARTESIAN_POINT('',(-1.3,-1.5,0.475));
#10753 = B_SPLINE_CURVE_WITH_KNOTS('',1,(#10754,#10755),.UNSPECIFIED.,
  .F.,.F.,(2,2),(0.,1.),.PIECEWISE_BEZIER_KNOTS.);
#10754 = CARTESIAN_POINT('',(-1.260145644687,-1.420291289374,0.1));
#10755 = CARTESIAN_POINT('',(-1.3,-1.5,0.475));
#10756 = ORIENTED_EDGE('',*,*,#10757,.F.);
#10757 = EDGE_CURVE('',#10201,#10751,#10758,.T.);
#10758 = LINE('',#10759,#10760);
#10759 = CARTESIAN_POINT('',(1.3,-1.5,0.475));
#10760 = VECTOR('',#10761,1.);
#10761 = DIRECTION('',(-1.,-2.22044604925E-16,0.));
#10762 = ORIENTED_EDGE('',*,*,#10200,.F.);
#10763 = B_SPLINE_SURFACE_WITH_KNOTS('',1,1,(
    (#10764,#10765)
    ,(#10766,#10767
    )),.UNSPECIFIED.,.F.,.F.,.F.,(2,2),(2,2),(0.,2.6),(0.,1.),
  .PIECEWISE_BEZIER_KNOTS.);
#10764 = CARTESIAN_POINT('',(1.260145644687,-1.420291289374,0.1));
#10765 = CARTESIAN_POINT('',(1.3,-1.5,0.475));
#10766 = CARTESIAN_POINT('',(-1.260145644687,-1.420291289374,0.1));
#10767 = CARTESIAN_POINT('',(-1.3,-1.5,0.475));
#10768 = ADVANCED_FACE('',(#10769),#10786,.F.);
#10769 = FACE_BOUND('',#10770,.F.);
#10770 = EDGE_LOOP('',(#10771,#10772,#10779,#10785));
#10771 = ORIENTED_EDGE('',*,*,#10146,.T.);
#10772 = ORIENTED_EDGE('',*,*,#10773,.T.);
#10773 = EDGE_CURVE('',#10147,#10774,#10776,.T.);
#10774 = VERTEX_POINT('',#10775);
#10775 = CARTESIAN_POINT('',(-1.5,-1.3,0.475));
#10776 = B_SPLINE_CURVE_WITH_KNOTS('',1,(#10777,#10778),.UNSPECIFIED.,
  .F.,.F.,(2,2),(0.,1.),.PIECEWISE_BEZIER_KNOTS.);
#10777 = CARTESIAN_POINT('',(-1.420291289374,-1.260145644687,0.1));
#10778 = CARTESIAN_POINT('',(-1.5,-1.3,0.475));
#10779 = ORIENTED_EDGE('',*,*,#10780,.F.);
#10780 = EDGE_CURVE('',#10751,#10774,#10781,.T.);
#10781 = LINE('',#10782,#10783);
#10782 = CARTESIAN_POINT('',(-1.3,-1.5,0.475));
#10783 = VECTOR('',#10784,1.);
#10784 = DIRECTION('',(-0.707106781187,0.707106781187,0.));
#10785 = ORIENTED_EDGE('',*,*,#10750,.F.);
#10786 = B_SPLINE_SURFACE_WITH_KNOTS('',1,1,(
    (#10787,#10788)
    ,(#10789,#10790
    )),.UNSPECIFIED.,.F.,.F.,.F.,(2,2),(2,2),(0.,0.282842712475),(0.,1.)
  ,.PIECEWISE_BEZIER_KNOTS.);
#10787 = CARTESIAN_POINT('',(-1.260145644687,-1.420291289374,0.1));
#10788 = CARTESIAN_POINT('',(-1.3,-1.5,0.475));
#10789 = CARTESIAN_POINT('',(-1.420291289374,-1.260145644687,0.1));
#10790 = CARTESIAN_POINT('',(-1.5,-1.3,0.475));
#10791 = ADVANCED_FACE('',(#10792),#10889,.F.);
#10792 = FACE_BOUND('',#10793,.F.);
#10793 = EDGE_LOOP('',(#10794,#10795,#10802,#10810,#10818,#10826,#10834,
    #10842,#10850,#10858,#10866,#10874,#10882,#10888));
#10794 = ORIENTED_EDGE('',*,*,#10154,.T.);
#10795 = ORIENTED_EDGE('',*,*,#10796,.T.);
#10796 = EDGE_CURVE('',#10155,#10797,#10799,.T.);
#10797 = VERTEX_POINT('',#10798);
#10798 = CARTESIAN_POINT('',(-1.5,1.3,0.475));
#10799 = B_SPLINE_CURVE_WITH_KNOTS('',1,(#10800,#10801),.UNSPECIFIED.,
  .F.,.F.,(2,2),(0.,1.),.PIECEWISE_BEZIER_KNOTS.);
#10800 = CARTESIAN_POINT('',(-1.420291289374,1.260145644687,0.1));
#10801 = CARTESIAN_POINT('',(-1.5,1.3,0.475));
#10802 = ORIENTED_EDGE('',*,*,#10803,.F.);
#10803 = EDGE_CURVE('',#10804,#10797,#10806,.T.);
#10804 = VERTEX_POINT('',#10805);
#10805 = CARTESIAN_POINT('',(-1.5,1.115,0.475));
#10806 = LINE('',#10807,#10808);
#10807 = CARTESIAN_POINT('',(-1.5,-1.3,0.475));
#10808 = VECTOR('',#10809,1.);
#10809 = DIRECTION('',(-2.22044604925E-16,1.,0.));
#10810 = ORIENTED_EDGE('',*,*,#10811,.F.);
#10811 = EDGE_CURVE('',#10812,#10804,#10814,.T.);
#10812 = VERTEX_POINT('',#10813);
#10813 = CARTESIAN_POINT('',(-1.5,0.885,0.475));
#10814 = LINE('',#10815,#10816);
#10815 = CARTESIAN_POINT('',(-1.5,-1.3,0.475));
#10816 = VECTOR('',#10817,1.);
#10817 = DIRECTION('',(-2.22044604925E-16,1.,0.));
#10818 = ORIENTED_EDGE('',*,*,#10819,.F.);
#10819 = EDGE_CURVE('',#10820,#10812,#10822,.T.);
#10820 = VERTEX_POINT('',#10821);
#10821 = CARTESIAN_POINT('',(-1.5,0.615,0.475));
#10822 = LINE('',#10823,#10824);
#10823 = CARTESIAN_POINT('',(-1.5,-1.3,0.475));
#10824 = VECTOR('',#10825,1.);
#10825 = DIRECTION('',(-2.22044604925E-16,1.,0.));
#10826 = ORIENTED_EDGE('',*,*,#10827,.F.);
#10827 = EDGE_CURVE('',#10828,#10820,#10830,.T.);
#10828 = VERTEX_POINT('',#10829);
#10829 = CARTESIAN_POINT('',(-1.5,0.385,0.475));
#10830 = LINE('',#10831,#10832);
#10831 = CARTESIAN_POINT('',(-1.5,-1.3,0.475));
#10832 = VECTOR('',#10833,1.);
#10833 = DIRECTION('',(-2.22044604925E-16,1.,0.));
#10834 = ORIENTED_EDGE('',*,*,#10835,.F.);
#10835 = EDGE_CURVE('',#10836,#10828,#10838,.T.);
#10836 = VERTEX_POINT('',#10837);
#10837 = CARTESIAN_POINT('',(-1.5,0.115,0.475));
#10838 = LINE('',#10839,#10840);
#10839 = CARTESIAN_POINT('',(-1.5,-1.3,0.475));
#10840 = VECTOR('',#10841,1.);
#10841 = DIRECTION('',(-2.22044604925E-16,1.,0.));
#10842 = ORIENTED_EDGE('',*,*,#10843,.F.);
#10843 = EDGE_CURVE('',#10844,#10836,#10846,.T.);
#10844 = VERTEX_POINT('',#10845);
#10845 = CARTESIAN_POINT('',(-1.5,-0.115,0.475));
#10846 = LINE('',#10847,#10848);
#10847 = CARTESIAN_POINT('',(-1.5,-1.3,0.475));
#10848 = VECTOR('',#10849,1.);
#10849 = DIRECTION('',(-2.22044604925E-16,1.,0.));
#10850 = ORIENTED_EDGE('',*,*,#10851,.F.);
#10851 = EDGE_CURVE('',#10852,#10844,#10854,.T.);
#10852 = VERTEX_POINT('',#10853);
#10853 = CARTESIAN_POINT('',(-1.5,-0.385,0.475));
#10854 = LINE('',#10855,#10856);
#10855 = CARTESIAN_POINT('',(-1.5,-1.3,0.475));
#10856 = VECTOR('',#10857,1.);
#10857 = DIRECTION('',(-2.22044604925E-16,1.,0.));
#10858 = ORIENTED_EDGE('',*,*,#10859,.F.);
#10859 = EDGE_CURVE('',#10860,#10852,#10862,.T.);
#10860 = VERTEX_POINT('',#10861);
#10861 = CARTESIAN_POINT('',(-1.5,-0.615,0.475));
#10862 = LINE('',#10863,#10864);
#10863 = CARTESIAN_POINT('',(-1.5,-1.3,0.475));
#10864 = VECTOR('',#10865,1.);
#10865 = DIRECTION('',(-2.22044604925E-16,1.,0.));
#10866 = ORIENTED_EDGE('',*,*,#10867,.F.);
#10867 = EDGE_CURVE('',#10868,#10860,#10870,.T.);
#10868 = VERTEX_POINT('',#10869);
#10869 = CARTESIAN_POINT('',(-1.5,-0.885,0.475));
#10870 = LINE('',#10871,#10872);
#10871 = CARTESIAN_POINT('',(-1.5,-1.3,0.475));
#10872 = VECTOR('',#10873,1.);
#10873 = DIRECTION('',(-2.22044604925E-16,1.,0.));
#10874 = ORIENTED_EDGE('',*,*,#10875,.F.);
#10875 = EDGE_CURVE('',#10876,#10868,#10878,.T.);
#10876 = VERTEX_POINT('',#10877);
#10877 = CARTESIAN_POINT('',(-1.5,-1.115,0.475));
#10878 = LINE('',#10879,#10880);
#10879 = CARTESIAN_POINT('',(-1.5,-1.3,0.475));
#10880 = VECTOR('',#10881,1.);
#10881 = DIRECTION('',(-2.22044604925E-16,1.,0.));
#10882 = ORIENTED_EDGE('',*,*,#10883,.F.);
#10883 = EDGE_CURVE('',#10774,#10876,#10884,.T.);
#10884 = LINE('',#10885,#10886);
#10885 = CARTESIAN_POINT('',(-1.5,-1.3,0.475));
#10886 = VECTOR('',#10887,1.);
#10887 = DIRECTION('',(-2.22044604925E-16,1.,0.));
#10888 = ORIENTED_EDGE('',*,*,#10773,.F.);
#10889 = B_SPLINE_SURFACE_WITH_KNOTS('',1,1,(
    (#10890,#10891)
    ,(#10892,#10893
    )),.UNSPECIFIED.,.F.,.F.,.F.,(2,2),(2,2),(0.,2.6),(0.,1.),
  .PIECEWISE_BEZIER_KNOTS.);
#10890 = CARTESIAN_POINT('',(-1.420291289374,-1.260145644687,0.1));
#10891 = CARTESIAN_POINT('',(-1.5,-1.3,0.475));
#10892 = CARTESIAN_POINT('',(-1.420291289374,1.260145644687,0.1));
#10893 = CARTESIAN_POINT('',(-1.5,1.3,0.475));
#10894 = ADVANCED_FACE('',(#10895),#10906,.F.);
#10895 = FACE_BOUND('',#10896,.F.);
#10896 = EDGE_LOOP('',(#10897,#10898,#10899,#10905));
#10897 = ORIENTED_EDGE('',*,*,#10162,.T.);
#10898 = ORIENTED_EDGE('',*,*,#10736,.T.);
#10899 = ORIENTED_EDGE('',*,*,#10900,.F.);
#10900 = EDGE_CURVE('',#10797,#10729,#10901,.T.);
#10901 = LINE('',#10902,#10903);
#10902 = CARTESIAN_POINT('',(-1.5,1.3,0.475));
#10903 = VECTOR('',#10904,1.);
#10904 = DIRECTION('',(0.707106781187,0.707106781187,0.));
#10905 = ORIENTED_EDGE('',*,*,#10796,.F.);
#10906 = B_SPLINE_SURFACE_WITH_KNOTS('',1,1,(
    (#10907,#10908)
    ,(#10909,#10910
    )),.UNSPECIFIED.,.F.,.F.,.F.,(2,2),(2,2),(0.,0.282842712475),(0.,1.)
  ,.PIECEWISE_BEZIER_KNOTS.);
#10907 = CARTESIAN_POINT('',(-1.420291289374,1.260145644687,0.1));
#10908 = CARTESIAN_POINT('',(-1.5,1.3,0.475));
#10909 = CARTESIAN_POINT('',(-1.260145644687,1.420291289374,0.1));
#10910 = CARTESIAN_POINT('',(-1.3,1.5,0.475));
#10911 = ADVANCED_FACE('',(#10912),#10929,.F.);
#10912 = FACE_BOUND('',#10913,.F.);
#10913 = EDGE_LOOP('',(#10914,#10915,#10922,#10928));
#10914 = ORIENTED_EDGE('',*,*,#10207,.T.);
#10915 = ORIENTED_EDGE('',*,*,#10916,.T.);
#10916 = EDGE_CURVE('',#10201,#10917,#10919,.T.);
#10917 = VERTEX_POINT('',#10918);
#10918 = CARTESIAN_POINT('',(1.3,-1.5,0.625));
#10919 = B_SPLINE_CURVE_WITH_KNOTS('',1,(#10920,#10921),.UNSPECIFIED.,
  .F.,.F.,(2,2),(0.,1.),.PIECEWISE_BEZIER_KNOTS.);
#10920 = CARTESIAN_POINT('',(1.3,-1.5,0.475));
#10921 = CARTESIAN_POINT('',(1.3,-1.5,0.625));
#10922 = ORIENTED_EDGE('',*,*,#10923,.F.);
#10923 = EDGE_CURVE('',#10232,#10917,#10924,.T.);
#10924 = LINE('',#10925,#10926);
#10925 = CARTESIAN_POINT('',(1.5,-1.3,0.625));
#10926 = VECTOR('',#10927,1.);
#10927 = DIRECTION('',(-0.707106781187,-0.707106781187,0.));
#10928 = ORIENTED_EDGE('',*,*,#10231,.F.);
#10929 = PLANE('',#10930);
#10930 = AXIS2_PLACEMENT_3D('',#10931,#10932,#10933);
#10931 = CARTESIAN_POINT('',(1.5,-1.3,0.625));
#10932 = DIRECTION('',(-0.707106781187,0.707106781187,0.));
#10933 = DIRECTION('',(-0.707106781187,-0.707106781187,0.));
#10934 = ADVANCED_FACE('',(#10935),#11021,.T.);
#10935 = FACE_BOUND('',#10936,.T.);
#10936 = EDGE_LOOP('',(#10937,#10938,#10939,#10948,#10956,#10965,#10973,
    #10981,#10989,#10998,#11006,#11015));
#10937 = ORIENTED_EDGE('',*,*,#10222,.F.);
#10938 = ORIENTED_EDGE('',*,*,#10261,.T.);
#10939 = ORIENTED_EDGE('',*,*,#10940,.T.);
#10940 = EDGE_CURVE('',#10262,#10941,#10943,.T.);
#10941 = VERTEX_POINT('',#10942);
#10942 = CARTESIAN_POINT('',(1.8,-1.115,0.375));
#10943 = CIRCLE('',#10944,0.1);
#10944 = AXIS2_PLACEMENT_3D('',#10945,#10946,#10947);
#10945 = CARTESIAN_POINT('',(1.7,-1.115,0.375));
#10946 = DIRECTION('',(-2.22044604925E-16,1.,0.));
#10947 = DIRECTION('',(-2.22044604925E-15,-4.93038065763E-31,1.));
#10948 = ORIENTED_EDGE('',*,*,#10949,.T.);
#10949 = EDGE_CURVE('',#10941,#10950,#10952,.T.);
#10950 = VERTEX_POINT('',#10951);
#10951 = CARTESIAN_POINT('',(1.8,-1.115,0.25));
#10952 = LINE('',#10953,#10954);
#10953 = CARTESIAN_POINT('',(1.8,-1.115,0.375));
#10954 = VECTOR('',#10955,1.);
#10955 = DIRECTION('',(0.,0.,-1.));
#10956 = ORIENTED_EDGE('',*,*,#10957,.T.);
#10957 = EDGE_CURVE('',#10950,#10958,#10960,.T.);
#10958 = VERTEX_POINT('',#10959);
#10959 = CARTESIAN_POINT('',(2.05,-1.115,5.551115123126E-17));
#10960 = CIRCLE('',#10961,0.25);
#10961 = AXIS2_PLACEMENT_3D('',#10962,#10963,#10964);
#10962 = CARTESIAN_POINT('',(2.05,-1.115,0.25));
#10963 = DIRECTION('',(2.22044604925E-16,-1.,0.));
#10964 = DIRECTION('',(-1.,-2.22044604925E-16,-1.33226762955E-15));
#10965 = ORIENTED_EDGE('',*,*,#10966,.T.);
#10966 = EDGE_CURVE('',#10958,#10967,#10969,.T.);
#10967 = VERTEX_POINT('',#10968);
#10968 = CARTESIAN_POINT('',(2.45,-1.115,5.551115123126E-17));
#10969 = LINE('',#10970,#10971);
#10970 = CARTESIAN_POINT('',(2.05,-1.115,5.551115123126E-17));
#10971 = VECTOR('',#10972,1.);
#10972 = DIRECTION('',(1.,2.22044604925E-16,0.));
#10973 = ORIENTED_EDGE('',*,*,#10974,.T.);
#10974 = EDGE_CURVE('',#10967,#10975,#10977,.T.);
#10975 = VERTEX_POINT('',#10976);
#10976 = CARTESIAN_POINT('',(2.45,-1.115,0.15));
#10977 = LINE('',#10978,#10979);
#10978 = CARTESIAN_POINT('',(2.45,-1.115,5.551115123126E-17));
#10979 = VECTOR('',#10980,1.);
#10980 = DIRECTION('',(0.,0.,1.));
#10981 = ORIENTED_EDGE('',*,*,#10982,.T.);
#10982 = EDGE_CURVE('',#10975,#10983,#10985,.T.);
#10983 = VERTEX_POINT('',#10984);
#10984 = CARTESIAN_POINT('',(2.05,-1.115,0.15));
#10985 = LINE('',#10986,#10987);
#10986 = CARTESIAN_POINT('',(2.45,-1.115,0.15));
#10987 = VECTOR('',#10988,1.);
#10988 = DIRECTION('',(-1.,-2.22044604925E-16,0.));
#10989 = ORIENTED_EDGE('',*,*,#10990,.T.);
#10990 = EDGE_CURVE('',#10983,#10991,#10993,.T.);
#10991 = VERTEX_POINT('',#10992);
#10992 = CARTESIAN_POINT('',(1.95,-1.115,0.25));
#10993 = CIRCLE('',#10994,0.1);
#10994 = AXIS2_PLACEMENT_3D('',#10995,#10996,#10997);
#10995 = CARTESIAN_POINT('',(2.05,-1.115,0.25));
#10996 = DIRECTION('',(-2.22044604925E-16,1.,0.));
#10997 = DIRECTION('',(0.,0.,-1.));
#10998 = ORIENTED_EDGE('',*,*,#10999,.T.);
#10999 = EDGE_CURVE('',#10991,#11000,#11002,.T.);
#11000 = VERTEX_POINT('',#11001);
#11001 = CARTESIAN_POINT('',(1.95,-1.115,0.375));
#11002 = LINE('',#11003,#11004);
#11003 = CARTESIAN_POINT('',(1.95,-1.115,0.25));
#11004 = VECTOR('',#11005,1.);
#11005 = DIRECTION('',(0.,0.,1.));
#11006 = ORIENTED_EDGE('',*,*,#11007,.T.);
#11007 = EDGE_CURVE('',#11000,#11008,#11010,.T.);
#11008 = VERTEX_POINT('',#11009);
#11009 = CARTESIAN_POINT('',(1.7,-1.115,0.625));
#11010 = CIRCLE('',#11011,0.25);
#11011 = AXIS2_PLACEMENT_3D('',#11012,#11013,#11014);
#11012 = CARTESIAN_POINT('',(1.7,-1.115,0.375));
#11013 = DIRECTION('',(2.22044604925E-16,-1.,0.));
#11014 = DIRECTION('',(1.,2.22044604925E-16,8.881784197001E-16));
#11015 = ORIENTED_EDGE('',*,*,#11016,.T.);
#11016 = EDGE_CURVE('',#11008,#10223,#11017,.T.);
#11017 = LINE('',#11018,#11019);
#11018 = CARTESIAN_POINT('',(1.7,-1.115,0.625));
#11019 = VECTOR('',#11020,1.);
#11020 = DIRECTION('',(-1.,-2.22044604925E-16,0.));
#11021 = PLANE('',#11022);
#11022 = AXIS2_PLACEMENT_3D('',#11023,#11024,#11025);
#11023 = CARTESIAN_POINT('',(1.914512156711,-1.115,0.296859771302));
#11024 = DIRECTION('',(2.22044604925E-16,-1.,0.));
#11025 = DIRECTION('',(0.,0.,1.));
#11026 = ADVANCED_FACE('',(#11027),#11042,.F.);
#11027 = FACE_BOUND('',#11028,.F.);
#11028 = EDGE_LOOP('',(#11029,#11035,#11036,#11041));
#11029 = ORIENTED_EDGE('',*,*,#11030,.F.);
#11030 = EDGE_CURVE('',#10223,#10574,#11031,.T.);
#11031 = LINE('',#11032,#11033);
#11032 = CARTESIAN_POINT('',(1.7,-1.115,0.625));
#11033 = VECTOR('',#11034,1.);
#11034 = DIRECTION('',(-1.,-2.22044604925E-16,0.));
#11035 = ORIENTED_EDGE('',*,*,#10238,.T.);
#11036 = ORIENTED_EDGE('',*,*,#11037,.T.);
#11037 = EDGE_CURVE('',#10232,#10582,#11038,.T.);
#11038 = B_SPLINE_CURVE_WITH_KNOTS('',1,(#11039,#11040),.UNSPECIFIED.,
  .F.,.F.,(2,2),(0.,1.),.PIECEWISE_BEZIER_KNOTS.);
#11039 = CARTESIAN_POINT('',(1.5,-1.3,0.625));
#11040 = CARTESIAN_POINT('',(1.45,-1.275,0.625));
#11041 = ORIENTED_EDGE('',*,*,#10581,.F.);
#11042 = B_SPLINE_SURFACE_WITH_KNOTS('',1,1,(
    (#11043,#11044)
    ,(#11045,#11046
    )),.UNSPECIFIED.,.F.,.F.,.F.,(2,2),(2,2),(0.,2.6),(0.,1.),
  .PIECEWISE_BEZIER_KNOTS.);
#11043 = CARTESIAN_POINT('',(1.5,1.3,0.625));
#11044 = CARTESIAN_POINT('',(1.45,1.275,0.625));
#11045 = CARTESIAN_POINT('',(1.5,-1.3,0.625));
#11046 = CARTESIAN_POINT('',(1.45,-1.275,0.625));
#11047 = ADVANCED_FACE('',(#11048),#11134,.F.);
#11048 = FACE_BOUND('',#11049,.F.);
#11049 = EDGE_LOOP('',(#11050,#11051,#11052,#11061,#11069,#11078,#11086,
    #11094,#11102,#11111,#11119,#11128));
#11050 = ORIENTED_EDGE('',*,*,#10292,.F.);
#11051 = ORIENTED_EDGE('',*,*,#10252,.T.);
#11052 = ORIENTED_EDGE('',*,*,#11053,.T.);
#11053 = EDGE_CURVE('',#10253,#11054,#11056,.T.);
#11054 = VERTEX_POINT('',#11055);
#11055 = CARTESIAN_POINT('',(1.8,-0.885,0.375));
#11056 = CIRCLE('',#11057,0.1);
#11057 = AXIS2_PLACEMENT_3D('',#11058,#11059,#11060);
#11058 = CARTESIAN_POINT('',(1.7,-0.885,0.375));
#11059 = DIRECTION('',(-2.22044604925E-16,1.,0.));
#11060 = DIRECTION('',(-2.22044604925E-15,-4.93038065763E-31,1.));
#11061 = ORIENTED_EDGE('',*,*,#11062,.T.);
#11062 = EDGE_CURVE('',#11054,#11063,#11065,.T.);
#11063 = VERTEX_POINT('',#11064);
#11064 = CARTESIAN_POINT('',(1.8,-0.885,0.25));
#11065 = LINE('',#11066,#11067);
#11066 = CARTESIAN_POINT('',(1.8,-0.885,0.375));
#11067 = VECTOR('',#11068,1.);
#11068 = DIRECTION('',(0.,0.,-1.));
#11069 = ORIENTED_EDGE('',*,*,#11070,.T.);
#11070 = EDGE_CURVE('',#11063,#11071,#11073,.T.);
#11071 = VERTEX_POINT('',#11072);
#11072 = CARTESIAN_POINT('',(2.05,-0.885,5.551115123126E-17));
#11073 = CIRCLE('',#11074,0.25);
#11074 = AXIS2_PLACEMENT_3D('',#11075,#11076,#11077);
#11075 = CARTESIAN_POINT('',(2.05,-0.885,0.25));
#11076 = DIRECTION('',(2.22044604925E-16,-1.,0.));
#11077 = DIRECTION('',(-1.,-2.22044604925E-16,-1.33226762955E-15));
#11078 = ORIENTED_EDGE('',*,*,#11079,.T.);
#11079 = EDGE_CURVE('',#11071,#11080,#11082,.T.);
#11080 = VERTEX_POINT('',#11081);
#11081 = CARTESIAN_POINT('',(2.45,-0.885,5.551115123126E-17));
#11082 = LINE('',#11083,#11084);
#11083 = CARTESIAN_POINT('',(2.05,-0.885,5.551115123126E-17));
#11084 = VECTOR('',#11085,1.);
#11085 = DIRECTION('',(1.,2.22044604925E-16,0.));
#11086 = ORIENTED_EDGE('',*,*,#11087,.T.);
#11087 = EDGE_CURVE('',#11080,#11088,#11090,.T.);
#11088 = VERTEX_POINT('',#11089);
#11089 = CARTESIAN_POINT('',(2.45,-0.885,0.15));
#11090 = LINE('',#11091,#11092);
#11091 = CARTESIAN_POINT('',(2.45,-0.885,5.551115123126E-17));
#11092 = VECTOR('',#11093,1.);
#11093 = DIRECTION('',(0.,0.,1.));
#11094 = ORIENTED_EDGE('',*,*,#11095,.T.);
#11095 = EDGE_CURVE('',#11088,#11096,#11098,.T.);
#11096 = VERTEX_POINT('',#11097);
#11097 = CARTESIAN_POINT('',(2.05,-0.885,0.15));
#11098 = LINE('',#11099,#11100);
#11099 = CARTESIAN_POINT('',(2.45,-0.885,0.15));
#11100 = VECTOR('',#11101,1.);
#11101 = DIRECTION('',(-1.,-2.22044604925E-16,0.));
#11102 = ORIENTED_EDGE('',*,*,#11103,.T.);
#11103 = EDGE_CURVE('',#11096,#11104,#11106,.T.);
#11104 = VERTEX_POINT('',#11105);
#11105 = CARTESIAN_POINT('',(1.95,-0.885,0.25));
#11106 = CIRCLE('',#11107,0.1);
#11107 = AXIS2_PLACEMENT_3D('',#11108,#11109,#11110);
#11108 = CARTESIAN_POINT('',(2.05,-0.885,0.25));
#11109 = DIRECTION('',(-2.22044604925E-16,1.,0.));
#11110 = DIRECTION('',(0.,0.,-1.));
#11111 = ORIENTED_EDGE('',*,*,#11112,.T.);
#11112 = EDGE_CURVE('',#11104,#11113,#11115,.T.);
#11113 = VERTEX_POINT('',#11114);
#11114 = CARTESIAN_POINT('',(1.95,-0.885,0.375));
#11115 = LINE('',#11116,#11117);
#11116 = CARTESIAN_POINT('',(1.95,-0.885,0.25));
#11117 = VECTOR('',#11118,1.);
#11118 = DIRECTION('',(0.,0.,1.));
#11119 = ORIENTED_EDGE('',*,*,#11120,.T.);
#11120 = EDGE_CURVE('',#11113,#11121,#11123,.T.);
#11121 = VERTEX_POINT('',#11122);
#11122 = CARTESIAN_POINT('',(1.7,-0.885,0.625));
#11123 = CIRCLE('',#11124,0.25);
#11124 = AXIS2_PLACEMENT_3D('',#11125,#11126,#11127);
#11125 = CARTESIAN_POINT('',(1.7,-0.885,0.375));
#11126 = DIRECTION('',(2.22044604925E-16,-1.,0.));
#11127 = DIRECTION('',(1.,2.22044604925E-16,8.881784197001E-16));
#11128 = ORIENTED_EDGE('',*,*,#11129,.T.);
#11129 = EDGE_CURVE('',#11121,#10293,#11130,.T.);
#11130 = LINE('',#11131,#11132);
#11131 = CARTESIAN_POINT('',(1.7,-0.885,0.625));
#11132 = VECTOR('',#11133,1.);
#11133 = DIRECTION('',(-1.,-2.22044604925E-16,0.));
#11134 = PLANE('',#11135);
#11135 = AXIS2_PLACEMENT_3D('',#11136,#11137,#11138);
#11136 = CARTESIAN_POINT('',(1.914512156711,-0.885,0.296859771302));
#11137 = DIRECTION('',(2.22044604925E-16,-1.,0.));
#11138 = DIRECTION('',(0.,0.,1.));
#11139 = ADVANCED_FACE('',(#11140),#11151,.F.);
#11140 = FACE_BOUND('',#11141,.F.);
#11141 = EDGE_LOOP('',(#11142,#11143,#11144,#11150));
#11142 = ORIENTED_EDGE('',*,*,#10269,.T.);
#11143 = ORIENTED_EDGE('',*,*,#10940,.T.);
#11144 = ORIENTED_EDGE('',*,*,#11145,.F.);
#11145 = EDGE_CURVE('',#11054,#10941,#11146,.T.);
#11146 = LINE('',#11147,#11148);
#11147 = CARTESIAN_POINT('',(1.8,-0.885,0.375));
#11148 = VECTOR('',#11149,1.);
#11149 = DIRECTION('',(2.22044604925E-16,-1.,0.));
#11150 = ORIENTED_EDGE('',*,*,#11053,.F.);
#11151 = CYLINDRICAL_SURFACE('',#11152,0.1);
#11152 = AXIS2_PLACEMENT_3D('',#11153,#11154,#11155);
#11153 = CARTESIAN_POINT('',(1.7,-0.885,0.375));
#11154 = DIRECTION('',(-2.22044604925E-16,1.,0.));
#11155 = DIRECTION('',(-2.22044604925E-15,-4.93038065763E-31,1.));
#11156 = ADVANCED_FACE('',(#11157),#11243,.T.);
#11157 = FACE_BOUND('',#11158,.T.);
#11158 = EDGE_LOOP('',(#11159,#11160,#11161,#11170,#11178,#11187,#11195,
    #11203,#11211,#11220,#11228,#11237));
#11159 = ORIENTED_EDGE('',*,*,#10283,.F.);
#11160 = ORIENTED_EDGE('',*,*,#10354,.T.);
#11161 = ORIENTED_EDGE('',*,*,#11162,.T.);
#11162 = EDGE_CURVE('',#10355,#11163,#11165,.T.);
#11163 = VERTEX_POINT('',#11164);
#11164 = CARTESIAN_POINT('',(1.8,-0.615,0.375));
#11165 = CIRCLE('',#11166,0.1);
#11166 = AXIS2_PLACEMENT_3D('',#11167,#11168,#11169);
#11167 = CARTESIAN_POINT('',(1.7,-0.615,0.375));
#11168 = DIRECTION('',(-2.22044604925E-16,1.,0.));
#11169 = DIRECTION('',(-2.22044604925E-15,-4.93038065763E-31,1.));
#11170 = ORIENTED_EDGE('',*,*,#11171,.T.);
#11171 = EDGE_CURVE('',#11163,#11172,#11174,.T.);
#11172 = VERTEX_POINT('',#11173);
#11173 = CARTESIAN_POINT('',(1.8,-0.615,0.25));
#11174 = LINE('',#11175,#11176);
#11175 = CARTESIAN_POINT('',(1.8,-0.615,0.375));
#11176 = VECTOR('',#11177,1.);
#11177 = DIRECTION('',(0.,0.,-1.));
#11178 = ORIENTED_EDGE('',*,*,#11179,.T.);
#11179 = EDGE_CURVE('',#11172,#11180,#11182,.T.);
#11180 = VERTEX_POINT('',#11181);
#11181 = CARTESIAN_POINT('',(2.05,-0.615,5.551115123126E-17));
#11182 = CIRCLE('',#11183,0.25);
#11183 = AXIS2_PLACEMENT_3D('',#11184,#11185,#11186);
#11184 = CARTESIAN_POINT('',(2.05,-0.615,0.25));
#11185 = DIRECTION('',(2.22044604925E-16,-1.,0.));
#11186 = DIRECTION('',(-1.,-2.22044604925E-16,-1.33226762955E-15));
#11187 = ORIENTED_EDGE('',*,*,#11188,.T.);
#11188 = EDGE_CURVE('',#11180,#11189,#11191,.T.);
#11189 = VERTEX_POINT('',#11190);
#11190 = CARTESIAN_POINT('',(2.45,-0.615,5.551115123126E-17));
#11191 = LINE('',#11192,#11193);
#11192 = CARTESIAN_POINT('',(2.05,-0.615,5.551115123126E-17));
#11193 = VECTOR('',#11194,1.);
#11194 = DIRECTION('',(1.,2.22044604925E-16,0.));
#11195 = ORIENTED_EDGE('',*,*,#11196,.T.);
#11196 = EDGE_CURVE('',#11189,#11197,#11199,.T.);
#11197 = VERTEX_POINT('',#11198);
#11198 = CARTESIAN_POINT('',(2.45,-0.615,0.15));
#11199 = LINE('',#11200,#11201);
#11200 = CARTESIAN_POINT('',(2.45,-0.615,5.551115123126E-17));
#11201 = VECTOR('',#11202,1.);
#11202 = DIRECTION('',(0.,0.,1.));
#11203 = ORIENTED_EDGE('',*,*,#11204,.T.);
#11204 = EDGE_CURVE('',#11197,#11205,#11207,.T.);
#11205 = VERTEX_POINT('',#11206);
#11206 = CARTESIAN_POINT('',(2.05,-0.615,0.15));
#11207 = LINE('',#11208,#11209);
#11208 = CARTESIAN_POINT('',(2.45,-0.615,0.15));
#11209 = VECTOR('',#11210,1.);
#11210 = DIRECTION('',(-1.,-2.22044604925E-16,0.));
#11211 = ORIENTED_EDGE('',*,*,#11212,.T.);
#11212 = EDGE_CURVE('',#11205,#11213,#11215,.T.);
#11213 = VERTEX_POINT('',#11214);
#11214 = CARTESIAN_POINT('',(1.95,-0.615,0.25));
#11215 = CIRCLE('',#11216,0.1);
#11216 = AXIS2_PLACEMENT_3D('',#11217,#11218,#11219);
#11217 = CARTESIAN_POINT('',(2.05,-0.615,0.25));
#11218 = DIRECTION('',(-2.22044604925E-16,1.,0.));
#11219 = DIRECTION('',(0.,0.,-1.));
#11220 = ORIENTED_EDGE('',*,*,#11221,.T.);
#11221 = EDGE_CURVE('',#11213,#11222,#11224,.T.);
#11222 = VERTEX_POINT('',#11223);
#11223 = CARTESIAN_POINT('',(1.95,-0.615,0.375));
#11224 = LINE('',#11225,#11226);
#11225 = CARTESIAN_POINT('',(1.95,-0.615,0.25));
#11226 = VECTOR('',#11227,1.);
#11227 = DIRECTION('',(0.,0.,1.));
#11228 = ORIENTED_EDGE('',*,*,#11229,.T.);
#11229 = EDGE_CURVE('',#11222,#11230,#11232,.T.);
#11230 = VERTEX_POINT('',#11231);
#11231 = CARTESIAN_POINT('',(1.7,-0.615,0.625));
#11232 = CIRCLE('',#11233,0.25);
#11233 = AXIS2_PLACEMENT_3D('',#11234,#11235,#11236);
#11234 = CARTESIAN_POINT('',(1.7,-0.615,0.375));
#11235 = DIRECTION('',(2.22044604925E-16,-1.,0.));
#11236 = DIRECTION('',(1.,2.22044604925E-16,8.881784197001E-16));
#11237 = ORIENTED_EDGE('',*,*,#11238,.T.);
#11238 = EDGE_CURVE('',#11230,#10284,#11239,.T.);
#11239 = LINE('',#11240,#11241);
#11240 = CARTESIAN_POINT('',(1.7,-0.615,0.625));
#11241 = VECTOR('',#11242,1.);
#11242 = DIRECTION('',(-1.,-2.22044604925E-16,0.));
#11243 = PLANE('',#11244);
#11244 = AXIS2_PLACEMENT_3D('',#11245,#11246,#11247);
#11245 = CARTESIAN_POINT('',(1.914512156711,-0.615,0.296859771302));
#11246 = DIRECTION('',(2.22044604925E-16,-1.,0.));
#11247 = DIRECTION('',(0.,0.,1.));
#11248 = ADVANCED_FACE('',(#11249),#11265,.F.);
#11249 = FACE_BOUND('',#11250,.F.);
#11250 = EDGE_LOOP('',(#11251,#11257,#11258,#11264));
#11251 = ORIENTED_EDGE('',*,*,#11252,.F.);
#11252 = EDGE_CURVE('',#10284,#10558,#11253,.T.);
#11253 = LINE('',#11254,#11255);
#11254 = CARTESIAN_POINT('',(1.7,-0.615,0.625));
#11255 = VECTOR('',#11256,1.);
#11256 = DIRECTION('',(-1.,-2.22044604925E-16,0.));
#11257 = ORIENTED_EDGE('',*,*,#10300,.T.);
#11258 = ORIENTED_EDGE('',*,*,#11259,.T.);
#11259 = EDGE_CURVE('',#10293,#10566,#11260,.T.);
#11260 = LINE('',#11261,#11262);
#11261 = CARTESIAN_POINT('',(1.7,-0.885,0.625));
#11262 = VECTOR('',#11263,1.);
#11263 = DIRECTION('',(-1.,-2.22044604925E-16,0.));
#11264 = ORIENTED_EDGE('',*,*,#10565,.F.);
#11265 = B_SPLINE_SURFACE_WITH_KNOTS('',1,1,(
    (#11266,#11267)
    ,(#11268,#11269
    )),.UNSPECIFIED.,.F.,.F.,.F.,(2,2),(2,2),(0.,2.6),(0.,1.),
  .PIECEWISE_BEZIER_KNOTS.);
#11266 = CARTESIAN_POINT('',(1.5,1.3,0.625));
#11267 = CARTESIAN_POINT('',(1.45,1.275,0.625));
#11268 = CARTESIAN_POINT('',(1.5,-1.3,0.625));
#11269 = CARTESIAN_POINT('',(1.45,-1.275,0.625));
#11270 = ADVANCED_FACE('',(#11271),#11290,.F.);
#11271 = FACE_BOUND('',#11272,.F.);
#11272 = EDGE_LOOP('',(#11273,#11274,#11283,#11289));
#11273 = ORIENTED_EDGE('',*,*,#10331,.T.);
#11274 = ORIENTED_EDGE('',*,*,#11275,.T.);
#11275 = EDGE_CURVE('',#10324,#11276,#11278,.T.);
#11276 = VERTEX_POINT('',#11277);
#11277 = CARTESIAN_POINT('',(1.8,0.385,0.375));
#11278 = CIRCLE('',#11279,0.1);
#11279 = AXIS2_PLACEMENT_3D('',#11280,#11281,#11282);
#11280 = CARTESIAN_POINT('',(1.7,0.385,0.375));
#11281 = DIRECTION('',(-2.22044604925E-16,1.,0.));
#11282 = DIRECTION('',(-2.22044604925E-15,-4.93038065763E-31,1.));
#11283 = ORIENTED_EDGE('',*,*,#11284,.F.);
#11284 = EDGE_CURVE('',#10637,#11276,#11285,.T.);
#11285 = LINE('',#11286,#11287);
#11286 = CARTESIAN_POINT('',(1.8,0.615,0.375));
#11287 = VECTOR('',#11288,1.);
#11288 = DIRECTION('',(2.22044604925E-16,-1.,0.));
#11289 = ORIENTED_EDGE('',*,*,#10636,.F.);
#11290 = CYLINDRICAL_SURFACE('',#11291,0.1);
#11291 = AXIS2_PLACEMENT_3D('',#11292,#11293,#11294);
#11292 = CARTESIAN_POINT('',(1.7,0.615,0.375));
#11293 = DIRECTION('',(-2.22044604925E-16,1.,0.));
#11294 = DIRECTION('',(-2.22044604925E-15,-4.93038065763E-31,1.));
#11295 = ADVANCED_FACE('',(#11296),#11374,.T.);
#11296 = FACE_BOUND('',#11297,.T.);
#11297 = EDGE_LOOP('',(#11298,#11299,#11300,#11301,#11309,#11318,#11326,
    #11334,#11342,#11351,#11359,#11368));
#11298 = ORIENTED_EDGE('',*,*,#10376,.F.);
#11299 = ORIENTED_EDGE('',*,*,#10323,.T.);
#11300 = ORIENTED_EDGE('',*,*,#11275,.T.);
#11301 = ORIENTED_EDGE('',*,*,#11302,.T.);
#11302 = EDGE_CURVE('',#11276,#11303,#11305,.T.);
#11303 = VERTEX_POINT('',#11304);
#11304 = CARTESIAN_POINT('',(1.8,0.385,0.25));
#11305 = LINE('',#11306,#11307);
#11306 = CARTESIAN_POINT('',(1.8,0.385,0.375));
#11307 = VECTOR('',#11308,1.);
#11308 = DIRECTION('',(0.,0.,-1.));
#11309 = ORIENTED_EDGE('',*,*,#11310,.T.);
#11310 = EDGE_CURVE('',#11303,#11311,#11313,.T.);
#11311 = VERTEX_POINT('',#11312);
#11312 = CARTESIAN_POINT('',(2.05,0.385,5.551115123126E-17));
#11313 = CIRCLE('',#11314,0.25);
#11314 = AXIS2_PLACEMENT_3D('',#11315,#11316,#11317);
#11315 = CARTESIAN_POINT('',(2.05,0.385,0.25));
#11316 = DIRECTION('',(2.22044604925E-16,-1.,0.));
#11317 = DIRECTION('',(-1.,-2.22044604925E-16,-1.33226762955E-15));
#11318 = ORIENTED_EDGE('',*,*,#11319,.T.);
#11319 = EDGE_CURVE('',#11311,#11320,#11322,.T.);
#11320 = VERTEX_POINT('',#11321);
#11321 = CARTESIAN_POINT('',(2.45,0.385,5.551115123126E-17));
#11322 = LINE('',#11323,#11324);
#11323 = CARTESIAN_POINT('',(2.05,0.385,5.551115123126E-17));
#11324 = VECTOR('',#11325,1.);
#11325 = DIRECTION('',(1.,2.22044604925E-16,0.));
#11326 = ORIENTED_EDGE('',*,*,#11327,.T.);
#11327 = EDGE_CURVE('',#11320,#11328,#11330,.T.);
#11328 = VERTEX_POINT('',#11329);
#11329 = CARTESIAN_POINT('',(2.45,0.385,0.15));
#11330 = LINE('',#11331,#11332);
#11331 = CARTESIAN_POINT('',(2.45,0.385,5.551115123126E-17));
#11332 = VECTOR('',#11333,1.);
#11333 = DIRECTION('',(0.,0.,1.));
#11334 = ORIENTED_EDGE('',*,*,#11335,.T.);
#11335 = EDGE_CURVE('',#11328,#11336,#11338,.T.);
#11336 = VERTEX_POINT('',#11337);
#11337 = CARTESIAN_POINT('',(2.05,0.385,0.15));
#11338 = LINE('',#11339,#11340);
#11339 = CARTESIAN_POINT('',(2.45,0.385,0.15));
#11340 = VECTOR('',#11341,1.);
#11341 = DIRECTION('',(-1.,-2.22044604925E-16,0.));
#11342 = ORIENTED_EDGE('',*,*,#11343,.T.);
#11343 = EDGE_CURVE('',#11336,#11344,#11346,.T.);
#11344 = VERTEX_POINT('',#11345);
#11345 = CARTESIAN_POINT('',(1.95,0.385,0.25));
#11346 = CIRCLE('',#11347,0.1);
#11347 = AXIS2_PLACEMENT_3D('',#11348,#11349,#11350);
#11348 = CARTESIAN_POINT('',(2.05,0.385,0.25));
#11349 = DIRECTION('',(-2.22044604925E-16,1.,0.));
#11350 = DIRECTION('',(0.,0.,-1.));
#11351 = ORIENTED_EDGE('',*,*,#11352,.T.);
#11352 = EDGE_CURVE('',#11344,#11353,#11355,.T.);
#11353 = VERTEX_POINT('',#11354);
#11354 = CARTESIAN_POINT('',(1.95,0.385,0.375));
#11355 = LINE('',#11356,#11357);
#11356 = CARTESIAN_POINT('',(1.95,0.385,0.25));
#11357 = VECTOR('',#11358,1.);
#11358 = DIRECTION('',(0.,0.,1.));
#11359 = ORIENTED_EDGE('',*,*,#11360,.T.);
#11360 = EDGE_CURVE('',#11353,#11361,#11363,.T.);
#11361 = VERTEX_POINT('',#11362);
#11362 = CARTESIAN_POINT('',(1.7,0.385,0.625));
#11363 = CIRCLE('',#11364,0.25);
#11364 = AXIS2_PLACEMENT_3D('',#11365,#11366,#11367);
#11365 = CARTESIAN_POINT('',(1.7,0.385,0.375));
#11366 = DIRECTION('',(2.22044604925E-16,-1.,0.));
#11367 = DIRECTION('',(1.,2.22044604925E-16,8.881784197001E-16));
#11368 = ORIENTED_EDGE('',*,*,#11369,.T.);
#11369 = EDGE_CURVE('',#11361,#10377,#11370,.T.);
#11370 = LINE('',#11371,#11372);
#11371 = CARTESIAN_POINT('',(1.7,0.385,0.625));
#11372 = VECTOR('',#11373,1.);
#11373 = DIRECTION('',(-1.,-2.22044604925E-16,0.));
#11374 = PLANE('',#11375);
#11375 = AXIS2_PLACEMENT_3D('',#11376,#11377,#11378);
#11376 = CARTESIAN_POINT('',(1.914512156711,0.385,0.296859771302));
#11377 = DIRECTION('',(2.22044604925E-16,-1.,0.));
#11378 = DIRECTION('',(0.,0.,1.));
#11379 = ADVANCED_FACE('',(#11380),#11466,.F.);
#11380 = FACE_BOUND('',#11381,.F.);
#11381 = EDGE_LOOP('',(#11382,#11383,#11384,#11393,#11401,#11410,#11418,
    #11426,#11434,#11443,#11451,#11460));
#11382 = ORIENTED_EDGE('',*,*,#10416,.F.);
#11383 = ORIENTED_EDGE('',*,*,#10345,.T.);
#11384 = ORIENTED_EDGE('',*,*,#11385,.T.);
#11385 = EDGE_CURVE('',#10346,#11386,#11388,.T.);
#11386 = VERTEX_POINT('',#11387);
#11387 = CARTESIAN_POINT('',(1.8,-0.385,0.375));
#11388 = CIRCLE('',#11389,0.1);
#11389 = AXIS2_PLACEMENT_3D('',#11390,#11391,#11392);
#11390 = CARTESIAN_POINT('',(1.7,-0.385,0.375));
#11391 = DIRECTION('',(-2.22044604925E-16,1.,0.));
#11392 = DIRECTION('',(-2.22044604925E-15,-4.93038065763E-31,1.));
#11393 = ORIENTED_EDGE('',*,*,#11394,.T.);
#11394 = EDGE_CURVE('',#11386,#11395,#11397,.T.);
#11395 = VERTEX_POINT('',#11396);
#11396 = CARTESIAN_POINT('',(1.8,-0.385,0.25));
#11397 = LINE('',#11398,#11399);
#11398 = CARTESIAN_POINT('',(1.8,-0.385,0.375));
#11399 = VECTOR('',#11400,1.);
#11400 = DIRECTION('',(0.,0.,-1.));
#11401 = ORIENTED_EDGE('',*,*,#11402,.T.);
#11402 = EDGE_CURVE('',#11395,#11403,#11405,.T.);
#11403 = VERTEX_POINT('',#11404);
#11404 = CARTESIAN_POINT('',(2.05,-0.385,5.551115123126E-17));
#11405 = CIRCLE('',#11406,0.25);
#11406 = AXIS2_PLACEMENT_3D('',#11407,#11408,#11409);
#11407 = CARTESIAN_POINT('',(2.05,-0.385,0.25));
#11408 = DIRECTION('',(2.22044604925E-16,-1.,0.));
#11409 = DIRECTION('',(-1.,-2.22044604925E-16,-1.33226762955E-15));
#11410 = ORIENTED_EDGE('',*,*,#11411,.T.);
#11411 = EDGE_CURVE('',#11403,#11412,#11414,.T.);
#11412 = VERTEX_POINT('',#11413);
#11413 = CARTESIAN_POINT('',(2.45,-0.385,5.551115123126E-17));
#11414 = LINE('',#11415,#11416);
#11415 = CARTESIAN_POINT('',(2.05,-0.385,5.551115123126E-17));
#11416 = VECTOR('',#11417,1.);
#11417 = DIRECTION('',(1.,2.22044604925E-16,0.));
#11418 = ORIENTED_EDGE('',*,*,#11419,.T.);
#11419 = EDGE_CURVE('',#11412,#11420,#11422,.T.);
#11420 = VERTEX_POINT('',#11421);
#11421 = CARTESIAN_POINT('',(2.45,-0.385,0.15));
#11422 = LINE('',#11423,#11424);
#11423 = CARTESIAN_POINT('',(2.45,-0.385,5.551115123126E-17));
#11424 = VECTOR('',#11425,1.);
#11425 = DIRECTION('',(0.,0.,1.));
#11426 = ORIENTED_EDGE('',*,*,#11427,.T.);
#11427 = EDGE_CURVE('',#11420,#11428,#11430,.T.);
#11428 = VERTEX_POINT('',#11429);
#11429 = CARTESIAN_POINT('',(2.05,-0.385,0.15));
#11430 = LINE('',#11431,#11432);
#11431 = CARTESIAN_POINT('',(2.45,-0.385,0.15));
#11432 = VECTOR('',#11433,1.);
#11433 = DIRECTION('',(-1.,-2.22044604925E-16,0.));
#11434 = ORIENTED_EDGE('',*,*,#11435,.T.);
#11435 = EDGE_CURVE('',#11428,#11436,#11438,.T.);
#11436 = VERTEX_POINT('',#11437);
#11437 = CARTESIAN_POINT('',(1.95,-0.385,0.25));
#11438 = CIRCLE('',#11439,0.1);
#11439 = AXIS2_PLACEMENT_3D('',#11440,#11441,#11442);
#11440 = CARTESIAN_POINT('',(2.05,-0.385,0.25));
#11441 = DIRECTION('',(-2.22044604925E-16,1.,0.));
#11442 = DIRECTION('',(0.,0.,-1.));
#11443 = ORIENTED_EDGE('',*,*,#11444,.T.);
#11444 = EDGE_CURVE('',#11436,#11445,#11447,.T.);
#11445 = VERTEX_POINT('',#11446);
#11446 = CARTESIAN_POINT('',(1.95,-0.385,0.375));
#11447 = LINE('',#11448,#11449);
#11448 = CARTESIAN_POINT('',(1.95,-0.385,0.25));
#11449 = VECTOR('',#11450,1.);
#11450 = DIRECTION('',(0.,0.,1.));
#11451 = ORIENTED_EDGE('',*,*,#11452,.T.);
#11452 = EDGE_CURVE('',#11445,#11453,#11455,.T.);
#11453 = VERTEX_POINT('',#11454);
#11454 = CARTESIAN_POINT('',(1.7,-0.385,0.625));
#11455 = CIRCLE('',#11456,0.25);
#11456 = AXIS2_PLACEMENT_3D('',#11457,#11458,#11459);
#11457 = CARTESIAN_POINT('',(1.7,-0.385,0.375));
#11458 = DIRECTION('',(2.22044604925E-16,-1.,0.));
#11459 = DIRECTION('',(1.,2.22044604925E-16,8.881784197001E-16));
#11460 = ORIENTED_EDGE('',*,*,#11461,.T.);
#11461 = EDGE_CURVE('',#11453,#10417,#11462,.T.);
#11462 = LINE('',#11463,#11464);
#11463 = CARTESIAN_POINT('',(1.7,-0.385,0.625));
#11464 = VECTOR('',#11465,1.);
#11465 = DIRECTION('',(-1.,-2.22044604925E-16,0.));
#11466 = PLANE('',#11467);
#11467 = AXIS2_PLACEMENT_3D('',#11468,#11469,#11470);
#11468 = CARTESIAN_POINT('',(1.914512156711,-0.385,0.296859771302));
#11469 = DIRECTION('',(2.22044604925E-16,-1.,0.));
#11470 = DIRECTION('',(0.,0.,1.));
#11471 = ADVANCED_FACE('',(#11472),#11483,.F.);
#11472 = FACE_BOUND('',#11473,.F.);
#11473 = EDGE_LOOP('',(#11474,#11475,#11476,#11482));
#11474 = ORIENTED_EDGE('',*,*,#10362,.T.);
#11475 = ORIENTED_EDGE('',*,*,#11162,.T.);
#11476 = ORIENTED_EDGE('',*,*,#11477,.F.);
#11477 = EDGE_CURVE('',#11386,#11163,#11478,.T.);
#11478 = LINE('',#11479,#11480);
#11479 = CARTESIAN_POINT('',(1.8,-0.385,0.375));
#11480 = VECTOR('',#11481,1.);
#11481 = DIRECTION('',(2.22044604925E-16,-1.,0.));
#11482 = ORIENTED_EDGE('',*,*,#11385,.F.);
#11483 = CYLINDRICAL_SURFACE('',#11484,0.1);
#11484 = AXIS2_PLACEMENT_3D('',#11485,#11486,#11487);
#11485 = CARTESIAN_POINT('',(1.7,-0.385,0.375));
#11486 = DIRECTION('',(-2.22044604925E-16,1.,0.));
#11487 = DIRECTION('',(-2.22044604925E-15,-4.93038065763E-31,1.));
#11488 = ADVANCED_FACE('',(#11489),#11505,.F.);
#11489 = FACE_BOUND('',#11490,.F.);
#11490 = EDGE_LOOP('',(#11491,#11497,#11498,#11504));
#11491 = ORIENTED_EDGE('',*,*,#11492,.F.);
#11492 = EDGE_CURVE('',#10377,#10526,#11493,.T.);
#11493 = LINE('',#11494,#11495);
#11494 = CARTESIAN_POINT('',(1.7,0.385,0.625));
#11495 = VECTOR('',#11496,1.);
#11496 = DIRECTION('',(-1.,-2.22044604925E-16,0.));
#11497 = ORIENTED_EDGE('',*,*,#10393,.T.);
#11498 = ORIENTED_EDGE('',*,*,#11499,.T.);
#11499 = EDGE_CURVE('',#10386,#10534,#11500,.T.);
#11500 = LINE('',#11501,#11502);
#11501 = CARTESIAN_POINT('',(1.7,0.115,0.625));
#11502 = VECTOR('',#11503,1.);
#11503 = DIRECTION('',(-1.,-2.22044604925E-16,0.));
#11504 = ORIENTED_EDGE('',*,*,#10533,.F.);
#11505 = B_SPLINE_SURFACE_WITH_KNOTS('',1,1,(
    (#11506,#11507)
    ,(#11508,#11509
    )),.UNSPECIFIED.,.F.,.F.,.F.,(2,2),(2,2),(0.,2.6),(0.,1.),
  .PIECEWISE_BEZIER_KNOTS.);
#11506 = CARTESIAN_POINT('',(1.5,1.3,0.625));
#11507 = CARTESIAN_POINT('',(1.45,1.275,0.625));
#11508 = CARTESIAN_POINT('',(1.5,-1.3,0.625));
#11509 = CARTESIAN_POINT('',(1.45,-1.275,0.625));
#11510 = ADVANCED_FACE('',(#11511),#11597,.F.);
#11511 = FACE_BOUND('',#11512,.F.);
#11512 = EDGE_LOOP('',(#11513,#11514,#11515,#11524,#11532,#11541,#11549,
    #11557,#11565,#11574,#11582,#11591));
#11513 = ORIENTED_EDGE('',*,*,#10385,.F.);
#11514 = ORIENTED_EDGE('',*,*,#10438,.T.);
#11515 = ORIENTED_EDGE('',*,*,#11516,.T.);
#11516 = EDGE_CURVE('',#10439,#11517,#11519,.T.);
#11517 = VERTEX_POINT('',#11518);
#11518 = CARTESIAN_POINT('',(1.8,0.115,0.375));
#11519 = CIRCLE('',#11520,0.1);
#11520 = AXIS2_PLACEMENT_3D('',#11521,#11522,#11523);
#11521 = CARTESIAN_POINT('',(1.7,0.115,0.375));
#11522 = DIRECTION('',(-2.22044604925E-16,1.,0.));
#11523 = DIRECTION('',(-2.22044604925E-15,-4.93038065763E-31,1.));
#11524 = ORIENTED_EDGE('',*,*,#11525,.T.);
#11525 = EDGE_CURVE('',#11517,#11526,#11528,.T.);
#11526 = VERTEX_POINT('',#11527);
#11527 = CARTESIAN_POINT('',(1.8,0.115,0.25));
#11528 = LINE('',#11529,#11530);
#11529 = CARTESIAN_POINT('',(1.8,0.115,0.375));
#11530 = VECTOR('',#11531,1.);
#11531 = DIRECTION('',(0.,0.,-1.));
#11532 = ORIENTED_EDGE('',*,*,#11533,.T.);
#11533 = EDGE_CURVE('',#11526,#11534,#11536,.T.);
#11534 = VERTEX_POINT('',#11535);
#11535 = CARTESIAN_POINT('',(2.05,0.115,5.551115123126E-17));
#11536 = CIRCLE('',#11537,0.25);
#11537 = AXIS2_PLACEMENT_3D('',#11538,#11539,#11540);
#11538 = CARTESIAN_POINT('',(2.05,0.115,0.25));
#11539 = DIRECTION('',(2.22044604925E-16,-1.,0.));
#11540 = DIRECTION('',(-1.,-2.22044604925E-16,-1.33226762955E-15));
#11541 = ORIENTED_EDGE('',*,*,#11542,.T.);
#11542 = EDGE_CURVE('',#11534,#11543,#11545,.T.);
#11543 = VERTEX_POINT('',#11544);
#11544 = CARTESIAN_POINT('',(2.45,0.115,5.551115123126E-17));
#11545 = LINE('',#11546,#11547);
#11546 = CARTESIAN_POINT('',(2.05,0.115,5.551115123126E-17));
#11547 = VECTOR('',#11548,1.);
#11548 = DIRECTION('',(1.,2.22044604925E-16,0.));
#11549 = ORIENTED_EDGE('',*,*,#11550,.T.);
#11550 = EDGE_CURVE('',#11543,#11551,#11553,.T.);
#11551 = VERTEX_POINT('',#11552);
#11552 = CARTESIAN_POINT('',(2.45,0.115,0.15));
#11553 = LINE('',#11554,#11555);
#11554 = CARTESIAN_POINT('',(2.45,0.115,5.551115123126E-17));
#11555 = VECTOR('',#11556,1.);
#11556 = DIRECTION('',(0.,0.,1.));
#11557 = ORIENTED_EDGE('',*,*,#11558,.T.);
#11558 = EDGE_CURVE('',#11551,#11559,#11561,.T.);
#11559 = VERTEX_POINT('',#11560);
#11560 = CARTESIAN_POINT('',(2.05,0.115,0.15));
#11561 = LINE('',#11562,#11563);
#11562 = CARTESIAN_POINT('',(2.45,0.115,0.15));
#11563 = VECTOR('',#11564,1.);
#11564 = DIRECTION('',(-1.,-2.22044604925E-16,0.));
#11565 = ORIENTED_EDGE('',*,*,#11566,.T.);
#11566 = EDGE_CURVE('',#11559,#11567,#11569,.T.);
#11567 = VERTEX_POINT('',#11568);
#11568 = CARTESIAN_POINT('',(1.95,0.115,0.25));
#11569 = CIRCLE('',#11570,0.1);
#11570 = AXIS2_PLACEMENT_3D('',#11571,#11572,#11573);
#11571 = CARTESIAN_POINT('',(2.05,0.115,0.25));
#11572 = DIRECTION('',(-2.22044604925E-16,1.,0.));
#11573 = DIRECTION('',(0.,0.,-1.));
#11574 = ORIENTED_EDGE('',*,*,#11575,.T.);
#11575 = EDGE_CURVE('',#11567,#11576,#11578,.T.);
#11576 = VERTEX_POINT('',#11577);
#11577 = CARTESIAN_POINT('',(1.95,0.115,0.375));
#11578 = LINE('',#11579,#11580);
#11579 = CARTESIAN_POINT('',(1.95,0.115,0.25));
#11580 = VECTOR('',#11581,1.);
#11581 = DIRECTION('',(0.,0.,1.));
#11582 = ORIENTED_EDGE('',*,*,#11583,.T.);
#11583 = EDGE_CURVE('',#11576,#11584,#11586,.T.);
#11584 = VERTEX_POINT('',#11585);
#11585 = CARTESIAN_POINT('',(1.7,0.115,0.625));
#11586 = CIRCLE('',#11587,0.25);
#11587 = AXIS2_PLACEMENT_3D('',#11588,#11589,#11590);
#11588 = CARTESIAN_POINT('',(1.7,0.115,0.375));
#11589 = DIRECTION('',(2.22044604925E-16,-1.,0.));
#11590 = DIRECTION('',(1.,2.22044604925E-16,8.881784197001E-16));
#11591 = ORIENTED_EDGE('',*,*,#11592,.T.);
#11592 = EDGE_CURVE('',#11584,#10386,#11593,.T.);
#11593 = LINE('',#11594,#11595);
#11594 = CARTESIAN_POINT('',(1.7,0.115,0.625));
#11595 = VECTOR('',#11596,1.);
#11596 = DIRECTION('',(-1.,-2.22044604925E-16,0.));
#11597 = PLANE('',#11598);
#11598 = AXIS2_PLACEMENT_3D('',#11599,#11600,#11601);
#11599 = CARTESIAN_POINT('',(1.914512156711,0.115,0.296859771302));
#11600 = DIRECTION('',(2.22044604925E-16,-1.,0.));
#11601 = DIRECTION('',(0.,0.,1.));
#11602 = ADVANCED_FACE('',(#11603),#11689,.T.);
#11603 = FACE_BOUND('',#11604,.T.);
#11604 = EDGE_LOOP('',(#11605,#11606,#11607,#11616,#11624,#11633,#11641,
    #11649,#11657,#11666,#11674,#11683));
#11605 = ORIENTED_EDGE('',*,*,#10407,.F.);
#11606 = ORIENTED_EDGE('',*,*,#10447,.T.);
#11607 = ORIENTED_EDGE('',*,*,#11608,.T.);
#11608 = EDGE_CURVE('',#10448,#11609,#11611,.T.);
#11609 = VERTEX_POINT('',#11610);
#11610 = CARTESIAN_POINT('',(1.8,-0.115,0.375));
#11611 = CIRCLE('',#11612,0.1);
#11612 = AXIS2_PLACEMENT_3D('',#11613,#11614,#11615);
#11613 = CARTESIAN_POINT('',(1.7,-0.115,0.375));
#11614 = DIRECTION('',(-2.22044604925E-16,1.,0.));
#11615 = DIRECTION('',(-2.22044604925E-15,-4.93038065763E-31,1.));
#11616 = ORIENTED_EDGE('',*,*,#11617,.T.);
#11617 = EDGE_CURVE('',#11609,#11618,#11620,.T.);
#11618 = VERTEX_POINT('',#11619);
#11619 = CARTESIAN_POINT('',(1.8,-0.115,0.25));
#11620 = LINE('',#11621,#11622);
#11621 = CARTESIAN_POINT('',(1.8,-0.115,0.375));
#11622 = VECTOR('',#11623,1.);
#11623 = DIRECTION('',(0.,0.,-1.));
#11624 = ORIENTED_EDGE('',*,*,#11625,.T.);
#11625 = EDGE_CURVE('',#11618,#11626,#11628,.T.);
#11626 = VERTEX_POINT('',#11627);
#11627 = CARTESIAN_POINT('',(2.05,-0.115,5.551115123126E-17));
#11628 = CIRCLE('',#11629,0.25);
#11629 = AXIS2_PLACEMENT_3D('',#11630,#11631,#11632);
#11630 = CARTESIAN_POINT('',(2.05,-0.115,0.25));
#11631 = DIRECTION('',(2.22044604925E-16,-1.,0.));
#11632 = DIRECTION('',(-1.,-2.22044604925E-16,-1.33226762955E-15));
#11633 = ORIENTED_EDGE('',*,*,#11634,.T.);
#11634 = EDGE_CURVE('',#11626,#11635,#11637,.T.);
#11635 = VERTEX_POINT('',#11636);
#11636 = CARTESIAN_POINT('',(2.45,-0.115,5.551115123126E-17));
#11637 = LINE('',#11638,#11639);
#11638 = CARTESIAN_POINT('',(2.05,-0.115,5.551115123126E-17));
#11639 = VECTOR('',#11640,1.);
#11640 = DIRECTION('',(1.,2.22044604925E-16,0.));
#11641 = ORIENTED_EDGE('',*,*,#11642,.T.);
#11642 = EDGE_CURVE('',#11635,#11643,#11645,.T.);
#11643 = VERTEX_POINT('',#11644);
#11644 = CARTESIAN_POINT('',(2.45,-0.115,0.15));
#11645 = LINE('',#11646,#11647);
#11646 = CARTESIAN_POINT('',(2.45,-0.115,5.551115123126E-17));
#11647 = VECTOR('',#11648,1.);
#11648 = DIRECTION('',(0.,0.,1.));
#11649 = ORIENTED_EDGE('',*,*,#11650,.T.);
#11650 = EDGE_CURVE('',#11643,#11651,#11653,.T.);
#11651 = VERTEX_POINT('',#11652);
#11652 = CARTESIAN_POINT('',(2.05,-0.115,0.15));
#11653 = LINE('',#11654,#11655);
#11654 = CARTESIAN_POINT('',(2.45,-0.115,0.15));
#11655 = VECTOR('',#11656,1.);
#11656 = DIRECTION('',(-1.,-2.22044604925E-16,0.));
#11657 = ORIENTED_EDGE('',*,*,#11658,.T.);
#11658 = EDGE_CURVE('',#11651,#11659,#11661,.T.);
#11659 = VERTEX_POINT('',#11660);
#11660 = CARTESIAN_POINT('',(1.95,-0.115,0.25));
#11661 = CIRCLE('',#11662,0.1);
#11662 = AXIS2_PLACEMENT_3D('',#11663,#11664,#11665);
#11663 = CARTESIAN_POINT('',(2.05,-0.115,0.25));
#11664 = DIRECTION('',(-2.22044604925E-16,1.,0.));
#11665 = DIRECTION('',(0.,0.,-1.));
#11666 = ORIENTED_EDGE('',*,*,#11667,.T.);
#11667 = EDGE_CURVE('',#11659,#11668,#11670,.T.);
#11668 = VERTEX_POINT('',#11669);
#11669 = CARTESIAN_POINT('',(1.95,-0.115,0.375));
#11670 = LINE('',#11671,#11672);
#11671 = CARTESIAN_POINT('',(1.95,-0.115,0.25));
#11672 = VECTOR('',#11673,1.);
#11673 = DIRECTION('',(0.,0.,1.));
#11674 = ORIENTED_EDGE('',*,*,#11675,.T.);
#11675 = EDGE_CURVE('',#11668,#11676,#11678,.T.);
#11676 = VERTEX_POINT('',#11677);
#11677 = CARTESIAN_POINT('',(1.7,-0.115,0.625));
#11678 = CIRCLE('',#11679,0.25);
#11679 = AXIS2_PLACEMENT_3D('',#11680,#11681,#11682);
#11680 = CARTESIAN_POINT('',(1.7,-0.115,0.375));
#11681 = DIRECTION('',(2.22044604925E-16,-1.,0.));
#11682 = DIRECTION('',(1.,2.22044604925E-16,8.881784197001E-16));
#11683 = ORIENTED_EDGE('',*,*,#11684,.T.);
#11684 = EDGE_CURVE('',#11676,#10408,#11685,.T.);
#11685 = LINE('',#11686,#11687);
#11686 = CARTESIAN_POINT('',(1.7,-0.115,0.625));
#11687 = VECTOR('',#11688,1.);
#11688 = DIRECTION('',(-1.,-2.22044604925E-16,0.));
#11689 = PLANE('',#11690);
#11690 = AXIS2_PLACEMENT_3D('',#11691,#11692,#11693);
#11691 = CARTESIAN_POINT('',(1.914512156711,-0.115,0.296859771302));
#11692 = DIRECTION('',(2.22044604925E-16,-1.,0.));
#11693 = DIRECTION('',(0.,0.,1.));
#11694 = ADVANCED_FACE('',(#11695),#11711,.F.);
#11695 = FACE_BOUND('',#11696,.F.);
#11696 = EDGE_LOOP('',(#11697,#11703,#11704,#11710));
#11697 = ORIENTED_EDGE('',*,*,#11698,.F.);
#11698 = EDGE_CURVE('',#10408,#10542,#11699,.T.);
#11699 = LINE('',#11700,#11701);
#11700 = CARTESIAN_POINT('',(1.7,-0.115,0.625));
#11701 = VECTOR('',#11702,1.);
#11702 = DIRECTION('',(-1.,-2.22044604925E-16,0.));
#11703 = ORIENTED_EDGE('',*,*,#10424,.T.);
#11704 = ORIENTED_EDGE('',*,*,#11705,.T.);
#11705 = EDGE_CURVE('',#10417,#10550,#11706,.T.);
#11706 = LINE('',#11707,#11708);
#11707 = CARTESIAN_POINT('',(1.7,-0.385,0.625));
#11708 = VECTOR('',#11709,1.);
#11709 = DIRECTION('',(-1.,-2.22044604925E-16,0.));
#11710 = ORIENTED_EDGE('',*,*,#10549,.F.);
#11711 = B_SPLINE_SURFACE_WITH_KNOTS('',1,1,(
    (#11712,#11713)
    ,(#11714,#11715
    )),.UNSPECIFIED.,.F.,.F.,.F.,(2,2),(2,2),(0.,2.6),(0.,1.),
  .PIECEWISE_BEZIER_KNOTS.);
#11712 = CARTESIAN_POINT('',(1.5,1.3,0.625));
#11713 = CARTESIAN_POINT('',(1.45,1.275,0.625));
#11714 = CARTESIAN_POINT('',(1.5,-1.3,0.625));
#11715 = CARTESIAN_POINT('',(1.45,-1.275,0.625));
#11716 = ADVANCED_FACE('',(#11717),#11728,.F.);
#11717 = FACE_BOUND('',#11718,.F.);
#11718 = EDGE_LOOP('',(#11719,#11720,#11721,#11727));
#11719 = ORIENTED_EDGE('',*,*,#10455,.T.);
#11720 = ORIENTED_EDGE('',*,*,#11608,.T.);
#11721 = ORIENTED_EDGE('',*,*,#11722,.F.);
#11722 = EDGE_CURVE('',#11517,#11609,#11723,.T.);
#11723 = LINE('',#11724,#11725);
#11724 = CARTESIAN_POINT('',(1.8,0.115,0.375));
#11725 = VECTOR('',#11726,1.);
#11726 = DIRECTION('',(2.22044604925E-16,-1.,0.));
#11727 = ORIENTED_EDGE('',*,*,#11516,.F.);
#11728 = CYLINDRICAL_SURFACE('',#11729,0.1);
#11729 = AXIS2_PLACEMENT_3D('',#11730,#11731,#11732);
#11730 = CARTESIAN_POINT('',(1.7,0.115,0.375));
#11731 = DIRECTION('',(-2.22044604925E-16,1.,0.));
#11732 = DIRECTION('',(-2.22044604925E-15,-4.93038065763E-31,1.));
#11733 = ADVANCED_FACE('',(#11734),#11751,.F.);
#11734 = FACE_BOUND('',#11735,.F.);
#11735 = EDGE_LOOP('',(#11736,#11737,#11738,#11746));
#11736 = ORIENTED_EDGE('',*,*,#10471,.T.);
#11737 = ORIENTED_EDGE('',*,*,#10492,.T.);
#11738 = ORIENTED_EDGE('',*,*,#11739,.F.);
#11739 = EDGE_CURVE('',#11740,#10493,#11742,.T.);
#11740 = VERTEX_POINT('',#11741);
#11741 = CARTESIAN_POINT('',(1.275,1.45,0.625));
#11742 = LINE('',#11743,#11744);
#11743 = CARTESIAN_POINT('',(1.275,1.45,0.625));
#11744 = VECTOR('',#11745,1.);
#11745 = DIRECTION('',(0.707106781187,-0.707106781187,0.));
#11746 = ORIENTED_EDGE('',*,*,#11747,.F.);
#11747 = EDGE_CURVE('',#10472,#11740,#11748,.T.);
#11748 = B_SPLINE_CURVE_WITH_KNOTS('',1,(#11749,#11750),.UNSPECIFIED.,
  .F.,.F.,(2,2),(0.,1.),.PIECEWISE_BEZIER_KNOTS.);
#11749 = CARTESIAN_POINT('',(1.3,1.5,0.625));
#11750 = CARTESIAN_POINT('',(1.275,1.45,0.625));
#11751 = B_SPLINE_SURFACE_WITH_KNOTS('',1,1,(
    (#11752,#11753)
    ,(#11754,#11755
    )),.UNSPECIFIED.,.F.,.F.,.F.,(2,2),(2,2),(0.,0.282842712475),(0.,1.)
  ,.PIECEWISE_BEZIER_KNOTS.);
#11752 = CARTESIAN_POINT('',(1.3,1.5,0.625));
#11753 = CARTESIAN_POINT('',(1.275,1.45,0.625));
#11754 = CARTESIAN_POINT('',(1.5,1.3,0.625));
#11755 = CARTESIAN_POINT('',(1.45,1.275,0.625));
#11756 = ADVANCED_FACE('',(#11757),#11774,.F.);
#11757 = FACE_BOUND('',#11758,.F.);
#11758 = EDGE_LOOP('',(#11759,#11760,#11761,#11769));
#11759 = ORIENTED_EDGE('',*,*,#10728,.T.);
#11760 = ORIENTED_EDGE('',*,*,#10479,.T.);
#11761 = ORIENTED_EDGE('',*,*,#11762,.F.);
#11762 = EDGE_CURVE('',#11763,#10472,#11765,.T.);
#11763 = VERTEX_POINT('',#11764);
#11764 = CARTESIAN_POINT('',(-1.3,1.5,0.625));
#11765 = LINE('',#11766,#11767);
#11766 = CARTESIAN_POINT('',(-1.3,1.5,0.625));
#11767 = VECTOR('',#11768,1.);
#11768 = DIRECTION('',(1.,2.22044604925E-16,0.));
#11769 = ORIENTED_EDGE('',*,*,#11770,.F.);
#11770 = EDGE_CURVE('',#10729,#11763,#11771,.T.);
#11771 = B_SPLINE_CURVE_WITH_KNOTS('',1,(#11772,#11773),.UNSPECIFIED.,
  .F.,.F.,(2,2),(0.,1.),.PIECEWISE_BEZIER_KNOTS.);
#11772 = CARTESIAN_POINT('',(-1.3,1.5,0.475));
#11773 = CARTESIAN_POINT('',(-1.3,1.5,0.625));
#11774 = PLANE('',#11775);
#11775 = AXIS2_PLACEMENT_3D('',#11776,#11777,#11778);
#11776 = CARTESIAN_POINT('',(-1.3,1.5,0.625));
#11777 = DIRECTION('',(2.22044604925E-16,-1.,0.));
#11778 = DIRECTION('',(1.,2.22044604925E-16,0.));
#11779 = ADVANCED_FACE('',(#11780),#11797,.F.);
#11780 = FACE_BOUND('',#11781,.F.);
#11781 = EDGE_LOOP('',(#11782,#11783,#11784,#11792));
#11782 = ORIENTED_EDGE('',*,*,#11739,.T.);
#11783 = ORIENTED_EDGE('',*,*,#10604,.T.);
#11784 = ORIENTED_EDGE('',*,*,#11785,.F.);
#11785 = EDGE_CURVE('',#11786,#10597,#11788,.T.);
#11786 = VERTEX_POINT('',#11787);
#11787 = CARTESIAN_POINT('',(1.235145644687,1.370291289374,1.));
#11788 = LINE('',#11789,#11790);
#11789 = CARTESIAN_POINT('',(1.235145644687,1.370291289374,1.));
#11790 = VECTOR('',#11791,1.);
#11791 = DIRECTION('',(0.707106781187,-0.707106781187,0.));
#11792 = ORIENTED_EDGE('',*,*,#11793,.F.);
#11793 = EDGE_CURVE('',#11740,#11786,#11794,.T.);
#11794 = B_SPLINE_CURVE_WITH_KNOTS('',1,(#11795,#11796),.UNSPECIFIED.,
  .F.,.F.,(2,2),(0.,1.),.PIECEWISE_BEZIER_KNOTS.);
#11795 = CARTESIAN_POINT('',(1.275,1.45,0.625));
#11796 = CARTESIAN_POINT('',(1.235145644687,1.370291289374,1.));
#11797 = B_SPLINE_SURFACE_WITH_KNOTS('',1,1,(
    (#11798,#11799)
    ,(#11800,#11801
    )),.UNSPECIFIED.,.F.,.F.,.F.,(2,2),(2,2),(0.,0.247487373415),(0.,1.)
  ,.PIECEWISE_BEZIER_KNOTS.);
#11798 = CARTESIAN_POINT('',(1.275,1.45,0.625));
#11799 = CARTESIAN_POINT('',(1.235145644687,1.370291289374,1.));
#11800 = CARTESIAN_POINT('',(1.45,1.275,0.625));
#11801 = CARTESIAN_POINT('',(1.370291289374,1.235145644687,1.));
#11802 = ADVANCED_FACE('',(#11803,#11853),#11864,.T.);
#11803 = FACE_BOUND('',#11804,.T.);
#11804 = EDGE_LOOP('',(#11805,#11813,#11821,#11829,#11837,#11845,#11851,
    #11852));
#11805 = ORIENTED_EDGE('',*,*,#11806,.F.);
#11806 = EDGE_CURVE('',#11807,#11786,#11809,.T.);
#11807 = VERTEX_POINT('',#11808);
#11808 = CARTESIAN_POINT('',(-1.235145644687,1.370291289374,1.));
#11809 = LINE('',#11810,#11811);
#11810 = CARTESIAN_POINT('',(-1.235145644687,1.370291289374,1.));
#11811 = VECTOR('',#11812,1.);
#11812 = DIRECTION('',(1.,2.22044604925E-16,0.));
#11813 = ORIENTED_EDGE('',*,*,#11814,.F.);
#11814 = EDGE_CURVE('',#11815,#11807,#11817,.T.);
#11815 = VERTEX_POINT('',#11816);
#11816 = CARTESIAN_POINT('',(-1.370291289374,1.235145644687,1.));
#11817 = LINE('',#11818,#11819);
#11818 = CARTESIAN_POINT('',(-1.370291289374,1.235145644687,1.));
#11819 = VECTOR('',#11820,1.);
#11820 = DIRECTION('',(0.707106781187,0.707106781187,0.));
#11821 = ORIENTED_EDGE('',*,*,#11822,.F.);
#11822 = EDGE_CURVE('',#11823,#11815,#11825,.T.);
#11823 = VERTEX_POINT('',#11824);
#11824 = CARTESIAN_POINT('',(-1.370291289374,-1.235145644687,1.));
#11825 = LINE('',#11826,#11827);
#11826 = CARTESIAN_POINT('',(-1.370291289374,-1.235145644687,1.));
#11827 = VECTOR('',#11828,1.);
#11828 = DIRECTION('',(-2.22044604925E-16,1.,0.));
#11829 = ORIENTED_EDGE('',*,*,#11830,.F.);
#11830 = EDGE_CURVE('',#11831,#11823,#11833,.T.);
#11831 = VERTEX_POINT('',#11832);
#11832 = CARTESIAN_POINT('',(-1.235145644687,-1.370291289374,1.));
#11833 = LINE('',#11834,#11835);
#11834 = CARTESIAN_POINT('',(-1.235145644687,-1.370291289374,1.));
#11835 = VECTOR('',#11836,1.);
#11836 = DIRECTION('',(-0.707106781187,0.707106781187,0.));
#11837 = ORIENTED_EDGE('',*,*,#11838,.F.);
#11838 = EDGE_CURVE('',#11839,#11831,#11841,.T.);
#11839 = VERTEX_POINT('',#11840);
#11840 = CARTESIAN_POINT('',(1.235145644687,-1.370291289374,1.));
#11841 = LINE('',#11842,#11843);
#11842 = CARTESIAN_POINT('',(1.235145644687,-1.370291289374,1.));
#11843 = VECTOR('',#11844,1.);
#11844 = DIRECTION('',(-1.,-2.22044604925E-16,0.));
#11845 = ORIENTED_EDGE('',*,*,#11846,.F.);
#11846 = EDGE_CURVE('',#10590,#11839,#11847,.T.);
#11847 = LINE('',#11848,#11849);
#11848 = CARTESIAN_POINT('',(1.370291289374,-1.235145644687,1.));
#11849 = VECTOR('',#11850,1.);
#11850 = DIRECTION('',(-0.707106781187,-0.707106781187,0.));
#11851 = ORIENTED_EDGE('',*,*,#10596,.F.);
#11852 = ORIENTED_EDGE('',*,*,#11785,.F.);
#11853 = FACE_BOUND('',#11854,.T.);
#11854 = EDGE_LOOP('',(#11855));
#11855 = ORIENTED_EDGE('',*,*,#11856,.F.);
#11856 = EDGE_CURVE('',#11857,#11857,#11859,.T.);
#11857 = VERTEX_POINT('',#11858);
#11858 = CARTESIAN_POINT('',(-0.670291289374,0.420291289374,1.));
#11859 = CIRCLE('',#11860,0.25);
#11860 = AXIS2_PLACEMENT_3D('',#11861,#11862,#11863);
#11861 = CARTESIAN_POINT('',(-0.670291289374,0.670291289374,1.));
#11862 = DIRECTION('',(-0.,0.,1.));
#11863 = DIRECTION('',(2.22044604925E-16,-1.,0.));
#11864 = PLANE('',#11865);
#11865 = AXIS2_PLACEMENT_3D('',#11866,#11867,#11868);
#11866 = CARTESIAN_POINT('',(-1.235145644687,1.370291289374,1.));
#11867 = DIRECTION('',(0.,0.,1.));
#11868 = DIRECTION('',(0.669528610792,-0.742786267597,0.));
#11869 = ADVANCED_FACE('',(#11870),#11887,.F.);
#11870 = FACE_BOUND('',#11871,.F.);
#11871 = EDGE_LOOP('',(#11872,#11880,#11885,#11886));
#11872 = ORIENTED_EDGE('',*,*,#11873,.T.);
#11873 = EDGE_CURVE('',#10582,#11874,#11876,.T.);
#11874 = VERTEX_POINT('',#11875);
#11875 = CARTESIAN_POINT('',(1.275,-1.45,0.625));
#11876 = LINE('',#11877,#11878);
#11877 = CARTESIAN_POINT('',(1.45,-1.275,0.625));
#11878 = VECTOR('',#11879,1.);
#11879 = DIRECTION('',(-0.707106781187,-0.707106781187,0.));
#11880 = ORIENTED_EDGE('',*,*,#11881,.T.);
#11881 = EDGE_CURVE('',#11874,#11839,#11882,.T.);
#11882 = B_SPLINE_CURVE_WITH_KNOTS('',1,(#11883,#11884),.UNSPECIFIED.,
  .F.,.F.,(2,2),(0.,1.),.PIECEWISE_BEZIER_KNOTS.);
#11883 = CARTESIAN_POINT('',(1.275,-1.45,0.625));
#11884 = CARTESIAN_POINT('',(1.235145644687,-1.370291289374,1.));
#11885 = ORIENTED_EDGE('',*,*,#11846,.F.);
#11886 = ORIENTED_EDGE('',*,*,#10589,.F.);
#11887 = B_SPLINE_SURFACE_WITH_KNOTS('',1,1,(
    (#11888,#11889)
    ,(#11890,#11891
    )),.UNSPECIFIED.,.F.,.F.,.F.,(2,2),(2,2),(0.,0.247487373415),(0.,1.)
  ,.PIECEWISE_BEZIER_KNOTS.);
#11888 = CARTESIAN_POINT('',(1.45,-1.275,0.625));
#11889 = CARTESIAN_POINT('',(1.370291289374,-1.235145644687,1.));
#11890 = CARTESIAN_POINT('',(1.275,-1.45,0.625));
#11891 = CARTESIAN_POINT('',(1.235145644687,-1.370291289374,1.));
#11892 = ADVANCED_FACE('',(#11893),#11906,.F.);
#11893 = FACE_BOUND('',#11894,.F.);
#11894 = EDGE_LOOP('',(#11895,#11896,#11902,#11903,#11904,#11905));
#11895 = ORIENTED_EDGE('',*,*,#10712,.F.);
#11896 = ORIENTED_EDGE('',*,*,#11897,.T.);
#11897 = EDGE_CURVE('',#10704,#11361,#11898,.T.);
#11898 = LINE('',#11899,#11900);
#11899 = CARTESIAN_POINT('',(1.7,0.615,0.625));
#11900 = VECTOR('',#11901,1.);
#11901 = DIRECTION('',(2.22044604925E-16,-1.,0.));
#11902 = ORIENTED_EDGE('',*,*,#11369,.T.);
#11903 = ORIENTED_EDGE('',*,*,#11492,.T.);
#11904 = ORIENTED_EDGE('',*,*,#10525,.F.);
#11905 = ORIENTED_EDGE('',*,*,#10619,.F.);
#11906 = PLANE('',#11907);
#11907 = AXIS2_PLACEMENT_3D('',#11908,#11909,#11910);
#11908 = CARTESIAN_POINT('',(1.7,0.615,0.625));
#11909 = DIRECTION('',(0.,0.,-1.));
#11910 = DIRECTION('',(-1.,-2.22044604925E-16,-0.));
#11911 = ADVANCED_FACE('',(#11912),#11925,.F.);
#11912 = FACE_BOUND('',#11913,.F.);
#11913 = EDGE_LOOP('',(#11914,#11915,#11921,#11922,#11923,#11924));
#11914 = ORIENTED_EDGE('',*,*,#11129,.F.);
#11915 = ORIENTED_EDGE('',*,*,#11916,.T.);
#11916 = EDGE_CURVE('',#11121,#11008,#11917,.T.);
#11917 = LINE('',#11918,#11919);
#11918 = CARTESIAN_POINT('',(1.7,-0.885,0.625));
#11919 = VECTOR('',#11920,1.);
#11920 = DIRECTION('',(2.22044604925E-16,-1.,0.));
#11921 = ORIENTED_EDGE('',*,*,#11016,.T.);
#11922 = ORIENTED_EDGE('',*,*,#11030,.T.);
#11923 = ORIENTED_EDGE('',*,*,#10573,.F.);
#11924 = ORIENTED_EDGE('',*,*,#11259,.F.);
#11925 = PLANE('',#11926);
#11926 = AXIS2_PLACEMENT_3D('',#11927,#11928,#11929);
#11927 = CARTESIAN_POINT('',(1.7,-0.885,0.625));
#11928 = DIRECTION('',(0.,0.,-1.));
#11929 = DIRECTION('',(-1.,-2.22044604925E-16,-0.));
#11930 = ADVANCED_FACE('',(#11931),#11944,.F.);
#11931 = FACE_BOUND('',#11932,.F.);
#11932 = EDGE_LOOP('',(#11933,#11934,#11940,#11941,#11942,#11943));
#11933 = ORIENTED_EDGE('',*,*,#11592,.F.);
#11934 = ORIENTED_EDGE('',*,*,#11935,.T.);
#11935 = EDGE_CURVE('',#11584,#11676,#11936,.T.);
#11936 = LINE('',#11937,#11938);
#11937 = CARTESIAN_POINT('',(1.7,0.115,0.625));
#11938 = VECTOR('',#11939,1.);
#11939 = DIRECTION('',(2.22044604925E-16,-1.,0.));
#11940 = ORIENTED_EDGE('',*,*,#11684,.T.);
#11941 = ORIENTED_EDGE('',*,*,#11698,.T.);
#11942 = ORIENTED_EDGE('',*,*,#10541,.F.);
#11943 = ORIENTED_EDGE('',*,*,#11499,.F.);
#11944 = PLANE('',#11945);
#11945 = AXIS2_PLACEMENT_3D('',#11946,#11947,#11948);
#11946 = CARTESIAN_POINT('',(1.7,0.115,0.625));
#11947 = DIRECTION('',(0.,0.,-1.));
#11948 = DIRECTION('',(-1.,-2.22044604925E-16,-0.));
#11949 = ADVANCED_FACE('',(#11950),#11963,.F.);
#11950 = FACE_BOUND('',#11951,.F.);
#11951 = EDGE_LOOP('',(#11952,#11953,#11959,#11960,#11961,#11962));
#11952 = ORIENTED_EDGE('',*,*,#11461,.F.);
#11953 = ORIENTED_EDGE('',*,*,#11954,.T.);
#11954 = EDGE_CURVE('',#11453,#11230,#11955,.T.);
#11955 = LINE('',#11956,#11957);
#11956 = CARTESIAN_POINT('',(1.7,-0.385,0.625));
#11957 = VECTOR('',#11958,1.);
#11958 = DIRECTION('',(2.22044604925E-16,-1.,0.));
#11959 = ORIENTED_EDGE('',*,*,#11238,.T.);
#11960 = ORIENTED_EDGE('',*,*,#11252,.T.);
#11961 = ORIENTED_EDGE('',*,*,#10557,.F.);
#11962 = ORIENTED_EDGE('',*,*,#11705,.F.);
#11963 = PLANE('',#11964);
#11964 = AXIS2_PLACEMENT_3D('',#11965,#11966,#11967);
#11965 = CARTESIAN_POINT('',(1.7,-0.385,0.625));
#11966 = DIRECTION('',(0.,0.,-1.));
#11967 = DIRECTION('',(-1.,-2.22044604925E-16,-0.));
#11968 = ADVANCED_FACE('',(#11969),#11980,.T.);
#11969 = FACE_BOUND('',#11970,.T.);
#11970 = EDGE_LOOP('',(#11971,#11972,#11973,#11974));
#11971 = ORIENTED_EDGE('',*,*,#10703,.T.);
#11972 = ORIENTED_EDGE('',*,*,#11897,.T.);
#11973 = ORIENTED_EDGE('',*,*,#11360,.F.);
#11974 = ORIENTED_EDGE('',*,*,#11975,.F.);
#11975 = EDGE_CURVE('',#10696,#11353,#11976,.T.);
#11976 = LINE('',#11977,#11978);
#11977 = CARTESIAN_POINT('',(1.95,0.615,0.375));
#11978 = VECTOR('',#11979,1.);
#11979 = DIRECTION('',(2.22044604925E-16,-1.,0.));
#11980 = CYLINDRICAL_SURFACE('',#11981,0.25);
#11981 = AXIS2_PLACEMENT_3D('',#11982,#11983,#11984);
#11982 = CARTESIAN_POINT('',(1.7,0.615,0.375));
#11983 = DIRECTION('',(-2.22044604925E-16,1.,-0.));
#11984 = DIRECTION('',(1.,2.22044604925E-16,8.881784197001E-16));
#11985 = ADVANCED_FACE('',(#11986),#11997,.F.);
#11986 = FACE_BOUND('',#11987,.F.);
#11987 = EDGE_LOOP('',(#11988,#11994,#11995,#11996));
#11988 = ORIENTED_EDGE('',*,*,#11989,.T.);
#11989 = EDGE_CURVE('',#10687,#11344,#11990,.T.);
#11990 = LINE('',#11991,#11992);
#11991 = CARTESIAN_POINT('',(1.95,0.615,0.25));
#11992 = VECTOR('',#11993,1.);
#11993 = DIRECTION('',(2.22044604925E-16,-1.,0.));
#11994 = ORIENTED_EDGE('',*,*,#11352,.T.);
#11995 = ORIENTED_EDGE('',*,*,#11975,.F.);
#11996 = ORIENTED_EDGE('',*,*,#10695,.F.);
#11997 = PLANE('',#11998);
#11998 = AXIS2_PLACEMENT_3D('',#11999,#12000,#12001);
#11999 = CARTESIAN_POINT('',(1.95,0.615,0.25));
#12000 = DIRECTION('',(-1.,-2.22044604925E-16,0.));
#12001 = DIRECTION('',(0.,0.,1.));
#12002 = ADVANCED_FACE('',(#12003),#12014,.F.);
#12003 = FACE_BOUND('',#12004,.F.);
#12004 = EDGE_LOOP('',(#12005,#12011,#12012,#12013));
#12005 = ORIENTED_EDGE('',*,*,#12006,.T.);
#12006 = EDGE_CURVE('',#10679,#11336,#12007,.T.);
#12007 = LINE('',#12008,#12009);
#12008 = CARTESIAN_POINT('',(2.05,0.615,0.15));
#12009 = VECTOR('',#12010,1.);
#12010 = DIRECTION('',(2.22044604925E-16,-1.,0.));
#12011 = ORIENTED_EDGE('',*,*,#11343,.T.);
#12012 = ORIENTED_EDGE('',*,*,#11989,.F.);
#12013 = ORIENTED_EDGE('',*,*,#10686,.F.);
#12014 = CYLINDRICAL_SURFACE('',#12015,0.1);
#12015 = AXIS2_PLACEMENT_3D('',#12016,#12017,#12018);
#12016 = CARTESIAN_POINT('',(2.05,0.615,0.25));
#12017 = DIRECTION('',(-2.22044604925E-16,1.,0.));
#12018 = DIRECTION('',(0.,0.,-1.));
#12019 = ADVANCED_FACE('',(#12020),#12031,.F.);
#12020 = FACE_BOUND('',#12021,.F.);
#12021 = EDGE_LOOP('',(#12022,#12028,#12029,#12030));
#12022 = ORIENTED_EDGE('',*,*,#12023,.T.);
#12023 = EDGE_CURVE('',#10671,#11328,#12024,.T.);
#12024 = LINE('',#12025,#12026);
#12025 = CARTESIAN_POINT('',(2.45,0.615,0.15));
#12026 = VECTOR('',#12027,1.);
#12027 = DIRECTION('',(2.22044604925E-16,-1.,0.));
#12028 = ORIENTED_EDGE('',*,*,#11335,.T.);
#12029 = ORIENTED_EDGE('',*,*,#12006,.F.);
#12030 = ORIENTED_EDGE('',*,*,#10678,.F.);
#12031 = PLANE('',#12032);
#12032 = AXIS2_PLACEMENT_3D('',#12033,#12034,#12035);
#12033 = CARTESIAN_POINT('',(2.45,0.615,0.15));
#12034 = DIRECTION('',(0.,0.,-1.));
#12035 = DIRECTION('',(-1.,-2.22044604925E-16,-0.));
#12036 = ADVANCED_FACE('',(#12037),#12048,.F.);
#12037 = FACE_BOUND('',#12038,.F.);
#12038 = EDGE_LOOP('',(#12039,#12045,#12046,#12047));
#12039 = ORIENTED_EDGE('',*,*,#12040,.T.);
#12040 = EDGE_CURVE('',#10663,#11320,#12041,.T.);
#12041 = LINE('',#12042,#12043);
#12042 = CARTESIAN_POINT('',(2.45,0.615,5.551115123126E-17));
#12043 = VECTOR('',#12044,1.);
#12044 = DIRECTION('',(2.22044604925E-16,-1.,0.));
#12045 = ORIENTED_EDGE('',*,*,#11327,.T.);
#12046 = ORIENTED_EDGE('',*,*,#12023,.F.);
#12047 = ORIENTED_EDGE('',*,*,#10670,.F.);
#12048 = PLANE('',#12049);
#12049 = AXIS2_PLACEMENT_3D('',#12050,#12051,#12052);
#12050 = CARTESIAN_POINT('',(2.45,0.615,5.551115123126E-17));
#12051 = DIRECTION('',(-1.,-2.22044604925E-16,0.));
#12052 = DIRECTION('',(0.,0.,1.));
#12053 = ADVANCED_FACE('',(#12054),#12065,.F.);
#12054 = FACE_BOUND('',#12055,.F.);
#12055 = EDGE_LOOP('',(#12056,#12062,#12063,#12064));
#12056 = ORIENTED_EDGE('',*,*,#12057,.T.);
#12057 = EDGE_CURVE('',#10654,#11311,#12058,.T.);
#12058 = LINE('',#12059,#12060);
#12059 = CARTESIAN_POINT('',(2.05,0.615,5.551115123126E-17));
#12060 = VECTOR('',#12061,1.);
#12061 = DIRECTION('',(2.22044604925E-16,-1.,0.));
#12062 = ORIENTED_EDGE('',*,*,#11319,.T.);
#12063 = ORIENTED_EDGE('',*,*,#12040,.F.);
#12064 = ORIENTED_EDGE('',*,*,#10662,.F.);
#12065 = PLANE('',#12066);
#12066 = AXIS2_PLACEMENT_3D('',#12067,#12068,#12069);
#12067 = CARTESIAN_POINT('',(2.05,0.615,5.551115123126E-17));
#12068 = DIRECTION('',(0.,0.,1.));
#12069 = DIRECTION('',(1.,2.22044604925E-16,-0.));
#12070 = ADVANCED_FACE('',(#12071),#12082,.T.);
#12071 = FACE_BOUND('',#12072,.T.);
#12072 = EDGE_LOOP('',(#12073,#12074,#12075,#12076));
#12073 = ORIENTED_EDGE('',*,*,#10653,.T.);
#12074 = ORIENTED_EDGE('',*,*,#12057,.T.);
#12075 = ORIENTED_EDGE('',*,*,#11310,.F.);
#12076 = ORIENTED_EDGE('',*,*,#12077,.F.);
#12077 = EDGE_CURVE('',#10646,#11303,#12078,.T.);
#12078 = LINE('',#12079,#12080);
#12079 = CARTESIAN_POINT('',(1.8,0.615,0.25));
#12080 = VECTOR('',#12081,1.);
#12081 = DIRECTION('',(2.22044604925E-16,-1.,0.));
#12082 = CYLINDRICAL_SURFACE('',#12083,0.25);
#12083 = AXIS2_PLACEMENT_3D('',#12084,#12085,#12086);
#12084 = CARTESIAN_POINT('',(2.05,0.615,0.25));
#12085 = DIRECTION('',(-2.22044604925E-16,1.,-0.));
#12086 = DIRECTION('',(-1.,-2.22044604925E-16,-1.33226762955E-15));
#12087 = ADVANCED_FACE('',(#12088),#12094,.F.);
#12088 = FACE_BOUND('',#12089,.F.);
#12089 = EDGE_LOOP('',(#12090,#12091,#12092,#12093));
#12090 = ORIENTED_EDGE('',*,*,#11284,.T.);
#12091 = ORIENTED_EDGE('',*,*,#11302,.T.);
#12092 = ORIENTED_EDGE('',*,*,#12077,.F.);
#12093 = ORIENTED_EDGE('',*,*,#10645,.F.);
#12094 = PLANE('',#12095);
#12095 = AXIS2_PLACEMENT_3D('',#12096,#12097,#12098);
#12096 = CARTESIAN_POINT('',(1.8,0.615,0.375));
#12097 = DIRECTION('',(1.,2.22044604925E-16,0.));
#12098 = DIRECTION('',(0.,0.,-1.));
#12099 = ADVANCED_FACE('',(#12100),#12117,.F.);
#12100 = FACE_BOUND('',#12101,.F.);
#12101 = EDGE_LOOP('',(#12102,#12103,#12110,#12116));
#12102 = ORIENTED_EDGE('',*,*,#10757,.T.);
#12103 = ORIENTED_EDGE('',*,*,#12104,.T.);
#12104 = EDGE_CURVE('',#10751,#12105,#12107,.T.);
#12105 = VERTEX_POINT('',#12106);
#12106 = CARTESIAN_POINT('',(-1.3,-1.5,0.625));
#12107 = B_SPLINE_CURVE_WITH_KNOTS('',1,(#12108,#12109),.UNSPECIFIED.,
  .F.,.F.,(2,2),(0.,1.),.PIECEWISE_BEZIER_KNOTS.);
#12108 = CARTESIAN_POINT('',(-1.3,-1.5,0.475));
#12109 = CARTESIAN_POINT('',(-1.3,-1.5,0.625));
#12110 = ORIENTED_EDGE('',*,*,#12111,.F.);
#12111 = EDGE_CURVE('',#10917,#12105,#12112,.T.);
#12112 = LINE('',#12113,#12114);
#12113 = CARTESIAN_POINT('',(1.3,-1.5,0.625));
#12114 = VECTOR('',#12115,1.);
#12115 = DIRECTION('',(-1.,-2.22044604925E-16,0.));
#12116 = ORIENTED_EDGE('',*,*,#10916,.F.);
#12117 = PLANE('',#12118);
#12118 = AXIS2_PLACEMENT_3D('',#12119,#12120,#12121);
#12119 = CARTESIAN_POINT('',(1.3,-1.5,0.625));
#12120 = DIRECTION('',(-2.22044604925E-16,1.,0.));
#12121 = DIRECTION('',(-1.,-2.22044604925E-16,0.));
#12122 = ADVANCED_FACE('',(#12123),#12140,.F.);
#12123 = FACE_BOUND('',#12124,.F.);
#12124 = EDGE_LOOP('',(#12125,#12126,#12133,#12139));
#12125 = ORIENTED_EDGE('',*,*,#10780,.T.);
#12126 = ORIENTED_EDGE('',*,*,#12127,.T.);
#12127 = EDGE_CURVE('',#10774,#12128,#12130,.T.);
#12128 = VERTEX_POINT('',#12129);
#12129 = CARTESIAN_POINT('',(-1.5,-1.3,0.625));
#12130 = B_SPLINE_CURVE_WITH_KNOTS('',1,(#12131,#12132),.UNSPECIFIED.,
  .F.,.F.,(2,2),(0.,1.),.PIECEWISE_BEZIER_KNOTS.);
#12131 = CARTESIAN_POINT('',(-1.5,-1.3,0.475));
#12132 = CARTESIAN_POINT('',(-1.5,-1.3,0.625));
#12133 = ORIENTED_EDGE('',*,*,#12134,.F.);
#12134 = EDGE_CURVE('',#12105,#12128,#12135,.T.);
#12135 = LINE('',#12136,#12137);
#12136 = CARTESIAN_POINT('',(-1.3,-1.5,0.625));
#12137 = VECTOR('',#12138,1.);
#12138 = DIRECTION('',(-0.707106781187,0.707106781187,0.));
#12139 = ORIENTED_EDGE('',*,*,#12104,.F.);
#12140 = PLANE('',#12141);
#12141 = AXIS2_PLACEMENT_3D('',#12142,#12143,#12144);
#12142 = CARTESIAN_POINT('',(-1.3,-1.5,0.625));
#12143 = DIRECTION('',(0.707106781187,0.707106781187,0.));
#12144 = DIRECTION('',(-0.707106781187,0.707106781187,0.));
#12145 = ADVANCED_FACE('',(#12146),#12164,.F.);
#12146 = FACE_BOUND('',#12147,.F.);
#12147 = EDGE_LOOP('',(#12148,#12149,#12150,#12158));
#12148 = ORIENTED_EDGE('',*,*,#12127,.F.);
#12149 = ORIENTED_EDGE('',*,*,#10883,.T.);
#12150 = ORIENTED_EDGE('',*,*,#12151,.T.);
#12151 = EDGE_CURVE('',#10876,#12152,#12154,.T.);
#12152 = VERTEX_POINT('',#12153);
#12153 = CARTESIAN_POINT('',(-1.5,-1.115,0.625));
#12154 = LINE('',#12155,#12156);
#12155 = CARTESIAN_POINT('',(-1.5,-1.115,0.460929885651));
#12156 = VECTOR('',#12157,1.);
#12157 = DIRECTION('',(0.,0.,1.));
#12158 = ORIENTED_EDGE('',*,*,#12159,.F.);
#12159 = EDGE_CURVE('',#12128,#12152,#12160,.T.);
#12160 = LINE('',#12161,#12162);
#12161 = CARTESIAN_POINT('',(-1.5,-1.3,0.625));
#12162 = VECTOR('',#12163,1.);
#12163 = DIRECTION('',(-2.22044604925E-16,1.,0.));
#12164 = PLANE('',#12165);
#12165 = AXIS2_PLACEMENT_3D('',#12166,#12167,#12168);
#12166 = CARTESIAN_POINT('',(-1.5,-1.3,0.625));
#12167 = DIRECTION('',(1.,2.22044604925E-16,0.));
#12168 = DIRECTION('',(-2.22044604925E-16,1.,0.));
#12169 = ADVANCED_FACE('',(#12170),#12194,.F.);
#12170 = FACE_BOUND('',#12171,.F.);
#12171 = EDGE_LOOP('',(#12172,#12180,#12181,#12188));
#12172 = ORIENTED_EDGE('',*,*,#12173,.F.);
#12173 = EDGE_CURVE('',#10804,#12174,#12176,.T.);
#12174 = VERTEX_POINT('',#12175);
#12175 = CARTESIAN_POINT('',(-1.5,1.115,0.625));
#12176 = LINE('',#12177,#12178);
#12177 = CARTESIAN_POINT('',(-1.5,1.115,0.460929885651));
#12178 = VECTOR('',#12179,1.);
#12179 = DIRECTION('',(0.,0.,1.));
#12180 = ORIENTED_EDGE('',*,*,#10803,.T.);
#12181 = ORIENTED_EDGE('',*,*,#12182,.T.);
#12182 = EDGE_CURVE('',#10797,#12183,#12185,.T.);
#12183 = VERTEX_POINT('',#12184);
#12184 = CARTESIAN_POINT('',(-1.5,1.3,0.625));
#12185 = B_SPLINE_CURVE_WITH_KNOTS('',1,(#12186,#12187),.UNSPECIFIED.,
  .F.,.F.,(2,2),(0.,1.),.PIECEWISE_BEZIER_KNOTS.);
#12186 = CARTESIAN_POINT('',(-1.5,1.3,0.475));
#12187 = CARTESIAN_POINT('',(-1.5,1.3,0.625));
#12188 = ORIENTED_EDGE('',*,*,#12189,.F.);
#12189 = EDGE_CURVE('',#12174,#12183,#12190,.T.);
#12190 = LINE('',#12191,#12192);
#12191 = CARTESIAN_POINT('',(-1.5,-1.3,0.625));
#12192 = VECTOR('',#12193,1.);
#12193 = DIRECTION('',(-2.22044604925E-16,1.,0.));
#12194 = PLANE('',#12195);
#12195 = AXIS2_PLACEMENT_3D('',#12196,#12197,#12198);
#12196 = CARTESIAN_POINT('',(-1.5,-1.3,0.625));
#12197 = DIRECTION('',(1.,2.22044604925E-16,0.));
#12198 = DIRECTION('',(-2.22044604925E-16,1.,0.));
#12199 = ADVANCED_FACE('',(#12200),#12225,.F.);
#12200 = FACE_BOUND('',#12201,.F.);
#12201 = EDGE_LOOP('',(#12202,#12210,#12211,#12219));
#12202 = ORIENTED_EDGE('',*,*,#12203,.F.);
#12203 = EDGE_CURVE('',#10876,#12204,#12206,.T.);
#12204 = VERTEX_POINT('',#12205);
#12205 = CARTESIAN_POINT('',(-1.7,-1.115,0.475));
#12206 = LINE('',#12207,#12208);
#12207 = CARTESIAN_POINT('',(-1.4,-1.115,0.475));
#12208 = VECTOR('',#12209,1.);
#12209 = DIRECTION('',(-1.,-9.95799250103E-17,0.));
#12210 = ORIENTED_EDGE('',*,*,#10875,.T.);
#12211 = ORIENTED_EDGE('',*,*,#12212,.T.);
#12212 = EDGE_CURVE('',#10868,#12213,#12215,.T.);
#12213 = VERTEX_POINT('',#12214);
#12214 = CARTESIAN_POINT('',(-1.7,-0.885,0.475));
#12215 = LINE('',#12216,#12217);
#12216 = CARTESIAN_POINT('',(-1.4,-0.885,0.475));
#12217 = VECTOR('',#12218,1.);
#12218 = DIRECTION('',(-1.,-9.95799250103E-17,0.));
#12219 = ORIENTED_EDGE('',*,*,#12220,.F.);
#12220 = EDGE_CURVE('',#12204,#12213,#12221,.T.);
#12221 = LINE('',#12222,#12223);
#12222 = CARTESIAN_POINT('',(-1.7,-1.115,0.475));
#12223 = VECTOR('',#12224,1.);
#12224 = DIRECTION('',(-9.95799250103E-17,1.,0.));
#12225 = PLANE('',#12226);
#12226 = AXIS2_PLACEMENT_3D('',#12227,#12228,#12229);
#12227 = CARTESIAN_POINT('',(-1.4,-1.115,0.475));
#12228 = DIRECTION('',(0.,0.,1.));
#12229 = DIRECTION('',(-1.,-9.95799250103E-17,0.));
#12230 = ADVANCED_FACE('',(#12231),#12256,.F.);
#12231 = FACE_BOUND('',#12232,.F.);
#12232 = EDGE_LOOP('',(#12233,#12241,#12242,#12250));
#12233 = ORIENTED_EDGE('',*,*,#12234,.F.);
#12234 = EDGE_CURVE('',#10812,#12235,#12237,.T.);
#12235 = VERTEX_POINT('',#12236);
#12236 = CARTESIAN_POINT('',(-1.7,0.885,0.475));
#12237 = LINE('',#12238,#12239);
#12238 = CARTESIAN_POINT('',(-1.4,0.885,0.475));
#12239 = VECTOR('',#12240,1.);
#12240 = DIRECTION('',(-1.,-9.95799250103E-17,0.));
#12241 = ORIENTED_EDGE('',*,*,#10811,.T.);
#12242 = ORIENTED_EDGE('',*,*,#12243,.T.);
#12243 = EDGE_CURVE('',#10804,#12244,#12246,.T.);
#12244 = VERTEX_POINT('',#12245);
#12245 = CARTESIAN_POINT('',(-1.7,1.115,0.475));
#12246 = LINE('',#12247,#12248);
#12247 = CARTESIAN_POINT('',(-1.4,1.115,0.475));
#12248 = VECTOR('',#12249,1.);
#12249 = DIRECTION('',(-1.,-9.95799250103E-17,0.));
#12250 = ORIENTED_EDGE('',*,*,#12251,.F.);
#12251 = EDGE_CURVE('',#12235,#12244,#12252,.T.);
#12252 = LINE('',#12253,#12254);
#12253 = CARTESIAN_POINT('',(-1.7,0.885,0.475));
#12254 = VECTOR('',#12255,1.);
#12255 = DIRECTION('',(-9.95799250103E-17,1.,0.));
#12256 = PLANE('',#12257);
#12257 = AXIS2_PLACEMENT_3D('',#12258,#12259,#12260);
#12258 = CARTESIAN_POINT('',(-1.4,0.885,0.475));
#12259 = DIRECTION('',(0.,0.,1.));
#12260 = DIRECTION('',(-1.,-9.95799250103E-17,0.));
#12261 = ADVANCED_FACE('',(#12262),#12287,.F.);
#12262 = FACE_BOUND('',#12263,.F.);
#12263 = EDGE_LOOP('',(#12264,#12272,#12273,#12281));
#12264 = ORIENTED_EDGE('',*,*,#12265,.F.);
#12265 = EDGE_CURVE('',#10868,#12266,#12268,.T.);
#12266 = VERTEX_POINT('',#12267);
#12267 = CARTESIAN_POINT('',(-1.5,-0.885,0.625));
#12268 = LINE('',#12269,#12270);
#12269 = CARTESIAN_POINT('',(-1.5,-0.885,0.460929885651));
#12270 = VECTOR('',#12271,1.);
#12271 = DIRECTION('',(0.,0.,1.));
#12272 = ORIENTED_EDGE('',*,*,#10867,.T.);
#12273 = ORIENTED_EDGE('',*,*,#12274,.T.);
#12274 = EDGE_CURVE('',#10860,#12275,#12277,.T.);
#12275 = VERTEX_POINT('',#12276);
#12276 = CARTESIAN_POINT('',(-1.5,-0.615,0.625));
#12277 = LINE('',#12278,#12279);
#12278 = CARTESIAN_POINT('',(-1.5,-0.615,0.460929885651));
#12279 = VECTOR('',#12280,1.);
#12280 = DIRECTION('',(0.,0.,1.));
#12281 = ORIENTED_EDGE('',*,*,#12282,.F.);
#12282 = EDGE_CURVE('',#12266,#12275,#12283,.T.);
#12283 = LINE('',#12284,#12285);
#12284 = CARTESIAN_POINT('',(-1.5,-1.3,0.625));
#12285 = VECTOR('',#12286,1.);
#12286 = DIRECTION('',(-2.22044604925E-16,1.,0.));
#12287 = PLANE('',#12288);
#12288 = AXIS2_PLACEMENT_3D('',#12289,#12290,#12291);
#12289 = CARTESIAN_POINT('',(-1.5,-1.3,0.625));
#12290 = DIRECTION('',(1.,2.22044604925E-16,0.));
#12291 = DIRECTION('',(-2.22044604925E-16,1.,0.));
#12292 = ADVANCED_FACE('',(#12293),#12318,.F.);
#12293 = FACE_BOUND('',#12294,.F.);
#12294 = EDGE_LOOP('',(#12295,#12303,#12304,#12312));
#12295 = ORIENTED_EDGE('',*,*,#12296,.F.);
#12296 = EDGE_CURVE('',#10820,#12297,#12299,.T.);
#12297 = VERTEX_POINT('',#12298);
#12298 = CARTESIAN_POINT('',(-1.5,0.615,0.625));
#12299 = LINE('',#12300,#12301);
#12300 = CARTESIAN_POINT('',(-1.5,0.615,0.460929885651));
#12301 = VECTOR('',#12302,1.);
#12302 = DIRECTION('',(0.,0.,1.));
#12303 = ORIENTED_EDGE('',*,*,#10819,.T.);
#12304 = ORIENTED_EDGE('',*,*,#12305,.T.);
#12305 = EDGE_CURVE('',#10812,#12306,#12308,.T.);
#12306 = VERTEX_POINT('',#12307);
#12307 = CARTESIAN_POINT('',(-1.5,0.885,0.625));
#12308 = LINE('',#12309,#12310);
#12309 = CARTESIAN_POINT('',(-1.5,0.885,0.460929885651));
#12310 = VECTOR('',#12311,1.);
#12311 = DIRECTION('',(0.,0.,1.));
#12312 = ORIENTED_EDGE('',*,*,#12313,.F.);
#12313 = EDGE_CURVE('',#12297,#12306,#12314,.T.);
#12314 = LINE('',#12315,#12316);
#12315 = CARTESIAN_POINT('',(-1.5,-1.3,0.625));
#12316 = VECTOR('',#12317,1.);
#12317 = DIRECTION('',(-2.22044604925E-16,1.,0.));
#12318 = PLANE('',#12319);
#12319 = AXIS2_PLACEMENT_3D('',#12320,#12321,#12322);
#12320 = CARTESIAN_POINT('',(-1.5,-1.3,0.625));
#12321 = DIRECTION('',(1.,2.22044604925E-16,0.));
#12322 = DIRECTION('',(-2.22044604925E-16,1.,0.));
#12323 = ADVANCED_FACE('',(#12324),#12349,.F.);
#12324 = FACE_BOUND('',#12325,.F.);
#12325 = EDGE_LOOP('',(#12326,#12334,#12335,#12343));
#12326 = ORIENTED_EDGE('',*,*,#12327,.F.);
#12327 = EDGE_CURVE('',#10860,#12328,#12330,.T.);
#12328 = VERTEX_POINT('',#12329);
#12329 = CARTESIAN_POINT('',(-1.7,-0.615,0.475));
#12330 = LINE('',#12331,#12332);
#12331 = CARTESIAN_POINT('',(-1.4,-0.615,0.475));
#12332 = VECTOR('',#12333,1.);
#12333 = DIRECTION('',(-1.,-9.95799250103E-17,0.));
#12334 = ORIENTED_EDGE('',*,*,#10859,.T.);
#12335 = ORIENTED_EDGE('',*,*,#12336,.T.);
#12336 = EDGE_CURVE('',#10852,#12337,#12339,.T.);
#12337 = VERTEX_POINT('',#12338);
#12338 = CARTESIAN_POINT('',(-1.7,-0.385,0.475));
#12339 = LINE('',#12340,#12341);
#12340 = CARTESIAN_POINT('',(-1.4,-0.385,0.475));
#12341 = VECTOR('',#12342,1.);
#12342 = DIRECTION('',(-1.,-9.95799250103E-17,0.));
#12343 = ORIENTED_EDGE('',*,*,#12344,.F.);
#12344 = EDGE_CURVE('',#12328,#12337,#12345,.T.);
#12345 = LINE('',#12346,#12347);
#12346 = CARTESIAN_POINT('',(-1.7,-0.615,0.475));
#12347 = VECTOR('',#12348,1.);
#12348 = DIRECTION('',(-9.95799250103E-17,1.,0.));
#12349 = PLANE('',#12350);
#12350 = AXIS2_PLACEMENT_3D('',#12351,#12352,#12353);
#12351 = CARTESIAN_POINT('',(-1.4,-0.615,0.475));
#12352 = DIRECTION('',(0.,0.,1.));
#12353 = DIRECTION('',(-1.,-9.95799250103E-17,0.));
#12354 = ADVANCED_FACE('',(#12355),#12380,.F.);
#12355 = FACE_BOUND('',#12356,.F.);
#12356 = EDGE_LOOP('',(#12357,#12365,#12366,#12374));
#12357 = ORIENTED_EDGE('',*,*,#12358,.F.);
#12358 = EDGE_CURVE('',#10828,#12359,#12361,.T.);
#12359 = VERTEX_POINT('',#12360);
#12360 = CARTESIAN_POINT('',(-1.7,0.385,0.475));
#12361 = LINE('',#12362,#12363);
#12362 = CARTESIAN_POINT('',(-1.4,0.385,0.475));
#12363 = VECTOR('',#12364,1.);
#12364 = DIRECTION('',(-1.,-9.95799250103E-17,0.));
#12365 = ORIENTED_EDGE('',*,*,#10827,.T.);
#12366 = ORIENTED_EDGE('',*,*,#12367,.T.);
#12367 = EDGE_CURVE('',#10820,#12368,#12370,.T.);
#12368 = VERTEX_POINT('',#12369);
#12369 = CARTESIAN_POINT('',(-1.7,0.615,0.475));
#12370 = LINE('',#12371,#12372);
#12371 = CARTESIAN_POINT('',(-1.4,0.615,0.475));
#12372 = VECTOR('',#12373,1.);
#12373 = DIRECTION('',(-1.,-9.95799250103E-17,0.));
#12374 = ORIENTED_EDGE('',*,*,#12375,.F.);
#12375 = EDGE_CURVE('',#12359,#12368,#12376,.T.);
#12376 = LINE('',#12377,#12378);
#12377 = CARTESIAN_POINT('',(-1.7,0.385,0.475));
#12378 = VECTOR('',#12379,1.);
#12379 = DIRECTION('',(-9.95799250103E-17,1.,0.));
#12380 = PLANE('',#12381);
#12381 = AXIS2_PLACEMENT_3D('',#12382,#12383,#12384);
#12382 = CARTESIAN_POINT('',(-1.4,0.385,0.475));
#12383 = DIRECTION('',(0.,0.,1.));
#12384 = DIRECTION('',(-1.,-9.95799250103E-17,0.));
#12385 = ADVANCED_FACE('',(#12386),#12411,.F.);
#12386 = FACE_BOUND('',#12387,.F.);
#12387 = EDGE_LOOP('',(#12388,#12396,#12397,#12405));
#12388 = ORIENTED_EDGE('',*,*,#12389,.F.);
#12389 = EDGE_CURVE('',#10852,#12390,#12392,.T.);
#12390 = VERTEX_POINT('',#12391);
#12391 = CARTESIAN_POINT('',(-1.5,-0.385,0.625));
#12392 = LINE('',#12393,#12394);
#12393 = CARTESIAN_POINT('',(-1.5,-0.385,0.460929885651));
#12394 = VECTOR('',#12395,1.);
#12395 = DIRECTION('',(0.,0.,1.));
#12396 = ORIENTED_EDGE('',*,*,#10851,.T.);
#12397 = ORIENTED_EDGE('',*,*,#12398,.T.);
#12398 = EDGE_CURVE('',#10844,#12399,#12401,.T.);
#12399 = VERTEX_POINT('',#12400);
#12400 = CARTESIAN_POINT('',(-1.5,-0.115,0.625));
#12401 = LINE('',#12402,#12403);
#12402 = CARTESIAN_POINT('',(-1.5,-0.115,0.460929885651));
#12403 = VECTOR('',#12404,1.);
#12404 = DIRECTION('',(0.,0.,1.));
#12405 = ORIENTED_EDGE('',*,*,#12406,.F.);
#12406 = EDGE_CURVE('',#12390,#12399,#12407,.T.);
#12407 = LINE('',#12408,#12409);
#12408 = CARTESIAN_POINT('',(-1.5,-1.3,0.625));
#12409 = VECTOR('',#12410,1.);
#12410 = DIRECTION('',(-2.22044604925E-16,1.,0.));
#12411 = PLANE('',#12412);
#12412 = AXIS2_PLACEMENT_3D('',#12413,#12414,#12415);
#12413 = CARTESIAN_POINT('',(-1.5,-1.3,0.625));
#12414 = DIRECTION('',(1.,2.22044604925E-16,0.));
#12415 = DIRECTION('',(-2.22044604925E-16,1.,0.));
#12416 = ADVANCED_FACE('',(#12417),#12442,.F.);
#12417 = FACE_BOUND('',#12418,.F.);
#12418 = EDGE_LOOP('',(#12419,#12427,#12428,#12436));
#12419 = ORIENTED_EDGE('',*,*,#12420,.F.);
#12420 = EDGE_CURVE('',#10836,#12421,#12423,.T.);
#12421 = VERTEX_POINT('',#12422);
#12422 = CARTESIAN_POINT('',(-1.5,0.115,0.625));
#12423 = LINE('',#12424,#12425);
#12424 = CARTESIAN_POINT('',(-1.5,0.115,0.460929885651));
#12425 = VECTOR('',#12426,1.);
#12426 = DIRECTION('',(0.,0.,1.));
#12427 = ORIENTED_EDGE('',*,*,#10835,.T.);
#12428 = ORIENTED_EDGE('',*,*,#12429,.T.);
#12429 = EDGE_CURVE('',#10828,#12430,#12432,.T.);
#12430 = VERTEX_POINT('',#12431);
#12431 = CARTESIAN_POINT('',(-1.5,0.385,0.625));
#12432 = LINE('',#12433,#12434);
#12433 = CARTESIAN_POINT('',(-1.5,0.385,0.460929885651));
#12434 = VECTOR('',#12435,1.);
#12435 = DIRECTION('',(0.,0.,1.));
#12436 = ORIENTED_EDGE('',*,*,#12437,.F.);
#12437 = EDGE_CURVE('',#12421,#12430,#12438,.T.);
#12438 = LINE('',#12439,#12440);
#12439 = CARTESIAN_POINT('',(-1.5,-1.3,0.625));
#12440 = VECTOR('',#12441,1.);
#12441 = DIRECTION('',(-2.22044604925E-16,1.,0.));
#12442 = PLANE('',#12443);
#12443 = AXIS2_PLACEMENT_3D('',#12444,#12445,#12446);
#12444 = CARTESIAN_POINT('',(-1.5,-1.3,0.625));
#12445 = DIRECTION('',(1.,2.22044604925E-16,0.));
#12446 = DIRECTION('',(-2.22044604925E-16,1.,0.));
#12447 = ADVANCED_FACE('',(#12448),#12473,.F.);
#12448 = FACE_BOUND('',#12449,.F.);
#12449 = EDGE_LOOP('',(#12450,#12458,#12459,#12467));
#12450 = ORIENTED_EDGE('',*,*,#12451,.F.);
#12451 = EDGE_CURVE('',#10844,#12452,#12454,.T.);
#12452 = VERTEX_POINT('',#12453);
#12453 = CARTESIAN_POINT('',(-1.7,-0.115,0.475));
#12454 = LINE('',#12455,#12456);
#12455 = CARTESIAN_POINT('',(-1.4,-0.115,0.475));
#12456 = VECTOR('',#12457,1.);
#12457 = DIRECTION('',(-1.,-9.95799250103E-17,0.));
#12458 = ORIENTED_EDGE('',*,*,#10843,.T.);
#12459 = ORIENTED_EDGE('',*,*,#12460,.T.);
#12460 = EDGE_CURVE('',#10836,#12461,#12463,.T.);
#12461 = VERTEX_POINT('',#12462);
#12462 = CARTESIAN_POINT('',(-1.7,0.115,0.475));
#12463 = LINE('',#12464,#12465);
#12464 = CARTESIAN_POINT('',(-1.4,0.115,0.475));
#12465 = VECTOR('',#12466,1.);
#12466 = DIRECTION('',(-1.,-9.95799250103E-17,0.));
#12467 = ORIENTED_EDGE('',*,*,#12468,.F.);
#12468 = EDGE_CURVE('',#12452,#12461,#12469,.T.);
#12469 = LINE('',#12470,#12471);
#12470 = CARTESIAN_POINT('',(-1.7,-0.115,0.475));
#12471 = VECTOR('',#12472,1.);
#12472 = DIRECTION('',(-9.95799250103E-17,1.,0.));
#12473 = PLANE('',#12474);
#12474 = AXIS2_PLACEMENT_3D('',#12475,#12476,#12477);
#12475 = CARTESIAN_POINT('',(-1.4,-0.115,0.475));
#12476 = DIRECTION('',(0.,0.,1.));
#12477 = DIRECTION('',(-1.,-9.95799250103E-17,0.));
#12478 = ADVANCED_FACE('',(#12479),#12490,.F.);
#12479 = FACE_BOUND('',#12480,.F.);
#12480 = EDGE_LOOP('',(#12481,#12482,#12483,#12489));
#12481 = ORIENTED_EDGE('',*,*,#10900,.T.);
#12482 = ORIENTED_EDGE('',*,*,#11770,.T.);
#12483 = ORIENTED_EDGE('',*,*,#12484,.F.);
#12484 = EDGE_CURVE('',#12183,#11763,#12485,.T.);
#12485 = LINE('',#12486,#12487);
#12486 = CARTESIAN_POINT('',(-1.5,1.3,0.625));
#12487 = VECTOR('',#12488,1.);
#12488 = DIRECTION('',(0.707106781187,0.707106781187,0.));
#12489 = ORIENTED_EDGE('',*,*,#12182,.F.);
#12490 = PLANE('',#12491);
#12491 = AXIS2_PLACEMENT_3D('',#12492,#12493,#12494);
#12492 = CARTESIAN_POINT('',(-1.5,1.3,0.625));
#12493 = DIRECTION('',(0.707106781187,-0.707106781187,0.));
#12494 = DIRECTION('',(0.707106781187,0.707106781187,0.));
#12495 = ADVANCED_FACE('',(#12496),#12506,.F.);
#12496 = FACE_BOUND('',#12497,.F.);
#12497 = EDGE_LOOP('',(#12498,#12499,#12504,#12505));
#12498 = ORIENTED_EDGE('',*,*,#10923,.T.);
#12499 = ORIENTED_EDGE('',*,*,#12500,.T.);
#12500 = EDGE_CURVE('',#10917,#11874,#12501,.T.);
#12501 = B_SPLINE_CURVE_WITH_KNOTS('',1,(#12502,#12503),.UNSPECIFIED.,
  .F.,.F.,(2,2),(0.,1.),.PIECEWISE_BEZIER_KNOTS.);
#12502 = CARTESIAN_POINT('',(1.3,-1.5,0.625));
#12503 = CARTESIAN_POINT('',(1.275,-1.45,0.625));
#12504 = ORIENTED_EDGE('',*,*,#11873,.F.);
#12505 = ORIENTED_EDGE('',*,*,#11037,.F.);
#12506 = B_SPLINE_SURFACE_WITH_KNOTS('',1,1,(
    (#12507,#12508)
    ,(#12509,#12510
    )),.UNSPECIFIED.,.F.,.F.,.F.,(2,2),(2,2),(0.,0.282842712475),(0.,1.)
  ,.PIECEWISE_BEZIER_KNOTS.);
#12507 = CARTESIAN_POINT('',(1.5,-1.3,0.625));
#12508 = CARTESIAN_POINT('',(1.45,-1.275,0.625));
#12509 = CARTESIAN_POINT('',(1.3,-1.5,0.625));
#12510 = CARTESIAN_POINT('',(1.275,-1.45,0.625));
#12511 = ADVANCED_FACE('',(#12512),#12523,.T.);
#12512 = FACE_BOUND('',#12513,.T.);
#12513 = EDGE_LOOP('',(#12514,#12515,#12516,#12517));
#12514 = ORIENTED_EDGE('',*,*,#11120,.T.);
#12515 = ORIENTED_EDGE('',*,*,#11916,.T.);
#12516 = ORIENTED_EDGE('',*,*,#11007,.F.);
#12517 = ORIENTED_EDGE('',*,*,#12518,.F.);
#12518 = EDGE_CURVE('',#11113,#11000,#12519,.T.);
#12519 = LINE('',#12520,#12521);
#12520 = CARTESIAN_POINT('',(1.95,-0.885,0.375));
#12521 = VECTOR('',#12522,1.);
#12522 = DIRECTION('',(2.22044604925E-16,-1.,0.));
#12523 = CYLINDRICAL_SURFACE('',#12524,0.25);
#12524 = AXIS2_PLACEMENT_3D('',#12525,#12526,#12527);
#12525 = CARTESIAN_POINT('',(1.7,-0.885,0.375));
#12526 = DIRECTION('',(-2.22044604925E-16,1.,-0.));
#12527 = DIRECTION('',(1.,2.22044604925E-16,8.881784197001E-16));
#12528 = ADVANCED_FACE('',(#12529),#12540,.F.);
#12529 = FACE_BOUND('',#12530,.F.);
#12530 = EDGE_LOOP('',(#12531,#12537,#12538,#12539));
#12531 = ORIENTED_EDGE('',*,*,#12532,.T.);
#12532 = EDGE_CURVE('',#11104,#10991,#12533,.T.);
#12533 = LINE('',#12534,#12535);
#12534 = CARTESIAN_POINT('',(1.95,-0.885,0.25));
#12535 = VECTOR('',#12536,1.);
#12536 = DIRECTION('',(2.22044604925E-16,-1.,0.));
#12537 = ORIENTED_EDGE('',*,*,#10999,.T.);
#12538 = ORIENTED_EDGE('',*,*,#12518,.F.);
#12539 = ORIENTED_EDGE('',*,*,#11112,.F.);
#12540 = PLANE('',#12541);
#12541 = AXIS2_PLACEMENT_3D('',#12542,#12543,#12544);
#12542 = CARTESIAN_POINT('',(1.95,-0.885,0.25));
#12543 = DIRECTION('',(-1.,-2.22044604925E-16,0.));
#12544 = DIRECTION('',(0.,0.,1.));
#12545 = ADVANCED_FACE('',(#12546),#12557,.F.);
#12546 = FACE_BOUND('',#12547,.F.);
#12547 = EDGE_LOOP('',(#12548,#12554,#12555,#12556));
#12548 = ORIENTED_EDGE('',*,*,#12549,.T.);
#12549 = EDGE_CURVE('',#11096,#10983,#12550,.T.);
#12550 = LINE('',#12551,#12552);
#12551 = CARTESIAN_POINT('',(2.05,-0.885,0.15));
#12552 = VECTOR('',#12553,1.);
#12553 = DIRECTION('',(2.22044604925E-16,-1.,0.));
#12554 = ORIENTED_EDGE('',*,*,#10990,.T.);
#12555 = ORIENTED_EDGE('',*,*,#12532,.F.);
#12556 = ORIENTED_EDGE('',*,*,#11103,.F.);
#12557 = CYLINDRICAL_SURFACE('',#12558,0.1);
#12558 = AXIS2_PLACEMENT_3D('',#12559,#12560,#12561);
#12559 = CARTESIAN_POINT('',(2.05,-0.885,0.25));
#12560 = DIRECTION('',(-2.22044604925E-16,1.,0.));
#12561 = DIRECTION('',(0.,0.,-1.));
#12562 = ADVANCED_FACE('',(#12563),#12574,.F.);
#12563 = FACE_BOUND('',#12564,.F.);
#12564 = EDGE_LOOP('',(#12565,#12571,#12572,#12573));
#12565 = ORIENTED_EDGE('',*,*,#12566,.T.);
#12566 = EDGE_CURVE('',#11088,#10975,#12567,.T.);
#12567 = LINE('',#12568,#12569);
#12568 = CARTESIAN_POINT('',(2.45,-0.885,0.15));
#12569 = VECTOR('',#12570,1.);
#12570 = DIRECTION('',(2.22044604925E-16,-1.,0.));
#12571 = ORIENTED_EDGE('',*,*,#10982,.T.);
#12572 = ORIENTED_EDGE('',*,*,#12549,.F.);
#12573 = ORIENTED_EDGE('',*,*,#11095,.F.);
#12574 = PLANE('',#12575);
#12575 = AXIS2_PLACEMENT_3D('',#12576,#12577,#12578);
#12576 = CARTESIAN_POINT('',(2.45,-0.885,0.15));
#12577 = DIRECTION('',(0.,0.,-1.));
#12578 = DIRECTION('',(-1.,-2.22044604925E-16,-0.));
#12579 = ADVANCED_FACE('',(#12580),#12591,.F.);
#12580 = FACE_BOUND('',#12581,.F.);
#12581 = EDGE_LOOP('',(#12582,#12588,#12589,#12590));
#12582 = ORIENTED_EDGE('',*,*,#12583,.T.);
#12583 = EDGE_CURVE('',#11080,#10967,#12584,.T.);
#12584 = LINE('',#12585,#12586);
#12585 = CARTESIAN_POINT('',(2.45,-0.885,5.551115123126E-17));
#12586 = VECTOR('',#12587,1.);
#12587 = DIRECTION('',(2.22044604925E-16,-1.,0.));
#12588 = ORIENTED_EDGE('',*,*,#10974,.T.);
#12589 = ORIENTED_EDGE('',*,*,#12566,.F.);
#12590 = ORIENTED_EDGE('',*,*,#11087,.F.);
#12591 = PLANE('',#12592);
#12592 = AXIS2_PLACEMENT_3D('',#12593,#12594,#12595);
#12593 = CARTESIAN_POINT('',(2.45,-0.885,5.551115123126E-17));
#12594 = DIRECTION('',(-1.,-2.22044604925E-16,0.));
#12595 = DIRECTION('',(0.,0.,1.));
#12596 = ADVANCED_FACE('',(#12597),#12608,.F.);
#12597 = FACE_BOUND('',#12598,.F.);
#12598 = EDGE_LOOP('',(#12599,#12605,#12606,#12607));
#12599 = ORIENTED_EDGE('',*,*,#12600,.T.);
#12600 = EDGE_CURVE('',#11071,#10958,#12601,.T.);
#12601 = LINE('',#12602,#12603);
#12602 = CARTESIAN_POINT('',(2.05,-0.885,5.551115123126E-17));
#12603 = VECTOR('',#12604,1.);
#12604 = DIRECTION('',(2.22044604925E-16,-1.,0.));
#12605 = ORIENTED_EDGE('',*,*,#10966,.T.);
#12606 = ORIENTED_EDGE('',*,*,#12583,.F.);
#12607 = ORIENTED_EDGE('',*,*,#11079,.F.);
#12608 = PLANE('',#12609);
#12609 = AXIS2_PLACEMENT_3D('',#12610,#12611,#12612);
#12610 = CARTESIAN_POINT('',(2.05,-0.885,5.551115123126E-17));
#12611 = DIRECTION('',(0.,0.,1.));
#12612 = DIRECTION('',(1.,2.22044604925E-16,-0.));
#12613 = ADVANCED_FACE('',(#12614),#12625,.T.);
#12614 = FACE_BOUND('',#12615,.T.);
#12615 = EDGE_LOOP('',(#12616,#12617,#12618,#12619));
#12616 = ORIENTED_EDGE('',*,*,#11070,.T.);
#12617 = ORIENTED_EDGE('',*,*,#12600,.T.);
#12618 = ORIENTED_EDGE('',*,*,#10957,.F.);
#12619 = ORIENTED_EDGE('',*,*,#12620,.F.);
#12620 = EDGE_CURVE('',#11063,#10950,#12621,.T.);
#12621 = LINE('',#12622,#12623);
#12622 = CARTESIAN_POINT('',(1.8,-0.885,0.25));
#12623 = VECTOR('',#12624,1.);
#12624 = DIRECTION('',(2.22044604925E-16,-1.,0.));
#12625 = CYLINDRICAL_SURFACE('',#12626,0.25);
#12626 = AXIS2_PLACEMENT_3D('',#12627,#12628,#12629);
#12627 = CARTESIAN_POINT('',(2.05,-0.885,0.25));
#12628 = DIRECTION('',(-2.22044604925E-16,1.,-0.));
#12629 = DIRECTION('',(-1.,-2.22044604925E-16,-1.33226762955E-15));
#12630 = ADVANCED_FACE('',(#12631),#12637,.F.);
#12631 = FACE_BOUND('',#12632,.F.);
#12632 = EDGE_LOOP('',(#12633,#12634,#12635,#12636));
#12633 = ORIENTED_EDGE('',*,*,#11145,.T.);
#12634 = ORIENTED_EDGE('',*,*,#10949,.T.);
#12635 = ORIENTED_EDGE('',*,*,#12620,.F.);
#12636 = ORIENTED_EDGE('',*,*,#11062,.F.);
#12637 = PLANE('',#12638);
#12638 = AXIS2_PLACEMENT_3D('',#12639,#12640,#12641);
#12639 = CARTESIAN_POINT('',(1.8,-0.885,0.375));
#12640 = DIRECTION('',(1.,2.22044604925E-16,0.));
#12641 = DIRECTION('',(0.,0.,-1.));
#12642 = ADVANCED_FACE('',(#12643),#12654,.T.);
#12643 = FACE_BOUND('',#12644,.T.);
#12644 = EDGE_LOOP('',(#12645,#12646,#12647,#12648));
#12645 = ORIENTED_EDGE('',*,*,#11452,.T.);
#12646 = ORIENTED_EDGE('',*,*,#11954,.T.);
#12647 = ORIENTED_EDGE('',*,*,#11229,.F.);
#12648 = ORIENTED_EDGE('',*,*,#12649,.F.);
#12649 = EDGE_CURVE('',#11445,#11222,#12650,.T.);
#12650 = LINE('',#12651,#12652);
#12651 = CARTESIAN_POINT('',(1.95,-0.385,0.375));
#12652 = VECTOR('',#12653,1.);
#12653 = DIRECTION('',(2.22044604925E-16,-1.,0.));
#12654 = CYLINDRICAL_SURFACE('',#12655,0.25);
#12655 = AXIS2_PLACEMENT_3D('',#12656,#12657,#12658);
#12656 = CARTESIAN_POINT('',(1.7,-0.385,0.375));
#12657 = DIRECTION('',(-2.22044604925E-16,1.,-0.));
#12658 = DIRECTION('',(1.,2.22044604925E-16,8.881784197001E-16));
#12659 = ADVANCED_FACE('',(#12660),#12671,.F.);
#12660 = FACE_BOUND('',#12661,.F.);
#12661 = EDGE_LOOP('',(#12662,#12668,#12669,#12670));
#12662 = ORIENTED_EDGE('',*,*,#12663,.T.);
#12663 = EDGE_CURVE('',#11436,#11213,#12664,.T.);
#12664 = LINE('',#12665,#12666);
#12665 = CARTESIAN_POINT('',(1.95,-0.385,0.25));
#12666 = VECTOR('',#12667,1.);
#12667 = DIRECTION('',(2.22044604925E-16,-1.,0.));
#12668 = ORIENTED_EDGE('',*,*,#11221,.T.);
#12669 = ORIENTED_EDGE('',*,*,#12649,.F.);
#12670 = ORIENTED_EDGE('',*,*,#11444,.F.);
#12671 = PLANE('',#12672);
#12672 = AXIS2_PLACEMENT_3D('',#12673,#12674,#12675);
#12673 = CARTESIAN_POINT('',(1.95,-0.385,0.25));
#12674 = DIRECTION('',(-1.,-2.22044604925E-16,0.));
#12675 = DIRECTION('',(0.,0.,1.));
#12676 = ADVANCED_FACE('',(#12677),#12688,.F.);
#12677 = FACE_BOUND('',#12678,.F.);
#12678 = EDGE_LOOP('',(#12679,#12685,#12686,#12687));
#12679 = ORIENTED_EDGE('',*,*,#12680,.T.);
#12680 = EDGE_CURVE('',#11428,#11205,#12681,.T.);
#12681 = LINE('',#12682,#12683);
#12682 = CARTESIAN_POINT('',(2.05,-0.385,0.15));
#12683 = VECTOR('',#12684,1.);
#12684 = DIRECTION('',(2.22044604925E-16,-1.,0.));
#12685 = ORIENTED_EDGE('',*,*,#11212,.T.);
#12686 = ORIENTED_EDGE('',*,*,#12663,.F.);
#12687 = ORIENTED_EDGE('',*,*,#11435,.F.);
#12688 = CYLINDRICAL_SURFACE('',#12689,0.1);
#12689 = AXIS2_PLACEMENT_3D('',#12690,#12691,#12692);
#12690 = CARTESIAN_POINT('',(2.05,-0.385,0.25));
#12691 = DIRECTION('',(-2.22044604925E-16,1.,0.));
#12692 = DIRECTION('',(0.,0.,-1.));
#12693 = ADVANCED_FACE('',(#12694),#12705,.F.);
#12694 = FACE_BOUND('',#12695,.F.);
#12695 = EDGE_LOOP('',(#12696,#12702,#12703,#12704));
#12696 = ORIENTED_EDGE('',*,*,#12697,.T.);
#12697 = EDGE_CURVE('',#11420,#11197,#12698,.T.);
#12698 = LINE('',#12699,#12700);
#12699 = CARTESIAN_POINT('',(2.45,-0.385,0.15));
#12700 = VECTOR('',#12701,1.);
#12701 = DIRECTION('',(2.22044604925E-16,-1.,0.));
#12702 = ORIENTED_EDGE('',*,*,#11204,.T.);
#12703 = ORIENTED_EDGE('',*,*,#12680,.F.);
#12704 = ORIENTED_EDGE('',*,*,#11427,.F.);
#12705 = PLANE('',#12706);
#12706 = AXIS2_PLACEMENT_3D('',#12707,#12708,#12709);
#12707 = CARTESIAN_POINT('',(2.45,-0.385,0.15));
#12708 = DIRECTION('',(0.,0.,-1.));
#12709 = DIRECTION('',(-1.,-2.22044604925E-16,-0.));
#12710 = ADVANCED_FACE('',(#12711),#12722,.F.);
#12711 = FACE_BOUND('',#12712,.F.);
#12712 = EDGE_LOOP('',(#12713,#12719,#12720,#12721));
#12713 = ORIENTED_EDGE('',*,*,#12714,.T.);
#12714 = EDGE_CURVE('',#11412,#11189,#12715,.T.);
#12715 = LINE('',#12716,#12717);
#12716 = CARTESIAN_POINT('',(2.45,-0.385,5.551115123126E-17));
#12717 = VECTOR('',#12718,1.);
#12718 = DIRECTION('',(2.22044604925E-16,-1.,0.));
#12719 = ORIENTED_EDGE('',*,*,#11196,.T.);
#12720 = ORIENTED_EDGE('',*,*,#12697,.F.);
#12721 = ORIENTED_EDGE('',*,*,#11419,.F.);
#12722 = PLANE('',#12723);
#12723 = AXIS2_PLACEMENT_3D('',#12724,#12725,#12726);
#12724 = CARTESIAN_POINT('',(2.45,-0.385,5.551115123126E-17));
#12725 = DIRECTION('',(-1.,-2.22044604925E-16,0.));
#12726 = DIRECTION('',(0.,0.,1.));
#12727 = ADVANCED_FACE('',(#12728),#12739,.F.);
#12728 = FACE_BOUND('',#12729,.F.);
#12729 = EDGE_LOOP('',(#12730,#12736,#12737,#12738));
#12730 = ORIENTED_EDGE('',*,*,#12731,.T.);
#12731 = EDGE_CURVE('',#11403,#11180,#12732,.T.);
#12732 = LINE('',#12733,#12734);
#12733 = CARTESIAN_POINT('',(2.05,-0.385,5.551115123126E-17));
#12734 = VECTOR('',#12735,1.);
#12735 = DIRECTION('',(2.22044604925E-16,-1.,0.));
#12736 = ORIENTED_EDGE('',*,*,#11188,.T.);
#12737 = ORIENTED_EDGE('',*,*,#12714,.F.);
#12738 = ORIENTED_EDGE('',*,*,#11411,.F.);
#12739 = PLANE('',#12740);
#12740 = AXIS2_PLACEMENT_3D('',#12741,#12742,#12743);
#12741 = CARTESIAN_POINT('',(2.05,-0.385,5.551115123126E-17));
#12742 = DIRECTION('',(0.,0.,1.));
#12743 = DIRECTION('',(1.,2.22044604925E-16,-0.));
#12744 = ADVANCED_FACE('',(#12745),#12756,.T.);
#12745 = FACE_BOUND('',#12746,.T.);
#12746 = EDGE_LOOP('',(#12747,#12748,#12749,#12750));
#12747 = ORIENTED_EDGE('',*,*,#11402,.T.);
#12748 = ORIENTED_EDGE('',*,*,#12731,.T.);
#12749 = ORIENTED_EDGE('',*,*,#11179,.F.);
#12750 = ORIENTED_EDGE('',*,*,#12751,.F.);
#12751 = EDGE_CURVE('',#11395,#11172,#12752,.T.);
#12752 = LINE('',#12753,#12754);
#12753 = CARTESIAN_POINT('',(1.8,-0.385,0.25));
#12754 = VECTOR('',#12755,1.);
#12755 = DIRECTION('',(2.22044604925E-16,-1.,0.));
#12756 = CYLINDRICAL_SURFACE('',#12757,0.25);
#12757 = AXIS2_PLACEMENT_3D('',#12758,#12759,#12760);
#12758 = CARTESIAN_POINT('',(2.05,-0.385,0.25));
#12759 = DIRECTION('',(-2.22044604925E-16,1.,-0.));
#12760 = DIRECTION('',(-1.,-2.22044604925E-16,-1.33226762955E-15));
#12761 = ADVANCED_FACE('',(#12762),#12768,.F.);
#12762 = FACE_BOUND('',#12763,.F.);
#12763 = EDGE_LOOP('',(#12764,#12765,#12766,#12767));
#12764 = ORIENTED_EDGE('',*,*,#11477,.T.);
#12765 = ORIENTED_EDGE('',*,*,#11171,.T.);
#12766 = ORIENTED_EDGE('',*,*,#12751,.F.);
#12767 = ORIENTED_EDGE('',*,*,#11394,.F.);
#12768 = PLANE('',#12769);
#12769 = AXIS2_PLACEMENT_3D('',#12770,#12771,#12772);
#12770 = CARTESIAN_POINT('',(1.8,-0.385,0.375));
#12771 = DIRECTION('',(1.,2.22044604925E-16,0.));
#12772 = DIRECTION('',(0.,0.,-1.));
#12773 = ADVANCED_FACE('',(#12774),#12785,.T.);
#12774 = FACE_BOUND('',#12775,.T.);
#12775 = EDGE_LOOP('',(#12776,#12777,#12778,#12779));
#12776 = ORIENTED_EDGE('',*,*,#11583,.T.);
#12777 = ORIENTED_EDGE('',*,*,#11935,.T.);
#12778 = ORIENTED_EDGE('',*,*,#11675,.F.);
#12779 = ORIENTED_EDGE('',*,*,#12780,.F.);
#12780 = EDGE_CURVE('',#11576,#11668,#12781,.T.);
#12781 = LINE('',#12782,#12783);
#12782 = CARTESIAN_POINT('',(1.95,0.115,0.375));
#12783 = VECTOR('',#12784,1.);
#12784 = DIRECTION('',(2.22044604925E-16,-1.,0.));
#12785 = CYLINDRICAL_SURFACE('',#12786,0.25);
#12786 = AXIS2_PLACEMENT_3D('',#12787,#12788,#12789);
#12787 = CARTESIAN_POINT('',(1.7,0.115,0.375));
#12788 = DIRECTION('',(-2.22044604925E-16,1.,-0.));
#12789 = DIRECTION('',(1.,2.22044604925E-16,8.881784197001E-16));
#12790 = ADVANCED_FACE('',(#12791),#12802,.F.);
#12791 = FACE_BOUND('',#12792,.F.);
#12792 = EDGE_LOOP('',(#12793,#12799,#12800,#12801));
#12793 = ORIENTED_EDGE('',*,*,#12794,.T.);
#12794 = EDGE_CURVE('',#11567,#11659,#12795,.T.);
#12795 = LINE('',#12796,#12797);
#12796 = CARTESIAN_POINT('',(1.95,0.115,0.25));
#12797 = VECTOR('',#12798,1.);
#12798 = DIRECTION('',(2.22044604925E-16,-1.,0.));
#12799 = ORIENTED_EDGE('',*,*,#11667,.T.);
#12800 = ORIENTED_EDGE('',*,*,#12780,.F.);
#12801 = ORIENTED_EDGE('',*,*,#11575,.F.);
#12802 = PLANE('',#12803);
#12803 = AXIS2_PLACEMENT_3D('',#12804,#12805,#12806);
#12804 = CARTESIAN_POINT('',(1.95,0.115,0.25));
#12805 = DIRECTION('',(-1.,-2.22044604925E-16,0.));
#12806 = DIRECTION('',(0.,0.,1.));
#12807 = ADVANCED_FACE('',(#12808),#12819,.F.);
#12808 = FACE_BOUND('',#12809,.F.);
#12809 = EDGE_LOOP('',(#12810,#12816,#12817,#12818));
#12810 = ORIENTED_EDGE('',*,*,#12811,.T.);
#12811 = EDGE_CURVE('',#11559,#11651,#12812,.T.);
#12812 = LINE('',#12813,#12814);
#12813 = CARTESIAN_POINT('',(2.05,0.115,0.15));
#12814 = VECTOR('',#12815,1.);
#12815 = DIRECTION('',(2.22044604925E-16,-1.,0.));
#12816 = ORIENTED_EDGE('',*,*,#11658,.T.);
#12817 = ORIENTED_EDGE('',*,*,#12794,.F.);
#12818 = ORIENTED_EDGE('',*,*,#11566,.F.);
#12819 = CYLINDRICAL_SURFACE('',#12820,0.1);
#12820 = AXIS2_PLACEMENT_3D('',#12821,#12822,#12823);
#12821 = CARTESIAN_POINT('',(2.05,0.115,0.25));
#12822 = DIRECTION('',(-2.22044604925E-16,1.,0.));
#12823 = DIRECTION('',(0.,0.,-1.));
#12824 = ADVANCED_FACE('',(#12825),#12836,.F.);
#12825 = FACE_BOUND('',#12826,.F.);
#12826 = EDGE_LOOP('',(#12827,#12833,#12834,#12835));
#12827 = ORIENTED_EDGE('',*,*,#12828,.T.);
#12828 = EDGE_CURVE('',#11551,#11643,#12829,.T.);
#12829 = LINE('',#12830,#12831);
#12830 = CARTESIAN_POINT('',(2.45,0.115,0.15));
#12831 = VECTOR('',#12832,1.);
#12832 = DIRECTION('',(2.22044604925E-16,-1.,0.));
#12833 = ORIENTED_EDGE('',*,*,#11650,.T.);
#12834 = ORIENTED_EDGE('',*,*,#12811,.F.);
#12835 = ORIENTED_EDGE('',*,*,#11558,.F.);
#12836 = PLANE('',#12837);
#12837 = AXIS2_PLACEMENT_3D('',#12838,#12839,#12840);
#12838 = CARTESIAN_POINT('',(2.45,0.115,0.15));
#12839 = DIRECTION('',(0.,0.,-1.));
#12840 = DIRECTION('',(-1.,-2.22044604925E-16,-0.));
#12841 = ADVANCED_FACE('',(#12842),#12853,.F.);
#12842 = FACE_BOUND('',#12843,.F.);
#12843 = EDGE_LOOP('',(#12844,#12850,#12851,#12852));
#12844 = ORIENTED_EDGE('',*,*,#12845,.T.);
#12845 = EDGE_CURVE('',#11543,#11635,#12846,.T.);
#12846 = LINE('',#12847,#12848);
#12847 = CARTESIAN_POINT('',(2.45,0.115,5.551115123126E-17));
#12848 = VECTOR('',#12849,1.);
#12849 = DIRECTION('',(2.22044604925E-16,-1.,0.));
#12850 = ORIENTED_EDGE('',*,*,#11642,.T.);
#12851 = ORIENTED_EDGE('',*,*,#12828,.F.);
#12852 = ORIENTED_EDGE('',*,*,#11550,.F.);
#12853 = PLANE('',#12854);
#12854 = AXIS2_PLACEMENT_3D('',#12855,#12856,#12857);
#12855 = CARTESIAN_POINT('',(2.45,0.115,5.551115123126E-17));
#12856 = DIRECTION('',(-1.,-2.22044604925E-16,0.));
#12857 = DIRECTION('',(0.,0.,1.));
#12858 = ADVANCED_FACE('',(#12859),#12870,.F.);
#12859 = FACE_BOUND('',#12860,.F.);
#12860 = EDGE_LOOP('',(#12861,#12867,#12868,#12869));
#12861 = ORIENTED_EDGE('',*,*,#12862,.T.);
#12862 = EDGE_CURVE('',#11534,#11626,#12863,.T.);
#12863 = LINE('',#12864,#12865);
#12864 = CARTESIAN_POINT('',(2.05,0.115,5.551115123126E-17));
#12865 = VECTOR('',#12866,1.);
#12866 = DIRECTION('',(2.22044604925E-16,-1.,0.));
#12867 = ORIENTED_EDGE('',*,*,#11634,.T.);
#12868 = ORIENTED_EDGE('',*,*,#12845,.F.);
#12869 = ORIENTED_EDGE('',*,*,#11542,.F.);
#12870 = PLANE('',#12871);
#12871 = AXIS2_PLACEMENT_3D('',#12872,#12873,#12874);
#12872 = CARTESIAN_POINT('',(2.05,0.115,5.551115123126E-17));
#12873 = DIRECTION('',(0.,0.,1.));
#12874 = DIRECTION('',(1.,2.22044604925E-16,-0.));
#12875 = ADVANCED_FACE('',(#12876),#12887,.T.);
#12876 = FACE_BOUND('',#12877,.T.);
#12877 = EDGE_LOOP('',(#12878,#12879,#12880,#12881));
#12878 = ORIENTED_EDGE('',*,*,#11533,.T.);
#12879 = ORIENTED_EDGE('',*,*,#12862,.T.);
#12880 = ORIENTED_EDGE('',*,*,#11625,.F.);
#12881 = ORIENTED_EDGE('',*,*,#12882,.F.);
#12882 = EDGE_CURVE('',#11526,#11618,#12883,.T.);
#12883 = LINE('',#12884,#12885);
#12884 = CARTESIAN_POINT('',(1.8,0.115,0.25));
#12885 = VECTOR('',#12886,1.);
#12886 = DIRECTION('',(2.22044604925E-16,-1.,0.));
#12887 = CYLINDRICAL_SURFACE('',#12888,0.25);
#12888 = AXIS2_PLACEMENT_3D('',#12889,#12890,#12891);
#12889 = CARTESIAN_POINT('',(2.05,0.115,0.25));
#12890 = DIRECTION('',(-2.22044604925E-16,1.,-0.));
#12891 = DIRECTION('',(-1.,-2.22044604925E-16,-1.33226762955E-15));
#12892 = ADVANCED_FACE('',(#12893),#12899,.F.);
#12893 = FACE_BOUND('',#12894,.F.);
#12894 = EDGE_LOOP('',(#12895,#12896,#12897,#12898));
#12895 = ORIENTED_EDGE('',*,*,#11722,.T.);
#12896 = ORIENTED_EDGE('',*,*,#11617,.T.);
#12897 = ORIENTED_EDGE('',*,*,#12882,.F.);
#12898 = ORIENTED_EDGE('',*,*,#11525,.F.);
#12899 = PLANE('',#12900);
#12900 = AXIS2_PLACEMENT_3D('',#12901,#12902,#12903);
#12901 = CARTESIAN_POINT('',(1.8,0.115,0.375));
#12902 = DIRECTION('',(1.,2.22044604925E-16,0.));
#12903 = DIRECTION('',(0.,0.,-1.));
#12904 = ADVANCED_FACE('',(#12905),#12922,.F.);
#12905 = FACE_BOUND('',#12906,.F.);
#12906 = EDGE_LOOP('',(#12907,#12908,#12909,#12917));
#12907 = ORIENTED_EDGE('',*,*,#11762,.T.);
#12908 = ORIENTED_EDGE('',*,*,#11747,.T.);
#12909 = ORIENTED_EDGE('',*,*,#12910,.F.);
#12910 = EDGE_CURVE('',#12911,#11740,#12913,.T.);
#12911 = VERTEX_POINT('',#12912);
#12912 = CARTESIAN_POINT('',(-1.275,1.45,0.625));
#12913 = LINE('',#12914,#12915);
#12914 = CARTESIAN_POINT('',(-1.275,1.45,0.625));
#12915 = VECTOR('',#12916,1.);
#12916 = DIRECTION('',(1.,2.22044604925E-16,0.));
#12917 = ORIENTED_EDGE('',*,*,#12918,.F.);
#12918 = EDGE_CURVE('',#11763,#12911,#12919,.T.);
#12919 = B_SPLINE_CURVE_WITH_KNOTS('',1,(#12920,#12921),.UNSPECIFIED.,
  .F.,.F.,(2,2),(0.,1.),.PIECEWISE_BEZIER_KNOTS.);
#12920 = CARTESIAN_POINT('',(-1.3,1.5,0.625));
#12921 = CARTESIAN_POINT('',(-1.275,1.45,0.625));
#12922 = B_SPLINE_SURFACE_WITH_KNOTS('',1,1,(
    (#12923,#12924)
    ,(#12925,#12926
    )),.UNSPECIFIED.,.F.,.F.,.F.,(2,2),(2,2),(0.,2.6),(0.,1.),
  .PIECEWISE_BEZIER_KNOTS.);
#12923 = CARTESIAN_POINT('',(-1.3,1.5,0.625));
#12924 = CARTESIAN_POINT('',(-1.275,1.45,0.625));
#12925 = CARTESIAN_POINT('',(1.3,1.5,0.625));
#12926 = CARTESIAN_POINT('',(1.275,1.45,0.625));
#12927 = ADVANCED_FACE('',(#12928),#12938,.F.);
#12928 = FACE_BOUND('',#12929,.F.);
#12929 = EDGE_LOOP('',(#12930,#12931,#12932,#12933));
#12930 = ORIENTED_EDGE('',*,*,#12910,.T.);
#12931 = ORIENTED_EDGE('',*,*,#11793,.T.);
#12932 = ORIENTED_EDGE('',*,*,#11806,.F.);
#12933 = ORIENTED_EDGE('',*,*,#12934,.F.);
#12934 = EDGE_CURVE('',#12911,#11807,#12935,.T.);
#12935 = B_SPLINE_CURVE_WITH_KNOTS('',1,(#12936,#12937),.UNSPECIFIED.,
  .F.,.F.,(2,2),(0.,1.),.PIECEWISE_BEZIER_KNOTS.);
#12936 = CARTESIAN_POINT('',(-1.275,1.45,0.625));
#12937 = CARTESIAN_POINT('',(-1.235145644687,1.370291289374,1.));
#12938 = B_SPLINE_SURFACE_WITH_KNOTS('',1,1,(
    (#12939,#12940)
    ,(#12941,#12942
    )),.UNSPECIFIED.,.F.,.F.,.F.,(2,2),(2,2),(0.,2.55),(0.,1.),
  .PIECEWISE_BEZIER_KNOTS.);
#12939 = CARTESIAN_POINT('',(-1.275,1.45,0.625));
#12940 = CARTESIAN_POINT('',(-1.235145644687,1.370291289374,1.));
#12941 = CARTESIAN_POINT('',(1.275,1.45,0.625));
#12942 = CARTESIAN_POINT('',(1.235145644687,1.370291289374,1.));
#12943 = ADVANCED_FACE('',(#12944),#12961,.F.);
#12944 = FACE_BOUND('',#12945,.F.);
#12945 = EDGE_LOOP('',(#12946,#12954,#12955,#12956));
#12946 = ORIENTED_EDGE('',*,*,#12947,.T.);
#12947 = EDGE_CURVE('',#12948,#12911,#12950,.T.);
#12948 = VERTEX_POINT('',#12949);
#12949 = CARTESIAN_POINT('',(-1.45,1.275,0.625));
#12950 = LINE('',#12951,#12952);
#12951 = CARTESIAN_POINT('',(-1.45,1.275,0.625));
#12952 = VECTOR('',#12953,1.);
#12953 = DIRECTION('',(0.707106781187,0.707106781187,0.));
#12954 = ORIENTED_EDGE('',*,*,#12934,.T.);
#12955 = ORIENTED_EDGE('',*,*,#11814,.F.);
#12956 = ORIENTED_EDGE('',*,*,#12957,.F.);
#12957 = EDGE_CURVE('',#12948,#11815,#12958,.T.);
#12958 = B_SPLINE_CURVE_WITH_KNOTS('',1,(#12959,#12960),.UNSPECIFIED.,
  .F.,.F.,(2,2),(0.,1.),.PIECEWISE_BEZIER_KNOTS.);
#12959 = CARTESIAN_POINT('',(-1.45,1.275,0.625));
#12960 = CARTESIAN_POINT('',(-1.370291289374,1.235145644687,1.));
#12961 = B_SPLINE_SURFACE_WITH_KNOTS('',1,1,(
    (#12962,#12963)
    ,(#12964,#12965
    )),.UNSPECIFIED.,.F.,.F.,.F.,(2,2),(2,2),(0.,0.247487373415),(0.,1.)
  ,.PIECEWISE_BEZIER_KNOTS.);
#12962 = CARTESIAN_POINT('',(-1.45,1.275,0.625));
#12963 = CARTESIAN_POINT('',(-1.370291289374,1.235145644687,1.));
#12964 = CARTESIAN_POINT('',(-1.275,1.45,0.625));
#12965 = CARTESIAN_POINT('',(-1.235145644687,1.370291289374,1.));
#12966 = ADVANCED_FACE('',(#12967),#13064,.F.);
#12967 = FACE_BOUND('',#12968,.F.);
#12968 = EDGE_LOOP('',(#12969,#12979,#12987,#12995,#13003,#13011,#13019,
    #13027,#13035,#13043,#13051,#13057,#13058,#13059));
#12969 = ORIENTED_EDGE('',*,*,#12970,.T.);
#12970 = EDGE_CURVE('',#12971,#12973,#12975,.T.);
#12971 = VERTEX_POINT('',#12972);
#12972 = CARTESIAN_POINT('',(-1.45,-1.275,0.625));
#12973 = VERTEX_POINT('',#12974);
#12974 = CARTESIAN_POINT('',(-1.45,-1.115,0.625));
#12975 = LINE('',#12976,#12977);
#12976 = CARTESIAN_POINT('',(-1.45,-1.275,0.625));
#12977 = VECTOR('',#12978,1.);
#12978 = DIRECTION('',(-2.22044604925E-16,1.,0.));
#12979 = ORIENTED_EDGE('',*,*,#12980,.T.);
#12980 = EDGE_CURVE('',#12973,#12981,#12983,.T.);
#12981 = VERTEX_POINT('',#12982);
#12982 = CARTESIAN_POINT('',(-1.45,-0.885,0.625));
#12983 = LINE('',#12984,#12985);
#12984 = CARTESIAN_POINT('',(-1.45,-1.275,0.625));
#12985 = VECTOR('',#12986,1.);
#12986 = DIRECTION('',(-2.22044604925E-16,1.,0.));
#12987 = ORIENTED_EDGE('',*,*,#12988,.T.);
#12988 = EDGE_CURVE('',#12981,#12989,#12991,.T.);
#12989 = VERTEX_POINT('',#12990);
#12990 = CARTESIAN_POINT('',(-1.45,-0.615,0.625));
#12991 = LINE('',#12992,#12993);
#12992 = CARTESIAN_POINT('',(-1.45,-1.275,0.625));
#12993 = VECTOR('',#12994,1.);
#12994 = DIRECTION('',(-2.22044604925E-16,1.,0.));
#12995 = ORIENTED_EDGE('',*,*,#12996,.T.);
#12996 = EDGE_CURVE('',#12989,#12997,#12999,.T.);
#12997 = VERTEX_POINT('',#12998);
#12998 = CARTESIAN_POINT('',(-1.45,-0.385,0.625));
#12999 = LINE('',#13000,#13001);
#13000 = CARTESIAN_POINT('',(-1.45,-1.275,0.625));
#13001 = VECTOR('',#13002,1.);
#13002 = DIRECTION('',(-2.22044604925E-16,1.,0.));
#13003 = ORIENTED_EDGE('',*,*,#13004,.T.);
#13004 = EDGE_CURVE('',#12997,#13005,#13007,.T.);
#13005 = VERTEX_POINT('',#13006);
#13006 = CARTESIAN_POINT('',(-1.45,-0.115,0.625));
#13007 = LINE('',#13008,#13009);
#13008 = CARTESIAN_POINT('',(-1.45,-1.275,0.625));
#13009 = VECTOR('',#13010,1.);
#13010 = DIRECTION('',(-2.22044604925E-16,1.,0.));
#13011 = ORIENTED_EDGE('',*,*,#13012,.T.);
#13012 = EDGE_CURVE('',#13005,#13013,#13015,.T.);
#13013 = VERTEX_POINT('',#13014);
#13014 = CARTESIAN_POINT('',(-1.45,0.115,0.625));
#13015 = LINE('',#13016,#13017);
#13016 = CARTESIAN_POINT('',(-1.45,-1.275,0.625));
#13017 = VECTOR('',#13018,1.);
#13018 = DIRECTION('',(-2.22044604925E-16,1.,0.));
#13019 = ORIENTED_EDGE('',*,*,#13020,.T.);
#13020 = EDGE_CURVE('',#13013,#13021,#13023,.T.);
#13021 = VERTEX_POINT('',#13022);
#13022 = CARTESIAN_POINT('',(-1.45,0.385,0.625));
#13023 = LINE('',#13024,#13025);
#13024 = CARTESIAN_POINT('',(-1.45,-1.275,0.625));
#13025 = VECTOR('',#13026,1.);
#13026 = DIRECTION('',(-2.22044604925E-16,1.,0.));
#13027 = ORIENTED_EDGE('',*,*,#13028,.T.);
#13028 = EDGE_CURVE('',#13021,#13029,#13031,.T.);
#13029 = VERTEX_POINT('',#13030);
#13030 = CARTESIAN_POINT('',(-1.45,0.615,0.625));
#13031 = LINE('',#13032,#13033);
#13032 = CARTESIAN_POINT('',(-1.45,-1.275,0.625));
#13033 = VECTOR('',#13034,1.);
#13034 = DIRECTION('',(-2.22044604925E-16,1.,0.));
#13035 = ORIENTED_EDGE('',*,*,#13036,.T.);
#13036 = EDGE_CURVE('',#13029,#13037,#13039,.T.);
#13037 = VERTEX_POINT('',#13038);
#13038 = CARTESIAN_POINT('',(-1.45,0.885,0.625));
#13039 = LINE('',#13040,#13041);
#13040 = CARTESIAN_POINT('',(-1.45,-1.275,0.625));
#13041 = VECTOR('',#13042,1.);
#13042 = DIRECTION('',(-2.22044604925E-16,1.,0.));
#13043 = ORIENTED_EDGE('',*,*,#13044,.T.);
#13044 = EDGE_CURVE('',#13037,#13045,#13047,.T.);
#13045 = VERTEX_POINT('',#13046);
#13046 = CARTESIAN_POINT('',(-1.45,1.115,0.625));
#13047 = LINE('',#13048,#13049);
#13048 = CARTESIAN_POINT('',(-1.45,-1.275,0.625));
#13049 = VECTOR('',#13050,1.);
#13050 = DIRECTION('',(-2.22044604925E-16,1.,0.));
#13051 = ORIENTED_EDGE('',*,*,#13052,.T.);
#13052 = EDGE_CURVE('',#13045,#12948,#13053,.T.);
#13053 = LINE('',#13054,#13055);
#13054 = CARTESIAN_POINT('',(-1.45,-1.275,0.625));
#13055 = VECTOR('',#13056,1.);
#13056 = DIRECTION('',(-2.22044604925E-16,1.,0.));
#13057 = ORIENTED_EDGE('',*,*,#12957,.T.);
#13058 = ORIENTED_EDGE('',*,*,#11822,.F.);
#13059 = ORIENTED_EDGE('',*,*,#13060,.F.);
#13060 = EDGE_CURVE('',#12971,#11823,#13061,.T.);
#13061 = B_SPLINE_CURVE_WITH_KNOTS('',1,(#13062,#13063),.UNSPECIFIED.,
  .F.,.F.,(2,2),(0.,1.),.PIECEWISE_BEZIER_KNOTS.);
#13062 = CARTESIAN_POINT('',(-1.45,-1.275,0.625));
#13063 = CARTESIAN_POINT('',(-1.370291289374,-1.235145644687,1.));
#13064 = B_SPLINE_SURFACE_WITH_KNOTS('',1,1,(
    (#13065,#13066)
    ,(#13067,#13068
    )),.UNSPECIFIED.,.F.,.F.,.F.,(2,2),(2,2),(0.,2.55),(0.,1.),
  .PIECEWISE_BEZIER_KNOTS.);
#13065 = CARTESIAN_POINT('',(-1.45,-1.275,0.625));
#13066 = CARTESIAN_POINT('',(-1.370291289374,-1.235145644687,1.));
#13067 = CARTESIAN_POINT('',(-1.45,1.275,0.625));
#13068 = CARTESIAN_POINT('',(-1.370291289374,1.235145644687,1.));
#13069 = ADVANCED_FACE('',(#13070),#13087,.F.);
#13070 = FACE_BOUND('',#13071,.F.);
#13071 = EDGE_LOOP('',(#13072,#13080,#13081,#13082));
#13072 = ORIENTED_EDGE('',*,*,#13073,.T.);
#13073 = EDGE_CURVE('',#13074,#12971,#13076,.T.);
#13074 = VERTEX_POINT('',#13075);
#13075 = CARTESIAN_POINT('',(-1.275,-1.45,0.625));
#13076 = LINE('',#13077,#13078);
#13077 = CARTESIAN_POINT('',(-1.275,-1.45,0.625));
#13078 = VECTOR('',#13079,1.);
#13079 = DIRECTION('',(-0.707106781187,0.707106781187,0.));
#13080 = ORIENTED_EDGE('',*,*,#13060,.T.);
#13081 = ORIENTED_EDGE('',*,*,#11830,.F.);
#13082 = ORIENTED_EDGE('',*,*,#13083,.F.);
#13083 = EDGE_CURVE('',#13074,#11831,#13084,.T.);
#13084 = B_SPLINE_CURVE_WITH_KNOTS('',1,(#13085,#13086),.UNSPECIFIED.,
  .F.,.F.,(2,2),(0.,1.),.PIECEWISE_BEZIER_KNOTS.);
#13085 = CARTESIAN_POINT('',(-1.275,-1.45,0.625));
#13086 = CARTESIAN_POINT('',(-1.235145644687,-1.370291289374,1.));
#13087 = B_SPLINE_SURFACE_WITH_KNOTS('',1,1,(
    (#13088,#13089)
    ,(#13090,#13091
    )),.UNSPECIFIED.,.F.,.F.,.F.,(2,2),(2,2),(0.,0.247487373415),(0.,1.)
  ,.PIECEWISE_BEZIER_KNOTS.);
#13088 = CARTESIAN_POINT('',(-1.275,-1.45,0.625));
#13089 = CARTESIAN_POINT('',(-1.235145644687,-1.370291289374,1.));
#13090 = CARTESIAN_POINT('',(-1.45,-1.275,0.625));
#13091 = CARTESIAN_POINT('',(-1.370291289374,-1.235145644687,1.));
#13092 = ADVANCED_FACE('',(#13093),#13104,.F.);
#13093 = FACE_BOUND('',#13094,.F.);
#13094 = EDGE_LOOP('',(#13095,#13101,#13102,#13103));
#13095 = ORIENTED_EDGE('',*,*,#13096,.T.);
#13096 = EDGE_CURVE('',#11874,#13074,#13097,.T.);
#13097 = LINE('',#13098,#13099);
#13098 = CARTESIAN_POINT('',(1.275,-1.45,0.625));
#13099 = VECTOR('',#13100,1.);
#13100 = DIRECTION('',(-1.,-2.22044604925E-16,0.));
#13101 = ORIENTED_EDGE('',*,*,#13083,.T.);
#13102 = ORIENTED_EDGE('',*,*,#11838,.F.);
#13103 = ORIENTED_EDGE('',*,*,#11881,.F.);
#13104 = B_SPLINE_SURFACE_WITH_KNOTS('',1,1,(
    (#13105,#13106)
    ,(#13107,#13108
    )),.UNSPECIFIED.,.F.,.F.,.F.,(2,2),(2,2),(0.,2.55),(0.,1.),
  .PIECEWISE_BEZIER_KNOTS.);
#13105 = CARTESIAN_POINT('',(1.275,-1.45,0.625));
#13106 = CARTESIAN_POINT('',(1.235145644687,-1.370291289374,1.));
#13107 = CARTESIAN_POINT('',(-1.275,-1.45,0.625));
#13108 = CARTESIAN_POINT('',(-1.235145644687,-1.370291289374,1.));
#13109 = ADVANCED_FACE('',(#13110),#13129,.F.);
#13110 = FACE_BOUND('',#13111,.F.);
#13111 = EDGE_LOOP('',(#13112,#13121,#13127,#13128));
#13112 = ORIENTED_EDGE('',*,*,#13113,.T.);
#13113 = EDGE_CURVE('',#13114,#13114,#13116,.T.);
#13114 = VERTEX_POINT('',#13115);
#13115 = CARTESIAN_POINT('',(-0.670291289374,0.420291289374,0.9));
#13116 = CIRCLE('',#13117,0.25);
#13117 = AXIS2_PLACEMENT_3D('',#13118,#13119,#13120);
#13118 = CARTESIAN_POINT('',(-0.670291289374,0.670291289374,0.9));
#13119 = DIRECTION('',(-0.,0.,1.));
#13120 = DIRECTION('',(2.22044604925E-16,-1.,0.));
#13121 = ORIENTED_EDGE('',*,*,#13122,.F.);
#13122 = EDGE_CURVE('',#11857,#13114,#13123,.T.);
#13123 = LINE('',#13124,#13125);
#13124 = CARTESIAN_POINT('',(-0.670291289374,0.420291289374,1.));
#13125 = VECTOR('',#13126,1.);
#13126 = DIRECTION('',(0.,-0.,-1.));
#13127 = ORIENTED_EDGE('',*,*,#11856,.F.);
#13128 = ORIENTED_EDGE('',*,*,#13122,.T.);
#13129 = CYLINDRICAL_SURFACE('',#13130,0.25);
#13130 = AXIS2_PLACEMENT_3D('',#13131,#13132,#13133);
#13131 = CARTESIAN_POINT('',(-0.670291289374,0.670291289374,1.));
#13132 = DIRECTION('',(-0.,0.,-1.));
#13133 = DIRECTION('',(2.22044604925E-16,-1.,-0.));
#13134 = ADVANCED_FACE('',(#13135),#13145,.F.);
#13135 = FACE_BOUND('',#13136,.F.);
#13136 = EDGE_LOOP('',(#13137,#13138,#13143,#13144));
#13137 = ORIENTED_EDGE('',*,*,#12111,.T.);
#13138 = ORIENTED_EDGE('',*,*,#13139,.T.);
#13139 = EDGE_CURVE('',#12105,#13074,#13140,.T.);
#13140 = B_SPLINE_CURVE_WITH_KNOTS('',1,(#13141,#13142),.UNSPECIFIED.,
  .F.,.F.,(2,2),(0.,1.),.PIECEWISE_BEZIER_KNOTS.);
#13141 = CARTESIAN_POINT('',(-1.3,-1.5,0.625));
#13142 = CARTESIAN_POINT('',(-1.275,-1.45,0.625));
#13143 = ORIENTED_EDGE('',*,*,#13096,.F.);
#13144 = ORIENTED_EDGE('',*,*,#12500,.F.);
#13145 = B_SPLINE_SURFACE_WITH_KNOTS('',1,1,(
    (#13146,#13147)
    ,(#13148,#13149
    )),.UNSPECIFIED.,.F.,.F.,.F.,(2,2),(2,2),(0.,2.6),(0.,1.),
  .PIECEWISE_BEZIER_KNOTS.);
#13146 = CARTESIAN_POINT('',(1.3,-1.5,0.625));
#13147 = CARTESIAN_POINT('',(1.275,-1.45,0.625));
#13148 = CARTESIAN_POINT('',(-1.3,-1.5,0.625));
#13149 = CARTESIAN_POINT('',(-1.275,-1.45,0.625));
#13150 = ADVANCED_FACE('',(#13151),#13161,.F.);
#13151 = FACE_BOUND('',#13152,.F.);
#13152 = EDGE_LOOP('',(#13153,#13154,#13159,#13160));
#13153 = ORIENTED_EDGE('',*,*,#12134,.T.);
#13154 = ORIENTED_EDGE('',*,*,#13155,.T.);
#13155 = EDGE_CURVE('',#12128,#12971,#13156,.T.);
#13156 = B_SPLINE_CURVE_WITH_KNOTS('',1,(#13157,#13158),.UNSPECIFIED.,
  .F.,.F.,(2,2),(0.,1.),.PIECEWISE_BEZIER_KNOTS.);
#13157 = CARTESIAN_POINT('',(-1.5,-1.3,0.625));
#13158 = CARTESIAN_POINT('',(-1.45,-1.275,0.625));
#13159 = ORIENTED_EDGE('',*,*,#13073,.F.);
#13160 = ORIENTED_EDGE('',*,*,#13139,.F.);
#13161 = B_SPLINE_SURFACE_WITH_KNOTS('',1,1,(
    (#13162,#13163)
    ,(#13164,#13165
    )),.UNSPECIFIED.,.F.,.F.,.F.,(2,2),(2,2),(0.,0.282842712475),(0.,1.)
  ,.PIECEWISE_BEZIER_KNOTS.);
#13162 = CARTESIAN_POINT('',(-1.3,-1.5,0.625));
#13163 = CARTESIAN_POINT('',(-1.275,-1.45,0.625));
#13164 = CARTESIAN_POINT('',(-1.5,-1.3,0.625));
#13165 = CARTESIAN_POINT('',(-1.45,-1.275,0.625));
#13166 = ADVANCED_FACE('',(#13167),#13178,.F.);
#13167 = FACE_BOUND('',#13168,.F.);
#13168 = EDGE_LOOP('',(#13169,#13170,#13171,#13177));
#13169 = ORIENTED_EDGE('',*,*,#13155,.F.);
#13170 = ORIENTED_EDGE('',*,*,#12159,.T.);
#13171 = ORIENTED_EDGE('',*,*,#13172,.T.);
#13172 = EDGE_CURVE('',#12152,#12973,#13173,.T.);
#13173 = LINE('',#13174,#13175);
#13174 = CARTESIAN_POINT('',(-1.7,-1.115,0.625));
#13175 = VECTOR('',#13176,1.);
#13176 = DIRECTION('',(1.,9.95799250103E-17,0.));
#13177 = ORIENTED_EDGE('',*,*,#12970,.F.);
#13178 = B_SPLINE_SURFACE_WITH_KNOTS('',1,1,(
    (#13179,#13180)
    ,(#13181,#13182
    )),.UNSPECIFIED.,.F.,.F.,.F.,(2,2),(2,2),(0.,2.6),(0.,1.),
  .PIECEWISE_BEZIER_KNOTS.);
#13179 = CARTESIAN_POINT('',(-1.5,-1.3,0.625));
#13180 = CARTESIAN_POINT('',(-1.45,-1.275,0.625));
#13181 = CARTESIAN_POINT('',(-1.5,1.3,0.625));
#13182 = CARTESIAN_POINT('',(-1.45,1.275,0.625));
#13183 = ADVANCED_FACE('',(#13184),#13270,.F.);
#13184 = FACE_BOUND('',#13185,.F.);
#13185 = EDGE_LOOP('',(#13186,#13187,#13188,#13197,#13205,#13214,#13222,
    #13230,#13238,#13247,#13255,#13264));
#13186 = ORIENTED_EDGE('',*,*,#12151,.F.);
#13187 = ORIENTED_EDGE('',*,*,#12203,.T.);
#13188 = ORIENTED_EDGE('',*,*,#13189,.T.);
#13189 = EDGE_CURVE('',#12204,#13190,#13192,.T.);
#13190 = VERTEX_POINT('',#13191);
#13191 = CARTESIAN_POINT('',(-1.8,-1.115,0.375));
#13192 = CIRCLE('',#13193,0.1);
#13193 = AXIS2_PLACEMENT_3D('',#13194,#13195,#13196);
#13194 = CARTESIAN_POINT('',(-1.7,-1.115,0.375));
#13195 = DIRECTION('',(9.95799250103E-17,-1.,0.));
#13196 = DIRECTION('',(2.22044604925E-15,2.211118510737E-31,1.));
#13197 = ORIENTED_EDGE('',*,*,#13198,.T.);
#13198 = EDGE_CURVE('',#13190,#13199,#13201,.T.);
#13199 = VERTEX_POINT('',#13200);
#13200 = CARTESIAN_POINT('',(-1.8,-1.115,0.25));
#13201 = LINE('',#13202,#13203);
#13202 = CARTESIAN_POINT('',(-1.8,-1.115,0.375));
#13203 = VECTOR('',#13204,1.);
#13204 = DIRECTION('',(-0.,0.,-1.));
#13205 = ORIENTED_EDGE('',*,*,#13206,.T.);
#13206 = EDGE_CURVE('',#13199,#13207,#13209,.T.);
#13207 = VERTEX_POINT('',#13208);
#13208 = CARTESIAN_POINT('',(-2.05,-1.115,5.551115123126E-17));
#13209 = CIRCLE('',#13210,0.25);
#13210 = AXIS2_PLACEMENT_3D('',#13211,#13212,#13213);
#13211 = CARTESIAN_POINT('',(-2.05,-1.115,0.25));
#13212 = DIRECTION('',(-9.95799250103E-17,1.,0.));
#13213 = DIRECTION('',(1.,9.95799250103E-17,-1.33226762955E-15));
#13214 = ORIENTED_EDGE('',*,*,#13215,.T.);
#13215 = EDGE_CURVE('',#13207,#13216,#13218,.T.);
#13216 = VERTEX_POINT('',#13217);
#13217 = CARTESIAN_POINT('',(-2.45,-1.115,5.551115123126E-17));
#13218 = LINE('',#13219,#13220);
#13219 = CARTESIAN_POINT('',(-2.05,-1.115,5.551115123126E-17));
#13220 = VECTOR('',#13221,1.);
#13221 = DIRECTION('',(-1.,-9.95799250103E-17,0.));
#13222 = ORIENTED_EDGE('',*,*,#13223,.T.);
#13223 = EDGE_CURVE('',#13216,#13224,#13226,.T.);
#13224 = VERTEX_POINT('',#13225);
#13225 = CARTESIAN_POINT('',(-2.45,-1.115,0.15));
#13226 = LINE('',#13227,#13228);
#13227 = CARTESIAN_POINT('',(-2.45,-1.115,5.551115123126E-17));
#13228 = VECTOR('',#13229,1.);
#13229 = DIRECTION('',(0.,0.,1.));
#13230 = ORIENTED_EDGE('',*,*,#13231,.T.);
#13231 = EDGE_CURVE('',#13224,#13232,#13234,.T.);
#13232 = VERTEX_POINT('',#13233);
#13233 = CARTESIAN_POINT('',(-2.05,-1.115,0.15));
#13234 = LINE('',#13235,#13236);
#13235 = CARTESIAN_POINT('',(-2.45,-1.115,0.15));
#13236 = VECTOR('',#13237,1.);
#13237 = DIRECTION('',(1.,9.95799250103E-17,0.));
#13238 = ORIENTED_EDGE('',*,*,#13239,.T.);
#13239 = EDGE_CURVE('',#13232,#13240,#13242,.T.);
#13240 = VERTEX_POINT('',#13241);
#13241 = CARTESIAN_POINT('',(-1.95,-1.115,0.25));
#13242 = CIRCLE('',#13243,0.1);
#13243 = AXIS2_PLACEMENT_3D('',#13244,#13245,#13246);
#13244 = CARTESIAN_POINT('',(-2.05,-1.115,0.25));
#13245 = DIRECTION('',(9.95799250103E-17,-1.,-0.));
#13246 = DIRECTION('',(-0.,0.,-1.));
#13247 = ORIENTED_EDGE('',*,*,#13248,.T.);
#13248 = EDGE_CURVE('',#13240,#13249,#13251,.T.);
#13249 = VERTEX_POINT('',#13250);
#13250 = CARTESIAN_POINT('',(-1.95,-1.115,0.375));
#13251 = LINE('',#13252,#13253);
#13252 = CARTESIAN_POINT('',(-1.95,-1.115,0.25));
#13253 = VECTOR('',#13254,1.);
#13254 = DIRECTION('',(0.,0.,1.));
#13255 = ORIENTED_EDGE('',*,*,#13256,.T.);
#13256 = EDGE_CURVE('',#13249,#13257,#13259,.T.);
#13257 = VERTEX_POINT('',#13258);
#13258 = CARTESIAN_POINT('',(-1.7,-1.115,0.625));
#13259 = CIRCLE('',#13260,0.25);
#13260 = AXIS2_PLACEMENT_3D('',#13261,#13262,#13263);
#13261 = CARTESIAN_POINT('',(-1.7,-1.115,0.375));
#13262 = DIRECTION('',(-9.95799250103E-17,1.,0.));
#13263 = DIRECTION('',(-1.,-9.95799250103E-17,8.881784197001E-16));
#13264 = ORIENTED_EDGE('',*,*,#13265,.T.);
#13265 = EDGE_CURVE('',#13257,#12152,#13266,.T.);
#13266 = LINE('',#13267,#13268);
#13267 = CARTESIAN_POINT('',(-1.7,-1.115,0.625));
#13268 = VECTOR('',#13269,1.);
#13269 = DIRECTION('',(1.,9.95799250103E-17,0.));
#13270 = PLANE('',#13271);
#13271 = AXIS2_PLACEMENT_3D('',#13272,#13273,#13274);
#13272 = CARTESIAN_POINT('',(-1.914512156711,-1.115,0.296859771302));
#13273 = DIRECTION('',(-9.95799250103E-17,1.,0.));
#13274 = DIRECTION('',(0.,0.,1.));
#13275 = ADVANCED_FACE('',(#13276),#13362,.T.);
#13276 = FACE_BOUND('',#13277,.T.);
#13277 = EDGE_LOOP('',(#13278,#13279,#13280,#13289,#13297,#13306,#13314,
    #13322,#13330,#13339,#13347,#13356));
#13278 = ORIENTED_EDGE('',*,*,#12173,.F.);
#13279 = ORIENTED_EDGE('',*,*,#12243,.T.);
#13280 = ORIENTED_EDGE('',*,*,#13281,.T.);
#13281 = EDGE_CURVE('',#12244,#13282,#13284,.T.);
#13282 = VERTEX_POINT('',#13283);
#13283 = CARTESIAN_POINT('',(-1.8,1.115,0.375));
#13284 = CIRCLE('',#13285,0.1);
#13285 = AXIS2_PLACEMENT_3D('',#13286,#13287,#13288);
#13286 = CARTESIAN_POINT('',(-1.7,1.115,0.375));
#13287 = DIRECTION('',(9.95799250103E-17,-1.,0.));
#13288 = DIRECTION('',(2.22044604925E-15,2.211118510737E-31,1.));
#13289 = ORIENTED_EDGE('',*,*,#13290,.T.);
#13290 = EDGE_CURVE('',#13282,#13291,#13293,.T.);
#13291 = VERTEX_POINT('',#13292);
#13292 = CARTESIAN_POINT('',(-1.8,1.115,0.25));
#13293 = LINE('',#13294,#13295);
#13294 = CARTESIAN_POINT('',(-1.8,1.115,0.375));
#13295 = VECTOR('',#13296,1.);
#13296 = DIRECTION('',(-0.,0.,-1.));
#13297 = ORIENTED_EDGE('',*,*,#13298,.T.);
#13298 = EDGE_CURVE('',#13291,#13299,#13301,.T.);
#13299 = VERTEX_POINT('',#13300);
#13300 = CARTESIAN_POINT('',(-2.05,1.115,5.551115123126E-17));
#13301 = CIRCLE('',#13302,0.25);
#13302 = AXIS2_PLACEMENT_3D('',#13303,#13304,#13305);
#13303 = CARTESIAN_POINT('',(-2.05,1.115,0.25));
#13304 = DIRECTION('',(-9.95799250103E-17,1.,0.));
#13305 = DIRECTION('',(1.,9.95799250103E-17,-1.33226762955E-15));
#13306 = ORIENTED_EDGE('',*,*,#13307,.T.);
#13307 = EDGE_CURVE('',#13299,#13308,#13310,.T.);
#13308 = VERTEX_POINT('',#13309);
#13309 = CARTESIAN_POINT('',(-2.45,1.115,5.551115123126E-17));
#13310 = LINE('',#13311,#13312);
#13311 = CARTESIAN_POINT('',(-2.05,1.115,5.551115123126E-17));
#13312 = VECTOR('',#13313,1.);
#13313 = DIRECTION('',(-1.,-9.95799250103E-17,0.));
#13314 = ORIENTED_EDGE('',*,*,#13315,.T.);
#13315 = EDGE_CURVE('',#13308,#13316,#13318,.T.);
#13316 = VERTEX_POINT('',#13317);
#13317 = CARTESIAN_POINT('',(-2.45,1.115,0.15));
#13318 = LINE('',#13319,#13320);
#13319 = CARTESIAN_POINT('',(-2.45,1.115,5.551115123126E-17));
#13320 = VECTOR('',#13321,1.);
#13321 = DIRECTION('',(0.,0.,1.));
#13322 = ORIENTED_EDGE('',*,*,#13323,.T.);
#13323 = EDGE_CURVE('',#13316,#13324,#13326,.T.);
#13324 = VERTEX_POINT('',#13325);
#13325 = CARTESIAN_POINT('',(-2.05,1.115,0.15));
#13326 = LINE('',#13327,#13328);
#13327 = CARTESIAN_POINT('',(-2.45,1.115,0.15));
#13328 = VECTOR('',#13329,1.);
#13329 = DIRECTION('',(1.,9.95799250103E-17,0.));
#13330 = ORIENTED_EDGE('',*,*,#13331,.T.);
#13331 = EDGE_CURVE('',#13324,#13332,#13334,.T.);
#13332 = VERTEX_POINT('',#13333);
#13333 = CARTESIAN_POINT('',(-1.95,1.115,0.25));
#13334 = CIRCLE('',#13335,0.1);
#13335 = AXIS2_PLACEMENT_3D('',#13336,#13337,#13338);
#13336 = CARTESIAN_POINT('',(-2.05,1.115,0.25));
#13337 = DIRECTION('',(9.95799250103E-17,-1.,-0.));
#13338 = DIRECTION('',(-0.,0.,-1.));
#13339 = ORIENTED_EDGE('',*,*,#13340,.T.);
#13340 = EDGE_CURVE('',#13332,#13341,#13343,.T.);
#13341 = VERTEX_POINT('',#13342);
#13342 = CARTESIAN_POINT('',(-1.95,1.115,0.375));
#13343 = LINE('',#13344,#13345);
#13344 = CARTESIAN_POINT('',(-1.95,1.115,0.25));
#13345 = VECTOR('',#13346,1.);
#13346 = DIRECTION('',(0.,0.,1.));
#13347 = ORIENTED_EDGE('',*,*,#13348,.T.);
#13348 = EDGE_CURVE('',#13341,#13349,#13351,.T.);
#13349 = VERTEX_POINT('',#13350);
#13350 = CARTESIAN_POINT('',(-1.7,1.115,0.625));
#13351 = CIRCLE('',#13352,0.25);
#13352 = AXIS2_PLACEMENT_3D('',#13353,#13354,#13355);
#13353 = CARTESIAN_POINT('',(-1.7,1.115,0.375));
#13354 = DIRECTION('',(-9.95799250103E-17,1.,0.));
#13355 = DIRECTION('',(-1.,-9.95799250103E-17,8.881784197001E-16));
#13356 = ORIENTED_EDGE('',*,*,#13357,.T.);
#13357 = EDGE_CURVE('',#13349,#12174,#13358,.T.);
#13358 = LINE('',#13359,#13360);
#13359 = CARTESIAN_POINT('',(-1.7,1.115,0.625));
#13360 = VECTOR('',#13361,1.);
#13361 = DIRECTION('',(1.,9.95799250103E-17,0.));
#13362 = PLANE('',#13363);
#13363 = AXIS2_PLACEMENT_3D('',#13364,#13365,#13366);
#13364 = CARTESIAN_POINT('',(-1.914512156711,1.115,0.296859771302));
#13365 = DIRECTION('',(-9.95799250103E-17,1.,0.));
#13366 = DIRECTION('',(0.,0.,1.));
#13367 = ADVANCED_FACE('',(#13368),#13383,.F.);
#13368 = FACE_BOUND('',#13369,.F.);
#13369 = EDGE_LOOP('',(#13370,#13376,#13377,#13382));
#13370 = ORIENTED_EDGE('',*,*,#13371,.F.);
#13371 = EDGE_CURVE('',#12174,#13045,#13372,.T.);
#13372 = LINE('',#13373,#13374);
#13373 = CARTESIAN_POINT('',(-1.7,1.115,0.625));
#13374 = VECTOR('',#13375,1.);
#13375 = DIRECTION('',(1.,9.95799250103E-17,0.));
#13376 = ORIENTED_EDGE('',*,*,#12189,.T.);
#13377 = ORIENTED_EDGE('',*,*,#13378,.T.);
#13378 = EDGE_CURVE('',#12183,#12948,#13379,.T.);
#13379 = B_SPLINE_CURVE_WITH_KNOTS('',1,(#13380,#13381),.UNSPECIFIED.,
  .F.,.F.,(2,2),(0.,1.),.PIECEWISE_BEZIER_KNOTS.);
#13380 = CARTESIAN_POINT('',(-1.5,1.3,0.625));
#13381 = CARTESIAN_POINT('',(-1.45,1.275,0.625));
#13382 = ORIENTED_EDGE('',*,*,#13052,.F.);
#13383 = B_SPLINE_SURFACE_WITH_KNOTS('',1,1,(
    (#13384,#13385)
    ,(#13386,#13387
    )),.UNSPECIFIED.,.F.,.F.,.F.,(2,2),(2,2),(0.,2.6),(0.,1.),
  .PIECEWISE_BEZIER_KNOTS.);
#13384 = CARTESIAN_POINT('',(-1.5,-1.3,0.625));
#13385 = CARTESIAN_POINT('',(-1.45,-1.275,0.625));
#13386 = CARTESIAN_POINT('',(-1.5,1.3,0.625));
#13387 = CARTESIAN_POINT('',(-1.45,1.275,0.625));
#13388 = ADVANCED_FACE('',(#13389),#13408,.F.);
#13389 = FACE_BOUND('',#13390,.F.);
#13390 = EDGE_LOOP('',(#13391,#13392,#13401,#13407));
#13391 = ORIENTED_EDGE('',*,*,#12220,.T.);
#13392 = ORIENTED_EDGE('',*,*,#13393,.T.);
#13393 = EDGE_CURVE('',#12213,#13394,#13396,.T.);
#13394 = VERTEX_POINT('',#13395);
#13395 = CARTESIAN_POINT('',(-1.8,-0.885,0.375));
#13396 = CIRCLE('',#13397,0.1);
#13397 = AXIS2_PLACEMENT_3D('',#13398,#13399,#13400);
#13398 = CARTESIAN_POINT('',(-1.7,-0.885,0.375));
#13399 = DIRECTION('',(9.95799250103E-17,-1.,0.));
#13400 = DIRECTION('',(2.22044604925E-15,2.211118510737E-31,1.));
#13401 = ORIENTED_EDGE('',*,*,#13402,.F.);
#13402 = EDGE_CURVE('',#13190,#13394,#13403,.T.);
#13403 = LINE('',#13404,#13405);
#13404 = CARTESIAN_POINT('',(-1.8,-1.115,0.375));
#13405 = VECTOR('',#13406,1.);
#13406 = DIRECTION('',(-9.95799250103E-17,1.,0.));
#13407 = ORIENTED_EDGE('',*,*,#13189,.F.);
#13408 = CYLINDRICAL_SURFACE('',#13409,0.1);
#13409 = AXIS2_PLACEMENT_3D('',#13410,#13411,#13412);
#13410 = CARTESIAN_POINT('',(-1.7,-1.115,0.375));
#13411 = DIRECTION('',(9.95799250103E-17,-1.,0.));
#13412 = DIRECTION('',(2.22044604925E-15,2.211118510737E-31,1.));
#13413 = ADVANCED_FACE('',(#13414),#13492,.T.);
#13414 = FACE_BOUND('',#13415,.T.);
#13415 = EDGE_LOOP('',(#13416,#13417,#13418,#13419,#13427,#13436,#13444,
    #13452,#13460,#13469,#13477,#13486));
#13416 = ORIENTED_EDGE('',*,*,#12265,.F.);
#13417 = ORIENTED_EDGE('',*,*,#12212,.T.);
#13418 = ORIENTED_EDGE('',*,*,#13393,.T.);
#13419 = ORIENTED_EDGE('',*,*,#13420,.T.);
#13420 = EDGE_CURVE('',#13394,#13421,#13423,.T.);
#13421 = VERTEX_POINT('',#13422);
#13422 = CARTESIAN_POINT('',(-1.8,-0.885,0.25));
#13423 = LINE('',#13424,#13425);
#13424 = CARTESIAN_POINT('',(-1.8,-0.885,0.375));
#13425 = VECTOR('',#13426,1.);
#13426 = DIRECTION('',(-0.,0.,-1.));
#13427 = ORIENTED_EDGE('',*,*,#13428,.T.);
#13428 = EDGE_CURVE('',#13421,#13429,#13431,.T.);
#13429 = VERTEX_POINT('',#13430);
#13430 = CARTESIAN_POINT('',(-2.05,-0.885,5.551115123126E-17));
#13431 = CIRCLE('',#13432,0.25);
#13432 = AXIS2_PLACEMENT_3D('',#13433,#13434,#13435);
#13433 = CARTESIAN_POINT('',(-2.05,-0.885,0.25));
#13434 = DIRECTION('',(-9.95799250103E-17,1.,0.));
#13435 = DIRECTION('',(1.,9.95799250103E-17,-1.33226762955E-15));
#13436 = ORIENTED_EDGE('',*,*,#13437,.T.);
#13437 = EDGE_CURVE('',#13429,#13438,#13440,.T.);
#13438 = VERTEX_POINT('',#13439);
#13439 = CARTESIAN_POINT('',(-2.45,-0.885,5.551115123126E-17));
#13440 = LINE('',#13441,#13442);
#13441 = CARTESIAN_POINT('',(-2.05,-0.885,5.551115123126E-17));
#13442 = VECTOR('',#13443,1.);
#13443 = DIRECTION('',(-1.,-9.95799250103E-17,0.));
#13444 = ORIENTED_EDGE('',*,*,#13445,.T.);
#13445 = EDGE_CURVE('',#13438,#13446,#13448,.T.);
#13446 = VERTEX_POINT('',#13447);
#13447 = CARTESIAN_POINT('',(-2.45,-0.885,0.15));
#13448 = LINE('',#13449,#13450);
#13449 = CARTESIAN_POINT('',(-2.45,-0.885,5.551115123126E-17));
#13450 = VECTOR('',#13451,1.);
#13451 = DIRECTION('',(0.,0.,1.));
#13452 = ORIENTED_EDGE('',*,*,#13453,.T.);
#13453 = EDGE_CURVE('',#13446,#13454,#13456,.T.);
#13454 = VERTEX_POINT('',#13455);
#13455 = CARTESIAN_POINT('',(-2.05,-0.885,0.15));
#13456 = LINE('',#13457,#13458);
#13457 = CARTESIAN_POINT('',(-2.45,-0.885,0.15));
#13458 = VECTOR('',#13459,1.);
#13459 = DIRECTION('',(1.,9.95799250103E-17,0.));
#13460 = ORIENTED_EDGE('',*,*,#13461,.T.);
#13461 = EDGE_CURVE('',#13454,#13462,#13464,.T.);
#13462 = VERTEX_POINT('',#13463);
#13463 = CARTESIAN_POINT('',(-1.95,-0.885,0.25));
#13464 = CIRCLE('',#13465,0.1);
#13465 = AXIS2_PLACEMENT_3D('',#13466,#13467,#13468);
#13466 = CARTESIAN_POINT('',(-2.05,-0.885,0.25));
#13467 = DIRECTION('',(9.95799250103E-17,-1.,-0.));
#13468 = DIRECTION('',(-0.,0.,-1.));
#13469 = ORIENTED_EDGE('',*,*,#13470,.T.);
#13470 = EDGE_CURVE('',#13462,#13471,#13473,.T.);
#13471 = VERTEX_POINT('',#13472);
#13472 = CARTESIAN_POINT('',(-1.95,-0.885,0.375));
#13473 = LINE('',#13474,#13475);
#13474 = CARTESIAN_POINT('',(-1.95,-0.885,0.25));
#13475 = VECTOR('',#13476,1.);
#13476 = DIRECTION('',(0.,0.,1.));
#13477 = ORIENTED_EDGE('',*,*,#13478,.T.);
#13478 = EDGE_CURVE('',#13471,#13479,#13481,.T.);
#13479 = VERTEX_POINT('',#13480);
#13480 = CARTESIAN_POINT('',(-1.7,-0.885,0.625));
#13481 = CIRCLE('',#13482,0.25);
#13482 = AXIS2_PLACEMENT_3D('',#13483,#13484,#13485);
#13483 = CARTESIAN_POINT('',(-1.7,-0.885,0.375));
#13484 = DIRECTION('',(-9.95799250103E-17,1.,0.));
#13485 = DIRECTION('',(-1.,-9.95799250103E-17,8.881784197001E-16));
#13486 = ORIENTED_EDGE('',*,*,#13487,.T.);
#13487 = EDGE_CURVE('',#13479,#12266,#13488,.T.);
#13488 = LINE('',#13489,#13490);
#13489 = CARTESIAN_POINT('',(-1.7,-0.885,0.625));
#13490 = VECTOR('',#13491,1.);
#13491 = DIRECTION('',(1.,9.95799250103E-17,0.));
#13492 = PLANE('',#13493);
#13493 = AXIS2_PLACEMENT_3D('',#13494,#13495,#13496);
#13494 = CARTESIAN_POINT('',(-1.914512156711,-0.885,0.296859771302));
#13495 = DIRECTION('',(-9.95799250103E-17,1.,0.));
#13496 = DIRECTION('',(0.,0.,1.));
#13497 = ADVANCED_FACE('',(#13498),#13584,.F.);
#13498 = FACE_BOUND('',#13499,.F.);
#13499 = EDGE_LOOP('',(#13500,#13501,#13502,#13511,#13519,#13528,#13536,
    #13544,#13552,#13561,#13569,#13578));
#13500 = ORIENTED_EDGE('',*,*,#12305,.F.);
#13501 = ORIENTED_EDGE('',*,*,#12234,.T.);
#13502 = ORIENTED_EDGE('',*,*,#13503,.T.);
#13503 = EDGE_CURVE('',#12235,#13504,#13506,.T.);
#13504 = VERTEX_POINT('',#13505);
#13505 = CARTESIAN_POINT('',(-1.8,0.885,0.375));
#13506 = CIRCLE('',#13507,0.1);
#13507 = AXIS2_PLACEMENT_3D('',#13508,#13509,#13510);
#13508 = CARTESIAN_POINT('',(-1.7,0.885,0.375));
#13509 = DIRECTION('',(9.95799250103E-17,-1.,0.));
#13510 = DIRECTION('',(2.22044604925E-15,2.211118510737E-31,1.));
#13511 = ORIENTED_EDGE('',*,*,#13512,.T.);
#13512 = EDGE_CURVE('',#13504,#13513,#13515,.T.);
#13513 = VERTEX_POINT('',#13514);
#13514 = CARTESIAN_POINT('',(-1.8,0.885,0.25));
#13515 = LINE('',#13516,#13517);
#13516 = CARTESIAN_POINT('',(-1.8,0.885,0.375));
#13517 = VECTOR('',#13518,1.);
#13518 = DIRECTION('',(-0.,0.,-1.));
#13519 = ORIENTED_EDGE('',*,*,#13520,.T.);
#13520 = EDGE_CURVE('',#13513,#13521,#13523,.T.);
#13521 = VERTEX_POINT('',#13522);
#13522 = CARTESIAN_POINT('',(-2.05,0.885,5.551115123126E-17));
#13523 = CIRCLE('',#13524,0.25);
#13524 = AXIS2_PLACEMENT_3D('',#13525,#13526,#13527);
#13525 = CARTESIAN_POINT('',(-2.05,0.885,0.25));
#13526 = DIRECTION('',(-9.95799250103E-17,1.,0.));
#13527 = DIRECTION('',(1.,9.95799250103E-17,-1.33226762955E-15));
#13528 = ORIENTED_EDGE('',*,*,#13529,.T.);
#13529 = EDGE_CURVE('',#13521,#13530,#13532,.T.);
#13530 = VERTEX_POINT('',#13531);
#13531 = CARTESIAN_POINT('',(-2.45,0.885,5.551115123126E-17));
#13532 = LINE('',#13533,#13534);
#13533 = CARTESIAN_POINT('',(-2.05,0.885,5.551115123126E-17));
#13534 = VECTOR('',#13535,1.);
#13535 = DIRECTION('',(-1.,-9.95799250103E-17,0.));
#13536 = ORIENTED_EDGE('',*,*,#13537,.T.);
#13537 = EDGE_CURVE('',#13530,#13538,#13540,.T.);
#13538 = VERTEX_POINT('',#13539);
#13539 = CARTESIAN_POINT('',(-2.45,0.885,0.15));
#13540 = LINE('',#13541,#13542);
#13541 = CARTESIAN_POINT('',(-2.45,0.885,5.551115123126E-17));
#13542 = VECTOR('',#13543,1.);
#13543 = DIRECTION('',(0.,0.,1.));
#13544 = ORIENTED_EDGE('',*,*,#13545,.T.);
#13545 = EDGE_CURVE('',#13538,#13546,#13548,.T.);
#13546 = VERTEX_POINT('',#13547);
#13547 = CARTESIAN_POINT('',(-2.05,0.885,0.15));
#13548 = LINE('',#13549,#13550);
#13549 = CARTESIAN_POINT('',(-2.45,0.885,0.15));
#13550 = VECTOR('',#13551,1.);
#13551 = DIRECTION('',(1.,9.95799250103E-17,0.));
#13552 = ORIENTED_EDGE('',*,*,#13553,.T.);
#13553 = EDGE_CURVE('',#13546,#13554,#13556,.T.);
#13554 = VERTEX_POINT('',#13555);
#13555 = CARTESIAN_POINT('',(-1.95,0.885,0.25));
#13556 = CIRCLE('',#13557,0.1);
#13557 = AXIS2_PLACEMENT_3D('',#13558,#13559,#13560);
#13558 = CARTESIAN_POINT('',(-2.05,0.885,0.25));
#13559 = DIRECTION('',(9.95799250103E-17,-1.,-0.));
#13560 = DIRECTION('',(-0.,0.,-1.));
#13561 = ORIENTED_EDGE('',*,*,#13562,.T.);
#13562 = EDGE_CURVE('',#13554,#13563,#13565,.T.);
#13563 = VERTEX_POINT('',#13564);
#13564 = CARTESIAN_POINT('',(-1.95,0.885,0.375));
#13565 = LINE('',#13566,#13567);
#13566 = CARTESIAN_POINT('',(-1.95,0.885,0.25));
#13567 = VECTOR('',#13568,1.);
#13568 = DIRECTION('',(0.,0.,1.));
#13569 = ORIENTED_EDGE('',*,*,#13570,.T.);
#13570 = EDGE_CURVE('',#13563,#13571,#13573,.T.);
#13571 = VERTEX_POINT('',#13572);
#13572 = CARTESIAN_POINT('',(-1.7,0.885,0.625));
#13573 = CIRCLE('',#13574,0.25);
#13574 = AXIS2_PLACEMENT_3D('',#13575,#13576,#13577);
#13575 = CARTESIAN_POINT('',(-1.7,0.885,0.375));
#13576 = DIRECTION('',(-9.95799250103E-17,1.,0.));
#13577 = DIRECTION('',(-1.,-9.95799250103E-17,8.881784197001E-16));
#13578 = ORIENTED_EDGE('',*,*,#13579,.T.);
#13579 = EDGE_CURVE('',#13571,#12306,#13580,.T.);
#13580 = LINE('',#13581,#13582);
#13581 = CARTESIAN_POINT('',(-1.7,0.885,0.625));
#13582 = VECTOR('',#13583,1.);
#13583 = DIRECTION('',(1.,9.95799250103E-17,0.));
#13584 = PLANE('',#13585);
#13585 = AXIS2_PLACEMENT_3D('',#13586,#13587,#13588);
#13586 = CARTESIAN_POINT('',(-1.914512156711,0.885,0.296859771302));
#13587 = DIRECTION('',(-9.95799250103E-17,1.,0.));
#13588 = DIRECTION('',(0.,0.,1.));
#13589 = ADVANCED_FACE('',(#13590),#13601,.F.);
#13590 = FACE_BOUND('',#13591,.F.);
#13591 = EDGE_LOOP('',(#13592,#13593,#13594,#13600));
#13592 = ORIENTED_EDGE('',*,*,#12251,.T.);
#13593 = ORIENTED_EDGE('',*,*,#13281,.T.);
#13594 = ORIENTED_EDGE('',*,*,#13595,.F.);
#13595 = EDGE_CURVE('',#13504,#13282,#13596,.T.);
#13596 = LINE('',#13597,#13598);
#13597 = CARTESIAN_POINT('',(-1.8,0.885,0.375));
#13598 = VECTOR('',#13599,1.);
#13599 = DIRECTION('',(-9.95799250103E-17,1.,0.));
#13600 = ORIENTED_EDGE('',*,*,#13503,.F.);
#13601 = CYLINDRICAL_SURFACE('',#13602,0.1);
#13602 = AXIS2_PLACEMENT_3D('',#13603,#13604,#13605);
#13603 = CARTESIAN_POINT('',(-1.7,0.885,0.375));
#13604 = DIRECTION('',(9.95799250103E-17,-1.,0.));
#13605 = DIRECTION('',(2.22044604925E-15,2.211118510737E-31,1.));
#13606 = ADVANCED_FACE('',(#13607),#13623,.F.);
#13607 = FACE_BOUND('',#13608,.F.);
#13608 = EDGE_LOOP('',(#13609,#13615,#13616,#13622));
#13609 = ORIENTED_EDGE('',*,*,#13610,.F.);
#13610 = EDGE_CURVE('',#12266,#12981,#13611,.T.);
#13611 = LINE('',#13612,#13613);
#13612 = CARTESIAN_POINT('',(-1.7,-0.885,0.625));
#13613 = VECTOR('',#13614,1.);
#13614 = DIRECTION('',(1.,9.95799250103E-17,0.));
#13615 = ORIENTED_EDGE('',*,*,#12282,.T.);
#13616 = ORIENTED_EDGE('',*,*,#13617,.T.);
#13617 = EDGE_CURVE('',#12275,#12989,#13618,.T.);
#13618 = LINE('',#13619,#13620);
#13619 = CARTESIAN_POINT('',(-1.7,-0.615,0.625));
#13620 = VECTOR('',#13621,1.);
#13621 = DIRECTION('',(1.,9.95799250103E-17,0.));
#13622 = ORIENTED_EDGE('',*,*,#12988,.F.);
#13623 = B_SPLINE_SURFACE_WITH_KNOTS('',1,1,(
    (#13624,#13625)
    ,(#13626,#13627
    )),.UNSPECIFIED.,.F.,.F.,.F.,(2,2),(2,2),(0.,2.6),(0.,1.),
  .PIECEWISE_BEZIER_KNOTS.);
#13624 = CARTESIAN_POINT('',(-1.5,-1.3,0.625));
#13625 = CARTESIAN_POINT('',(-1.45,-1.275,0.625));
#13626 = CARTESIAN_POINT('',(-1.5,1.3,0.625));
#13627 = CARTESIAN_POINT('',(-1.45,1.275,0.625));
#13628 = ADVANCED_FACE('',(#13629),#13715,.F.);
#13629 = FACE_BOUND('',#13630,.F.);
#13630 = EDGE_LOOP('',(#13631,#13632,#13633,#13642,#13650,#13659,#13667,
    #13675,#13683,#13692,#13700,#13709));
#13631 = ORIENTED_EDGE('',*,*,#12274,.F.);
#13632 = ORIENTED_EDGE('',*,*,#12327,.T.);
#13633 = ORIENTED_EDGE('',*,*,#13634,.T.);
#13634 = EDGE_CURVE('',#12328,#13635,#13637,.T.);
#13635 = VERTEX_POINT('',#13636);
#13636 = CARTESIAN_POINT('',(-1.8,-0.615,0.375));
#13637 = CIRCLE('',#13638,0.1);
#13638 = AXIS2_PLACEMENT_3D('',#13639,#13640,#13641);
#13639 = CARTESIAN_POINT('',(-1.7,-0.615,0.375));
#13640 = DIRECTION('',(9.95799250103E-17,-1.,0.));
#13641 = DIRECTION('',(2.22044604925E-15,2.211118510737E-31,1.));
#13642 = ORIENTED_EDGE('',*,*,#13643,.T.);
#13643 = EDGE_CURVE('',#13635,#13644,#13646,.T.);
#13644 = VERTEX_POINT('',#13645);
#13645 = CARTESIAN_POINT('',(-1.8,-0.615,0.25));
#13646 = LINE('',#13647,#13648);
#13647 = CARTESIAN_POINT('',(-1.8,-0.615,0.375));
#13648 = VECTOR('',#13649,1.);
#13649 = DIRECTION('',(-0.,0.,-1.));
#13650 = ORIENTED_EDGE('',*,*,#13651,.T.);
#13651 = EDGE_CURVE('',#13644,#13652,#13654,.T.);
#13652 = VERTEX_POINT('',#13653);
#13653 = CARTESIAN_POINT('',(-2.05,-0.615,5.551115123126E-17));
#13654 = CIRCLE('',#13655,0.25);
#13655 = AXIS2_PLACEMENT_3D('',#13656,#13657,#13658);
#13656 = CARTESIAN_POINT('',(-2.05,-0.615,0.25));
#13657 = DIRECTION('',(-9.95799250103E-17,1.,0.));
#13658 = DIRECTION('',(1.,9.95799250103E-17,-1.33226762955E-15));
#13659 = ORIENTED_EDGE('',*,*,#13660,.T.);
#13660 = EDGE_CURVE('',#13652,#13661,#13663,.T.);
#13661 = VERTEX_POINT('',#13662);
#13662 = CARTESIAN_POINT('',(-2.45,-0.615,5.551115123126E-17));
#13663 = LINE('',#13664,#13665);
#13664 = CARTESIAN_POINT('',(-2.05,-0.615,5.551115123126E-17));
#13665 = VECTOR('',#13666,1.);
#13666 = DIRECTION('',(-1.,-9.95799250103E-17,0.));
#13667 = ORIENTED_EDGE('',*,*,#13668,.T.);
#13668 = EDGE_CURVE('',#13661,#13669,#13671,.T.);
#13669 = VERTEX_POINT('',#13670);
#13670 = CARTESIAN_POINT('',(-2.45,-0.615,0.15));
#13671 = LINE('',#13672,#13673);
#13672 = CARTESIAN_POINT('',(-2.45,-0.615,5.551115123126E-17));
#13673 = VECTOR('',#13674,1.);
#13674 = DIRECTION('',(0.,0.,1.));
#13675 = ORIENTED_EDGE('',*,*,#13676,.T.);
#13676 = EDGE_CURVE('',#13669,#13677,#13679,.T.);
#13677 = VERTEX_POINT('',#13678);
#13678 = CARTESIAN_POINT('',(-2.05,-0.615,0.15));
#13679 = LINE('',#13680,#13681);
#13680 = CARTESIAN_POINT('',(-2.45,-0.615,0.15));
#13681 = VECTOR('',#13682,1.);
#13682 = DIRECTION('',(1.,9.95799250103E-17,0.));
#13683 = ORIENTED_EDGE('',*,*,#13684,.T.);
#13684 = EDGE_CURVE('',#13677,#13685,#13687,.T.);
#13685 = VERTEX_POINT('',#13686);
#13686 = CARTESIAN_POINT('',(-1.95,-0.615,0.25));
#13687 = CIRCLE('',#13688,0.1);
#13688 = AXIS2_PLACEMENT_3D('',#13689,#13690,#13691);
#13689 = CARTESIAN_POINT('',(-2.05,-0.615,0.25));
#13690 = DIRECTION('',(9.95799250103E-17,-1.,-0.));
#13691 = DIRECTION('',(-0.,0.,-1.));
#13692 = ORIENTED_EDGE('',*,*,#13693,.T.);
#13693 = EDGE_CURVE('',#13685,#13694,#13696,.T.);
#13694 = VERTEX_POINT('',#13695);
#13695 = CARTESIAN_POINT('',(-1.95,-0.615,0.375));
#13696 = LINE('',#13697,#13698);
#13697 = CARTESIAN_POINT('',(-1.95,-0.615,0.25));
#13698 = VECTOR('',#13699,1.);
#13699 = DIRECTION('',(0.,0.,1.));
#13700 = ORIENTED_EDGE('',*,*,#13701,.T.);
#13701 = EDGE_CURVE('',#13694,#13702,#13704,.T.);
#13702 = VERTEX_POINT('',#13703);
#13703 = CARTESIAN_POINT('',(-1.7,-0.615,0.625));
#13704 = CIRCLE('',#13705,0.25);
#13705 = AXIS2_PLACEMENT_3D('',#13706,#13707,#13708);
#13706 = CARTESIAN_POINT('',(-1.7,-0.615,0.375));
#13707 = DIRECTION('',(-9.95799250103E-17,1.,0.));
#13708 = DIRECTION('',(-1.,-9.95799250103E-17,8.881784197001E-16));
#13709 = ORIENTED_EDGE('',*,*,#13710,.T.);
#13710 = EDGE_CURVE('',#13702,#12275,#13711,.T.);
#13711 = LINE('',#13712,#13713);
#13712 = CARTESIAN_POINT('',(-1.7,-0.615,0.625));
#13713 = VECTOR('',#13714,1.);
#13714 = DIRECTION('',(1.,9.95799250103E-17,0.));
#13715 = PLANE('',#13716);
#13716 = AXIS2_PLACEMENT_3D('',#13717,#13718,#13719);
#13717 = CARTESIAN_POINT('',(-1.914512156711,-0.615,0.296859771302));
#13718 = DIRECTION('',(-9.95799250103E-17,1.,0.));
#13719 = DIRECTION('',(0.,0.,1.));
#13720 = ADVANCED_FACE('',(#13721),#13807,.T.);
#13721 = FACE_BOUND('',#13722,.T.);
#13722 = EDGE_LOOP('',(#13723,#13724,#13725,#13734,#13742,#13751,#13759,
    #13767,#13775,#13784,#13792,#13801));
#13723 = ORIENTED_EDGE('',*,*,#12296,.F.);
#13724 = ORIENTED_EDGE('',*,*,#12367,.T.);
#13725 = ORIENTED_EDGE('',*,*,#13726,.T.);
#13726 = EDGE_CURVE('',#12368,#13727,#13729,.T.);
#13727 = VERTEX_POINT('',#13728);
#13728 = CARTESIAN_POINT('',(-1.8,0.615,0.375));
#13729 = CIRCLE('',#13730,0.1);
#13730 = AXIS2_PLACEMENT_3D('',#13731,#13732,#13733);
#13731 = CARTESIAN_POINT('',(-1.7,0.615,0.375));
#13732 = DIRECTION('',(9.95799250103E-17,-1.,0.));
#13733 = DIRECTION('',(2.22044604925E-15,2.211118510737E-31,1.));
#13734 = ORIENTED_EDGE('',*,*,#13735,.T.);
#13735 = EDGE_CURVE('',#13727,#13736,#13738,.T.);
#13736 = VERTEX_POINT('',#13737);
#13737 = CARTESIAN_POINT('',(-1.8,0.615,0.25));
#13738 = LINE('',#13739,#13740);
#13739 = CARTESIAN_POINT('',(-1.8,0.615,0.375));
#13740 = VECTOR('',#13741,1.);
#13741 = DIRECTION('',(-0.,0.,-1.));
#13742 = ORIENTED_EDGE('',*,*,#13743,.T.);
#13743 = EDGE_CURVE('',#13736,#13744,#13746,.T.);
#13744 = VERTEX_POINT('',#13745);
#13745 = CARTESIAN_POINT('',(-2.05,0.615,5.551115123126E-17));
#13746 = CIRCLE('',#13747,0.25);
#13747 = AXIS2_PLACEMENT_3D('',#13748,#13749,#13750);
#13748 = CARTESIAN_POINT('',(-2.05,0.615,0.25));
#13749 = DIRECTION('',(-9.95799250103E-17,1.,0.));
#13750 = DIRECTION('',(1.,9.95799250103E-17,-1.33226762955E-15));
#13751 = ORIENTED_EDGE('',*,*,#13752,.T.);
#13752 = EDGE_CURVE('',#13744,#13753,#13755,.T.);
#13753 = VERTEX_POINT('',#13754);
#13754 = CARTESIAN_POINT('',(-2.45,0.615,5.551115123126E-17));
#13755 = LINE('',#13756,#13757);
#13756 = CARTESIAN_POINT('',(-2.05,0.615,5.551115123126E-17));
#13757 = VECTOR('',#13758,1.);
#13758 = DIRECTION('',(-1.,-9.95799250103E-17,0.));
#13759 = ORIENTED_EDGE('',*,*,#13760,.T.);
#13760 = EDGE_CURVE('',#13753,#13761,#13763,.T.);
#13761 = VERTEX_POINT('',#13762);
#13762 = CARTESIAN_POINT('',(-2.45,0.615,0.15));
#13763 = LINE('',#13764,#13765);
#13764 = CARTESIAN_POINT('',(-2.45,0.615,5.551115123126E-17));
#13765 = VECTOR('',#13766,1.);
#13766 = DIRECTION('',(0.,0.,1.));
#13767 = ORIENTED_EDGE('',*,*,#13768,.T.);
#13768 = EDGE_CURVE('',#13761,#13769,#13771,.T.);
#13769 = VERTEX_POINT('',#13770);
#13770 = CARTESIAN_POINT('',(-2.05,0.615,0.15));
#13771 = LINE('',#13772,#13773);
#13772 = CARTESIAN_POINT('',(-2.45,0.615,0.15));
#13773 = VECTOR('',#13774,1.);
#13774 = DIRECTION('',(1.,9.95799250103E-17,0.));
#13775 = ORIENTED_EDGE('',*,*,#13776,.T.);
#13776 = EDGE_CURVE('',#13769,#13777,#13779,.T.);
#13777 = VERTEX_POINT('',#13778);
#13778 = CARTESIAN_POINT('',(-1.95,0.615,0.25));
#13779 = CIRCLE('',#13780,0.1);
#13780 = AXIS2_PLACEMENT_3D('',#13781,#13782,#13783);
#13781 = CARTESIAN_POINT('',(-2.05,0.615,0.25));
#13782 = DIRECTION('',(9.95799250103E-17,-1.,-0.));
#13783 = DIRECTION('',(-0.,0.,-1.));
#13784 = ORIENTED_EDGE('',*,*,#13785,.T.);
#13785 = EDGE_CURVE('',#13777,#13786,#13788,.T.);
#13786 = VERTEX_POINT('',#13787);
#13787 = CARTESIAN_POINT('',(-1.95,0.615,0.375));
#13788 = LINE('',#13789,#13790);
#13789 = CARTESIAN_POINT('',(-1.95,0.615,0.25));
#13790 = VECTOR('',#13791,1.);
#13791 = DIRECTION('',(0.,0.,1.));
#13792 = ORIENTED_EDGE('',*,*,#13793,.T.);
#13793 = EDGE_CURVE('',#13786,#13794,#13796,.T.);
#13794 = VERTEX_POINT('',#13795);
#13795 = CARTESIAN_POINT('',(-1.7,0.615,0.625));
#13796 = CIRCLE('',#13797,0.25);
#13797 = AXIS2_PLACEMENT_3D('',#13798,#13799,#13800);
#13798 = CARTESIAN_POINT('',(-1.7,0.615,0.375));
#13799 = DIRECTION('',(-9.95799250103E-17,1.,0.));
#13800 = DIRECTION('',(-1.,-9.95799250103E-17,8.881784197001E-16));
#13801 = ORIENTED_EDGE('',*,*,#13802,.T.);
#13802 = EDGE_CURVE('',#13794,#12297,#13803,.T.);
#13803 = LINE('',#13804,#13805);
#13804 = CARTESIAN_POINT('',(-1.7,0.615,0.625));
#13805 = VECTOR('',#13806,1.);
#13806 = DIRECTION('',(1.,9.95799250103E-17,0.));
#13807 = PLANE('',#13808);
#13808 = AXIS2_PLACEMENT_3D('',#13809,#13810,#13811);
#13809 = CARTESIAN_POINT('',(-1.914512156711,0.615,0.296859771302));
#13810 = DIRECTION('',(-9.95799250103E-17,1.,0.));
#13811 = DIRECTION('',(0.,0.,1.));
#13812 = ADVANCED_FACE('',(#13813),#13829,.F.);
#13813 = FACE_BOUND('',#13814,.F.);
#13814 = EDGE_LOOP('',(#13815,#13821,#13822,#13828));
#13815 = ORIENTED_EDGE('',*,*,#13816,.F.);
#13816 = EDGE_CURVE('',#12297,#13029,#13817,.T.);
#13817 = LINE('',#13818,#13819);
#13818 = CARTESIAN_POINT('',(-1.7,0.615,0.625));
#13819 = VECTOR('',#13820,1.);
#13820 = DIRECTION('',(1.,9.95799250103E-17,0.));
#13821 = ORIENTED_EDGE('',*,*,#12313,.T.);
#13822 = ORIENTED_EDGE('',*,*,#13823,.T.);
#13823 = EDGE_CURVE('',#12306,#13037,#13824,.T.);
#13824 = LINE('',#13825,#13826);
#13825 = CARTESIAN_POINT('',(-1.7,0.885,0.625));
#13826 = VECTOR('',#13827,1.);
#13827 = DIRECTION('',(1.,9.95799250103E-17,0.));
#13828 = ORIENTED_EDGE('',*,*,#13036,.F.);
#13829 = B_SPLINE_SURFACE_WITH_KNOTS('',1,1,(
    (#13830,#13831)
    ,(#13832,#13833
    )),.UNSPECIFIED.,.F.,.F.,.F.,(2,2),(2,2),(0.,2.6),(0.,1.),
  .PIECEWISE_BEZIER_KNOTS.);
#13830 = CARTESIAN_POINT('',(-1.5,-1.3,0.625));
#13831 = CARTESIAN_POINT('',(-1.45,-1.275,0.625));
#13832 = CARTESIAN_POINT('',(-1.5,1.3,0.625));
#13833 = CARTESIAN_POINT('',(-1.45,1.275,0.625));
#13834 = ADVANCED_FACE('',(#13835),#13854,.F.);
#13835 = FACE_BOUND('',#13836,.F.);
#13836 = EDGE_LOOP('',(#13837,#13838,#13847,#13853));
#13837 = ORIENTED_EDGE('',*,*,#12344,.T.);
#13838 = ORIENTED_EDGE('',*,*,#13839,.T.);
#13839 = EDGE_CURVE('',#12337,#13840,#13842,.T.);
#13840 = VERTEX_POINT('',#13841);
#13841 = CARTESIAN_POINT('',(-1.8,-0.385,0.375));
#13842 = CIRCLE('',#13843,0.1);
#13843 = AXIS2_PLACEMENT_3D('',#13844,#13845,#13846);
#13844 = CARTESIAN_POINT('',(-1.7,-0.385,0.375));
#13845 = DIRECTION('',(9.95799250103E-17,-1.,0.));
#13846 = DIRECTION('',(2.22044604925E-15,2.211118510737E-31,1.));
#13847 = ORIENTED_EDGE('',*,*,#13848,.F.);
#13848 = EDGE_CURVE('',#13635,#13840,#13849,.T.);
#13849 = LINE('',#13850,#13851);
#13850 = CARTESIAN_POINT('',(-1.8,-0.615,0.375));
#13851 = VECTOR('',#13852,1.);
#13852 = DIRECTION('',(-9.95799250103E-17,1.,0.));
#13853 = ORIENTED_EDGE('',*,*,#13634,.F.);
#13854 = CYLINDRICAL_SURFACE('',#13855,0.1);
#13855 = AXIS2_PLACEMENT_3D('',#13856,#13857,#13858);
#13856 = CARTESIAN_POINT('',(-1.7,-0.615,0.375));
#13857 = DIRECTION('',(9.95799250103E-17,-1.,0.));
#13858 = DIRECTION('',(2.22044604925E-15,2.211118510737E-31,1.));
#13859 = ADVANCED_FACE('',(#13860),#13938,.T.);
#13860 = FACE_BOUND('',#13861,.T.);
#13861 = EDGE_LOOP('',(#13862,#13863,#13864,#13865,#13873,#13882,#13890,
    #13898,#13906,#13915,#13923,#13932));
#13862 = ORIENTED_EDGE('',*,*,#12389,.F.);
#13863 = ORIENTED_EDGE('',*,*,#12336,.T.);
#13864 = ORIENTED_EDGE('',*,*,#13839,.T.);
#13865 = ORIENTED_EDGE('',*,*,#13866,.T.);
#13866 = EDGE_CURVE('',#13840,#13867,#13869,.T.);
#13867 = VERTEX_POINT('',#13868);
#13868 = CARTESIAN_POINT('',(-1.8,-0.385,0.25));
#13869 = LINE('',#13870,#13871);
#13870 = CARTESIAN_POINT('',(-1.8,-0.385,0.375));
#13871 = VECTOR('',#13872,1.);
#13872 = DIRECTION('',(-0.,0.,-1.));
#13873 = ORIENTED_EDGE('',*,*,#13874,.T.);
#13874 = EDGE_CURVE('',#13867,#13875,#13877,.T.);
#13875 = VERTEX_POINT('',#13876);
#13876 = CARTESIAN_POINT('',(-2.05,-0.385,5.551115123126E-17));
#13877 = CIRCLE('',#13878,0.25);
#13878 = AXIS2_PLACEMENT_3D('',#13879,#13880,#13881);
#13879 = CARTESIAN_POINT('',(-2.05,-0.385,0.25));
#13880 = DIRECTION('',(-9.95799250103E-17,1.,0.));
#13881 = DIRECTION('',(1.,9.95799250103E-17,-1.33226762955E-15));
#13882 = ORIENTED_EDGE('',*,*,#13883,.T.);
#13883 = EDGE_CURVE('',#13875,#13884,#13886,.T.);
#13884 = VERTEX_POINT('',#13885);
#13885 = CARTESIAN_POINT('',(-2.45,-0.385,5.551115123126E-17));
#13886 = LINE('',#13887,#13888);
#13887 = CARTESIAN_POINT('',(-2.05,-0.385,5.551115123126E-17));
#13888 = VECTOR('',#13889,1.);
#13889 = DIRECTION('',(-1.,-9.95799250103E-17,0.));
#13890 = ORIENTED_EDGE('',*,*,#13891,.T.);
#13891 = EDGE_CURVE('',#13884,#13892,#13894,.T.);
#13892 = VERTEX_POINT('',#13893);
#13893 = CARTESIAN_POINT('',(-2.45,-0.385,0.15));
#13894 = LINE('',#13895,#13896);
#13895 = CARTESIAN_POINT('',(-2.45,-0.385,5.551115123126E-17));
#13896 = VECTOR('',#13897,1.);
#13897 = DIRECTION('',(0.,0.,1.));
#13898 = ORIENTED_EDGE('',*,*,#13899,.T.);
#13899 = EDGE_CURVE('',#13892,#13900,#13902,.T.);
#13900 = VERTEX_POINT('',#13901);
#13901 = CARTESIAN_POINT('',(-2.05,-0.385,0.15));
#13902 = LINE('',#13903,#13904);
#13903 = CARTESIAN_POINT('',(-2.45,-0.385,0.15));
#13904 = VECTOR('',#13905,1.);
#13905 = DIRECTION('',(1.,9.95799250103E-17,0.));
#13906 = ORIENTED_EDGE('',*,*,#13907,.T.);
#13907 = EDGE_CURVE('',#13900,#13908,#13910,.T.);
#13908 = VERTEX_POINT('',#13909);
#13909 = CARTESIAN_POINT('',(-1.95,-0.385,0.25));
#13910 = CIRCLE('',#13911,0.1);
#13911 = AXIS2_PLACEMENT_3D('',#13912,#13913,#13914);
#13912 = CARTESIAN_POINT('',(-2.05,-0.385,0.25));
#13913 = DIRECTION('',(9.95799250103E-17,-1.,-0.));
#13914 = DIRECTION('',(-0.,0.,-1.));
#13915 = ORIENTED_EDGE('',*,*,#13916,.T.);
#13916 = EDGE_CURVE('',#13908,#13917,#13919,.T.);
#13917 = VERTEX_POINT('',#13918);
#13918 = CARTESIAN_POINT('',(-1.95,-0.385,0.375));
#13919 = LINE('',#13920,#13921);
#13920 = CARTESIAN_POINT('',(-1.95,-0.385,0.25));
#13921 = VECTOR('',#13922,1.);
#13922 = DIRECTION('',(0.,0.,1.));
#13923 = ORIENTED_EDGE('',*,*,#13924,.T.);
#13924 = EDGE_CURVE('',#13917,#13925,#13927,.T.);
#13925 = VERTEX_POINT('',#13926);
#13926 = CARTESIAN_POINT('',(-1.7,-0.385,0.625));
#13927 = CIRCLE('',#13928,0.25);
#13928 = AXIS2_PLACEMENT_3D('',#13929,#13930,#13931);
#13929 = CARTESIAN_POINT('',(-1.7,-0.385,0.375));
#13930 = DIRECTION('',(-9.95799250103E-17,1.,0.));
#13931 = DIRECTION('',(-1.,-9.95799250103E-17,8.881784197001E-16));
#13932 = ORIENTED_EDGE('',*,*,#13933,.T.);
#13933 = EDGE_CURVE('',#13925,#12390,#13934,.T.);
#13934 = LINE('',#13935,#13936);
#13935 = CARTESIAN_POINT('',(-1.7,-0.385,0.625));
#13936 = VECTOR('',#13937,1.);
#13937 = DIRECTION('',(1.,9.95799250103E-17,0.));
#13938 = PLANE('',#13939);
#13939 = AXIS2_PLACEMENT_3D('',#13940,#13941,#13942);
#13940 = CARTESIAN_POINT('',(-1.914512156711,-0.385,0.296859771302));
#13941 = DIRECTION('',(-9.95799250103E-17,1.,0.));
#13942 = DIRECTION('',(0.,0.,1.));
#13943 = ADVANCED_FACE('',(#13944),#14030,.F.);
#13944 = FACE_BOUND('',#13945,.F.);
#13945 = EDGE_LOOP('',(#13946,#13947,#13948,#13957,#13965,#13974,#13982,
    #13990,#13998,#14007,#14015,#14024));
#13946 = ORIENTED_EDGE('',*,*,#12429,.F.);
#13947 = ORIENTED_EDGE('',*,*,#12358,.T.);
#13948 = ORIENTED_EDGE('',*,*,#13949,.T.);
#13949 = EDGE_CURVE('',#12359,#13950,#13952,.T.);
#13950 = VERTEX_POINT('',#13951);
#13951 = CARTESIAN_POINT('',(-1.8,0.385,0.375));
#13952 = CIRCLE('',#13953,0.1);
#13953 = AXIS2_PLACEMENT_3D('',#13954,#13955,#13956);
#13954 = CARTESIAN_POINT('',(-1.7,0.385,0.375));
#13955 = DIRECTION('',(9.95799250103E-17,-1.,0.));
#13956 = DIRECTION('',(2.22044604925E-15,2.211118510737E-31,1.));
#13957 = ORIENTED_EDGE('',*,*,#13958,.T.);
#13958 = EDGE_CURVE('',#13950,#13959,#13961,.T.);
#13959 = VERTEX_POINT('',#13960);
#13960 = CARTESIAN_POINT('',(-1.8,0.385,0.25));
#13961 = LINE('',#13962,#13963);
#13962 = CARTESIAN_POINT('',(-1.8,0.385,0.375));
#13963 = VECTOR('',#13964,1.);
#13964 = DIRECTION('',(-0.,0.,-1.));
#13965 = ORIENTED_EDGE('',*,*,#13966,.T.);
#13966 = EDGE_CURVE('',#13959,#13967,#13969,.T.);
#13967 = VERTEX_POINT('',#13968);
#13968 = CARTESIAN_POINT('',(-2.05,0.385,5.551115123126E-17));
#13969 = CIRCLE('',#13970,0.25);
#13970 = AXIS2_PLACEMENT_3D('',#13971,#13972,#13973);
#13971 = CARTESIAN_POINT('',(-2.05,0.385,0.25));
#13972 = DIRECTION('',(-9.95799250103E-17,1.,0.));
#13973 = DIRECTION('',(1.,9.95799250103E-17,-1.33226762955E-15));
#13974 = ORIENTED_EDGE('',*,*,#13975,.T.);
#13975 = EDGE_CURVE('',#13967,#13976,#13978,.T.);
#13976 = VERTEX_POINT('',#13977);
#13977 = CARTESIAN_POINT('',(-2.45,0.385,5.551115123126E-17));
#13978 = LINE('',#13979,#13980);
#13979 = CARTESIAN_POINT('',(-2.05,0.385,5.551115123126E-17));
#13980 = VECTOR('',#13981,1.);
#13981 = DIRECTION('',(-1.,-9.95799250103E-17,0.));
#13982 = ORIENTED_EDGE('',*,*,#13983,.T.);
#13983 = EDGE_CURVE('',#13976,#13984,#13986,.T.);
#13984 = VERTEX_POINT('',#13985);
#13985 = CARTESIAN_POINT('',(-2.45,0.385,0.15));
#13986 = LINE('',#13987,#13988);
#13987 = CARTESIAN_POINT('',(-2.45,0.385,5.551115123126E-17));
#13988 = VECTOR('',#13989,1.);
#13989 = DIRECTION('',(0.,0.,1.));
#13990 = ORIENTED_EDGE('',*,*,#13991,.T.);
#13991 = EDGE_CURVE('',#13984,#13992,#13994,.T.);
#13992 = VERTEX_POINT('',#13993);
#13993 = CARTESIAN_POINT('',(-2.05,0.385,0.15));
#13994 = LINE('',#13995,#13996);
#13995 = CARTESIAN_POINT('',(-2.45,0.385,0.15));
#13996 = VECTOR('',#13997,1.);
#13997 = DIRECTION('',(1.,9.95799250103E-17,0.));
#13998 = ORIENTED_EDGE('',*,*,#13999,.T.);
#13999 = EDGE_CURVE('',#13992,#14000,#14002,.T.);
#14000 = VERTEX_POINT('',#14001);
#14001 = CARTESIAN_POINT('',(-1.95,0.385,0.25));
#14002 = CIRCLE('',#14003,0.1);
#14003 = AXIS2_PLACEMENT_3D('',#14004,#14005,#14006);
#14004 = CARTESIAN_POINT('',(-2.05,0.385,0.25));
#14005 = DIRECTION('',(9.95799250103E-17,-1.,-0.));
#14006 = DIRECTION('',(-0.,0.,-1.));
#14007 = ORIENTED_EDGE('',*,*,#14008,.T.);
#14008 = EDGE_CURVE('',#14000,#14009,#14011,.T.);
#14009 = VERTEX_POINT('',#14010);
#14010 = CARTESIAN_POINT('',(-1.95,0.385,0.375));
#14011 = LINE('',#14012,#14013);
#14012 = CARTESIAN_POINT('',(-1.95,0.385,0.25));
#14013 = VECTOR('',#14014,1.);
#14014 = DIRECTION('',(0.,0.,1.));
#14015 = ORIENTED_EDGE('',*,*,#14016,.T.);
#14016 = EDGE_CURVE('',#14009,#14017,#14019,.T.);
#14017 = VERTEX_POINT('',#14018);
#14018 = CARTESIAN_POINT('',(-1.7,0.385,0.625));
#14019 = CIRCLE('',#14020,0.25);
#14020 = AXIS2_PLACEMENT_3D('',#14021,#14022,#14023);
#14021 = CARTESIAN_POINT('',(-1.7,0.385,0.375));
#14022 = DIRECTION('',(-9.95799250103E-17,1.,0.));
#14023 = DIRECTION('',(-1.,-9.95799250103E-17,8.881784197001E-16));
#14024 = ORIENTED_EDGE('',*,*,#14025,.T.);
#14025 = EDGE_CURVE('',#14017,#12430,#14026,.T.);
#14026 = LINE('',#14027,#14028);
#14027 = CARTESIAN_POINT('',(-1.7,0.385,0.625));
#14028 = VECTOR('',#14029,1.);
#14029 = DIRECTION('',(1.,9.95799250103E-17,0.));
#14030 = PLANE('',#14031);
#14031 = AXIS2_PLACEMENT_3D('',#14032,#14033,#14034);
#14032 = CARTESIAN_POINT('',(-1.914512156711,0.385,0.296859771302));
#14033 = DIRECTION('',(-9.95799250103E-17,1.,0.));
#14034 = DIRECTION('',(0.,0.,1.));
#14035 = ADVANCED_FACE('',(#14036),#14047,.F.);
#14036 = FACE_BOUND('',#14037,.F.);
#14037 = EDGE_LOOP('',(#14038,#14039,#14040,#14046));
#14038 = ORIENTED_EDGE('',*,*,#12375,.T.);
#14039 = ORIENTED_EDGE('',*,*,#13726,.T.);
#14040 = ORIENTED_EDGE('',*,*,#14041,.F.);
#14041 = EDGE_CURVE('',#13950,#13727,#14042,.T.);
#14042 = LINE('',#14043,#14044);
#14043 = CARTESIAN_POINT('',(-1.8,0.385,0.375));
#14044 = VECTOR('',#14045,1.);
#14045 = DIRECTION('',(-9.95799250103E-17,1.,0.));
#14046 = ORIENTED_EDGE('',*,*,#13949,.F.);
#14047 = CYLINDRICAL_SURFACE('',#14048,0.1);
#14048 = AXIS2_PLACEMENT_3D('',#14049,#14050,#14051);
#14049 = CARTESIAN_POINT('',(-1.7,0.385,0.375));
#14050 = DIRECTION('',(9.95799250103E-17,-1.,0.));
#14051 = DIRECTION('',(2.22044604925E-15,2.211118510737E-31,1.));
#14052 = ADVANCED_FACE('',(#14053),#14069,.F.);
#14053 = FACE_BOUND('',#14054,.F.);
#14054 = EDGE_LOOP('',(#14055,#14061,#14062,#14068));
#14055 = ORIENTED_EDGE('',*,*,#14056,.F.);
#14056 = EDGE_CURVE('',#12390,#12997,#14057,.T.);
#14057 = LINE('',#14058,#14059);
#14058 = CARTESIAN_POINT('',(-1.7,-0.385,0.625));
#14059 = VECTOR('',#14060,1.);
#14060 = DIRECTION('',(1.,9.95799250103E-17,0.));
#14061 = ORIENTED_EDGE('',*,*,#12406,.T.);
#14062 = ORIENTED_EDGE('',*,*,#14063,.T.);
#14063 = EDGE_CURVE('',#12399,#13005,#14064,.T.);
#14064 = LINE('',#14065,#14066);
#14065 = CARTESIAN_POINT('',(-1.7,-0.115,0.625));
#14066 = VECTOR('',#14067,1.);
#14067 = DIRECTION('',(1.,9.95799250103E-17,0.));
#14068 = ORIENTED_EDGE('',*,*,#13004,.F.);
#14069 = B_SPLINE_SURFACE_WITH_KNOTS('',1,1,(
    (#14070,#14071)
    ,(#14072,#14073
    )),.UNSPECIFIED.,.F.,.F.,.F.,(2,2),(2,2),(0.,2.6),(0.,1.),
  .PIECEWISE_BEZIER_KNOTS.);
#14070 = CARTESIAN_POINT('',(-1.5,-1.3,0.625));
#14071 = CARTESIAN_POINT('',(-1.45,-1.275,0.625));
#14072 = CARTESIAN_POINT('',(-1.5,1.3,0.625));
#14073 = CARTESIAN_POINT('',(-1.45,1.275,0.625));
#14074 = ADVANCED_FACE('',(#14075),#14161,.F.);
#14075 = FACE_BOUND('',#14076,.F.);
#14076 = EDGE_LOOP('',(#14077,#14078,#14079,#14088,#14096,#14105,#14113,
    #14121,#14129,#14138,#14146,#14155));
#14077 = ORIENTED_EDGE('',*,*,#12398,.F.);
#14078 = ORIENTED_EDGE('',*,*,#12451,.T.);
#14079 = ORIENTED_EDGE('',*,*,#14080,.T.);
#14080 = EDGE_CURVE('',#12452,#14081,#14083,.T.);
#14081 = VERTEX_POINT('',#14082);
#14082 = CARTESIAN_POINT('',(-1.8,-0.115,0.375));
#14083 = CIRCLE('',#14084,0.1);
#14084 = AXIS2_PLACEMENT_3D('',#14085,#14086,#14087);
#14085 = CARTESIAN_POINT('',(-1.7,-0.115,0.375));
#14086 = DIRECTION('',(9.95799250103E-17,-1.,0.));
#14087 = DIRECTION('',(2.22044604925E-15,2.211118510737E-31,1.));
#14088 = ORIENTED_EDGE('',*,*,#14089,.T.);
#14089 = EDGE_CURVE('',#14081,#14090,#14092,.T.);
#14090 = VERTEX_POINT('',#14091);
#14091 = CARTESIAN_POINT('',(-1.8,-0.115,0.25));
#14092 = LINE('',#14093,#14094);
#14093 = CARTESIAN_POINT('',(-1.8,-0.115,0.375));
#14094 = VECTOR('',#14095,1.);
#14095 = DIRECTION('',(-0.,0.,-1.));
#14096 = ORIENTED_EDGE('',*,*,#14097,.T.);
#14097 = EDGE_CURVE('',#14090,#14098,#14100,.T.);
#14098 = VERTEX_POINT('',#14099);
#14099 = CARTESIAN_POINT('',(-2.05,-0.115,5.551115123126E-17));
#14100 = CIRCLE('',#14101,0.25);
#14101 = AXIS2_PLACEMENT_3D('',#14102,#14103,#14104);
#14102 = CARTESIAN_POINT('',(-2.05,-0.115,0.25));
#14103 = DIRECTION('',(-9.95799250103E-17,1.,0.));
#14104 = DIRECTION('',(1.,9.95799250103E-17,-1.33226762955E-15));
#14105 = ORIENTED_EDGE('',*,*,#14106,.T.);
#14106 = EDGE_CURVE('',#14098,#14107,#14109,.T.);
#14107 = VERTEX_POINT('',#14108);
#14108 = CARTESIAN_POINT('',(-2.45,-0.115,5.551115123126E-17));
#14109 = LINE('',#14110,#14111);
#14110 = CARTESIAN_POINT('',(-2.05,-0.115,5.551115123126E-17));
#14111 = VECTOR('',#14112,1.);
#14112 = DIRECTION('',(-1.,-9.95799250103E-17,0.));
#14113 = ORIENTED_EDGE('',*,*,#14114,.T.);
#14114 = EDGE_CURVE('',#14107,#14115,#14117,.T.);
#14115 = VERTEX_POINT('',#14116);
#14116 = CARTESIAN_POINT('',(-2.45,-0.115,0.15));
#14117 = LINE('',#14118,#14119);
#14118 = CARTESIAN_POINT('',(-2.45,-0.115,5.551115123126E-17));
#14119 = VECTOR('',#14120,1.);
#14120 = DIRECTION('',(0.,0.,1.));
#14121 = ORIENTED_EDGE('',*,*,#14122,.T.);
#14122 = EDGE_CURVE('',#14115,#14123,#14125,.T.);
#14123 = VERTEX_POINT('',#14124);
#14124 = CARTESIAN_POINT('',(-2.05,-0.115,0.15));
#14125 = LINE('',#14126,#14127);
#14126 = CARTESIAN_POINT('',(-2.45,-0.115,0.15));
#14127 = VECTOR('',#14128,1.);
#14128 = DIRECTION('',(1.,9.95799250103E-17,0.));
#14129 = ORIENTED_EDGE('',*,*,#14130,.T.);
#14130 = EDGE_CURVE('',#14123,#14131,#14133,.T.);
#14131 = VERTEX_POINT('',#14132);
#14132 = CARTESIAN_POINT('',(-1.95,-0.115,0.25));
#14133 = CIRCLE('',#14134,0.1);
#14134 = AXIS2_PLACEMENT_3D('',#14135,#14136,#14137);
#14135 = CARTESIAN_POINT('',(-2.05,-0.115,0.25));
#14136 = DIRECTION('',(9.95799250103E-17,-1.,-0.));
#14137 = DIRECTION('',(-0.,0.,-1.));
#14138 = ORIENTED_EDGE('',*,*,#14139,.T.);
#14139 = EDGE_CURVE('',#14131,#14140,#14142,.T.);
#14140 = VERTEX_POINT('',#14141);
#14141 = CARTESIAN_POINT('',(-1.95,-0.115,0.375));
#14142 = LINE('',#14143,#14144);
#14143 = CARTESIAN_POINT('',(-1.95,-0.115,0.25));
#14144 = VECTOR('',#14145,1.);
#14145 = DIRECTION('',(0.,0.,1.));
#14146 = ORIENTED_EDGE('',*,*,#14147,.T.);
#14147 = EDGE_CURVE('',#14140,#14148,#14150,.T.);
#14148 = VERTEX_POINT('',#14149);
#14149 = CARTESIAN_POINT('',(-1.7,-0.115,0.625));
#14150 = CIRCLE('',#14151,0.25);
#14151 = AXIS2_PLACEMENT_3D('',#14152,#14153,#14154);
#14152 = CARTESIAN_POINT('',(-1.7,-0.115,0.375));
#14153 = DIRECTION('',(-9.95799250103E-17,1.,0.));
#14154 = DIRECTION('',(-1.,-9.95799250103E-17,8.881784197001E-16));
#14155 = ORIENTED_EDGE('',*,*,#14156,.T.);
#14156 = EDGE_CURVE('',#14148,#12399,#14157,.T.);
#14157 = LINE('',#14158,#14159);
#14158 = CARTESIAN_POINT('',(-1.7,-0.115,0.625));
#14159 = VECTOR('',#14160,1.);
#14160 = DIRECTION('',(1.,9.95799250103E-17,0.));
#14161 = PLANE('',#14162);
#14162 = AXIS2_PLACEMENT_3D('',#14163,#14164,#14165);
#14163 = CARTESIAN_POINT('',(-1.914512156711,-0.115,0.296859771302));
#14164 = DIRECTION('',(-9.95799250103E-17,1.,0.));
#14165 = DIRECTION('',(0.,0.,1.));
#14166 = ADVANCED_FACE('',(#14167),#14253,.T.);
#14167 = FACE_BOUND('',#14168,.T.);
#14168 = EDGE_LOOP('',(#14169,#14170,#14171,#14180,#14188,#14197,#14205,
    #14213,#14221,#14230,#14238,#14247));
#14169 = ORIENTED_EDGE('',*,*,#12420,.F.);
#14170 = ORIENTED_EDGE('',*,*,#12460,.T.);
#14171 = ORIENTED_EDGE('',*,*,#14172,.T.);
#14172 = EDGE_CURVE('',#12461,#14173,#14175,.T.);
#14173 = VERTEX_POINT('',#14174);
#14174 = CARTESIAN_POINT('',(-1.8,0.115,0.375));
#14175 = CIRCLE('',#14176,0.1);
#14176 = AXIS2_PLACEMENT_3D('',#14177,#14178,#14179);
#14177 = CARTESIAN_POINT('',(-1.7,0.115,0.375));
#14178 = DIRECTION('',(9.95799250103E-17,-1.,0.));
#14179 = DIRECTION('',(2.22044604925E-15,2.211118510737E-31,1.));
#14180 = ORIENTED_EDGE('',*,*,#14181,.T.);
#14181 = EDGE_CURVE('',#14173,#14182,#14184,.T.);
#14182 = VERTEX_POINT('',#14183);
#14183 = CARTESIAN_POINT('',(-1.8,0.115,0.25));
#14184 = LINE('',#14185,#14186);
#14185 = CARTESIAN_POINT('',(-1.8,0.115,0.375));
#14186 = VECTOR('',#14187,1.);
#14187 = DIRECTION('',(-0.,0.,-1.));
#14188 = ORIENTED_EDGE('',*,*,#14189,.T.);
#14189 = EDGE_CURVE('',#14182,#14190,#14192,.T.);
#14190 = VERTEX_POINT('',#14191);
#14191 = CARTESIAN_POINT('',(-2.05,0.115,5.551115123126E-17));
#14192 = CIRCLE('',#14193,0.25);
#14193 = AXIS2_PLACEMENT_3D('',#14194,#14195,#14196);
#14194 = CARTESIAN_POINT('',(-2.05,0.115,0.25));
#14195 = DIRECTION('',(-9.95799250103E-17,1.,0.));
#14196 = DIRECTION('',(1.,9.95799250103E-17,-1.33226762955E-15));
#14197 = ORIENTED_EDGE('',*,*,#14198,.T.);
#14198 = EDGE_CURVE('',#14190,#14199,#14201,.T.);
#14199 = VERTEX_POINT('',#14200);
#14200 = CARTESIAN_POINT('',(-2.45,0.115,5.551115123126E-17));
#14201 = LINE('',#14202,#14203);
#14202 = CARTESIAN_POINT('',(-2.05,0.115,5.551115123126E-17));
#14203 = VECTOR('',#14204,1.);
#14204 = DIRECTION('',(-1.,-9.95799250103E-17,0.));
#14205 = ORIENTED_EDGE('',*,*,#14206,.T.);
#14206 = EDGE_CURVE('',#14199,#14207,#14209,.T.);
#14207 = VERTEX_POINT('',#14208);
#14208 = CARTESIAN_POINT('',(-2.45,0.115,0.15));
#14209 = LINE('',#14210,#14211);
#14210 = CARTESIAN_POINT('',(-2.45,0.115,5.551115123126E-17));
#14211 = VECTOR('',#14212,1.);
#14212 = DIRECTION('',(0.,0.,1.));
#14213 = ORIENTED_EDGE('',*,*,#14214,.T.);
#14214 = EDGE_CURVE('',#14207,#14215,#14217,.T.);
#14215 = VERTEX_POINT('',#14216);
#14216 = CARTESIAN_POINT('',(-2.05,0.115,0.15));
#14217 = LINE('',#14218,#14219);
#14218 = CARTESIAN_POINT('',(-2.45,0.115,0.15));
#14219 = VECTOR('',#14220,1.);
#14220 = DIRECTION('',(1.,9.95799250103E-17,0.));
#14221 = ORIENTED_EDGE('',*,*,#14222,.T.);
#14222 = EDGE_CURVE('',#14215,#14223,#14225,.T.);
#14223 = VERTEX_POINT('',#14224);
#14224 = CARTESIAN_POINT('',(-1.95,0.115,0.25));
#14225 = CIRCLE('',#14226,0.1);
#14226 = AXIS2_PLACEMENT_3D('',#14227,#14228,#14229);
#14227 = CARTESIAN_POINT('',(-2.05,0.115,0.25));
#14228 = DIRECTION('',(9.95799250103E-17,-1.,-0.));
#14229 = DIRECTION('',(-0.,0.,-1.));
#14230 = ORIENTED_EDGE('',*,*,#14231,.T.);
#14231 = EDGE_CURVE('',#14223,#14232,#14234,.T.);
#14232 = VERTEX_POINT('',#14233);
#14233 = CARTESIAN_POINT('',(-1.95,0.115,0.375));
#14234 = LINE('',#14235,#14236);
#14235 = CARTESIAN_POINT('',(-1.95,0.115,0.25));
#14236 = VECTOR('',#14237,1.);
#14237 = DIRECTION('',(0.,0.,1.));
#14238 = ORIENTED_EDGE('',*,*,#14239,.T.);
#14239 = EDGE_CURVE('',#14232,#14240,#14242,.T.);
#14240 = VERTEX_POINT('',#14241);
#14241 = CARTESIAN_POINT('',(-1.7,0.115,0.625));
#14242 = CIRCLE('',#14243,0.25);
#14243 = AXIS2_PLACEMENT_3D('',#14244,#14245,#14246);
#14244 = CARTESIAN_POINT('',(-1.7,0.115,0.375));
#14245 = DIRECTION('',(-9.95799250103E-17,1.,0.));
#14246 = DIRECTION('',(-1.,-9.95799250103E-17,8.881784197001E-16));
#14247 = ORIENTED_EDGE('',*,*,#14248,.T.);
#14248 = EDGE_CURVE('',#14240,#12421,#14249,.T.);
#14249 = LINE('',#14250,#14251);
#14250 = CARTESIAN_POINT('',(-1.7,0.115,0.625));
#14251 = VECTOR('',#14252,1.);
#14252 = DIRECTION('',(1.,9.95799250103E-17,0.));
#14253 = PLANE('',#14254);
#14254 = AXIS2_PLACEMENT_3D('',#14255,#14256,#14257);
#14255 = CARTESIAN_POINT('',(-1.914512156711,0.115,0.296859771302));
#14256 = DIRECTION('',(-9.95799250103E-17,1.,0.));
#14257 = DIRECTION('',(0.,0.,1.));
#14258 = ADVANCED_FACE('',(#14259),#14275,.F.);
#14259 = FACE_BOUND('',#14260,.F.);
#14260 = EDGE_LOOP('',(#14261,#14267,#14268,#14274));
#14261 = ORIENTED_EDGE('',*,*,#14262,.F.);
#14262 = EDGE_CURVE('',#12421,#13013,#14263,.T.);
#14263 = LINE('',#14264,#14265);
#14264 = CARTESIAN_POINT('',(-1.7,0.115,0.625));
#14265 = VECTOR('',#14266,1.);
#14266 = DIRECTION('',(1.,9.95799250103E-17,0.));
#14267 = ORIENTED_EDGE('',*,*,#12437,.T.);
#14268 = ORIENTED_EDGE('',*,*,#14269,.T.);
#14269 = EDGE_CURVE('',#12430,#13021,#14270,.T.);
#14270 = LINE('',#14271,#14272);
#14271 = CARTESIAN_POINT('',(-1.7,0.385,0.625));
#14272 = VECTOR('',#14273,1.);
#14273 = DIRECTION('',(1.,9.95799250103E-17,0.));
#14274 = ORIENTED_EDGE('',*,*,#13020,.F.);
#14275 = B_SPLINE_SURFACE_WITH_KNOTS('',1,1,(
    (#14276,#14277)
    ,(#14278,#14279
    )),.UNSPECIFIED.,.F.,.F.,.F.,(2,2),(2,2),(0.,2.6),(0.,1.),
  .PIECEWISE_BEZIER_KNOTS.);
#14276 = CARTESIAN_POINT('',(-1.5,-1.3,0.625));
#14277 = CARTESIAN_POINT('',(-1.45,-1.275,0.625));
#14278 = CARTESIAN_POINT('',(-1.5,1.3,0.625));
#14279 = CARTESIAN_POINT('',(-1.45,1.275,0.625));
#14280 = ADVANCED_FACE('',(#14281),#14292,.F.);
#14281 = FACE_BOUND('',#14282,.F.);
#14282 = EDGE_LOOP('',(#14283,#14284,#14285,#14291));
#14283 = ORIENTED_EDGE('',*,*,#12468,.T.);
#14284 = ORIENTED_EDGE('',*,*,#14172,.T.);
#14285 = ORIENTED_EDGE('',*,*,#14286,.F.);
#14286 = EDGE_CURVE('',#14081,#14173,#14287,.T.);
#14287 = LINE('',#14288,#14289);
#14288 = CARTESIAN_POINT('',(-1.8,-0.115,0.375));
#14289 = VECTOR('',#14290,1.);
#14290 = DIRECTION('',(-9.95799250103E-17,1.,0.));
#14291 = ORIENTED_EDGE('',*,*,#14080,.F.);
#14292 = CYLINDRICAL_SURFACE('',#14293,0.1);
#14293 = AXIS2_PLACEMENT_3D('',#14294,#14295,#14296);
#14294 = CARTESIAN_POINT('',(-1.7,-0.115,0.375));
#14295 = DIRECTION('',(9.95799250103E-17,-1.,0.));
#14296 = DIRECTION('',(2.22044604925E-15,2.211118510737E-31,1.));
#14297 = ADVANCED_FACE('',(#14298),#14304,.F.);
#14298 = FACE_BOUND('',#14299,.F.);
#14299 = EDGE_LOOP('',(#14300,#14301,#14302,#14303));
#14300 = ORIENTED_EDGE('',*,*,#12484,.T.);
#14301 = ORIENTED_EDGE('',*,*,#12918,.T.);
#14302 = ORIENTED_EDGE('',*,*,#12947,.F.);
#14303 = ORIENTED_EDGE('',*,*,#13378,.F.);
#14304 = B_SPLINE_SURFACE_WITH_KNOTS('',1,1,(
    (#14305,#14306)
    ,(#14307,#14308
    )),.UNSPECIFIED.,.F.,.F.,.F.,(2,2),(2,2),(0.,0.282842712475),(0.,1.)
  ,.PIECEWISE_BEZIER_KNOTS.);
#14305 = CARTESIAN_POINT('',(-1.5,1.3,0.625));
#14306 = CARTESIAN_POINT('',(-1.45,1.275,0.625));
#14307 = CARTESIAN_POINT('',(-1.3,1.5,0.625));
#14308 = CARTESIAN_POINT('',(-1.275,1.45,0.625));
#14309 = ADVANCED_FACE('',(#14310),#14323,.F.);
#14310 = FACE_BOUND('',#14311,.F.);
#14311 = EDGE_LOOP('',(#14312,#14313,#14319,#14320,#14321,#14322));
#14312 = ORIENTED_EDGE('',*,*,#13265,.F.);
#14313 = ORIENTED_EDGE('',*,*,#14314,.T.);
#14314 = EDGE_CURVE('',#13257,#13479,#14315,.T.);
#14315 = LINE('',#14316,#14317);
#14316 = CARTESIAN_POINT('',(-1.7,-1.115,0.625));
#14317 = VECTOR('',#14318,1.);
#14318 = DIRECTION('',(-9.95799250103E-17,1.,0.));
#14319 = ORIENTED_EDGE('',*,*,#13487,.T.);
#14320 = ORIENTED_EDGE('',*,*,#13610,.T.);
#14321 = ORIENTED_EDGE('',*,*,#12980,.F.);
#14322 = ORIENTED_EDGE('',*,*,#13172,.F.);
#14323 = PLANE('',#14324);
#14324 = AXIS2_PLACEMENT_3D('',#14325,#14326,#14327);
#14325 = CARTESIAN_POINT('',(-1.7,-1.115,0.625));
#14326 = DIRECTION('',(-0.,0.,-1.));
#14327 = DIRECTION('',(1.,9.95799250103E-17,0.));
#14328 = ADVANCED_FACE('',(#14329),#14342,.F.);
#14329 = FACE_BOUND('',#14330,.F.);
#14330 = EDGE_LOOP('',(#14331,#14332,#14338,#14339,#14340,#14341));
#14331 = ORIENTED_EDGE('',*,*,#13710,.F.);
#14332 = ORIENTED_EDGE('',*,*,#14333,.T.);
#14333 = EDGE_CURVE('',#13702,#13925,#14334,.T.);
#14334 = LINE('',#14335,#14336);
#14335 = CARTESIAN_POINT('',(-1.7,-0.615,0.625));
#14336 = VECTOR('',#14337,1.);
#14337 = DIRECTION('',(-9.95799250103E-17,1.,0.));
#14338 = ORIENTED_EDGE('',*,*,#13933,.T.);
#14339 = ORIENTED_EDGE('',*,*,#14056,.T.);
#14340 = ORIENTED_EDGE('',*,*,#12996,.F.);
#14341 = ORIENTED_EDGE('',*,*,#13617,.F.);
#14342 = PLANE('',#14343);
#14343 = AXIS2_PLACEMENT_3D('',#14344,#14345,#14346);
#14344 = CARTESIAN_POINT('',(-1.7,-0.615,0.625));
#14345 = DIRECTION('',(-0.,0.,-1.));
#14346 = DIRECTION('',(1.,9.95799250103E-17,0.));
#14347 = ADVANCED_FACE('',(#14348),#14361,.F.);
#14348 = FACE_BOUND('',#14349,.F.);
#14349 = EDGE_LOOP('',(#14350,#14351,#14357,#14358,#14359,#14360));
#14350 = ORIENTED_EDGE('',*,*,#13579,.F.);
#14351 = ORIENTED_EDGE('',*,*,#14352,.T.);
#14352 = EDGE_CURVE('',#13571,#13349,#14353,.T.);
#14353 = LINE('',#14354,#14355);
#14354 = CARTESIAN_POINT('',(-1.7,0.885,0.625));
#14355 = VECTOR('',#14356,1.);
#14356 = DIRECTION('',(-9.95799250103E-17,1.,0.));
#14357 = ORIENTED_EDGE('',*,*,#13357,.T.);
#14358 = ORIENTED_EDGE('',*,*,#13371,.T.);
#14359 = ORIENTED_EDGE('',*,*,#13044,.F.);
#14360 = ORIENTED_EDGE('',*,*,#13823,.F.);
#14361 = PLANE('',#14362);
#14362 = AXIS2_PLACEMENT_3D('',#14363,#14364,#14365);
#14363 = CARTESIAN_POINT('',(-1.7,0.885,0.625));
#14364 = DIRECTION('',(-0.,0.,-1.));
#14365 = DIRECTION('',(1.,9.95799250103E-17,0.));
#14366 = ADVANCED_FACE('',(#14367),#14380,.F.);
#14367 = FACE_BOUND('',#14368,.F.);
#14368 = EDGE_LOOP('',(#14369,#14370,#14376,#14377,#14378,#14379));
#14369 = ORIENTED_EDGE('',*,*,#14156,.F.);
#14370 = ORIENTED_EDGE('',*,*,#14371,.T.);
#14371 = EDGE_CURVE('',#14148,#14240,#14372,.T.);
#14372 = LINE('',#14373,#14374);
#14373 = CARTESIAN_POINT('',(-1.7,-0.115,0.625));
#14374 = VECTOR('',#14375,1.);
#14375 = DIRECTION('',(-9.95799250103E-17,1.,0.));
#14376 = ORIENTED_EDGE('',*,*,#14248,.T.);
#14377 = ORIENTED_EDGE('',*,*,#14262,.T.);
#14378 = ORIENTED_EDGE('',*,*,#13012,.F.);
#14379 = ORIENTED_EDGE('',*,*,#14063,.F.);
#14380 = PLANE('',#14381);
#14381 = AXIS2_PLACEMENT_3D('',#14382,#14383,#14384);
#14382 = CARTESIAN_POINT('',(-1.7,-0.115,0.625));
#14383 = DIRECTION('',(-0.,0.,-1.));
#14384 = DIRECTION('',(1.,9.95799250103E-17,0.));
#14385 = ADVANCED_FACE('',(#14386),#14399,.F.);
#14386 = FACE_BOUND('',#14387,.F.);
#14387 = EDGE_LOOP('',(#14388,#14389,#14395,#14396,#14397,#14398));
#14388 = ORIENTED_EDGE('',*,*,#14025,.F.);
#14389 = ORIENTED_EDGE('',*,*,#14390,.T.);
#14390 = EDGE_CURVE('',#14017,#13794,#14391,.T.);
#14391 = LINE('',#14392,#14393);
#14392 = CARTESIAN_POINT('',(-1.7,0.385,0.625));
#14393 = VECTOR('',#14394,1.);
#14394 = DIRECTION('',(-9.95799250103E-17,1.,0.));
#14395 = ORIENTED_EDGE('',*,*,#13802,.T.);
#14396 = ORIENTED_EDGE('',*,*,#13816,.T.);
#14397 = ORIENTED_EDGE('',*,*,#13028,.F.);
#14398 = ORIENTED_EDGE('',*,*,#14269,.F.);
#14399 = PLANE('',#14400);
#14400 = AXIS2_PLACEMENT_3D('',#14401,#14402,#14403);
#14401 = CARTESIAN_POINT('',(-1.7,0.385,0.625));
#14402 = DIRECTION('',(-0.,0.,-1.));
#14403 = DIRECTION('',(1.,9.95799250103E-17,0.));
#14404 = ADVANCED_FACE('',(#14405),#14408,.T.);
#14405 = FACE_BOUND('',#14406,.T.);
#14406 = EDGE_LOOP('',(#14407));
#14407 = ORIENTED_EDGE('',*,*,#13113,.T.);
#14408 = PLANE('',#14409);
#14409 = AXIS2_PLACEMENT_3D('',#14410,#14411,#14412);
#14410 = CARTESIAN_POINT('',(-0.670291289374,0.670291289374,0.9));
#14411 = DIRECTION('',(0.,0.,1.));
#14412 = DIRECTION('',(2.22044604925E-16,-1.,0.));
#14413 = ADVANCED_FACE('',(#14414),#14425,.T.);
#14414 = FACE_BOUND('',#14415,.T.);
#14415 = EDGE_LOOP('',(#14416,#14417,#14418,#14419));
#14416 = ORIENTED_EDGE('',*,*,#13256,.T.);
#14417 = ORIENTED_EDGE('',*,*,#14314,.T.);
#14418 = ORIENTED_EDGE('',*,*,#13478,.F.);
#14419 = ORIENTED_EDGE('',*,*,#14420,.F.);
#14420 = EDGE_CURVE('',#13249,#13471,#14421,.T.);
#14421 = LINE('',#14422,#14423);
#14422 = CARTESIAN_POINT('',(-1.95,-1.115,0.375));
#14423 = VECTOR('',#14424,1.);
#14424 = DIRECTION('',(-9.95799250103E-17,1.,0.));
#14425 = CYLINDRICAL_SURFACE('',#14426,0.25);
#14426 = AXIS2_PLACEMENT_3D('',#14427,#14428,#14429);
#14427 = CARTESIAN_POINT('',(-1.7,-1.115,0.375));
#14428 = DIRECTION('',(9.95799250103E-17,-1.,-0.));
#14429 = DIRECTION('',(-1.,-9.95799250103E-17,8.881784197001E-16));
#14430 = ADVANCED_FACE('',(#14431),#14442,.F.);
#14431 = FACE_BOUND('',#14432,.F.);
#14432 = EDGE_LOOP('',(#14433,#14439,#14440,#14441));
#14433 = ORIENTED_EDGE('',*,*,#14434,.T.);
#14434 = EDGE_CURVE('',#13240,#13462,#14435,.T.);
#14435 = LINE('',#14436,#14437);
#14436 = CARTESIAN_POINT('',(-1.95,-1.115,0.25));
#14437 = VECTOR('',#14438,1.);
#14438 = DIRECTION('',(-9.95799250103E-17,1.,0.));
#14439 = ORIENTED_EDGE('',*,*,#13470,.T.);
#14440 = ORIENTED_EDGE('',*,*,#14420,.F.);
#14441 = ORIENTED_EDGE('',*,*,#13248,.F.);
#14442 = PLANE('',#14443);
#14443 = AXIS2_PLACEMENT_3D('',#14444,#14445,#14446);
#14444 = CARTESIAN_POINT('',(-1.95,-1.115,0.25));
#14445 = DIRECTION('',(1.,9.95799250103E-17,0.));
#14446 = DIRECTION('',(0.,-0.,1.));
#14447 = ADVANCED_FACE('',(#14448),#14459,.F.);
#14448 = FACE_BOUND('',#14449,.F.);
#14449 = EDGE_LOOP('',(#14450,#14456,#14457,#14458));
#14450 = ORIENTED_EDGE('',*,*,#14451,.T.);
#14451 = EDGE_CURVE('',#13232,#13454,#14452,.T.);
#14452 = LINE('',#14453,#14454);
#14453 = CARTESIAN_POINT('',(-2.05,-1.115,0.15));
#14454 = VECTOR('',#14455,1.);
#14455 = DIRECTION('',(-9.95799250103E-17,1.,0.));
#14456 = ORIENTED_EDGE('',*,*,#13461,.T.);
#14457 = ORIENTED_EDGE('',*,*,#14434,.F.);
#14458 = ORIENTED_EDGE('',*,*,#13239,.F.);
#14459 = CYLINDRICAL_SURFACE('',#14460,0.1);
#14460 = AXIS2_PLACEMENT_3D('',#14461,#14462,#14463);
#14461 = CARTESIAN_POINT('',(-2.05,-1.115,0.25));
#14462 = DIRECTION('',(9.95799250103E-17,-1.,0.));
#14463 = DIRECTION('',(0.,-0.,-1.));
#14464 = ADVANCED_FACE('',(#14465),#14476,.F.);
#14465 = FACE_BOUND('',#14466,.F.);
#14466 = EDGE_LOOP('',(#14467,#14473,#14474,#14475));
#14467 = ORIENTED_EDGE('',*,*,#14468,.T.);
#14468 = EDGE_CURVE('',#13224,#13446,#14469,.T.);
#14469 = LINE('',#14470,#14471);
#14470 = CARTESIAN_POINT('',(-2.45,-1.115,0.15));
#14471 = VECTOR('',#14472,1.);
#14472 = DIRECTION('',(-9.95799250103E-17,1.,0.));
#14473 = ORIENTED_EDGE('',*,*,#13453,.T.);
#14474 = ORIENTED_EDGE('',*,*,#14451,.F.);
#14475 = ORIENTED_EDGE('',*,*,#13231,.F.);
#14476 = PLANE('',#14477);
#14477 = AXIS2_PLACEMENT_3D('',#14478,#14479,#14480);
#14478 = CARTESIAN_POINT('',(-2.45,-1.115,0.15));
#14479 = DIRECTION('',(-0.,0.,-1.));
#14480 = DIRECTION('',(1.,9.95799250103E-17,0.));
#14481 = ADVANCED_FACE('',(#14482),#14493,.F.);
#14482 = FACE_BOUND('',#14483,.F.);
#14483 = EDGE_LOOP('',(#14484,#14490,#14491,#14492));
#14484 = ORIENTED_EDGE('',*,*,#14485,.T.);
#14485 = EDGE_CURVE('',#13216,#13438,#14486,.T.);
#14486 = LINE('',#14487,#14488);
#14487 = CARTESIAN_POINT('',(-2.45,-1.115,5.551115123126E-17));
#14488 = VECTOR('',#14489,1.);
#14489 = DIRECTION('',(-9.95799250103E-17,1.,0.));
#14490 = ORIENTED_EDGE('',*,*,#13445,.T.);
#14491 = ORIENTED_EDGE('',*,*,#14468,.F.);
#14492 = ORIENTED_EDGE('',*,*,#13223,.F.);
#14493 = PLANE('',#14494);
#14494 = AXIS2_PLACEMENT_3D('',#14495,#14496,#14497);
#14495 = CARTESIAN_POINT('',(-2.45,-1.115,5.551115123126E-17));
#14496 = DIRECTION('',(1.,9.95799250103E-17,0.));
#14497 = DIRECTION('',(0.,-0.,1.));
#14498 = ADVANCED_FACE('',(#14499),#14510,.F.);
#14499 = FACE_BOUND('',#14500,.F.);
#14500 = EDGE_LOOP('',(#14501,#14507,#14508,#14509));
#14501 = ORIENTED_EDGE('',*,*,#14502,.T.);
#14502 = EDGE_CURVE('',#13207,#13429,#14503,.T.);
#14503 = LINE('',#14504,#14505);
#14504 = CARTESIAN_POINT('',(-2.05,-1.115,5.551115123126E-17));
#14505 = VECTOR('',#14506,1.);
#14506 = DIRECTION('',(-9.95799250103E-17,1.,0.));
#14507 = ORIENTED_EDGE('',*,*,#13437,.T.);
#14508 = ORIENTED_EDGE('',*,*,#14485,.F.);
#14509 = ORIENTED_EDGE('',*,*,#13215,.F.);
#14510 = PLANE('',#14511);
#14511 = AXIS2_PLACEMENT_3D('',#14512,#14513,#14514);
#14512 = CARTESIAN_POINT('',(-2.05,-1.115,5.551115123126E-17));
#14513 = DIRECTION('',(0.,0.,1.));
#14514 = DIRECTION('',(-1.,-9.95799250103E-17,0.));
#14515 = ADVANCED_FACE('',(#14516),#14527,.T.);
#14516 = FACE_BOUND('',#14517,.T.);
#14517 = EDGE_LOOP('',(#14518,#14519,#14520,#14521));
#14518 = ORIENTED_EDGE('',*,*,#13206,.T.);
#14519 = ORIENTED_EDGE('',*,*,#14502,.T.);
#14520 = ORIENTED_EDGE('',*,*,#13428,.F.);
#14521 = ORIENTED_EDGE('',*,*,#14522,.F.);
#14522 = EDGE_CURVE('',#13199,#13421,#14523,.T.);
#14523 = LINE('',#14524,#14525);
#14524 = CARTESIAN_POINT('',(-1.8,-1.115,0.25));
#14525 = VECTOR('',#14526,1.);
#14526 = DIRECTION('',(-9.95799250103E-17,1.,0.));
#14527 = CYLINDRICAL_SURFACE('',#14528,0.25);
#14528 = AXIS2_PLACEMENT_3D('',#14529,#14530,#14531);
#14529 = CARTESIAN_POINT('',(-2.05,-1.115,0.25));
#14530 = DIRECTION('',(9.95799250103E-17,-1.,-0.));
#14531 = DIRECTION('',(1.,9.95799250103E-17,-1.33226762955E-15));
#14532 = ADVANCED_FACE('',(#14533),#14539,.F.);
#14533 = FACE_BOUND('',#14534,.F.);
#14534 = EDGE_LOOP('',(#14535,#14536,#14537,#14538));
#14535 = ORIENTED_EDGE('',*,*,#13402,.T.);
#14536 = ORIENTED_EDGE('',*,*,#13420,.T.);
#14537 = ORIENTED_EDGE('',*,*,#14522,.F.);
#14538 = ORIENTED_EDGE('',*,*,#13198,.F.);
#14539 = PLANE('',#14540);
#14540 = AXIS2_PLACEMENT_3D('',#14541,#14542,#14543);
#14541 = CARTESIAN_POINT('',(-1.8,-1.115,0.375));
#14542 = DIRECTION('',(-1.,-9.95799250103E-17,0.));
#14543 = DIRECTION('',(-0.,0.,-1.));
#14544 = ADVANCED_FACE('',(#14545),#14556,.T.);
#14545 = FACE_BOUND('',#14546,.T.);
#14546 = EDGE_LOOP('',(#14547,#14548,#14549,#14550));
#14547 = ORIENTED_EDGE('',*,*,#13570,.T.);
#14548 = ORIENTED_EDGE('',*,*,#14352,.T.);
#14549 = ORIENTED_EDGE('',*,*,#13348,.F.);
#14550 = ORIENTED_EDGE('',*,*,#14551,.F.);
#14551 = EDGE_CURVE('',#13563,#13341,#14552,.T.);
#14552 = LINE('',#14553,#14554);
#14553 = CARTESIAN_POINT('',(-1.95,0.885,0.375));
#14554 = VECTOR('',#14555,1.);
#14555 = DIRECTION('',(-9.95799250103E-17,1.,0.));
#14556 = CYLINDRICAL_SURFACE('',#14557,0.25);
#14557 = AXIS2_PLACEMENT_3D('',#14558,#14559,#14560);
#14558 = CARTESIAN_POINT('',(-1.7,0.885,0.375));
#14559 = DIRECTION('',(9.95799250103E-17,-1.,-0.));
#14560 = DIRECTION('',(-1.,-9.95799250103E-17,8.881784197001E-16));
#14561 = ADVANCED_FACE('',(#14562),#14573,.F.);
#14562 = FACE_BOUND('',#14563,.F.);
#14563 = EDGE_LOOP('',(#14564,#14570,#14571,#14572));
#14564 = ORIENTED_EDGE('',*,*,#14565,.T.);
#14565 = EDGE_CURVE('',#13554,#13332,#14566,.T.);
#14566 = LINE('',#14567,#14568);
#14567 = CARTESIAN_POINT('',(-1.95,0.885,0.25));
#14568 = VECTOR('',#14569,1.);
#14569 = DIRECTION('',(-9.95799250103E-17,1.,0.));
#14570 = ORIENTED_EDGE('',*,*,#13340,.T.);
#14571 = ORIENTED_EDGE('',*,*,#14551,.F.);
#14572 = ORIENTED_EDGE('',*,*,#13562,.F.);
#14573 = PLANE('',#14574);
#14574 = AXIS2_PLACEMENT_3D('',#14575,#14576,#14577);
#14575 = CARTESIAN_POINT('',(-1.95,0.885,0.25));
#14576 = DIRECTION('',(1.,9.95799250103E-17,0.));
#14577 = DIRECTION('',(0.,-0.,1.));
#14578 = ADVANCED_FACE('',(#14579),#14590,.F.);
#14579 = FACE_BOUND('',#14580,.F.);
#14580 = EDGE_LOOP('',(#14581,#14587,#14588,#14589));
#14581 = ORIENTED_EDGE('',*,*,#14582,.T.);
#14582 = EDGE_CURVE('',#13546,#13324,#14583,.T.);
#14583 = LINE('',#14584,#14585);
#14584 = CARTESIAN_POINT('',(-2.05,0.885,0.15));
#14585 = VECTOR('',#14586,1.);
#14586 = DIRECTION('',(-9.95799250103E-17,1.,0.));
#14587 = ORIENTED_EDGE('',*,*,#13331,.T.);
#14588 = ORIENTED_EDGE('',*,*,#14565,.F.);
#14589 = ORIENTED_EDGE('',*,*,#13553,.F.);
#14590 = CYLINDRICAL_SURFACE('',#14591,0.1);
#14591 = AXIS2_PLACEMENT_3D('',#14592,#14593,#14594);
#14592 = CARTESIAN_POINT('',(-2.05,0.885,0.25));
#14593 = DIRECTION('',(9.95799250103E-17,-1.,0.));
#14594 = DIRECTION('',(0.,-0.,-1.));
#14595 = ADVANCED_FACE('',(#14596),#14607,.F.);
#14596 = FACE_BOUND('',#14597,.F.);
#14597 = EDGE_LOOP('',(#14598,#14604,#14605,#14606));
#14598 = ORIENTED_EDGE('',*,*,#14599,.T.);
#14599 = EDGE_CURVE('',#13538,#13316,#14600,.T.);
#14600 = LINE('',#14601,#14602);
#14601 = CARTESIAN_POINT('',(-2.45,0.885,0.15));
#14602 = VECTOR('',#14603,1.);
#14603 = DIRECTION('',(-9.95799250103E-17,1.,0.));
#14604 = ORIENTED_EDGE('',*,*,#13323,.T.);
#14605 = ORIENTED_EDGE('',*,*,#14582,.F.);
#14606 = ORIENTED_EDGE('',*,*,#13545,.F.);
#14607 = PLANE('',#14608);
#14608 = AXIS2_PLACEMENT_3D('',#14609,#14610,#14611);
#14609 = CARTESIAN_POINT('',(-2.45,0.885,0.15));
#14610 = DIRECTION('',(-0.,0.,-1.));
#14611 = DIRECTION('',(1.,9.95799250103E-17,0.));
#14612 = ADVANCED_FACE('',(#14613),#14624,.F.);
#14613 = FACE_BOUND('',#14614,.F.);
#14614 = EDGE_LOOP('',(#14615,#14621,#14622,#14623));
#14615 = ORIENTED_EDGE('',*,*,#14616,.T.);
#14616 = EDGE_CURVE('',#13530,#13308,#14617,.T.);
#14617 = LINE('',#14618,#14619);
#14618 = CARTESIAN_POINT('',(-2.45,0.885,5.551115123126E-17));
#14619 = VECTOR('',#14620,1.);
#14620 = DIRECTION('',(-9.95799250103E-17,1.,0.));
#14621 = ORIENTED_EDGE('',*,*,#13315,.T.);
#14622 = ORIENTED_EDGE('',*,*,#14599,.F.);
#14623 = ORIENTED_EDGE('',*,*,#13537,.F.);
#14624 = PLANE('',#14625);
#14625 = AXIS2_PLACEMENT_3D('',#14626,#14627,#14628);
#14626 = CARTESIAN_POINT('',(-2.45,0.885,5.551115123126E-17));
#14627 = DIRECTION('',(1.,9.95799250103E-17,0.));
#14628 = DIRECTION('',(0.,-0.,1.));
#14629 = ADVANCED_FACE('',(#14630),#14641,.F.);
#14630 = FACE_BOUND('',#14631,.F.);
#14631 = EDGE_LOOP('',(#14632,#14638,#14639,#14640));
#14632 = ORIENTED_EDGE('',*,*,#14633,.T.);
#14633 = EDGE_CURVE('',#13521,#13299,#14634,.T.);
#14634 = LINE('',#14635,#14636);
#14635 = CARTESIAN_POINT('',(-2.05,0.885,5.551115123126E-17));
#14636 = VECTOR('',#14637,1.);
#14637 = DIRECTION('',(-9.95799250103E-17,1.,0.));
#14638 = ORIENTED_EDGE('',*,*,#13307,.T.);
#14639 = ORIENTED_EDGE('',*,*,#14616,.F.);
#14640 = ORIENTED_EDGE('',*,*,#13529,.F.);
#14641 = PLANE('',#14642);
#14642 = AXIS2_PLACEMENT_3D('',#14643,#14644,#14645);
#14643 = CARTESIAN_POINT('',(-2.05,0.885,5.551115123126E-17));
#14644 = DIRECTION('',(0.,0.,1.));
#14645 = DIRECTION('',(-1.,-9.95799250103E-17,0.));
#14646 = ADVANCED_FACE('',(#14647),#14658,.T.);
#14647 = FACE_BOUND('',#14648,.T.);
#14648 = EDGE_LOOP('',(#14649,#14650,#14651,#14652));
#14649 = ORIENTED_EDGE('',*,*,#13520,.T.);
#14650 = ORIENTED_EDGE('',*,*,#14633,.T.);
#14651 = ORIENTED_EDGE('',*,*,#13298,.F.);
#14652 = ORIENTED_EDGE('',*,*,#14653,.F.);
#14653 = EDGE_CURVE('',#13513,#13291,#14654,.T.);
#14654 = LINE('',#14655,#14656);
#14655 = CARTESIAN_POINT('',(-1.8,0.885,0.25));
#14656 = VECTOR('',#14657,1.);
#14657 = DIRECTION('',(-9.95799250103E-17,1.,0.));
#14658 = CYLINDRICAL_SURFACE('',#14659,0.25);
#14659 = AXIS2_PLACEMENT_3D('',#14660,#14661,#14662);
#14660 = CARTESIAN_POINT('',(-2.05,0.885,0.25));
#14661 = DIRECTION('',(9.95799250103E-17,-1.,-0.));
#14662 = DIRECTION('',(1.,9.95799250103E-17,-1.33226762955E-15));
#14663 = ADVANCED_FACE('',(#14664),#14670,.F.);
#14664 = FACE_BOUND('',#14665,.F.);
#14665 = EDGE_LOOP('',(#14666,#14667,#14668,#14669));
#14666 = ORIENTED_EDGE('',*,*,#13595,.T.);
#14667 = ORIENTED_EDGE('',*,*,#13290,.T.);
#14668 = ORIENTED_EDGE('',*,*,#14653,.F.);
#14669 = ORIENTED_EDGE('',*,*,#13512,.F.);
#14670 = PLANE('',#14671);
#14671 = AXIS2_PLACEMENT_3D('',#14672,#14673,#14674);
#14672 = CARTESIAN_POINT('',(-1.8,0.885,0.375));
#14673 = DIRECTION('',(-1.,-9.95799250103E-17,0.));
#14674 = DIRECTION('',(-0.,0.,-1.));
#14675 = ADVANCED_FACE('',(#14676),#14687,.T.);
#14676 = FACE_BOUND('',#14677,.T.);
#14677 = EDGE_LOOP('',(#14678,#14679,#14680,#14681));
#14678 = ORIENTED_EDGE('',*,*,#13701,.T.);
#14679 = ORIENTED_EDGE('',*,*,#14333,.T.);
#14680 = ORIENTED_EDGE('',*,*,#13924,.F.);
#14681 = ORIENTED_EDGE('',*,*,#14682,.F.);
#14682 = EDGE_CURVE('',#13694,#13917,#14683,.T.);
#14683 = LINE('',#14684,#14685);
#14684 = CARTESIAN_POINT('',(-1.95,-0.615,0.375));
#14685 = VECTOR('',#14686,1.);
#14686 = DIRECTION('',(-9.95799250103E-17,1.,0.));
#14687 = CYLINDRICAL_SURFACE('',#14688,0.25);
#14688 = AXIS2_PLACEMENT_3D('',#14689,#14690,#14691);
#14689 = CARTESIAN_POINT('',(-1.7,-0.615,0.375));
#14690 = DIRECTION('',(9.95799250103E-17,-1.,-0.));
#14691 = DIRECTION('',(-1.,-9.95799250103E-17,8.881784197001E-16));
#14692 = ADVANCED_FACE('',(#14693),#14704,.F.);
#14693 = FACE_BOUND('',#14694,.F.);
#14694 = EDGE_LOOP('',(#14695,#14701,#14702,#14703));
#14695 = ORIENTED_EDGE('',*,*,#14696,.T.);
#14696 = EDGE_CURVE('',#13685,#13908,#14697,.T.);
#14697 = LINE('',#14698,#14699);
#14698 = CARTESIAN_POINT('',(-1.95,-0.615,0.25));
#14699 = VECTOR('',#14700,1.);
#14700 = DIRECTION('',(-9.95799250103E-17,1.,0.));
#14701 = ORIENTED_EDGE('',*,*,#13916,.T.);
#14702 = ORIENTED_EDGE('',*,*,#14682,.F.);
#14703 = ORIENTED_EDGE('',*,*,#13693,.F.);
#14704 = PLANE('',#14705);
#14705 = AXIS2_PLACEMENT_3D('',#14706,#14707,#14708);
#14706 = CARTESIAN_POINT('',(-1.95,-0.615,0.25));
#14707 = DIRECTION('',(1.,9.95799250103E-17,0.));
#14708 = DIRECTION('',(0.,-0.,1.));
#14709 = ADVANCED_FACE('',(#14710),#14721,.F.);
#14710 = FACE_BOUND('',#14711,.F.);
#14711 = EDGE_LOOP('',(#14712,#14718,#14719,#14720));
#14712 = ORIENTED_EDGE('',*,*,#14713,.T.);
#14713 = EDGE_CURVE('',#13677,#13900,#14714,.T.);
#14714 = LINE('',#14715,#14716);
#14715 = CARTESIAN_POINT('',(-2.05,-0.615,0.15));
#14716 = VECTOR('',#14717,1.);
#14717 = DIRECTION('',(-9.95799250103E-17,1.,0.));
#14718 = ORIENTED_EDGE('',*,*,#13907,.T.);
#14719 = ORIENTED_EDGE('',*,*,#14696,.F.);
#14720 = ORIENTED_EDGE('',*,*,#13684,.F.);
#14721 = CYLINDRICAL_SURFACE('',#14722,0.1);
#14722 = AXIS2_PLACEMENT_3D('',#14723,#14724,#14725);
#14723 = CARTESIAN_POINT('',(-2.05,-0.615,0.25));
#14724 = DIRECTION('',(9.95799250103E-17,-1.,0.));
#14725 = DIRECTION('',(0.,-0.,-1.));
#14726 = ADVANCED_FACE('',(#14727),#14738,.F.);
#14727 = FACE_BOUND('',#14728,.F.);
#14728 = EDGE_LOOP('',(#14729,#14735,#14736,#14737));
#14729 = ORIENTED_EDGE('',*,*,#14730,.T.);
#14730 = EDGE_CURVE('',#13669,#13892,#14731,.T.);
#14731 = LINE('',#14732,#14733);
#14732 = CARTESIAN_POINT('',(-2.45,-0.615,0.15));
#14733 = VECTOR('',#14734,1.);
#14734 = DIRECTION('',(-9.95799250103E-17,1.,0.));
#14735 = ORIENTED_EDGE('',*,*,#13899,.T.);
#14736 = ORIENTED_EDGE('',*,*,#14713,.F.);
#14737 = ORIENTED_EDGE('',*,*,#13676,.F.);
#14738 = PLANE('',#14739);
#14739 = AXIS2_PLACEMENT_3D('',#14740,#14741,#14742);
#14740 = CARTESIAN_POINT('',(-2.45,-0.615,0.15));
#14741 = DIRECTION('',(-0.,0.,-1.));
#14742 = DIRECTION('',(1.,9.95799250103E-17,0.));
#14743 = ADVANCED_FACE('',(#14744),#14755,.F.);
#14744 = FACE_BOUND('',#14745,.F.);
#14745 = EDGE_LOOP('',(#14746,#14752,#14753,#14754));
#14746 = ORIENTED_EDGE('',*,*,#14747,.T.);
#14747 = EDGE_CURVE('',#13661,#13884,#14748,.T.);
#14748 = LINE('',#14749,#14750);
#14749 = CARTESIAN_POINT('',(-2.45,-0.615,5.551115123126E-17));
#14750 = VECTOR('',#14751,1.);
#14751 = DIRECTION('',(-9.95799250103E-17,1.,0.));
#14752 = ORIENTED_EDGE('',*,*,#13891,.T.);
#14753 = ORIENTED_EDGE('',*,*,#14730,.F.);
#14754 = ORIENTED_EDGE('',*,*,#13668,.F.);
#14755 = PLANE('',#14756);
#14756 = AXIS2_PLACEMENT_3D('',#14757,#14758,#14759);
#14757 = CARTESIAN_POINT('',(-2.45,-0.615,5.551115123126E-17));
#14758 = DIRECTION('',(1.,9.95799250103E-17,0.));
#14759 = DIRECTION('',(0.,-0.,1.));
#14760 = ADVANCED_FACE('',(#14761),#14772,.F.);
#14761 = FACE_BOUND('',#14762,.F.);
#14762 = EDGE_LOOP('',(#14763,#14769,#14770,#14771));
#14763 = ORIENTED_EDGE('',*,*,#14764,.T.);
#14764 = EDGE_CURVE('',#13652,#13875,#14765,.T.);
#14765 = LINE('',#14766,#14767);
#14766 = CARTESIAN_POINT('',(-2.05,-0.615,5.551115123126E-17));
#14767 = VECTOR('',#14768,1.);
#14768 = DIRECTION('',(-9.95799250103E-17,1.,0.));
#14769 = ORIENTED_EDGE('',*,*,#13883,.T.);
#14770 = ORIENTED_EDGE('',*,*,#14747,.F.);
#14771 = ORIENTED_EDGE('',*,*,#13660,.F.);
#14772 = PLANE('',#14773);
#14773 = AXIS2_PLACEMENT_3D('',#14774,#14775,#14776);
#14774 = CARTESIAN_POINT('',(-2.05,-0.615,5.551115123126E-17));
#14775 = DIRECTION('',(0.,0.,1.));
#14776 = DIRECTION('',(-1.,-9.95799250103E-17,0.));
#14777 = ADVANCED_FACE('',(#14778),#14789,.T.);
#14778 = FACE_BOUND('',#14779,.T.);
#14779 = EDGE_LOOP('',(#14780,#14781,#14782,#14783));
#14780 = ORIENTED_EDGE('',*,*,#13651,.T.);
#14781 = ORIENTED_EDGE('',*,*,#14764,.T.);
#14782 = ORIENTED_EDGE('',*,*,#13874,.F.);
#14783 = ORIENTED_EDGE('',*,*,#14784,.F.);
#14784 = EDGE_CURVE('',#13644,#13867,#14785,.T.);
#14785 = LINE('',#14786,#14787);
#14786 = CARTESIAN_POINT('',(-1.8,-0.615,0.25));
#14787 = VECTOR('',#14788,1.);
#14788 = DIRECTION('',(-9.95799250103E-17,1.,0.));
#14789 = CYLINDRICAL_SURFACE('',#14790,0.25);
#14790 = AXIS2_PLACEMENT_3D('',#14791,#14792,#14793);
#14791 = CARTESIAN_POINT('',(-2.05,-0.615,0.25));
#14792 = DIRECTION('',(9.95799250103E-17,-1.,-0.));
#14793 = DIRECTION('',(1.,9.95799250103E-17,-1.33226762955E-15));
#14794 = ADVANCED_FACE('',(#14795),#14801,.F.);
#14795 = FACE_BOUND('',#14796,.F.);
#14796 = EDGE_LOOP('',(#14797,#14798,#14799,#14800));
#14797 = ORIENTED_EDGE('',*,*,#13848,.T.);
#14798 = ORIENTED_EDGE('',*,*,#13866,.T.);
#14799 = ORIENTED_EDGE('',*,*,#14784,.F.);
#14800 = ORIENTED_EDGE('',*,*,#13643,.F.);
#14801 = PLANE('',#14802);
#14802 = AXIS2_PLACEMENT_3D('',#14803,#14804,#14805);
#14803 = CARTESIAN_POINT('',(-1.8,-0.615,0.375));
#14804 = DIRECTION('',(-1.,-9.95799250103E-17,0.));
#14805 = DIRECTION('',(-0.,0.,-1.));
#14806 = ADVANCED_FACE('',(#14807),#14818,.T.);
#14807 = FACE_BOUND('',#14808,.T.);
#14808 = EDGE_LOOP('',(#14809,#14810,#14811,#14812));
#14809 = ORIENTED_EDGE('',*,*,#14016,.T.);
#14810 = ORIENTED_EDGE('',*,*,#14390,.T.);
#14811 = ORIENTED_EDGE('',*,*,#13793,.F.);
#14812 = ORIENTED_EDGE('',*,*,#14813,.F.);
#14813 = EDGE_CURVE('',#14009,#13786,#14814,.T.);
#14814 = LINE('',#14815,#14816);
#14815 = CARTESIAN_POINT('',(-1.95,0.385,0.375));
#14816 = VECTOR('',#14817,1.);
#14817 = DIRECTION('',(-9.95799250103E-17,1.,0.));
#14818 = CYLINDRICAL_SURFACE('',#14819,0.25);
#14819 = AXIS2_PLACEMENT_3D('',#14820,#14821,#14822);
#14820 = CARTESIAN_POINT('',(-1.7,0.385,0.375));
#14821 = DIRECTION('',(9.95799250103E-17,-1.,-0.));
#14822 = DIRECTION('',(-1.,-9.95799250103E-17,8.881784197001E-16));
#14823 = ADVANCED_FACE('',(#14824),#14835,.F.);
#14824 = FACE_BOUND('',#14825,.F.);
#14825 = EDGE_LOOP('',(#14826,#14832,#14833,#14834));
#14826 = ORIENTED_EDGE('',*,*,#14827,.T.);
#14827 = EDGE_CURVE('',#14000,#13777,#14828,.T.);
#14828 = LINE('',#14829,#14830);
#14829 = CARTESIAN_POINT('',(-1.95,0.385,0.25));
#14830 = VECTOR('',#14831,1.);
#14831 = DIRECTION('',(-9.95799250103E-17,1.,0.));
#14832 = ORIENTED_EDGE('',*,*,#13785,.T.);
#14833 = ORIENTED_EDGE('',*,*,#14813,.F.);
#14834 = ORIENTED_EDGE('',*,*,#14008,.F.);
#14835 = PLANE('',#14836);
#14836 = AXIS2_PLACEMENT_3D('',#14837,#14838,#14839);
#14837 = CARTESIAN_POINT('',(-1.95,0.385,0.25));
#14838 = DIRECTION('',(1.,9.95799250103E-17,0.));
#14839 = DIRECTION('',(0.,-0.,1.));
#14840 = ADVANCED_FACE('',(#14841),#14852,.F.);
#14841 = FACE_BOUND('',#14842,.F.);
#14842 = EDGE_LOOP('',(#14843,#14849,#14850,#14851));
#14843 = ORIENTED_EDGE('',*,*,#14844,.T.);
#14844 = EDGE_CURVE('',#13992,#13769,#14845,.T.);
#14845 = LINE('',#14846,#14847);
#14846 = CARTESIAN_POINT('',(-2.05,0.385,0.15));
#14847 = VECTOR('',#14848,1.);
#14848 = DIRECTION('',(-9.95799250103E-17,1.,0.));
#14849 = ORIENTED_EDGE('',*,*,#13776,.T.);
#14850 = ORIENTED_EDGE('',*,*,#14827,.F.);
#14851 = ORIENTED_EDGE('',*,*,#13999,.F.);
#14852 = CYLINDRICAL_SURFACE('',#14853,0.1);
#14853 = AXIS2_PLACEMENT_3D('',#14854,#14855,#14856);
#14854 = CARTESIAN_POINT('',(-2.05,0.385,0.25));
#14855 = DIRECTION('',(9.95799250103E-17,-1.,0.));
#14856 = DIRECTION('',(0.,-0.,-1.));
#14857 = ADVANCED_FACE('',(#14858),#14869,.F.);
#14858 = FACE_BOUND('',#14859,.F.);
#14859 = EDGE_LOOP('',(#14860,#14866,#14867,#14868));
#14860 = ORIENTED_EDGE('',*,*,#14861,.T.);
#14861 = EDGE_CURVE('',#13984,#13761,#14862,.T.);
#14862 = LINE('',#14863,#14864);
#14863 = CARTESIAN_POINT('',(-2.45,0.385,0.15));
#14864 = VECTOR('',#14865,1.);
#14865 = DIRECTION('',(-9.95799250103E-17,1.,0.));
#14866 = ORIENTED_EDGE('',*,*,#13768,.T.);
#14867 = ORIENTED_EDGE('',*,*,#14844,.F.);
#14868 = ORIENTED_EDGE('',*,*,#13991,.F.);
#14869 = PLANE('',#14870);
#14870 = AXIS2_PLACEMENT_3D('',#14871,#14872,#14873);
#14871 = CARTESIAN_POINT('',(-2.45,0.385,0.15));
#14872 = DIRECTION('',(-0.,0.,-1.));
#14873 = DIRECTION('',(1.,9.95799250103E-17,0.));
#14874 = ADVANCED_FACE('',(#14875),#14886,.F.);
#14875 = FACE_BOUND('',#14876,.F.);
#14876 = EDGE_LOOP('',(#14877,#14883,#14884,#14885));
#14877 = ORIENTED_EDGE('',*,*,#14878,.T.);
#14878 = EDGE_CURVE('',#13976,#13753,#14879,.T.);
#14879 = LINE('',#14880,#14881);
#14880 = CARTESIAN_POINT('',(-2.45,0.385,5.551115123126E-17));
#14881 = VECTOR('',#14882,1.);
#14882 = DIRECTION('',(-9.95799250103E-17,1.,0.));
#14883 = ORIENTED_EDGE('',*,*,#13760,.T.);
#14884 = ORIENTED_EDGE('',*,*,#14861,.F.);
#14885 = ORIENTED_EDGE('',*,*,#13983,.F.);
#14886 = PLANE('',#14887);
#14887 = AXIS2_PLACEMENT_3D('',#14888,#14889,#14890);
#14888 = CARTESIAN_POINT('',(-2.45,0.385,5.551115123126E-17));
#14889 = DIRECTION('',(1.,9.95799250103E-17,0.));
#14890 = DIRECTION('',(0.,-0.,1.));
#14891 = ADVANCED_FACE('',(#14892),#14903,.F.);
#14892 = FACE_BOUND('',#14893,.F.);
#14893 = EDGE_LOOP('',(#14894,#14900,#14901,#14902));
#14894 = ORIENTED_EDGE('',*,*,#14895,.T.);
#14895 = EDGE_CURVE('',#13967,#13744,#14896,.T.);
#14896 = LINE('',#14897,#14898);
#14897 = CARTESIAN_POINT('',(-2.05,0.385,5.551115123126E-17));
#14898 = VECTOR('',#14899,1.);
#14899 = DIRECTION('',(-9.95799250103E-17,1.,0.));
#14900 = ORIENTED_EDGE('',*,*,#13752,.T.);
#14901 = ORIENTED_EDGE('',*,*,#14878,.F.);
#14902 = ORIENTED_EDGE('',*,*,#13975,.F.);
#14903 = PLANE('',#14904);
#14904 = AXIS2_PLACEMENT_3D('',#14905,#14906,#14907);
#14905 = CARTESIAN_POINT('',(-2.05,0.385,5.551115123126E-17));
#14906 = DIRECTION('',(0.,0.,1.));
#14907 = DIRECTION('',(-1.,-9.95799250103E-17,0.));
#14908 = ADVANCED_FACE('',(#14909),#14920,.T.);
#14909 = FACE_BOUND('',#14910,.T.);
#14910 = EDGE_LOOP('',(#14911,#14912,#14913,#14914));
#14911 = ORIENTED_EDGE('',*,*,#13966,.T.);
#14912 = ORIENTED_EDGE('',*,*,#14895,.T.);
#14913 = ORIENTED_EDGE('',*,*,#13743,.F.);
#14914 = ORIENTED_EDGE('',*,*,#14915,.F.);
#14915 = EDGE_CURVE('',#13959,#13736,#14916,.T.);
#14916 = LINE('',#14917,#14918);
#14917 = CARTESIAN_POINT('',(-1.8,0.385,0.25));
#14918 = VECTOR('',#14919,1.);
#14919 = DIRECTION('',(-9.95799250103E-17,1.,0.));
#14920 = CYLINDRICAL_SURFACE('',#14921,0.25);
#14921 = AXIS2_PLACEMENT_3D('',#14922,#14923,#14924);
#14922 = CARTESIAN_POINT('',(-2.05,0.385,0.25));
#14923 = DIRECTION('',(9.95799250103E-17,-1.,-0.));
#14924 = DIRECTION('',(1.,9.95799250103E-17,-1.33226762955E-15));
#14925 = ADVANCED_FACE('',(#14926),#14932,.F.);
#14926 = FACE_BOUND('',#14927,.F.);
#14927 = EDGE_LOOP('',(#14928,#14929,#14930,#14931));
#14928 = ORIENTED_EDGE('',*,*,#14041,.T.);
#14929 = ORIENTED_EDGE('',*,*,#13735,.T.);
#14930 = ORIENTED_EDGE('',*,*,#14915,.F.);
#14931 = ORIENTED_EDGE('',*,*,#13958,.F.);
#14932 = PLANE('',#14933);
#14933 = AXIS2_PLACEMENT_3D('',#14934,#14935,#14936);
#14934 = CARTESIAN_POINT('',(-1.8,0.385,0.375));
#14935 = DIRECTION('',(-1.,-9.95799250103E-17,0.));
#14936 = DIRECTION('',(-0.,0.,-1.));
#14937 = ADVANCED_FACE('',(#14938),#14949,.T.);
#14938 = FACE_BOUND('',#14939,.T.);
#14939 = EDGE_LOOP('',(#14940,#14941,#14942,#14943));
#14940 = ORIENTED_EDGE('',*,*,#14147,.T.);
#14941 = ORIENTED_EDGE('',*,*,#14371,.T.);
#14942 = ORIENTED_EDGE('',*,*,#14239,.F.);
#14943 = ORIENTED_EDGE('',*,*,#14944,.F.);
#14944 = EDGE_CURVE('',#14140,#14232,#14945,.T.);
#14945 = LINE('',#14946,#14947);
#14946 = CARTESIAN_POINT('',(-1.95,-0.115,0.375));
#14947 = VECTOR('',#14948,1.);
#14948 = DIRECTION('',(-9.95799250103E-17,1.,0.));
#14949 = CYLINDRICAL_SURFACE('',#14950,0.25);
#14950 = AXIS2_PLACEMENT_3D('',#14951,#14952,#14953);
#14951 = CARTESIAN_POINT('',(-1.7,-0.115,0.375));
#14952 = DIRECTION('',(9.95799250103E-17,-1.,-0.));
#14953 = DIRECTION('',(-1.,-9.95799250103E-17,8.881784197001E-16));
#14954 = ADVANCED_FACE('',(#14955),#14966,.F.);
#14955 = FACE_BOUND('',#14956,.F.);
#14956 = EDGE_LOOP('',(#14957,#14963,#14964,#14965));
#14957 = ORIENTED_EDGE('',*,*,#14958,.T.);
#14958 = EDGE_CURVE('',#14131,#14223,#14959,.T.);
#14959 = LINE('',#14960,#14961);
#14960 = CARTESIAN_POINT('',(-1.95,-0.115,0.25));
#14961 = VECTOR('',#14962,1.);
#14962 = DIRECTION('',(-9.95799250103E-17,1.,0.));
#14963 = ORIENTED_EDGE('',*,*,#14231,.T.);
#14964 = ORIENTED_EDGE('',*,*,#14944,.F.);
#14965 = ORIENTED_EDGE('',*,*,#14139,.F.);
#14966 = PLANE('',#14967);
#14967 = AXIS2_PLACEMENT_3D('',#14968,#14969,#14970);
#14968 = CARTESIAN_POINT('',(-1.95,-0.115,0.25));
#14969 = DIRECTION('',(1.,9.95799250103E-17,0.));
#14970 = DIRECTION('',(0.,-0.,1.));
#14971 = ADVANCED_FACE('',(#14972),#14983,.F.);
#14972 = FACE_BOUND('',#14973,.F.);
#14973 = EDGE_LOOP('',(#14974,#14980,#14981,#14982));
#14974 = ORIENTED_EDGE('',*,*,#14975,.T.);
#14975 = EDGE_CURVE('',#14123,#14215,#14976,.T.);
#14976 = LINE('',#14977,#14978);
#14977 = CARTESIAN_POINT('',(-2.05,-0.115,0.15));
#14978 = VECTOR('',#14979,1.);
#14979 = DIRECTION('',(-9.95799250103E-17,1.,0.));
#14980 = ORIENTED_EDGE('',*,*,#14222,.T.);
#14981 = ORIENTED_EDGE('',*,*,#14958,.F.);
#14982 = ORIENTED_EDGE('',*,*,#14130,.F.);
#14983 = CYLINDRICAL_SURFACE('',#14984,0.1);
#14984 = AXIS2_PLACEMENT_3D('',#14985,#14986,#14987);
#14985 = CARTESIAN_POINT('',(-2.05,-0.115,0.25));
#14986 = DIRECTION('',(9.95799250103E-17,-1.,0.));
#14987 = DIRECTION('',(0.,-0.,-1.));
#14988 = ADVANCED_FACE('',(#14989),#15000,.F.);
#14989 = FACE_BOUND('',#14990,.F.);
#14990 = EDGE_LOOP('',(#14991,#14997,#14998,#14999));
#14991 = ORIENTED_EDGE('',*,*,#14992,.T.);
#14992 = EDGE_CURVE('',#14115,#14207,#14993,.T.);
#14993 = LINE('',#14994,#14995);
#14994 = CARTESIAN_POINT('',(-2.45,-0.115,0.15));
#14995 = VECTOR('',#14996,1.);
#14996 = DIRECTION('',(-9.95799250103E-17,1.,0.));
#14997 = ORIENTED_EDGE('',*,*,#14214,.T.);
#14998 = ORIENTED_EDGE('',*,*,#14975,.F.);
#14999 = ORIENTED_EDGE('',*,*,#14122,.F.);
#15000 = PLANE('',#15001);
#15001 = AXIS2_PLACEMENT_3D('',#15002,#15003,#15004);
#15002 = CARTESIAN_POINT('',(-2.45,-0.115,0.15));
#15003 = DIRECTION('',(-0.,0.,-1.));
#15004 = DIRECTION('',(1.,9.95799250103E-17,0.));
#15005 = ADVANCED_FACE('',(#15006),#15017,.F.);
#15006 = FACE_BOUND('',#15007,.F.);
#15007 = EDGE_LOOP('',(#15008,#15014,#15015,#15016));
#15008 = ORIENTED_EDGE('',*,*,#15009,.T.);
#15009 = EDGE_CURVE('',#14107,#14199,#15010,.T.);
#15010 = LINE('',#15011,#15012);
#15011 = CARTESIAN_POINT('',(-2.45,-0.115,5.551115123126E-17));
#15012 = VECTOR('',#15013,1.);
#15013 = DIRECTION('',(-9.95799250103E-17,1.,0.));
#15014 = ORIENTED_EDGE('',*,*,#14206,.T.);
#15015 = ORIENTED_EDGE('',*,*,#14992,.F.);
#15016 = ORIENTED_EDGE('',*,*,#14114,.F.);
#15017 = PLANE('',#15018);
#15018 = AXIS2_PLACEMENT_3D('',#15019,#15020,#15021);
#15019 = CARTESIAN_POINT('',(-2.45,-0.115,5.551115123126E-17));
#15020 = DIRECTION('',(1.,9.95799250103E-17,0.));
#15021 = DIRECTION('',(0.,-0.,1.));
#15022 = ADVANCED_FACE('',(#15023),#15034,.F.);
#15023 = FACE_BOUND('',#15024,.F.);
#15024 = EDGE_LOOP('',(#15025,#15031,#15032,#15033));
#15025 = ORIENTED_EDGE('',*,*,#15026,.T.);
#15026 = EDGE_CURVE('',#14098,#14190,#15027,.T.);
#15027 = LINE('',#15028,#15029);
#15028 = CARTESIAN_POINT('',(-2.05,-0.115,5.551115123126E-17));
#15029 = VECTOR('',#15030,1.);
#15030 = DIRECTION('',(-9.95799250103E-17,1.,0.));
#15031 = ORIENTED_EDGE('',*,*,#14198,.T.);
#15032 = ORIENTED_EDGE('',*,*,#15009,.F.);
#15033 = ORIENTED_EDGE('',*,*,#14106,.F.);
#15034 = PLANE('',#15035);
#15035 = AXIS2_PLACEMENT_3D('',#15036,#15037,#15038);
#15036 = CARTESIAN_POINT('',(-2.05,-0.115,5.551115123126E-17));
#15037 = DIRECTION('',(0.,0.,1.));
#15038 = DIRECTION('',(-1.,-9.95799250103E-17,0.));
#15039 = ADVANCED_FACE('',(#15040),#15051,.T.);
#15040 = FACE_BOUND('',#15041,.T.);
#15041 = EDGE_LOOP('',(#15042,#15043,#15044,#15045));
#15042 = ORIENTED_EDGE('',*,*,#14097,.T.);
#15043 = ORIENTED_EDGE('',*,*,#15026,.T.);
#15044 = ORIENTED_EDGE('',*,*,#14189,.F.);
#15045 = ORIENTED_EDGE('',*,*,#15046,.F.);
#15046 = EDGE_CURVE('',#14090,#14182,#15047,.T.);
#15047 = LINE('',#15048,#15049);
#15048 = CARTESIAN_POINT('',(-1.8,-0.115,0.25));
#15049 = VECTOR('',#15050,1.);
#15050 = DIRECTION('',(-9.95799250103E-17,1.,0.));
#15051 = CYLINDRICAL_SURFACE('',#15052,0.25);
#15052 = AXIS2_PLACEMENT_3D('',#15053,#15054,#15055);
#15053 = CARTESIAN_POINT('',(-2.05,-0.115,0.25));
#15054 = DIRECTION('',(9.95799250103E-17,-1.,-0.));
#15055 = DIRECTION('',(1.,9.95799250103E-17,-1.33226762955E-15));
#15056 = ADVANCED_FACE('',(#15057),#15063,.F.);
#15057 = FACE_BOUND('',#15058,.F.);
#15058 = EDGE_LOOP('',(#15059,#15060,#15061,#15062));
#15059 = ORIENTED_EDGE('',*,*,#14286,.T.);
#15060 = ORIENTED_EDGE('',*,*,#14181,.T.);
#15061 = ORIENTED_EDGE('',*,*,#15046,.F.);
#15062 = ORIENTED_EDGE('',*,*,#14089,.F.);
#15063 = PLANE('',#15064);
#15064 = AXIS2_PLACEMENT_3D('',#15065,#15066,#15067);
#15065 = CARTESIAN_POINT('',(-1.8,-0.115,0.375));
#15066 = DIRECTION('',(-1.,-9.95799250103E-17,0.));
#15067 = DIRECTION('',(-0.,0.,-1.));
#15068 = ( GEOMETRIC_REPRESENTATION_CONTEXT(3) 
GLOBAL_UNCERTAINTY_ASSIGNED_CONTEXT((#15072)) 
GLOBAL_UNIT_ASSIGNED_CONTEXT((#15069,#15070,#15071)) 
REPRESENTATION_CONTEXT('Context #1',
  '3D Context with UNIT and UNCERTAINTY') );
#15069 = ( LENGTH_UNIT() NAMED_UNIT(*) SI_UNIT(.MILLI.,.METRE.) );
#15070 = ( NAMED_UNIT(*) PLANE_ANGLE_UNIT() SI_UNIT($,.RADIAN.) );
#15071 = ( NAMED_UNIT(*) SI_UNIT($,.STERADIAN.) SOLID_ANGLE_UNIT() );
#15072 = UNCERTAINTY_MEASURE_WITH_UNIT(LENGTH_MEASURE(5.E-06),#15069,
  'distance_accuracy_value','confusion accuracy');
#15073 = CONTEXT_DEPENDENT_SHAPE_REPRESENTATION(#15074,#15076);
#15074 = ( REPRESENTATION_RELATIONSHIP('','',#9526,#10) 
REPRESENTATION_RELATIONSHIP_WITH_TRANSFORMATION(#15075) 
SHAPE_REPRESENTATION_RELATIONSHIP() );
#15075 = ITEM_DEFINED_TRANSFORMATION('','',#11,#107);
#15076 = PRODUCT_DEFINITION_SHAPE('Placement','Placement of an item',
  #15077);
#15077 = NEXT_ASSEMBLY_USAGE_OCCURRENCE('24','U1','',#5,#9521,$);
#15078 = PRODUCT_RELATED_PRODUCT_CATEGORY('part',$,(#9523));
#15079 = CONTEXT_DEPENDENT_SHAPE_REPRESENTATION(#15080,#15082);
#15080 = ( REPRESENTATION_RELATIONSHIP('','',#5738,#10) 
REPRESENTATION_RELATIONSHIP_WITH_TRANSFORMATION(#15081) 
SHAPE_REPRESENTATION_RELATIONSHIP() );
#15081 = ITEM_DEFINED_TRANSFORMATION('','',#11,#111);
#15082 = PRODUCT_DEFINITION_SHAPE('Placement','Placement of an item',
  #15083);
#15083 = NEXT_ASSEMBLY_USAGE_OCCURRENCE('25','RB1','',#5,#5733,$);
#15084 = CONTEXT_DEPENDENT_SHAPE_REPRESENTATION(#15085,#15087);
#15085 = ( REPRESENTATION_RELATIONSHIP('','',#966,#10) 
REPRESENTATION_RELATIONSHIP_WITH_TRANSFORMATION(#15086) 
SHAPE_REPRESENTATION_RELATIONSHIP() );
#15086 = ITEM_DEFINED_TRANSFORMATION('','',#11,#115);
#15087 = PRODUCT_DEFINITION_SHAPE('Placement','Placement of an item',
  #15088);
#15088 = NEXT_ASSEMBLY_USAGE_OCCURRENCE('26','J4','',#5,#961,$);
#15089 = CONTEXT_DEPENDENT_SHAPE_REPRESENTATION(#15090,#15092);
#15090 = ( REPRESENTATION_RELATIONSHIP('','',#5738,#10) 
REPRESENTATION_RELATIONSHIP_WITH_TRANSFORMATION(#15091) 
SHAPE_REPRESENTATION_RELATIONSHIP() );
#15091 = ITEM_DEFINED_TRANSFORMATION('','',#11,#119);
#15092 = PRODUCT_DEFINITION_SHAPE('Placement','Placement of an item',
  #15093);
#15093 = NEXT_ASSEMBLY_USAGE_OCCURRENCE('27','RT2','',#5,#5733,$);
#15094 = SHAPE_DEFINITION_REPRESENTATION(#15095,#15101);
#15095 = PRODUCT_DEFINITION_SHAPE('','',#15096);
#15096 = PRODUCT_DEFINITION('design','',#15097,#15100);
#15097 = PRODUCT_DEFINITION_FORMATION('','',#15098);
#15098 = PRODUCT('C_1206_3216Metric','C_1206_3216Metric','',(#15099));
#15099 = PRODUCT_CONTEXT('',#2,'mechanical');
#15100 = PRODUCT_DEFINITION_CONTEXT('part definition',#2,'design');
#15101 = ADVANCED_BREP_SHAPE_REPRESENTATION('',(#11,#15102),#15956);
#15102 = MANIFOLD_SOLID_BREP('',#15103);
#15103 = CLOSED_SHELL('',(#15104,#15180,#15211,#15236,#15261,#15285,
    #15309,#15334,#15359,#15376,#15462,#15494,#15518,#15543,#15567,
    #15592,#15616,#15641,#15658,#15744,#15775,#15800,#15825,#15849,
    #15873,#15898,#15923,#15940));
#15104 = ADVANCED_FACE('',(#15105),#15175,.F.);
#15105 = FACE_BOUND('',#15106,.F.);
#15106 = EDGE_LOOP('',(#15107,#15117,#15126,#15134,#15143,#15151,#15160,
    #15168));
#15107 = ORIENTED_EDGE('',*,*,#15108,.F.);
#15108 = EDGE_CURVE('',#15109,#15111,#15113,.T.);
#15109 = VERTEX_POINT('',#15110);
#15110 = CARTESIAN_POINT('',(-1.6,-0.8,4.E-02));
#15111 = VERTEX_POINT('',#15112);
#15112 = CARTESIAN_POINT('',(-1.6,-0.8,1.56));
#15113 = LINE('',#15114,#15115);
#15114 = CARTESIAN_POINT('',(-1.6,-0.8,0.));
#15115 = VECTOR('',#15116,1.);
#15116 = DIRECTION('',(0.,0.,1.));
#15117 = ORIENTED_EDGE('',*,*,#15118,.T.);
#15118 = EDGE_CURVE('',#15109,#15119,#15121,.T.);
#15119 = VERTEX_POINT('',#15120);
#15120 = CARTESIAN_POINT('',(-1.6,-0.76,0.));
#15121 = CIRCLE('',#15122,4.E-02);
#15122 = AXIS2_PLACEMENT_3D('',#15123,#15124,#15125);
#15123 = CARTESIAN_POINT('',(-1.6,-0.76,4.E-02));
#15124 = DIRECTION('',(1.,0.,-0.));
#15125 = DIRECTION('',(0.,0.,1.));
#15126 = ORIENTED_EDGE('',*,*,#15127,.T.);
#15127 = EDGE_CURVE('',#15119,#15128,#15130,.T.);
#15128 = VERTEX_POINT('',#15129);
#15129 = CARTESIAN_POINT('',(-1.6,0.76,0.));
#15130 = LINE('',#15131,#15132);
#15131 = CARTESIAN_POINT('',(-1.6,-0.8,0.));
#15132 = VECTOR('',#15133,1.);
#15133 = DIRECTION('',(0.,1.,0.));
#15134 = ORIENTED_EDGE('',*,*,#15135,.F.);
#15135 = EDGE_CURVE('',#15136,#15128,#15138,.T.);
#15136 = VERTEX_POINT('',#15137);
#15137 = CARTESIAN_POINT('',(-1.6,0.8,4.E-02));
#15138 = CIRCLE('',#15139,4.E-02);
#15139 = AXIS2_PLACEMENT_3D('',#15140,#15141,#15142);
#15140 = CARTESIAN_POINT('',(-1.6,0.76,4.E-02));
#15141 = DIRECTION('',(-1.,0.,0.));
#15142 = DIRECTION('',(0.,0.,1.));
#15143 = ORIENTED_EDGE('',*,*,#15144,.T.);
#15144 = EDGE_CURVE('',#15136,#15145,#15147,.T.);
#15145 = VERTEX_POINT('',#15146);
#15146 = CARTESIAN_POINT('',(-1.6,0.8,1.56));
#15147 = LINE('',#15148,#15149);
#15148 = CARTESIAN_POINT('',(-1.6,0.8,0.));
#15149 = VECTOR('',#15150,1.);
#15150 = DIRECTION('',(0.,0.,1.));
#15151 = ORIENTED_EDGE('',*,*,#15152,.T.);
#15152 = EDGE_CURVE('',#15145,#15153,#15155,.T.);
#15153 = VERTEX_POINT('',#15154);
#15154 = CARTESIAN_POINT('',(-1.6,0.76,1.6));
#15155 = CIRCLE('',#15156,4.E-02);
#15156 = AXIS2_PLACEMENT_3D('',#15157,#15158,#15159);
#15157 = CARTESIAN_POINT('',(-1.6,0.76,1.56));
#15158 = DIRECTION('',(1.,0.,-0.));
#15159 = DIRECTION('',(0.,0.,1.));
#15160 = ORIENTED_EDGE('',*,*,#15161,.F.);
#15161 = EDGE_CURVE('',#15162,#15153,#15164,.T.);
#15162 = VERTEX_POINT('',#15163);
#15163 = CARTESIAN_POINT('',(-1.6,-0.76,1.6));
#15164 = LINE('',#15165,#15166);
#15165 = CARTESIAN_POINT('',(-1.6,-0.8,1.6));
#15166 = VECTOR('',#15167,1.);
#15167 = DIRECTION('',(0.,1.,0.));
#15168 = ORIENTED_EDGE('',*,*,#15169,.F.);
#15169 = EDGE_CURVE('',#15111,#15162,#15170,.T.);
#15170 = CIRCLE('',#15171,4.E-02);
#15171 = AXIS2_PLACEMENT_3D('',#15172,#15173,#15174);
#15172 = CARTESIAN_POINT('',(-1.6,-0.76,1.56));
#15173 = DIRECTION('',(-1.,0.,0.));
#15174 = DIRECTION('',(0.,0.,1.));
#15175 = PLANE('',#15176);
#15176 = AXIS2_PLACEMENT_3D('',#15177,#15178,#15179);
#15177 = CARTESIAN_POINT('',(-1.6,-0.8,0.));
#15178 = DIRECTION('',(1.,0.,0.));
#15179 = DIRECTION('',(0.,0.,1.));
#15180 = ADVANCED_FACE('',(#15181),#15206,.F.);
#15181 = FACE_BOUND('',#15182,.F.);
#15182 = EDGE_LOOP('',(#15183,#15193,#15199,#15200));
#15183 = ORIENTED_EDGE('',*,*,#15184,.F.);
#15184 = EDGE_CURVE('',#15185,#15187,#15189,.T.);
#15185 = VERTEX_POINT('',#15186);
#15186 = CARTESIAN_POINT('',(-1.2,-0.8,4.E-02));
#15187 = VERTEX_POINT('',#15188);
#15188 = CARTESIAN_POINT('',(-1.2,-0.8,1.56));
#15189 = LINE('',#15190,#15191);
#15190 = CARTESIAN_POINT('',(-1.2,-0.8,0.));
#15191 = VECTOR('',#15192,1.);
#15192 = DIRECTION('',(0.,0.,1.));
#15193 = ORIENTED_EDGE('',*,*,#15194,.F.);
#15194 = EDGE_CURVE('',#15109,#15185,#15195,.T.);
#15195 = LINE('',#15196,#15197);
#15196 = CARTESIAN_POINT('',(-1.6,-0.8,4.E-02));
#15197 = VECTOR('',#15198,1.);
#15198 = DIRECTION('',(1.,0.,0.));
#15199 = ORIENTED_EDGE('',*,*,#15108,.T.);
#15200 = ORIENTED_EDGE('',*,*,#15201,.T.);
#15201 = EDGE_CURVE('',#15111,#15187,#15202,.T.);
#15202 = LINE('',#15203,#15204);
#15203 = CARTESIAN_POINT('',(-1.6,-0.8,1.56));
#15204 = VECTOR('',#15205,1.);
#15205 = DIRECTION('',(1.,0.,0.));
#15206 = PLANE('',#15207);
#15207 = AXIS2_PLACEMENT_3D('',#15208,#15209,#15210);
#15208 = CARTESIAN_POINT('',(-1.6,-0.8,0.));
#15209 = DIRECTION('',(0.,1.,0.));
#15210 = DIRECTION('',(0.,-0.,1.));
#15211 = ADVANCED_FACE('',(#15212),#15231,.T.);
#15212 = FACE_BOUND('',#15213,.T.);
#15213 = EDGE_LOOP('',(#15214,#15215,#15223,#15230));
#15214 = ORIENTED_EDGE('',*,*,#15118,.T.);
#15215 = ORIENTED_EDGE('',*,*,#15216,.T.);
#15216 = EDGE_CURVE('',#15119,#15217,#15219,.T.);
#15217 = VERTEX_POINT('',#15218);
#15218 = CARTESIAN_POINT('',(-1.2,-0.76,0.));
#15219 = LINE('',#15220,#15221);
#15220 = CARTESIAN_POINT('',(-1.6,-0.76,0.));
#15221 = VECTOR('',#15222,1.);
#15222 = DIRECTION('',(1.,0.,0.));
#15223 = ORIENTED_EDGE('',*,*,#15224,.F.);
#15224 = EDGE_CURVE('',#15185,#15217,#15225,.T.);
#15225 = CIRCLE('',#15226,4.E-02);
#15226 = AXIS2_PLACEMENT_3D('',#15227,#15228,#15229);
#15227 = CARTESIAN_POINT('',(-1.2,-0.76,4.E-02));
#15228 = DIRECTION('',(1.,0.,-0.));
#15229 = DIRECTION('',(0.,0.,1.));
#15230 = ORIENTED_EDGE('',*,*,#15194,.F.);
#15231 = CYLINDRICAL_SURFACE('',#15232,4.E-02);
#15232 = AXIS2_PLACEMENT_3D('',#15233,#15234,#15235);
#15233 = CARTESIAN_POINT('',(-1.6,-0.76,4.E-02));
#15234 = DIRECTION('',(1.,0.,0.));
#15235 = DIRECTION('',(0.,-1.,0.));
#15236 = ADVANCED_FACE('',(#15237),#15256,.T.);
#15237 = FACE_BOUND('',#15238,.T.);
#15238 = EDGE_LOOP('',(#15239,#15240,#15249,#15255));
#15239 = ORIENTED_EDGE('',*,*,#15201,.T.);
#15240 = ORIENTED_EDGE('',*,*,#15241,.T.);
#15241 = EDGE_CURVE('',#15187,#15242,#15244,.T.);
#15242 = VERTEX_POINT('',#15243);
#15243 = CARTESIAN_POINT('',(-1.2,-0.76,1.6));
#15244 = CIRCLE('',#15245,4.E-02);
#15245 = AXIS2_PLACEMENT_3D('',#15246,#15247,#15248);
#15246 = CARTESIAN_POINT('',(-1.2,-0.76,1.56));
#15247 = DIRECTION('',(-1.,0.,0.));
#15248 = DIRECTION('',(0.,0.,1.));
#15249 = ORIENTED_EDGE('',*,*,#15250,.F.);
#15250 = EDGE_CURVE('',#15162,#15242,#15251,.T.);
#15251 = LINE('',#15252,#15253);
#15252 = CARTESIAN_POINT('',(-1.6,-0.76,1.6));
#15253 = VECTOR('',#15254,1.);
#15254 = DIRECTION('',(1.,0.,0.));
#15255 = ORIENTED_EDGE('',*,*,#15169,.F.);
#15256 = CYLINDRICAL_SURFACE('',#15257,4.E-02);
#15257 = AXIS2_PLACEMENT_3D('',#15258,#15259,#15260);
#15258 = CARTESIAN_POINT('',(-1.6,-0.76,1.56));
#15259 = DIRECTION('',(1.,0.,0.));
#15260 = DIRECTION('',(0.,-1.,0.));
#15261 = ADVANCED_FACE('',(#15262),#15280,.F.);
#15262 = FACE_BOUND('',#15263,.F.);
#15263 = EDGE_LOOP('',(#15264,#15265,#15266,#15274));
#15264 = ORIENTED_EDGE('',*,*,#15127,.F.);
#15265 = ORIENTED_EDGE('',*,*,#15216,.T.);
#15266 = ORIENTED_EDGE('',*,*,#15267,.T.);
#15267 = EDGE_CURVE('',#15217,#15268,#15270,.T.);
#15268 = VERTEX_POINT('',#15269);
#15269 = CARTESIAN_POINT('',(-1.2,0.76,0.));
#15270 = LINE('',#15271,#15272);
#15271 = CARTESIAN_POINT('',(-1.2,-0.8,0.));
#15272 = VECTOR('',#15273,1.);
#15273 = DIRECTION('',(0.,1.,0.));
#15274 = ORIENTED_EDGE('',*,*,#15275,.F.);
#15275 = EDGE_CURVE('',#15128,#15268,#15276,.T.);
#15276 = LINE('',#15277,#15278);
#15277 = CARTESIAN_POINT('',(-1.6,0.76,0.));
#15278 = VECTOR('',#15279,1.);
#15279 = DIRECTION('',(1.,0.,0.));
#15280 = PLANE('',#15281);
#15281 = AXIS2_PLACEMENT_3D('',#15282,#15283,#15284);
#15282 = CARTESIAN_POINT('',(-1.6,-0.8,0.));
#15283 = DIRECTION('',(0.,0.,1.));
#15284 = DIRECTION('',(1.,0.,-0.));
#15285 = ADVANCED_FACE('',(#15286),#15304,.T.);
#15286 = FACE_BOUND('',#15287,.T.);
#15287 = EDGE_LOOP('',(#15288,#15289,#15290,#15298));
#15288 = ORIENTED_EDGE('',*,*,#15161,.F.);
#15289 = ORIENTED_EDGE('',*,*,#15250,.T.);
#15290 = ORIENTED_EDGE('',*,*,#15291,.T.);
#15291 = EDGE_CURVE('',#15242,#15292,#15294,.T.);
#15292 = VERTEX_POINT('',#15293);
#15293 = CARTESIAN_POINT('',(-1.2,0.76,1.6));
#15294 = LINE('',#15295,#15296);
#15295 = CARTESIAN_POINT('',(-1.2,-0.8,1.6));
#15296 = VECTOR('',#15297,1.);
#15297 = DIRECTION('',(0.,1.,0.));
#15298 = ORIENTED_EDGE('',*,*,#15299,.F.);
#15299 = EDGE_CURVE('',#15153,#15292,#15300,.T.);
#15300 = LINE('',#15301,#15302);
#15301 = CARTESIAN_POINT('',(-1.6,0.76,1.6));
#15302 = VECTOR('',#15303,1.);
#15303 = DIRECTION('',(1.,0.,0.));
#15304 = PLANE('',#15305);
#15305 = AXIS2_PLACEMENT_3D('',#15306,#15307,#15308);
#15306 = CARTESIAN_POINT('',(-1.6,-0.8,1.6));
#15307 = DIRECTION('',(0.,0.,1.));
#15308 = DIRECTION('',(1.,0.,-0.));
#15309 = ADVANCED_FACE('',(#15310),#15329,.T.);
#15310 = FACE_BOUND('',#15311,.T.);
#15311 = EDGE_LOOP('',(#15312,#15320,#15327,#15328));
#15312 = ORIENTED_EDGE('',*,*,#15313,.T.);
#15313 = EDGE_CURVE('',#15136,#15314,#15316,.T.);
#15314 = VERTEX_POINT('',#15315);
#15315 = CARTESIAN_POINT('',(-1.2,0.8,4.E-02));
#15316 = LINE('',#15317,#15318);
#15317 = CARTESIAN_POINT('',(-1.6,0.8,4.E-02));
#15318 = VECTOR('',#15319,1.);
#15319 = DIRECTION('',(1.,0.,0.));
#15320 = ORIENTED_EDGE('',*,*,#15321,.T.);
#15321 = EDGE_CURVE('',#15314,#15268,#15322,.T.);
#15322 = CIRCLE('',#15323,4.E-02);
#15323 = AXIS2_PLACEMENT_3D('',#15324,#15325,#15326);
#15324 = CARTESIAN_POINT('',(-1.2,0.76,4.E-02));
#15325 = DIRECTION('',(-1.,0.,0.));
#15326 = DIRECTION('',(0.,0.,1.));
#15327 = ORIENTED_EDGE('',*,*,#15275,.F.);
#15328 = ORIENTED_EDGE('',*,*,#15135,.F.);
#15329 = CYLINDRICAL_SURFACE('',#15330,4.E-02);
#15330 = AXIS2_PLACEMENT_3D('',#15331,#15332,#15333);
#15331 = CARTESIAN_POINT('',(-1.6,0.76,4.E-02));
#15332 = DIRECTION('',(1.,0.,0.));
#15333 = DIRECTION('',(-0.,1.,0.));
#15334 = ADVANCED_FACE('',(#15335),#15354,.T.);
#15335 = FACE_BOUND('',#15336,.T.);
#15336 = EDGE_LOOP('',(#15337,#15338,#15339,#15348));
#15337 = ORIENTED_EDGE('',*,*,#15152,.T.);
#15338 = ORIENTED_EDGE('',*,*,#15299,.T.);
#15339 = ORIENTED_EDGE('',*,*,#15340,.F.);
#15340 = EDGE_CURVE('',#15341,#15292,#15343,.T.);
#15341 = VERTEX_POINT('',#15342);
#15342 = CARTESIAN_POINT('',(-1.2,0.8,1.56));
#15343 = CIRCLE('',#15344,4.E-02);
#15344 = AXIS2_PLACEMENT_3D('',#15345,#15346,#15347);
#15345 = CARTESIAN_POINT('',(-1.2,0.76,1.56));
#15346 = DIRECTION('',(1.,0.,-0.));
#15347 = DIRECTION('',(0.,0.,1.));
#15348 = ORIENTED_EDGE('',*,*,#15349,.F.);
#15349 = EDGE_CURVE('',#15145,#15341,#15350,.T.);
#15350 = LINE('',#15351,#15352);
#15351 = CARTESIAN_POINT('',(-1.6,0.8,1.56));
#15352 = VECTOR('',#15353,1.);
#15353 = DIRECTION('',(1.,0.,0.));
#15354 = CYLINDRICAL_SURFACE('',#15355,4.E-02);
#15355 = AXIS2_PLACEMENT_3D('',#15356,#15357,#15358);
#15356 = CARTESIAN_POINT('',(-1.6,0.76,1.56));
#15357 = DIRECTION('',(1.,0.,0.));
#15358 = DIRECTION('',(-0.,1.,0.));
#15359 = ADVANCED_FACE('',(#15360),#15371,.T.);
#15360 = FACE_BOUND('',#15361,.T.);
#15361 = EDGE_LOOP('',(#15362,#15368,#15369,#15370));
#15362 = ORIENTED_EDGE('',*,*,#15363,.F.);
#15363 = EDGE_CURVE('',#15314,#15341,#15364,.T.);
#15364 = LINE('',#15365,#15366);
#15365 = CARTESIAN_POINT('',(-1.2,0.8,0.));
#15366 = VECTOR('',#15367,1.);
#15367 = DIRECTION('',(0.,0.,1.));
#15368 = ORIENTED_EDGE('',*,*,#15313,.F.);
#15369 = ORIENTED_EDGE('',*,*,#15144,.T.);
#15370 = ORIENTED_EDGE('',*,*,#15349,.T.);
#15371 = PLANE('',#15372);
#15372 = AXIS2_PLACEMENT_3D('',#15373,#15374,#15375);
#15373 = CARTESIAN_POINT('',(-1.6,0.8,0.));
#15374 = DIRECTION('',(0.,1.,0.));
#15375 = DIRECTION('',(0.,-0.,1.));
#15376 = ADVANCED_FACE('',(#15377,#15387),#15457,.T.);
#15377 = FACE_BOUND('',#15378,.T.);
#15378 = EDGE_LOOP('',(#15379,#15380,#15381,#15382,#15383,#15384,#15385,
    #15386));
#15379 = ORIENTED_EDGE('',*,*,#15184,.F.);
#15380 = ORIENTED_EDGE('',*,*,#15224,.T.);
#15381 = ORIENTED_EDGE('',*,*,#15267,.T.);
#15382 = ORIENTED_EDGE('',*,*,#15321,.F.);
#15383 = ORIENTED_EDGE('',*,*,#15363,.T.);
#15384 = ORIENTED_EDGE('',*,*,#15340,.T.);
#15385 = ORIENTED_EDGE('',*,*,#15291,.F.);
#15386 = ORIENTED_EDGE('',*,*,#15241,.F.);
#15387 = FACE_BOUND('',#15388,.T.);
#15388 = EDGE_LOOP('',(#15389,#15400,#15408,#15417,#15425,#15434,#15442,
    #15451));
#15389 = ORIENTED_EDGE('',*,*,#15390,.F.);
#15390 = EDGE_CURVE('',#15391,#15393,#15395,.T.);
#15391 = VERTEX_POINT('',#15392);
#15392 = CARTESIAN_POINT('',(-1.2,-0.76,8.E-02));
#15393 = VERTEX_POINT('',#15394);
#15394 = CARTESIAN_POINT('',(-1.2,-0.72,4.E-02));
#15395 = CIRCLE('',#15396,4.E-02);
#15396 = AXIS2_PLACEMENT_3D('',#15397,#15398,#15399);
#15397 = CARTESIAN_POINT('',(-1.2,-0.72,8.E-02));
#15398 = DIRECTION('',(1.,0.,-0.));
#15399 = DIRECTION('',(0.,0.,1.));
#15400 = ORIENTED_EDGE('',*,*,#15401,.T.);
#15401 = EDGE_CURVE('',#15391,#15402,#15404,.T.);
#15402 = VERTEX_POINT('',#15403);
#15403 = CARTESIAN_POINT('',(-1.2,-0.76,1.52));
#15404 = LINE('',#15405,#15406);
#15405 = CARTESIAN_POINT('',(-1.2,-0.76,4.E-02));
#15406 = VECTOR('',#15407,1.);
#15407 = DIRECTION('',(0.,0.,1.));
#15408 = ORIENTED_EDGE('',*,*,#15409,.T.);
#15409 = EDGE_CURVE('',#15402,#15410,#15412,.T.);
#15410 = VERTEX_POINT('',#15411);
#15411 = CARTESIAN_POINT('',(-1.2,-0.72,1.56));
#15412 = CIRCLE('',#15413,4.E-02);
#15413 = AXIS2_PLACEMENT_3D('',#15414,#15415,#15416);
#15414 = CARTESIAN_POINT('',(-1.2,-0.72,1.52));
#15415 = DIRECTION('',(-1.,0.,0.));
#15416 = DIRECTION('',(0.,0.,1.));
#15417 = ORIENTED_EDGE('',*,*,#15418,.T.);
#15418 = EDGE_CURVE('',#15410,#15419,#15421,.T.);
#15419 = VERTEX_POINT('',#15420);
#15420 = CARTESIAN_POINT('',(-1.2,0.72,1.56));
#15421 = LINE('',#15422,#15423);
#15422 = CARTESIAN_POINT('',(-1.2,-0.76,1.56));
#15423 = VECTOR('',#15424,1.);
#15424 = DIRECTION('',(0.,1.,0.));
#15425 = ORIENTED_EDGE('',*,*,#15426,.F.);
#15426 = EDGE_CURVE('',#15427,#15419,#15429,.T.);
#15427 = VERTEX_POINT('',#15428);
#15428 = CARTESIAN_POINT('',(-1.2,0.76,1.52));
#15429 = CIRCLE('',#15430,4.E-02);
#15430 = AXIS2_PLACEMENT_3D('',#15431,#15432,#15433);
#15431 = CARTESIAN_POINT('',(-1.2,0.72,1.52));
#15432 = DIRECTION('',(1.,0.,-0.));
#15433 = DIRECTION('',(0.,0.,1.));
#15434 = ORIENTED_EDGE('',*,*,#15435,.F.);
#15435 = EDGE_CURVE('',#15436,#15427,#15438,.T.);
#15436 = VERTEX_POINT('',#15437);
#15437 = CARTESIAN_POINT('',(-1.2,0.76,8.E-02));
#15438 = LINE('',#15439,#15440);
#15439 = CARTESIAN_POINT('',(-1.2,0.76,4.E-02));
#15440 = VECTOR('',#15441,1.);
#15441 = DIRECTION('',(0.,0.,1.));
#15442 = ORIENTED_EDGE('',*,*,#15443,.T.);
#15443 = EDGE_CURVE('',#15436,#15444,#15446,.T.);
#15444 = VERTEX_POINT('',#15445);
#15445 = CARTESIAN_POINT('',(-1.2,0.72,4.E-02));
#15446 = CIRCLE('',#15447,4.E-02);
#15447 = AXIS2_PLACEMENT_3D('',#15448,#15449,#15450);
#15448 = CARTESIAN_POINT('',(-1.2,0.72,8.E-02));
#15449 = DIRECTION('',(-1.,0.,0.));
#15450 = DIRECTION('',(0.,0.,1.));
#15451 = ORIENTED_EDGE('',*,*,#15452,.F.);
#15452 = EDGE_CURVE('',#15393,#15444,#15453,.T.);
#15453 = LINE('',#15454,#15455);
#15454 = CARTESIAN_POINT('',(-1.2,-0.76,4.E-02));
#15455 = VECTOR('',#15456,1.);
#15456 = DIRECTION('',(0.,1.,0.));
#15457 = PLANE('',#15458);
#15458 = AXIS2_PLACEMENT_3D('',#15459,#15460,#15461);
#15459 = CARTESIAN_POINT('',(-1.2,-0.8,0.));
#15460 = DIRECTION('',(1.,0.,0.));
#15461 = DIRECTION('',(0.,0.,1.));
#15462 = ADVANCED_FACE('',(#15463),#15489,.T.);
#15463 = FACE_BOUND('',#15464,.T.);
#15464 = EDGE_LOOP('',(#15465,#15466,#15474,#15483));
#15465 = ORIENTED_EDGE('',*,*,#15390,.T.);
#15466 = ORIENTED_EDGE('',*,*,#15467,.T.);
#15467 = EDGE_CURVE('',#15393,#15468,#15470,.T.);
#15468 = VERTEX_POINT('',#15469);
#15469 = CARTESIAN_POINT('',(1.2,-0.72,4.E-02));
#15470 = LINE('',#15471,#15472);
#15471 = CARTESIAN_POINT('',(-1.2,-0.72,4.E-02));
#15472 = VECTOR('',#15473,1.);
#15473 = DIRECTION('',(1.,0.,0.));
#15474 = ORIENTED_EDGE('',*,*,#15475,.F.);
#15475 = EDGE_CURVE('',#15476,#15468,#15478,.T.);
#15476 = VERTEX_POINT('',#15477);
#15477 = CARTESIAN_POINT('',(1.2,-0.76,8.E-02));
#15478 = CIRCLE('',#15479,4.E-02);
#15479 = AXIS2_PLACEMENT_3D('',#15480,#15481,#15482);
#15480 = CARTESIAN_POINT('',(1.2,-0.72,8.E-02));
#15481 = DIRECTION('',(1.,0.,-0.));
#15482 = DIRECTION('',(0.,0.,1.));
#15483 = ORIENTED_EDGE('',*,*,#15484,.F.);
#15484 = EDGE_CURVE('',#15391,#15476,#15485,.T.);
#15485 = LINE('',#15486,#15487);
#15486 = CARTESIAN_POINT('',(-1.2,-0.76,8.E-02));
#15487 = VECTOR('',#15488,1.);
#15488 = DIRECTION('',(1.,0.,0.));
#15489 = CYLINDRICAL_SURFACE('',#15490,4.E-02);
#15490 = AXIS2_PLACEMENT_3D('',#15491,#15492,#15493);
#15491 = CARTESIAN_POINT('',(-1.2,-0.72,8.E-02));
#15492 = DIRECTION('',(1.,0.,0.));
#15493 = DIRECTION('',(0.,-1.,0.));
#15494 = ADVANCED_FACE('',(#15495),#15513,.F.);
#15495 = FACE_BOUND('',#15496,.F.);
#15496 = EDGE_LOOP('',(#15497,#15498,#15499,#15507));
#15497 = ORIENTED_EDGE('',*,*,#15452,.F.);
#15498 = ORIENTED_EDGE('',*,*,#15467,.T.);
#15499 = ORIENTED_EDGE('',*,*,#15500,.T.);
#15500 = EDGE_CURVE('',#15468,#15501,#15503,.T.);
#15501 = VERTEX_POINT('',#15502);
#15502 = CARTESIAN_POINT('',(1.2,0.72,4.E-02));
#15503 = LINE('',#15504,#15505);
#15504 = CARTESIAN_POINT('',(1.2,-0.76,4.E-02));
#15505 = VECTOR('',#15506,1.);
#15506 = DIRECTION('',(0.,1.,0.));
#15507 = ORIENTED_EDGE('',*,*,#15508,.F.);
#15508 = EDGE_CURVE('',#15444,#15501,#15509,.T.);
#15509 = LINE('',#15510,#15511);
#15510 = CARTESIAN_POINT('',(-1.2,0.72,4.E-02));
#15511 = VECTOR('',#15512,1.);
#15512 = DIRECTION('',(1.,0.,0.));
#15513 = PLANE('',#15514);
#15514 = AXIS2_PLACEMENT_3D('',#15515,#15516,#15517);
#15515 = CARTESIAN_POINT('',(-1.2,-0.76,4.E-02));
#15516 = DIRECTION('',(0.,0.,1.));
#15517 = DIRECTION('',(1.,0.,-0.));
#15518 = ADVANCED_FACE('',(#15519),#15538,.T.);
#15519 = FACE_BOUND('',#15520,.T.);
#15520 = EDGE_LOOP('',(#15521,#15529,#15536,#15537));
#15521 = ORIENTED_EDGE('',*,*,#15522,.T.);
#15522 = EDGE_CURVE('',#15436,#15523,#15525,.T.);
#15523 = VERTEX_POINT('',#15524);
#15524 = CARTESIAN_POINT('',(1.2,0.76,8.E-02));
#15525 = LINE('',#15526,#15527);
#15526 = CARTESIAN_POINT('',(-1.2,0.76,8.E-02));
#15527 = VECTOR('',#15528,1.);
#15528 = DIRECTION('',(1.,0.,0.));
#15529 = ORIENTED_EDGE('',*,*,#15530,.T.);
#15530 = EDGE_CURVE('',#15523,#15501,#15531,.T.);
#15531 = CIRCLE('',#15532,4.E-02);
#15532 = AXIS2_PLACEMENT_3D('',#15533,#15534,#15535);
#15533 = CARTESIAN_POINT('',(1.2,0.72,8.E-02));
#15534 = DIRECTION('',(-1.,0.,0.));
#15535 = DIRECTION('',(0.,0.,1.));
#15536 = ORIENTED_EDGE('',*,*,#15508,.F.);
#15537 = ORIENTED_EDGE('',*,*,#15443,.F.);
#15538 = CYLINDRICAL_SURFACE('',#15539,4.E-02);
#15539 = AXIS2_PLACEMENT_3D('',#15540,#15541,#15542);
#15540 = CARTESIAN_POINT('',(-1.2,0.72,8.E-02));
#15541 = DIRECTION('',(1.,0.,0.));
#15542 = DIRECTION('',(-0.,1.,0.));
#15543 = ADVANCED_FACE('',(#15544),#15562,.T.);
#15544 = FACE_BOUND('',#15545,.T.);
#15545 = EDGE_LOOP('',(#15546,#15554,#15555,#15556));
#15546 = ORIENTED_EDGE('',*,*,#15547,.F.);
#15547 = EDGE_CURVE('',#15523,#15548,#15550,.T.);
#15548 = VERTEX_POINT('',#15549);
#15549 = CARTESIAN_POINT('',(1.2,0.76,1.52));
#15550 = LINE('',#15551,#15552);
#15551 = CARTESIAN_POINT('',(1.2,0.76,4.E-02));
#15552 = VECTOR('',#15553,1.);
#15553 = DIRECTION('',(0.,0.,1.));
#15554 = ORIENTED_EDGE('',*,*,#15522,.F.);
#15555 = ORIENTED_EDGE('',*,*,#15435,.T.);
#15556 = ORIENTED_EDGE('',*,*,#15557,.T.);
#15557 = EDGE_CURVE('',#15427,#15548,#15558,.T.);
#15558 = LINE('',#15559,#15560);
#15559 = CARTESIAN_POINT('',(-1.2,0.76,1.52));
#15560 = VECTOR('',#15561,1.);
#15561 = DIRECTION('',(1.,0.,0.));
#15562 = PLANE('',#15563);
#15563 = AXIS2_PLACEMENT_3D('',#15564,#15565,#15566);
#15564 = CARTESIAN_POINT('',(-1.2,0.76,4.E-02));
#15565 = DIRECTION('',(0.,1.,0.));
#15566 = DIRECTION('',(0.,-0.,1.));
#15567 = ADVANCED_FACE('',(#15568),#15587,.T.);
#15568 = FACE_BOUND('',#15569,.T.);
#15569 = EDGE_LOOP('',(#15570,#15571,#15579,#15586));
#15570 = ORIENTED_EDGE('',*,*,#15426,.T.);
#15571 = ORIENTED_EDGE('',*,*,#15572,.T.);
#15572 = EDGE_CURVE('',#15419,#15573,#15575,.T.);
#15573 = VERTEX_POINT('',#15574);
#15574 = CARTESIAN_POINT('',(1.2,0.72,1.56));
#15575 = LINE('',#15576,#15577);
#15576 = CARTESIAN_POINT('',(-1.2,0.72,1.56));
#15577 = VECTOR('',#15578,1.);
#15578 = DIRECTION('',(1.,0.,0.));
#15579 = ORIENTED_EDGE('',*,*,#15580,.F.);
#15580 = EDGE_CURVE('',#15548,#15573,#15581,.T.);
#15581 = CIRCLE('',#15582,4.E-02);
#15582 = AXIS2_PLACEMENT_3D('',#15583,#15584,#15585);
#15583 = CARTESIAN_POINT('',(1.2,0.72,1.52));
#15584 = DIRECTION('',(1.,0.,-0.));
#15585 = DIRECTION('',(0.,0.,1.));
#15586 = ORIENTED_EDGE('',*,*,#15557,.F.);
#15587 = CYLINDRICAL_SURFACE('',#15588,4.E-02);
#15588 = AXIS2_PLACEMENT_3D('',#15589,#15590,#15591);
#15589 = CARTESIAN_POINT('',(-1.2,0.72,1.52));
#15590 = DIRECTION('',(1.,0.,0.));
#15591 = DIRECTION('',(-0.,1.,0.));
#15592 = ADVANCED_FACE('',(#15593),#15611,.T.);
#15593 = FACE_BOUND('',#15594,.T.);
#15594 = EDGE_LOOP('',(#15595,#15596,#15604,#15610));
#15595 = ORIENTED_EDGE('',*,*,#15418,.F.);
#15596 = ORIENTED_EDGE('',*,*,#15597,.T.);
#15597 = EDGE_CURVE('',#15410,#15598,#15600,.T.);
#15598 = VERTEX_POINT('',#15599);
#15599 = CARTESIAN_POINT('',(1.2,-0.72,1.56));
#15600 = LINE('',#15601,#15602);
#15601 = CARTESIAN_POINT('',(-1.2,-0.72,1.56));
#15602 = VECTOR('',#15603,1.);
#15603 = DIRECTION('',(1.,0.,0.));
#15604 = ORIENTED_EDGE('',*,*,#15605,.T.);
#15605 = EDGE_CURVE('',#15598,#15573,#15606,.T.);
#15606 = LINE('',#15607,#15608);
#15607 = CARTESIAN_POINT('',(1.2,-0.76,1.56));
#15608 = VECTOR('',#15609,1.);
#15609 = DIRECTION('',(0.,1.,0.));
#15610 = ORIENTED_EDGE('',*,*,#15572,.F.);
#15611 = PLANE('',#15612);
#15612 = AXIS2_PLACEMENT_3D('',#15613,#15614,#15615);
#15613 = CARTESIAN_POINT('',(-1.2,-0.76,1.56));
#15614 = DIRECTION('',(0.,0.,1.));
#15615 = DIRECTION('',(1.,0.,-0.));
#15616 = ADVANCED_FACE('',(#15617),#15636,.T.);
#15617 = FACE_BOUND('',#15618,.T.);
#15618 = EDGE_LOOP('',(#15619,#15627,#15634,#15635));
#15619 = ORIENTED_EDGE('',*,*,#15620,.T.);
#15620 = EDGE_CURVE('',#15402,#15621,#15623,.T.);
#15621 = VERTEX_POINT('',#15622);
#15622 = CARTESIAN_POINT('',(1.2,-0.76,1.52));
#15623 = LINE('',#15624,#15625);
#15624 = CARTESIAN_POINT('',(-1.2,-0.76,1.52));
#15625 = VECTOR('',#15626,1.);
#15626 = DIRECTION('',(1.,0.,0.));
#15627 = ORIENTED_EDGE('',*,*,#15628,.T.);
#15628 = EDGE_CURVE('',#15621,#15598,#15629,.T.);
#15629 = CIRCLE('',#15630,4.E-02);
#15630 = AXIS2_PLACEMENT_3D('',#15631,#15632,#15633);
#15631 = CARTESIAN_POINT('',(1.2,-0.72,1.52));
#15632 = DIRECTION('',(-1.,0.,0.));
#15633 = DIRECTION('',(0.,0.,1.));
#15634 = ORIENTED_EDGE('',*,*,#15597,.F.);
#15635 = ORIENTED_EDGE('',*,*,#15409,.F.);
#15636 = CYLINDRICAL_SURFACE('',#15637,4.E-02);
#15637 = AXIS2_PLACEMENT_3D('',#15638,#15639,#15640);
#15638 = CARTESIAN_POINT('',(-1.2,-0.72,1.52));
#15639 = DIRECTION('',(1.,0.,0.));
#15640 = DIRECTION('',(0.,-1.,0.));
#15641 = ADVANCED_FACE('',(#15642),#15653,.F.);
#15642 = FACE_BOUND('',#15643,.F.);
#15643 = EDGE_LOOP('',(#15644,#15650,#15651,#15652));
#15644 = ORIENTED_EDGE('',*,*,#15645,.F.);
#15645 = EDGE_CURVE('',#15476,#15621,#15646,.T.);
#15646 = LINE('',#15647,#15648);
#15647 = CARTESIAN_POINT('',(1.2,-0.76,4.E-02));
#15648 = VECTOR('',#15649,1.);
#15649 = DIRECTION('',(0.,0.,1.));
#15650 = ORIENTED_EDGE('',*,*,#15484,.F.);
#15651 = ORIENTED_EDGE('',*,*,#15401,.T.);
#15652 = ORIENTED_EDGE('',*,*,#15620,.T.);
#15653 = PLANE('',#15654);
#15654 = AXIS2_PLACEMENT_3D('',#15655,#15656,#15657);
#15655 = CARTESIAN_POINT('',(-1.2,-0.76,4.E-02));
#15656 = DIRECTION('',(0.,1.,0.));
#15657 = DIRECTION('',(0.,-0.,1.));
#15658 = ADVANCED_FACE('',(#15659,#15729),#15739,.F.);
#15659 = FACE_BOUND('',#15660,.F.);
#15660 = EDGE_LOOP('',(#15661,#15671,#15680,#15688,#15697,#15705,#15714,
    #15722));
#15661 = ORIENTED_EDGE('',*,*,#15662,.F.);
#15662 = EDGE_CURVE('',#15663,#15665,#15667,.T.);
#15663 = VERTEX_POINT('',#15664);
#15664 = CARTESIAN_POINT('',(1.2,-0.8,4.E-02));
#15665 = VERTEX_POINT('',#15666);
#15666 = CARTESIAN_POINT('',(1.2,-0.8,1.56));
#15667 = LINE('',#15668,#15669);
#15668 = CARTESIAN_POINT('',(1.2,-0.8,0.));
#15669 = VECTOR('',#15670,1.);
#15670 = DIRECTION('',(0.,0.,1.));
#15671 = ORIENTED_EDGE('',*,*,#15672,.T.);
#15672 = EDGE_CURVE('',#15663,#15673,#15675,.T.);
#15673 = VERTEX_POINT('',#15674);
#15674 = CARTESIAN_POINT('',(1.2,-0.76,0.));
#15675 = CIRCLE('',#15676,4.E-02);
#15676 = AXIS2_PLACEMENT_3D('',#15677,#15678,#15679);
#15677 = CARTESIAN_POINT('',(1.2,-0.76,4.E-02));
#15678 = DIRECTION('',(1.,0.,-0.));
#15679 = DIRECTION('',(0.,0.,1.));
#15680 = ORIENTED_EDGE('',*,*,#15681,.T.);
#15681 = EDGE_CURVE('',#15673,#15682,#15684,.T.);
#15682 = VERTEX_POINT('',#15683);
#15683 = CARTESIAN_POINT('',(1.2,0.76,0.));
#15684 = LINE('',#15685,#15686);
#15685 = CARTESIAN_POINT('',(1.2,-0.8,0.));
#15686 = VECTOR('',#15687,1.);
#15687 = DIRECTION('',(0.,1.,0.));
#15688 = ORIENTED_EDGE('',*,*,#15689,.F.);
#15689 = EDGE_CURVE('',#15690,#15682,#15692,.T.);
#15690 = VERTEX_POINT('',#15691);
#15691 = CARTESIAN_POINT('',(1.2,0.8,4.E-02));
#15692 = CIRCLE('',#15693,4.E-02);
#15693 = AXIS2_PLACEMENT_3D('',#15694,#15695,#15696);
#15694 = CARTESIAN_POINT('',(1.2,0.76,4.E-02));
#15695 = DIRECTION('',(-1.,0.,0.));
#15696 = DIRECTION('',(0.,0.,1.));
#15697 = ORIENTED_EDGE('',*,*,#15698,.T.);
#15698 = EDGE_CURVE('',#15690,#15699,#15701,.T.);
#15699 = VERTEX_POINT('',#15700);
#15700 = CARTESIAN_POINT('',(1.2,0.8,1.56));
#15701 = LINE('',#15702,#15703);
#15702 = CARTESIAN_POINT('',(1.2,0.8,0.));
#15703 = VECTOR('',#15704,1.);
#15704 = DIRECTION('',(0.,0.,1.));
#15705 = ORIENTED_EDGE('',*,*,#15706,.T.);
#15706 = EDGE_CURVE('',#15699,#15707,#15709,.T.);
#15707 = VERTEX_POINT('',#15708);
#15708 = CARTESIAN_POINT('',(1.2,0.76,1.6));
#15709 = CIRCLE('',#15710,4.E-02);
#15710 = AXIS2_PLACEMENT_3D('',#15711,#15712,#15713);
#15711 = CARTESIAN_POINT('',(1.2,0.76,1.56));
#15712 = DIRECTION('',(1.,0.,-0.));
#15713 = DIRECTION('',(0.,0.,1.));
#15714 = ORIENTED_EDGE('',*,*,#15715,.F.);
#15715 = EDGE_CURVE('',#15716,#15707,#15718,.T.);
#15716 = VERTEX_POINT('',#15717);
#15717 = CARTESIAN_POINT('',(1.2,-0.76,1.6));
#15718 = LINE('',#15719,#15720);
#15719 = CARTESIAN_POINT('',(1.2,-0.8,1.6));
#15720 = VECTOR('',#15721,1.);
#15721 = DIRECTION('',(0.,1.,0.));
#15722 = ORIENTED_EDGE('',*,*,#15723,.F.);
#15723 = EDGE_CURVE('',#15665,#15716,#15724,.T.);
#15724 = CIRCLE('',#15725,4.E-02);
#15725 = AXIS2_PLACEMENT_3D('',#15726,#15727,#15728);
#15726 = CARTESIAN_POINT('',(1.2,-0.76,1.56));
#15727 = DIRECTION('',(-1.,0.,0.));
#15728 = DIRECTION('',(0.,0.,1.));
#15729 = FACE_BOUND('',#15730,.F.);
#15730 = EDGE_LOOP('',(#15731,#15732,#15733,#15734,#15735,#15736,#15737,
    #15738));
#15731 = ORIENTED_EDGE('',*,*,#15475,.F.);
#15732 = ORIENTED_EDGE('',*,*,#15645,.T.);
#15733 = ORIENTED_EDGE('',*,*,#15628,.T.);
#15734 = ORIENTED_EDGE('',*,*,#15605,.T.);
#15735 = ORIENTED_EDGE('',*,*,#15580,.F.);
#15736 = ORIENTED_EDGE('',*,*,#15547,.F.);
#15737 = ORIENTED_EDGE('',*,*,#15530,.T.);
#15738 = ORIENTED_EDGE('',*,*,#15500,.F.);
#15739 = PLANE('',#15740);
#15740 = AXIS2_PLACEMENT_3D('',#15741,#15742,#15743);
#15741 = CARTESIAN_POINT('',(1.2,-0.8,0.));
#15742 = DIRECTION('',(1.,0.,0.));
#15743 = DIRECTION('',(0.,0.,1.));
#15744 = ADVANCED_FACE('',(#15745),#15770,.F.);
#15745 = FACE_BOUND('',#15746,.F.);
#15746 = EDGE_LOOP('',(#15747,#15757,#15763,#15764));
#15747 = ORIENTED_EDGE('',*,*,#15748,.F.);
#15748 = EDGE_CURVE('',#15749,#15751,#15753,.T.);
#15749 = VERTEX_POINT('',#15750);
#15750 = CARTESIAN_POINT('',(1.6,-0.8,4.E-02));
#15751 = VERTEX_POINT('',#15752);
#15752 = CARTESIAN_POINT('',(1.6,-0.8,1.56));
#15753 = LINE('',#15754,#15755);
#15754 = CARTESIAN_POINT('',(1.6,-0.8,0.));
#15755 = VECTOR('',#15756,1.);
#15756 = DIRECTION('',(0.,0.,1.));
#15757 = ORIENTED_EDGE('',*,*,#15758,.F.);
#15758 = EDGE_CURVE('',#15663,#15749,#15759,.T.);
#15759 = LINE('',#15760,#15761);
#15760 = CARTESIAN_POINT('',(1.2,-0.8,4.E-02));
#15761 = VECTOR('',#15762,1.);
#15762 = DIRECTION('',(1.,0.,0.));
#15763 = ORIENTED_EDGE('',*,*,#15662,.T.);
#15764 = ORIENTED_EDGE('',*,*,#15765,.T.);
#15765 = EDGE_CURVE('',#15665,#15751,#15766,.T.);
#15766 = LINE('',#15767,#15768);
#15767 = CARTESIAN_POINT('',(1.2,-0.8,1.56));
#15768 = VECTOR('',#15769,1.);
#15769 = DIRECTION('',(1.,0.,0.));
#15770 = PLANE('',#15771);
#15771 = AXIS2_PLACEMENT_3D('',#15772,#15773,#15774);
#15772 = CARTESIAN_POINT('',(1.2,-0.8,0.));
#15773 = DIRECTION('',(0.,1.,0.));
#15774 = DIRECTION('',(0.,-0.,1.));
#15775 = ADVANCED_FACE('',(#15776),#15795,.T.);
#15776 = FACE_BOUND('',#15777,.T.);
#15777 = EDGE_LOOP('',(#15778,#15779,#15787,#15794));
#15778 = ORIENTED_EDGE('',*,*,#15672,.T.);
#15779 = ORIENTED_EDGE('',*,*,#15780,.T.);
#15780 = EDGE_CURVE('',#15673,#15781,#15783,.T.);
#15781 = VERTEX_POINT('',#15782);
#15782 = CARTESIAN_POINT('',(1.6,-0.76,0.));
#15783 = LINE('',#15784,#15785);
#15784 = CARTESIAN_POINT('',(1.2,-0.76,0.));
#15785 = VECTOR('',#15786,1.);
#15786 = DIRECTION('',(1.,0.,0.));
#15787 = ORIENTED_EDGE('',*,*,#15788,.F.);
#15788 = EDGE_CURVE('',#15749,#15781,#15789,.T.);
#15789 = CIRCLE('',#15790,4.E-02);
#15790 = AXIS2_PLACEMENT_3D('',#15791,#15792,#15793);
#15791 = CARTESIAN_POINT('',(1.6,-0.76,4.E-02));
#15792 = DIRECTION('',(1.,0.,-0.));
#15793 = DIRECTION('',(0.,0.,1.));
#15794 = ORIENTED_EDGE('',*,*,#15758,.F.);
#15795 = CYLINDRICAL_SURFACE('',#15796,4.E-02);
#15796 = AXIS2_PLACEMENT_3D('',#15797,#15798,#15799);
#15797 = CARTESIAN_POINT('',(1.2,-0.76,4.E-02));
#15798 = DIRECTION('',(1.,0.,0.));
#15799 = DIRECTION('',(0.,-1.,0.));
#15800 = ADVANCED_FACE('',(#15801),#15820,.T.);
#15801 = FACE_BOUND('',#15802,.T.);
#15802 = EDGE_LOOP('',(#15803,#15804,#15813,#15819));
#15803 = ORIENTED_EDGE('',*,*,#15765,.T.);
#15804 = ORIENTED_EDGE('',*,*,#15805,.T.);
#15805 = EDGE_CURVE('',#15751,#15806,#15808,.T.);
#15806 = VERTEX_POINT('',#15807);
#15807 = CARTESIAN_POINT('',(1.6,-0.76,1.6));
#15808 = CIRCLE('',#15809,4.E-02);
#15809 = AXIS2_PLACEMENT_3D('',#15810,#15811,#15812);
#15810 = CARTESIAN_POINT('',(1.6,-0.76,1.56));
#15811 = DIRECTION('',(-1.,0.,0.));
#15812 = DIRECTION('',(0.,0.,1.));
#15813 = ORIENTED_EDGE('',*,*,#15814,.F.);
#15814 = EDGE_CURVE('',#15716,#15806,#15815,.T.);
#15815 = LINE('',#15816,#15817);
#15816 = CARTESIAN_POINT('',(1.2,-0.76,1.6));
#15817 = VECTOR('',#15818,1.);
#15818 = DIRECTION('',(1.,0.,0.));
#15819 = ORIENTED_EDGE('',*,*,#15723,.F.);
#15820 = CYLINDRICAL_SURFACE('',#15821,4.E-02);
#15821 = AXIS2_PLACEMENT_3D('',#15822,#15823,#15824);
#15822 = CARTESIAN_POINT('',(1.2,-0.76,1.56));
#15823 = DIRECTION('',(1.,0.,0.));
#15824 = DIRECTION('',(0.,-1.,0.));
#15825 = ADVANCED_FACE('',(#15826),#15844,.F.);
#15826 = FACE_BOUND('',#15827,.F.);
#15827 = EDGE_LOOP('',(#15828,#15829,#15830,#15838));
#15828 = ORIENTED_EDGE('',*,*,#15681,.F.);
#15829 = ORIENTED_EDGE('',*,*,#15780,.T.);
#15830 = ORIENTED_EDGE('',*,*,#15831,.T.);
#15831 = EDGE_CURVE('',#15781,#15832,#15834,.T.);
#15832 = VERTEX_POINT('',#15833);
#15833 = CARTESIAN_POINT('',(1.6,0.76,0.));
#15834 = LINE('',#15835,#15836);
#15835 = CARTESIAN_POINT('',(1.6,-0.8,0.));
#15836 = VECTOR('',#15837,1.);
#15837 = DIRECTION('',(0.,1.,0.));
#15838 = ORIENTED_EDGE('',*,*,#15839,.F.);
#15839 = EDGE_CURVE('',#15682,#15832,#15840,.T.);
#15840 = LINE('',#15841,#15842);
#15841 = CARTESIAN_POINT('',(1.2,0.76,0.));
#15842 = VECTOR('',#15843,1.);
#15843 = DIRECTION('',(1.,0.,0.));
#15844 = PLANE('',#15845);
#15845 = AXIS2_PLACEMENT_3D('',#15846,#15847,#15848);
#15846 = CARTESIAN_POINT('',(1.2,-0.8,0.));
#15847 = DIRECTION('',(0.,0.,1.));
#15848 = DIRECTION('',(1.,0.,-0.));
#15849 = ADVANCED_FACE('',(#15850),#15868,.T.);
#15850 = FACE_BOUND('',#15851,.T.);
#15851 = EDGE_LOOP('',(#15852,#15853,#15854,#15862));
#15852 = ORIENTED_EDGE('',*,*,#15715,.F.);
#15853 = ORIENTED_EDGE('',*,*,#15814,.T.);
#15854 = ORIENTED_EDGE('',*,*,#15855,.T.);
#15855 = EDGE_CURVE('',#15806,#15856,#15858,.T.);
#15856 = VERTEX_POINT('',#15857);
#15857 = CARTESIAN_POINT('',(1.6,0.76,1.6));
#15858 = LINE('',#15859,#15860);
#15859 = CARTESIAN_POINT('',(1.6,-0.8,1.6));
#15860 = VECTOR('',#15861,1.);
#15861 = DIRECTION('',(0.,1.,0.));
#15862 = ORIENTED_EDGE('',*,*,#15863,.F.);
#15863 = EDGE_CURVE('',#15707,#15856,#15864,.T.);
#15864 = LINE('',#15865,#15866);
#15865 = CARTESIAN_POINT('',(1.2,0.76,1.6));
#15866 = VECTOR('',#15867,1.);
#15867 = DIRECTION('',(1.,0.,0.));
#15868 = PLANE('',#15869);
#15869 = AXIS2_PLACEMENT_3D('',#15870,#15871,#15872);
#15870 = CARTESIAN_POINT('',(1.2,-0.8,1.6));
#15871 = DIRECTION('',(0.,0.,1.));
#15872 = DIRECTION('',(1.,0.,-0.));
#15873 = ADVANCED_FACE('',(#15874),#15893,.T.);
#15874 = FACE_BOUND('',#15875,.T.);
#15875 = EDGE_LOOP('',(#15876,#15884,#15891,#15892));
#15876 = ORIENTED_EDGE('',*,*,#15877,.T.);
#15877 = EDGE_CURVE('',#15690,#15878,#15880,.T.);
#15878 = VERTEX_POINT('',#15879);
#15879 = CARTESIAN_POINT('',(1.6,0.8,4.E-02));
#15880 = LINE('',#15881,#15882);
#15881 = CARTESIAN_POINT('',(1.2,0.8,4.E-02));
#15882 = VECTOR('',#15883,1.);
#15883 = DIRECTION('',(1.,0.,0.));
#15884 = ORIENTED_EDGE('',*,*,#15885,.T.);
#15885 = EDGE_CURVE('',#15878,#15832,#15886,.T.);
#15886 = CIRCLE('',#15887,4.E-02);
#15887 = AXIS2_PLACEMENT_3D('',#15888,#15889,#15890);
#15888 = CARTESIAN_POINT('',(1.6,0.76,4.E-02));
#15889 = DIRECTION('',(-1.,0.,0.));
#15890 = DIRECTION('',(0.,0.,1.));
#15891 = ORIENTED_EDGE('',*,*,#15839,.F.);
#15892 = ORIENTED_EDGE('',*,*,#15689,.F.);
#15893 = CYLINDRICAL_SURFACE('',#15894,4.E-02);
#15894 = AXIS2_PLACEMENT_3D('',#15895,#15896,#15897);
#15895 = CARTESIAN_POINT('',(1.2,0.76,4.E-02));
#15896 = DIRECTION('',(1.,0.,0.));
#15897 = DIRECTION('',(-0.,1.,0.));
#15898 = ADVANCED_FACE('',(#15899),#15918,.T.);
#15899 = FACE_BOUND('',#15900,.T.);
#15900 = EDGE_LOOP('',(#15901,#15902,#15903,#15912));
#15901 = ORIENTED_EDGE('',*,*,#15706,.T.);
#15902 = ORIENTED_EDGE('',*,*,#15863,.T.);
#15903 = ORIENTED_EDGE('',*,*,#15904,.F.);
#15904 = EDGE_CURVE('',#15905,#15856,#15907,.T.);
#15905 = VERTEX_POINT('',#15906);
#15906 = CARTESIAN_POINT('',(1.6,0.8,1.56));
#15907 = CIRCLE('',#15908,4.E-02);
#15908 = AXIS2_PLACEMENT_3D('',#15909,#15910,#15911);
#15909 = CARTESIAN_POINT('',(1.6,0.76,1.56));
#15910 = DIRECTION('',(1.,0.,-0.));
#15911 = DIRECTION('',(0.,0.,1.));
#15912 = ORIENTED_EDGE('',*,*,#15913,.F.);
#15913 = EDGE_CURVE('',#15699,#15905,#15914,.T.);
#15914 = LINE('',#15915,#15916);
#15915 = CARTESIAN_POINT('',(1.2,0.8,1.56));
#15916 = VECTOR('',#15917,1.);
#15917 = DIRECTION('',(1.,0.,0.));
#15918 = CYLINDRICAL_SURFACE('',#15919,4.E-02);
#15919 = AXIS2_PLACEMENT_3D('',#15920,#15921,#15922);
#15920 = CARTESIAN_POINT('',(1.2,0.76,1.56));
#15921 = DIRECTION('',(1.,0.,0.));
#15922 = DIRECTION('',(-0.,1.,0.));
#15923 = ADVANCED_FACE('',(#15924),#15935,.T.);
#15924 = FACE_BOUND('',#15925,.T.);
#15925 = EDGE_LOOP('',(#15926,#15932,#15933,#15934));
#15926 = ORIENTED_EDGE('',*,*,#15927,.F.);
#15927 = EDGE_CURVE('',#15878,#15905,#15928,.T.);
#15928 = LINE('',#15929,#15930);
#15929 = CARTESIAN_POINT('',(1.6,0.8,0.));
#15930 = VECTOR('',#15931,1.);
#15931 = DIRECTION('',(0.,0.,1.));
#15932 = ORIENTED_EDGE('',*,*,#15877,.F.);
#15933 = ORIENTED_EDGE('',*,*,#15698,.T.);
#15934 = ORIENTED_EDGE('',*,*,#15913,.T.);
#15935 = PLANE('',#15936);
#15936 = AXIS2_PLACEMENT_3D('',#15937,#15938,#15939);
#15937 = CARTESIAN_POINT('',(1.2,0.8,0.));
#15938 = DIRECTION('',(0.,1.,0.));
#15939 = DIRECTION('',(0.,-0.,1.));
#15940 = ADVANCED_FACE('',(#15941),#15951,.T.);
#15941 = FACE_BOUND('',#15942,.T.);
#15942 = EDGE_LOOP('',(#15943,#15944,#15945,#15946,#15947,#15948,#15949,
    #15950));
#15943 = ORIENTED_EDGE('',*,*,#15748,.F.);
#15944 = ORIENTED_EDGE('',*,*,#15788,.T.);
#15945 = ORIENTED_EDGE('',*,*,#15831,.T.);
#15946 = ORIENTED_EDGE('',*,*,#15885,.F.);
#15947 = ORIENTED_EDGE('',*,*,#15927,.T.);
#15948 = ORIENTED_EDGE('',*,*,#15904,.T.);
#15949 = ORIENTED_EDGE('',*,*,#15855,.F.);
#15950 = ORIENTED_EDGE('',*,*,#15805,.F.);
#15951 = PLANE('',#15952);
#15952 = AXIS2_PLACEMENT_3D('',#15953,#15954,#15955);
#15953 = CARTESIAN_POINT('',(1.6,-0.8,0.));
#15954 = DIRECTION('',(1.,0.,0.));
#15955 = DIRECTION('',(0.,0.,1.));
#15956 = ( GEOMETRIC_REPRESENTATION_CONTEXT(3) 
GLOBAL_UNCERTAINTY_ASSIGNED_CONTEXT((#15960)) 
GLOBAL_UNIT_ASSIGNED_CONTEXT((#15957,#15958,#15959)) 
REPRESENTATION_CONTEXT('Context #1',
  '3D Context with UNIT and UNCERTAINTY') );
#15957 = ( LENGTH_UNIT() NAMED_UNIT(*) SI_UNIT(.MILLI.,.METRE.) );
#15958 = ( NAMED_UNIT(*) PLANE_ANGLE_UNIT() SI_UNIT($,.RADIAN.) );
#15959 = ( NAMED_UNIT(*) SI_UNIT($,.STERADIAN.) SOLID_ANGLE_UNIT() );
#15960 = UNCERTAINTY_MEASURE_WITH_UNIT(LENGTH_MEASURE(1.E-07),#15957,
  'distance_accuracy_value','confusion accuracy');
#15961 = CONTEXT_DEPENDENT_SHAPE_REPRESENTATION(#15962,#15964);
#15962 = ( REPRESENTATION_RELATIONSHIP('','',#15101,#10) 
REPRESENTATION_RELATIONSHIP_WITH_TRANSFORMATION(#15963) 
SHAPE_REPRESENTATION_RELATIONSHIP() );
#15963 = ITEM_DEFINED_TRANSFORMATION('','',#11,#123);
#15964 = PRODUCT_DEFINITION_SHAPE('Placement','Placement of an item',
  #15965);
#15965 = NEXT_ASSEMBLY_USAGE_OCCURRENCE('28','C2','',#5,#15096,$);
#15966 = PRODUCT_RELATED_PRODUCT_CATEGORY('part',$,(#15098));
#15967 = CONTEXT_DEPENDENT_SHAPE_REPRESENTATION(#15968,#15970);
#15968 = ( REPRESENTATION_RELATIONSHIP('','',#966,#10) 
REPRESENTATION_RELATIONSHIP_WITH_TRANSFORMATION(#15969) 
SHAPE_REPRESENTATION_RELATIONSHIP() );
#15969 = ITEM_DEFINED_TRANSFORMATION('','',#11,#127);
#15970 = PRODUCT_DEFINITION_SHAPE('Placement','Placement of an item',
  #15971);
#15971 = NEXT_ASSEMBLY_USAGE_OCCURRENCE('29','J8','',#5,#961,$);
#15972 = CONTEXT_DEPENDENT_SHAPE_REPRESENTATION(#15973,#15975);
#15973 = ( REPRESENTATION_RELATIONSHIP('','',#5738,#10) 
REPRESENTATION_RELATIONSHIP_WITH_TRANSFORMATION(#15974) 
SHAPE_REPRESENTATION_RELATIONSHIP() );
#15974 = ITEM_DEFINED_TRANSFORMATION('','',#11,#131);
#15975 = PRODUCT_DEFINITION_SHAPE('Placement','Placement of an item',
  #15976);
#15976 = NEXT_ASSEMBLY_USAGE_OCCURRENCE('30','RT4','',#5,#5733,$);
#15977 = SHAPE_DEFINITION_REPRESENTATION(#15978,#15984);
#15978 = PRODUCT_DEFINITION_SHAPE('','',#15979);
#15979 = PRODUCT_DEFINITION('design','',#15980,#15983);
#15980 = PRODUCT_DEFINITION_FORMATION('','',#15981);
#15981 = PRODUCT('AP_AI4_PCB','AP_AI4_PCB','',(#15982));
#15982 = PRODUCT_CONTEXT('',#2,'mechanical');
#15983 = PRODUCT_DEFINITION_CONTEXT('part definition',#2,'design');
#15984 = ADVANCED_BREP_SHAPE_REPRESENTATION('',(#11,#15985),#16938);
#15985 = MANIFOLD_SOLID_BREP('',#15986);
#15986 = CLOSED_SHELL('',(#15987,#16029,#16060,#16091,#16330,#16569,
    #16586,#16603,#16620,#16637,#16649,#16666,#16683,#16700,#16717,
    #16734,#16751,#16768,#16785,#16802,#16819,#16836,#16853,#16870,
    #16887,#16904,#16921));
#15987 = ADVANCED_FACE('',(#15988),#16024,.T.);
#15988 = FACE_BOUND('',#15989,.T.);
#15989 = EDGE_LOOP('',(#15990,#16000,#16009,#16017));
#15990 = ORIENTED_EDGE('',*,*,#15991,.T.);
#15991 = EDGE_CURVE('',#15992,#15994,#15996,.T.);
#15992 = VERTEX_POINT('',#15993);
#15993 = CARTESIAN_POINT('',(170.,-100.,0.));
#15994 = VERTEX_POINT('',#15995);
#15995 = CARTESIAN_POINT('',(170.,-100.,1.51));
#15996 = LINE('',#15997,#15998);
#15997 = CARTESIAN_POINT('',(170.,-100.,0.));
#15998 = VECTOR('',#15999,1.);
#15999 = DIRECTION('',(0.,0.,1.));
#16000 = ORIENTED_EDGE('',*,*,#16001,.T.);
#16001 = EDGE_CURVE('',#15994,#16002,#16004,.T.);
#16002 = VERTEX_POINT('',#16003);
#16003 = CARTESIAN_POINT('',(172.,-102.,1.51));
#16004 = CIRCLE('',#16005,2.000000212955);
#16005 = AXIS2_PLACEMENT_3D('',#16006,#16007,#16008);
#16006 = CARTESIAN_POINT('',(169.99999978704,-102.0000002129,1.51));
#16007 = DIRECTION('',(0.,0.,-1.));
#16008 = DIRECTION('',(1.064773897809E-07,1.,0.));
#16009 = ORIENTED_EDGE('',*,*,#16010,.F.);
#16010 = EDGE_CURVE('',#16011,#16002,#16013,.T.);
#16011 = VERTEX_POINT('',#16012);
#16012 = CARTESIAN_POINT('',(172.,-102.,0.));
#16013 = LINE('',#16014,#16015);
#16014 = CARTESIAN_POINT('',(172.,-102.,0.));
#16015 = VECTOR('',#16016,1.);
#16016 = DIRECTION('',(0.,0.,1.));
#16017 = ORIENTED_EDGE('',*,*,#16018,.F.);
#16018 = EDGE_CURVE('',#15992,#16011,#16019,.T.);
#16019 = CIRCLE('',#16020,2.000000212955);
#16020 = AXIS2_PLACEMENT_3D('',#16021,#16022,#16023);
#16021 = CARTESIAN_POINT('',(169.99999978704,-102.0000002129,0.));
#16022 = DIRECTION('',(0.,0.,-1.));
#16023 = DIRECTION('',(1.064773897809E-07,1.,0.));
#16024 = CYLINDRICAL_SURFACE('',#16025,2.000000212955);
#16025 = AXIS2_PLACEMENT_3D('',#16026,#16027,#16028);
#16026 = CARTESIAN_POINT('',(169.99999978704,-102.0000002129,0.));
#16027 = DIRECTION('',(0.,0.,-1.));
#16028 = DIRECTION('',(1.064773897809E-07,1.,0.));
#16029 = ADVANCED_FACE('',(#16030),#16055,.T.);
#16030 = FACE_BOUND('',#16031,.T.);
#16031 = EDGE_LOOP('',(#16032,#16042,#16048,#16049));
#16032 = ORIENTED_EDGE('',*,*,#16033,.T.);
#16033 = EDGE_CURVE('',#16034,#16036,#16038,.T.);
#16034 = VERTEX_POINT('',#16035);
#16035 = CARTESIAN_POINT('',(102.,-100.,0.));
#16036 = VERTEX_POINT('',#16037);
#16037 = CARTESIAN_POINT('',(102.,-100.,1.51));
#16038 = LINE('',#16039,#16040);
#16039 = CARTESIAN_POINT('',(102.,-100.,0.));
#16040 = VECTOR('',#16041,1.);
#16041 = DIRECTION('',(0.,0.,1.));
#16042 = ORIENTED_EDGE('',*,*,#16043,.T.);
#16043 = EDGE_CURVE('',#16036,#15994,#16044,.T.);
#16044 = LINE('',#16045,#16046);
#16045 = CARTESIAN_POINT('',(102.,-100.,1.51));
#16046 = VECTOR('',#16047,1.);
#16047 = DIRECTION('',(1.,0.,0.));
#16048 = ORIENTED_EDGE('',*,*,#15991,.F.);
#16049 = ORIENTED_EDGE('',*,*,#16050,.F.);
#16050 = EDGE_CURVE('',#16034,#15992,#16051,.T.);
#16051 = LINE('',#16052,#16053);
#16052 = CARTESIAN_POINT('',(102.,-100.,0.));
#16053 = VECTOR('',#16054,1.);
#16054 = DIRECTION('',(1.,0.,0.));
#16055 = PLANE('',#16056);
#16056 = AXIS2_PLACEMENT_3D('',#16057,#16058,#16059);
#16057 = CARTESIAN_POINT('',(102.,-100.,0.));
#16058 = DIRECTION('',(0.,1.,0.));
#16059 = DIRECTION('',(1.,0.,0.));
#16060 = ADVANCED_FACE('',(#16061),#16086,.T.);
#16061 = FACE_BOUND('',#16062,.T.);
#16062 = EDGE_LOOP('',(#16063,#16064,#16072,#16080));
#16063 = ORIENTED_EDGE('',*,*,#16010,.T.);
#16064 = ORIENTED_EDGE('',*,*,#16065,.T.);
#16065 = EDGE_CURVE('',#16002,#16066,#16068,.T.);
#16066 = VERTEX_POINT('',#16067);
#16067 = CARTESIAN_POINT('',(172.,-154.,1.51));
#16068 = LINE('',#16069,#16070);
#16069 = CARTESIAN_POINT('',(172.,-102.,1.51));
#16070 = VECTOR('',#16071,1.);
#16071 = DIRECTION('',(0.,-1.,0.));
#16072 = ORIENTED_EDGE('',*,*,#16073,.F.);
#16073 = EDGE_CURVE('',#16074,#16066,#16076,.T.);
#16074 = VERTEX_POINT('',#16075);
#16075 = CARTESIAN_POINT('',(172.,-154.,0.));
#16076 = LINE('',#16077,#16078);
#16077 = CARTESIAN_POINT('',(172.,-154.,0.));
#16078 = VECTOR('',#16079,1.);
#16079 = DIRECTION('',(0.,0.,1.));
#16080 = ORIENTED_EDGE('',*,*,#16081,.F.);
#16081 = EDGE_CURVE('',#16011,#16074,#16082,.T.);
#16082 = LINE('',#16083,#16084);
#16083 = CARTESIAN_POINT('',(172.,-102.,0.));
#16084 = VECTOR('',#16085,1.);
#16085 = DIRECTION('',(0.,-1.,0.));
#16086 = PLANE('',#16087);
#16087 = AXIS2_PLACEMENT_3D('',#16088,#16089,#16090);
#16088 = CARTESIAN_POINT('',(172.,-102.,0.));
#16089 = DIRECTION('',(1.,0.,-0.));
#16090 = DIRECTION('',(0.,-1.,0.));
#16091 = ADVANCED_FACE('',(#16092,#16138,#16149,#16160,#16171,#16182,
    #16193,#16204,#16215,#16226,#16237,#16248,#16259,#16270,#16281,
    #16292,#16303,#16314),#16325,.F.);
#16092 = FACE_BOUND('',#16093,.F.);
#16093 = EDGE_LOOP('',(#16094,#16095,#16096,#16105,#16113,#16122,#16130,
    #16137));
#16094 = ORIENTED_EDGE('',*,*,#16018,.F.);
#16095 = ORIENTED_EDGE('',*,*,#16050,.F.);
#16096 = ORIENTED_EDGE('',*,*,#16097,.F.);
#16097 = EDGE_CURVE('',#16098,#16034,#16100,.T.);
#16098 = VERTEX_POINT('',#16099);
#16099 = CARTESIAN_POINT('',(100.,-102.,0.));
#16100 = CIRCLE('',#16101,1.99999850585);
#16101 = AXIS2_PLACEMENT_3D('',#16102,#16103,#16104);
#16102 = CARTESIAN_POINT('',(101.99999850585,-101.9999985058,0.));
#16103 = DIRECTION('',(0.,0.,-1.));
#16104 = DIRECTION('',(-1.,-7.470757491648E-07,-0.));
#16105 = ORIENTED_EDGE('',*,*,#16106,.F.);
#16106 = EDGE_CURVE('',#16107,#16098,#16109,.T.);
#16107 = VERTEX_POINT('',#16108);
#16108 = CARTESIAN_POINT('',(100.,-154.,0.));
#16109 = LINE('',#16110,#16111);
#16110 = CARTESIAN_POINT('',(100.,-154.,0.));
#16111 = VECTOR('',#16112,1.);
#16112 = DIRECTION('',(0.,1.,0.));
#16113 = ORIENTED_EDGE('',*,*,#16114,.F.);
#16114 = EDGE_CURVE('',#16115,#16107,#16117,.T.);
#16115 = VERTEX_POINT('',#16116);
#16116 = CARTESIAN_POINT('',(102.,-156.,0.));
#16117 = CIRCLE('',#16118,2.000000212955);
#16118 = AXIS2_PLACEMENT_3D('',#16119,#16120,#16121);
#16119 = CARTESIAN_POINT('',(102.00000021295,-153.999999787,0.));
#16120 = DIRECTION('',(0.,0.,-1.));
#16121 = DIRECTION('',(-1.064773897809E-07,-1.,-0.));
#16122 = ORIENTED_EDGE('',*,*,#16123,.F.);
#16123 = EDGE_CURVE('',#16124,#16115,#16126,.T.);
#16124 = VERTEX_POINT('',#16125);
#16125 = CARTESIAN_POINT('',(170.,-156.,0.));
#16126 = LINE('',#16127,#16128);
#16127 = CARTESIAN_POINT('',(170.,-156.,0.));
#16128 = VECTOR('',#16129,1.);
#16129 = DIRECTION('',(-1.,0.,0.));
#16130 = ORIENTED_EDGE('',*,*,#16131,.F.);
#16131 = EDGE_CURVE('',#16074,#16124,#16132,.T.);
#16132 = CIRCLE('',#16133,2.000001920065);
#16133 = AXIS2_PLACEMENT_3D('',#16134,#16135,#16136);
#16134 = CARTESIAN_POINT('',(169.99999807993,-153.9999980799,0.));
#16135 = DIRECTION('',(0.,0.,-1.));
#16136 = DIRECTION('',(1.,-9.600311321928E-07,0.));
#16137 = ORIENTED_EDGE('',*,*,#16081,.F.);
#16138 = FACE_BOUND('',#16139,.F.);
#16139 = EDGE_LOOP('',(#16140));
#16140 = ORIENTED_EDGE('',*,*,#16141,.T.);
#16141 = EDGE_CURVE('',#16142,#16142,#16144,.T.);
#16142 = VERTEX_POINT('',#16143);
#16143 = CARTESIAN_POINT('',(106.,-151.475,0.));
#16144 = CIRCLE('',#16145,0.475);
#16145 = AXIS2_PLACEMENT_3D('',#16146,#16147,#16148);
#16146 = CARTESIAN_POINT('',(106.,-151.,0.));
#16147 = DIRECTION('',(-0.,0.,-1.));
#16148 = DIRECTION('',(-0.,-1.,0.));
#16149 = FACE_BOUND('',#16150,.F.);
#16150 = EDGE_LOOP('',(#16151));
#16151 = ORIENTED_EDGE('',*,*,#16152,.T.);
#16152 = EDGE_CURVE('',#16153,#16153,#16155,.T.);
#16153 = VERTEX_POINT('',#16154);
#16154 = CARTESIAN_POINT('',(108.5,-151.475,0.));
#16155 = CIRCLE('',#16156,0.475);
#16156 = AXIS2_PLACEMENT_3D('',#16157,#16158,#16159);
#16157 = CARTESIAN_POINT('',(108.5,-151.,0.));
#16158 = DIRECTION('',(-0.,0.,-1.));
#16159 = DIRECTION('',(-0.,-1.,0.));
#16160 = FACE_BOUND('',#16161,.F.);
#16161 = EDGE_LOOP('',(#16162));
#16162 = ORIENTED_EDGE('',*,*,#16163,.T.);
#16163 = EDGE_CURVE('',#16164,#16164,#16166,.T.);
#16164 = VERTEX_POINT('',#16165);
#16165 = CARTESIAN_POINT('',(111.,-151.475,0.));
#16166 = CIRCLE('',#16167,0.475);
#16167 = AXIS2_PLACEMENT_3D('',#16168,#16169,#16170);
#16168 = CARTESIAN_POINT('',(111.,-151.,0.));
#16169 = DIRECTION('',(-0.,0.,-1.));
#16170 = DIRECTION('',(-0.,-1.,0.));
#16171 = FACE_BOUND('',#16172,.F.);
#16172 = EDGE_LOOP('',(#16173));
#16173 = ORIENTED_EDGE('',*,*,#16174,.T.);
#16174 = EDGE_CURVE('',#16175,#16175,#16177,.T.);
#16175 = VERTEX_POINT('',#16176);
#16176 = CARTESIAN_POINT('',(122.,-151.475,0.));
#16177 = CIRCLE('',#16178,0.475);
#16178 = AXIS2_PLACEMENT_3D('',#16179,#16180,#16181);
#16179 = CARTESIAN_POINT('',(122.,-151.,0.));
#16180 = DIRECTION('',(-0.,0.,-1.));
#16181 = DIRECTION('',(-0.,-1.,0.));
#16182 = FACE_BOUND('',#16183,.F.);
#16183 = EDGE_LOOP('',(#16184));
#16184 = ORIENTED_EDGE('',*,*,#16185,.T.);
#16185 = EDGE_CURVE('',#16186,#16186,#16188,.T.);
#16186 = VERTEX_POINT('',#16187);
#16187 = CARTESIAN_POINT('',(124.5,-151.475,0.));
#16188 = CIRCLE('',#16189,0.475);
#16189 = AXIS2_PLACEMENT_3D('',#16190,#16191,#16192);
#16190 = CARTESIAN_POINT('',(124.5,-151.,0.));
#16191 = DIRECTION('',(-0.,0.,-1.));
#16192 = DIRECTION('',(-0.,-1.,0.));
#16193 = FACE_BOUND('',#16194,.F.);
#16194 = EDGE_LOOP('',(#16195));
#16195 = ORIENTED_EDGE('',*,*,#16196,.T.);
#16196 = EDGE_CURVE('',#16197,#16197,#16199,.T.);
#16197 = VERTEX_POINT('',#16198);
#16198 = CARTESIAN_POINT('',(127.,-151.475,0.));
#16199 = CIRCLE('',#16200,0.475);
#16200 = AXIS2_PLACEMENT_3D('',#16201,#16202,#16203);
#16201 = CARTESIAN_POINT('',(127.,-151.,0.));
#16202 = DIRECTION('',(-0.,0.,-1.));
#16203 = DIRECTION('',(-0.,-1.,0.));
#16204 = FACE_BOUND('',#16205,.F.);
#16205 = EDGE_LOOP('',(#16206));
#16206 = ORIENTED_EDGE('',*,*,#16207,.T.);
#16207 = EDGE_CURVE('',#16208,#16208,#16210,.T.);
#16208 = VERTEX_POINT('',#16209);
#16209 = CARTESIAN_POINT('',(138.,-151.475,0.));
#16210 = CIRCLE('',#16211,0.475);
#16211 = AXIS2_PLACEMENT_3D('',#16212,#16213,#16214);
#16212 = CARTESIAN_POINT('',(138.,-151.,0.));
#16213 = DIRECTION('',(-0.,0.,-1.));
#16214 = DIRECTION('',(-0.,-1.,0.));
#16215 = FACE_BOUND('',#16216,.F.);
#16216 = EDGE_LOOP('',(#16217));
#16217 = ORIENTED_EDGE('',*,*,#16218,.T.);
#16218 = EDGE_CURVE('',#16219,#16219,#16221,.T.);
#16219 = VERTEX_POINT('',#16220);
#16220 = CARTESIAN_POINT('',(140.5,-151.475,0.));
#16221 = CIRCLE('',#16222,0.475);
#16222 = AXIS2_PLACEMENT_3D('',#16223,#16224,#16225);
#16223 = CARTESIAN_POINT('',(140.5,-151.,0.));
#16224 = DIRECTION('',(-0.,0.,-1.));
#16225 = DIRECTION('',(-0.,-1.,0.));
#16226 = FACE_BOUND('',#16227,.F.);
#16227 = EDGE_LOOP('',(#16228));
#16228 = ORIENTED_EDGE('',*,*,#16229,.T.);
#16229 = EDGE_CURVE('',#16230,#16230,#16232,.T.);
#16230 = VERTEX_POINT('',#16231);
#16231 = CARTESIAN_POINT('',(143.,-151.475,0.));
#16232 = CIRCLE('',#16233,0.475);
#16233 = AXIS2_PLACEMENT_3D('',#16234,#16235,#16236);
#16234 = CARTESIAN_POINT('',(143.,-151.,0.));
#16235 = DIRECTION('',(-0.,0.,-1.));
#16236 = DIRECTION('',(-0.,-1.,0.));
#16237 = FACE_BOUND('',#16238,.F.);
#16238 = EDGE_LOOP('',(#16239));
#16239 = ORIENTED_EDGE('',*,*,#16240,.T.);
#16240 = EDGE_CURVE('',#16241,#16241,#16243,.T.);
#16241 = VERTEX_POINT('',#16242);
#16242 = CARTESIAN_POINT('',(154.,-151.475,0.));
#16243 = CIRCLE('',#16244,0.475);
#16244 = AXIS2_PLACEMENT_3D('',#16245,#16246,#16247);
#16245 = CARTESIAN_POINT('',(154.,-151.,0.));
#16246 = DIRECTION('',(-0.,0.,-1.));
#16247 = DIRECTION('',(-0.,-1.,0.));
#16248 = FACE_BOUND('',#16249,.F.);
#16249 = EDGE_LOOP('',(#16250));
#16250 = ORIENTED_EDGE('',*,*,#16251,.T.);
#16251 = EDGE_CURVE('',#16252,#16252,#16254,.T.);
#16252 = VERTEX_POINT('',#16253);
#16253 = CARTESIAN_POINT('',(156.5,-151.475,0.));
#16254 = CIRCLE('',#16255,0.475);
#16255 = AXIS2_PLACEMENT_3D('',#16256,#16257,#16258);
#16256 = CARTESIAN_POINT('',(156.5,-151.,0.));
#16257 = DIRECTION('',(-0.,0.,-1.));
#16258 = DIRECTION('',(-0.,-1.,0.));
#16259 = FACE_BOUND('',#16260,.F.);
#16260 = EDGE_LOOP('',(#16261));
#16261 = ORIENTED_EDGE('',*,*,#16262,.T.);
#16262 = EDGE_CURVE('',#16263,#16263,#16265,.T.);
#16263 = VERTEX_POINT('',#16264);
#16264 = CARTESIAN_POINT('',(159.,-151.475,0.));
#16265 = CIRCLE('',#16266,0.475);
#16266 = AXIS2_PLACEMENT_3D('',#16267,#16268,#16269);
#16267 = CARTESIAN_POINT('',(159.,-151.,0.));
#16268 = DIRECTION('',(-0.,0.,-1.));
#16269 = DIRECTION('',(-0.,-1.,0.));
#16270 = FACE_BOUND('',#16271,.F.);
#16271 = EDGE_LOOP('',(#16272));
#16272 = ORIENTED_EDGE('',*,*,#16273,.T.);
#16273 = EDGE_CURVE('',#16274,#16274,#16276,.T.);
#16274 = VERTEX_POINT('',#16275);
#16275 = CARTESIAN_POINT('',(168.5,-140.1,0.));
#16276 = CIRCLE('',#16277,1.6);
#16277 = AXIS2_PLACEMENT_3D('',#16278,#16279,#16280);
#16278 = CARTESIAN_POINT('',(168.5,-138.5,0.));
#16279 = DIRECTION('',(-0.,0.,-1.));
#16280 = DIRECTION('',(-0.,-1.,0.));
#16281 = FACE_BOUND('',#16282,.F.);
#16282 = EDGE_LOOP('',(#16283));
#16283 = ORIENTED_EDGE('',*,*,#16284,.T.);
#16284 = EDGE_CURVE('',#16285,#16285,#16287,.T.);
#16285 = VERTEX_POINT('',#16286);
#16286 = CARTESIAN_POINT('',(160.6,-127.81,0.));
#16287 = CIRCLE('',#16288,0.85);
#16288 = AXIS2_PLACEMENT_3D('',#16289,#16290,#16291);
#16289 = CARTESIAN_POINT('',(160.6,-126.96,0.));
#16290 = DIRECTION('',(-0.,0.,-1.));
#16291 = DIRECTION('',(-0.,-1.,0.));
#16292 = FACE_BOUND('',#16293,.F.);
#16293 = EDGE_LOOP('',(#16294));
#16294 = ORIENTED_EDGE('',*,*,#16295,.T.);
#16295 = EDGE_CURVE('',#16296,#16296,#16298,.T.);
#16296 = VERTEX_POINT('',#16297);
#16297 = CARTESIAN_POINT('',(103.5,-105.1,0.));
#16298 = CIRCLE('',#16299,1.6);
#16299 = AXIS2_PLACEMENT_3D('',#16300,#16301,#16302);
#16300 = CARTESIAN_POINT('',(103.5,-103.5,0.));
#16301 = DIRECTION('',(-0.,0.,-1.));
#16302 = DIRECTION('',(-0.,-1.,0.));
#16303 = FACE_BOUND('',#16304,.F.);
#16304 = EDGE_LOOP('',(#16305));
#16305 = ORIENTED_EDGE('',*,*,#16306,.T.);
#16306 = EDGE_CURVE('',#16307,#16307,#16309,.T.);
#16307 = VERTEX_POINT('',#16308);
#16308 = CARTESIAN_POINT('',(160.6,-123.85,0.));
#16309 = CIRCLE('',#16310,0.85);
#16310 = AXIS2_PLACEMENT_3D('',#16311,#16312,#16313);
#16311 = CARTESIAN_POINT('',(160.6,-123.,0.));
#16312 = DIRECTION('',(-0.,0.,-1.));
#16313 = DIRECTION('',(-0.,-1.,0.));
#16314 = FACE_BOUND('',#16315,.F.);
#16315 = EDGE_LOOP('',(#16316));
#16316 = ORIENTED_EDGE('',*,*,#16317,.T.);
#16317 = EDGE_CURVE('',#16318,#16318,#16320,.T.);
#16318 = VERTEX_POINT('',#16319);
#16319 = CARTESIAN_POINT('',(168.5,-105.1,0.));
#16320 = CIRCLE('',#16321,1.6);
#16321 = AXIS2_PLACEMENT_3D('',#16322,#16323,#16324);
#16322 = CARTESIAN_POINT('',(168.5,-103.5,0.));
#16323 = DIRECTION('',(-0.,0.,-1.));
#16324 = DIRECTION('',(-0.,-1.,0.));
#16325 = PLANE('',#16326);
#16326 = AXIS2_PLACEMENT_3D('',#16327,#16328,#16329);
#16327 = CARTESIAN_POINT('',(0.,0.,0.));
#16328 = DIRECTION('',(0.,0.,1.));
#16329 = DIRECTION('',(1.,0.,-0.));
#16330 = ADVANCED_FACE('',(#16331,#16377,#16388,#16399,#16410,#16421,
    #16432,#16443,#16454,#16465,#16476,#16487,#16498,#16509,#16520,
    #16531,#16542,#16553),#16564,.T.);
#16331 = FACE_BOUND('',#16332,.T.);
#16332 = EDGE_LOOP('',(#16333,#16334,#16335,#16344,#16352,#16361,#16369,
    #16376));
#16333 = ORIENTED_EDGE('',*,*,#16001,.F.);
#16334 = ORIENTED_EDGE('',*,*,#16043,.F.);
#16335 = ORIENTED_EDGE('',*,*,#16336,.F.);
#16336 = EDGE_CURVE('',#16337,#16036,#16339,.T.);
#16337 = VERTEX_POINT('',#16338);
#16338 = CARTESIAN_POINT('',(100.,-102.,1.51));
#16339 = CIRCLE('',#16340,1.99999850585);
#16340 = AXIS2_PLACEMENT_3D('',#16341,#16342,#16343);
#16341 = CARTESIAN_POINT('',(101.99999850585,-101.9999985058,1.51));
#16342 = DIRECTION('',(0.,0.,-1.));
#16343 = DIRECTION('',(-1.,-7.470757491648E-07,-0.));
#16344 = ORIENTED_EDGE('',*,*,#16345,.F.);
#16345 = EDGE_CURVE('',#16346,#16337,#16348,.T.);
#16346 = VERTEX_POINT('',#16347);
#16347 = CARTESIAN_POINT('',(100.,-154.,1.51));
#16348 = LINE('',#16349,#16350);
#16349 = CARTESIAN_POINT('',(100.,-154.,1.51));
#16350 = VECTOR('',#16351,1.);
#16351 = DIRECTION('',(0.,1.,0.));
#16352 = ORIENTED_EDGE('',*,*,#16353,.F.);
#16353 = EDGE_CURVE('',#16354,#16346,#16356,.T.);
#16354 = VERTEX_POINT('',#16355);
#16355 = CARTESIAN_POINT('',(102.,-156.,1.51));
#16356 = CIRCLE('',#16357,2.000000212955);
#16357 = AXIS2_PLACEMENT_3D('',#16358,#16359,#16360);
#16358 = CARTESIAN_POINT('',(102.00000021295,-153.999999787,1.51));
#16359 = DIRECTION('',(0.,0.,-1.));
#16360 = DIRECTION('',(-1.064773897809E-07,-1.,-0.));
#16361 = ORIENTED_EDGE('',*,*,#16362,.F.);
#16362 = EDGE_CURVE('',#16363,#16354,#16365,.T.);
#16363 = VERTEX_POINT('',#16364);
#16364 = CARTESIAN_POINT('',(170.,-156.,1.51));
#16365 = LINE('',#16366,#16367);
#16366 = CARTESIAN_POINT('',(170.,-156.,1.51));
#16367 = VECTOR('',#16368,1.);
#16368 = DIRECTION('',(-1.,0.,0.));
#16369 = ORIENTED_EDGE('',*,*,#16370,.F.);
#16370 = EDGE_CURVE('',#16066,#16363,#16371,.T.);
#16371 = CIRCLE('',#16372,2.000001920065);
#16372 = AXIS2_PLACEMENT_3D('',#16373,#16374,#16375);
#16373 = CARTESIAN_POINT('',(169.99999807993,-153.9999980799,1.51));
#16374 = DIRECTION('',(0.,0.,-1.));
#16375 = DIRECTION('',(1.,-9.600311321928E-07,0.));
#16376 = ORIENTED_EDGE('',*,*,#16065,.F.);
#16377 = FACE_BOUND('',#16378,.T.);
#16378 = EDGE_LOOP('',(#16379));
#16379 = ORIENTED_EDGE('',*,*,#16380,.T.);
#16380 = EDGE_CURVE('',#16381,#16381,#16383,.T.);
#16381 = VERTEX_POINT('',#16382);
#16382 = CARTESIAN_POINT('',(106.,-151.475,1.51));
#16383 = CIRCLE('',#16384,0.475);
#16384 = AXIS2_PLACEMENT_3D('',#16385,#16386,#16387);
#16385 = CARTESIAN_POINT('',(106.,-151.,1.51));
#16386 = DIRECTION('',(-0.,0.,-1.));
#16387 = DIRECTION('',(-0.,-1.,0.));
#16388 = FACE_BOUND('',#16389,.T.);
#16389 = EDGE_LOOP('',(#16390));
#16390 = ORIENTED_EDGE('',*,*,#16391,.T.);
#16391 = EDGE_CURVE('',#16392,#16392,#16394,.T.);
#16392 = VERTEX_POINT('',#16393);
#16393 = CARTESIAN_POINT('',(108.5,-151.475,1.51));
#16394 = CIRCLE('',#16395,0.475);
#16395 = AXIS2_PLACEMENT_3D('',#16396,#16397,#16398);
#16396 = CARTESIAN_POINT('',(108.5,-151.,1.51));
#16397 = DIRECTION('',(-0.,0.,-1.));
#16398 = DIRECTION('',(-0.,-1.,0.));
#16399 = FACE_BOUND('',#16400,.T.);
#16400 = EDGE_LOOP('',(#16401));
#16401 = ORIENTED_EDGE('',*,*,#16402,.T.);
#16402 = EDGE_CURVE('',#16403,#16403,#16405,.T.);
#16403 = VERTEX_POINT('',#16404);
#16404 = CARTESIAN_POINT('',(111.,-151.475,1.51));
#16405 = CIRCLE('',#16406,0.475);
#16406 = AXIS2_PLACEMENT_3D('',#16407,#16408,#16409);
#16407 = CARTESIAN_POINT('',(111.,-151.,1.51));
#16408 = DIRECTION('',(-0.,0.,-1.));
#16409 = DIRECTION('',(-0.,-1.,0.));
#16410 = FACE_BOUND('',#16411,.T.);
#16411 = EDGE_LOOP('',(#16412));
#16412 = ORIENTED_EDGE('',*,*,#16413,.T.);
#16413 = EDGE_CURVE('',#16414,#16414,#16416,.T.);
#16414 = VERTEX_POINT('',#16415);
#16415 = CARTESIAN_POINT('',(122.,-151.475,1.51));
#16416 = CIRCLE('',#16417,0.475);
#16417 = AXIS2_PLACEMENT_3D('',#16418,#16419,#16420);
#16418 = CARTESIAN_POINT('',(122.,-151.,1.51));
#16419 = DIRECTION('',(-0.,0.,-1.));
#16420 = DIRECTION('',(-0.,-1.,0.));
#16421 = FACE_BOUND('',#16422,.T.);
#16422 = EDGE_LOOP('',(#16423));
#16423 = ORIENTED_EDGE('',*,*,#16424,.T.);
#16424 = EDGE_CURVE('',#16425,#16425,#16427,.T.);
#16425 = VERTEX_POINT('',#16426);
#16426 = CARTESIAN_POINT('',(124.5,-151.475,1.51));
#16427 = CIRCLE('',#16428,0.475);
#16428 = AXIS2_PLACEMENT_3D('',#16429,#16430,#16431);
#16429 = CARTESIAN_POINT('',(124.5,-151.,1.51));
#16430 = DIRECTION('',(-0.,0.,-1.));
#16431 = DIRECTION('',(-0.,-1.,0.));
#16432 = FACE_BOUND('',#16433,.T.);
#16433 = EDGE_LOOP('',(#16434));
#16434 = ORIENTED_EDGE('',*,*,#16435,.T.);
#16435 = EDGE_CURVE('',#16436,#16436,#16438,.T.);
#16436 = VERTEX_POINT('',#16437);
#16437 = CARTESIAN_POINT('',(127.,-151.475,1.51));
#16438 = CIRCLE('',#16439,0.475);
#16439 = AXIS2_PLACEMENT_3D('',#16440,#16441,#16442);
#16440 = CARTESIAN_POINT('',(127.,-151.,1.51));
#16441 = DIRECTION('',(-0.,0.,-1.));
#16442 = DIRECTION('',(-0.,-1.,0.));
#16443 = FACE_BOUND('',#16444,.T.);
#16444 = EDGE_LOOP('',(#16445));
#16445 = ORIENTED_EDGE('',*,*,#16446,.T.);
#16446 = EDGE_CURVE('',#16447,#16447,#16449,.T.);
#16447 = VERTEX_POINT('',#16448);
#16448 = CARTESIAN_POINT('',(138.,-151.475,1.51));
#16449 = CIRCLE('',#16450,0.475);
#16450 = AXIS2_PLACEMENT_3D('',#16451,#16452,#16453);
#16451 = CARTESIAN_POINT('',(138.,-151.,1.51));
#16452 = DIRECTION('',(-0.,0.,-1.));
#16453 = DIRECTION('',(-0.,-1.,0.));
#16454 = FACE_BOUND('',#16455,.T.);
#16455 = EDGE_LOOP('',(#16456));
#16456 = ORIENTED_EDGE('',*,*,#16457,.T.);
#16457 = EDGE_CURVE('',#16458,#16458,#16460,.T.);
#16458 = VERTEX_POINT('',#16459);
#16459 = CARTESIAN_POINT('',(140.5,-151.475,1.51));
#16460 = CIRCLE('',#16461,0.475);
#16461 = AXIS2_PLACEMENT_3D('',#16462,#16463,#16464);
#16462 = CARTESIAN_POINT('',(140.5,-151.,1.51));
#16463 = DIRECTION('',(-0.,0.,-1.));
#16464 = DIRECTION('',(-0.,-1.,0.));
#16465 = FACE_BOUND('',#16466,.T.);
#16466 = EDGE_LOOP('',(#16467));
#16467 = ORIENTED_EDGE('',*,*,#16468,.T.);
#16468 = EDGE_CURVE('',#16469,#16469,#16471,.T.);
#16469 = VERTEX_POINT('',#16470);
#16470 = CARTESIAN_POINT('',(143.,-151.475,1.51));
#16471 = CIRCLE('',#16472,0.475);
#16472 = AXIS2_PLACEMENT_3D('',#16473,#16474,#16475);
#16473 = CARTESIAN_POINT('',(143.,-151.,1.51));
#16474 = DIRECTION('',(-0.,0.,-1.));
#16475 = DIRECTION('',(-0.,-1.,0.));
#16476 = FACE_BOUND('',#16477,.T.);
#16477 = EDGE_LOOP('',(#16478));
#16478 = ORIENTED_EDGE('',*,*,#16479,.T.);
#16479 = EDGE_CURVE('',#16480,#16480,#16482,.T.);
#16480 = VERTEX_POINT('',#16481);
#16481 = CARTESIAN_POINT('',(154.,-151.475,1.51));
#16482 = CIRCLE('',#16483,0.475);
#16483 = AXIS2_PLACEMENT_3D('',#16484,#16485,#16486);
#16484 = CARTESIAN_POINT('',(154.,-151.,1.51));
#16485 = DIRECTION('',(-0.,0.,-1.));
#16486 = DIRECTION('',(-0.,-1.,0.));
#16487 = FACE_BOUND('',#16488,.T.);
#16488 = EDGE_LOOP('',(#16489));
#16489 = ORIENTED_EDGE('',*,*,#16490,.T.);
#16490 = EDGE_CURVE('',#16491,#16491,#16493,.T.);
#16491 = VERTEX_POINT('',#16492);
#16492 = CARTESIAN_POINT('',(156.5,-151.475,1.51));
#16493 = CIRCLE('',#16494,0.475);
#16494 = AXIS2_PLACEMENT_3D('',#16495,#16496,#16497);
#16495 = CARTESIAN_POINT('',(156.5,-151.,1.51));
#16496 = DIRECTION('',(-0.,0.,-1.));
#16497 = DIRECTION('',(-0.,-1.,0.));
#16498 = FACE_BOUND('',#16499,.T.);
#16499 = EDGE_LOOP('',(#16500));
#16500 = ORIENTED_EDGE('',*,*,#16501,.T.);
#16501 = EDGE_CURVE('',#16502,#16502,#16504,.T.);
#16502 = VERTEX_POINT('',#16503);
#16503 = CARTESIAN_POINT('',(159.,-151.475,1.51));
#16504 = CIRCLE('',#16505,0.475);
#16505 = AXIS2_PLACEMENT_3D('',#16506,#16507,#16508);
#16506 = CARTESIAN_POINT('',(159.,-151.,1.51));
#16507 = DIRECTION('',(-0.,0.,-1.));
#16508 = DIRECTION('',(-0.,-1.,0.));
#16509 = FACE_BOUND('',#16510,.T.);
#16510 = EDGE_LOOP('',(#16511));
#16511 = ORIENTED_EDGE('',*,*,#16512,.T.);
#16512 = EDGE_CURVE('',#16513,#16513,#16515,.T.);
#16513 = VERTEX_POINT('',#16514);
#16514 = CARTESIAN_POINT('',(168.5,-140.1,1.51));
#16515 = CIRCLE('',#16516,1.6);
#16516 = AXIS2_PLACEMENT_3D('',#16517,#16518,#16519);
#16517 = CARTESIAN_POINT('',(168.5,-138.5,1.51));
#16518 = DIRECTION('',(-0.,0.,-1.));
#16519 = DIRECTION('',(-0.,-1.,0.));
#16520 = FACE_BOUND('',#16521,.T.);
#16521 = EDGE_LOOP('',(#16522));
#16522 = ORIENTED_EDGE('',*,*,#16523,.T.);
#16523 = EDGE_CURVE('',#16524,#16524,#16526,.T.);
#16524 = VERTEX_POINT('',#16525);
#16525 = CARTESIAN_POINT('',(160.6,-127.81,1.51));
#16526 = CIRCLE('',#16527,0.85);
#16527 = AXIS2_PLACEMENT_3D('',#16528,#16529,#16530);
#16528 = CARTESIAN_POINT('',(160.6,-126.96,1.51));
#16529 = DIRECTION('',(-0.,0.,-1.));
#16530 = DIRECTION('',(-0.,-1.,0.));
#16531 = FACE_BOUND('',#16532,.T.);
#16532 = EDGE_LOOP('',(#16533));
#16533 = ORIENTED_EDGE('',*,*,#16534,.T.);
#16534 = EDGE_CURVE('',#16535,#16535,#16537,.T.);
#16535 = VERTEX_POINT('',#16536);
#16536 = CARTESIAN_POINT('',(103.5,-105.1,1.51));
#16537 = CIRCLE('',#16538,1.6);
#16538 = AXIS2_PLACEMENT_3D('',#16539,#16540,#16541);
#16539 = CARTESIAN_POINT('',(103.5,-103.5,1.51));
#16540 = DIRECTION('',(-0.,0.,-1.));
#16541 = DIRECTION('',(-0.,-1.,0.));
#16542 = FACE_BOUND('',#16543,.T.);
#16543 = EDGE_LOOP('',(#16544));
#16544 = ORIENTED_EDGE('',*,*,#16545,.T.);
#16545 = EDGE_CURVE('',#16546,#16546,#16548,.T.);
#16546 = VERTEX_POINT('',#16547);
#16547 = CARTESIAN_POINT('',(160.6,-123.85,1.51));
#16548 = CIRCLE('',#16549,0.85);
#16549 = AXIS2_PLACEMENT_3D('',#16550,#16551,#16552);
#16550 = CARTESIAN_POINT('',(160.6,-123.,1.51));
#16551 = DIRECTION('',(-0.,0.,-1.));
#16552 = DIRECTION('',(-0.,-1.,0.));
#16553 = FACE_BOUND('',#16554,.T.);
#16554 = EDGE_LOOP('',(#16555));
#16555 = ORIENTED_EDGE('',*,*,#16556,.T.);
#16556 = EDGE_CURVE('',#16557,#16557,#16559,.T.);
#16557 = VERTEX_POINT('',#16558);
#16558 = CARTESIAN_POINT('',(168.5,-105.1,1.51));
#16559 = CIRCLE('',#16560,1.6);
#16560 = AXIS2_PLACEMENT_3D('',#16561,#16562,#16563);
#16561 = CARTESIAN_POINT('',(168.5,-103.5,1.51));
#16562 = DIRECTION('',(-0.,0.,-1.));
#16563 = DIRECTION('',(-0.,-1.,0.));
#16564 = PLANE('',#16565);
#16565 = AXIS2_PLACEMENT_3D('',#16566,#16567,#16568);
#16566 = CARTESIAN_POINT('',(0.,0.,1.51));
#16567 = DIRECTION('',(0.,0.,1.));
#16568 = DIRECTION('',(1.,0.,-0.));
#16569 = ADVANCED_FACE('',(#16570),#16581,.T.);
#16570 = FACE_BOUND('',#16571,.T.);
#16571 = EDGE_LOOP('',(#16572,#16578,#16579,#16580));
#16572 = ORIENTED_EDGE('',*,*,#16573,.T.);
#16573 = EDGE_CURVE('',#16098,#16337,#16574,.T.);
#16574 = LINE('',#16575,#16576);
#16575 = CARTESIAN_POINT('',(100.,-102.,0.));
#16576 = VECTOR('',#16577,1.);
#16577 = DIRECTION('',(0.,0.,1.));
#16578 = ORIENTED_EDGE('',*,*,#16336,.T.);
#16579 = ORIENTED_EDGE('',*,*,#16033,.F.);
#16580 = ORIENTED_EDGE('',*,*,#16097,.F.);
#16581 = CYLINDRICAL_SURFACE('',#16582,1.99999850585);
#16582 = AXIS2_PLACEMENT_3D('',#16583,#16584,#16585);
#16583 = CARTESIAN_POINT('',(101.99999850585,-101.9999985058,0.));
#16584 = DIRECTION('',(0.,0.,-1.));
#16585 = DIRECTION('',(-1.,-7.470757491648E-07,-0.));
#16586 = ADVANCED_FACE('',(#16587),#16598,.T.);
#16587 = FACE_BOUND('',#16588,.T.);
#16588 = EDGE_LOOP('',(#16589,#16590,#16591,#16597));
#16589 = ORIENTED_EDGE('',*,*,#16073,.T.);
#16590 = ORIENTED_EDGE('',*,*,#16370,.T.);
#16591 = ORIENTED_EDGE('',*,*,#16592,.F.);
#16592 = EDGE_CURVE('',#16124,#16363,#16593,.T.);
#16593 = LINE('',#16594,#16595);
#16594 = CARTESIAN_POINT('',(170.,-156.,0.));
#16595 = VECTOR('',#16596,1.);
#16596 = DIRECTION('',(0.,0.,1.));
#16597 = ORIENTED_EDGE('',*,*,#16131,.F.);
#16598 = CYLINDRICAL_SURFACE('',#16599,2.000001920065);
#16599 = AXIS2_PLACEMENT_3D('',#16600,#16601,#16602);
#16600 = CARTESIAN_POINT('',(169.99999807993,-153.9999980799,0.));
#16601 = DIRECTION('',(0.,0.,-1.));
#16602 = DIRECTION('',(1.,-9.600311321928E-07,0.));
#16603 = ADVANCED_FACE('',(#16604),#16615,.T.);
#16604 = FACE_BOUND('',#16605,.T.);
#16605 = EDGE_LOOP('',(#16606,#16612,#16613,#16614));
#16606 = ORIENTED_EDGE('',*,*,#16607,.T.);
#16607 = EDGE_CURVE('',#16107,#16346,#16608,.T.);
#16608 = LINE('',#16609,#16610);
#16609 = CARTESIAN_POINT('',(100.,-154.,0.));
#16610 = VECTOR('',#16611,1.);
#16611 = DIRECTION('',(0.,0.,1.));
#16612 = ORIENTED_EDGE('',*,*,#16345,.T.);
#16613 = ORIENTED_EDGE('',*,*,#16573,.F.);
#16614 = ORIENTED_EDGE('',*,*,#16106,.F.);
#16615 = PLANE('',#16616);
#16616 = AXIS2_PLACEMENT_3D('',#16617,#16618,#16619);
#16617 = CARTESIAN_POINT('',(100.,-154.,0.));
#16618 = DIRECTION('',(-1.,0.,0.));
#16619 = DIRECTION('',(0.,1.,0.));
#16620 = ADVANCED_FACE('',(#16621),#16632,.T.);
#16621 = FACE_BOUND('',#16622,.T.);
#16622 = EDGE_LOOP('',(#16623,#16624,#16625,#16631));
#16623 = ORIENTED_EDGE('',*,*,#16592,.T.);
#16624 = ORIENTED_EDGE('',*,*,#16362,.T.);
#16625 = ORIENTED_EDGE('',*,*,#16626,.F.);
#16626 = EDGE_CURVE('',#16115,#16354,#16627,.T.);
#16627 = LINE('',#16628,#16629);
#16628 = CARTESIAN_POINT('',(102.,-156.,0.));
#16629 = VECTOR('',#16630,1.);
#16630 = DIRECTION('',(0.,0.,1.));
#16631 = ORIENTED_EDGE('',*,*,#16123,.F.);
#16632 = PLANE('',#16633);
#16633 = AXIS2_PLACEMENT_3D('',#16634,#16635,#16636);
#16634 = CARTESIAN_POINT('',(170.,-156.,0.));
#16635 = DIRECTION('',(0.,-1.,0.));
#16636 = DIRECTION('',(-1.,0.,0.));
#16637 = ADVANCED_FACE('',(#16638),#16644,.T.);
#16638 = FACE_BOUND('',#16639,.T.);
#16639 = EDGE_LOOP('',(#16640,#16641,#16642,#16643));
#16640 = ORIENTED_EDGE('',*,*,#16626,.T.);
#16641 = ORIENTED_EDGE('',*,*,#16353,.T.);
#16642 = ORIENTED_EDGE('',*,*,#16607,.F.);
#16643 = ORIENTED_EDGE('',*,*,#16114,.F.);
#16644 = CYLINDRICAL_SURFACE('',#16645,2.000000212955);
#16645 = AXIS2_PLACEMENT_3D('',#16646,#16647,#16648);
#16646 = CARTESIAN_POINT('',(102.00000021295,-153.999999787,0.));
#16647 = DIRECTION('',(0.,0.,-1.));
#16648 = DIRECTION('',(-1.064773897809E-07,-1.,-0.));
#16649 = ADVANCED_FACE('',(#16650),#16661,.F.);
#16650 = FACE_BOUND('',#16651,.T.);
#16651 = EDGE_LOOP('',(#16652,#16653,#16659,#16660));
#16652 = ORIENTED_EDGE('',*,*,#16141,.T.);
#16653 = ORIENTED_EDGE('',*,*,#16654,.T.);
#16654 = EDGE_CURVE('',#16142,#16381,#16655,.T.);
#16655 = LINE('',#16656,#16657);
#16656 = CARTESIAN_POINT('',(106.,-151.475,-4.6E-02));
#16657 = VECTOR('',#16658,1.);
#16658 = DIRECTION('',(0.,0.,1.));
#16659 = ORIENTED_EDGE('',*,*,#16380,.F.);
#16660 = ORIENTED_EDGE('',*,*,#16654,.F.);
#16661 = CYLINDRICAL_SURFACE('',#16662,0.475);
#16662 = AXIS2_PLACEMENT_3D('',#16663,#16664,#16665);
#16663 = CARTESIAN_POINT('',(106.,-151.,-4.6E-02));
#16664 = DIRECTION('',(-0.,-0.,-1.));
#16665 = DIRECTION('',(-0.,-1.,0.));
#16666 = ADVANCED_FACE('',(#16667),#16678,.F.);
#16667 = FACE_BOUND('',#16668,.T.);
#16668 = EDGE_LOOP('',(#16669,#16670,#16676,#16677));
#16669 = ORIENTED_EDGE('',*,*,#16152,.T.);
#16670 = ORIENTED_EDGE('',*,*,#16671,.T.);
#16671 = EDGE_CURVE('',#16153,#16392,#16672,.T.);
#16672 = LINE('',#16673,#16674);
#16673 = CARTESIAN_POINT('',(108.5,-151.475,-4.6E-02));
#16674 = VECTOR('',#16675,1.);
#16675 = DIRECTION('',(0.,0.,1.));
#16676 = ORIENTED_EDGE('',*,*,#16391,.F.);
#16677 = ORIENTED_EDGE('',*,*,#16671,.F.);
#16678 = CYLINDRICAL_SURFACE('',#16679,0.475);
#16679 = AXIS2_PLACEMENT_3D('',#16680,#16681,#16682);
#16680 = CARTESIAN_POINT('',(108.5,-151.,-4.6E-02));
#16681 = DIRECTION('',(-0.,-0.,-1.));
#16682 = DIRECTION('',(-0.,-1.,0.));
#16683 = ADVANCED_FACE('',(#16684),#16695,.F.);
#16684 = FACE_BOUND('',#16685,.T.);
#16685 = EDGE_LOOP('',(#16686,#16687,#16693,#16694));
#16686 = ORIENTED_EDGE('',*,*,#16163,.T.);
#16687 = ORIENTED_EDGE('',*,*,#16688,.T.);
#16688 = EDGE_CURVE('',#16164,#16403,#16689,.T.);
#16689 = LINE('',#16690,#16691);
#16690 = CARTESIAN_POINT('',(111.,-151.475,-4.6E-02));
#16691 = VECTOR('',#16692,1.);
#16692 = DIRECTION('',(0.,0.,1.));
#16693 = ORIENTED_EDGE('',*,*,#16402,.F.);
#16694 = ORIENTED_EDGE('',*,*,#16688,.F.);
#16695 = CYLINDRICAL_SURFACE('',#16696,0.475);
#16696 = AXIS2_PLACEMENT_3D('',#16697,#16698,#16699);
#16697 = CARTESIAN_POINT('',(111.,-151.,-4.6E-02));
#16698 = DIRECTION('',(-0.,-0.,-1.));
#16699 = DIRECTION('',(-0.,-1.,0.));
#16700 = ADVANCED_FACE('',(#16701),#16712,.F.);
#16701 = FACE_BOUND('',#16702,.T.);
#16702 = EDGE_LOOP('',(#16703,#16704,#16710,#16711));
#16703 = ORIENTED_EDGE('',*,*,#16174,.T.);
#16704 = ORIENTED_EDGE('',*,*,#16705,.T.);
#16705 = EDGE_CURVE('',#16175,#16414,#16706,.T.);
#16706 = LINE('',#16707,#16708);
#16707 = CARTESIAN_POINT('',(122.,-151.475,-4.6E-02));
#16708 = VECTOR('',#16709,1.);
#16709 = DIRECTION('',(0.,0.,1.));
#16710 = ORIENTED_EDGE('',*,*,#16413,.F.);
#16711 = ORIENTED_EDGE('',*,*,#16705,.F.);
#16712 = CYLINDRICAL_SURFACE('',#16713,0.475);
#16713 = AXIS2_PLACEMENT_3D('',#16714,#16715,#16716);
#16714 = CARTESIAN_POINT('',(122.,-151.,-4.6E-02));
#16715 = DIRECTION('',(-0.,-0.,-1.));
#16716 = DIRECTION('',(-0.,-1.,0.));
#16717 = ADVANCED_FACE('',(#16718),#16729,.F.);
#16718 = FACE_BOUND('',#16719,.T.);
#16719 = EDGE_LOOP('',(#16720,#16721,#16727,#16728));
#16720 = ORIENTED_EDGE('',*,*,#16185,.T.);
#16721 = ORIENTED_EDGE('',*,*,#16722,.T.);
#16722 = EDGE_CURVE('',#16186,#16425,#16723,.T.);
#16723 = LINE('',#16724,#16725);
#16724 = CARTESIAN_POINT('',(124.5,-151.475,-4.6E-02));
#16725 = VECTOR('',#16726,1.);
#16726 = DIRECTION('',(0.,0.,1.));
#16727 = ORIENTED_EDGE('',*,*,#16424,.F.);
#16728 = ORIENTED_EDGE('',*,*,#16722,.F.);
#16729 = CYLINDRICAL_SURFACE('',#16730,0.475);
#16730 = AXIS2_PLACEMENT_3D('',#16731,#16732,#16733);
#16731 = CARTESIAN_POINT('',(124.5,-151.,-4.6E-02));
#16732 = DIRECTION('',(-0.,-0.,-1.));
#16733 = DIRECTION('',(-0.,-1.,0.));
#16734 = ADVANCED_FACE('',(#16735),#16746,.F.);
#16735 = FACE_BOUND('',#16736,.T.);
#16736 = EDGE_LOOP('',(#16737,#16738,#16744,#16745));
#16737 = ORIENTED_EDGE('',*,*,#16196,.T.);
#16738 = ORIENTED_EDGE('',*,*,#16739,.T.);
#16739 = EDGE_CURVE('',#16197,#16436,#16740,.T.);
#16740 = LINE('',#16741,#16742);
#16741 = CARTESIAN_POINT('',(127.,-151.475,-4.6E-02));
#16742 = VECTOR('',#16743,1.);
#16743 = DIRECTION('',(0.,0.,1.));
#16744 = ORIENTED_EDGE('',*,*,#16435,.F.);
#16745 = ORIENTED_EDGE('',*,*,#16739,.F.);
#16746 = CYLINDRICAL_SURFACE('',#16747,0.475);
#16747 = AXIS2_PLACEMENT_3D('',#16748,#16749,#16750);
#16748 = CARTESIAN_POINT('',(127.,-151.,-4.6E-02));
#16749 = DIRECTION('',(-0.,-0.,-1.));
#16750 = DIRECTION('',(-0.,-1.,0.));
#16751 = ADVANCED_FACE('',(#16752),#16763,.F.);
#16752 = FACE_BOUND('',#16753,.T.);
#16753 = EDGE_LOOP('',(#16754,#16755,#16761,#16762));
#16754 = ORIENTED_EDGE('',*,*,#16207,.T.);
#16755 = ORIENTED_EDGE('',*,*,#16756,.T.);
#16756 = EDGE_CURVE('',#16208,#16447,#16757,.T.);
#16757 = LINE('',#16758,#16759);
#16758 = CARTESIAN_POINT('',(138.,-151.475,-4.6E-02));
#16759 = VECTOR('',#16760,1.);
#16760 = DIRECTION('',(0.,0.,1.));
#16761 = ORIENTED_EDGE('',*,*,#16446,.F.);
#16762 = ORIENTED_EDGE('',*,*,#16756,.F.);
#16763 = CYLINDRICAL_SURFACE('',#16764,0.475);
#16764 = AXIS2_PLACEMENT_3D('',#16765,#16766,#16767);
#16765 = CARTESIAN_POINT('',(138.,-151.,-4.6E-02));
#16766 = DIRECTION('',(-0.,-0.,-1.));
#16767 = DIRECTION('',(-0.,-1.,0.));
#16768 = ADVANCED_FACE('',(#16769),#16780,.F.);
#16769 = FACE_BOUND('',#16770,.T.);
#16770 = EDGE_LOOP('',(#16771,#16772,#16778,#16779));
#16771 = ORIENTED_EDGE('',*,*,#16218,.T.);
#16772 = ORIENTED_EDGE('',*,*,#16773,.T.);
#16773 = EDGE_CURVE('',#16219,#16458,#16774,.T.);
#16774 = LINE('',#16775,#16776);
#16775 = CARTESIAN_POINT('',(140.5,-151.475,-4.6E-02));
#16776 = VECTOR('',#16777,1.);
#16777 = DIRECTION('',(0.,0.,1.));
#16778 = ORIENTED_EDGE('',*,*,#16457,.F.);
#16779 = ORIENTED_EDGE('',*,*,#16773,.F.);
#16780 = CYLINDRICAL_SURFACE('',#16781,0.475);
#16781 = AXIS2_PLACEMENT_3D('',#16782,#16783,#16784);
#16782 = CARTESIAN_POINT('',(140.5,-151.,-4.6E-02));
#16783 = DIRECTION('',(-0.,-0.,-1.));
#16784 = DIRECTION('',(-0.,-1.,0.));
#16785 = ADVANCED_FACE('',(#16786),#16797,.F.);
#16786 = FACE_BOUND('',#16787,.T.);
#16787 = EDGE_LOOP('',(#16788,#16789,#16795,#16796));
#16788 = ORIENTED_EDGE('',*,*,#16229,.T.);
#16789 = ORIENTED_EDGE('',*,*,#16790,.T.);
#16790 = EDGE_CURVE('',#16230,#16469,#16791,.T.);
#16791 = LINE('',#16792,#16793);
#16792 = CARTESIAN_POINT('',(143.,-151.475,-4.6E-02));
#16793 = VECTOR('',#16794,1.);
#16794 = DIRECTION('',(0.,0.,1.));
#16795 = ORIENTED_EDGE('',*,*,#16468,.F.);
#16796 = ORIENTED_EDGE('',*,*,#16790,.F.);
#16797 = CYLINDRICAL_SURFACE('',#16798,0.475);
#16798 = AXIS2_PLACEMENT_3D('',#16799,#16800,#16801);
#16799 = CARTESIAN_POINT('',(143.,-151.,-4.6E-02));
#16800 = DIRECTION('',(-0.,-0.,-1.));
#16801 = DIRECTION('',(-0.,-1.,0.));
#16802 = ADVANCED_FACE('',(#16803),#16814,.F.);
#16803 = FACE_BOUND('',#16804,.T.);
#16804 = EDGE_LOOP('',(#16805,#16806,#16812,#16813));
#16805 = ORIENTED_EDGE('',*,*,#16240,.T.);
#16806 = ORIENTED_EDGE('',*,*,#16807,.T.);
#16807 = EDGE_CURVE('',#16241,#16480,#16808,.T.);
#16808 = LINE('',#16809,#16810);
#16809 = CARTESIAN_POINT('',(154.,-151.475,-4.6E-02));
#16810 = VECTOR('',#16811,1.);
#16811 = DIRECTION('',(0.,0.,1.));
#16812 = ORIENTED_EDGE('',*,*,#16479,.F.);
#16813 = ORIENTED_EDGE('',*,*,#16807,.F.);
#16814 = CYLINDRICAL_SURFACE('',#16815,0.475);
#16815 = AXIS2_PLACEMENT_3D('',#16816,#16817,#16818);
#16816 = CARTESIAN_POINT('',(154.,-151.,-4.6E-02));
#16817 = DIRECTION('',(-0.,-0.,-1.));
#16818 = DIRECTION('',(-0.,-1.,0.));
#16819 = ADVANCED_FACE('',(#16820),#16831,.F.);
#16820 = FACE_BOUND('',#16821,.T.);
#16821 = EDGE_LOOP('',(#16822,#16823,#16829,#16830));
#16822 = ORIENTED_EDGE('',*,*,#16251,.T.);
#16823 = ORIENTED_EDGE('',*,*,#16824,.T.);
#16824 = EDGE_CURVE('',#16252,#16491,#16825,.T.);
#16825 = LINE('',#16826,#16827);
#16826 = CARTESIAN_POINT('',(156.5,-151.475,-4.6E-02));
#16827 = VECTOR('',#16828,1.);
#16828 = DIRECTION('',(0.,0.,1.));
#16829 = ORIENTED_EDGE('',*,*,#16490,.F.);
#16830 = ORIENTED_EDGE('',*,*,#16824,.F.);
#16831 = CYLINDRICAL_SURFACE('',#16832,0.475);
#16832 = AXIS2_PLACEMENT_3D('',#16833,#16834,#16835);
#16833 = CARTESIAN_POINT('',(156.5,-151.,-4.6E-02));
#16834 = DIRECTION('',(-0.,-0.,-1.));
#16835 = DIRECTION('',(-0.,-1.,0.));
#16836 = ADVANCED_FACE('',(#16837),#16848,.F.);
#16837 = FACE_BOUND('',#16838,.T.);
#16838 = EDGE_LOOP('',(#16839,#16840,#16846,#16847));
#16839 = ORIENTED_EDGE('',*,*,#16262,.T.);
#16840 = ORIENTED_EDGE('',*,*,#16841,.T.);
#16841 = EDGE_CURVE('',#16263,#16502,#16842,.T.);
#16842 = LINE('',#16843,#16844);
#16843 = CARTESIAN_POINT('',(159.,-151.475,-4.6E-02));
#16844 = VECTOR('',#16845,1.);
#16845 = DIRECTION('',(0.,0.,1.));
#16846 = ORIENTED_EDGE('',*,*,#16501,.F.);
#16847 = ORIENTED_EDGE('',*,*,#16841,.F.);
#16848 = CYLINDRICAL_SURFACE('',#16849,0.475);
#16849 = AXIS2_PLACEMENT_3D('',#16850,#16851,#16852);
#16850 = CARTESIAN_POINT('',(159.,-151.,-4.6E-02));
#16851 = DIRECTION('',(-0.,-0.,-1.));
#16852 = DIRECTION('',(-0.,-1.,0.));
#16853 = ADVANCED_FACE('',(#16854),#16865,.F.);
#16854 = FACE_BOUND('',#16855,.T.);
#16855 = EDGE_LOOP('',(#16856,#16857,#16863,#16864));
#16856 = ORIENTED_EDGE('',*,*,#16273,.T.);
#16857 = ORIENTED_EDGE('',*,*,#16858,.T.);
#16858 = EDGE_CURVE('',#16274,#16513,#16859,.T.);
#16859 = LINE('',#16860,#16861);
#16860 = CARTESIAN_POINT('',(168.5,-140.1,-4.6E-02));
#16861 = VECTOR('',#16862,1.);
#16862 = DIRECTION('',(0.,0.,1.));
#16863 = ORIENTED_EDGE('',*,*,#16512,.F.);
#16864 = ORIENTED_EDGE('',*,*,#16858,.F.);
#16865 = CYLINDRICAL_SURFACE('',#16866,1.6);
#16866 = AXIS2_PLACEMENT_3D('',#16867,#16868,#16869);
#16867 = CARTESIAN_POINT('',(168.5,-138.5,-4.6E-02));
#16868 = DIRECTION('',(-0.,-0.,-1.));
#16869 = DIRECTION('',(-0.,-1.,0.));
#16870 = ADVANCED_FACE('',(#16871),#16882,.F.);
#16871 = FACE_BOUND('',#16872,.T.);
#16872 = EDGE_LOOP('',(#16873,#16874,#16880,#16881));
#16873 = ORIENTED_EDGE('',*,*,#16284,.T.);
#16874 = ORIENTED_EDGE('',*,*,#16875,.T.);
#16875 = EDGE_CURVE('',#16285,#16524,#16876,.T.);
#16876 = LINE('',#16877,#16878);
#16877 = CARTESIAN_POINT('',(160.6,-127.81,-4.6E-02));
#16878 = VECTOR('',#16879,1.);
#16879 = DIRECTION('',(0.,0.,1.));
#16880 = ORIENTED_EDGE('',*,*,#16523,.F.);
#16881 = ORIENTED_EDGE('',*,*,#16875,.F.);
#16882 = CYLINDRICAL_SURFACE('',#16883,0.85);
#16883 = AXIS2_PLACEMENT_3D('',#16884,#16885,#16886);
#16884 = CARTESIAN_POINT('',(160.6,-126.96,-4.6E-02));
#16885 = DIRECTION('',(-0.,-0.,-1.));
#16886 = DIRECTION('',(-0.,-1.,0.));
#16887 = ADVANCED_FACE('',(#16888),#16899,.F.);
#16888 = FACE_BOUND('',#16889,.T.);
#16889 = EDGE_LOOP('',(#16890,#16891,#16897,#16898));
#16890 = ORIENTED_EDGE('',*,*,#16295,.T.);
#16891 = ORIENTED_EDGE('',*,*,#16892,.T.);
#16892 = EDGE_CURVE('',#16296,#16535,#16893,.T.);
#16893 = LINE('',#16894,#16895);
#16894 = CARTESIAN_POINT('',(103.5,-105.1,-4.6E-02));
#16895 = VECTOR('',#16896,1.);
#16896 = DIRECTION('',(0.,0.,1.));
#16897 = ORIENTED_EDGE('',*,*,#16534,.F.);
#16898 = ORIENTED_EDGE('',*,*,#16892,.F.);
#16899 = CYLINDRICAL_SURFACE('',#16900,1.6);
#16900 = AXIS2_PLACEMENT_3D('',#16901,#16902,#16903);
#16901 = CARTESIAN_POINT('',(103.5,-103.5,-4.6E-02));
#16902 = DIRECTION('',(-0.,-0.,-1.));
#16903 = DIRECTION('',(-0.,-1.,0.));
#16904 = ADVANCED_FACE('',(#16905),#16916,.F.);
#16905 = FACE_BOUND('',#16906,.T.);
#16906 = EDGE_LOOP('',(#16907,#16908,#16914,#16915));
#16907 = ORIENTED_EDGE('',*,*,#16306,.T.);
#16908 = ORIENTED_EDGE('',*,*,#16909,.T.);
#16909 = EDGE_CURVE('',#16307,#16546,#16910,.T.);
#16910 = LINE('',#16911,#16912);
#16911 = CARTESIAN_POINT('',(160.6,-123.85,-4.6E-02));
#16912 = VECTOR('',#16913,1.);
#16913 = DIRECTION('',(0.,0.,1.));
#16914 = ORIENTED_EDGE('',*,*,#16545,.F.);
#16915 = ORIENTED_EDGE('',*,*,#16909,.F.);
#16916 = CYLINDRICAL_SURFACE('',#16917,0.85);
#16917 = AXIS2_PLACEMENT_3D('',#16918,#16919,#16920);
#16918 = CARTESIAN_POINT('',(160.6,-123.,-4.6E-02));
#16919 = DIRECTION('',(-0.,-0.,-1.));
#16920 = DIRECTION('',(-0.,-1.,0.));
#16921 = ADVANCED_FACE('',(#16922),#16933,.F.);
#16922 = FACE_BOUND('',#16923,.T.);
#16923 = EDGE_LOOP('',(#16924,#16925,#16931,#16932));
#16924 = ORIENTED_EDGE('',*,*,#16317,.T.);
#16925 = ORIENTED_EDGE('',*,*,#16926,.T.);
#16926 = EDGE_CURVE('',#16318,#16557,#16927,.T.);
#16927 = LINE('',#16928,#16929);
#16928 = CARTESIAN_POINT('',(168.5,-105.1,-4.6E-02));
#16929 = VECTOR('',#16930,1.);
#16930 = DIRECTION('',(0.,0.,1.));
#16931 = ORIENTED_EDGE('',*,*,#16556,.F.);
#16932 = ORIENTED_EDGE('',*,*,#16926,.F.);
#16933 = CYLINDRICAL_SURFACE('',#16934,1.6);
#16934 = AXIS2_PLACEMENT_3D('',#16935,#16936,#16937);
#16935 = CARTESIAN_POINT('',(168.5,-103.5,-4.6E-02));
#16936 = DIRECTION('',(-0.,-0.,-1.));
#16937 = DIRECTION('',(-0.,-1.,0.));
#16938 = ( GEOMETRIC_REPRESENTATION_CONTEXT(3) 
GLOBAL_UNCERTAINTY_ASSIGNED_CONTEXT((#16942)) 
GLOBAL_UNIT_ASSIGNED_CONTEXT((#16939,#16940,#16941)) 
REPRESENTATION_CONTEXT('Context #1',
  '3D Context with UNIT and UNCERTAINTY') );
#16939 = ( LENGTH_UNIT() NAMED_UNIT(*) SI_UNIT(.MILLI.,.METRE.) );
#16940 = ( NAMED_UNIT(*) PLANE_ANGLE_UNIT() SI_UNIT($,.RADIAN.) );
#16941 = ( NAMED_UNIT(*) SI_UNIT($,.STERADIAN.) SOLID_ANGLE_UNIT() );
#16942 = UNCERTAINTY_MEASURE_WITH_UNIT(LENGTH_MEASURE(1.E-07),#16939,
  'distance_accuracy_value','confusion accuracy');
#16943 = CONTEXT_DEPENDENT_SHAPE_REPRESENTATION(#16944,#16946);
#16944 = ( REPRESENTATION_RELATIONSHIP('','',#15984,#10) 
REPRESENTATION_RELATIONSHIP_WITH_TRANSFORMATION(#16945) 
SHAPE_REPRESENTATION_RELATIONSHIP() );
#16945 = ITEM_DEFINED_TRANSFORMATION('','',#11,#135);
#16946 = PRODUCT_DEFINITION_SHAPE('Placement','Placement of an item',
  #16947);
#16947 = NEXT_ASSEMBLY_USAGE_OCCURRENCE('31','=>[0:1:1:11]','',#5,#15979
  ,$);
#16948 = PRODUCT_RELATED_PRODUCT_CATEGORY('part',$,(#15981));
#16949 = MECHANICAL_DESIGN_GEOMETRIC_PRESENTATION_REPRESENTATION('',(
    #16950),#16938);
#16950 = STYLED_ITEM('color',(#16951),#15985);
#16951 = PRESENTATION_STYLE_ASSIGNMENT((#16952));
#16952 = SURFACE_STYLE_USAGE(.BOTH.,#16953);
#16953 = SURFACE_SIDE_STYLE('',(#16954));
#16954 = SURFACE_STYLE_FILL_AREA(#16955);
#16955 = FILL_AREA_STYLE('',(#16956));
#16956 = FILL_AREA_STYLE_COLOUR('',#16957);
#16957 = COLOUR_RGB('',0.313304153717,0.484529207832,0.410020903123);
ENDSEC;
END-ISO-10303-21;
